[2026-08-24T13:51:03.380+0000] {processor.py:161} INFO - Started process (PID=107) to work on /home/airflow/.local/lib/python3.12/site-packages/airflow/example_dags/example_datasets.py
[2026-08-24T13:51:03.382+0000] {processor.py:830} INFO - Processing file /home/airflow/.local/lib/python3.12/site-packages/airflow/example_dags/example_datasets.py for tasks to queue
[2026-08-24T13:51:03.385+0000] {logging_mixin.py:188} INFO - [2026-08-24T13:51:03.384+0000] {dagbag.py:545} INFO - Filling up the DagBag from /home/airflow/.local/lib/python3.12/site-packages/airflow/example_dags/example_datasets.py
[2026-08-24T13:51:03.419+0000] {processor.py:840} INFO - DAG(s) 'dataset_consumes_1', 'conditional_dataset_and_time_based_timetable', 'consume_1_or_2_with_dataset_expressions', 'dataset_consumes_1_and_2', 'dataset_produces_1', 'consume_1_and_2_with_dataset_expressions', 'dataset_consumes_1_never_scheduled', 'consume_1_or_both_2_and_3_with_dataset_expressions', 'dataset_consumes_unknown_never_scheduled', 'dataset_produces_2' retrieved from /home/airflow/.local/lib/python3.12/site-packages/airflow/example_dags/example_datasets.py
[2026-08-24T13:51:03.703+0000] {logging_mixin.py:188} INFO - [2026-08-24T13:51:03.703+0000] {dag.py:3096} INFO - Sync 10 DAGs
[2026-08-24T13:51:03.733+0000] {logging_mixin.py:188} INFO - [2026-08-24T13:51:03.733+0000] {dag.py:3954} INFO - Setting next_dagrun for conditional_dataset_and_time_based_timetable to 2026-08-19 01:00:00+00:00, run_after=2026-08-19 01:00:00+00:00
[2026-08-24T13:51:03.739+0000] {logging_mixin.py:188} INFO - [2026-08-24T13:51:03.739+0000] {dag.py:3954} INFO - Setting next_dagrun for consume_1_and_2_with_dataset_expressions to None, run_after=None
[2026-08-24T13:51:03.741+0000] {logging_mixin.py:188} INFO - [2026-08-24T13:51:03.741+0000] {dag.py:3954} INFO - Setting next_dagrun for consume_1_or_2_with_dataset_expressions to None, run_after=None
[2026-08-24T13:51:03.743+0000] {logging_mixin.py:188} INFO - [2026-08-24T13:51:03.743+0000] {dag.py:3954} INFO - Setting next_dagrun for consume_1_or_both_2_and_3_with_dataset_expressions to None, run_after=None
[2026-08-24T13:51:03.746+0000] {logging_mixin.py:188} INFO - [2026-08-24T13:51:03.745+0000] {dag.py:3954} INFO - Setting next_dagrun for dataset_consumes_1 to None, run_after=None
[2026-08-24T13:51:03.748+0000] {logging_mixin.py:188} INFO - [2026-08-24T13:51:03.747+0000] {dag.py:3954} INFO - Setting next_dagrun for dataset_consumes_1_and_2 to None, run_after=None
[2026-08-24T13:51:03.750+0000] {logging_mixin.py:188} INFO - [2026-08-24T13:51:03.749+0000] {dag.py:3954} INFO - Setting next_dagrun for dataset_consumes_1_never_scheduled to None, run_after=None
[2026-08-24T13:51:03.751+0000] {logging_mixin.py:188} INFO - [2026-08-24T13:51:03.751+0000] {dag.py:3954} INFO - Setting next_dagrun for dataset_consumes_unknown_never_scheduled to None, run_after=None
[2026-08-24T13:51:03.755+0000] {logging_mixin.py:188} INFO - [2026-08-24T13:51:03.754+0000] {dag.py:3954} INFO - Setting next_dagrun for dataset_produces_1 to 2026-08-23 00:00:00+00:00, run_after=2026-08-24 00:00:00+00:00
[2026-08-24T13:51:03.756+0000] {logging_mixin.py:188} INFO - [2026-08-24T13:51:03.756+0000] {dag.py:3954} INFO - Setting next_dagrun for dataset_produces_2 to None, run_after=None
[2026-08-24T13:51:03.804+0000] {processor.py:183} INFO - Processing /home/airflow/.local/lib/python3.12/site-packages/airflow/example_dags/example_datasets.py took 0.433 seconds
[2026-08-24T13:51:43.560+0000] {processor.py:161} INFO - Started process (PID=88) to work on /home/airflow/.local/lib/python3.12/site-packages/airflow/example_dags/example_datasets.py
[2026-08-24T13:51:43.561+0000] {processor.py:830} INFO - Processing file /home/airflow/.local/lib/python3.12/site-packages/airflow/example_dags/example_datasets.py for tasks to queue
[2026-08-24T13:51:43.564+0000] {logging_mixin.py:188} INFO - [2026-08-24T13:51:43.563+0000] {dagbag.py:545} INFO - Filling up the DagBag from /home/airflow/.local/lib/python3.12/site-packages/airflow/example_dags/example_datasets.py
[2026-08-24T13:51:43.588+0000] {processor.py:840} INFO - DAG(s) 'consume_1_and_2_with_dataset_expressions', 'consume_1_or_2_with_dataset_expressions', 'dataset_consumes_unknown_never_scheduled', 'dataset_produces_1', 'dataset_consumes_1_never_scheduled', 'conditional_dataset_and_time_based_timetable', 'dataset_produces_2', 'dataset_consumes_1', 'dataset_consumes_1_and_2', 'consume_1_or_both_2_and_3_with_dataset_expressions' retrieved from /home/airflow/.local/lib/python3.12/site-packages/airflow/example_dags/example_datasets.py
[2026-08-24T13:51:43.649+0000] {logging_mixin.py:188} INFO - [2026-08-24T13:51:43.649+0000] {dag.py:3096} INFO - Sync 10 DAGs
[2026-08-24T13:51:43.684+0000] {logging_mixin.py:188} INFO - [2026-08-24T13:51:43.684+0000] {dag.py:3954} INFO - Setting next_dagrun for conditional_dataset_and_time_based_timetable to 2026-08-19 01:00:00+00:00, run_after=2026-08-19 01:00:00+00:00
[2026-08-24T13:51:43.691+0000] {logging_mixin.py:188} INFO - [2026-08-24T13:51:43.691+0000] {dag.py:3954} INFO - Setting next_dagrun for consume_1_and_2_with_dataset_expressions to None, run_after=None
[2026-08-24T13:51:43.693+0000] {logging_mixin.py:188} INFO - [2026-08-24T13:51:43.693+0000] {dag.py:3954} INFO - Setting next_dagrun for consume_1_or_2_with_dataset_expressions to None, run_after=None
[2026-08-24T13:51:43.695+0000] {logging_mixin.py:188} INFO - [2026-08-24T13:51:43.694+0000] {dag.py:3954} INFO - Setting next_dagrun for consume_1_or_both_2_and_3_with_dataset_expressions to None, run_after=None
[2026-08-24T13:51:43.696+0000] {logging_mixin.py:188} INFO - [2026-08-24T13:51:43.696+0000] {dag.py:3954} INFO - Setting next_dagrun for dataset_consumes_1 to None, run_after=None
[2026-08-24T13:51:43.698+0000] {logging_mixin.py:188} INFO - [2026-08-24T13:51:43.698+0000] {dag.py:3954} INFO - Setting next_dagrun for dataset_consumes_1_and_2 to None, run_after=None
[2026-08-24T13:51:43.700+0000] {logging_mixin.py:188} INFO - [2026-08-24T13:51:43.700+0000] {dag.py:3954} INFO - Setting next_dagrun for dataset_consumes_1_never_scheduled to None, run_after=None
[2026-08-24T13:51:43.703+0000] {logging_mixin.py:188} INFO - [2026-08-24T13:51:43.703+0000] {dag.py:3954} INFO - Setting next_dagrun for dataset_consumes_unknown_never_scheduled to None, run_after=None
[2026-08-24T13:51:43.717+0000] {logging_mixin.py:188} INFO - [2026-08-24T13:51:43.717+0000] {dag.py:3954} INFO - Setting next_dagrun for dataset_produces_1 to 2026-08-23 00:00:00+00:00, run_after=2026-08-24 00:00:00+00:00
[2026-08-24T13:51:43.719+0000] {logging_mixin.py:188} INFO - [2026-08-24T13:51:43.719+0000] {dag.py:3954} INFO - Setting next_dagrun for dataset_produces_2 to None, run_after=None
[2026-08-24T13:51:43.766+0000] {processor.py:183} INFO - Processing /home/airflow/.local/lib/python3.12/site-packages/airflow/example_dags/example_datasets.py took 0.214 seconds
[2026-08-24T13:52:14.176+0000] {processor.py:161} INFO - Started process (PID=147) to work on /home/airflow/.local/lib/python3.12/site-packages/airflow/example_dags/example_datasets.py
[2026-08-24T13:52:14.177+0000] {processor.py:830} INFO - Processing file /home/airflow/.local/lib/python3.12/site-packages/airflow/example_dags/example_datasets.py for tasks to queue
[2026-08-24T13:52:14.181+0000] {logging_mixin.py:188} INFO - [2026-08-24T13:52:14.180+0000] {dagbag.py:545} INFO - Filling up the DagBag from /home/airflow/.local/lib/python3.12/site-packages/airflow/example_dags/example_datasets.py
[2026-08-24T13:52:14.200+0000] {processor.py:840} INFO - DAG(s) 'dataset_produces_2', 'consume_1_or_2_with_dataset_expressions', 'consume_1_and_2_with_dataset_expressions', 'dataset_consumes_1_never_scheduled', 'dataset_produces_1', 'dataset_consumes_1_and_2', 'dataset_consumes_unknown_never_scheduled', 'dataset_consumes_1', 'consume_1_or_both_2_and_3_with_dataset_expressions', 'conditional_dataset_and_time_based_timetable' retrieved from /home/airflow/.local/lib/python3.12/site-packages/airflow/example_dags/example_datasets.py
[2026-08-24T13:52:14.257+0000] {logging_mixin.py:188} INFO - [2026-08-24T13:52:14.257+0000] {dag.py:3096} INFO - Sync 10 DAGs
[2026-08-24T13:52:14.289+0000] {logging_mixin.py:188} INFO - [2026-08-24T13:52:14.289+0000] {dag.py:3954} INFO - Setting next_dagrun for conditional_dataset_and_time_based_timetable to 2026-08-19 01:00:00+00:00, run_after=2026-08-19 01:00:00+00:00
[2026-08-24T13:52:14.294+0000] {logging_mixin.py:188} INFO - [2026-08-24T13:52:14.293+0000] {dag.py:3954} INFO - Setting next_dagrun for consume_1_and_2_with_dataset_expressions to None, run_after=None
[2026-08-24T13:52:14.295+0000] {logging_mixin.py:188} INFO - [2026-08-24T13:52:14.295+0000] {dag.py:3954} INFO - Setting next_dagrun for consume_1_or_2_with_dataset_expressions to None, run_after=None
[2026-08-24T13:52:14.297+0000] {logging_mixin.py:188} INFO - [2026-08-24T13:52:14.297+0000] {dag.py:3954} INFO - Setting next_dagrun for consume_1_or_both_2_and_3_with_dataset_expressions to None, run_after=None
[2026-08-24T13:52:14.299+0000] {logging_mixin.py:188} INFO - [2026-08-24T13:52:14.299+0000] {dag.py:3954} INFO - Setting next_dagrun for dataset_consumes_1 to None, run_after=None
[2026-08-24T13:52:14.301+0000] {logging_mixin.py:188} INFO - [2026-08-24T13:52:14.301+0000] {dag.py:3954} INFO - Setting next_dagrun for dataset_consumes_1_and_2 to None, run_after=None
[2026-08-24T13:52:14.303+0000] {logging_mixin.py:188} INFO - [2026-08-24T13:52:14.303+0000] {dag.py:3954} INFO - Setting next_dagrun for dataset_consumes_1_never_scheduled to None, run_after=None
[2026-08-24T13:52:14.305+0000] {logging_mixin.py:188} INFO - [2026-08-24T13:52:14.305+0000] {dag.py:3954} INFO - Setting next_dagrun for dataset_consumes_unknown_never_scheduled to None, run_after=None
[2026-08-24T13:52:14.308+0000] {logging_mixin.py:188} INFO - [2026-08-24T13:52:14.308+0000] {dag.py:3954} INFO - Setting next_dagrun for dataset_produces_1 to 2026-08-23 00:00:00+00:00, run_after=2026-08-24 00:00:00+00:00
[2026-08-24T13:52:14.310+0000] {logging_mixin.py:188} INFO - [2026-08-24T13:52:14.310+0000] {dag.py:3954} INFO - Setting next_dagrun for dataset_produces_2 to None, run_after=None
[2026-08-24T13:52:14.356+0000] {processor.py:183} INFO - Processing /home/airflow/.local/lib/python3.12/site-packages/airflow/example_dags/example_datasets.py took 0.187 seconds
[2026-08-24T13:52:44.568+0000] {processor.py:161} INFO - Started process (PID=206) to work on /home/airflow/.local/lib/python3.12/site-packages/airflow/example_dags/example_datasets.py
[2026-08-24T13:52:44.569+0000] {processor.py:830} INFO - Processing file /home/airflow/.local/lib/python3.12/site-packages/airflow/example_dags/example_datasets.py for tasks to queue
[2026-08-24T13:52:44.572+0000] {logging_mixin.py:188} INFO - [2026-08-24T13:52:44.571+0000] {dagbag.py:545} INFO - Filling up the DagBag from /home/airflow/.local/lib/python3.12/site-packages/airflow/example_dags/example_datasets.py
[2026-08-24T13:52:44.591+0000] {processor.py:840} INFO - DAG(s) 'conditional_dataset_and_time_based_timetable', 'dataset_consumes_1', 'consume_1_or_both_2_and_3_with_dataset_expressions', 'dataset_produces_2', 'dataset_consumes_unknown_never_scheduled', 'dataset_produces_1', 'consume_1_or_2_with_dataset_expressions', 'dataset_consumes_1_and_2', 'dataset_consumes_1_never_scheduled', 'consume_1_and_2_with_dataset_expressions' retrieved from /home/airflow/.local/lib/python3.12/site-packages/airflow/example_dags/example_datasets.py
[2026-08-24T13:52:44.664+0000] {logging_mixin.py:188} INFO - [2026-08-24T13:52:44.664+0000] {dag.py:3096} INFO - Sync 10 DAGs
[2026-08-24T13:52:44.702+0000] {logging_mixin.py:188} INFO - [2026-08-24T13:52:44.701+0000] {dag.py:3954} INFO - Setting next_dagrun for conditional_dataset_and_time_based_timetable to 2026-08-19 01:00:00+00:00, run_after=2026-08-19 01:00:00+00:00
[2026-08-24T13:52:44.708+0000] {logging_mixin.py:188} INFO - [2026-08-24T13:52:44.708+0000] {dag.py:3954} INFO - Setting next_dagrun for consume_1_and_2_with_dataset_expressions to None, run_after=None
[2026-08-24T13:52:44.711+0000] {logging_mixin.py:188} INFO - [2026-08-24T13:52:44.711+0000] {dag.py:3954} INFO - Setting next_dagrun for consume_1_or_2_with_dataset_expressions to None, run_after=None
[2026-08-24T13:52:44.713+0000] {logging_mixin.py:188} INFO - [2026-08-24T13:52:44.713+0000] {dag.py:3954} INFO - Setting next_dagrun for consume_1_or_both_2_and_3_with_dataset_expressions to None, run_after=None
[2026-08-24T13:52:44.715+0000] {logging_mixin.py:188} INFO - [2026-08-24T13:52:44.714+0000] {dag.py:3954} INFO - Setting next_dagrun for dataset_consumes_1 to None, run_after=None
[2026-08-24T13:52:44.716+0000] {logging_mixin.py:188} INFO - [2026-08-24T13:52:44.716+0000] {dag.py:3954} INFO - Setting next_dagrun for dataset_consumes_1_and_2 to None, run_after=None
[2026-08-24T13:52:44.718+0000] {logging_mixin.py:188} INFO - [2026-08-24T13:52:44.718+0000] {dag.py:3954} INFO - Setting next_dagrun for dataset_consumes_1_never_scheduled to None, run_after=None
[2026-08-24T13:52:44.719+0000] {logging_mixin.py:188} INFO - [2026-08-24T13:52:44.719+0000] {dag.py:3954} INFO - Setting next_dagrun for dataset_consumes_unknown_never_scheduled to None, run_after=None
[2026-08-24T13:52:44.723+0000] {logging_mixin.py:188} INFO - [2026-08-24T13:52:44.722+0000] {dag.py:3954} INFO - Setting next_dagrun for dataset_produces_1 to 2026-08-23 00:00:00+00:00, run_after=2026-08-24 00:00:00+00:00
[2026-08-24T13:52:44.725+0000] {logging_mixin.py:188} INFO - [2026-08-24T13:52:44.725+0000] {dag.py:3954} INFO - Setting next_dagrun for dataset_produces_2 to None, run_after=None
[2026-08-24T13:52:44.780+0000] {processor.py:183} INFO - Processing /home/airflow/.local/lib/python3.12/site-packages/airflow/example_dags/example_datasets.py took 0.220 seconds
[2026-08-24T13:53:15.633+0000] {processor.py:161} INFO - Started process (PID=271) to work on /home/airflow/.local/lib/python3.12/site-packages/airflow/example_dags/example_datasets.py
[2026-08-24T13:53:15.634+0000] {processor.py:830} INFO - Processing file /home/airflow/.local/lib/python3.12/site-packages/airflow/example_dags/example_datasets.py for tasks to queue
[2026-08-24T13:53:15.637+0000] {logging_mixin.py:188} INFO - [2026-08-24T13:53:15.636+0000] {dagbag.py:545} INFO - Filling up the DagBag from /home/airflow/.local/lib/python3.12/site-packages/airflow/example_dags/example_datasets.py
[2026-08-24T13:53:15.656+0000] {processor.py:840} INFO - DAG(s) 'dataset_consumes_1', 'dataset_consumes_1_and_2', 'consume_1_or_both_2_and_3_with_dataset_expressions', 'dataset_consumes_unknown_never_scheduled', 'consume_1_or_2_with_dataset_expressions', 'dataset_consumes_1_never_scheduled', 'consume_1_and_2_with_dataset_expressions', 'conditional_dataset_and_time_based_timetable', 'dataset_produces_2', 'dataset_produces_1' retrieved from /home/airflow/.local/lib/python3.12/site-packages/airflow/example_dags/example_datasets.py
[2026-08-24T13:53:15.714+0000] {logging_mixin.py:188} INFO - [2026-08-24T13:53:15.714+0000] {dag.py:3096} INFO - Sync 10 DAGs
[2026-08-24T13:53:15.756+0000] {logging_mixin.py:188} INFO - [2026-08-24T13:53:15.756+0000] {dag.py:3954} INFO - Setting next_dagrun for conditional_dataset_and_time_based_timetable to 2026-08-19 01:00:00+00:00, run_after=2026-08-19 01:00:00+00:00
[2026-08-24T13:53:15.765+0000] {logging_mixin.py:188} INFO - [2026-08-24T13:53:15.765+0000] {dag.py:3954} INFO - Setting next_dagrun for consume_1_and_2_with_dataset_expressions to None, run_after=None
[2026-08-24T13:53:15.769+0000] {logging_mixin.py:188} INFO - [2026-08-24T13:53:15.768+0000] {dag.py:3954} INFO - Setting next_dagrun for consume_1_or_2_with_dataset_expressions to None, run_after=None
[2026-08-24T13:53:15.774+0000] {logging_mixin.py:188} INFO - [2026-08-24T13:53:15.773+0000] {dag.py:3954} INFO - Setting next_dagrun for consume_1_or_both_2_and_3_with_dataset_expressions to None, run_after=None
[2026-08-24T13:53:15.777+0000] {logging_mixin.py:188} INFO - [2026-08-24T13:53:15.777+0000] {dag.py:3954} INFO - Setting next_dagrun for dataset_consumes_1 to None, run_after=None
[2026-08-24T13:53:15.781+0000] {logging_mixin.py:188} INFO - [2026-08-24T13:53:15.781+0000] {dag.py:3954} INFO - Setting next_dagrun for dataset_consumes_1_and_2 to None, run_after=None
[2026-08-24T13:53:15.784+0000] {logging_mixin.py:188} INFO - [2026-08-24T13:53:15.784+0000] {dag.py:3954} INFO - Setting next_dagrun for dataset_consumes_1_never_scheduled to None, run_after=None
[2026-08-24T13:53:15.788+0000] {logging_mixin.py:188} INFO - [2026-08-24T13:53:15.787+0000] {dag.py:3954} INFO - Setting next_dagrun for dataset_consumes_unknown_never_scheduled to None, run_after=None
[2026-08-24T13:53:15.793+0000] {logging_mixin.py:188} INFO - [2026-08-24T13:53:15.793+0000] {dag.py:3954} INFO - Setting next_dagrun for dataset_produces_1 to 2026-08-23 00:00:00+00:00, run_after=2026-08-24 00:00:00+00:00
[2026-08-24T13:53:15.797+0000] {logging_mixin.py:188} INFO - [2026-08-24T13:53:15.796+0000] {dag.py:3954} INFO - Setting next_dagrun for dataset_produces_2 to None, run_after=None
[2026-08-24T13:53:15.865+0000] {processor.py:183} INFO - Processing /home/airflow/.local/lib/python3.12/site-packages/airflow/example_dags/example_datasets.py took 0.239 seconds
[2026-08-24T13:53:46.208+0000] {processor.py:161} INFO - Started process (PID=330) to work on /home/airflow/.local/lib/python3.12/site-packages/airflow/example_dags/example_datasets.py
[2026-08-24T13:53:46.209+0000] {processor.py:830} INFO - Processing file /home/airflow/.local/lib/python3.12/site-packages/airflow/example_dags/example_datasets.py for tasks to queue
[2026-08-24T13:53:46.212+0000] {logging_mixin.py:188} INFO - [2026-08-24T13:53:46.211+0000] {dagbag.py:545} INFO - Filling up the DagBag from /home/airflow/.local/lib/python3.12/site-packages/airflow/example_dags/example_datasets.py
[2026-08-24T13:53:46.229+0000] {processor.py:840} INFO - DAG(s) 'dataset_consumes_1', 'dataset_produces_1', 'dataset_produces_2', 'dataset_consumes_1_and_2', 'conditional_dataset_and_time_based_timetable', 'consume_1_and_2_with_dataset_expressions', 'consume_1_or_2_with_dataset_expressions', 'consume_1_or_both_2_and_3_with_dataset_expressions', 'dataset_consumes_1_never_scheduled', 'dataset_consumes_unknown_never_scheduled' retrieved from /home/airflow/.local/lib/python3.12/site-packages/airflow/example_dags/example_datasets.py
[2026-08-24T13:53:46.287+0000] {logging_mixin.py:188} INFO - [2026-08-24T13:53:46.287+0000] {dag.py:3096} INFO - Sync 10 DAGs
[2026-08-24T13:53:46.319+0000] {logging_mixin.py:188} INFO - [2026-08-24T13:53:46.319+0000] {dag.py:3954} INFO - Setting next_dagrun for conditional_dataset_and_time_based_timetable to 2026-08-19 01:00:00+00:00, run_after=2026-08-19 01:00:00+00:00
[2026-08-24T13:53:46.324+0000] {logging_mixin.py:188} INFO - [2026-08-24T13:53:46.324+0000] {dag.py:3954} INFO - Setting next_dagrun for consume_1_and_2_with_dataset_expressions to None, run_after=None
[2026-08-24T13:53:46.326+0000] {logging_mixin.py:188} INFO - [2026-08-24T13:53:46.326+0000] {dag.py:3954} INFO - Setting next_dagrun for consume_1_or_2_with_dataset_expressions to None, run_after=None
[2026-08-24T13:53:46.328+0000] {logging_mixin.py:188} INFO - [2026-08-24T13:53:46.328+0000] {dag.py:3954} INFO - Setting next_dagrun for consume_1_or_both_2_and_3_with_dataset_expressions to None, run_after=None
[2026-08-24T13:53:46.330+0000] {logging_mixin.py:188} INFO - [2026-08-24T13:53:46.329+0000] {dag.py:3954} INFO - Setting next_dagrun for dataset_consumes_1 to None, run_after=None
[2026-08-24T13:53:46.331+0000] {logging_mixin.py:188} INFO - [2026-08-24T13:53:46.331+0000] {dag.py:3954} INFO - Setting next_dagrun for dataset_consumes_1_and_2 to None, run_after=None
[2026-08-24T13:53:46.333+0000] {logging_mixin.py:188} INFO - [2026-08-24T13:53:46.333+0000] {dag.py:3954} INFO - Setting next_dagrun for dataset_consumes_1_never_scheduled to None, run_after=None
[2026-08-24T13:53:46.335+0000] {logging_mixin.py:188} INFO - [2026-08-24T13:53:46.335+0000] {dag.py:3954} INFO - Setting next_dagrun for dataset_consumes_unknown_never_scheduled to None, run_after=None
[2026-08-24T13:53:46.339+0000] {logging_mixin.py:188} INFO - [2026-08-24T13:53:46.339+0000] {dag.py:3954} INFO - Setting next_dagrun for dataset_produces_1 to 2026-08-23 00:00:00+00:00, run_after=2026-08-24 00:00:00+00:00
[2026-08-24T13:53:46.341+0000] {logging_mixin.py:188} INFO - [2026-08-24T13:53:46.341+0000] {dag.py:3954} INFO - Setting next_dagrun for dataset_produces_2 to None, run_after=None
[2026-08-24T13:53:46.388+0000] {processor.py:183} INFO - Processing /home/airflow/.local/lib/python3.12/site-packages/airflow/example_dags/example_datasets.py took 0.187 seconds
[2026-08-24T13:54:16.860+0000] {processor.py:161} INFO - Started process (PID=389) to work on /home/airflow/.local/lib/python3.12/site-packages/airflow/example_dags/example_datasets.py
[2026-08-24T13:54:16.862+0000] {processor.py:830} INFO - Processing file /home/airflow/.local/lib/python3.12/site-packages/airflow/example_dags/example_datasets.py for tasks to queue
[2026-08-24T13:54:16.866+0000] {logging_mixin.py:188} INFO - [2026-08-24T13:54:16.865+0000] {dagbag.py:545} INFO - Filling up the DagBag from /home/airflow/.local/lib/python3.12/site-packages/airflow/example_dags/example_datasets.py
[2026-08-24T13:54:16.890+0000] {processor.py:840} INFO - DAG(s) 'dataset_produces_2', 'dataset_consumes_unknown_never_scheduled', 'dataset_consumes_1_and_2', 'consume_1_or_both_2_and_3_with_dataset_expressions', 'consume_1_and_2_with_dataset_expressions', 'consume_1_or_2_with_dataset_expressions', 'dataset_consumes_1_never_scheduled', 'dataset_produces_1', 'dataset_consumes_1', 'conditional_dataset_and_time_based_timetable' retrieved from /home/airflow/.local/lib/python3.12/site-packages/airflow/example_dags/example_datasets.py
[2026-08-24T13:54:16.976+0000] {logging_mixin.py:188} INFO - [2026-08-24T13:54:16.976+0000] {dag.py:3096} INFO - Sync 10 DAGs
[2026-08-24T13:54:17.009+0000] {logging_mixin.py:188} INFO - [2026-08-24T13:54:17.009+0000] {dag.py:3954} INFO - Setting next_dagrun for conditional_dataset_and_time_based_timetable to 2026-08-19 01:00:00+00:00, run_after=2026-08-19 01:00:00+00:00
[2026-08-24T13:54:17.015+0000] {logging_mixin.py:188} INFO - [2026-08-24T13:54:17.014+0000] {dag.py:3954} INFO - Setting next_dagrun for consume_1_and_2_with_dataset_expressions to None, run_after=None
[2026-08-24T13:54:17.021+0000] {logging_mixin.py:188} INFO - [2026-08-24T13:54:17.020+0000] {dag.py:3954} INFO - Setting next_dagrun for consume_1_or_2_with_dataset_expressions to None, run_after=None
[2026-08-24T13:54:17.025+0000] {logging_mixin.py:188} INFO - [2026-08-24T13:54:17.024+0000] {dag.py:3954} INFO - Setting next_dagrun for consume_1_or_both_2_and_3_with_dataset_expressions to None, run_after=None
[2026-08-24T13:54:17.028+0000] {logging_mixin.py:188} INFO - [2026-08-24T13:54:17.028+0000] {dag.py:3954} INFO - Setting next_dagrun for dataset_consumes_1 to None, run_after=None
[2026-08-24T13:54:17.035+0000] {logging_mixin.py:188} INFO - [2026-08-24T13:54:17.033+0000] {dag.py:3954} INFO - Setting next_dagrun for dataset_consumes_1_and_2 to None, run_after=None
[2026-08-24T13:54:17.038+0000] {logging_mixin.py:188} INFO - [2026-08-24T13:54:17.038+0000] {dag.py:3954} INFO - Setting next_dagrun for dataset_consumes_1_never_scheduled to None, run_after=None
[2026-08-24T13:54:17.042+0000] {logging_mixin.py:188} INFO - [2026-08-24T13:54:17.042+0000] {dag.py:3954} INFO - Setting next_dagrun for dataset_consumes_unknown_never_scheduled to None, run_after=None
[2026-08-24T13:54:17.048+0000] {logging_mixin.py:188} INFO - [2026-08-24T13:54:17.048+0000] {dag.py:3954} INFO - Setting next_dagrun for dataset_produces_1 to 2026-08-23 00:00:00+00:00, run_after=2026-08-24 00:00:00+00:00
[2026-08-24T13:54:17.052+0000] {logging_mixin.py:188} INFO - [2026-08-24T13:54:17.052+0000] {dag.py:3954} INFO - Setting next_dagrun for dataset_produces_2 to None, run_after=None
[2026-08-24T13:54:17.106+0000] {processor.py:183} INFO - Processing /home/airflow/.local/lib/python3.12/site-packages/airflow/example_dags/example_datasets.py took 0.258 seconds
[2026-08-24T13:54:47.754+0000] {processor.py:161} INFO - Started process (PID=448) to work on /home/airflow/.local/lib/python3.12/site-packages/airflow/example_dags/example_datasets.py
[2026-08-24T13:54:47.756+0000] {processor.py:830} INFO - Processing file /home/airflow/.local/lib/python3.12/site-packages/airflow/example_dags/example_datasets.py for tasks to queue
[2026-08-24T13:54:47.758+0000] {logging_mixin.py:188} INFO - [2026-08-24T13:54:47.758+0000] {dagbag.py:545} INFO - Filling up the DagBag from /home/airflow/.local/lib/python3.12/site-packages/airflow/example_dags/example_datasets.py
[2026-08-24T13:54:47.776+0000] {processor.py:840} INFO - DAG(s) 'dataset_consumes_1', 'consume_1_and_2_with_dataset_expressions', 'dataset_produces_1', 'dataset_consumes_unknown_never_scheduled', 'consume_1_or_2_with_dataset_expressions', 'dataset_consumes_1_and_2', 'dataset_produces_2', 'consume_1_or_both_2_and_3_with_dataset_expressions', 'conditional_dataset_and_time_based_timetable', 'dataset_consumes_1_never_scheduled' retrieved from /home/airflow/.local/lib/python3.12/site-packages/airflow/example_dags/example_datasets.py
[2026-08-24T13:54:47.797+0000] {logging_mixin.py:188} INFO - [2026-08-24T13:54:47.797+0000] {dag.py:3096} INFO - Sync 10 DAGs
[2026-08-24T13:54:47.830+0000] {logging_mixin.py:188} INFO - [2026-08-24T13:54:47.829+0000] {dag.py:3954} INFO - Setting next_dagrun for conditional_dataset_and_time_based_timetable to 2026-08-19 01:00:00+00:00, run_after=2026-08-19 01:00:00+00:00
[2026-08-24T13:54:47.835+0000] {logging_mixin.py:188} INFO - [2026-08-24T13:54:47.835+0000] {dag.py:3954} INFO - Setting next_dagrun for consume_1_and_2_with_dataset_expressions to None, run_after=None
[2026-08-24T13:54:47.838+0000] {logging_mixin.py:188} INFO - [2026-08-24T13:54:47.837+0000] {dag.py:3954} INFO - Setting next_dagrun for consume_1_or_2_with_dataset_expressions to None, run_after=None
[2026-08-24T13:54:47.840+0000] {logging_mixin.py:188} INFO - [2026-08-24T13:54:47.840+0000] {dag.py:3954} INFO - Setting next_dagrun for consume_1_or_both_2_and_3_with_dataset_expressions to None, run_after=None
[2026-08-24T13:54:47.842+0000] {logging_mixin.py:188} INFO - [2026-08-24T13:54:47.841+0000] {dag.py:3954} INFO - Setting next_dagrun for dataset_consumes_1 to None, run_after=None
[2026-08-24T13:54:47.844+0000] {logging_mixin.py:188} INFO - [2026-08-24T13:54:47.844+0000] {dag.py:3954} INFO - Setting next_dagrun for dataset_consumes_1_and_2 to None, run_after=None
[2026-08-24T13:54:47.846+0000] {logging_mixin.py:188} INFO - [2026-08-24T13:54:47.846+0000] {dag.py:3954} INFO - Setting next_dagrun for dataset_consumes_1_never_scheduled to None, run_after=None
[2026-08-24T13:54:47.848+0000] {logging_mixin.py:188} INFO - [2026-08-24T13:54:47.848+0000] {dag.py:3954} INFO - Setting next_dagrun for dataset_consumes_unknown_never_scheduled to None, run_after=None
[2026-08-24T13:54:47.852+0000] {logging_mixin.py:188} INFO - [2026-08-24T13:54:47.852+0000] {dag.py:3954} INFO - Setting next_dagrun for dataset_produces_1 to 2026-08-23 00:00:00+00:00, run_after=2026-08-24 00:00:00+00:00
[2026-08-24T13:54:47.854+0000] {logging_mixin.py:188} INFO - [2026-08-24T13:54:47.853+0000] {dag.py:3954} INFO - Setting next_dagrun for dataset_produces_2 to None, run_after=None
[2026-08-24T13:54:47.902+0000] {processor.py:183} INFO - Processing /home/airflow/.local/lib/python3.12/site-packages/airflow/example_dags/example_datasets.py took 0.156 seconds
[2026-08-24T13:55:22.740+0000] {processor.py:161} INFO - Started process (PID=507) to work on /home/airflow/.local/lib/python3.12/site-packages/airflow/example_dags/example_datasets.py
[2026-08-24T13:55:22.756+0000] {processor.py:830} INFO - Processing file /home/airflow/.local/lib/python3.12/site-packages/airflow/example_dags/example_datasets.py for tasks to queue
[2026-08-24T13:55:22.762+0000] {logging_mixin.py:188} INFO - [2026-08-24T13:55:22.761+0000] {dagbag.py:545} INFO - Filling up the DagBag from /home/airflow/.local/lib/python3.12/site-packages/airflow/example_dags/example_datasets.py
[2026-08-24T13:55:22.852+0000] {processor.py:840} INFO - DAG(s) 'consume_1_and_2_with_dataset_expressions', 'dataset_consumes_1_and_2', 'dataset_consumes_1', 'consume_1_or_2_with_dataset_expressions', 'dataset_consumes_unknown_never_scheduled', 'dataset_produces_2', 'consume_1_or_both_2_and_3_with_dataset_expressions', 'dataset_consumes_1_never_scheduled', 'conditional_dataset_and_time_based_timetable', 'dataset_produces_1' retrieved from /home/airflow/.local/lib/python3.12/site-packages/airflow/example_dags/example_datasets.py
[2026-08-24T13:55:23.260+0000] {logging_mixin.py:188} INFO - [2026-08-24T13:55:23.259+0000] {dag.py:3096} INFO - Sync 10 DAGs
[2026-08-24T13:55:23.293+0000] {logging_mixin.py:188} INFO - [2026-08-24T13:55:23.292+0000] {dag.py:3954} INFO - Setting next_dagrun for conditional_dataset_and_time_based_timetable to 2026-08-19 01:00:00+00:00, run_after=2026-08-19 01:00:00+00:00
[2026-08-24T13:55:23.298+0000] {logging_mixin.py:188} INFO - [2026-08-24T13:55:23.298+0000] {dag.py:3954} INFO - Setting next_dagrun for consume_1_and_2_with_dataset_expressions to None, run_after=None
[2026-08-24T13:55:23.300+0000] {logging_mixin.py:188} INFO - [2026-08-24T13:55:23.300+0000] {dag.py:3954} INFO - Setting next_dagrun for consume_1_or_2_with_dataset_expressions to None, run_after=None
[2026-08-24T13:55:23.302+0000] {logging_mixin.py:188} INFO - [2026-08-24T13:55:23.302+0000] {dag.py:3954} INFO - Setting next_dagrun for consume_1_or_both_2_and_3_with_dataset_expressions to None, run_after=None
[2026-08-24T13:55:23.304+0000] {logging_mixin.py:188} INFO - [2026-08-24T13:55:23.304+0000] {dag.py:3954} INFO - Setting next_dagrun for dataset_consumes_1 to None, run_after=None
[2026-08-24T13:55:23.307+0000] {logging_mixin.py:188} INFO - [2026-08-24T13:55:23.306+0000] {dag.py:3954} INFO - Setting next_dagrun for dataset_consumes_1_and_2 to None, run_after=None
[2026-08-24T13:55:23.309+0000] {logging_mixin.py:188} INFO - [2026-08-24T13:55:23.308+0000] {dag.py:3954} INFO - Setting next_dagrun for dataset_consumes_1_never_scheduled to None, run_after=None
[2026-08-24T13:55:23.312+0000] {logging_mixin.py:188} INFO - [2026-08-24T13:55:23.311+0000] {dag.py:3954} INFO - Setting next_dagrun for dataset_consumes_unknown_never_scheduled to None, run_after=None
[2026-08-24T13:55:23.316+0000] {logging_mixin.py:188} INFO - [2026-08-24T13:55:23.315+0000] {dag.py:3954} INFO - Setting next_dagrun for dataset_produces_1 to 2026-08-23 00:00:00+00:00, run_after=2026-08-24 00:00:00+00:00
[2026-08-24T13:55:23.318+0000] {logging_mixin.py:188} INFO - [2026-08-24T13:55:23.318+0000] {dag.py:3954} INFO - Setting next_dagrun for dataset_produces_2 to None, run_after=None
[2026-08-24T13:55:23.382+0000] {processor.py:183} INFO - Processing /home/airflow/.local/lib/python3.12/site-packages/airflow/example_dags/example_datasets.py took 0.665 seconds
[2026-08-24T13:55:53.782+0000] {processor.py:161} INFO - Started process (PID=566) to work on /home/airflow/.local/lib/python3.12/site-packages/airflow/example_dags/example_datasets.py
[2026-08-24T13:55:53.783+0000] {processor.py:830} INFO - Processing file /home/airflow/.local/lib/python3.12/site-packages/airflow/example_dags/example_datasets.py for tasks to queue
[2026-08-24T13:55:53.787+0000] {logging_mixin.py:188} INFO - [2026-08-24T13:55:53.786+0000] {dagbag.py:545} INFO - Filling up the DagBag from /home/airflow/.local/lib/python3.12/site-packages/airflow/example_dags/example_datasets.py
[2026-08-24T13:55:53.816+0000] {processor.py:840} INFO - DAG(s) 'dataset_consumes_unknown_never_scheduled', 'consume_1_or_2_with_dataset_expressions', 'dataset_produces_1', 'dataset_produces_2', 'consume_1_and_2_with_dataset_expressions', 'dataset_consumes_1_never_scheduled', 'dataset_consumes_1', 'conditional_dataset_and_time_based_timetable', 'dataset_consumes_1_and_2', 'consume_1_or_both_2_and_3_with_dataset_expressions' retrieved from /home/airflow/.local/lib/python3.12/site-packages/airflow/example_dags/example_datasets.py
[2026-08-24T13:55:53.897+0000] {logging_mixin.py:188} INFO - [2026-08-24T13:55:53.896+0000] {dag.py:3096} INFO - Sync 10 DAGs
[2026-08-24T13:55:53.950+0000] {logging_mixin.py:188} INFO - [2026-08-24T13:55:53.950+0000] {dag.py:3954} INFO - Setting next_dagrun for conditional_dataset_and_time_based_timetable to 2026-08-19 01:00:00+00:00, run_after=2026-08-19 01:00:00+00:00
[2026-08-24T13:55:53.956+0000] {logging_mixin.py:188} INFO - [2026-08-24T13:55:53.956+0000] {dag.py:3954} INFO - Setting next_dagrun for consume_1_and_2_with_dataset_expressions to None, run_after=None
[2026-08-24T13:55:53.959+0000] {logging_mixin.py:188} INFO - [2026-08-24T13:55:53.958+0000] {dag.py:3954} INFO - Setting next_dagrun for consume_1_or_2_with_dataset_expressions to None, run_after=None
[2026-08-24T13:55:53.961+0000] {logging_mixin.py:188} INFO - [2026-08-24T13:55:53.961+0000] {dag.py:3954} INFO - Setting next_dagrun for consume_1_or_both_2_and_3_with_dataset_expressions to None, run_after=None
[2026-08-24T13:55:53.964+0000] {logging_mixin.py:188} INFO - [2026-08-24T13:55:53.964+0000] {dag.py:3954} INFO - Setting next_dagrun for dataset_consumes_1 to None, run_after=None
[2026-08-24T13:55:53.966+0000] {logging_mixin.py:188} INFO - [2026-08-24T13:55:53.966+0000] {dag.py:3954} INFO - Setting next_dagrun for dataset_consumes_1_and_2 to None, run_after=None
[2026-08-24T13:55:53.968+0000] {logging_mixin.py:188} INFO - [2026-08-24T13:55:53.968+0000] {dag.py:3954} INFO - Setting next_dagrun for dataset_consumes_1_never_scheduled to None, run_after=None
[2026-08-24T13:55:53.970+0000] {logging_mixin.py:188} INFO - [2026-08-24T13:55:53.970+0000] {dag.py:3954} INFO - Setting next_dagrun for dataset_consumes_unknown_never_scheduled to None, run_after=None
[2026-08-24T13:55:53.974+0000] {logging_mixin.py:188} INFO - [2026-08-24T13:55:53.973+0000] {dag.py:3954} INFO - Setting next_dagrun for dataset_produces_1 to 2026-08-23 00:00:00+00:00, run_after=2026-08-24 00:00:00+00:00
[2026-08-24T13:55:53.977+0000] {logging_mixin.py:188} INFO - [2026-08-24T13:55:53.976+0000] {dag.py:3954} INFO - Setting next_dagrun for dataset_produces_2 to None, run_after=None
[2026-08-24T13:55:54.031+0000] {processor.py:183} INFO - Processing /home/airflow/.local/lib/python3.12/site-packages/airflow/example_dags/example_datasets.py took 0.261 seconds
[2026-08-24T13:56:24.095+0000] {processor.py:161} INFO - Started process (PID=625) to work on /home/airflow/.local/lib/python3.12/site-packages/airflow/example_dags/example_datasets.py
[2026-08-24T13:56:24.096+0000] {processor.py:830} INFO - Processing file /home/airflow/.local/lib/python3.12/site-packages/airflow/example_dags/example_datasets.py for tasks to queue
[2026-08-24T13:56:24.099+0000] {logging_mixin.py:188} INFO - [2026-08-24T13:56:24.098+0000] {dagbag.py:545} INFO - Filling up the DagBag from /home/airflow/.local/lib/python3.12/site-packages/airflow/example_dags/example_datasets.py
[2026-08-24T13:56:24.116+0000] {processor.py:840} INFO - DAG(s) 'dataset_consumes_unknown_never_scheduled', 'conditional_dataset_and_time_based_timetable', 'consume_1_and_2_with_dataset_expressions', 'consume_1_or_2_with_dataset_expressions', 'dataset_produces_2', 'dataset_consumes_1_and_2', 'dataset_produces_1', 'dataset_consumes_1_never_scheduled', 'dataset_consumes_1', 'consume_1_or_both_2_and_3_with_dataset_expressions' retrieved from /home/airflow/.local/lib/python3.12/site-packages/airflow/example_dags/example_datasets.py
[2026-08-24T13:56:24.176+0000] {logging_mixin.py:188} INFO - [2026-08-24T13:56:24.176+0000] {dag.py:3096} INFO - Sync 10 DAGs
[2026-08-24T13:56:24.209+0000] {logging_mixin.py:188} INFO - [2026-08-24T13:56:24.208+0000] {dag.py:3954} INFO - Setting next_dagrun for conditional_dataset_and_time_based_timetable to 2026-08-19 01:00:00+00:00, run_after=2026-08-19 01:00:00+00:00
[2026-08-24T13:56:24.214+0000] {logging_mixin.py:188} INFO - [2026-08-24T13:56:24.214+0000] {dag.py:3954} INFO - Setting next_dagrun for consume_1_and_2_with_dataset_expressions to None, run_after=None
[2026-08-24T13:56:24.216+0000] {logging_mixin.py:188} INFO - [2026-08-24T13:56:24.216+0000] {dag.py:3954} INFO - Setting next_dagrun for consume_1_or_2_with_dataset_expressions to None, run_after=None
[2026-08-24T13:56:24.217+0000] {logging_mixin.py:188} INFO - [2026-08-24T13:56:24.217+0000] {dag.py:3954} INFO - Setting next_dagrun for consume_1_or_both_2_and_3_with_dataset_expressions to None, run_after=None
[2026-08-24T13:56:24.219+0000] {logging_mixin.py:188} INFO - [2026-08-24T13:56:24.219+0000] {dag.py:3954} INFO - Setting next_dagrun for dataset_consumes_1 to None, run_after=None
[2026-08-24T13:56:24.221+0000] {logging_mixin.py:188} INFO - [2026-08-24T13:56:24.221+0000] {dag.py:3954} INFO - Setting next_dagrun for dataset_consumes_1_and_2 to None, run_after=None
[2026-08-24T13:56:24.223+0000] {logging_mixin.py:188} INFO - [2026-08-24T13:56:24.223+0000] {dag.py:3954} INFO - Setting next_dagrun for dataset_consumes_1_never_scheduled to None, run_after=None
[2026-08-24T13:56:24.225+0000] {logging_mixin.py:188} INFO - [2026-08-24T13:56:24.225+0000] {dag.py:3954} INFO - Setting next_dagrun for dataset_consumes_unknown_never_scheduled to None, run_after=None
[2026-08-24T13:56:24.228+0000] {logging_mixin.py:188} INFO - [2026-08-24T13:56:24.228+0000] {dag.py:3954} INFO - Setting next_dagrun for dataset_produces_1 to 2026-08-23 00:00:00+00:00, run_after=2026-08-24 00:00:00+00:00
[2026-08-24T13:56:24.230+0000] {logging_mixin.py:188} INFO - [2026-08-24T13:56:24.230+0000] {dag.py:3954} INFO - Setting next_dagrun for dataset_produces_2 to None, run_after=None
[2026-08-24T13:56:24.272+0000] {processor.py:183} INFO - Processing /home/airflow/.local/lib/python3.12/site-packages/airflow/example_dags/example_datasets.py took 0.183 seconds
[2026-08-24T13:56:54.492+0000] {processor.py:161} INFO - Started process (PID=684) to work on /home/airflow/.local/lib/python3.12/site-packages/airflow/example_dags/example_datasets.py
[2026-08-24T13:56:54.493+0000] {processor.py:830} INFO - Processing file /home/airflow/.local/lib/python3.12/site-packages/airflow/example_dags/example_datasets.py for tasks to queue
[2026-08-24T13:56:54.496+0000] {logging_mixin.py:188} INFO - [2026-08-24T13:56:54.496+0000] {dagbag.py:545} INFO - Filling up the DagBag from /home/airflow/.local/lib/python3.12/site-packages/airflow/example_dags/example_datasets.py
[2026-08-24T13:56:54.517+0000] {processor.py:840} INFO - DAG(s) 'consume_1_or_both_2_and_3_with_dataset_expressions', 'conditional_dataset_and_time_based_timetable', 'consume_1_and_2_with_dataset_expressions', 'dataset_consumes_1_and_2', 'dataset_consumes_unknown_never_scheduled', 'dataset_produces_1', 'dataset_consumes_1', 'dataset_produces_2', 'consume_1_or_2_with_dataset_expressions', 'dataset_consumes_1_never_scheduled' retrieved from /home/airflow/.local/lib/python3.12/site-packages/airflow/example_dags/example_datasets.py
[2026-08-24T13:56:54.594+0000] {logging_mixin.py:188} INFO - [2026-08-24T13:56:54.594+0000] {dag.py:3096} INFO - Sync 10 DAGs
[2026-08-24T13:56:54.633+0000] {logging_mixin.py:188} INFO - [2026-08-24T13:56:54.633+0000] {dag.py:3954} INFO - Setting next_dagrun for conditional_dataset_and_time_based_timetable to 2026-08-19 01:00:00+00:00, run_after=2026-08-19 01:00:00+00:00
[2026-08-24T13:56:54.638+0000] {logging_mixin.py:188} INFO - [2026-08-24T13:56:54.638+0000] {dag.py:3954} INFO - Setting next_dagrun for consume_1_and_2_with_dataset_expressions to None, run_after=None
[2026-08-24T13:56:54.640+0000] {logging_mixin.py:188} INFO - [2026-08-24T13:56:54.640+0000] {dag.py:3954} INFO - Setting next_dagrun for consume_1_or_2_with_dataset_expressions to None, run_after=None
[2026-08-24T13:56:54.642+0000] {logging_mixin.py:188} INFO - [2026-08-24T13:56:54.642+0000] {dag.py:3954} INFO - Setting next_dagrun for consume_1_or_both_2_and_3_with_dataset_expressions to None, run_after=None
[2026-08-24T13:56:54.644+0000] {logging_mixin.py:188} INFO - [2026-08-24T13:56:54.644+0000] {dag.py:3954} INFO - Setting next_dagrun for dataset_consumes_1 to None, run_after=None
[2026-08-24T13:56:54.646+0000] {logging_mixin.py:188} INFO - [2026-08-24T13:56:54.646+0000] {dag.py:3954} INFO - Setting next_dagrun for dataset_consumes_1_and_2 to None, run_after=None
[2026-08-24T13:56:54.648+0000] {logging_mixin.py:188} INFO - [2026-08-24T13:56:54.648+0000] {dag.py:3954} INFO - Setting next_dagrun for dataset_consumes_1_never_scheduled to None, run_after=None
[2026-08-24T13:56:54.650+0000] {logging_mixin.py:188} INFO - [2026-08-24T13:56:54.650+0000] {dag.py:3954} INFO - Setting next_dagrun for dataset_consumes_unknown_never_scheduled to None, run_after=None
[2026-08-24T13:56:54.654+0000] {logging_mixin.py:188} INFO - [2026-08-24T13:56:54.654+0000] {dag.py:3954} INFO - Setting next_dagrun for dataset_produces_1 to 2026-08-23 00:00:00+00:00, run_after=2026-08-24 00:00:00+00:00
[2026-08-24T13:56:54.656+0000] {logging_mixin.py:188} INFO - [2026-08-24T13:56:54.656+0000] {dag.py:3954} INFO - Setting next_dagrun for dataset_produces_2 to None, run_after=None
[2026-08-24T13:56:54.711+0000] {processor.py:183} INFO - Processing /home/airflow/.local/lib/python3.12/site-packages/airflow/example_dags/example_datasets.py took 0.227 seconds
[2026-08-24T13:57:25.140+0000] {processor.py:161} INFO - Started process (PID=744) to work on /home/airflow/.local/lib/python3.12/site-packages/airflow/example_dags/example_datasets.py
[2026-08-24T13:57:25.141+0000] {processor.py:830} INFO - Processing file /home/airflow/.local/lib/python3.12/site-packages/airflow/example_dags/example_datasets.py for tasks to queue
[2026-08-24T13:57:25.144+0000] {logging_mixin.py:188} INFO - [2026-08-24T13:57:25.143+0000] {dagbag.py:545} INFO - Filling up the DagBag from /home/airflow/.local/lib/python3.12/site-packages/airflow/example_dags/example_datasets.py
[2026-08-24T13:57:25.161+0000] {processor.py:840} INFO - DAG(s) 'consume_1_and_2_with_dataset_expressions', 'dataset_consumes_1', 'conditional_dataset_and_time_based_timetable', 'consume_1_or_both_2_and_3_with_dataset_expressions', 'consume_1_or_2_with_dataset_expressions', 'dataset_consumes_1_and_2', 'dataset_produces_1', 'dataset_consumes_unknown_never_scheduled', 'dataset_consumes_1_never_scheduled', 'dataset_produces_2' retrieved from /home/airflow/.local/lib/python3.12/site-packages/airflow/example_dags/example_datasets.py
[2026-08-24T13:57:25.221+0000] {logging_mixin.py:188} INFO - [2026-08-24T13:57:25.221+0000] {dag.py:3096} INFO - Sync 10 DAGs
[2026-08-24T13:57:25.255+0000] {logging_mixin.py:188} INFO - [2026-08-24T13:57:25.255+0000] {dag.py:3954} INFO - Setting next_dagrun for conditional_dataset_and_time_based_timetable to 2026-08-19 01:00:00+00:00, run_after=2026-08-19 01:00:00+00:00
[2026-08-24T13:57:25.260+0000] {logging_mixin.py:188} INFO - [2026-08-24T13:57:25.260+0000] {dag.py:3954} INFO - Setting next_dagrun for consume_1_and_2_with_dataset_expressions to None, run_after=None
[2026-08-24T13:57:25.262+0000] {logging_mixin.py:188} INFO - [2026-08-24T13:57:25.262+0000] {dag.py:3954} INFO - Setting next_dagrun for consume_1_or_2_with_dataset_expressions to None, run_after=None
[2026-08-24T13:57:25.264+0000] {logging_mixin.py:188} INFO - [2026-08-24T13:57:25.264+0000] {dag.py:3954} INFO - Setting next_dagrun for consume_1_or_both_2_and_3_with_dataset_expressions to None, run_after=None
[2026-08-24T13:57:25.266+0000] {logging_mixin.py:188} INFO - [2026-08-24T13:57:25.266+0000] {dag.py:3954} INFO - Setting next_dagrun for dataset_consumes_1 to None, run_after=None
[2026-08-24T13:57:25.268+0000] {logging_mixin.py:188} INFO - [2026-08-24T13:57:25.267+0000] {dag.py:3954} INFO - Setting next_dagrun for dataset_consumes_1_and_2 to None, run_after=None
[2026-08-24T13:57:25.269+0000] {logging_mixin.py:188} INFO - [2026-08-24T13:57:25.269+0000] {dag.py:3954} INFO - Setting next_dagrun for dataset_consumes_1_never_scheduled to None, run_after=None
[2026-08-24T13:57:25.271+0000] {logging_mixin.py:188} INFO - [2026-08-24T13:57:25.271+0000] {dag.py:3954} INFO - Setting next_dagrun for dataset_consumes_unknown_never_scheduled to None, run_after=None
[2026-08-24T13:57:25.275+0000] {logging_mixin.py:188} INFO - [2026-08-24T13:57:25.275+0000] {dag.py:3954} INFO - Setting next_dagrun for dataset_produces_1 to 2026-08-23 00:00:00+00:00, run_after=2026-08-24 00:00:00+00:00
[2026-08-24T13:57:25.277+0000] {logging_mixin.py:188} INFO - [2026-08-24T13:57:25.276+0000] {dag.py:3954} INFO - Setting next_dagrun for dataset_produces_2 to None, run_after=None
[2026-08-24T13:57:25.319+0000] {processor.py:183} INFO - Processing /home/airflow/.local/lib/python3.12/site-packages/airflow/example_dags/example_datasets.py took 0.186 seconds
[2026-08-24T13:57:55.543+0000] {processor.py:161} INFO - Started process (PID=803) to work on /home/airflow/.local/lib/python3.12/site-packages/airflow/example_dags/example_datasets.py
[2026-08-24T13:57:55.544+0000] {processor.py:830} INFO - Processing file /home/airflow/.local/lib/python3.12/site-packages/airflow/example_dags/example_datasets.py for tasks to queue
[2026-08-24T13:57:55.547+0000] {logging_mixin.py:188} INFO - [2026-08-24T13:57:55.547+0000] {dagbag.py:545} INFO - Filling up the DagBag from /home/airflow/.local/lib/python3.12/site-packages/airflow/example_dags/example_datasets.py
[2026-08-24T13:57:55.573+0000] {processor.py:840} INFO - DAG(s) 'dataset_produces_2', 'conditional_dataset_and_time_based_timetable', 'dataset_consumes_1_and_2', 'consume_1_or_2_with_dataset_expressions', 'dataset_consumes_unknown_never_scheduled', 'dataset_consumes_1', 'dataset_consumes_1_never_scheduled', 'consume_1_and_2_with_dataset_expressions', 'dataset_produces_1', 'consume_1_or_both_2_and_3_with_dataset_expressions' retrieved from /home/airflow/.local/lib/python3.12/site-packages/airflow/example_dags/example_datasets.py
[2026-08-24T13:57:55.650+0000] {logging_mixin.py:188} INFO - [2026-08-24T13:57:55.650+0000] {dag.py:3096} INFO - Sync 10 DAGs
[2026-08-24T13:57:55.700+0000] {logging_mixin.py:188} INFO - [2026-08-24T13:57:55.700+0000] {dag.py:3954} INFO - Setting next_dagrun for conditional_dataset_and_time_based_timetable to 2026-08-19 01:00:00+00:00, run_after=2026-08-19 01:00:00+00:00
[2026-08-24T13:57:55.706+0000] {logging_mixin.py:188} INFO - [2026-08-24T13:57:55.706+0000] {dag.py:3954} INFO - Setting next_dagrun for consume_1_and_2_with_dataset_expressions to None, run_after=None
[2026-08-24T13:57:55.708+0000] {logging_mixin.py:188} INFO - [2026-08-24T13:57:55.708+0000] {dag.py:3954} INFO - Setting next_dagrun for consume_1_or_2_with_dataset_expressions to None, run_after=None
[2026-08-24T13:57:55.712+0000] {logging_mixin.py:188} INFO - [2026-08-24T13:57:55.712+0000] {dag.py:3954} INFO - Setting next_dagrun for consume_1_or_both_2_and_3_with_dataset_expressions to None, run_after=None
[2026-08-24T13:57:55.715+0000] {logging_mixin.py:188} INFO - [2026-08-24T13:57:55.715+0000] {dag.py:3954} INFO - Setting next_dagrun for dataset_consumes_1 to None, run_after=None
[2026-08-24T13:57:55.717+0000] {logging_mixin.py:188} INFO - [2026-08-24T13:57:55.717+0000] {dag.py:3954} INFO - Setting next_dagrun for dataset_consumes_1_and_2 to None, run_after=None
[2026-08-24T13:57:55.719+0000] {logging_mixin.py:188} INFO - [2026-08-24T13:57:55.719+0000] {dag.py:3954} INFO - Setting next_dagrun for dataset_consumes_1_never_scheduled to None, run_after=None
[2026-08-24T13:57:55.722+0000] {logging_mixin.py:188} INFO - [2026-08-24T13:57:55.721+0000] {dag.py:3954} INFO - Setting next_dagrun for dataset_consumes_unknown_never_scheduled to None, run_after=None
[2026-08-24T13:57:55.728+0000] {logging_mixin.py:188} INFO - [2026-08-24T13:57:55.727+0000] {dag.py:3954} INFO - Setting next_dagrun for dataset_produces_1 to 2026-08-23 00:00:00+00:00, run_after=2026-08-24 00:00:00+00:00
[2026-08-24T13:57:55.730+0000] {logging_mixin.py:188} INFO - [2026-08-24T13:57:55.729+0000] {dag.py:3954} INFO - Setting next_dagrun for dataset_produces_2 to None, run_after=None
[2026-08-24T13:57:55.795+0000] {processor.py:183} INFO - Processing /home/airflow/.local/lib/python3.12/site-packages/airflow/example_dags/example_datasets.py took 0.263 seconds
[2026-08-24T13:58:26.099+0000] {processor.py:161} INFO - Started process (PID=863) to work on /home/airflow/.local/lib/python3.12/site-packages/airflow/example_dags/example_datasets.py
[2026-08-24T13:58:26.100+0000] {processor.py:830} INFO - Processing file /home/airflow/.local/lib/python3.12/site-packages/airflow/example_dags/example_datasets.py for tasks to queue
[2026-08-24T13:58:26.103+0000] {logging_mixin.py:188} INFO - [2026-08-24T13:58:26.102+0000] {dagbag.py:545} INFO - Filling up the DagBag from /home/airflow/.local/lib/python3.12/site-packages/airflow/example_dags/example_datasets.py
[2026-08-24T13:58:26.121+0000] {processor.py:840} INFO - DAG(s) 'consume_1_or_2_with_dataset_expressions', 'dataset_produces_1', 'conditional_dataset_and_time_based_timetable', 'dataset_consumes_unknown_never_scheduled', 'dataset_consumes_1_never_scheduled', 'consume_1_and_2_with_dataset_expressions', 'dataset_consumes_1_and_2', 'dataset_produces_2', 'dataset_consumes_1', 'consume_1_or_both_2_and_3_with_dataset_expressions' retrieved from /home/airflow/.local/lib/python3.12/site-packages/airflow/example_dags/example_datasets.py
[2026-08-24T13:58:26.178+0000] {logging_mixin.py:188} INFO - [2026-08-24T13:58:26.177+0000] {dag.py:3096} INFO - Sync 10 DAGs
[2026-08-24T13:58:26.208+0000] {logging_mixin.py:188} INFO - [2026-08-24T13:58:26.208+0000] {dag.py:3954} INFO - Setting next_dagrun for conditional_dataset_and_time_based_timetable to 2026-08-19 01:00:00+00:00, run_after=2026-08-19 01:00:00+00:00
[2026-08-24T13:58:26.213+0000] {logging_mixin.py:188} INFO - [2026-08-24T13:58:26.212+0000] {dag.py:3954} INFO - Setting next_dagrun for consume_1_and_2_with_dataset_expressions to None, run_after=None
[2026-08-24T13:58:26.215+0000] {logging_mixin.py:188} INFO - [2026-08-24T13:58:26.214+0000] {dag.py:3954} INFO - Setting next_dagrun for consume_1_or_2_with_dataset_expressions to None, run_after=None
[2026-08-24T13:58:26.216+0000] {logging_mixin.py:188} INFO - [2026-08-24T13:58:26.216+0000] {dag.py:3954} INFO - Setting next_dagrun for consume_1_or_both_2_and_3_with_dataset_expressions to None, run_after=None
[2026-08-24T13:58:26.218+0000] {logging_mixin.py:188} INFO - [2026-08-24T13:58:26.218+0000] {dag.py:3954} INFO - Setting next_dagrun for dataset_consumes_1 to None, run_after=None
[2026-08-24T13:58:26.219+0000] {logging_mixin.py:188} INFO - [2026-08-24T13:58:26.219+0000] {dag.py:3954} INFO - Setting next_dagrun for dataset_consumes_1_and_2 to None, run_after=None
[2026-08-24T13:58:26.221+0000] {logging_mixin.py:188} INFO - [2026-08-24T13:58:26.221+0000] {dag.py:3954} INFO - Setting next_dagrun for dataset_consumes_1_never_scheduled to None, run_after=None
[2026-08-24T13:58:26.222+0000] {logging_mixin.py:188} INFO - [2026-08-24T13:58:26.222+0000] {dag.py:3954} INFO - Setting next_dagrun for dataset_consumes_unknown_never_scheduled to None, run_after=None
[2026-08-24T13:58:26.225+0000] {logging_mixin.py:188} INFO - [2026-08-24T13:58:26.225+0000] {dag.py:3954} INFO - Setting next_dagrun for dataset_produces_1 to 2026-08-23 00:00:00+00:00, run_after=2026-08-24 00:00:00+00:00
[2026-08-24T13:58:26.227+0000] {logging_mixin.py:188} INFO - [2026-08-24T13:58:26.227+0000] {dag.py:3954} INFO - Setting next_dagrun for dataset_produces_2 to None, run_after=None
[2026-08-24T13:58:26.267+0000] {processor.py:183} INFO - Processing /home/airflow/.local/lib/python3.12/site-packages/airflow/example_dags/example_datasets.py took 0.176 seconds
[2026-08-24T13:58:56.343+0000] {processor.py:161} INFO - Started process (PID=922) to work on /home/airflow/.local/lib/python3.12/site-packages/airflow/example_dags/example_datasets.py
[2026-08-24T13:58:56.344+0000] {processor.py:830} INFO - Processing file /home/airflow/.local/lib/python3.12/site-packages/airflow/example_dags/example_datasets.py for tasks to queue
[2026-08-24T13:58:56.346+0000] {logging_mixin.py:188} INFO - [2026-08-24T13:58:56.346+0000] {dagbag.py:545} INFO - Filling up the DagBag from /home/airflow/.local/lib/python3.12/site-packages/airflow/example_dags/example_datasets.py
[2026-08-24T13:58:56.363+0000] {processor.py:840} INFO - DAG(s) 'conditional_dataset_and_time_based_timetable', 'dataset_produces_2', 'dataset_produces_1', 'dataset_consumes_unknown_never_scheduled', 'consume_1_or_2_with_dataset_expressions', 'consume_1_or_both_2_and_3_with_dataset_expressions', 'consume_1_and_2_with_dataset_expressions', 'dataset_consumes_1', 'dataset_consumes_1_and_2', 'dataset_consumes_1_never_scheduled' retrieved from /home/airflow/.local/lib/python3.12/site-packages/airflow/example_dags/example_datasets.py
[2026-08-24T13:58:56.424+0000] {logging_mixin.py:188} INFO - [2026-08-24T13:58:56.424+0000] {dag.py:3096} INFO - Sync 10 DAGs
[2026-08-24T13:58:56.454+0000] {logging_mixin.py:188} INFO - [2026-08-24T13:58:56.454+0000] {dag.py:3954} INFO - Setting next_dagrun for conditional_dataset_and_time_based_timetable to 2026-08-19 01:00:00+00:00, run_after=2026-08-19 01:00:00+00:00
[2026-08-24T13:58:56.459+0000] {logging_mixin.py:188} INFO - [2026-08-24T13:58:56.459+0000] {dag.py:3954} INFO - Setting next_dagrun for consume_1_and_2_with_dataset_expressions to None, run_after=None
[2026-08-24T13:58:56.460+0000] {logging_mixin.py:188} INFO - [2026-08-24T13:58:56.460+0000] {dag.py:3954} INFO - Setting next_dagrun for consume_1_or_2_with_dataset_expressions to None, run_after=None
[2026-08-24T13:58:56.462+0000] {logging_mixin.py:188} INFO - [2026-08-24T13:58:56.462+0000] {dag.py:3954} INFO - Setting next_dagrun for consume_1_or_both_2_and_3_with_dataset_expressions to None, run_after=None
[2026-08-24T13:58:56.464+0000] {logging_mixin.py:188} INFO - [2026-08-24T13:58:56.464+0000] {dag.py:3954} INFO - Setting next_dagrun for dataset_consumes_1 to None, run_after=None
[2026-08-24T13:58:56.466+0000] {logging_mixin.py:188} INFO - [2026-08-24T13:58:56.466+0000] {dag.py:3954} INFO - Setting next_dagrun for dataset_consumes_1_and_2 to None, run_after=None
[2026-08-24T13:58:56.467+0000] {logging_mixin.py:188} INFO - [2026-08-24T13:58:56.467+0000] {dag.py:3954} INFO - Setting next_dagrun for dataset_consumes_1_never_scheduled to None, run_after=None
[2026-08-24T13:58:56.469+0000] {logging_mixin.py:188} INFO - [2026-08-24T13:58:56.469+0000] {dag.py:3954} INFO - Setting next_dagrun for dataset_consumes_unknown_never_scheduled to None, run_after=None
[2026-08-24T13:58:56.472+0000] {logging_mixin.py:188} INFO - [2026-08-24T13:58:56.471+0000] {dag.py:3954} INFO - Setting next_dagrun for dataset_produces_1 to 2026-08-23 00:00:00+00:00, run_after=2026-08-24 00:00:00+00:00
[2026-08-24T13:58:56.473+0000] {logging_mixin.py:188} INFO - [2026-08-24T13:58:56.473+0000] {dag.py:3954} INFO - Setting next_dagrun for dataset_produces_2 to None, run_after=None
[2026-08-24T13:58:56.514+0000] {processor.py:183} INFO - Processing /home/airflow/.local/lib/python3.12/site-packages/airflow/example_dags/example_datasets.py took 0.178 seconds
[2026-08-24T14:00:37.184+0000] {processor.py:161} INFO - Started process (PID=106) to work on /home/airflow/.local/lib/python3.12/site-packages/airflow/example_dags/example_datasets.py
[2026-08-24T14:00:37.186+0000] {processor.py:830} INFO - Processing file /home/airflow/.local/lib/python3.12/site-packages/airflow/example_dags/example_datasets.py for tasks to queue
[2026-08-24T14:00:37.188+0000] {logging_mixin.py:188} INFO - [2026-08-24T14:00:37.188+0000] {dagbag.py:545} INFO - Filling up the DagBag from /home/airflow/.local/lib/python3.12/site-packages/airflow/example_dags/example_datasets.py
[2026-08-24T14:00:37.220+0000] {processor.py:840} INFO - DAG(s) 'dataset_consumes_1_never_scheduled', 'consume_1_or_2_with_dataset_expressions', 'consume_1_or_both_2_and_3_with_dataset_expressions', 'dataset_consumes_1', 'dataset_produces_1', 'consume_1_and_2_with_dataset_expressions', 'conditional_dataset_and_time_based_timetable', 'dataset_consumes_1_and_2', 'dataset_consumes_unknown_never_scheduled', 'dataset_produces_2' retrieved from /home/airflow/.local/lib/python3.12/site-packages/airflow/example_dags/example_datasets.py
[2026-08-24T14:00:37.472+0000] {logging_mixin.py:188} INFO - [2026-08-24T14:00:37.472+0000] {dag.py:3096} INFO - Sync 10 DAGs
[2026-08-24T14:00:37.501+0000] {logging_mixin.py:188} INFO - [2026-08-24T14:00:37.501+0000] {dag.py:3954} INFO - Setting next_dagrun for conditional_dataset_and_time_based_timetable to 2026-08-19 01:00:00+00:00, run_after=2026-08-19 01:00:00+00:00
[2026-08-24T14:00:37.505+0000] {logging_mixin.py:188} INFO - [2026-08-24T14:00:37.504+0000] {dag.py:3954} INFO - Setting next_dagrun for consume_1_and_2_with_dataset_expressions to None, run_after=None
[2026-08-24T14:00:37.507+0000] {logging_mixin.py:188} INFO - [2026-08-24T14:00:37.507+0000] {dag.py:3954} INFO - Setting next_dagrun for consume_1_or_2_with_dataset_expressions to None, run_after=None
[2026-08-24T14:00:37.509+0000] {logging_mixin.py:188} INFO - [2026-08-24T14:00:37.509+0000] {dag.py:3954} INFO - Setting next_dagrun for consume_1_or_both_2_and_3_with_dataset_expressions to None, run_after=None
[2026-08-24T14:00:37.511+0000] {logging_mixin.py:188} INFO - [2026-08-24T14:00:37.510+0000] {dag.py:3954} INFO - Setting next_dagrun for dataset_consumes_1 to None, run_after=None
[2026-08-24T14:00:37.512+0000] {logging_mixin.py:188} INFO - [2026-08-24T14:00:37.512+0000] {dag.py:3954} INFO - Setting next_dagrun for dataset_consumes_1_and_2 to None, run_after=None
[2026-08-24T14:00:37.514+0000] {logging_mixin.py:188} INFO - [2026-08-24T14:00:37.514+0000] {dag.py:3954} INFO - Setting next_dagrun for dataset_consumes_1_never_scheduled to None, run_after=None
[2026-08-24T14:00:37.516+0000] {logging_mixin.py:188} INFO - [2026-08-24T14:00:37.516+0000] {dag.py:3954} INFO - Setting next_dagrun for dataset_consumes_unknown_never_scheduled to None, run_after=None
[2026-08-24T14:00:37.520+0000] {logging_mixin.py:188} INFO - [2026-08-24T14:00:37.519+0000] {dag.py:3954} INFO - Setting next_dagrun for dataset_produces_1 to 2026-08-23 00:00:00+00:00, run_after=2026-08-24 00:00:00+00:00
[2026-08-24T14:00:37.522+0000] {logging_mixin.py:188} INFO - [2026-08-24T14:00:37.521+0000] {dag.py:3954} INFO - Setting next_dagrun for dataset_produces_2 to None, run_after=None
[2026-08-24T14:00:37.567+0000] {processor.py:183} INFO - Processing /home/airflow/.local/lib/python3.12/site-packages/airflow/example_dags/example_datasets.py took 0.390 seconds
[2026-08-24T14:01:07.770+0000] {processor.py:161} INFO - Started process (PID=165) to work on /home/airflow/.local/lib/python3.12/site-packages/airflow/example_dags/example_datasets.py
[2026-08-24T14:01:07.771+0000] {processor.py:830} INFO - Processing file /home/airflow/.local/lib/python3.12/site-packages/airflow/example_dags/example_datasets.py for tasks to queue
[2026-08-24T14:01:07.773+0000] {logging_mixin.py:188} INFO - [2026-08-24T14:01:07.773+0000] {dagbag.py:545} INFO - Filling up the DagBag from /home/airflow/.local/lib/python3.12/site-packages/airflow/example_dags/example_datasets.py
[2026-08-24T14:01:07.794+0000] {processor.py:840} INFO - DAG(s) 'dataset_consumes_1_and_2', 'consume_1_or_both_2_and_3_with_dataset_expressions', 'consume_1_or_2_with_dataset_expressions', 'dataset_produces_1', 'dataset_produces_2', 'dataset_consumes_1_never_scheduled', 'dataset_consumes_1', 'dataset_consumes_unknown_never_scheduled', 'conditional_dataset_and_time_based_timetable', 'consume_1_and_2_with_dataset_expressions' retrieved from /home/airflow/.local/lib/python3.12/site-packages/airflow/example_dags/example_datasets.py
[2026-08-24T14:01:07.851+0000] {logging_mixin.py:188} INFO - [2026-08-24T14:01:07.851+0000] {dag.py:3096} INFO - Sync 10 DAGs
[2026-08-24T14:01:07.883+0000] {logging_mixin.py:188} INFO - [2026-08-24T14:01:07.883+0000] {dag.py:3954} INFO - Setting next_dagrun for conditional_dataset_and_time_based_timetable to 2026-08-19 01:00:00+00:00, run_after=2026-08-19 01:00:00+00:00
[2026-08-24T14:01:07.888+0000] {logging_mixin.py:188} INFO - [2026-08-24T14:01:07.887+0000] {dag.py:3954} INFO - Setting next_dagrun for consume_1_and_2_with_dataset_expressions to None, run_after=None
[2026-08-24T14:01:07.890+0000] {logging_mixin.py:188} INFO - [2026-08-24T14:01:07.889+0000] {dag.py:3954} INFO - Setting next_dagrun for consume_1_or_2_with_dataset_expressions to None, run_after=None
[2026-08-24T14:01:07.892+0000] {logging_mixin.py:188} INFO - [2026-08-24T14:01:07.891+0000] {dag.py:3954} INFO - Setting next_dagrun for consume_1_or_both_2_and_3_with_dataset_expressions to None, run_after=None
[2026-08-24T14:01:07.893+0000] {logging_mixin.py:188} INFO - [2026-08-24T14:01:07.893+0000] {dag.py:3954} INFO - Setting next_dagrun for dataset_consumes_1 to None, run_after=None
[2026-08-24T14:01:07.895+0000] {logging_mixin.py:188} INFO - [2026-08-24T14:01:07.895+0000] {dag.py:3954} INFO - Setting next_dagrun for dataset_consumes_1_and_2 to None, run_after=None
[2026-08-24T14:01:07.897+0000] {logging_mixin.py:188} INFO - [2026-08-24T14:01:07.897+0000] {dag.py:3954} INFO - Setting next_dagrun for dataset_consumes_1_never_scheduled to None, run_after=None
[2026-08-24T14:01:07.899+0000] {logging_mixin.py:188} INFO - [2026-08-24T14:01:07.899+0000] {dag.py:3954} INFO - Setting next_dagrun for dataset_consumes_unknown_never_scheduled to None, run_after=None
[2026-08-24T14:01:07.902+0000] {logging_mixin.py:188} INFO - [2026-08-24T14:01:07.902+0000] {dag.py:3954} INFO - Setting next_dagrun for dataset_produces_1 to 2026-08-23 00:00:00+00:00, run_after=2026-08-24 00:00:00+00:00
[2026-08-24T14:01:07.904+0000] {logging_mixin.py:188} INFO - [2026-08-24T14:01:07.904+0000] {dag.py:3954} INFO - Setting next_dagrun for dataset_produces_2 to None, run_after=None
[2026-08-24T14:01:07.944+0000] {processor.py:183} INFO - Processing /home/airflow/.local/lib/python3.12/site-packages/airflow/example_dags/example_datasets.py took 0.181 seconds
[2026-08-24T14:01:38.053+0000] {processor.py:161} INFO - Started process (PID=224) to work on /home/airflow/.local/lib/python3.12/site-packages/airflow/example_dags/example_datasets.py
[2026-08-24T14:01:38.054+0000] {processor.py:830} INFO - Processing file /home/airflow/.local/lib/python3.12/site-packages/airflow/example_dags/example_datasets.py for tasks to queue
[2026-08-24T14:01:38.057+0000] {logging_mixin.py:188} INFO - [2026-08-24T14:01:38.056+0000] {dagbag.py:545} INFO - Filling up the DagBag from /home/airflow/.local/lib/python3.12/site-packages/airflow/example_dags/example_datasets.py
[2026-08-24T14:01:38.074+0000] {processor.py:840} INFO - DAG(s) 'dataset_consumes_1', 'dataset_produces_1', 'consume_1_or_2_with_dataset_expressions', 'conditional_dataset_and_time_based_timetable', 'dataset_consumes_unknown_never_scheduled', 'consume_1_and_2_with_dataset_expressions', 'dataset_produces_2', 'dataset_consumes_1_and_2', 'consume_1_or_both_2_and_3_with_dataset_expressions', 'dataset_consumes_1_never_scheduled' retrieved from /home/airflow/.local/lib/python3.12/site-packages/airflow/example_dags/example_datasets.py
[2026-08-24T14:01:38.137+0000] {logging_mixin.py:188} INFO - [2026-08-24T14:01:38.136+0000] {dag.py:3096} INFO - Sync 10 DAGs
[2026-08-24T14:01:38.174+0000] {logging_mixin.py:188} INFO - [2026-08-24T14:01:38.173+0000] {dag.py:3954} INFO - Setting next_dagrun for conditional_dataset_and_time_based_timetable to 2026-08-19 01:00:00+00:00, run_after=2026-08-19 01:00:00+00:00
[2026-08-24T14:01:38.181+0000] {logging_mixin.py:188} INFO - [2026-08-24T14:01:38.180+0000] {dag.py:3954} INFO - Setting next_dagrun for consume_1_and_2_with_dataset_expressions to None, run_after=None
[2026-08-24T14:01:38.183+0000] {logging_mixin.py:188} INFO - [2026-08-24T14:01:38.182+0000] {dag.py:3954} INFO - Setting next_dagrun for consume_1_or_2_with_dataset_expressions to None, run_after=None
[2026-08-24T14:01:38.184+0000] {logging_mixin.py:188} INFO - [2026-08-24T14:01:38.184+0000] {dag.py:3954} INFO - Setting next_dagrun for consume_1_or_both_2_and_3_with_dataset_expressions to None, run_after=None
[2026-08-24T14:01:38.186+0000] {logging_mixin.py:188} INFO - [2026-08-24T14:01:38.186+0000] {dag.py:3954} INFO - Setting next_dagrun for dataset_consumes_1 to None, run_after=None
[2026-08-24T14:01:38.188+0000] {logging_mixin.py:188} INFO - [2026-08-24T14:01:38.188+0000] {dag.py:3954} INFO - Setting next_dagrun for dataset_consumes_1_and_2 to None, run_after=None
[2026-08-24T14:01:38.191+0000] {logging_mixin.py:188} INFO - [2026-08-24T14:01:38.191+0000] {dag.py:3954} INFO - Setting next_dagrun for dataset_consumes_1_never_scheduled to None, run_after=None
[2026-08-24T14:01:38.193+0000] {logging_mixin.py:188} INFO - [2026-08-24T14:01:38.192+0000] {dag.py:3954} INFO - Setting next_dagrun for dataset_consumes_unknown_never_scheduled to None, run_after=None
[2026-08-24T14:01:38.196+0000] {logging_mixin.py:188} INFO - [2026-08-24T14:01:38.195+0000] {dag.py:3954} INFO - Setting next_dagrun for dataset_produces_1 to 2026-08-23 00:00:00+00:00, run_after=2026-08-24 00:00:00+00:00
[2026-08-24T14:01:38.197+0000] {logging_mixin.py:188} INFO - [2026-08-24T14:01:38.197+0000] {dag.py:3954} INFO - Setting next_dagrun for dataset_produces_2 to None, run_after=None
[2026-08-24T14:01:38.267+0000] {processor.py:183} INFO - Processing /home/airflow/.local/lib/python3.12/site-packages/airflow/example_dags/example_datasets.py took 0.223 seconds
[2026-08-24T14:02:08.743+0000] {processor.py:161} INFO - Started process (PID=283) to work on /home/airflow/.local/lib/python3.12/site-packages/airflow/example_dags/example_datasets.py
[2026-08-24T14:02:08.746+0000] {processor.py:830} INFO - Processing file /home/airflow/.local/lib/python3.12/site-packages/airflow/example_dags/example_datasets.py for tasks to queue
[2026-08-24T14:02:08.748+0000] {logging_mixin.py:188} INFO - [2026-08-24T14:02:08.748+0000] {dagbag.py:545} INFO - Filling up the DagBag from /home/airflow/.local/lib/python3.12/site-packages/airflow/example_dags/example_datasets.py
[2026-08-24T14:02:08.767+0000] {processor.py:840} INFO - DAG(s) 'dataset_consumes_unknown_never_scheduled', 'consume_1_and_2_with_dataset_expressions', 'dataset_consumes_1_and_2', 'dataset_produces_1', 'conditional_dataset_and_time_based_timetable', 'consume_1_or_2_with_dataset_expressions', 'dataset_consumes_1_never_scheduled', 'consume_1_or_both_2_and_3_with_dataset_expressions', 'dataset_consumes_1', 'dataset_produces_2' retrieved from /home/airflow/.local/lib/python3.12/site-packages/airflow/example_dags/example_datasets.py
[2026-08-24T14:02:08.829+0000] {logging_mixin.py:188} INFO - [2026-08-24T14:02:08.828+0000] {dag.py:3096} INFO - Sync 10 DAGs
[2026-08-24T14:02:08.863+0000] {logging_mixin.py:188} INFO - [2026-08-24T14:02:08.863+0000] {dag.py:3954} INFO - Setting next_dagrun for conditional_dataset_and_time_based_timetable to 2026-08-19 01:00:00+00:00, run_after=2026-08-19 01:00:00+00:00
[2026-08-24T14:02:08.869+0000] {logging_mixin.py:188} INFO - [2026-08-24T14:02:08.868+0000] {dag.py:3954} INFO - Setting next_dagrun for consume_1_and_2_with_dataset_expressions to None, run_after=None
[2026-08-24T14:02:08.870+0000] {logging_mixin.py:188} INFO - [2026-08-24T14:02:08.870+0000] {dag.py:3954} INFO - Setting next_dagrun for consume_1_or_2_with_dataset_expressions to None, run_after=None
[2026-08-24T14:02:08.872+0000] {logging_mixin.py:188} INFO - [2026-08-24T14:02:08.872+0000] {dag.py:3954} INFO - Setting next_dagrun for consume_1_or_both_2_and_3_with_dataset_expressions to None, run_after=None
[2026-08-24T14:02:08.874+0000] {logging_mixin.py:188} INFO - [2026-08-24T14:02:08.874+0000] {dag.py:3954} INFO - Setting next_dagrun for dataset_consumes_1 to None, run_after=None
[2026-08-24T14:02:08.875+0000] {logging_mixin.py:188} INFO - [2026-08-24T14:02:08.875+0000] {dag.py:3954} INFO - Setting next_dagrun for dataset_consumes_1_and_2 to None, run_after=None
[2026-08-24T14:02:08.877+0000] {logging_mixin.py:188} INFO - [2026-08-24T14:02:08.877+0000] {dag.py:3954} INFO - Setting next_dagrun for dataset_consumes_1_never_scheduled to None, run_after=None
[2026-08-24T14:02:08.879+0000] {logging_mixin.py:188} INFO - [2026-08-24T14:02:08.879+0000] {dag.py:3954} INFO - Setting next_dagrun for dataset_consumes_unknown_never_scheduled to None, run_after=None
[2026-08-24T14:02:08.883+0000] {logging_mixin.py:188} INFO - [2026-08-24T14:02:08.883+0000] {dag.py:3954} INFO - Setting next_dagrun for dataset_produces_1 to 2026-08-23 00:00:00+00:00, run_after=2026-08-24 00:00:00+00:00
[2026-08-24T14:02:08.885+0000] {logging_mixin.py:188} INFO - [2026-08-24T14:02:08.884+0000] {dag.py:3954} INFO - Setting next_dagrun for dataset_produces_2 to None, run_after=None
[2026-08-24T14:02:08.925+0000] {processor.py:183} INFO - Processing /home/airflow/.local/lib/python3.12/site-packages/airflow/example_dags/example_datasets.py took 0.190 seconds
[2026-08-24T14:02:39.008+0000] {processor.py:161} INFO - Started process (PID=343) to work on /home/airflow/.local/lib/python3.12/site-packages/airflow/example_dags/example_datasets.py
[2026-08-24T14:02:39.009+0000] {processor.py:830} INFO - Processing file /home/airflow/.local/lib/python3.12/site-packages/airflow/example_dags/example_datasets.py for tasks to queue
[2026-08-24T14:02:39.012+0000] {logging_mixin.py:188} INFO - [2026-08-24T14:02:39.012+0000] {dagbag.py:545} INFO - Filling up the DagBag from /home/airflow/.local/lib/python3.12/site-packages/airflow/example_dags/example_datasets.py
[2026-08-24T14:02:39.029+0000] {processor.py:840} INFO - DAG(s) 'dataset_produces_1', 'conditional_dataset_and_time_based_timetable', 'consume_1_or_2_with_dataset_expressions', 'dataset_consumes_unknown_never_scheduled', 'dataset_consumes_1_and_2', 'dataset_produces_2', 'dataset_consumes_1', 'dataset_consumes_1_never_scheduled', 'consume_1_or_both_2_and_3_with_dataset_expressions', 'consume_1_and_2_with_dataset_expressions' retrieved from /home/airflow/.local/lib/python3.12/site-packages/airflow/example_dags/example_datasets.py
[2026-08-24T14:02:39.087+0000] {logging_mixin.py:188} INFO - [2026-08-24T14:02:39.087+0000] {dag.py:3096} INFO - Sync 10 DAGs
[2026-08-24T14:02:39.118+0000] {logging_mixin.py:188} INFO - [2026-08-24T14:02:39.117+0000] {dag.py:3954} INFO - Setting next_dagrun for conditional_dataset_and_time_based_timetable to 2026-08-19 01:00:00+00:00, run_after=2026-08-19 01:00:00+00:00
[2026-08-24T14:02:39.123+0000] {logging_mixin.py:188} INFO - [2026-08-24T14:02:39.122+0000] {dag.py:3954} INFO - Setting next_dagrun for consume_1_and_2_with_dataset_expressions to None, run_after=None
[2026-08-24T14:02:39.124+0000] {logging_mixin.py:188} INFO - [2026-08-24T14:02:39.124+0000] {dag.py:3954} INFO - Setting next_dagrun for consume_1_or_2_with_dataset_expressions to None, run_after=None
[2026-08-24T14:02:39.126+0000] {logging_mixin.py:188} INFO - [2026-08-24T14:02:39.126+0000] {dag.py:3954} INFO - Setting next_dagrun for consume_1_or_both_2_and_3_with_dataset_expressions to None, run_after=None
[2026-08-24T14:02:39.129+0000] {logging_mixin.py:188} INFO - [2026-08-24T14:02:39.128+0000] {dag.py:3954} INFO - Setting next_dagrun for dataset_consumes_1 to None, run_after=None
[2026-08-24T14:02:39.131+0000] {logging_mixin.py:188} INFO - [2026-08-24T14:02:39.131+0000] {dag.py:3954} INFO - Setting next_dagrun for dataset_consumes_1_and_2 to None, run_after=None
[2026-08-24T14:02:39.133+0000] {logging_mixin.py:188} INFO - [2026-08-24T14:02:39.133+0000] {dag.py:3954} INFO - Setting next_dagrun for dataset_consumes_1_never_scheduled to None, run_after=None
[2026-08-24T14:02:39.135+0000] {logging_mixin.py:188} INFO - [2026-08-24T14:02:39.135+0000] {dag.py:3954} INFO - Setting next_dagrun for dataset_consumes_unknown_never_scheduled to None, run_after=None
[2026-08-24T14:02:39.138+0000] {logging_mixin.py:188} INFO - [2026-08-24T14:02:39.138+0000] {dag.py:3954} INFO - Setting next_dagrun for dataset_produces_1 to 2026-08-23 00:00:00+00:00, run_after=2026-08-24 00:00:00+00:00
[2026-08-24T14:02:39.140+0000] {logging_mixin.py:188} INFO - [2026-08-24T14:02:39.140+0000] {dag.py:3954} INFO - Setting next_dagrun for dataset_produces_2 to None, run_after=None
[2026-08-24T14:02:39.184+0000] {processor.py:183} INFO - Processing /home/airflow/.local/lib/python3.12/site-packages/airflow/example_dags/example_datasets.py took 0.184 seconds
[2026-08-24T14:03:09.634+0000] {processor.py:161} INFO - Started process (PID=403) to work on /home/airflow/.local/lib/python3.12/site-packages/airflow/example_dags/example_datasets.py
[2026-08-24T14:03:09.636+0000] {processor.py:830} INFO - Processing file /home/airflow/.local/lib/python3.12/site-packages/airflow/example_dags/example_datasets.py for tasks to queue
[2026-08-24T14:03:09.638+0000] {logging_mixin.py:188} INFO - [2026-08-24T14:03:09.638+0000] {dagbag.py:545} INFO - Filling up the DagBag from /home/airflow/.local/lib/python3.12/site-packages/airflow/example_dags/example_datasets.py
[2026-08-24T14:03:09.657+0000] {processor.py:840} INFO - DAG(s) 'dataset_consumes_unknown_never_scheduled', 'consume_1_or_2_with_dataset_expressions', 'dataset_produces_1', 'dataset_consumes_1_never_scheduled', 'dataset_produces_2', 'dataset_consumes_1', 'consume_1_and_2_with_dataset_expressions', 'dataset_consumes_1_and_2', 'consume_1_or_both_2_and_3_with_dataset_expressions', 'conditional_dataset_and_time_based_timetable' retrieved from /home/airflow/.local/lib/python3.12/site-packages/airflow/example_dags/example_datasets.py
[2026-08-24T14:03:09.740+0000] {logging_mixin.py:188} INFO - [2026-08-24T14:03:09.740+0000] {dag.py:3096} INFO - Sync 10 DAGs
[2026-08-24T14:03:09.787+0000] {logging_mixin.py:188} INFO - [2026-08-24T14:03:09.787+0000] {dag.py:3954} INFO - Setting next_dagrun for conditional_dataset_and_time_based_timetable to 2026-08-19 01:00:00+00:00, run_after=2026-08-19 01:00:00+00:00
[2026-08-24T14:03:09.798+0000] {logging_mixin.py:188} INFO - [2026-08-24T14:03:09.797+0000] {dag.py:3954} INFO - Setting next_dagrun for consume_1_and_2_with_dataset_expressions to None, run_after=None
[2026-08-24T14:03:09.802+0000] {logging_mixin.py:188} INFO - [2026-08-24T14:03:09.801+0000] {dag.py:3954} INFO - Setting next_dagrun for consume_1_or_2_with_dataset_expressions to None, run_after=None
[2026-08-24T14:03:09.809+0000] {logging_mixin.py:188} INFO - [2026-08-24T14:03:09.808+0000] {dag.py:3954} INFO - Setting next_dagrun for consume_1_or_both_2_and_3_with_dataset_expressions to None, run_after=None
[2026-08-24T14:03:09.816+0000] {logging_mixin.py:188} INFO - [2026-08-24T14:03:09.816+0000] {dag.py:3954} INFO - Setting next_dagrun for dataset_consumes_1 to None, run_after=None
[2026-08-24T14:03:09.823+0000] {logging_mixin.py:188} INFO - [2026-08-24T14:03:09.823+0000] {dag.py:3954} INFO - Setting next_dagrun for dataset_consumes_1_and_2 to None, run_after=None
[2026-08-24T14:03:09.828+0000] {logging_mixin.py:188} INFO - [2026-08-24T14:03:09.827+0000] {dag.py:3954} INFO - Setting next_dagrun for dataset_consumes_1_never_scheduled to None, run_after=None
[2026-08-24T14:03:09.832+0000] {logging_mixin.py:188} INFO - [2026-08-24T14:03:09.831+0000] {dag.py:3954} INFO - Setting next_dagrun for dataset_consumes_unknown_never_scheduled to None, run_after=None
[2026-08-24T14:03:09.842+0000] {logging_mixin.py:188} INFO - [2026-08-24T14:03:09.842+0000] {dag.py:3954} INFO - Setting next_dagrun for dataset_produces_1 to 2026-08-23 00:00:00+00:00, run_after=2026-08-24 00:00:00+00:00
[2026-08-24T14:03:09.850+0000] {logging_mixin.py:188} INFO - [2026-08-24T14:03:09.848+0000] {dag.py:3954} INFO - Setting next_dagrun for dataset_produces_2 to None, run_after=None
[2026-08-24T14:03:09.955+0000] {processor.py:183} INFO - Processing /home/airflow/.local/lib/python3.12/site-packages/airflow/example_dags/example_datasets.py took 0.331 seconds
[2026-08-24T14:07:40.589+0000] {processor.py:161} INFO - Started process (PID=112) to work on /home/airflow/.local/lib/python3.12/site-packages/airflow/example_dags/example_datasets.py
[2026-08-24T14:07:40.591+0000] {processor.py:830} INFO - Processing file /home/airflow/.local/lib/python3.12/site-packages/airflow/example_dags/example_datasets.py for tasks to queue
[2026-08-24T14:07:40.596+0000] {logging_mixin.py:188} INFO - [2026-08-24T14:07:40.595+0000] {dagbag.py:545} INFO - Filling up the DagBag from /home/airflow/.local/lib/python3.12/site-packages/airflow/example_dags/example_datasets.py
[2026-08-24T14:07:40.627+0000] {processor.py:840} INFO - DAG(s) 'dataset_consumes_1', 'dataset_produces_2', 'dataset_consumes_unknown_never_scheduled', 'consume_1_or_2_with_dataset_expressions', 'dataset_consumes_1_never_scheduled', 'conditional_dataset_and_time_based_timetable', 'consume_1_or_both_2_and_3_with_dataset_expressions', 'consume_1_and_2_with_dataset_expressions', 'dataset_produces_1', 'dataset_consumes_1_and_2' retrieved from /home/airflow/.local/lib/python3.12/site-packages/airflow/example_dags/example_datasets.py
[2026-08-24T14:07:40.971+0000] {logging_mixin.py:188} INFO - [2026-08-24T14:07:40.970+0000] {dag.py:3096} INFO - Sync 10 DAGs
[2026-08-24T14:07:41.011+0000] {logging_mixin.py:188} INFO - [2026-08-24T14:07:41.011+0000] {dag.py:3954} INFO - Setting next_dagrun for conditional_dataset_and_time_based_timetable to 2026-08-19 01:00:00+00:00, run_after=2026-08-19 01:00:00+00:00
[2026-08-24T14:07:41.016+0000] {logging_mixin.py:188} INFO - [2026-08-24T14:07:41.016+0000] {dag.py:3954} INFO - Setting next_dagrun for consume_1_and_2_with_dataset_expressions to None, run_after=None
[2026-08-24T14:07:41.018+0000] {logging_mixin.py:188} INFO - [2026-08-24T14:07:41.018+0000] {dag.py:3954} INFO - Setting next_dagrun for consume_1_or_2_with_dataset_expressions to None, run_after=None
[2026-08-24T14:07:41.021+0000] {logging_mixin.py:188} INFO - [2026-08-24T14:07:41.021+0000] {dag.py:3954} INFO - Setting next_dagrun for consume_1_or_both_2_and_3_with_dataset_expressions to None, run_after=None
[2026-08-24T14:07:41.024+0000] {logging_mixin.py:188} INFO - [2026-08-24T14:07:41.023+0000] {dag.py:3954} INFO - Setting next_dagrun for dataset_consumes_1 to None, run_after=None
[2026-08-24T14:07:41.026+0000] {logging_mixin.py:188} INFO - [2026-08-24T14:07:41.026+0000] {dag.py:3954} INFO - Setting next_dagrun for dataset_consumes_1_and_2 to None, run_after=None
[2026-08-24T14:07:41.029+0000] {logging_mixin.py:188} INFO - [2026-08-24T14:07:41.028+0000] {dag.py:3954} INFO - Setting next_dagrun for dataset_consumes_1_never_scheduled to None, run_after=None
[2026-08-24T14:07:41.031+0000] {logging_mixin.py:188} INFO - [2026-08-24T14:07:41.031+0000] {dag.py:3954} INFO - Setting next_dagrun for dataset_consumes_unknown_never_scheduled to None, run_after=None
[2026-08-24T14:07:41.036+0000] {logging_mixin.py:188} INFO - [2026-08-24T14:07:41.035+0000] {dag.py:3954} INFO - Setting next_dagrun for dataset_produces_1 to 2026-08-23 00:00:00+00:00, run_after=2026-08-24 00:00:00+00:00
[2026-08-24T14:07:41.038+0000] {logging_mixin.py:188} INFO - [2026-08-24T14:07:41.038+0000] {dag.py:3954} INFO - Setting next_dagrun for dataset_produces_2 to None, run_after=None
[2026-08-24T14:07:41.093+0000] {processor.py:183} INFO - Processing /home/airflow/.local/lib/python3.12/site-packages/airflow/example_dags/example_datasets.py took 0.512 seconds
[2026-08-24T14:08:11.841+0000] {processor.py:161} INFO - Started process (PID=171) to work on /home/airflow/.local/lib/python3.12/site-packages/airflow/example_dags/example_datasets.py
[2026-08-24T14:08:11.843+0000] {processor.py:830} INFO - Processing file /home/airflow/.local/lib/python3.12/site-packages/airflow/example_dags/example_datasets.py for tasks to queue
[2026-08-24T14:08:11.846+0000] {logging_mixin.py:188} INFO - [2026-08-24T14:08:11.846+0000] {dagbag.py:545} INFO - Filling up the DagBag from /home/airflow/.local/lib/python3.12/site-packages/airflow/example_dags/example_datasets.py
[2026-08-24T14:08:11.873+0000] {processor.py:840} INFO - DAG(s) 'consume_1_and_2_with_dataset_expressions', 'dataset_consumes_1', 'dataset_produces_2', 'consume_1_or_both_2_and_3_with_dataset_expressions', 'dataset_consumes_unknown_never_scheduled', 'consume_1_or_2_with_dataset_expressions', 'dataset_consumes_1_and_2', 'dataset_consumes_1_never_scheduled', 'conditional_dataset_and_time_based_timetable', 'dataset_produces_1' retrieved from /home/airflow/.local/lib/python3.12/site-packages/airflow/example_dags/example_datasets.py
[2026-08-24T14:08:12.007+0000] {logging_mixin.py:188} INFO - [2026-08-24T14:08:12.007+0000] {dag.py:3096} INFO - Sync 10 DAGs
[2026-08-24T14:08:12.091+0000] {logging_mixin.py:188} INFO - [2026-08-24T14:08:12.091+0000] {dag.py:3954} INFO - Setting next_dagrun for conditional_dataset_and_time_based_timetable to 2026-08-19 01:00:00+00:00, run_after=2026-08-19 01:00:00+00:00
[2026-08-24T14:08:12.102+0000] {logging_mixin.py:188} INFO - [2026-08-24T14:08:12.101+0000] {dag.py:3954} INFO - Setting next_dagrun for consume_1_and_2_with_dataset_expressions to None, run_after=None
[2026-08-24T14:08:12.106+0000] {logging_mixin.py:188} INFO - [2026-08-24T14:08:12.106+0000] {dag.py:3954} INFO - Setting next_dagrun for consume_1_or_2_with_dataset_expressions to None, run_after=None
[2026-08-24T14:08:12.108+0000] {logging_mixin.py:188} INFO - [2026-08-24T14:08:12.108+0000] {dag.py:3954} INFO - Setting next_dagrun for consume_1_or_both_2_and_3_with_dataset_expressions to None, run_after=None
[2026-08-24T14:08:12.113+0000] {logging_mixin.py:188} INFO - [2026-08-24T14:08:12.111+0000] {dag.py:3954} INFO - Setting next_dagrun for dataset_consumes_1 to None, run_after=None
[2026-08-24T14:08:12.121+0000] {logging_mixin.py:188} INFO - [2026-08-24T14:08:12.121+0000] {dag.py:3954} INFO - Setting next_dagrun for dataset_consumes_1_and_2 to None, run_after=None
[2026-08-24T14:08:12.130+0000] {logging_mixin.py:188} INFO - [2026-08-24T14:08:12.129+0000] {dag.py:3954} INFO - Setting next_dagrun for dataset_consumes_1_never_scheduled to None, run_after=None
[2026-08-24T14:08:12.136+0000] {logging_mixin.py:188} INFO - [2026-08-24T14:08:12.132+0000] {dag.py:3954} INFO - Setting next_dagrun for dataset_consumes_unknown_never_scheduled to None, run_after=None
[2026-08-24T14:08:12.146+0000] {logging_mixin.py:188} INFO - [2026-08-24T14:08:12.145+0000] {dag.py:3954} INFO - Setting next_dagrun for dataset_produces_1 to 2026-08-23 00:00:00+00:00, run_after=2026-08-24 00:00:00+00:00
[2026-08-24T14:08:12.150+0000] {logging_mixin.py:188} INFO - [2026-08-24T14:08:12.149+0000] {dag.py:3954} INFO - Setting next_dagrun for dataset_produces_2 to None, run_after=None
[2026-08-24T14:08:12.313+0000] {processor.py:183} INFO - Processing /home/airflow/.local/lib/python3.12/site-packages/airflow/example_dags/example_datasets.py took 0.485 seconds
[2026-08-24T14:08:42.724+0000] {processor.py:161} INFO - Started process (PID=230) to work on /home/airflow/.local/lib/python3.12/site-packages/airflow/example_dags/example_datasets.py
[2026-08-24T14:08:42.726+0000] {processor.py:830} INFO - Processing file /home/airflow/.local/lib/python3.12/site-packages/airflow/example_dags/example_datasets.py for tasks to queue
[2026-08-24T14:08:42.730+0000] {logging_mixin.py:188} INFO - [2026-08-24T14:08:42.729+0000] {dagbag.py:545} INFO - Filling up the DagBag from /home/airflow/.local/lib/python3.12/site-packages/airflow/example_dags/example_datasets.py
[2026-08-24T14:08:42.759+0000] {processor.py:840} INFO - DAG(s) 'dataset_consumes_1', 'consume_1_or_2_with_dataset_expressions', 'dataset_produces_2', 'dataset_produces_1', 'dataset_consumes_1_and_2', 'conditional_dataset_and_time_based_timetable', 'dataset_consumes_1_never_scheduled', 'consume_1_and_2_with_dataset_expressions', 'consume_1_or_both_2_and_3_with_dataset_expressions', 'dataset_consumes_unknown_never_scheduled' retrieved from /home/airflow/.local/lib/python3.12/site-packages/airflow/example_dags/example_datasets.py
[2026-08-24T14:08:42.834+0000] {logging_mixin.py:188} INFO - [2026-08-24T14:08:42.833+0000] {dag.py:3096} INFO - Sync 10 DAGs
[2026-08-24T14:08:42.873+0000] {logging_mixin.py:188} INFO - [2026-08-24T14:08:42.873+0000] {dag.py:3954} INFO - Setting next_dagrun for conditional_dataset_and_time_based_timetable to 2026-08-19 01:00:00+00:00, run_after=2026-08-19 01:00:00+00:00
[2026-08-24T14:08:42.880+0000] {logging_mixin.py:188} INFO - [2026-08-24T14:08:42.879+0000] {dag.py:3954} INFO - Setting next_dagrun for consume_1_and_2_with_dataset_expressions to None, run_after=None
[2026-08-24T14:08:42.882+0000] {logging_mixin.py:188} INFO - [2026-08-24T14:08:42.882+0000] {dag.py:3954} INFO - Setting next_dagrun for consume_1_or_2_with_dataset_expressions to None, run_after=None
[2026-08-24T14:08:42.884+0000] {logging_mixin.py:188} INFO - [2026-08-24T14:08:42.884+0000] {dag.py:3954} INFO - Setting next_dagrun for consume_1_or_both_2_and_3_with_dataset_expressions to None, run_after=None
[2026-08-24T14:08:42.887+0000] {logging_mixin.py:188} INFO - [2026-08-24T14:08:42.887+0000] {dag.py:3954} INFO - Setting next_dagrun for dataset_consumes_1 to None, run_after=None
[2026-08-24T14:08:42.889+0000] {logging_mixin.py:188} INFO - [2026-08-24T14:08:42.889+0000] {dag.py:3954} INFO - Setting next_dagrun for dataset_consumes_1_and_2 to None, run_after=None
[2026-08-24T14:08:42.891+0000] {logging_mixin.py:188} INFO - [2026-08-24T14:08:42.891+0000] {dag.py:3954} INFO - Setting next_dagrun for dataset_consumes_1_never_scheduled to None, run_after=None
[2026-08-24T14:08:42.893+0000] {logging_mixin.py:188} INFO - [2026-08-24T14:08:42.893+0000] {dag.py:3954} INFO - Setting next_dagrun for dataset_consumes_unknown_never_scheduled to None, run_after=None
[2026-08-24T14:08:42.898+0000] {logging_mixin.py:188} INFO - [2026-08-24T14:08:42.897+0000] {dag.py:3954} INFO - Setting next_dagrun for dataset_produces_1 to 2026-08-23 00:00:00+00:00, run_after=2026-08-24 00:00:00+00:00
[2026-08-24T14:08:42.900+0000] {logging_mixin.py:188} INFO - [2026-08-24T14:08:42.900+0000] {dag.py:3954} INFO - Setting next_dagrun for dataset_produces_2 to None, run_after=None
[2026-08-24T14:08:42.947+0000] {processor.py:183} INFO - Processing /home/airflow/.local/lib/python3.12/site-packages/airflow/example_dags/example_datasets.py took 0.232 seconds
[2026-08-24T14:09:13.017+0000] {processor.py:161} INFO - Started process (PID=289) to work on /home/airflow/.local/lib/python3.12/site-packages/airflow/example_dags/example_datasets.py
[2026-08-24T14:09:13.018+0000] {processor.py:830} INFO - Processing file /home/airflow/.local/lib/python3.12/site-packages/airflow/example_dags/example_datasets.py for tasks to queue
[2026-08-24T14:09:13.020+0000] {logging_mixin.py:188} INFO - [2026-08-24T14:09:13.020+0000] {dagbag.py:545} INFO - Filling up the DagBag from /home/airflow/.local/lib/python3.12/site-packages/airflow/example_dags/example_datasets.py
[2026-08-24T14:09:13.037+0000] {processor.py:840} INFO - DAG(s) 'conditional_dataset_and_time_based_timetable', 'dataset_consumes_1_never_scheduled', 'dataset_consumes_1', 'consume_1_or_2_with_dataset_expressions', 'consume_1_and_2_with_dataset_expressions', 'dataset_consumes_1_and_2', 'consume_1_or_both_2_and_3_with_dataset_expressions', 'dataset_produces_2', 'dataset_consumes_unknown_never_scheduled', 'dataset_produces_1' retrieved from /home/airflow/.local/lib/python3.12/site-packages/airflow/example_dags/example_datasets.py
[2026-08-24T14:09:13.092+0000] {logging_mixin.py:188} INFO - [2026-08-24T14:09:13.092+0000] {dag.py:3096} INFO - Sync 10 DAGs
[2026-08-24T14:09:13.123+0000] {logging_mixin.py:188} INFO - [2026-08-24T14:09:13.123+0000] {dag.py:3954} INFO - Setting next_dagrun for conditional_dataset_and_time_based_timetable to 2026-08-19 01:00:00+00:00, run_after=2026-08-19 01:00:00+00:00
[2026-08-24T14:09:13.129+0000] {logging_mixin.py:188} INFO - [2026-08-24T14:09:13.128+0000] {dag.py:3954} INFO - Setting next_dagrun for consume_1_and_2_with_dataset_expressions to None, run_after=None
[2026-08-24T14:09:13.131+0000] {logging_mixin.py:188} INFO - [2026-08-24T14:09:13.131+0000] {dag.py:3954} INFO - Setting next_dagrun for consume_1_or_2_with_dataset_expressions to None, run_after=None
[2026-08-24T14:09:13.133+0000] {logging_mixin.py:188} INFO - [2026-08-24T14:09:13.133+0000] {dag.py:3954} INFO - Setting next_dagrun for consume_1_or_both_2_and_3_with_dataset_expressions to None, run_after=None
[2026-08-24T14:09:13.136+0000] {logging_mixin.py:188} INFO - [2026-08-24T14:09:13.135+0000] {dag.py:3954} INFO - Setting next_dagrun for dataset_consumes_1 to None, run_after=None
[2026-08-24T14:09:13.138+0000] {logging_mixin.py:188} INFO - [2026-08-24T14:09:13.138+0000] {dag.py:3954} INFO - Setting next_dagrun for dataset_consumes_1_and_2 to None, run_after=None
[2026-08-24T14:09:13.140+0000] {logging_mixin.py:188} INFO - [2026-08-24T14:09:13.140+0000] {dag.py:3954} INFO - Setting next_dagrun for dataset_consumes_1_never_scheduled to None, run_after=None
[2026-08-24T14:09:13.142+0000] {logging_mixin.py:188} INFO - [2026-08-24T14:09:13.141+0000] {dag.py:3954} INFO - Setting next_dagrun for dataset_consumes_unknown_never_scheduled to None, run_after=None
[2026-08-24T14:09:13.145+0000] {logging_mixin.py:188} INFO - [2026-08-24T14:09:13.145+0000] {dag.py:3954} INFO - Setting next_dagrun for dataset_produces_1 to 2026-08-23 00:00:00+00:00, run_after=2026-08-24 00:00:00+00:00
[2026-08-24T14:09:13.147+0000] {logging_mixin.py:188} INFO - [2026-08-24T14:09:13.147+0000] {dag.py:3954} INFO - Setting next_dagrun for dataset_produces_2 to None, run_after=None
[2026-08-24T14:09:13.186+0000] {processor.py:183} INFO - Processing /home/airflow/.local/lib/python3.12/site-packages/airflow/example_dags/example_datasets.py took 0.177 seconds
[2026-08-24T14:09:43.502+0000] {processor.py:161} INFO - Started process (PID=348) to work on /home/airflow/.local/lib/python3.12/site-packages/airflow/example_dags/example_datasets.py
[2026-08-24T14:09:43.504+0000] {processor.py:830} INFO - Processing file /home/airflow/.local/lib/python3.12/site-packages/airflow/example_dags/example_datasets.py for tasks to queue
[2026-08-24T14:09:43.506+0000] {logging_mixin.py:188} INFO - [2026-08-24T14:09:43.506+0000] {dagbag.py:545} INFO - Filling up the DagBag from /home/airflow/.local/lib/python3.12/site-packages/airflow/example_dags/example_datasets.py
[2026-08-24T14:09:43.524+0000] {processor.py:840} INFO - DAG(s) 'consume_1_and_2_with_dataset_expressions', 'dataset_produces_1', 'consume_1_or_both_2_and_3_with_dataset_expressions', 'conditional_dataset_and_time_based_timetable', 'dataset_consumes_1_and_2', 'dataset_consumes_1_never_scheduled', 'consume_1_or_2_with_dataset_expressions', 'dataset_produces_2', 'dataset_consumes_1', 'dataset_consumes_unknown_never_scheduled' retrieved from /home/airflow/.local/lib/python3.12/site-packages/airflow/example_dags/example_datasets.py
[2026-08-24T14:09:43.579+0000] {logging_mixin.py:188} INFO - [2026-08-24T14:09:43.578+0000] {dag.py:3096} INFO - Sync 10 DAGs
[2026-08-24T14:09:43.608+0000] {logging_mixin.py:188} INFO - [2026-08-24T14:09:43.608+0000] {dag.py:3954} INFO - Setting next_dagrun for conditional_dataset_and_time_based_timetable to 2026-08-19 01:00:00+00:00, run_after=2026-08-19 01:00:00+00:00
[2026-08-24T14:09:43.614+0000] {logging_mixin.py:188} INFO - [2026-08-24T14:09:43.614+0000] {dag.py:3954} INFO - Setting next_dagrun for consume_1_and_2_with_dataset_expressions to None, run_after=None
[2026-08-24T14:09:43.616+0000] {logging_mixin.py:188} INFO - [2026-08-24T14:09:43.616+0000] {dag.py:3954} INFO - Setting next_dagrun for consume_1_or_2_with_dataset_expressions to None, run_after=None
[2026-08-24T14:09:43.617+0000] {logging_mixin.py:188} INFO - [2026-08-24T14:09:43.617+0000] {dag.py:3954} INFO - Setting next_dagrun for consume_1_or_both_2_and_3_with_dataset_expressions to None, run_after=None
[2026-08-24T14:09:43.620+0000] {logging_mixin.py:188} INFO - [2026-08-24T14:09:43.620+0000] {dag.py:3954} INFO - Setting next_dagrun for dataset_consumes_1 to None, run_after=None
[2026-08-24T14:09:43.622+0000] {logging_mixin.py:188} INFO - [2026-08-24T14:09:43.622+0000] {dag.py:3954} INFO - Setting next_dagrun for dataset_consumes_1_and_2 to None, run_after=None
[2026-08-24T14:09:43.624+0000] {logging_mixin.py:188} INFO - [2026-08-24T14:09:43.624+0000] {dag.py:3954} INFO - Setting next_dagrun for dataset_consumes_1_never_scheduled to None, run_after=None
[2026-08-24T14:09:43.626+0000] {logging_mixin.py:188} INFO - [2026-08-24T14:09:43.626+0000] {dag.py:3954} INFO - Setting next_dagrun for dataset_consumes_unknown_never_scheduled to None, run_after=None
[2026-08-24T14:09:43.631+0000] {logging_mixin.py:188} INFO - [2026-08-24T14:09:43.631+0000] {dag.py:3954} INFO - Setting next_dagrun for dataset_produces_1 to 2026-08-23 00:00:00+00:00, run_after=2026-08-24 00:00:00+00:00
[2026-08-24T14:09:43.633+0000] {logging_mixin.py:188} INFO - [2026-08-24T14:09:43.633+0000] {dag.py:3954} INFO - Setting next_dagrun for dataset_produces_2 to None, run_after=None
[2026-08-24T14:09:43.680+0000] {processor.py:183} INFO - Processing /home/airflow/.local/lib/python3.12/site-packages/airflow/example_dags/example_datasets.py took 0.185 seconds
[2026-08-24T14:10:14.033+0000] {processor.py:161} INFO - Started process (PID=407) to work on /home/airflow/.local/lib/python3.12/site-packages/airflow/example_dags/example_datasets.py
[2026-08-24T14:10:14.034+0000] {processor.py:830} INFO - Processing file /home/airflow/.local/lib/python3.12/site-packages/airflow/example_dags/example_datasets.py for tasks to queue
[2026-08-24T14:10:14.037+0000] {logging_mixin.py:188} INFO - [2026-08-24T14:10:14.037+0000] {dagbag.py:545} INFO - Filling up the DagBag from /home/airflow/.local/lib/python3.12/site-packages/airflow/example_dags/example_datasets.py
[2026-08-24T14:10:14.055+0000] {processor.py:840} INFO - DAG(s) 'dataset_consumes_1_and_2', 'dataset_produces_2', 'conditional_dataset_and_time_based_timetable', 'dataset_consumes_1', 'consume_1_and_2_with_dataset_expressions', 'consume_1_or_2_with_dataset_expressions', 'dataset_consumes_unknown_never_scheduled', 'dataset_consumes_1_never_scheduled', 'consume_1_or_both_2_and_3_with_dataset_expressions', 'dataset_produces_1' retrieved from /home/airflow/.local/lib/python3.12/site-packages/airflow/example_dags/example_datasets.py
[2026-08-24T14:10:14.116+0000] {logging_mixin.py:188} INFO - [2026-08-24T14:10:14.116+0000] {dag.py:3096} INFO - Sync 10 DAGs
[2026-08-24T14:10:14.149+0000] {logging_mixin.py:188} INFO - [2026-08-24T14:10:14.148+0000] {dag.py:3954} INFO - Setting next_dagrun for conditional_dataset_and_time_based_timetable to 2026-08-19 01:00:00+00:00, run_after=2026-08-19 01:00:00+00:00
[2026-08-24T14:10:14.154+0000] {logging_mixin.py:188} INFO - [2026-08-24T14:10:14.154+0000] {dag.py:3954} INFO - Setting next_dagrun for consume_1_and_2_with_dataset_expressions to None, run_after=None
[2026-08-24T14:10:14.156+0000] {logging_mixin.py:188} INFO - [2026-08-24T14:10:14.156+0000] {dag.py:3954} INFO - Setting next_dagrun for consume_1_or_2_with_dataset_expressions to None, run_after=None
[2026-08-24T14:10:14.158+0000] {logging_mixin.py:188} INFO - [2026-08-24T14:10:14.158+0000] {dag.py:3954} INFO - Setting next_dagrun for consume_1_or_both_2_and_3_with_dataset_expressions to None, run_after=None
[2026-08-24T14:10:14.160+0000] {logging_mixin.py:188} INFO - [2026-08-24T14:10:14.159+0000] {dag.py:3954} INFO - Setting next_dagrun for dataset_consumes_1 to None, run_after=None
[2026-08-24T14:10:14.161+0000] {logging_mixin.py:188} INFO - [2026-08-24T14:10:14.161+0000] {dag.py:3954} INFO - Setting next_dagrun for dataset_consumes_1_and_2 to None, run_after=None
[2026-08-24T14:10:14.163+0000] {logging_mixin.py:188} INFO - [2026-08-24T14:10:14.163+0000] {dag.py:3954} INFO - Setting next_dagrun for dataset_consumes_1_never_scheduled to None, run_after=None
[2026-08-24T14:10:14.165+0000] {logging_mixin.py:188} INFO - [2026-08-24T14:10:14.165+0000] {dag.py:3954} INFO - Setting next_dagrun for dataset_consumes_unknown_never_scheduled to None, run_after=None
[2026-08-24T14:10:14.169+0000] {logging_mixin.py:188} INFO - [2026-08-24T14:10:14.169+0000] {dag.py:3954} INFO - Setting next_dagrun for dataset_produces_1 to 2026-08-23 00:00:00+00:00, run_after=2026-08-24 00:00:00+00:00
[2026-08-24T14:10:14.172+0000] {logging_mixin.py:188} INFO - [2026-08-24T14:10:14.171+0000] {dag.py:3954} INFO - Setting next_dagrun for dataset_produces_2 to None, run_after=None
[2026-08-24T14:10:14.217+0000] {processor.py:183} INFO - Processing /home/airflow/.local/lib/python3.12/site-packages/airflow/example_dags/example_datasets.py took 0.192 seconds
[2026-08-24T14:10:44.616+0000] {processor.py:161} INFO - Started process (PID=466) to work on /home/airflow/.local/lib/python3.12/site-packages/airflow/example_dags/example_datasets.py
[2026-08-24T14:10:44.619+0000] {processor.py:830} INFO - Processing file /home/airflow/.local/lib/python3.12/site-packages/airflow/example_dags/example_datasets.py for tasks to queue
[2026-08-24T14:10:44.621+0000] {logging_mixin.py:188} INFO - [2026-08-24T14:10:44.621+0000] {dagbag.py:545} INFO - Filling up the DagBag from /home/airflow/.local/lib/python3.12/site-packages/airflow/example_dags/example_datasets.py
[2026-08-24T14:10:44.641+0000] {processor.py:840} INFO - DAG(s) 'dataset_consumes_unknown_never_scheduled', 'consume_1_or_both_2_and_3_with_dataset_expressions', 'dataset_produces_2', 'dataset_consumes_1_and_2', 'consume_1_and_2_with_dataset_expressions', 'consume_1_or_2_with_dataset_expressions', 'dataset_produces_1', 'conditional_dataset_and_time_based_timetable', 'dataset_consumes_1', 'dataset_consumes_1_never_scheduled' retrieved from /home/airflow/.local/lib/python3.12/site-packages/airflow/example_dags/example_datasets.py
[2026-08-24T14:10:44.710+0000] {logging_mixin.py:188} INFO - [2026-08-24T14:10:44.709+0000] {dag.py:3096} INFO - Sync 10 DAGs
[2026-08-24T14:10:44.744+0000] {logging_mixin.py:188} INFO - [2026-08-24T14:10:44.744+0000] {dag.py:3954} INFO - Setting next_dagrun for conditional_dataset_and_time_based_timetable to 2026-08-19 01:00:00+00:00, run_after=2026-08-19 01:00:00+00:00
[2026-08-24T14:10:44.750+0000] {logging_mixin.py:188} INFO - [2026-08-24T14:10:44.749+0000] {dag.py:3954} INFO - Setting next_dagrun for consume_1_and_2_with_dataset_expressions to None, run_after=None
[2026-08-24T14:10:44.753+0000] {logging_mixin.py:188} INFO - [2026-08-24T14:10:44.753+0000] {dag.py:3954} INFO - Setting next_dagrun for consume_1_or_2_with_dataset_expressions to None, run_after=None
[2026-08-24T14:10:44.756+0000] {logging_mixin.py:188} INFO - [2026-08-24T14:10:44.755+0000] {dag.py:3954} INFO - Setting next_dagrun for consume_1_or_both_2_and_3_with_dataset_expressions to None, run_after=None
[2026-08-24T14:10:44.758+0000] {logging_mixin.py:188} INFO - [2026-08-24T14:10:44.757+0000] {dag.py:3954} INFO - Setting next_dagrun for dataset_consumes_1 to None, run_after=None
[2026-08-24T14:10:44.760+0000] {logging_mixin.py:188} INFO - [2026-08-24T14:10:44.759+0000] {dag.py:3954} INFO - Setting next_dagrun for dataset_consumes_1_and_2 to None, run_after=None
[2026-08-24T14:10:44.762+0000] {logging_mixin.py:188} INFO - [2026-08-24T14:10:44.761+0000] {dag.py:3954} INFO - Setting next_dagrun for dataset_consumes_1_never_scheduled to None, run_after=None
[2026-08-24T14:10:44.764+0000] {logging_mixin.py:188} INFO - [2026-08-24T14:10:44.764+0000] {dag.py:3954} INFO - Setting next_dagrun for dataset_consumes_unknown_never_scheduled to None, run_after=None
[2026-08-24T14:10:44.770+0000] {logging_mixin.py:188} INFO - [2026-08-24T14:10:44.770+0000] {dag.py:3954} INFO - Setting next_dagrun for dataset_produces_1 to 2026-08-23 00:00:00+00:00, run_after=2026-08-24 00:00:00+00:00
[2026-08-24T14:10:44.772+0000] {logging_mixin.py:188} INFO - [2026-08-24T14:10:44.772+0000] {dag.py:3954} INFO - Setting next_dagrun for dataset_produces_2 to None, run_after=None
[2026-08-24T14:10:44.819+0000] {processor.py:183} INFO - Processing /home/airflow/.local/lib/python3.12/site-packages/airflow/example_dags/example_datasets.py took 0.211 seconds
[2026-08-24T14:13:27.308+0000] {processor.py:161} INFO - Started process (PID=116) to work on /home/airflow/.local/lib/python3.12/site-packages/airflow/example_dags/example_datasets.py
[2026-08-24T14:13:27.309+0000] {processor.py:830} INFO - Processing file /home/airflow/.local/lib/python3.12/site-packages/airflow/example_dags/example_datasets.py for tasks to queue
[2026-08-24T14:13:27.312+0000] {logging_mixin.py:188} INFO - [2026-08-24T14:13:27.311+0000] {dagbag.py:545} INFO - Filling up the DagBag from /home/airflow/.local/lib/python3.12/site-packages/airflow/example_dags/example_datasets.py
[2026-08-24T14:13:27.340+0000] {processor.py:840} INFO - DAG(s) 'conditional_dataset_and_time_based_timetable', 'consume_1_or_2_with_dataset_expressions', 'dataset_consumes_1_never_scheduled', 'dataset_produces_2', 'dataset_consumes_1', 'consume_1_and_2_with_dataset_expressions', 'dataset_consumes_1_and_2', 'dataset_produces_1', 'consume_1_or_both_2_and_3_with_dataset_expressions', 'dataset_consumes_unknown_never_scheduled' retrieved from /home/airflow/.local/lib/python3.12/site-packages/airflow/example_dags/example_datasets.py
[2026-08-24T14:13:27.594+0000] {logging_mixin.py:188} INFO - [2026-08-24T14:13:27.594+0000] {dag.py:3096} INFO - Sync 10 DAGs
[2026-08-24T14:13:27.628+0000] {logging_mixin.py:188} INFO - [2026-08-24T14:13:27.628+0000] {dag.py:3954} INFO - Setting next_dagrun for conditional_dataset_and_time_based_timetable to 2026-08-19 01:00:00+00:00, run_after=2026-08-19 01:00:00+00:00
[2026-08-24T14:13:27.633+0000] {logging_mixin.py:188} INFO - [2026-08-24T14:13:27.633+0000] {dag.py:3954} INFO - Setting next_dagrun for consume_1_and_2_with_dataset_expressions to None, run_after=None
[2026-08-24T14:13:27.636+0000] {logging_mixin.py:188} INFO - [2026-08-24T14:13:27.636+0000] {dag.py:3954} INFO - Setting next_dagrun for consume_1_or_2_with_dataset_expressions to None, run_after=None
[2026-08-24T14:13:27.639+0000] {logging_mixin.py:188} INFO - [2026-08-24T14:13:27.639+0000] {dag.py:3954} INFO - Setting next_dagrun for consume_1_or_both_2_and_3_with_dataset_expressions to None, run_after=None
[2026-08-24T14:13:27.641+0000] {logging_mixin.py:188} INFO - [2026-08-24T14:13:27.640+0000] {dag.py:3954} INFO - Setting next_dagrun for dataset_consumes_1 to None, run_after=None
[2026-08-24T14:13:27.643+0000] {logging_mixin.py:188} INFO - [2026-08-24T14:13:27.643+0000] {dag.py:3954} INFO - Setting next_dagrun for dataset_consumes_1_and_2 to None, run_after=None
[2026-08-24T14:13:27.645+0000] {logging_mixin.py:188} INFO - [2026-08-24T14:13:27.645+0000] {dag.py:3954} INFO - Setting next_dagrun for dataset_consumes_1_never_scheduled to None, run_after=None
[2026-08-24T14:13:27.647+0000] {logging_mixin.py:188} INFO - [2026-08-24T14:13:27.647+0000] {dag.py:3954} INFO - Setting next_dagrun for dataset_consumes_unknown_never_scheduled to None, run_after=None
[2026-08-24T14:13:27.650+0000] {logging_mixin.py:188} INFO - [2026-08-24T14:13:27.650+0000] {dag.py:3954} INFO - Setting next_dagrun for dataset_produces_1 to 2026-08-23 00:00:00+00:00, run_after=2026-08-24 00:00:00+00:00
[2026-08-24T14:13:27.653+0000] {logging_mixin.py:188} INFO - [2026-08-24T14:13:27.653+0000] {dag.py:3954} INFO - Setting next_dagrun for dataset_produces_2 to None, run_after=None
[2026-08-24T14:13:27.753+0000] {processor.py:183} INFO - Processing /home/airflow/.local/lib/python3.12/site-packages/airflow/example_dags/example_datasets.py took 0.452 seconds
[2026-08-24T14:13:58.151+0000] {processor.py:161} INFO - Started process (PID=175) to work on /home/airflow/.local/lib/python3.12/site-packages/airflow/example_dags/example_datasets.py
[2026-08-24T14:13:58.155+0000] {processor.py:830} INFO - Processing file /home/airflow/.local/lib/python3.12/site-packages/airflow/example_dags/example_datasets.py for tasks to queue
[2026-08-24T14:13:58.164+0000] {logging_mixin.py:188} INFO - [2026-08-24T14:13:58.164+0000] {dagbag.py:545} INFO - Filling up the DagBag from /home/airflow/.local/lib/python3.12/site-packages/airflow/example_dags/example_datasets.py
[2026-08-24T14:13:58.204+0000] {processor.py:840} INFO - DAG(s) 'dataset_consumes_unknown_never_scheduled', 'conditional_dataset_and_time_based_timetable', 'dataset_produces_2', 'consume_1_or_2_with_dataset_expressions', 'consume_1_or_both_2_and_3_with_dataset_expressions', 'dataset_produces_1', 'dataset_consumes_1_never_scheduled', 'dataset_consumes_1', 'consume_1_and_2_with_dataset_expressions', 'dataset_consumes_1_and_2' retrieved from /home/airflow/.local/lib/python3.12/site-packages/airflow/example_dags/example_datasets.py
[2026-08-24T14:13:58.309+0000] {logging_mixin.py:188} INFO - [2026-08-24T14:13:58.309+0000] {dag.py:3096} INFO - Sync 10 DAGs
[2026-08-24T14:13:58.362+0000] {logging_mixin.py:188} INFO - [2026-08-24T14:13:58.362+0000] {dag.py:3954} INFO - Setting next_dagrun for conditional_dataset_and_time_based_timetable to 2026-08-19 01:00:00+00:00, run_after=2026-08-19 01:00:00+00:00
[2026-08-24T14:13:58.372+0000] {logging_mixin.py:188} INFO - [2026-08-24T14:13:58.372+0000] {dag.py:3954} INFO - Setting next_dagrun for consume_1_and_2_with_dataset_expressions to None, run_after=None
[2026-08-24T14:13:58.375+0000] {logging_mixin.py:188} INFO - [2026-08-24T14:13:58.375+0000] {dag.py:3954} INFO - Setting next_dagrun for consume_1_or_2_with_dataset_expressions to None, run_after=None
[2026-08-24T14:13:58.379+0000] {logging_mixin.py:188} INFO - [2026-08-24T14:13:58.379+0000] {dag.py:3954} INFO - Setting next_dagrun for consume_1_or_both_2_and_3_with_dataset_expressions to None, run_after=None
[2026-08-24T14:13:58.384+0000] {logging_mixin.py:188} INFO - [2026-08-24T14:13:58.384+0000] {dag.py:3954} INFO - Setting next_dagrun for dataset_consumes_1 to None, run_after=None
[2026-08-24T14:13:58.388+0000] {logging_mixin.py:188} INFO - [2026-08-24T14:13:58.387+0000] {dag.py:3954} INFO - Setting next_dagrun for dataset_consumes_1_and_2 to None, run_after=None
[2026-08-24T14:13:58.391+0000] {logging_mixin.py:188} INFO - [2026-08-24T14:13:58.390+0000] {dag.py:3954} INFO - Setting next_dagrun for dataset_consumes_1_never_scheduled to None, run_after=None
[2026-08-24T14:13:58.394+0000] {logging_mixin.py:188} INFO - [2026-08-24T14:13:58.394+0000] {dag.py:3954} INFO - Setting next_dagrun for dataset_consumes_unknown_never_scheduled to None, run_after=None
[2026-08-24T14:13:58.399+0000] {logging_mixin.py:188} INFO - [2026-08-24T14:13:58.399+0000] {dag.py:3954} INFO - Setting next_dagrun for dataset_produces_1 to 2026-08-23 00:00:00+00:00, run_after=2026-08-24 00:00:00+00:00
[2026-08-24T14:13:58.404+0000] {logging_mixin.py:188} INFO - [2026-08-24T14:13:58.403+0000] {dag.py:3954} INFO - Setting next_dagrun for dataset_produces_2 to None, run_after=None
[2026-08-24T14:13:58.464+0000] {processor.py:183} INFO - Processing /home/airflow/.local/lib/python3.12/site-packages/airflow/example_dags/example_datasets.py took 0.324 seconds
[2026-08-24T14:14:28.812+0000] {processor.py:161} INFO - Started process (PID=234) to work on /home/airflow/.local/lib/python3.12/site-packages/airflow/example_dags/example_datasets.py
[2026-08-24T14:14:28.819+0000] {processor.py:830} INFO - Processing file /home/airflow/.local/lib/python3.12/site-packages/airflow/example_dags/example_datasets.py for tasks to queue
[2026-08-24T14:14:28.823+0000] {logging_mixin.py:188} INFO - [2026-08-24T14:14:28.822+0000] {dagbag.py:545} INFO - Filling up the DagBag from /home/airflow/.local/lib/python3.12/site-packages/airflow/example_dags/example_datasets.py
[2026-08-24T14:14:28.845+0000] {processor.py:840} INFO - DAG(s) 'consume_1_or_2_with_dataset_expressions', 'conditional_dataset_and_time_based_timetable', 'dataset_consumes_unknown_never_scheduled', 'dataset_produces_2', 'consume_1_and_2_with_dataset_expressions', 'dataset_consumes_1', 'dataset_consumes_1_and_2', 'dataset_consumes_1_never_scheduled', 'dataset_produces_1', 'consume_1_or_both_2_and_3_with_dataset_expressions' retrieved from /home/airflow/.local/lib/python3.12/site-packages/airflow/example_dags/example_datasets.py
[2026-08-24T14:14:28.922+0000] {logging_mixin.py:188} INFO - [2026-08-24T14:14:28.922+0000] {dag.py:3096} INFO - Sync 10 DAGs
[2026-08-24T14:14:28.958+0000] {logging_mixin.py:188} INFO - [2026-08-24T14:14:28.958+0000] {dag.py:3954} INFO - Setting next_dagrun for conditional_dataset_and_time_based_timetable to 2026-08-19 01:00:00+00:00, run_after=2026-08-19 01:00:00+00:00
[2026-08-24T14:14:28.965+0000] {logging_mixin.py:188} INFO - [2026-08-24T14:14:28.965+0000] {dag.py:3954} INFO - Setting next_dagrun for consume_1_and_2_with_dataset_expressions to None, run_after=None
[2026-08-24T14:14:28.967+0000] {logging_mixin.py:188} INFO - [2026-08-24T14:14:28.967+0000] {dag.py:3954} INFO - Setting next_dagrun for consume_1_or_2_with_dataset_expressions to None, run_after=None
[2026-08-24T14:14:28.970+0000] {logging_mixin.py:188} INFO - [2026-08-24T14:14:28.970+0000] {dag.py:3954} INFO - Setting next_dagrun for consume_1_or_both_2_and_3_with_dataset_expressions to None, run_after=None
[2026-08-24T14:14:28.972+0000] {logging_mixin.py:188} INFO - [2026-08-24T14:14:28.972+0000] {dag.py:3954} INFO - Setting next_dagrun for dataset_consumes_1 to None, run_after=None
[2026-08-24T14:14:28.974+0000] {logging_mixin.py:188} INFO - [2026-08-24T14:14:28.974+0000] {dag.py:3954} INFO - Setting next_dagrun for dataset_consumes_1_and_2 to None, run_after=None
[2026-08-24T14:14:28.976+0000] {logging_mixin.py:188} INFO - [2026-08-24T14:14:28.976+0000] {dag.py:3954} INFO - Setting next_dagrun for dataset_consumes_1_never_scheduled to None, run_after=None
[2026-08-24T14:14:28.978+0000] {logging_mixin.py:188} INFO - [2026-08-24T14:14:28.978+0000] {dag.py:3954} INFO - Setting next_dagrun for dataset_consumes_unknown_never_scheduled to None, run_after=None
[2026-08-24T14:14:28.981+0000] {logging_mixin.py:188} INFO - [2026-08-24T14:14:28.981+0000] {dag.py:3954} INFO - Setting next_dagrun for dataset_produces_1 to 2026-08-23 00:00:00+00:00, run_after=2026-08-24 00:00:00+00:00
[2026-08-24T14:14:28.984+0000] {logging_mixin.py:188} INFO - [2026-08-24T14:14:28.984+0000] {dag.py:3954} INFO - Setting next_dagrun for dataset_produces_2 to None, run_after=None
[2026-08-24T14:14:29.035+0000] {processor.py:183} INFO - Processing /home/airflow/.local/lib/python3.12/site-packages/airflow/example_dags/example_datasets.py took 0.233 seconds
[2026-08-24T14:14:59.364+0000] {processor.py:161} INFO - Started process (PID=294) to work on /home/airflow/.local/lib/python3.12/site-packages/airflow/example_dags/example_datasets.py
[2026-08-24T14:14:59.366+0000] {processor.py:830} INFO - Processing file /home/airflow/.local/lib/python3.12/site-packages/airflow/example_dags/example_datasets.py for tasks to queue
[2026-08-24T14:14:59.368+0000] {logging_mixin.py:188} INFO - [2026-08-24T14:14:59.368+0000] {dagbag.py:545} INFO - Filling up the DagBag from /home/airflow/.local/lib/python3.12/site-packages/airflow/example_dags/example_datasets.py
[2026-08-24T14:14:59.391+0000] {processor.py:840} INFO - DAG(s) 'dataset_produces_2', 'dataset_consumes_1_and_2', 'consume_1_or_2_with_dataset_expressions', 'dataset_consumes_1', 'dataset_consumes_1_never_scheduled', 'conditional_dataset_and_time_based_timetable', 'dataset_produces_1', 'consume_1_and_2_with_dataset_expressions', 'consume_1_or_both_2_and_3_with_dataset_expressions', 'dataset_consumes_unknown_never_scheduled' retrieved from /home/airflow/.local/lib/python3.12/site-packages/airflow/example_dags/example_datasets.py
[2026-08-24T14:14:59.448+0000] {logging_mixin.py:188} INFO - [2026-08-24T14:14:59.448+0000] {dag.py:3096} INFO - Sync 10 DAGs
[2026-08-24T14:14:59.484+0000] {logging_mixin.py:188} INFO - [2026-08-24T14:14:59.484+0000] {dag.py:3954} INFO - Setting next_dagrun for conditional_dataset_and_time_based_timetable to 2026-08-19 01:00:00+00:00, run_after=2026-08-19 01:00:00+00:00
[2026-08-24T14:14:59.489+0000] {logging_mixin.py:188} INFO - [2026-08-24T14:14:59.489+0000] {dag.py:3954} INFO - Setting next_dagrun for consume_1_and_2_with_dataset_expressions to None, run_after=None
[2026-08-24T14:14:59.491+0000] {logging_mixin.py:188} INFO - [2026-08-24T14:14:59.491+0000] {dag.py:3954} INFO - Setting next_dagrun for consume_1_or_2_with_dataset_expressions to None, run_after=None
[2026-08-24T14:14:59.493+0000] {logging_mixin.py:188} INFO - [2026-08-24T14:14:59.492+0000] {dag.py:3954} INFO - Setting next_dagrun for consume_1_or_both_2_and_3_with_dataset_expressions to None, run_after=None
[2026-08-24T14:14:59.494+0000] {logging_mixin.py:188} INFO - [2026-08-24T14:14:59.494+0000] {dag.py:3954} INFO - Setting next_dagrun for dataset_consumes_1 to None, run_after=None
[2026-08-24T14:14:59.496+0000] {logging_mixin.py:188} INFO - [2026-08-24T14:14:59.496+0000] {dag.py:3954} INFO - Setting next_dagrun for dataset_consumes_1_and_2 to None, run_after=None
[2026-08-24T14:14:59.499+0000] {logging_mixin.py:188} INFO - [2026-08-24T14:14:59.499+0000] {dag.py:3954} INFO - Setting next_dagrun for dataset_consumes_1_never_scheduled to None, run_after=None
[2026-08-24T14:14:59.501+0000] {logging_mixin.py:188} INFO - [2026-08-24T14:14:59.500+0000] {dag.py:3954} INFO - Setting next_dagrun for dataset_consumes_unknown_never_scheduled to None, run_after=None
[2026-08-24T14:14:59.504+0000] {logging_mixin.py:188} INFO - [2026-08-24T14:14:59.504+0000] {dag.py:3954} INFO - Setting next_dagrun for dataset_produces_1 to 2026-08-23 00:00:00+00:00, run_after=2026-08-24 00:00:00+00:00
[2026-08-24T14:14:59.506+0000] {logging_mixin.py:188} INFO - [2026-08-24T14:14:59.506+0000] {dag.py:3954} INFO - Setting next_dagrun for dataset_produces_2 to None, run_after=None
[2026-08-24T14:14:59.547+0000] {processor.py:183} INFO - Processing /home/airflow/.local/lib/python3.12/site-packages/airflow/example_dags/example_datasets.py took 0.190 seconds
[2026-08-24T14:15:30.016+0000] {processor.py:161} INFO - Started process (PID=352) to work on /home/airflow/.local/lib/python3.12/site-packages/airflow/example_dags/example_datasets.py
[2026-08-24T14:15:30.017+0000] {processor.py:830} INFO - Processing file /home/airflow/.local/lib/python3.12/site-packages/airflow/example_dags/example_datasets.py for tasks to queue
[2026-08-24T14:15:30.020+0000] {logging_mixin.py:188} INFO - [2026-08-24T14:15:30.020+0000] {dagbag.py:545} INFO - Filling up the DagBag from /home/airflow/.local/lib/python3.12/site-packages/airflow/example_dags/example_datasets.py
[2026-08-24T14:15:30.039+0000] {processor.py:840} INFO - DAG(s) 'dataset_produces_1', 'dataset_consumes_1_and_2', 'consume_1_and_2_with_dataset_expressions', 'dataset_consumes_1_never_scheduled', 'consume_1_or_both_2_and_3_with_dataset_expressions', 'consume_1_or_2_with_dataset_expressions', 'dataset_consumes_unknown_never_scheduled', 'dataset_produces_2', 'conditional_dataset_and_time_based_timetable', 'dataset_consumes_1' retrieved from /home/airflow/.local/lib/python3.12/site-packages/airflow/example_dags/example_datasets.py
[2026-08-24T14:15:30.096+0000] {logging_mixin.py:188} INFO - [2026-08-24T14:15:30.096+0000] {dag.py:3096} INFO - Sync 10 DAGs
[2026-08-24T14:15:30.126+0000] {logging_mixin.py:188} INFO - [2026-08-24T14:15:30.126+0000] {dag.py:3954} INFO - Setting next_dagrun for conditional_dataset_and_time_based_timetable to 2026-08-19 01:00:00+00:00, run_after=2026-08-19 01:00:00+00:00
[2026-08-24T14:15:30.131+0000] {logging_mixin.py:188} INFO - [2026-08-24T14:15:30.131+0000] {dag.py:3954} INFO - Setting next_dagrun for consume_1_and_2_with_dataset_expressions to None, run_after=None
[2026-08-24T14:15:30.133+0000] {logging_mixin.py:188} INFO - [2026-08-24T14:15:30.133+0000] {dag.py:3954} INFO - Setting next_dagrun for consume_1_or_2_with_dataset_expressions to None, run_after=None
[2026-08-24T14:15:30.135+0000] {logging_mixin.py:188} INFO - [2026-08-24T14:15:30.134+0000] {dag.py:3954} INFO - Setting next_dagrun for consume_1_or_both_2_and_3_with_dataset_expressions to None, run_after=None
[2026-08-24T14:15:30.136+0000] {logging_mixin.py:188} INFO - [2026-08-24T14:15:30.136+0000] {dag.py:3954} INFO - Setting next_dagrun for dataset_consumes_1 to None, run_after=None
[2026-08-24T14:15:30.138+0000] {logging_mixin.py:188} INFO - [2026-08-24T14:15:30.138+0000] {dag.py:3954} INFO - Setting next_dagrun for dataset_consumes_1_and_2 to None, run_after=None
[2026-08-24T14:15:30.140+0000] {logging_mixin.py:188} INFO - [2026-08-24T14:15:30.140+0000] {dag.py:3954} INFO - Setting next_dagrun for dataset_consumes_1_never_scheduled to None, run_after=None
[2026-08-24T14:15:30.142+0000] {logging_mixin.py:188} INFO - [2026-08-24T14:15:30.142+0000] {dag.py:3954} INFO - Setting next_dagrun for dataset_consumes_unknown_never_scheduled to None, run_after=None
[2026-08-24T14:15:30.145+0000] {logging_mixin.py:188} INFO - [2026-08-24T14:15:30.145+0000] {dag.py:3954} INFO - Setting next_dagrun for dataset_produces_1 to 2026-08-23 00:00:00+00:00, run_after=2026-08-24 00:00:00+00:00
[2026-08-24T14:15:30.147+0000] {logging_mixin.py:188} INFO - [2026-08-24T14:15:30.146+0000] {dag.py:3954} INFO - Setting next_dagrun for dataset_produces_2 to None, run_after=None
[2026-08-24T14:15:30.191+0000] {processor.py:183} INFO - Processing /home/airflow/.local/lib/python3.12/site-packages/airflow/example_dags/example_datasets.py took 0.182 seconds
[2026-08-24T14:16:00.712+0000] {processor.py:161} INFO - Started process (PID=411) to work on /home/airflow/.local/lib/python3.12/site-packages/airflow/example_dags/example_datasets.py
[2026-08-24T14:16:00.714+0000] {processor.py:830} INFO - Processing file /home/airflow/.local/lib/python3.12/site-packages/airflow/example_dags/example_datasets.py for tasks to queue
[2026-08-24T14:16:00.717+0000] {logging_mixin.py:188} INFO - [2026-08-24T14:16:00.716+0000] {dagbag.py:545} INFO - Filling up the DagBag from /home/airflow/.local/lib/python3.12/site-packages/airflow/example_dags/example_datasets.py
[2026-08-24T14:16:00.737+0000] {processor.py:840} INFO - DAG(s) 'consume_1_or_both_2_and_3_with_dataset_expressions', 'dataset_consumes_1_and_2', 'consume_1_and_2_with_dataset_expressions', 'dataset_produces_2', 'dataset_produces_1', 'dataset_consumes_1', 'conditional_dataset_and_time_based_timetable', 'consume_1_or_2_with_dataset_expressions', 'dataset_consumes_1_never_scheduled', 'dataset_consumes_unknown_never_scheduled' retrieved from /home/airflow/.local/lib/python3.12/site-packages/airflow/example_dags/example_datasets.py
[2026-08-24T14:16:00.806+0000] {logging_mixin.py:188} INFO - [2026-08-24T14:16:00.806+0000] {dag.py:3096} INFO - Sync 10 DAGs
[2026-08-24T14:16:00.845+0000] {logging_mixin.py:188} INFO - [2026-08-24T14:16:00.844+0000] {dag.py:3954} INFO - Setting next_dagrun for conditional_dataset_and_time_based_timetable to 2026-08-19 01:00:00+00:00, run_after=2026-08-19 01:00:00+00:00
[2026-08-24T14:16:00.850+0000] {logging_mixin.py:188} INFO - [2026-08-24T14:16:00.849+0000] {dag.py:3954} INFO - Setting next_dagrun for consume_1_and_2_with_dataset_expressions to None, run_after=None
[2026-08-24T14:16:00.852+0000] {logging_mixin.py:188} INFO - [2026-08-24T14:16:00.851+0000] {dag.py:3954} INFO - Setting next_dagrun for consume_1_or_2_with_dataset_expressions to None, run_after=None
[2026-08-24T14:16:00.854+0000] {logging_mixin.py:188} INFO - [2026-08-24T14:16:00.853+0000] {dag.py:3954} INFO - Setting next_dagrun for consume_1_or_both_2_and_3_with_dataset_expressions to None, run_after=None
[2026-08-24T14:16:00.856+0000] {logging_mixin.py:188} INFO - [2026-08-24T14:16:00.855+0000] {dag.py:3954} INFO - Setting next_dagrun for dataset_consumes_1 to None, run_after=None
[2026-08-24T14:16:00.857+0000] {logging_mixin.py:188} INFO - [2026-08-24T14:16:00.857+0000] {dag.py:3954} INFO - Setting next_dagrun for dataset_consumes_1_and_2 to None, run_after=None
[2026-08-24T14:16:00.859+0000] {logging_mixin.py:188} INFO - [2026-08-24T14:16:00.859+0000] {dag.py:3954} INFO - Setting next_dagrun for dataset_consumes_1_never_scheduled to None, run_after=None
[2026-08-24T14:16:00.861+0000] {logging_mixin.py:188} INFO - [2026-08-24T14:16:00.860+0000] {dag.py:3954} INFO - Setting next_dagrun for dataset_consumes_unknown_never_scheduled to None, run_after=None
[2026-08-24T14:16:00.864+0000] {logging_mixin.py:188} INFO - [2026-08-24T14:16:00.864+0000] {dag.py:3954} INFO - Setting next_dagrun for dataset_produces_1 to 2026-08-23 00:00:00+00:00, run_after=2026-08-24 00:00:00+00:00
[2026-08-24T14:16:00.866+0000] {logging_mixin.py:188} INFO - [2026-08-24T14:16:00.866+0000] {dag.py:3954} INFO - Setting next_dagrun for dataset_produces_2 to None, run_after=None
[2026-08-24T14:16:00.917+0000] {processor.py:183} INFO - Processing /home/airflow/.local/lib/python3.12/site-packages/airflow/example_dags/example_datasets.py took 0.215 seconds
[2026-08-24T14:16:31.135+0000] {processor.py:161} INFO - Started process (PID=470) to work on /home/airflow/.local/lib/python3.12/site-packages/airflow/example_dags/example_datasets.py
[2026-08-24T14:16:31.138+0000] {processor.py:830} INFO - Processing file /home/airflow/.local/lib/python3.12/site-packages/airflow/example_dags/example_datasets.py for tasks to queue
[2026-08-24T14:16:31.142+0000] {logging_mixin.py:188} INFO - [2026-08-24T14:16:31.141+0000] {dagbag.py:545} INFO - Filling up the DagBag from /home/airflow/.local/lib/python3.12/site-packages/airflow/example_dags/example_datasets.py
[2026-08-24T14:16:31.162+0000] {processor.py:840} INFO - DAG(s) 'dataset_consumes_1_and_2', 'consume_1_or_2_with_dataset_expressions', 'conditional_dataset_and_time_based_timetable', 'dataset_produces_2', 'consume_1_or_both_2_and_3_with_dataset_expressions', 'dataset_consumes_1', 'dataset_produces_1', 'dataset_consumes_1_never_scheduled', 'consume_1_and_2_with_dataset_expressions', 'dataset_consumes_unknown_never_scheduled' retrieved from /home/airflow/.local/lib/python3.12/site-packages/airflow/example_dags/example_datasets.py
[2026-08-24T14:16:31.231+0000] {logging_mixin.py:188} INFO - [2026-08-24T14:16:31.230+0000] {dag.py:3096} INFO - Sync 10 DAGs
[2026-08-24T14:16:31.275+0000] {logging_mixin.py:188} INFO - [2026-08-24T14:16:31.275+0000] {dag.py:3954} INFO - Setting next_dagrun for conditional_dataset_and_time_based_timetable to 2026-08-19 01:00:00+00:00, run_after=2026-08-19 01:00:00+00:00
[2026-08-24T14:16:31.282+0000] {logging_mixin.py:188} INFO - [2026-08-24T14:16:31.282+0000] {dag.py:3954} INFO - Setting next_dagrun for consume_1_and_2_with_dataset_expressions to None, run_after=None
[2026-08-24T14:16:31.284+0000] {logging_mixin.py:188} INFO - [2026-08-24T14:16:31.284+0000] {dag.py:3954} INFO - Setting next_dagrun for consume_1_or_2_with_dataset_expressions to None, run_after=None
[2026-08-24T14:16:31.286+0000] {logging_mixin.py:188} INFO - [2026-08-24T14:16:31.286+0000] {dag.py:3954} INFO - Setting next_dagrun for consume_1_or_both_2_and_3_with_dataset_expressions to None, run_after=None
[2026-08-24T14:16:31.288+0000] {logging_mixin.py:188} INFO - [2026-08-24T14:16:31.288+0000] {dag.py:3954} INFO - Setting next_dagrun for dataset_consumes_1 to None, run_after=None
[2026-08-24T14:16:31.290+0000] {logging_mixin.py:188} INFO - [2026-08-24T14:16:31.290+0000] {dag.py:3954} INFO - Setting next_dagrun for dataset_consumes_1_and_2 to None, run_after=None
[2026-08-24T14:16:31.292+0000] {logging_mixin.py:188} INFO - [2026-08-24T14:16:31.292+0000] {dag.py:3954} INFO - Setting next_dagrun for dataset_consumes_1_never_scheduled to None, run_after=None
[2026-08-24T14:16:31.295+0000] {logging_mixin.py:188} INFO - [2026-08-24T14:16:31.295+0000] {dag.py:3954} INFO - Setting next_dagrun for dataset_consumes_unknown_never_scheduled to None, run_after=None
[2026-08-24T14:16:31.299+0000] {logging_mixin.py:188} INFO - [2026-08-24T14:16:31.299+0000] {dag.py:3954} INFO - Setting next_dagrun for dataset_produces_1 to 2026-08-23 00:00:00+00:00, run_after=2026-08-24 00:00:00+00:00
[2026-08-24T14:16:31.302+0000] {logging_mixin.py:188} INFO - [2026-08-24T14:16:31.302+0000] {dag.py:3954} INFO - Setting next_dagrun for dataset_produces_2 to None, run_after=None
[2026-08-24T14:16:31.364+0000] {processor.py:183} INFO - Processing /home/airflow/.local/lib/python3.12/site-packages/airflow/example_dags/example_datasets.py took 0.238 seconds
[2026-08-24T14:17:01.529+0000] {processor.py:161} INFO - Started process (PID=529) to work on /home/airflow/.local/lib/python3.12/site-packages/airflow/example_dags/example_datasets.py
[2026-08-24T14:17:01.531+0000] {processor.py:830} INFO - Processing file /home/airflow/.local/lib/python3.12/site-packages/airflow/example_dags/example_datasets.py for tasks to queue
[2026-08-24T14:17:01.534+0000] {logging_mixin.py:188} INFO - [2026-08-24T14:17:01.533+0000] {dagbag.py:545} INFO - Filling up the DagBag from /home/airflow/.local/lib/python3.12/site-packages/airflow/example_dags/example_datasets.py
[2026-08-24T14:17:01.555+0000] {processor.py:840} INFO - DAG(s) 'conditional_dataset_and_time_based_timetable', 'consume_1_or_both_2_and_3_with_dataset_expressions', 'dataset_consumes_1_and_2', 'dataset_consumes_1_never_scheduled', 'consume_1_and_2_with_dataset_expressions', 'consume_1_or_2_with_dataset_expressions', 'dataset_consumes_unknown_never_scheduled', 'dataset_consumes_1', 'dataset_produces_2', 'dataset_produces_1' retrieved from /home/airflow/.local/lib/python3.12/site-packages/airflow/example_dags/example_datasets.py
[2026-08-24T14:17:01.642+0000] {logging_mixin.py:188} INFO - [2026-08-24T14:17:01.642+0000] {dag.py:3096} INFO - Sync 10 DAGs
[2026-08-24T14:17:01.680+0000] {logging_mixin.py:188} INFO - [2026-08-24T14:17:01.680+0000] {dag.py:3954} INFO - Setting next_dagrun for conditional_dataset_and_time_based_timetable to 2026-08-19 01:00:00+00:00, run_after=2026-08-19 01:00:00+00:00
[2026-08-24T14:17:01.685+0000] {logging_mixin.py:188} INFO - [2026-08-24T14:17:01.685+0000] {dag.py:3954} INFO - Setting next_dagrun for consume_1_and_2_with_dataset_expressions to None, run_after=None
[2026-08-24T14:17:01.688+0000] {logging_mixin.py:188} INFO - [2026-08-24T14:17:01.688+0000] {dag.py:3954} INFO - Setting next_dagrun for consume_1_or_2_with_dataset_expressions to None, run_after=None
[2026-08-24T14:17:01.690+0000] {logging_mixin.py:188} INFO - [2026-08-24T14:17:01.689+0000] {dag.py:3954} INFO - Setting next_dagrun for consume_1_or_both_2_and_3_with_dataset_expressions to None, run_after=None
[2026-08-24T14:17:01.692+0000] {logging_mixin.py:188} INFO - [2026-08-24T14:17:01.691+0000] {dag.py:3954} INFO - Setting next_dagrun for dataset_consumes_1 to None, run_after=None
[2026-08-24T14:17:01.694+0000] {logging_mixin.py:188} INFO - [2026-08-24T14:17:01.694+0000] {dag.py:3954} INFO - Setting next_dagrun for dataset_consumes_1_and_2 to None, run_after=None
[2026-08-24T14:17:01.696+0000] {logging_mixin.py:188} INFO - [2026-08-24T14:17:01.696+0000] {dag.py:3954} INFO - Setting next_dagrun for dataset_consumes_1_never_scheduled to None, run_after=None
[2026-08-24T14:17:01.698+0000] {logging_mixin.py:188} INFO - [2026-08-24T14:17:01.698+0000] {dag.py:3954} INFO - Setting next_dagrun for dataset_consumes_unknown_never_scheduled to None, run_after=None
[2026-08-24T14:17:01.703+0000] {logging_mixin.py:188} INFO - [2026-08-24T14:17:01.702+0000] {dag.py:3954} INFO - Setting next_dagrun for dataset_produces_1 to 2026-08-23 00:00:00+00:00, run_after=2026-08-24 00:00:00+00:00
[2026-08-24T14:17:01.705+0000] {logging_mixin.py:188} INFO - [2026-08-24T14:17:01.705+0000] {dag.py:3954} INFO - Setting next_dagrun for dataset_produces_2 to None, run_after=None
[2026-08-24T14:17:01.761+0000] {processor.py:183} INFO - Processing /home/airflow/.local/lib/python3.12/site-packages/airflow/example_dags/example_datasets.py took 0.240 seconds
[2026-08-24T14:17:32.419+0000] {processor.py:161} INFO - Started process (PID=588) to work on /home/airflow/.local/lib/python3.12/site-packages/airflow/example_dags/example_datasets.py
[2026-08-24T14:17:32.422+0000] {processor.py:830} INFO - Processing file /home/airflow/.local/lib/python3.12/site-packages/airflow/example_dags/example_datasets.py for tasks to queue
[2026-08-24T14:17:32.427+0000] {logging_mixin.py:188} INFO - [2026-08-24T14:17:32.426+0000] {dagbag.py:545} INFO - Filling up the DagBag from /home/airflow/.local/lib/python3.12/site-packages/airflow/example_dags/example_datasets.py
[2026-08-24T14:17:32.459+0000] {processor.py:840} INFO - DAG(s) 'conditional_dataset_and_time_based_timetable', 'dataset_produces_1', 'dataset_consumes_1_and_2', 'dataset_consumes_1', 'dataset_produces_2', 'consume_1_or_2_with_dataset_expressions', 'consume_1_and_2_with_dataset_expressions', 'dataset_consumes_unknown_never_scheduled', 'consume_1_or_both_2_and_3_with_dataset_expressions', 'dataset_consumes_1_never_scheduled' retrieved from /home/airflow/.local/lib/python3.12/site-packages/airflow/example_dags/example_datasets.py
[2026-08-24T14:17:32.556+0000] {logging_mixin.py:188} INFO - [2026-08-24T14:17:32.556+0000] {dag.py:3096} INFO - Sync 10 DAGs
[2026-08-24T14:17:32.590+0000] {logging_mixin.py:188} INFO - [2026-08-24T14:17:32.590+0000] {dag.py:3954} INFO - Setting next_dagrun for conditional_dataset_and_time_based_timetable to 2026-08-19 01:00:00+00:00, run_after=2026-08-19 01:00:00+00:00
[2026-08-24T14:17:32.596+0000] {logging_mixin.py:188} INFO - [2026-08-24T14:17:32.596+0000] {dag.py:3954} INFO - Setting next_dagrun for consume_1_and_2_with_dataset_expressions to None, run_after=None
[2026-08-24T14:17:32.598+0000] {logging_mixin.py:188} INFO - [2026-08-24T14:17:32.598+0000] {dag.py:3954} INFO - Setting next_dagrun for consume_1_or_2_with_dataset_expressions to None, run_after=None
[2026-08-24T14:17:32.600+0000] {logging_mixin.py:188} INFO - [2026-08-24T14:17:32.600+0000] {dag.py:3954} INFO - Setting next_dagrun for consume_1_or_both_2_and_3_with_dataset_expressions to None, run_after=None
[2026-08-24T14:17:32.602+0000] {logging_mixin.py:188} INFO - [2026-08-24T14:17:32.602+0000] {dag.py:3954} INFO - Setting next_dagrun for dataset_consumes_1 to None, run_after=None
[2026-08-24T14:17:32.605+0000] {logging_mixin.py:188} INFO - [2026-08-24T14:17:32.605+0000] {dag.py:3954} INFO - Setting next_dagrun for dataset_consumes_1_and_2 to None, run_after=None
[2026-08-24T14:17:32.608+0000] {logging_mixin.py:188} INFO - [2026-08-24T14:17:32.607+0000] {dag.py:3954} INFO - Setting next_dagrun for dataset_consumes_1_never_scheduled to None, run_after=None
[2026-08-24T14:17:32.610+0000] {logging_mixin.py:188} INFO - [2026-08-24T14:17:32.610+0000] {dag.py:3954} INFO - Setting next_dagrun for dataset_consumes_unknown_never_scheduled to None, run_after=None
[2026-08-24T14:17:32.615+0000] {logging_mixin.py:188} INFO - [2026-08-24T14:17:32.614+0000] {dag.py:3954} INFO - Setting next_dagrun for dataset_produces_1 to 2026-08-23 00:00:00+00:00, run_after=2026-08-24 00:00:00+00:00
[2026-08-24T14:17:32.617+0000] {logging_mixin.py:188} INFO - [2026-08-24T14:17:32.616+0000] {dag.py:3954} INFO - Setting next_dagrun for dataset_produces_2 to None, run_after=None
[2026-08-24T14:17:32.675+0000] {processor.py:183} INFO - Processing /home/airflow/.local/lib/python3.12/site-packages/airflow/example_dags/example_datasets.py took 0.268 seconds
[2026-08-24T14:18:03.242+0000] {processor.py:161} INFO - Started process (PID=647) to work on /home/airflow/.local/lib/python3.12/site-packages/airflow/example_dags/example_datasets.py
[2026-08-24T14:18:03.244+0000] {processor.py:830} INFO - Processing file /home/airflow/.local/lib/python3.12/site-packages/airflow/example_dags/example_datasets.py for tasks to queue
[2026-08-24T14:18:03.248+0000] {logging_mixin.py:188} INFO - [2026-08-24T14:18:03.247+0000] {dagbag.py:545} INFO - Filling up the DagBag from /home/airflow/.local/lib/python3.12/site-packages/airflow/example_dags/example_datasets.py
[2026-08-24T14:18:03.278+0000] {processor.py:840} INFO - DAG(s) 'dataset_produces_2', 'consume_1_or_2_with_dataset_expressions', 'consume_1_or_both_2_and_3_with_dataset_expressions', 'dataset_consumes_unknown_never_scheduled', 'dataset_consumes_1_and_2', 'consume_1_and_2_with_dataset_expressions', 'conditional_dataset_and_time_based_timetable', 'dataset_consumes_1_never_scheduled', 'dataset_produces_1', 'dataset_consumes_1' retrieved from /home/airflow/.local/lib/python3.12/site-packages/airflow/example_dags/example_datasets.py
[2026-08-24T14:18:03.357+0000] {logging_mixin.py:188} INFO - [2026-08-24T14:18:03.356+0000] {dag.py:3096} INFO - Sync 10 DAGs
[2026-08-24T14:18:03.399+0000] {logging_mixin.py:188} INFO - [2026-08-24T14:18:03.399+0000] {dag.py:3954} INFO - Setting next_dagrun for conditional_dataset_and_time_based_timetable to 2026-08-19 01:00:00+00:00, run_after=2026-08-19 01:00:00+00:00
[2026-08-24T14:18:03.409+0000] {logging_mixin.py:188} INFO - [2026-08-24T14:18:03.409+0000] {dag.py:3954} INFO - Setting next_dagrun for consume_1_and_2_with_dataset_expressions to None, run_after=None
[2026-08-24T14:18:03.412+0000] {logging_mixin.py:188} INFO - [2026-08-24T14:18:03.412+0000] {dag.py:3954} INFO - Setting next_dagrun for consume_1_or_2_with_dataset_expressions to None, run_after=None
[2026-08-24T14:18:03.415+0000] {logging_mixin.py:188} INFO - [2026-08-24T14:18:03.415+0000] {dag.py:3954} INFO - Setting next_dagrun for consume_1_or_both_2_and_3_with_dataset_expressions to None, run_after=None
[2026-08-24T14:18:03.418+0000] {logging_mixin.py:188} INFO - [2026-08-24T14:18:03.417+0000] {dag.py:3954} INFO - Setting next_dagrun for dataset_consumes_1 to None, run_after=None
[2026-08-24T14:18:03.420+0000] {logging_mixin.py:188} INFO - [2026-08-24T14:18:03.420+0000] {dag.py:3954} INFO - Setting next_dagrun for dataset_consumes_1_and_2 to None, run_after=None
[2026-08-24T14:18:03.424+0000] {logging_mixin.py:188} INFO - [2026-08-24T14:18:03.423+0000] {dag.py:3954} INFO - Setting next_dagrun for dataset_consumes_1_never_scheduled to None, run_after=None
[2026-08-24T14:18:03.427+0000] {logging_mixin.py:188} INFO - [2026-08-24T14:18:03.426+0000] {dag.py:3954} INFO - Setting next_dagrun for dataset_consumes_unknown_never_scheduled to None, run_after=None
[2026-08-24T14:18:03.431+0000] {logging_mixin.py:188} INFO - [2026-08-24T14:18:03.431+0000] {dag.py:3954} INFO - Setting next_dagrun for dataset_produces_1 to 2026-08-23 00:00:00+00:00, run_after=2026-08-24 00:00:00+00:00
[2026-08-24T14:18:03.433+0000] {logging_mixin.py:188} INFO - [2026-08-24T14:18:03.433+0000] {dag.py:3954} INFO - Setting next_dagrun for dataset_produces_2 to None, run_after=None
[2026-08-24T14:18:03.486+0000] {processor.py:183} INFO - Processing /home/airflow/.local/lib/python3.12/site-packages/airflow/example_dags/example_datasets.py took 0.254 seconds
[2026-08-24T14:18:33.540+0000] {processor.py:161} INFO - Started process (PID=707) to work on /home/airflow/.local/lib/python3.12/site-packages/airflow/example_dags/example_datasets.py
[2026-08-24T14:18:33.541+0000] {processor.py:830} INFO - Processing file /home/airflow/.local/lib/python3.12/site-packages/airflow/example_dags/example_datasets.py for tasks to queue
[2026-08-24T14:18:33.544+0000] {logging_mixin.py:188} INFO - [2026-08-24T14:18:33.543+0000] {dagbag.py:545} INFO - Filling up the DagBag from /home/airflow/.local/lib/python3.12/site-packages/airflow/example_dags/example_datasets.py
[2026-08-24T14:18:33.564+0000] {processor.py:840} INFO - DAG(s) 'dataset_consumes_1', 'dataset_consumes_unknown_never_scheduled', 'dataset_produces_1', 'consume_1_or_2_with_dataset_expressions', 'consume_1_or_both_2_and_3_with_dataset_expressions', 'dataset_consumes_1_and_2', 'consume_1_and_2_with_dataset_expressions', 'dataset_consumes_1_never_scheduled', 'dataset_produces_2', 'conditional_dataset_and_time_based_timetable' retrieved from /home/airflow/.local/lib/python3.12/site-packages/airflow/example_dags/example_datasets.py
[2026-08-24T14:18:33.623+0000] {logging_mixin.py:188} INFO - [2026-08-24T14:18:33.623+0000] {dag.py:3096} INFO - Sync 10 DAGs
[2026-08-24T14:18:33.655+0000] {logging_mixin.py:188} INFO - [2026-08-24T14:18:33.655+0000] {dag.py:3954} INFO - Setting next_dagrun for conditional_dataset_and_time_based_timetable to 2026-08-19 01:00:00+00:00, run_after=2026-08-19 01:00:00+00:00
[2026-08-24T14:18:33.661+0000] {logging_mixin.py:188} INFO - [2026-08-24T14:18:33.661+0000] {dag.py:3954} INFO - Setting next_dagrun for consume_1_and_2_with_dataset_expressions to None, run_after=None
[2026-08-24T14:18:33.663+0000] {logging_mixin.py:188} INFO - [2026-08-24T14:18:33.662+0000] {dag.py:3954} INFO - Setting next_dagrun for consume_1_or_2_with_dataset_expressions to None, run_after=None
[2026-08-24T14:18:33.664+0000] {logging_mixin.py:188} INFO - [2026-08-24T14:18:33.664+0000] {dag.py:3954} INFO - Setting next_dagrun for consume_1_or_both_2_and_3_with_dataset_expressions to None, run_after=None
[2026-08-24T14:18:33.667+0000] {logging_mixin.py:188} INFO - [2026-08-24T14:18:33.666+0000] {dag.py:3954} INFO - Setting next_dagrun for dataset_consumes_1 to None, run_after=None
[2026-08-24T14:18:33.669+0000] {logging_mixin.py:188} INFO - [2026-08-24T14:18:33.668+0000] {dag.py:3954} INFO - Setting next_dagrun for dataset_consumes_1_and_2 to None, run_after=None
[2026-08-24T14:18:33.670+0000] {logging_mixin.py:188} INFO - [2026-08-24T14:18:33.670+0000] {dag.py:3954} INFO - Setting next_dagrun for dataset_consumes_1_never_scheduled to None, run_after=None
[2026-08-24T14:18:33.673+0000] {logging_mixin.py:188} INFO - [2026-08-24T14:18:33.672+0000] {dag.py:3954} INFO - Setting next_dagrun for dataset_consumes_unknown_never_scheduled to None, run_after=None
[2026-08-24T14:18:33.677+0000] {logging_mixin.py:188} INFO - [2026-08-24T14:18:33.676+0000] {dag.py:3954} INFO - Setting next_dagrun for dataset_produces_1 to 2026-08-23 00:00:00+00:00, run_after=2026-08-24 00:00:00+00:00
[2026-08-24T14:18:33.679+0000] {logging_mixin.py:188} INFO - [2026-08-24T14:18:33.679+0000] {dag.py:3954} INFO - Setting next_dagrun for dataset_produces_2 to None, run_after=None
[2026-08-24T14:18:33.723+0000] {processor.py:183} INFO - Processing /home/airflow/.local/lib/python3.12/site-packages/airflow/example_dags/example_datasets.py took 0.189 seconds
[2026-08-24T14:19:04.596+0000] {processor.py:161} INFO - Started process (PID=767) to work on /home/airflow/.local/lib/python3.12/site-packages/airflow/example_dags/example_datasets.py
[2026-08-24T14:19:04.598+0000] {processor.py:830} INFO - Processing file /home/airflow/.local/lib/python3.12/site-packages/airflow/example_dags/example_datasets.py for tasks to queue
[2026-08-24T14:19:04.601+0000] {logging_mixin.py:188} INFO - [2026-08-24T14:19:04.600+0000] {dagbag.py:545} INFO - Filling up the DagBag from /home/airflow/.local/lib/python3.12/site-packages/airflow/example_dags/example_datasets.py
[2026-08-24T14:19:04.618+0000] {processor.py:840} INFO - DAG(s) 'consume_1_or_2_with_dataset_expressions', 'consume_1_or_both_2_and_3_with_dataset_expressions', 'dataset_consumes_1_never_scheduled', 'dataset_consumes_1_and_2', 'consume_1_and_2_with_dataset_expressions', 'dataset_produces_2', 'dataset_consumes_unknown_never_scheduled', 'dataset_consumes_1', 'dataset_produces_1', 'conditional_dataset_and_time_based_timetable' retrieved from /home/airflow/.local/lib/python3.12/site-packages/airflow/example_dags/example_datasets.py
[2026-08-24T14:19:04.689+0000] {logging_mixin.py:188} INFO - [2026-08-24T14:19:04.689+0000] {dag.py:3096} INFO - Sync 10 DAGs
[2026-08-24T14:19:04.724+0000] {logging_mixin.py:188} INFO - [2026-08-24T14:19:04.724+0000] {dag.py:3954} INFO - Setting next_dagrun for conditional_dataset_and_time_based_timetable to 2026-08-19 01:00:00+00:00, run_after=2026-08-19 01:00:00+00:00
[2026-08-24T14:19:04.729+0000] {logging_mixin.py:188} INFO - [2026-08-24T14:19:04.729+0000] {dag.py:3954} INFO - Setting next_dagrun for consume_1_and_2_with_dataset_expressions to None, run_after=None
[2026-08-24T14:19:04.732+0000] {logging_mixin.py:188} INFO - [2026-08-24T14:19:04.732+0000] {dag.py:3954} INFO - Setting next_dagrun for consume_1_or_2_with_dataset_expressions to None, run_after=None
[2026-08-24T14:19:04.734+0000] {logging_mixin.py:188} INFO - [2026-08-24T14:19:04.734+0000] {dag.py:3954} INFO - Setting next_dagrun for consume_1_or_both_2_and_3_with_dataset_expressions to None, run_after=None
[2026-08-24T14:19:04.736+0000] {logging_mixin.py:188} INFO - [2026-08-24T14:19:04.735+0000] {dag.py:3954} INFO - Setting next_dagrun for dataset_consumes_1 to None, run_after=None
[2026-08-24T14:19:04.737+0000] {logging_mixin.py:188} INFO - [2026-08-24T14:19:04.737+0000] {dag.py:3954} INFO - Setting next_dagrun for dataset_consumes_1_and_2 to None, run_after=None
[2026-08-24T14:19:04.739+0000] {logging_mixin.py:188} INFO - [2026-08-24T14:19:04.739+0000] {dag.py:3954} INFO - Setting next_dagrun for dataset_consumes_1_never_scheduled to None, run_after=None
[2026-08-24T14:19:04.741+0000] {logging_mixin.py:188} INFO - [2026-08-24T14:19:04.741+0000] {dag.py:3954} INFO - Setting next_dagrun for dataset_consumes_unknown_never_scheduled to None, run_after=None
[2026-08-24T14:19:04.745+0000] {logging_mixin.py:188} INFO - [2026-08-24T14:19:04.744+0000] {dag.py:3954} INFO - Setting next_dagrun for dataset_produces_1 to 2026-08-23 00:00:00+00:00, run_after=2026-08-24 00:00:00+00:00
[2026-08-24T14:19:04.747+0000] {logging_mixin.py:188} INFO - [2026-08-24T14:19:04.746+0000] {dag.py:3954} INFO - Setting next_dagrun for dataset_produces_2 to None, run_after=None
[2026-08-24T14:19:04.797+0000] {processor.py:183} INFO - Processing /home/airflow/.local/lib/python3.12/site-packages/airflow/example_dags/example_datasets.py took 0.208 seconds
[2026-08-24T14:19:35.705+0000] {processor.py:161} INFO - Started process (PID=827) to work on /home/airflow/.local/lib/python3.12/site-packages/airflow/example_dags/example_datasets.py
[2026-08-24T14:19:35.706+0000] {processor.py:830} INFO - Processing file /home/airflow/.local/lib/python3.12/site-packages/airflow/example_dags/example_datasets.py for tasks to queue
[2026-08-24T14:19:35.714+0000] {logging_mixin.py:188} INFO - [2026-08-24T14:19:35.713+0000] {dagbag.py:545} INFO - Filling up the DagBag from /home/airflow/.local/lib/python3.12/site-packages/airflow/example_dags/example_datasets.py
[2026-08-24T14:19:35.733+0000] {processor.py:840} INFO - DAG(s) 'dataset_consumes_1_never_scheduled', 'dataset_consumes_1', 'dataset_produces_2', 'dataset_consumes_unknown_never_scheduled', 'consume_1_and_2_with_dataset_expressions', 'consume_1_or_both_2_and_3_with_dataset_expressions', 'dataset_produces_1', 'conditional_dataset_and_time_based_timetable', 'dataset_consumes_1_and_2', 'consume_1_or_2_with_dataset_expressions' retrieved from /home/airflow/.local/lib/python3.12/site-packages/airflow/example_dags/example_datasets.py
[2026-08-24T14:19:35.852+0000] {logging_mixin.py:188} INFO - [2026-08-24T14:19:35.851+0000] {dag.py:3096} INFO - Sync 10 DAGs
[2026-08-24T14:19:35.911+0000] {logging_mixin.py:188} INFO - [2026-08-24T14:19:35.911+0000] {dag.py:3954} INFO - Setting next_dagrun for conditional_dataset_and_time_based_timetable to 2026-08-19 01:00:00+00:00, run_after=2026-08-19 01:00:00+00:00
[2026-08-24T14:19:35.919+0000] {logging_mixin.py:188} INFO - [2026-08-24T14:19:35.919+0000] {dag.py:3954} INFO - Setting next_dagrun for consume_1_and_2_with_dataset_expressions to None, run_after=None
[2026-08-24T14:19:35.921+0000] {logging_mixin.py:188} INFO - [2026-08-24T14:19:35.921+0000] {dag.py:3954} INFO - Setting next_dagrun for consume_1_or_2_with_dataset_expressions to None, run_after=None
[2026-08-24T14:19:35.923+0000] {logging_mixin.py:188} INFO - [2026-08-24T14:19:35.923+0000] {dag.py:3954} INFO - Setting next_dagrun for consume_1_or_both_2_and_3_with_dataset_expressions to None, run_after=None
[2026-08-24T14:19:35.925+0000] {logging_mixin.py:188} INFO - [2026-08-24T14:19:35.924+0000] {dag.py:3954} INFO - Setting next_dagrun for dataset_consumes_1 to None, run_after=None
[2026-08-24T14:19:35.927+0000] {logging_mixin.py:188} INFO - [2026-08-24T14:19:35.926+0000] {dag.py:3954} INFO - Setting next_dagrun for dataset_consumes_1_and_2 to None, run_after=None
[2026-08-24T14:19:35.929+0000] {logging_mixin.py:188} INFO - [2026-08-24T14:19:35.929+0000] {dag.py:3954} INFO - Setting next_dagrun for dataset_consumes_1_never_scheduled to None, run_after=None
[2026-08-24T14:19:35.931+0000] {logging_mixin.py:188} INFO - [2026-08-24T14:19:35.931+0000] {dag.py:3954} INFO - Setting next_dagrun for dataset_consumes_unknown_never_scheduled to None, run_after=None
[2026-08-24T14:19:35.935+0000] {logging_mixin.py:188} INFO - [2026-08-24T14:19:35.934+0000] {dag.py:3954} INFO - Setting next_dagrun for dataset_produces_1 to 2026-08-23 00:00:00+00:00, run_after=2026-08-24 00:00:00+00:00
[2026-08-24T14:19:35.937+0000] {logging_mixin.py:188} INFO - [2026-08-24T14:19:35.936+0000] {dag.py:3954} INFO - Setting next_dagrun for dataset_produces_2 to None, run_after=None
[2026-08-24T14:19:35.985+0000] {processor.py:183} INFO - Processing /home/airflow/.local/lib/python3.12/site-packages/airflow/example_dags/example_datasets.py took 0.287 seconds
[2026-08-24T14:20:06.137+0000] {processor.py:161} INFO - Started process (PID=885) to work on /home/airflow/.local/lib/python3.12/site-packages/airflow/example_dags/example_datasets.py
[2026-08-24T14:20:06.138+0000] {processor.py:830} INFO - Processing file /home/airflow/.local/lib/python3.12/site-packages/airflow/example_dags/example_datasets.py for tasks to queue
[2026-08-24T14:20:06.142+0000] {logging_mixin.py:188} INFO - [2026-08-24T14:20:06.141+0000] {dagbag.py:545} INFO - Filling up the DagBag from /home/airflow/.local/lib/python3.12/site-packages/airflow/example_dags/example_datasets.py
[2026-08-24T14:20:06.161+0000] {processor.py:840} INFO - DAG(s) 'dataset_consumes_1_and_2', 'dataset_consumes_1', 'conditional_dataset_and_time_based_timetable', 'dataset_produces_1', 'consume_1_or_2_with_dataset_expressions', 'dataset_consumes_1_never_scheduled', 'dataset_consumes_unknown_never_scheduled', 'consume_1_and_2_with_dataset_expressions', 'dataset_produces_2', 'consume_1_or_both_2_and_3_with_dataset_expressions' retrieved from /home/airflow/.local/lib/python3.12/site-packages/airflow/example_dags/example_datasets.py
[2026-08-24T14:20:06.216+0000] {logging_mixin.py:188} INFO - [2026-08-24T14:20:06.216+0000] {dag.py:3096} INFO - Sync 10 DAGs
[2026-08-24T14:20:06.258+0000] {logging_mixin.py:188} INFO - [2026-08-24T14:20:06.257+0000] {dag.py:3954} INFO - Setting next_dagrun for conditional_dataset_and_time_based_timetable to 2026-08-19 01:00:00+00:00, run_after=2026-08-19 01:00:00+00:00
[2026-08-24T14:20:06.266+0000] {logging_mixin.py:188} INFO - [2026-08-24T14:20:06.266+0000] {dag.py:3954} INFO - Setting next_dagrun for consume_1_and_2_with_dataset_expressions to None, run_after=None
[2026-08-24T14:20:06.268+0000] {logging_mixin.py:188} INFO - [2026-08-24T14:20:06.268+0000] {dag.py:3954} INFO - Setting next_dagrun for consume_1_or_2_with_dataset_expressions to None, run_after=None
[2026-08-24T14:20:06.271+0000] {logging_mixin.py:188} INFO - [2026-08-24T14:20:06.270+0000] {dag.py:3954} INFO - Setting next_dagrun for consume_1_or_both_2_and_3_with_dataset_expressions to None, run_after=None
[2026-08-24T14:20:06.273+0000] {logging_mixin.py:188} INFO - [2026-08-24T14:20:06.272+0000] {dag.py:3954} INFO - Setting next_dagrun for dataset_consumes_1 to None, run_after=None
[2026-08-24T14:20:06.276+0000] {logging_mixin.py:188} INFO - [2026-08-24T14:20:06.276+0000] {dag.py:3954} INFO - Setting next_dagrun for dataset_consumes_1_and_2 to None, run_after=None
[2026-08-24T14:20:06.278+0000] {logging_mixin.py:188} INFO - [2026-08-24T14:20:06.278+0000] {dag.py:3954} INFO - Setting next_dagrun for dataset_consumes_1_never_scheduled to None, run_after=None
[2026-08-24T14:20:06.281+0000] {logging_mixin.py:188} INFO - [2026-08-24T14:20:06.280+0000] {dag.py:3954} INFO - Setting next_dagrun for dataset_consumes_unknown_never_scheduled to None, run_after=None
[2026-08-24T14:20:06.284+0000] {logging_mixin.py:188} INFO - [2026-08-24T14:20:06.284+0000] {dag.py:3954} INFO - Setting next_dagrun for dataset_produces_1 to 2026-08-23 00:00:00+00:00, run_after=2026-08-24 00:00:00+00:00
[2026-08-24T14:20:06.287+0000] {logging_mixin.py:188} INFO - [2026-08-24T14:20:06.286+0000] {dag.py:3954} INFO - Setting next_dagrun for dataset_produces_2 to None, run_after=None
[2026-08-24T14:20:06.338+0000] {processor.py:183} INFO - Processing /home/airflow/.local/lib/python3.12/site-packages/airflow/example_dags/example_datasets.py took 0.209 seconds
[2026-08-24T14:22:18.492+0000] {processor.py:161} INFO - Started process (PID=116) to work on /home/airflow/.local/lib/python3.12/site-packages/airflow/example_dags/example_datasets.py
[2026-08-24T14:22:18.493+0000] {processor.py:830} INFO - Processing file /home/airflow/.local/lib/python3.12/site-packages/airflow/example_dags/example_datasets.py for tasks to queue
[2026-08-24T14:22:18.495+0000] {logging_mixin.py:188} INFO - [2026-08-24T14:22:18.495+0000] {dagbag.py:545} INFO - Filling up the DagBag from /home/airflow/.local/lib/python3.12/site-packages/airflow/example_dags/example_datasets.py
[2026-08-24T14:22:18.521+0000] {processor.py:840} INFO - DAG(s) 'dataset_produces_1', 'dataset_consumes_1', 'conditional_dataset_and_time_based_timetable', 'consume_1_and_2_with_dataset_expressions', 'dataset_produces_2', 'dataset_consumes_1_never_scheduled', 'consume_1_or_both_2_and_3_with_dataset_expressions', 'dataset_consumes_1_and_2', 'consume_1_or_2_with_dataset_expressions', 'dataset_consumes_unknown_never_scheduled' retrieved from /home/airflow/.local/lib/python3.12/site-packages/airflow/example_dags/example_datasets.py
[2026-08-24T14:22:18.792+0000] {logging_mixin.py:188} INFO - [2026-08-24T14:22:18.792+0000] {dag.py:3096} INFO - Sync 10 DAGs
[2026-08-24T14:22:18.823+0000] {logging_mixin.py:188} INFO - [2026-08-24T14:22:18.823+0000] {dag.py:3954} INFO - Setting next_dagrun for conditional_dataset_and_time_based_timetable to 2026-08-19 01:00:00+00:00, run_after=2026-08-19 01:00:00+00:00
[2026-08-24T14:22:18.828+0000] {logging_mixin.py:188} INFO - [2026-08-24T14:22:18.827+0000] {dag.py:3954} INFO - Setting next_dagrun for consume_1_and_2_with_dataset_expressions to None, run_after=None
[2026-08-24T14:22:18.829+0000] {logging_mixin.py:188} INFO - [2026-08-24T14:22:18.829+0000] {dag.py:3954} INFO - Setting next_dagrun for consume_1_or_2_with_dataset_expressions to None, run_after=None
[2026-08-24T14:22:18.831+0000] {logging_mixin.py:188} INFO - [2026-08-24T14:22:18.831+0000] {dag.py:3954} INFO - Setting next_dagrun for consume_1_or_both_2_and_3_with_dataset_expressions to None, run_after=None
[2026-08-24T14:22:18.833+0000] {logging_mixin.py:188} INFO - [2026-08-24T14:22:18.833+0000] {dag.py:3954} INFO - Setting next_dagrun for dataset_consumes_1 to None, run_after=None
[2026-08-24T14:22:18.835+0000] {logging_mixin.py:188} INFO - [2026-08-24T14:22:18.835+0000] {dag.py:3954} INFO - Setting next_dagrun for dataset_consumes_1_and_2 to None, run_after=None
[2026-08-24T14:22:18.837+0000] {logging_mixin.py:188} INFO - [2026-08-24T14:22:18.837+0000] {dag.py:3954} INFO - Setting next_dagrun for dataset_consumes_1_never_scheduled to None, run_after=None
[2026-08-24T14:22:18.840+0000] {logging_mixin.py:188} INFO - [2026-08-24T14:22:18.840+0000] {dag.py:3954} INFO - Setting next_dagrun for dataset_consumes_unknown_never_scheduled to None, run_after=None
[2026-08-24T14:22:18.843+0000] {logging_mixin.py:188} INFO - [2026-08-24T14:22:18.843+0000] {dag.py:3954} INFO - Setting next_dagrun for dataset_produces_1 to 2026-08-23 00:00:00+00:00, run_after=2026-08-24 00:00:00+00:00
[2026-08-24T14:22:18.845+0000] {logging_mixin.py:188} INFO - [2026-08-24T14:22:18.845+0000] {dag.py:3954} INFO - Setting next_dagrun for dataset_produces_2 to None, run_after=None
[2026-08-24T14:22:18.915+0000] {processor.py:183} INFO - Processing /home/airflow/.local/lib/python3.12/site-packages/airflow/example_dags/example_datasets.py took 0.431 seconds
[2026-08-24T14:23:01.495+0000] {processor.py:161} INFO - Started process (PID=95) to work on /home/airflow/.local/lib/python3.12/site-packages/airflow/example_dags/example_datasets.py
[2026-08-24T14:23:01.497+0000] {processor.py:830} INFO - Processing file /home/airflow/.local/lib/python3.12/site-packages/airflow/example_dags/example_datasets.py for tasks to queue
[2026-08-24T14:23:01.500+0000] {logging_mixin.py:188} INFO - [2026-08-24T14:23:01.500+0000] {dagbag.py:545} INFO - Filling up the DagBag from /home/airflow/.local/lib/python3.12/site-packages/airflow/example_dags/example_datasets.py
[2026-08-24T14:23:01.522+0000] {processor.py:840} INFO - DAG(s) 'dataset_produces_1', 'consume_1_or_both_2_and_3_with_dataset_expressions', 'dataset_produces_2', 'dataset_consumes_1_never_scheduled', 'conditional_dataset_and_time_based_timetable', 'consume_1_and_2_with_dataset_expressions', 'consume_1_or_2_with_dataset_expressions', 'dataset_consumes_1_and_2', 'dataset_consumes_1', 'dataset_consumes_unknown_never_scheduled' retrieved from /home/airflow/.local/lib/python3.12/site-packages/airflow/example_dags/example_datasets.py
[2026-08-24T14:23:01.591+0000] {logging_mixin.py:188} INFO - [2026-08-24T14:23:01.591+0000] {dag.py:3096} INFO - Sync 10 DAGs
[2026-08-24T14:23:01.633+0000] {logging_mixin.py:188} INFO - [2026-08-24T14:23:01.633+0000] {dag.py:3954} INFO - Setting next_dagrun for conditional_dataset_and_time_based_timetable to 2026-08-19 01:00:00+00:00, run_after=2026-08-19 01:00:00+00:00
[2026-08-24T14:23:01.638+0000] {logging_mixin.py:188} INFO - [2026-08-24T14:23:01.638+0000] {dag.py:3954} INFO - Setting next_dagrun for consume_1_and_2_with_dataset_expressions to None, run_after=None
[2026-08-24T14:23:01.640+0000] {logging_mixin.py:188} INFO - [2026-08-24T14:23:01.640+0000] {dag.py:3954} INFO - Setting next_dagrun for consume_1_or_2_with_dataset_expressions to None, run_after=None
[2026-08-24T14:23:01.643+0000] {logging_mixin.py:188} INFO - [2026-08-24T14:23:01.642+0000] {dag.py:3954} INFO - Setting next_dagrun for consume_1_or_both_2_and_3_with_dataset_expressions to None, run_after=None
[2026-08-24T14:23:01.644+0000] {logging_mixin.py:188} INFO - [2026-08-24T14:23:01.644+0000] {dag.py:3954} INFO - Setting next_dagrun for dataset_consumes_1 to None, run_after=None
[2026-08-24T14:23:01.646+0000] {logging_mixin.py:188} INFO - [2026-08-24T14:23:01.646+0000] {dag.py:3954} INFO - Setting next_dagrun for dataset_consumes_1_and_2 to None, run_after=None
[2026-08-24T14:23:01.648+0000] {logging_mixin.py:188} INFO - [2026-08-24T14:23:01.648+0000] {dag.py:3954} INFO - Setting next_dagrun for dataset_consumes_1_never_scheduled to None, run_after=None
[2026-08-24T14:23:01.650+0000] {logging_mixin.py:188} INFO - [2026-08-24T14:23:01.650+0000] {dag.py:3954} INFO - Setting next_dagrun for dataset_consumes_unknown_never_scheduled to None, run_after=None
[2026-08-24T14:23:01.654+0000] {logging_mixin.py:188} INFO - [2026-08-24T14:23:01.654+0000] {dag.py:3954} INFO - Setting next_dagrun for dataset_produces_1 to 2026-08-23 00:00:00+00:00, run_after=2026-08-24 00:00:00+00:00
[2026-08-24T14:23:01.656+0000] {logging_mixin.py:188} INFO - [2026-08-24T14:23:01.656+0000] {dag.py:3954} INFO - Setting next_dagrun for dataset_produces_2 to None, run_after=None
[2026-08-24T14:23:01.708+0000] {processor.py:183} INFO - Processing /home/airflow/.local/lib/python3.12/site-packages/airflow/example_dags/example_datasets.py took 0.222 seconds
[2026-08-24T14:23:32.053+0000] {processor.py:161} INFO - Started process (PID=155) to work on /home/airflow/.local/lib/python3.12/site-packages/airflow/example_dags/example_datasets.py
[2026-08-24T14:23:32.056+0000] {processor.py:830} INFO - Processing file /home/airflow/.local/lib/python3.12/site-packages/airflow/example_dags/example_datasets.py for tasks to queue
[2026-08-24T14:23:32.059+0000] {logging_mixin.py:188} INFO - [2026-08-24T14:23:32.059+0000] {dagbag.py:545} INFO - Filling up the DagBag from /home/airflow/.local/lib/python3.12/site-packages/airflow/example_dags/example_datasets.py
[2026-08-24T14:23:32.089+0000] {processor.py:840} INFO - DAG(s) 'dataset_consumes_1_and_2', 'dataset_produces_2', 'dataset_consumes_unknown_never_scheduled', 'consume_1_or_both_2_and_3_with_dataset_expressions', 'dataset_produces_1', 'conditional_dataset_and_time_based_timetable', 'consume_1_or_2_with_dataset_expressions', 'dataset_consumes_1_never_scheduled', 'dataset_consumes_1', 'consume_1_and_2_with_dataset_expressions' retrieved from /home/airflow/.local/lib/python3.12/site-packages/airflow/example_dags/example_datasets.py
[2026-08-24T14:23:32.224+0000] {logging_mixin.py:188} INFO - [2026-08-24T14:23:32.211+0000] {dag.py:3096} INFO - Sync 10 DAGs
[2026-08-24T14:23:32.288+0000] {logging_mixin.py:188} INFO - [2026-08-24T14:23:32.288+0000] {dag.py:3954} INFO - Setting next_dagrun for conditional_dataset_and_time_based_timetable to 2026-08-19 01:00:00+00:00, run_after=2026-08-19 01:00:00+00:00
[2026-08-24T14:23:32.298+0000] {logging_mixin.py:188} INFO - [2026-08-24T14:23:32.297+0000] {dag.py:3954} INFO - Setting next_dagrun for consume_1_and_2_with_dataset_expressions to None, run_after=None
[2026-08-24T14:23:32.306+0000] {logging_mixin.py:188} INFO - [2026-08-24T14:23:32.305+0000] {dag.py:3954} INFO - Setting next_dagrun for consume_1_or_2_with_dataset_expressions to None, run_after=None
[2026-08-24T14:23:32.310+0000] {logging_mixin.py:188} INFO - [2026-08-24T14:23:32.309+0000] {dag.py:3954} INFO - Setting next_dagrun for consume_1_or_both_2_and_3_with_dataset_expressions to None, run_after=None
[2026-08-24T14:23:32.313+0000] {logging_mixin.py:188} INFO - [2026-08-24T14:23:32.312+0000] {dag.py:3954} INFO - Setting next_dagrun for dataset_consumes_1 to None, run_after=None
[2026-08-24T14:23:32.315+0000] {logging_mixin.py:188} INFO - [2026-08-24T14:23:32.315+0000] {dag.py:3954} INFO - Setting next_dagrun for dataset_consumes_1_and_2 to None, run_after=None
[2026-08-24T14:23:32.317+0000] {logging_mixin.py:188} INFO - [2026-08-24T14:23:32.317+0000] {dag.py:3954} INFO - Setting next_dagrun for dataset_consumes_1_never_scheduled to None, run_after=None
[2026-08-24T14:23:32.320+0000] {logging_mixin.py:188} INFO - [2026-08-24T14:23:32.320+0000] {dag.py:3954} INFO - Setting next_dagrun for dataset_consumes_unknown_never_scheduled to None, run_after=None
[2026-08-24T14:23:32.327+0000] {logging_mixin.py:188} INFO - [2026-08-24T14:23:32.326+0000] {dag.py:3954} INFO - Setting next_dagrun for dataset_produces_1 to 2026-08-23 00:00:00+00:00, run_after=2026-08-24 00:00:00+00:00
[2026-08-24T14:23:32.330+0000] {logging_mixin.py:188} INFO - [2026-08-24T14:23:32.330+0000] {dag.py:3954} INFO - Setting next_dagrun for dataset_produces_2 to None, run_after=None
[2026-08-24T14:23:32.432+0000] {processor.py:183} INFO - Processing /home/airflow/.local/lib/python3.12/site-packages/airflow/example_dags/example_datasets.py took 0.393 seconds
[2026-08-24T14:24:04.721+0000] {processor.py:161} INFO - Started process (PID=221) to work on /home/airflow/.local/lib/python3.12/site-packages/airflow/example_dags/example_datasets.py
[2026-08-24T14:24:04.722+0000] {processor.py:830} INFO - Processing file /home/airflow/.local/lib/python3.12/site-packages/airflow/example_dags/example_datasets.py for tasks to queue
[2026-08-24T14:24:04.726+0000] {logging_mixin.py:188} INFO - [2026-08-24T14:24:04.725+0000] {dagbag.py:545} INFO - Filling up the DagBag from /home/airflow/.local/lib/python3.12/site-packages/airflow/example_dags/example_datasets.py
[2026-08-24T14:24:04.750+0000] {processor.py:840} INFO - DAG(s) 'dataset_consumes_1_never_scheduled', 'conditional_dataset_and_time_based_timetable', 'dataset_produces_1', 'dataset_consumes_1_and_2', 'dataset_consumes_1', 'dataset_consumes_unknown_never_scheduled', 'consume_1_or_both_2_and_3_with_dataset_expressions', 'consume_1_or_2_with_dataset_expressions', 'dataset_produces_2', 'consume_1_and_2_with_dataset_expressions' retrieved from /home/airflow/.local/lib/python3.12/site-packages/airflow/example_dags/example_datasets.py
[2026-08-24T14:24:04.824+0000] {logging_mixin.py:188} INFO - [2026-08-24T14:24:04.823+0000] {dag.py:3096} INFO - Sync 10 DAGs
[2026-08-24T14:24:04.860+0000] {logging_mixin.py:188} INFO - [2026-08-24T14:24:04.860+0000] {dag.py:3954} INFO - Setting next_dagrun for conditional_dataset_and_time_based_timetable to 2026-08-19 01:00:00+00:00, run_after=2026-08-19 01:00:00+00:00
[2026-08-24T14:24:04.867+0000] {logging_mixin.py:188} INFO - [2026-08-24T14:24:04.867+0000] {dag.py:3954} INFO - Setting next_dagrun for consume_1_and_2_with_dataset_expressions to None, run_after=None
[2026-08-24T14:24:04.869+0000] {logging_mixin.py:188} INFO - [2026-08-24T14:24:04.869+0000] {dag.py:3954} INFO - Setting next_dagrun for consume_1_or_2_with_dataset_expressions to None, run_after=None
[2026-08-24T14:24:04.871+0000] {logging_mixin.py:188} INFO - [2026-08-24T14:24:04.871+0000] {dag.py:3954} INFO - Setting next_dagrun for consume_1_or_both_2_and_3_with_dataset_expressions to None, run_after=None
[2026-08-24T14:24:04.873+0000] {logging_mixin.py:188} INFO - [2026-08-24T14:24:04.873+0000] {dag.py:3954} INFO - Setting next_dagrun for dataset_consumes_1 to None, run_after=None
[2026-08-24T14:24:04.876+0000] {logging_mixin.py:188} INFO - [2026-08-24T14:24:04.876+0000] {dag.py:3954} INFO - Setting next_dagrun for dataset_consumes_1_and_2 to None, run_after=None
[2026-08-24T14:24:04.879+0000] {logging_mixin.py:188} INFO - [2026-08-24T14:24:04.879+0000] {dag.py:3954} INFO - Setting next_dagrun for dataset_consumes_1_never_scheduled to None, run_after=None
[2026-08-24T14:24:04.881+0000] {logging_mixin.py:188} INFO - [2026-08-24T14:24:04.881+0000] {dag.py:3954} INFO - Setting next_dagrun for dataset_consumes_unknown_never_scheduled to None, run_after=None
[2026-08-24T14:24:04.885+0000] {logging_mixin.py:188} INFO - [2026-08-24T14:24:04.884+0000] {dag.py:3954} INFO - Setting next_dagrun for dataset_produces_1 to 2026-08-23 00:00:00+00:00, run_after=2026-08-24 00:00:00+00:00
[2026-08-24T14:24:04.887+0000] {logging_mixin.py:188} INFO - [2026-08-24T14:24:04.886+0000] {dag.py:3954} INFO - Setting next_dagrun for dataset_produces_2 to None, run_after=None
[2026-08-24T14:24:04.938+0000] {processor.py:183} INFO - Processing /home/airflow/.local/lib/python3.12/site-packages/airflow/example_dags/example_datasets.py took 0.226 seconds
[2026-08-24T14:24:35.746+0000] {processor.py:161} INFO - Started process (PID=281) to work on /home/airflow/.local/lib/python3.12/site-packages/airflow/example_dags/example_datasets.py
[2026-08-24T14:24:35.747+0000] {processor.py:830} INFO - Processing file /home/airflow/.local/lib/python3.12/site-packages/airflow/example_dags/example_datasets.py for tasks to queue
[2026-08-24T14:24:35.749+0000] {logging_mixin.py:188} INFO - [2026-08-24T14:24:35.749+0000] {dagbag.py:545} INFO - Filling up the DagBag from /home/airflow/.local/lib/python3.12/site-packages/airflow/example_dags/example_datasets.py
[2026-08-24T14:24:35.772+0000] {processor.py:840} INFO - DAG(s) 'dataset_produces_2', 'consume_1_or_both_2_and_3_with_dataset_expressions', 'consume_1_and_2_with_dataset_expressions', 'dataset_consumes_1', 'dataset_produces_1', 'consume_1_or_2_with_dataset_expressions', 'dataset_consumes_1_never_scheduled', 'dataset_consumes_1_and_2', 'dataset_consumes_unknown_never_scheduled', 'conditional_dataset_and_time_based_timetable' retrieved from /home/airflow/.local/lib/python3.12/site-packages/airflow/example_dags/example_datasets.py
[2026-08-24T14:24:35.836+0000] {logging_mixin.py:188} INFO - [2026-08-24T14:24:35.835+0000] {dag.py:3096} INFO - Sync 10 DAGs
[2026-08-24T14:24:35.868+0000] {logging_mixin.py:188} INFO - [2026-08-24T14:24:35.868+0000] {dag.py:3954} INFO - Setting next_dagrun for conditional_dataset_and_time_based_timetable to 2026-08-19 01:00:00+00:00, run_after=2026-08-19 01:00:00+00:00
[2026-08-24T14:24:35.873+0000] {logging_mixin.py:188} INFO - [2026-08-24T14:24:35.873+0000] {dag.py:3954} INFO - Setting next_dagrun for consume_1_and_2_with_dataset_expressions to None, run_after=None
[2026-08-24T14:24:35.876+0000] {logging_mixin.py:188} INFO - [2026-08-24T14:24:35.875+0000] {dag.py:3954} INFO - Setting next_dagrun for consume_1_or_2_with_dataset_expressions to None, run_after=None
[2026-08-24T14:24:35.878+0000] {logging_mixin.py:188} INFO - [2026-08-24T14:24:35.878+0000] {dag.py:3954} INFO - Setting next_dagrun for consume_1_or_both_2_and_3_with_dataset_expressions to None, run_after=None
[2026-08-24T14:24:35.880+0000] {logging_mixin.py:188} INFO - [2026-08-24T14:24:35.879+0000] {dag.py:3954} INFO - Setting next_dagrun for dataset_consumes_1 to None, run_after=None
[2026-08-24T14:24:35.882+0000] {logging_mixin.py:188} INFO - [2026-08-24T14:24:35.881+0000] {dag.py:3954} INFO - Setting next_dagrun for dataset_consumes_1_and_2 to None, run_after=None
[2026-08-24T14:24:35.883+0000] {logging_mixin.py:188} INFO - [2026-08-24T14:24:35.883+0000] {dag.py:3954} INFO - Setting next_dagrun for dataset_consumes_1_never_scheduled to None, run_after=None
[2026-08-24T14:24:35.885+0000] {logging_mixin.py:188} INFO - [2026-08-24T14:24:35.885+0000] {dag.py:3954} INFO - Setting next_dagrun for dataset_consumes_unknown_never_scheduled to None, run_after=None
[2026-08-24T14:24:35.888+0000] {logging_mixin.py:188} INFO - [2026-08-24T14:24:35.888+0000] {dag.py:3954} INFO - Setting next_dagrun for dataset_produces_1 to 2026-08-23 00:00:00+00:00, run_after=2026-08-24 00:00:00+00:00
[2026-08-24T14:24:35.891+0000] {logging_mixin.py:188} INFO - [2026-08-24T14:24:35.890+0000] {dag.py:3954} INFO - Setting next_dagrun for dataset_produces_2 to None, run_after=None
[2026-08-24T14:24:35.933+0000] {processor.py:183} INFO - Processing /home/airflow/.local/lib/python3.12/site-packages/airflow/example_dags/example_datasets.py took 0.194 seconds
[2026-08-24T14:25:06.554+0000] {processor.py:161} INFO - Started process (PID=341) to work on /home/airflow/.local/lib/python3.12/site-packages/airflow/example_dags/example_datasets.py
[2026-08-24T14:25:06.556+0000] {processor.py:830} INFO - Processing file /home/airflow/.local/lib/python3.12/site-packages/airflow/example_dags/example_datasets.py for tasks to queue
[2026-08-24T14:25:06.558+0000] {logging_mixin.py:188} INFO - [2026-08-24T14:25:06.558+0000] {dagbag.py:545} INFO - Filling up the DagBag from /home/airflow/.local/lib/python3.12/site-packages/airflow/example_dags/example_datasets.py
[2026-08-24T14:25:06.577+0000] {processor.py:840} INFO - DAG(s) 'dataset_consumes_1', 'dataset_consumes_1_and_2', 'dataset_consumes_unknown_never_scheduled', 'consume_1_and_2_with_dataset_expressions', 'consume_1_or_2_with_dataset_expressions', 'conditional_dataset_and_time_based_timetable', 'dataset_produces_2', 'dataset_consumes_1_never_scheduled', 'dataset_produces_1', 'consume_1_or_both_2_and_3_with_dataset_expressions' retrieved from /home/airflow/.local/lib/python3.12/site-packages/airflow/example_dags/example_datasets.py
[2026-08-24T14:25:06.643+0000] {logging_mixin.py:188} INFO - [2026-08-24T14:25:06.643+0000] {dag.py:3096} INFO - Sync 10 DAGs
[2026-08-24T14:25:06.674+0000] {logging_mixin.py:188} INFO - [2026-08-24T14:25:06.673+0000] {dag.py:3954} INFO - Setting next_dagrun for conditional_dataset_and_time_based_timetable to 2026-08-19 01:00:00+00:00, run_after=2026-08-19 01:00:00+00:00
[2026-08-24T14:25:06.679+0000] {logging_mixin.py:188} INFO - [2026-08-24T14:25:06.679+0000] {dag.py:3954} INFO - Setting next_dagrun for consume_1_and_2_with_dataset_expressions to None, run_after=None
[2026-08-24T14:25:06.681+0000] {logging_mixin.py:188} INFO - [2026-08-24T14:25:06.681+0000] {dag.py:3954} INFO - Setting next_dagrun for consume_1_or_2_with_dataset_expressions to None, run_after=None
[2026-08-24T14:25:06.682+0000] {logging_mixin.py:188} INFO - [2026-08-24T14:25:06.682+0000] {dag.py:3954} INFO - Setting next_dagrun for consume_1_or_both_2_and_3_with_dataset_expressions to None, run_after=None
[2026-08-24T14:25:06.684+0000] {logging_mixin.py:188} INFO - [2026-08-24T14:25:06.684+0000] {dag.py:3954} INFO - Setting next_dagrun for dataset_consumes_1 to None, run_after=None
[2026-08-24T14:25:06.685+0000] {logging_mixin.py:188} INFO - [2026-08-24T14:25:06.685+0000] {dag.py:3954} INFO - Setting next_dagrun for dataset_consumes_1_and_2 to None, run_after=None
[2026-08-24T14:25:06.688+0000] {logging_mixin.py:188} INFO - [2026-08-24T14:25:06.687+0000] {dag.py:3954} INFO - Setting next_dagrun for dataset_consumes_1_never_scheduled to None, run_after=None
[2026-08-24T14:25:06.689+0000] {logging_mixin.py:188} INFO - [2026-08-24T14:25:06.689+0000] {dag.py:3954} INFO - Setting next_dagrun for dataset_consumes_unknown_never_scheduled to None, run_after=None
[2026-08-24T14:25:06.692+0000] {logging_mixin.py:188} INFO - [2026-08-24T14:25:06.692+0000] {dag.py:3954} INFO - Setting next_dagrun for dataset_produces_1 to 2026-08-23 00:00:00+00:00, run_after=2026-08-24 00:00:00+00:00
[2026-08-24T14:25:06.694+0000] {logging_mixin.py:188} INFO - [2026-08-24T14:25:06.694+0000] {dag.py:3954} INFO - Setting next_dagrun for dataset_produces_2 to None, run_after=None
[2026-08-24T14:25:06.736+0000] {processor.py:183} INFO - Processing /home/airflow/.local/lib/python3.12/site-packages/airflow/example_dags/example_datasets.py took 0.189 seconds
[2026-08-24T14:25:37.720+0000] {processor.py:161} INFO - Started process (PID=401) to work on /home/airflow/.local/lib/python3.12/site-packages/airflow/example_dags/example_datasets.py
[2026-08-24T14:25:37.722+0000] {processor.py:830} INFO - Processing file /home/airflow/.local/lib/python3.12/site-packages/airflow/example_dags/example_datasets.py for tasks to queue
[2026-08-24T14:25:37.725+0000] {logging_mixin.py:188} INFO - [2026-08-24T14:25:37.724+0000] {dagbag.py:545} INFO - Filling up the DagBag from /home/airflow/.local/lib/python3.12/site-packages/airflow/example_dags/example_datasets.py
[2026-08-24T14:25:37.742+0000] {processor.py:840} INFO - DAG(s) 'dataset_produces_1', 'dataset_produces_2', 'consume_1_or_2_with_dataset_expressions', 'consume_1_or_both_2_and_3_with_dataset_expressions', 'dataset_consumes_unknown_never_scheduled', 'consume_1_and_2_with_dataset_expressions', 'dataset_consumes_1_never_scheduled', 'dataset_consumes_1', 'dataset_consumes_1_and_2', 'conditional_dataset_and_time_based_timetable' retrieved from /home/airflow/.local/lib/python3.12/site-packages/airflow/example_dags/example_datasets.py
[2026-08-24T14:25:37.806+0000] {logging_mixin.py:188} INFO - [2026-08-24T14:25:37.805+0000] {dag.py:3096} INFO - Sync 10 DAGs
[2026-08-24T14:25:37.837+0000] {logging_mixin.py:188} INFO - [2026-08-24T14:25:37.836+0000] {dag.py:3954} INFO - Setting next_dagrun for conditional_dataset_and_time_based_timetable to 2026-08-19 01:00:00+00:00, run_after=2026-08-19 01:00:00+00:00
[2026-08-24T14:25:37.842+0000] {logging_mixin.py:188} INFO - [2026-08-24T14:25:37.841+0000] {dag.py:3954} INFO - Setting next_dagrun for consume_1_and_2_with_dataset_expressions to None, run_after=None
[2026-08-24T14:25:37.844+0000] {logging_mixin.py:188} INFO - [2026-08-24T14:25:37.843+0000] {dag.py:3954} INFO - Setting next_dagrun for consume_1_or_2_with_dataset_expressions to None, run_after=None
[2026-08-24T14:25:37.846+0000] {logging_mixin.py:188} INFO - [2026-08-24T14:25:37.846+0000] {dag.py:3954} INFO - Setting next_dagrun for consume_1_or_both_2_and_3_with_dataset_expressions to None, run_after=None
[2026-08-24T14:25:37.848+0000] {logging_mixin.py:188} INFO - [2026-08-24T14:25:37.848+0000] {dag.py:3954} INFO - Setting next_dagrun for dataset_consumes_1 to None, run_after=None
[2026-08-24T14:25:37.850+0000] {logging_mixin.py:188} INFO - [2026-08-24T14:25:37.850+0000] {dag.py:3954} INFO - Setting next_dagrun for dataset_consumes_1_and_2 to None, run_after=None
[2026-08-24T14:25:37.851+0000] {logging_mixin.py:188} INFO - [2026-08-24T14:25:37.851+0000] {dag.py:3954} INFO - Setting next_dagrun for dataset_consumes_1_never_scheduled to None, run_after=None
[2026-08-24T14:25:37.853+0000] {logging_mixin.py:188} INFO - [2026-08-24T14:25:37.853+0000] {dag.py:3954} INFO - Setting next_dagrun for dataset_consumes_unknown_never_scheduled to None, run_after=None
[2026-08-24T14:25:37.856+0000] {logging_mixin.py:188} INFO - [2026-08-24T14:25:37.856+0000] {dag.py:3954} INFO - Setting next_dagrun for dataset_produces_1 to 2026-08-23 00:00:00+00:00, run_after=2026-08-24 00:00:00+00:00
[2026-08-24T14:25:37.858+0000] {logging_mixin.py:188} INFO - [2026-08-24T14:25:37.858+0000] {dag.py:3954} INFO - Setting next_dagrun for dataset_produces_2 to None, run_after=None
[2026-08-24T14:25:37.899+0000] {processor.py:183} INFO - Processing /home/airflow/.local/lib/python3.12/site-packages/airflow/example_dags/example_datasets.py took 0.186 seconds
[2026-08-24T14:26:08.780+0000] {processor.py:161} INFO - Started process (PID=461) to work on /home/airflow/.local/lib/python3.12/site-packages/airflow/example_dags/example_datasets.py
[2026-08-24T14:26:08.781+0000] {processor.py:830} INFO - Processing file /home/airflow/.local/lib/python3.12/site-packages/airflow/example_dags/example_datasets.py for tasks to queue
[2026-08-24T14:26:08.784+0000] {logging_mixin.py:188} INFO - [2026-08-24T14:26:08.783+0000] {dagbag.py:545} INFO - Filling up the DagBag from /home/airflow/.local/lib/python3.12/site-packages/airflow/example_dags/example_datasets.py
[2026-08-24T14:26:08.806+0000] {processor.py:840} INFO - DAG(s) 'dataset_produces_1', 'dataset_produces_2', 'consume_1_or_2_with_dataset_expressions', 'dataset_consumes_1', 'dataset_consumes_1_and_2', 'consume_1_or_both_2_and_3_with_dataset_expressions', 'dataset_consumes_1_never_scheduled', 'consume_1_and_2_with_dataset_expressions', 'dataset_consumes_unknown_never_scheduled', 'conditional_dataset_and_time_based_timetable' retrieved from /home/airflow/.local/lib/python3.12/site-packages/airflow/example_dags/example_datasets.py
[2026-08-24T14:26:08.864+0000] {logging_mixin.py:188} INFO - [2026-08-24T14:26:08.864+0000] {dag.py:3096} INFO - Sync 10 DAGs
[2026-08-24T14:26:08.895+0000] {logging_mixin.py:188} INFO - [2026-08-24T14:26:08.894+0000] {dag.py:3954} INFO - Setting next_dagrun for conditional_dataset_and_time_based_timetable to 2026-08-19 01:00:00+00:00, run_after=2026-08-19 01:00:00+00:00
[2026-08-24T14:26:08.900+0000] {logging_mixin.py:188} INFO - [2026-08-24T14:26:08.900+0000] {dag.py:3954} INFO - Setting next_dagrun for consume_1_and_2_with_dataset_expressions to None, run_after=None
[2026-08-24T14:26:08.902+0000] {logging_mixin.py:188} INFO - [2026-08-24T14:26:08.902+0000] {dag.py:3954} INFO - Setting next_dagrun for consume_1_or_2_with_dataset_expressions to None, run_after=None
[2026-08-24T14:26:08.904+0000] {logging_mixin.py:188} INFO - [2026-08-24T14:26:08.904+0000] {dag.py:3954} INFO - Setting next_dagrun for consume_1_or_both_2_and_3_with_dataset_expressions to None, run_after=None
[2026-08-24T14:26:08.906+0000] {logging_mixin.py:188} INFO - [2026-08-24T14:26:08.906+0000] {dag.py:3954} INFO - Setting next_dagrun for dataset_consumes_1 to None, run_after=None
[2026-08-24T14:26:08.909+0000] {logging_mixin.py:188} INFO - [2026-08-24T14:26:08.909+0000] {dag.py:3954} INFO - Setting next_dagrun for dataset_consumes_1_and_2 to None, run_after=None
[2026-08-24T14:26:08.911+0000] {logging_mixin.py:188} INFO - [2026-08-24T14:26:08.911+0000] {dag.py:3954} INFO - Setting next_dagrun for dataset_consumes_1_never_scheduled to None, run_after=None
[2026-08-24T14:26:08.913+0000] {logging_mixin.py:188} INFO - [2026-08-24T14:26:08.913+0000] {dag.py:3954} INFO - Setting next_dagrun for dataset_consumes_unknown_never_scheduled to None, run_after=None
[2026-08-24T14:26:08.916+0000] {logging_mixin.py:188} INFO - [2026-08-24T14:26:08.916+0000] {dag.py:3954} INFO - Setting next_dagrun for dataset_produces_1 to 2026-08-23 00:00:00+00:00, run_after=2026-08-24 00:00:00+00:00
[2026-08-24T14:26:08.918+0000] {logging_mixin.py:188} INFO - [2026-08-24T14:26:08.918+0000] {dag.py:3954} INFO - Setting next_dagrun for dataset_produces_2 to None, run_after=None
[2026-08-24T14:26:08.963+0000] {processor.py:183} INFO - Processing /home/airflow/.local/lib/python3.12/site-packages/airflow/example_dags/example_datasets.py took 0.192 seconds
[2026-08-24T14:26:39.318+0000] {processor.py:161} INFO - Started process (PID=520) to work on /home/airflow/.local/lib/python3.12/site-packages/airflow/example_dags/example_datasets.py
[2026-08-24T14:26:39.319+0000] {processor.py:830} INFO - Processing file /home/airflow/.local/lib/python3.12/site-packages/airflow/example_dags/example_datasets.py for tasks to queue
[2026-08-24T14:26:39.322+0000] {logging_mixin.py:188} INFO - [2026-08-24T14:26:39.322+0000] {dagbag.py:545} INFO - Filling up the DagBag from /home/airflow/.local/lib/python3.12/site-packages/airflow/example_dags/example_datasets.py
[2026-08-24T14:26:39.340+0000] {processor.py:840} INFO - DAG(s) 'dataset_consumes_1', 'conditional_dataset_and_time_based_timetable', 'dataset_consumes_1_never_scheduled', 'dataset_consumes_unknown_never_scheduled', 'consume_1_or_both_2_and_3_with_dataset_expressions', 'dataset_produces_2', 'consume_1_and_2_with_dataset_expressions', 'consume_1_or_2_with_dataset_expressions', 'dataset_consumes_1_and_2', 'dataset_produces_1' retrieved from /home/airflow/.local/lib/python3.12/site-packages/airflow/example_dags/example_datasets.py
[2026-08-24T14:26:39.403+0000] {logging_mixin.py:188} INFO - [2026-08-24T14:26:39.403+0000] {dag.py:3096} INFO - Sync 10 DAGs
[2026-08-24T14:26:39.435+0000] {logging_mixin.py:188} INFO - [2026-08-24T14:26:39.435+0000] {dag.py:3954} INFO - Setting next_dagrun for conditional_dataset_and_time_based_timetable to 2026-08-19 01:00:00+00:00, run_after=2026-08-19 01:00:00+00:00
[2026-08-24T14:26:39.442+0000] {logging_mixin.py:188} INFO - [2026-08-24T14:26:39.441+0000] {dag.py:3954} INFO - Setting next_dagrun for consume_1_and_2_with_dataset_expressions to None, run_after=None
[2026-08-24T14:26:39.444+0000] {logging_mixin.py:188} INFO - [2026-08-24T14:26:39.443+0000] {dag.py:3954} INFO - Setting next_dagrun for consume_1_or_2_with_dataset_expressions to None, run_after=None
[2026-08-24T14:26:39.445+0000] {logging_mixin.py:188} INFO - [2026-08-24T14:26:39.445+0000] {dag.py:3954} INFO - Setting next_dagrun for consume_1_or_both_2_and_3_with_dataset_expressions to None, run_after=None
[2026-08-24T14:26:39.447+0000] {logging_mixin.py:188} INFO - [2026-08-24T14:26:39.447+0000] {dag.py:3954} INFO - Setting next_dagrun for dataset_consumes_1 to None, run_after=None
[2026-08-24T14:26:39.449+0000] {logging_mixin.py:188} INFO - [2026-08-24T14:26:39.449+0000] {dag.py:3954} INFO - Setting next_dagrun for dataset_consumes_1_and_2 to None, run_after=None
[2026-08-24T14:26:39.451+0000] {logging_mixin.py:188} INFO - [2026-08-24T14:26:39.450+0000] {dag.py:3954} INFO - Setting next_dagrun for dataset_consumes_1_never_scheduled to None, run_after=None
[2026-08-24T14:26:39.453+0000] {logging_mixin.py:188} INFO - [2026-08-24T14:26:39.452+0000] {dag.py:3954} INFO - Setting next_dagrun for dataset_consumes_unknown_never_scheduled to None, run_after=None
[2026-08-24T14:26:39.456+0000] {logging_mixin.py:188} INFO - [2026-08-24T14:26:39.456+0000] {dag.py:3954} INFO - Setting next_dagrun for dataset_produces_1 to 2026-08-23 00:00:00+00:00, run_after=2026-08-24 00:00:00+00:00
[2026-08-24T14:26:39.458+0000] {logging_mixin.py:188} INFO - [2026-08-24T14:26:39.458+0000] {dag.py:3954} INFO - Setting next_dagrun for dataset_produces_2 to None, run_after=None
[2026-08-24T14:26:39.500+0000] {processor.py:183} INFO - Processing /home/airflow/.local/lib/python3.12/site-packages/airflow/example_dags/example_datasets.py took 0.190 seconds
[2026-08-24T14:27:09.610+0000] {processor.py:161} INFO - Started process (PID=579) to work on /home/airflow/.local/lib/python3.12/site-packages/airflow/example_dags/example_datasets.py
[2026-08-24T14:27:09.611+0000] {processor.py:830} INFO - Processing file /home/airflow/.local/lib/python3.12/site-packages/airflow/example_dags/example_datasets.py for tasks to queue
[2026-08-24T14:27:09.616+0000] {logging_mixin.py:188} INFO - [2026-08-24T14:27:09.616+0000] {dagbag.py:545} INFO - Filling up the DagBag from /home/airflow/.local/lib/python3.12/site-packages/airflow/example_dags/example_datasets.py
[2026-08-24T14:27:09.635+0000] {processor.py:840} INFO - DAG(s) 'dataset_produces_1', 'conditional_dataset_and_time_based_timetable', 'consume_1_or_both_2_and_3_with_dataset_expressions', 'dataset_consumes_1_never_scheduled', 'dataset_consumes_1', 'dataset_produces_2', 'dataset_consumes_unknown_never_scheduled', 'consume_1_or_2_with_dataset_expressions', 'dataset_consumes_1_and_2', 'consume_1_and_2_with_dataset_expressions' retrieved from /home/airflow/.local/lib/python3.12/site-packages/airflow/example_dags/example_datasets.py
[2026-08-24T14:27:09.700+0000] {logging_mixin.py:188} INFO - [2026-08-24T14:27:09.700+0000] {dag.py:3096} INFO - Sync 10 DAGs
[2026-08-24T14:27:09.734+0000] {logging_mixin.py:188} INFO - [2026-08-24T14:27:09.734+0000] {dag.py:3954} INFO - Setting next_dagrun for conditional_dataset_and_time_based_timetable to 2026-08-19 01:00:00+00:00, run_after=2026-08-19 01:00:00+00:00
[2026-08-24T14:27:09.740+0000] {logging_mixin.py:188} INFO - [2026-08-24T14:27:09.740+0000] {dag.py:3954} INFO - Setting next_dagrun for consume_1_and_2_with_dataset_expressions to None, run_after=None
[2026-08-24T14:27:09.742+0000] {logging_mixin.py:188} INFO - [2026-08-24T14:27:09.742+0000] {dag.py:3954} INFO - Setting next_dagrun for consume_1_or_2_with_dataset_expressions to None, run_after=None
[2026-08-24T14:27:09.744+0000] {logging_mixin.py:188} INFO - [2026-08-24T14:27:09.744+0000] {dag.py:3954} INFO - Setting next_dagrun for consume_1_or_both_2_and_3_with_dataset_expressions to None, run_after=None
[2026-08-24T14:27:09.746+0000] {logging_mixin.py:188} INFO - [2026-08-24T14:27:09.746+0000] {dag.py:3954} INFO - Setting next_dagrun for dataset_consumes_1 to None, run_after=None
[2026-08-24T14:27:09.748+0000] {logging_mixin.py:188} INFO - [2026-08-24T14:27:09.748+0000] {dag.py:3954} INFO - Setting next_dagrun for dataset_consumes_1_and_2 to None, run_after=None
[2026-08-24T14:27:09.750+0000] {logging_mixin.py:188} INFO - [2026-08-24T14:27:09.750+0000] {dag.py:3954} INFO - Setting next_dagrun for dataset_consumes_1_never_scheduled to None, run_after=None
[2026-08-24T14:27:09.752+0000] {logging_mixin.py:188} INFO - [2026-08-24T14:27:09.752+0000] {dag.py:3954} INFO - Setting next_dagrun for dataset_consumes_unknown_never_scheduled to None, run_after=None
[2026-08-24T14:27:09.755+0000] {logging_mixin.py:188} INFO - [2026-08-24T14:27:09.755+0000] {dag.py:3954} INFO - Setting next_dagrun for dataset_produces_1 to 2026-08-23 00:00:00+00:00, run_after=2026-08-24 00:00:00+00:00
[2026-08-24T14:27:09.758+0000] {logging_mixin.py:188} INFO - [2026-08-24T14:27:09.758+0000] {dag.py:3954} INFO - Setting next_dagrun for dataset_produces_2 to None, run_after=None
[2026-08-24T14:27:09.804+0000] {processor.py:183} INFO - Processing /home/airflow/.local/lib/python3.12/site-packages/airflow/example_dags/example_datasets.py took 0.201 seconds
[2026-08-24T14:27:40.016+0000] {processor.py:161} INFO - Started process (PID=639) to work on /home/airflow/.local/lib/python3.12/site-packages/airflow/example_dags/example_datasets.py
[2026-08-24T14:27:40.017+0000] {processor.py:830} INFO - Processing file /home/airflow/.local/lib/python3.12/site-packages/airflow/example_dags/example_datasets.py for tasks to queue
[2026-08-24T14:27:40.020+0000] {logging_mixin.py:188} INFO - [2026-08-24T14:27:40.019+0000] {dagbag.py:545} INFO - Filling up the DagBag from /home/airflow/.local/lib/python3.12/site-packages/airflow/example_dags/example_datasets.py
[2026-08-24T14:27:40.040+0000] {processor.py:840} INFO - DAG(s) 'dataset_consumes_unknown_never_scheduled', 'consume_1_or_both_2_and_3_with_dataset_expressions', 'dataset_consumes_1_and_2', 'consume_1_or_2_with_dataset_expressions', 'consume_1_and_2_with_dataset_expressions', 'dataset_produces_2', 'dataset_consumes_1_never_scheduled', 'conditional_dataset_and_time_based_timetable', 'dataset_consumes_1', 'dataset_produces_1' retrieved from /home/airflow/.local/lib/python3.12/site-packages/airflow/example_dags/example_datasets.py
[2026-08-24T14:27:40.114+0000] {logging_mixin.py:188} INFO - [2026-08-24T14:27:40.113+0000] {dag.py:3096} INFO - Sync 10 DAGs
[2026-08-24T14:27:40.150+0000] {logging_mixin.py:188} INFO - [2026-08-24T14:27:40.150+0000] {dag.py:3954} INFO - Setting next_dagrun for conditional_dataset_and_time_based_timetable to 2026-08-19 01:00:00+00:00, run_after=2026-08-19 01:00:00+00:00
[2026-08-24T14:27:40.156+0000] {logging_mixin.py:188} INFO - [2026-08-24T14:27:40.156+0000] {dag.py:3954} INFO - Setting next_dagrun for consume_1_and_2_with_dataset_expressions to None, run_after=None
[2026-08-24T14:27:40.159+0000] {logging_mixin.py:188} INFO - [2026-08-24T14:27:40.159+0000] {dag.py:3954} INFO - Setting next_dagrun for consume_1_or_2_with_dataset_expressions to None, run_after=None
[2026-08-24T14:27:40.161+0000] {logging_mixin.py:188} INFO - [2026-08-24T14:27:40.161+0000] {dag.py:3954} INFO - Setting next_dagrun for consume_1_or_both_2_and_3_with_dataset_expressions to None, run_after=None
[2026-08-24T14:27:40.163+0000] {logging_mixin.py:188} INFO - [2026-08-24T14:27:40.162+0000] {dag.py:3954} INFO - Setting next_dagrun for dataset_consumes_1 to None, run_after=None
[2026-08-24T14:27:40.165+0000] {logging_mixin.py:188} INFO - [2026-08-24T14:27:40.165+0000] {dag.py:3954} INFO - Setting next_dagrun for dataset_consumes_1_and_2 to None, run_after=None
[2026-08-24T14:27:40.167+0000] {logging_mixin.py:188} INFO - [2026-08-24T14:27:40.167+0000] {dag.py:3954} INFO - Setting next_dagrun for dataset_consumes_1_never_scheduled to None, run_after=None
[2026-08-24T14:27:40.170+0000] {logging_mixin.py:188} INFO - [2026-08-24T14:27:40.169+0000] {dag.py:3954} INFO - Setting next_dagrun for dataset_consumes_unknown_never_scheduled to None, run_after=None
[2026-08-24T14:27:40.173+0000] {logging_mixin.py:188} INFO - [2026-08-24T14:27:40.173+0000] {dag.py:3954} INFO - Setting next_dagrun for dataset_produces_1 to 2026-08-23 00:00:00+00:00, run_after=2026-08-24 00:00:00+00:00
[2026-08-24T14:27:40.175+0000] {logging_mixin.py:188} INFO - [2026-08-24T14:27:40.175+0000] {dag.py:3954} INFO - Setting next_dagrun for dataset_produces_2 to None, run_after=None
[2026-08-24T14:27:40.217+0000] {processor.py:183} INFO - Processing /home/airflow/.local/lib/python3.12/site-packages/airflow/example_dags/example_datasets.py took 0.208 seconds
[2026-08-24T14:28:10.332+0000] {processor.py:161} INFO - Started process (PID=699) to work on /home/airflow/.local/lib/python3.12/site-packages/airflow/example_dags/example_datasets.py
[2026-08-24T14:28:10.333+0000] {processor.py:830} INFO - Processing file /home/airflow/.local/lib/python3.12/site-packages/airflow/example_dags/example_datasets.py for tasks to queue
[2026-08-24T14:28:10.335+0000] {logging_mixin.py:188} INFO - [2026-08-24T14:28:10.335+0000] {dagbag.py:545} INFO - Filling up the DagBag from /home/airflow/.local/lib/python3.12/site-packages/airflow/example_dags/example_datasets.py
[2026-08-24T14:28:10.353+0000] {processor.py:840} INFO - DAG(s) 'consume_1_or_2_with_dataset_expressions', 'consume_1_or_both_2_and_3_with_dataset_expressions', 'dataset_consumes_1', 'dataset_produces_1', 'conditional_dataset_and_time_based_timetable', 'dataset_consumes_1_never_scheduled', 'consume_1_and_2_with_dataset_expressions', 'dataset_consumes_unknown_never_scheduled', 'dataset_produces_2', 'dataset_consumes_1_and_2' retrieved from /home/airflow/.local/lib/python3.12/site-packages/airflow/example_dags/example_datasets.py
[2026-08-24T14:28:10.411+0000] {logging_mixin.py:188} INFO - [2026-08-24T14:28:10.411+0000] {dag.py:3096} INFO - Sync 10 DAGs
[2026-08-24T14:28:10.442+0000] {logging_mixin.py:188} INFO - [2026-08-24T14:28:10.442+0000] {dag.py:3954} INFO - Setting next_dagrun for conditional_dataset_and_time_based_timetable to 2026-08-19 01:00:00+00:00, run_after=2026-08-19 01:00:00+00:00
[2026-08-24T14:28:10.448+0000] {logging_mixin.py:188} INFO - [2026-08-24T14:28:10.448+0000] {dag.py:3954} INFO - Setting next_dagrun for consume_1_and_2_with_dataset_expressions to None, run_after=None
[2026-08-24T14:28:10.450+0000] {logging_mixin.py:188} INFO - [2026-08-24T14:28:10.450+0000] {dag.py:3954} INFO - Setting next_dagrun for consume_1_or_2_with_dataset_expressions to None, run_after=None
[2026-08-24T14:28:10.452+0000] {logging_mixin.py:188} INFO - [2026-08-24T14:28:10.452+0000] {dag.py:3954} INFO - Setting next_dagrun for consume_1_or_both_2_and_3_with_dataset_expressions to None, run_after=None
[2026-08-24T14:28:10.455+0000] {logging_mixin.py:188} INFO - [2026-08-24T14:28:10.454+0000] {dag.py:3954} INFO - Setting next_dagrun for dataset_consumes_1 to None, run_after=None
[2026-08-24T14:28:10.456+0000] {logging_mixin.py:188} INFO - [2026-08-24T14:28:10.456+0000] {dag.py:3954} INFO - Setting next_dagrun for dataset_consumes_1_and_2 to None, run_after=None
[2026-08-24T14:28:10.459+0000] {logging_mixin.py:188} INFO - [2026-08-24T14:28:10.458+0000] {dag.py:3954} INFO - Setting next_dagrun for dataset_consumes_1_never_scheduled to None, run_after=None
[2026-08-24T14:28:10.461+0000] {logging_mixin.py:188} INFO - [2026-08-24T14:28:10.460+0000] {dag.py:3954} INFO - Setting next_dagrun for dataset_consumes_unknown_never_scheduled to None, run_after=None
[2026-08-24T14:28:10.464+0000] {logging_mixin.py:188} INFO - [2026-08-24T14:28:10.463+0000] {dag.py:3954} INFO - Setting next_dagrun for dataset_produces_1 to 2026-08-23 00:00:00+00:00, run_after=2026-08-24 00:00:00+00:00
[2026-08-24T14:28:10.465+0000] {logging_mixin.py:188} INFO - [2026-08-24T14:28:10.465+0000] {dag.py:3954} INFO - Setting next_dagrun for dataset_produces_2 to None, run_after=None
[2026-08-24T14:28:10.505+0000] {processor.py:183} INFO - Processing /home/airflow/.local/lib/python3.12/site-packages/airflow/example_dags/example_datasets.py took 0.181 seconds
[2026-08-24T14:28:40.900+0000] {processor.py:161} INFO - Started process (PID=759) to work on /home/airflow/.local/lib/python3.12/site-packages/airflow/example_dags/example_datasets.py
[2026-08-24T14:28:40.902+0000] {processor.py:830} INFO - Processing file /home/airflow/.local/lib/python3.12/site-packages/airflow/example_dags/example_datasets.py for tasks to queue
[2026-08-24T14:28:40.904+0000] {logging_mixin.py:188} INFO - [2026-08-24T14:28:40.904+0000] {dagbag.py:545} INFO - Filling up the DagBag from /home/airflow/.local/lib/python3.12/site-packages/airflow/example_dags/example_datasets.py
[2026-08-24T14:28:40.922+0000] {processor.py:840} INFO - DAG(s) 'dataset_consumes_1', 'dataset_consumes_1_never_scheduled', 'dataset_consumes_unknown_never_scheduled', 'consume_1_or_both_2_and_3_with_dataset_expressions', 'conditional_dataset_and_time_based_timetable', 'dataset_produces_1', 'consume_1_and_2_with_dataset_expressions', 'consume_1_or_2_with_dataset_expressions', 'dataset_consumes_1_and_2', 'dataset_produces_2' retrieved from /home/airflow/.local/lib/python3.12/site-packages/airflow/example_dags/example_datasets.py
[2026-08-24T14:28:40.987+0000] {logging_mixin.py:188} INFO - [2026-08-24T14:28:40.987+0000] {dag.py:3096} INFO - Sync 10 DAGs
[2026-08-24T14:28:41.022+0000] {logging_mixin.py:188} INFO - [2026-08-24T14:28:41.021+0000] {dag.py:3954} INFO - Setting next_dagrun for conditional_dataset_and_time_based_timetable to 2026-08-19 01:00:00+00:00, run_after=2026-08-19 01:00:00+00:00
[2026-08-24T14:28:41.029+0000] {logging_mixin.py:188} INFO - [2026-08-24T14:28:41.028+0000] {dag.py:3954} INFO - Setting next_dagrun for consume_1_and_2_with_dataset_expressions to None, run_after=None
[2026-08-24T14:28:41.031+0000] {logging_mixin.py:188} INFO - [2026-08-24T14:28:41.031+0000] {dag.py:3954} INFO - Setting next_dagrun for consume_1_or_2_with_dataset_expressions to None, run_after=None
[2026-08-24T14:28:41.033+0000] {logging_mixin.py:188} INFO - [2026-08-24T14:28:41.033+0000] {dag.py:3954} INFO - Setting next_dagrun for consume_1_or_both_2_and_3_with_dataset_expressions to None, run_after=None
[2026-08-24T14:28:41.035+0000] {logging_mixin.py:188} INFO - [2026-08-24T14:28:41.035+0000] {dag.py:3954} INFO - Setting next_dagrun for dataset_consumes_1 to None, run_after=None
[2026-08-24T14:28:41.037+0000] {logging_mixin.py:188} INFO - [2026-08-24T14:28:41.037+0000] {dag.py:3954} INFO - Setting next_dagrun for dataset_consumes_1_and_2 to None, run_after=None
[2026-08-24T14:28:41.039+0000] {logging_mixin.py:188} INFO - [2026-08-24T14:28:41.039+0000] {dag.py:3954} INFO - Setting next_dagrun for dataset_consumes_1_never_scheduled to None, run_after=None
[2026-08-24T14:28:41.041+0000] {logging_mixin.py:188} INFO - [2026-08-24T14:28:41.041+0000] {dag.py:3954} INFO - Setting next_dagrun for dataset_consumes_unknown_never_scheduled to None, run_after=None
[2026-08-24T14:28:41.045+0000] {logging_mixin.py:188} INFO - [2026-08-24T14:28:41.045+0000] {dag.py:3954} INFO - Setting next_dagrun for dataset_produces_1 to 2026-08-23 00:00:00+00:00, run_after=2026-08-24 00:00:00+00:00
[2026-08-24T14:28:41.047+0000] {logging_mixin.py:188} INFO - [2026-08-24T14:28:41.047+0000] {dag.py:3954} INFO - Setting next_dagrun for dataset_produces_2 to None, run_after=None
[2026-08-24T14:28:41.091+0000] {processor.py:183} INFO - Processing /home/airflow/.local/lib/python3.12/site-packages/airflow/example_dags/example_datasets.py took 0.198 seconds
[2026-08-24T14:29:11.884+0000] {processor.py:161} INFO - Started process (PID=819) to work on /home/airflow/.local/lib/python3.12/site-packages/airflow/example_dags/example_datasets.py
[2026-08-24T14:29:11.885+0000] {processor.py:830} INFO - Processing file /home/airflow/.local/lib/python3.12/site-packages/airflow/example_dags/example_datasets.py for tasks to queue
[2026-08-24T14:29:11.888+0000] {logging_mixin.py:188} INFO - [2026-08-24T14:29:11.888+0000] {dagbag.py:545} INFO - Filling up the DagBag from /home/airflow/.local/lib/python3.12/site-packages/airflow/example_dags/example_datasets.py
[2026-08-24T14:29:11.908+0000] {processor.py:840} INFO - DAG(s) 'conditional_dataset_and_time_based_timetable', 'dataset_produces_1', 'dataset_consumes_1_never_scheduled', 'dataset_consumes_unknown_never_scheduled', 'consume_1_or_2_with_dataset_expressions', 'dataset_produces_2', 'dataset_consumes_1', 'dataset_consumes_1_and_2', 'consume_1_and_2_with_dataset_expressions', 'consume_1_or_both_2_and_3_with_dataset_expressions' retrieved from /home/airflow/.local/lib/python3.12/site-packages/airflow/example_dags/example_datasets.py
[2026-08-24T14:29:11.971+0000] {logging_mixin.py:188} INFO - [2026-08-24T14:29:11.970+0000] {dag.py:3096} INFO - Sync 10 DAGs
[2026-08-24T14:29:12.004+0000] {logging_mixin.py:188} INFO - [2026-08-24T14:29:12.004+0000] {dag.py:3954} INFO - Setting next_dagrun for conditional_dataset_and_time_based_timetable to 2026-08-19 01:00:00+00:00, run_after=2026-08-19 01:00:00+00:00
[2026-08-24T14:29:12.010+0000] {logging_mixin.py:188} INFO - [2026-08-24T14:29:12.009+0000] {dag.py:3954} INFO - Setting next_dagrun for consume_1_and_2_with_dataset_expressions to None, run_after=None
[2026-08-24T14:29:12.012+0000] {logging_mixin.py:188} INFO - [2026-08-24T14:29:12.011+0000] {dag.py:3954} INFO - Setting next_dagrun for consume_1_or_2_with_dataset_expressions to None, run_after=None
[2026-08-24T14:29:12.014+0000] {logging_mixin.py:188} INFO - [2026-08-24T14:29:12.014+0000] {dag.py:3954} INFO - Setting next_dagrun for consume_1_or_both_2_and_3_with_dataset_expressions to None, run_after=None
[2026-08-24T14:29:12.017+0000] {logging_mixin.py:188} INFO - [2026-08-24T14:29:12.016+0000] {dag.py:3954} INFO - Setting next_dagrun for dataset_consumes_1 to None, run_after=None
[2026-08-24T14:29:12.019+0000] {logging_mixin.py:188} INFO - [2026-08-24T14:29:12.019+0000] {dag.py:3954} INFO - Setting next_dagrun for dataset_consumes_1_and_2 to None, run_after=None
[2026-08-24T14:29:12.021+0000] {logging_mixin.py:188} INFO - [2026-08-24T14:29:12.020+0000] {dag.py:3954} INFO - Setting next_dagrun for dataset_consumes_1_never_scheduled to None, run_after=None
[2026-08-24T14:29:12.022+0000] {logging_mixin.py:188} INFO - [2026-08-24T14:29:12.022+0000] {dag.py:3954} INFO - Setting next_dagrun for dataset_consumes_unknown_never_scheduled to None, run_after=None
[2026-08-24T14:29:12.026+0000] {logging_mixin.py:188} INFO - [2026-08-24T14:29:12.025+0000] {dag.py:3954} INFO - Setting next_dagrun for dataset_produces_1 to 2026-08-23 00:00:00+00:00, run_after=2026-08-24 00:00:00+00:00
[2026-08-24T14:29:12.028+0000] {logging_mixin.py:188} INFO - [2026-08-24T14:29:12.027+0000] {dag.py:3954} INFO - Setting next_dagrun for dataset_produces_2 to None, run_after=None
[2026-08-24T14:29:12.069+0000] {processor.py:183} INFO - Processing /home/airflow/.local/lib/python3.12/site-packages/airflow/example_dags/example_datasets.py took 0.195 seconds
[2026-08-24T14:29:42.114+0000] {processor.py:161} INFO - Started process (PID=880) to work on /home/airflow/.local/lib/python3.12/site-packages/airflow/example_dags/example_datasets.py
[2026-08-24T14:29:42.115+0000] {processor.py:830} INFO - Processing file /home/airflow/.local/lib/python3.12/site-packages/airflow/example_dags/example_datasets.py for tasks to queue
[2026-08-24T14:29:42.119+0000] {logging_mixin.py:188} INFO - [2026-08-24T14:29:42.118+0000] {dagbag.py:545} INFO - Filling up the DagBag from /home/airflow/.local/lib/python3.12/site-packages/airflow/example_dags/example_datasets.py
[2026-08-24T14:29:42.139+0000] {processor.py:840} INFO - DAG(s) 'consume_1_and_2_with_dataset_expressions', 'dataset_produces_2', 'dataset_produces_1', 'consume_1_or_2_with_dataset_expressions', 'conditional_dataset_and_time_based_timetable', 'consume_1_or_both_2_and_3_with_dataset_expressions', 'dataset_consumes_1_and_2', 'dataset_consumes_1_never_scheduled', 'dataset_consumes_unknown_never_scheduled', 'dataset_consumes_1' retrieved from /home/airflow/.local/lib/python3.12/site-packages/airflow/example_dags/example_datasets.py
[2026-08-24T14:29:42.207+0000] {logging_mixin.py:188} INFO - [2026-08-24T14:29:42.207+0000] {dag.py:3096} INFO - Sync 10 DAGs
[2026-08-24T14:29:42.245+0000] {logging_mixin.py:188} INFO - [2026-08-24T14:29:42.245+0000] {dag.py:3954} INFO - Setting next_dagrun for conditional_dataset_and_time_based_timetable to 2026-08-19 01:00:00+00:00, run_after=2026-08-19 01:00:00+00:00
[2026-08-24T14:29:42.251+0000] {logging_mixin.py:188} INFO - [2026-08-24T14:29:42.251+0000] {dag.py:3954} INFO - Setting next_dagrun for consume_1_and_2_with_dataset_expressions to None, run_after=None
[2026-08-24T14:29:42.253+0000] {logging_mixin.py:188} INFO - [2026-08-24T14:29:42.253+0000] {dag.py:3954} INFO - Setting next_dagrun for consume_1_or_2_with_dataset_expressions to None, run_after=None
[2026-08-24T14:29:42.255+0000] {logging_mixin.py:188} INFO - [2026-08-24T14:29:42.254+0000] {dag.py:3954} INFO - Setting next_dagrun for consume_1_or_both_2_and_3_with_dataset_expressions to None, run_after=None
[2026-08-24T14:29:42.257+0000] {logging_mixin.py:188} INFO - [2026-08-24T14:29:42.257+0000] {dag.py:3954} INFO - Setting next_dagrun for dataset_consumes_1 to None, run_after=None
[2026-08-24T14:29:42.259+0000] {logging_mixin.py:188} INFO - [2026-08-24T14:29:42.259+0000] {dag.py:3954} INFO - Setting next_dagrun for dataset_consumes_1_and_2 to None, run_after=None
[2026-08-24T14:29:42.260+0000] {logging_mixin.py:188} INFO - [2026-08-24T14:29:42.260+0000] {dag.py:3954} INFO - Setting next_dagrun for dataset_consumes_1_never_scheduled to None, run_after=None
[2026-08-24T14:29:42.262+0000] {logging_mixin.py:188} INFO - [2026-08-24T14:29:42.262+0000] {dag.py:3954} INFO - Setting next_dagrun for dataset_consumes_unknown_never_scheduled to None, run_after=None
[2026-08-24T14:29:42.266+0000] {logging_mixin.py:188} INFO - [2026-08-24T14:29:42.266+0000] {dag.py:3954} INFO - Setting next_dagrun for dataset_produces_1 to 2026-08-23 00:00:00+00:00, run_after=2026-08-24 00:00:00+00:00
[2026-08-24T14:29:42.269+0000] {logging_mixin.py:188} INFO - [2026-08-24T14:29:42.268+0000] {dag.py:3954} INFO - Setting next_dagrun for dataset_produces_2 to None, run_after=None
[2026-08-24T14:29:42.349+0000] {processor.py:183} INFO - Processing /home/airflow/.local/lib/python3.12/site-packages/airflow/example_dags/example_datasets.py took 0.243 seconds
[2026-08-24T14:30:13.267+0000] {processor.py:161} INFO - Started process (PID=940) to work on /home/airflow/.local/lib/python3.12/site-packages/airflow/example_dags/example_datasets.py
[2026-08-24T14:30:13.268+0000] {processor.py:830} INFO - Processing file /home/airflow/.local/lib/python3.12/site-packages/airflow/example_dags/example_datasets.py for tasks to queue
[2026-08-24T14:30:13.271+0000] {logging_mixin.py:188} INFO - [2026-08-24T14:30:13.271+0000] {dagbag.py:545} INFO - Filling up the DagBag from /home/airflow/.local/lib/python3.12/site-packages/airflow/example_dags/example_datasets.py
[2026-08-24T14:30:13.292+0000] {processor.py:840} INFO - DAG(s) 'dataset_consumes_1', 'dataset_consumes_1_and_2', 'dataset_consumes_1_never_scheduled', 'conditional_dataset_and_time_based_timetable', 'consume_1_and_2_with_dataset_expressions', 'dataset_produces_1', 'consume_1_or_both_2_and_3_with_dataset_expressions', 'dataset_consumes_unknown_never_scheduled', 'dataset_produces_2', 'consume_1_or_2_with_dataset_expressions' retrieved from /home/airflow/.local/lib/python3.12/site-packages/airflow/example_dags/example_datasets.py
[2026-08-24T14:30:13.359+0000] {logging_mixin.py:188} INFO - [2026-08-24T14:30:13.359+0000] {dag.py:3096} INFO - Sync 10 DAGs
[2026-08-24T14:30:13.393+0000] {logging_mixin.py:188} INFO - [2026-08-24T14:30:13.393+0000] {dag.py:3954} INFO - Setting next_dagrun for conditional_dataset_and_time_based_timetable to 2026-08-19 01:00:00+00:00, run_after=2026-08-19 01:00:00+00:00
[2026-08-24T14:30:13.400+0000] {logging_mixin.py:188} INFO - [2026-08-24T14:30:13.400+0000] {dag.py:3954} INFO - Setting next_dagrun for consume_1_and_2_with_dataset_expressions to None, run_after=None
[2026-08-24T14:30:13.402+0000] {logging_mixin.py:188} INFO - [2026-08-24T14:30:13.402+0000] {dag.py:3954} INFO - Setting next_dagrun for consume_1_or_2_with_dataset_expressions to None, run_after=None
[2026-08-24T14:30:13.404+0000] {logging_mixin.py:188} INFO - [2026-08-24T14:30:13.404+0000] {dag.py:3954} INFO - Setting next_dagrun for consume_1_or_both_2_and_3_with_dataset_expressions to None, run_after=None
[2026-08-24T14:30:13.406+0000] {logging_mixin.py:188} INFO - [2026-08-24T14:30:13.405+0000] {dag.py:3954} INFO - Setting next_dagrun for dataset_consumes_1 to None, run_after=None
[2026-08-24T14:30:13.408+0000] {logging_mixin.py:188} INFO - [2026-08-24T14:30:13.407+0000] {dag.py:3954} INFO - Setting next_dagrun for dataset_consumes_1_and_2 to None, run_after=None
[2026-08-24T14:30:13.410+0000] {logging_mixin.py:188} INFO - [2026-08-24T14:30:13.409+0000] {dag.py:3954} INFO - Setting next_dagrun for dataset_consumes_1_never_scheduled to None, run_after=None
[2026-08-24T14:30:13.412+0000] {logging_mixin.py:188} INFO - [2026-08-24T14:30:13.411+0000] {dag.py:3954} INFO - Setting next_dagrun for dataset_consumes_unknown_never_scheduled to None, run_after=None
[2026-08-24T14:30:13.415+0000] {logging_mixin.py:188} INFO - [2026-08-24T14:30:13.415+0000] {dag.py:3954} INFO - Setting next_dagrun for dataset_produces_1 to 2026-08-23 00:00:00+00:00, run_after=2026-08-24 00:00:00+00:00
[2026-08-24T14:30:13.417+0000] {logging_mixin.py:188} INFO - [2026-08-24T14:30:13.417+0000] {dag.py:3954} INFO - Setting next_dagrun for dataset_produces_2 to None, run_after=None
[2026-08-24T14:30:13.461+0000] {processor.py:183} INFO - Processing /home/airflow/.local/lib/python3.12/site-packages/airflow/example_dags/example_datasets.py took 0.202 seconds
[2026-08-24T14:30:44.120+0000] {processor.py:161} INFO - Started process (PID=1001) to work on /home/airflow/.local/lib/python3.12/site-packages/airflow/example_dags/example_datasets.py
[2026-08-24T14:30:44.122+0000] {processor.py:830} INFO - Processing file /home/airflow/.local/lib/python3.12/site-packages/airflow/example_dags/example_datasets.py for tasks to queue
[2026-08-24T14:30:44.124+0000] {logging_mixin.py:188} INFO - [2026-08-24T14:30:44.124+0000] {dagbag.py:545} INFO - Filling up the DagBag from /home/airflow/.local/lib/python3.12/site-packages/airflow/example_dags/example_datasets.py
[2026-08-24T14:30:44.142+0000] {processor.py:840} INFO - DAG(s) 'dataset_consumes_1', 'dataset_consumes_unknown_never_scheduled', 'consume_1_or_2_with_dataset_expressions', 'dataset_produces_1', 'dataset_consumes_1_and_2', 'consume_1_and_2_with_dataset_expressions', 'dataset_consumes_1_never_scheduled', 'dataset_produces_2', 'conditional_dataset_and_time_based_timetable', 'consume_1_or_both_2_and_3_with_dataset_expressions' retrieved from /home/airflow/.local/lib/python3.12/site-packages/airflow/example_dags/example_datasets.py
[2026-08-24T14:30:44.201+0000] {logging_mixin.py:188} INFO - [2026-08-24T14:30:44.201+0000] {dag.py:3096} INFO - Sync 10 DAGs
[2026-08-24T14:30:44.232+0000] {logging_mixin.py:188} INFO - [2026-08-24T14:30:44.231+0000] {dag.py:3954} INFO - Setting next_dagrun for conditional_dataset_and_time_based_timetable to 2026-08-19 01:00:00+00:00, run_after=2026-08-19 01:00:00+00:00
[2026-08-24T14:30:44.237+0000] {logging_mixin.py:188} INFO - [2026-08-24T14:30:44.236+0000] {dag.py:3954} INFO - Setting next_dagrun for consume_1_and_2_with_dataset_expressions to None, run_after=None
[2026-08-24T14:30:44.239+0000] {logging_mixin.py:188} INFO - [2026-08-24T14:30:44.238+0000] {dag.py:3954} INFO - Setting next_dagrun for consume_1_or_2_with_dataset_expressions to None, run_after=None
[2026-08-24T14:30:44.240+0000] {logging_mixin.py:188} INFO - [2026-08-24T14:30:44.240+0000] {dag.py:3954} INFO - Setting next_dagrun for consume_1_or_both_2_and_3_with_dataset_expressions to None, run_after=None
[2026-08-24T14:30:44.242+0000] {logging_mixin.py:188} INFO - [2026-08-24T14:30:44.242+0000] {dag.py:3954} INFO - Setting next_dagrun for dataset_consumes_1 to None, run_after=None
[2026-08-24T14:30:44.245+0000] {logging_mixin.py:188} INFO - [2026-08-24T14:30:44.245+0000] {dag.py:3954} INFO - Setting next_dagrun for dataset_consumes_1_and_2 to None, run_after=None
[2026-08-24T14:30:44.247+0000] {logging_mixin.py:188} INFO - [2026-08-24T14:30:44.247+0000] {dag.py:3954} INFO - Setting next_dagrun for dataset_consumes_1_never_scheduled to None, run_after=None
[2026-08-24T14:30:44.249+0000] {logging_mixin.py:188} INFO - [2026-08-24T14:30:44.248+0000] {dag.py:3954} INFO - Setting next_dagrun for dataset_consumes_unknown_never_scheduled to None, run_after=None
[2026-08-24T14:30:44.252+0000] {logging_mixin.py:188} INFO - [2026-08-24T14:30:44.252+0000] {dag.py:3954} INFO - Setting next_dagrun for dataset_produces_1 to 2026-08-23 00:00:00+00:00, run_after=2026-08-24 00:00:00+00:00
[2026-08-24T14:30:44.254+0000] {logging_mixin.py:188} INFO - [2026-08-24T14:30:44.254+0000] {dag.py:3954} INFO - Setting next_dagrun for dataset_produces_2 to None, run_after=None
[2026-08-24T14:30:44.296+0000] {processor.py:183} INFO - Processing /home/airflow/.local/lib/python3.12/site-packages/airflow/example_dags/example_datasets.py took 0.182 seconds
[2026-08-24T14:35:25.818+0000] {processor.py:161} INFO - Started process (PID=118) to work on /home/airflow/.local/lib/python3.12/site-packages/airflow/example_dags/example_datasets.py
[2026-08-24T14:35:25.819+0000] {processor.py:830} INFO - Processing file /home/airflow/.local/lib/python3.12/site-packages/airflow/example_dags/example_datasets.py for tasks to queue
[2026-08-24T14:35:25.822+0000] {logging_mixin.py:188} INFO - [2026-08-24T14:35:25.822+0000] {dagbag.py:545} INFO - Filling up the DagBag from /home/airflow/.local/lib/python3.12/site-packages/airflow/example_dags/example_datasets.py
[2026-08-24T14:35:25.856+0000] {processor.py:840} INFO - DAG(s) 'dataset_consumes_1_never_scheduled', 'consume_1_and_2_with_dataset_expressions', 'dataset_consumes_1', 'consume_1_or_both_2_and_3_with_dataset_expressions', 'dataset_produces_2', 'dataset_consumes_unknown_never_scheduled', 'consume_1_or_2_with_dataset_expressions', 'conditional_dataset_and_time_based_timetable', 'dataset_produces_1', 'dataset_consumes_1_and_2' retrieved from /home/airflow/.local/lib/python3.12/site-packages/airflow/example_dags/example_datasets.py
[2026-08-24T14:35:26.173+0000] {logging_mixin.py:188} INFO - [2026-08-24T14:35:26.172+0000] {dag.py:3096} INFO - Sync 10 DAGs
[2026-08-24T14:35:26.212+0000] {logging_mixin.py:188} INFO - [2026-08-24T14:35:26.211+0000] {dag.py:3954} INFO - Setting next_dagrun for conditional_dataset_and_time_based_timetable to 2026-08-19 01:00:00+00:00, run_after=2026-08-19 01:00:00+00:00
[2026-08-24T14:35:26.218+0000] {logging_mixin.py:188} INFO - [2026-08-24T14:35:26.218+0000] {dag.py:3954} INFO - Setting next_dagrun for consume_1_and_2_with_dataset_expressions to None, run_after=None
[2026-08-24T14:35:26.221+0000] {logging_mixin.py:188} INFO - [2026-08-24T14:35:26.220+0000] {dag.py:3954} INFO - Setting next_dagrun for consume_1_or_2_with_dataset_expressions to None, run_after=None
[2026-08-24T14:35:26.223+0000] {logging_mixin.py:188} INFO - [2026-08-24T14:35:26.223+0000] {dag.py:3954} INFO - Setting next_dagrun for consume_1_or_both_2_and_3_with_dataset_expressions to None, run_after=None
[2026-08-24T14:35:26.225+0000] {logging_mixin.py:188} INFO - [2026-08-24T14:35:26.225+0000] {dag.py:3954} INFO - Setting next_dagrun for dataset_consumes_1 to None, run_after=None
[2026-08-24T14:35:26.227+0000] {logging_mixin.py:188} INFO - [2026-08-24T14:35:26.227+0000] {dag.py:3954} INFO - Setting next_dagrun for dataset_consumes_1_and_2 to None, run_after=None
[2026-08-24T14:35:26.230+0000] {logging_mixin.py:188} INFO - [2026-08-24T14:35:26.229+0000] {dag.py:3954} INFO - Setting next_dagrun for dataset_consumes_1_never_scheduled to None, run_after=None
[2026-08-24T14:35:26.231+0000] {logging_mixin.py:188} INFO - [2026-08-24T14:35:26.231+0000] {dag.py:3954} INFO - Setting next_dagrun for dataset_consumes_unknown_never_scheduled to None, run_after=None
[2026-08-24T14:35:26.236+0000] {logging_mixin.py:188} INFO - [2026-08-24T14:35:26.235+0000] {dag.py:3954} INFO - Setting next_dagrun for dataset_produces_1 to 2026-08-23 00:00:00+00:00, run_after=2026-08-24 00:00:00+00:00
[2026-08-24T14:35:26.238+0000] {logging_mixin.py:188} INFO - [2026-08-24T14:35:26.238+0000] {dag.py:3954} INFO - Setting next_dagrun for dataset_produces_2 to None, run_after=None
[2026-08-24T14:35:26.302+0000] {processor.py:183} INFO - Processing /home/airflow/.local/lib/python3.12/site-packages/airflow/example_dags/example_datasets.py took 0.491 seconds
[2026-08-24T14:35:56.545+0000] {processor.py:161} INFO - Started process (PID=178) to work on /home/airflow/.local/lib/python3.12/site-packages/airflow/example_dags/example_datasets.py
[2026-08-24T14:35:56.546+0000] {processor.py:830} INFO - Processing file /home/airflow/.local/lib/python3.12/site-packages/airflow/example_dags/example_datasets.py for tasks to queue
[2026-08-24T14:35:56.549+0000] {logging_mixin.py:188} INFO - [2026-08-24T14:35:56.548+0000] {dagbag.py:545} INFO - Filling up the DagBag from /home/airflow/.local/lib/python3.12/site-packages/airflow/example_dags/example_datasets.py
[2026-08-24T14:35:56.571+0000] {processor.py:840} INFO - DAG(s) 'conditional_dataset_and_time_based_timetable', 'dataset_produces_2', 'dataset_produces_1', 'consume_1_or_2_with_dataset_expressions', 'consume_1_or_both_2_and_3_with_dataset_expressions', 'dataset_consumes_1', 'dataset_consumes_1_never_scheduled', 'consume_1_and_2_with_dataset_expressions', 'dataset_consumes_1_and_2', 'dataset_consumes_unknown_never_scheduled' retrieved from /home/airflow/.local/lib/python3.12/site-packages/airflow/example_dags/example_datasets.py
[2026-08-24T14:35:56.640+0000] {logging_mixin.py:188} INFO - [2026-08-24T14:35:56.639+0000] {dag.py:3096} INFO - Sync 10 DAGs
[2026-08-24T14:35:56.676+0000] {logging_mixin.py:188} INFO - [2026-08-24T14:35:56.676+0000] {dag.py:3954} INFO - Setting next_dagrun for conditional_dataset_and_time_based_timetable to 2026-08-19 01:00:00+00:00, run_after=2026-08-19 01:00:00+00:00
[2026-08-24T14:35:56.681+0000] {logging_mixin.py:188} INFO - [2026-08-24T14:35:56.681+0000] {dag.py:3954} INFO - Setting next_dagrun for consume_1_and_2_with_dataset_expressions to None, run_after=None
[2026-08-24T14:35:56.683+0000] {logging_mixin.py:188} INFO - [2026-08-24T14:35:56.683+0000] {dag.py:3954} INFO - Setting next_dagrun for consume_1_or_2_with_dataset_expressions to None, run_after=None
[2026-08-24T14:35:56.685+0000] {logging_mixin.py:188} INFO - [2026-08-24T14:35:56.684+0000] {dag.py:3954} INFO - Setting next_dagrun for consume_1_or_both_2_and_3_with_dataset_expressions to None, run_after=None
[2026-08-24T14:35:56.686+0000] {logging_mixin.py:188} INFO - [2026-08-24T14:35:56.686+0000] {dag.py:3954} INFO - Setting next_dagrun for dataset_consumes_1 to None, run_after=None
[2026-08-24T14:35:56.689+0000] {logging_mixin.py:188} INFO - [2026-08-24T14:35:56.688+0000] {dag.py:3954} INFO - Setting next_dagrun for dataset_consumes_1_and_2 to None, run_after=None
[2026-08-24T14:35:56.691+0000] {logging_mixin.py:188} INFO - [2026-08-24T14:35:56.690+0000] {dag.py:3954} INFO - Setting next_dagrun for dataset_consumes_1_never_scheduled to None, run_after=None
[2026-08-24T14:35:56.693+0000] {logging_mixin.py:188} INFO - [2026-08-24T14:35:56.693+0000] {dag.py:3954} INFO - Setting next_dagrun for dataset_consumes_unknown_never_scheduled to None, run_after=None
[2026-08-24T14:35:56.696+0000] {logging_mixin.py:188} INFO - [2026-08-24T14:35:56.696+0000] {dag.py:3954} INFO - Setting next_dagrun for dataset_produces_1 to 2026-08-23 00:00:00+00:00, run_after=2026-08-24 00:00:00+00:00
[2026-08-24T14:35:56.698+0000] {logging_mixin.py:188} INFO - [2026-08-24T14:35:56.698+0000] {dag.py:3954} INFO - Setting next_dagrun for dataset_produces_2 to None, run_after=None
[2026-08-24T14:35:56.740+0000] {processor.py:183} INFO - Processing /home/airflow/.local/lib/python3.12/site-packages/airflow/example_dags/example_datasets.py took 0.203 seconds
[2026-08-24T14:36:26.918+0000] {processor.py:161} INFO - Started process (PID=238) to work on /home/airflow/.local/lib/python3.12/site-packages/airflow/example_dags/example_datasets.py
[2026-08-24T14:36:26.919+0000] {processor.py:830} INFO - Processing file /home/airflow/.local/lib/python3.12/site-packages/airflow/example_dags/example_datasets.py for tasks to queue
[2026-08-24T14:36:26.921+0000] {logging_mixin.py:188} INFO - [2026-08-24T14:36:26.921+0000] {dagbag.py:545} INFO - Filling up the DagBag from /home/airflow/.local/lib/python3.12/site-packages/airflow/example_dags/example_datasets.py
[2026-08-24T14:36:26.940+0000] {processor.py:840} INFO - DAG(s) 'consume_1_or_2_with_dataset_expressions', 'dataset_consumes_1', 'dataset_consumes_1_and_2', 'dataset_produces_1', 'dataset_consumes_1_never_scheduled', 'dataset_produces_2', 'consume_1_or_both_2_and_3_with_dataset_expressions', 'dataset_consumes_unknown_never_scheduled', 'consume_1_and_2_with_dataset_expressions', 'conditional_dataset_and_time_based_timetable' retrieved from /home/airflow/.local/lib/python3.12/site-packages/airflow/example_dags/example_datasets.py
[2026-08-24T14:36:27.003+0000] {logging_mixin.py:188} INFO - [2026-08-24T14:36:27.002+0000] {dag.py:3096} INFO - Sync 10 DAGs
[2026-08-24T14:36:27.039+0000] {logging_mixin.py:188} INFO - [2026-08-24T14:36:27.039+0000] {dag.py:3954} INFO - Setting next_dagrun for conditional_dataset_and_time_based_timetable to 2026-08-19 01:00:00+00:00, run_after=2026-08-19 01:00:00+00:00
[2026-08-24T14:36:27.046+0000] {logging_mixin.py:188} INFO - [2026-08-24T14:36:27.046+0000] {dag.py:3954} INFO - Setting next_dagrun for consume_1_and_2_with_dataset_expressions to None, run_after=None
[2026-08-24T14:36:27.048+0000] {logging_mixin.py:188} INFO - [2026-08-24T14:36:27.048+0000] {dag.py:3954} INFO - Setting next_dagrun for consume_1_or_2_with_dataset_expressions to None, run_after=None
[2026-08-24T14:36:27.050+0000] {logging_mixin.py:188} INFO - [2026-08-24T14:36:27.050+0000] {dag.py:3954} INFO - Setting next_dagrun for consume_1_or_both_2_and_3_with_dataset_expressions to None, run_after=None
[2026-08-24T14:36:27.052+0000] {logging_mixin.py:188} INFO - [2026-08-24T14:36:27.052+0000] {dag.py:3954} INFO - Setting next_dagrun for dataset_consumes_1 to None, run_after=None
[2026-08-24T14:36:27.054+0000] {logging_mixin.py:188} INFO - [2026-08-24T14:36:27.053+0000] {dag.py:3954} INFO - Setting next_dagrun for dataset_consumes_1_and_2 to None, run_after=None
[2026-08-24T14:36:27.055+0000] {logging_mixin.py:188} INFO - [2026-08-24T14:36:27.055+0000] {dag.py:3954} INFO - Setting next_dagrun for dataset_consumes_1_never_scheduled to None, run_after=None
[2026-08-24T14:36:27.057+0000] {logging_mixin.py:188} INFO - [2026-08-24T14:36:27.057+0000] {dag.py:3954} INFO - Setting next_dagrun for dataset_consumes_unknown_never_scheduled to None, run_after=None
[2026-08-24T14:36:27.061+0000] {logging_mixin.py:188} INFO - [2026-08-24T14:36:27.061+0000] {dag.py:3954} INFO - Setting next_dagrun for dataset_produces_1 to 2026-08-23 00:00:00+00:00, run_after=2026-08-24 00:00:00+00:00
[2026-08-24T14:36:27.064+0000] {logging_mixin.py:188} INFO - [2026-08-24T14:36:27.063+0000] {dag.py:3954} INFO - Setting next_dagrun for dataset_produces_2 to None, run_after=None
[2026-08-24T14:36:27.115+0000] {processor.py:183} INFO - Processing /home/airflow/.local/lib/python3.12/site-packages/airflow/example_dags/example_datasets.py took 0.205 seconds
[2026-08-24T14:36:58.251+0000] {processor.py:161} INFO - Started process (PID=299) to work on /home/airflow/.local/lib/python3.12/site-packages/airflow/example_dags/example_datasets.py
[2026-08-24T14:36:58.252+0000] {processor.py:830} INFO - Processing file /home/airflow/.local/lib/python3.12/site-packages/airflow/example_dags/example_datasets.py for tasks to queue
[2026-08-24T14:36:58.255+0000] {logging_mixin.py:188} INFO - [2026-08-24T14:36:58.254+0000] {dagbag.py:545} INFO - Filling up the DagBag from /home/airflow/.local/lib/python3.12/site-packages/airflow/example_dags/example_datasets.py
[2026-08-24T14:36:58.277+0000] {processor.py:840} INFO - DAG(s) 'dataset_produces_2', 'dataset_produces_1', 'dataset_consumes_1', 'consume_1_or_2_with_dataset_expressions', 'dataset_consumes_unknown_never_scheduled', 'dataset_consumes_1_and_2', 'consume_1_and_2_with_dataset_expressions', 'consume_1_or_both_2_and_3_with_dataset_expressions', 'dataset_consumes_1_never_scheduled', 'conditional_dataset_and_time_based_timetable' retrieved from /home/airflow/.local/lib/python3.12/site-packages/airflow/example_dags/example_datasets.py
[2026-08-24T14:36:58.358+0000] {logging_mixin.py:188} INFO - [2026-08-24T14:36:58.358+0000] {dag.py:3096} INFO - Sync 10 DAGs
[2026-08-24T14:36:58.399+0000] {logging_mixin.py:188} INFO - [2026-08-24T14:36:58.399+0000] {dag.py:3954} INFO - Setting next_dagrun for conditional_dataset_and_time_based_timetable to 2026-08-19 01:00:00+00:00, run_after=2026-08-19 01:00:00+00:00
[2026-08-24T14:36:58.405+0000] {logging_mixin.py:188} INFO - [2026-08-24T14:36:58.404+0000] {dag.py:3954} INFO - Setting next_dagrun for consume_1_and_2_with_dataset_expressions to None, run_after=None
[2026-08-24T14:36:58.408+0000] {logging_mixin.py:188} INFO - [2026-08-24T14:36:58.408+0000] {dag.py:3954} INFO - Setting next_dagrun for consume_1_or_2_with_dataset_expressions to None, run_after=None
[2026-08-24T14:36:58.410+0000] {logging_mixin.py:188} INFO - [2026-08-24T14:36:58.410+0000] {dag.py:3954} INFO - Setting next_dagrun for consume_1_or_both_2_and_3_with_dataset_expressions to None, run_after=None
[2026-08-24T14:36:58.413+0000] {logging_mixin.py:188} INFO - [2026-08-24T14:36:58.412+0000] {dag.py:3954} INFO - Setting next_dagrun for dataset_consumes_1 to None, run_after=None
[2026-08-24T14:36:58.415+0000] {logging_mixin.py:188} INFO - [2026-08-24T14:36:58.415+0000] {dag.py:3954} INFO - Setting next_dagrun for dataset_consumes_1_and_2 to None, run_after=None
[2026-08-24T14:36:58.417+0000] {logging_mixin.py:188} INFO - [2026-08-24T14:36:58.417+0000] {dag.py:3954} INFO - Setting next_dagrun for dataset_consumes_1_never_scheduled to None, run_after=None
[2026-08-24T14:36:58.420+0000] {logging_mixin.py:188} INFO - [2026-08-24T14:36:58.419+0000] {dag.py:3954} INFO - Setting next_dagrun for dataset_consumes_unknown_never_scheduled to None, run_after=None
[2026-08-24T14:36:58.425+0000] {logging_mixin.py:188} INFO - [2026-08-24T14:36:58.425+0000] {dag.py:3954} INFO - Setting next_dagrun for dataset_produces_1 to 2026-08-23 00:00:00+00:00, run_after=2026-08-24 00:00:00+00:00
[2026-08-24T14:36:58.427+0000] {logging_mixin.py:188} INFO - [2026-08-24T14:36:58.427+0000] {dag.py:3954} INFO - Setting next_dagrun for dataset_produces_2 to None, run_after=None
[2026-08-24T14:36:58.484+0000] {processor.py:183} INFO - Processing /home/airflow/.local/lib/python3.12/site-packages/airflow/example_dags/example_datasets.py took 0.244 seconds
[2026-08-24T14:37:29.529+0000] {processor.py:161} INFO - Started process (PID=359) to work on /home/airflow/.local/lib/python3.12/site-packages/airflow/example_dags/example_datasets.py
[2026-08-24T14:37:29.530+0000] {processor.py:830} INFO - Processing file /home/airflow/.local/lib/python3.12/site-packages/airflow/example_dags/example_datasets.py for tasks to queue
[2026-08-24T14:37:29.533+0000] {logging_mixin.py:188} INFO - [2026-08-24T14:37:29.532+0000] {dagbag.py:545} INFO - Filling up the DagBag from /home/airflow/.local/lib/python3.12/site-packages/airflow/example_dags/example_datasets.py
[2026-08-24T14:37:29.551+0000] {processor.py:840} INFO - DAG(s) 'dataset_consumes_unknown_never_scheduled', 'consume_1_or_both_2_and_3_with_dataset_expressions', 'conditional_dataset_and_time_based_timetable', 'dataset_consumes_1', 'dataset_produces_2', 'dataset_consumes_1_never_scheduled', 'dataset_consumes_1_and_2', 'dataset_produces_1', 'consume_1_and_2_with_dataset_expressions', 'consume_1_or_2_with_dataset_expressions' retrieved from /home/airflow/.local/lib/python3.12/site-packages/airflow/example_dags/example_datasets.py
[2026-08-24T14:37:29.624+0000] {logging_mixin.py:188} INFO - [2026-08-24T14:37:29.624+0000] {dag.py:3096} INFO - Sync 10 DAGs
[2026-08-24T14:37:29.661+0000] {logging_mixin.py:188} INFO - [2026-08-24T14:37:29.661+0000] {dag.py:3954} INFO - Setting next_dagrun for conditional_dataset_and_time_based_timetable to 2026-08-19 01:00:00+00:00, run_after=2026-08-19 01:00:00+00:00
[2026-08-24T14:37:29.668+0000] {logging_mixin.py:188} INFO - [2026-08-24T14:37:29.667+0000] {dag.py:3954} INFO - Setting next_dagrun for consume_1_and_2_with_dataset_expressions to None, run_after=None
[2026-08-24T14:37:29.670+0000] {logging_mixin.py:188} INFO - [2026-08-24T14:37:29.669+0000] {dag.py:3954} INFO - Setting next_dagrun for consume_1_or_2_with_dataset_expressions to None, run_after=None
[2026-08-24T14:37:29.672+0000] {logging_mixin.py:188} INFO - [2026-08-24T14:37:29.672+0000] {dag.py:3954} INFO - Setting next_dagrun for consume_1_or_both_2_and_3_with_dataset_expressions to None, run_after=None
[2026-08-24T14:37:29.675+0000] {logging_mixin.py:188} INFO - [2026-08-24T14:37:29.675+0000] {dag.py:3954} INFO - Setting next_dagrun for dataset_consumes_1 to None, run_after=None
[2026-08-24T14:37:29.678+0000] {logging_mixin.py:188} INFO - [2026-08-24T14:37:29.678+0000] {dag.py:3954} INFO - Setting next_dagrun for dataset_consumes_1_and_2 to None, run_after=None
[2026-08-24T14:37:29.681+0000] {logging_mixin.py:188} INFO - [2026-08-24T14:37:29.680+0000] {dag.py:3954} INFO - Setting next_dagrun for dataset_consumes_1_never_scheduled to None, run_after=None
[2026-08-24T14:37:29.683+0000] {logging_mixin.py:188} INFO - [2026-08-24T14:37:29.683+0000] {dag.py:3954} INFO - Setting next_dagrun for dataset_consumes_unknown_never_scheduled to None, run_after=None
[2026-08-24T14:37:29.688+0000] {logging_mixin.py:188} INFO - [2026-08-24T14:37:29.688+0000] {dag.py:3954} INFO - Setting next_dagrun for dataset_produces_1 to 2026-08-23 00:00:00+00:00, run_after=2026-08-24 00:00:00+00:00
[2026-08-24T14:37:29.691+0000] {logging_mixin.py:188} INFO - [2026-08-24T14:37:29.690+0000] {dag.py:3954} INFO - Setting next_dagrun for dataset_produces_2 to None, run_after=None
[2026-08-24T14:37:29.746+0000] {processor.py:183} INFO - Processing /home/airflow/.local/lib/python3.12/site-packages/airflow/example_dags/example_datasets.py took 0.225 seconds
[2026-08-24T14:38:00.615+0000] {processor.py:161} INFO - Started process (PID=425) to work on /home/airflow/.local/lib/python3.12/site-packages/airflow/example_dags/example_datasets.py
[2026-08-24T14:38:00.617+0000] {processor.py:830} INFO - Processing file /home/airflow/.local/lib/python3.12/site-packages/airflow/example_dags/example_datasets.py for tasks to queue
[2026-08-24T14:38:00.620+0000] {logging_mixin.py:188} INFO - [2026-08-24T14:38:00.619+0000] {dagbag.py:545} INFO - Filling up the DagBag from /home/airflow/.local/lib/python3.12/site-packages/airflow/example_dags/example_datasets.py
[2026-08-24T14:38:00.640+0000] {processor.py:840} INFO - DAG(s) 'dataset_produces_2', 'dataset_produces_1', 'consume_1_or_2_with_dataset_expressions', 'dataset_consumes_1', 'consume_1_or_both_2_and_3_with_dataset_expressions', 'dataset_consumes_unknown_never_scheduled', 'consume_1_and_2_with_dataset_expressions', 'conditional_dataset_and_time_based_timetable', 'dataset_consumes_1_and_2', 'dataset_consumes_1_never_scheduled' retrieved from /home/airflow/.local/lib/python3.12/site-packages/airflow/example_dags/example_datasets.py
[2026-08-24T14:38:00.704+0000] {logging_mixin.py:188} INFO - [2026-08-24T14:38:00.704+0000] {dag.py:3096} INFO - Sync 10 DAGs
[2026-08-24T14:38:00.739+0000] {logging_mixin.py:188} INFO - [2026-08-24T14:38:00.739+0000] {dag.py:3954} INFO - Setting next_dagrun for conditional_dataset_and_time_based_timetable to 2026-08-19 01:00:00+00:00, run_after=2026-08-19 01:00:00+00:00
[2026-08-24T14:38:00.744+0000] {logging_mixin.py:188} INFO - [2026-08-24T14:38:00.744+0000] {dag.py:3954} INFO - Setting next_dagrun for consume_1_and_2_with_dataset_expressions to None, run_after=None
[2026-08-24T14:38:00.746+0000] {logging_mixin.py:188} INFO - [2026-08-24T14:38:00.746+0000] {dag.py:3954} INFO - Setting next_dagrun for consume_1_or_2_with_dataset_expressions to None, run_after=None
[2026-08-24T14:38:00.749+0000] {logging_mixin.py:188} INFO - [2026-08-24T14:38:00.748+0000] {dag.py:3954} INFO - Setting next_dagrun for consume_1_or_both_2_and_3_with_dataset_expressions to None, run_after=None
[2026-08-24T14:38:00.751+0000] {logging_mixin.py:188} INFO - [2026-08-24T14:38:00.751+0000] {dag.py:3954} INFO - Setting next_dagrun for dataset_consumes_1 to None, run_after=None
[2026-08-24T14:38:00.753+0000] {logging_mixin.py:188} INFO - [2026-08-24T14:38:00.753+0000] {dag.py:3954} INFO - Setting next_dagrun for dataset_consumes_1_and_2 to None, run_after=None
[2026-08-24T14:38:00.755+0000] {logging_mixin.py:188} INFO - [2026-08-24T14:38:00.755+0000] {dag.py:3954} INFO - Setting next_dagrun for dataset_consumes_1_never_scheduled to None, run_after=None
[2026-08-24T14:38:00.756+0000] {logging_mixin.py:188} INFO - [2026-08-24T14:38:00.756+0000] {dag.py:3954} INFO - Setting next_dagrun for dataset_consumes_unknown_never_scheduled to None, run_after=None
[2026-08-24T14:38:00.759+0000] {logging_mixin.py:188} INFO - [2026-08-24T14:38:00.759+0000] {dag.py:3954} INFO - Setting next_dagrun for dataset_produces_1 to 2026-08-23 00:00:00+00:00, run_after=2026-08-24 00:00:00+00:00
[2026-08-24T14:38:00.761+0000] {logging_mixin.py:188} INFO - [2026-08-24T14:38:00.761+0000] {dag.py:3954} INFO - Setting next_dagrun for dataset_produces_2 to None, run_after=None
[2026-08-24T14:38:00.811+0000] {processor.py:183} INFO - Processing /home/airflow/.local/lib/python3.12/site-packages/airflow/example_dags/example_datasets.py took 0.204 seconds
[2026-08-24T14:38:31.012+0000] {processor.py:161} INFO - Started process (PID=484) to work on /home/airflow/.local/lib/python3.12/site-packages/airflow/example_dags/example_datasets.py
[2026-08-24T14:38:31.014+0000] {processor.py:830} INFO - Processing file /home/airflow/.local/lib/python3.12/site-packages/airflow/example_dags/example_datasets.py for tasks to queue
[2026-08-24T14:38:31.017+0000] {logging_mixin.py:188} INFO - [2026-08-24T14:38:31.016+0000] {dagbag.py:545} INFO - Filling up the DagBag from /home/airflow/.local/lib/python3.12/site-packages/airflow/example_dags/example_datasets.py
[2026-08-24T14:38:31.038+0000] {processor.py:840} INFO - DAG(s) 'dataset_consumes_1_never_scheduled', 'dataset_consumes_1_and_2', 'dataset_produces_2', 'consume_1_or_2_with_dataset_expressions', 'consume_1_and_2_with_dataset_expressions', 'conditional_dataset_and_time_based_timetable', 'consume_1_or_both_2_and_3_with_dataset_expressions', 'dataset_consumes_1', 'dataset_produces_1', 'dataset_consumes_unknown_never_scheduled' retrieved from /home/airflow/.local/lib/python3.12/site-packages/airflow/example_dags/example_datasets.py
[2026-08-24T14:38:31.111+0000] {logging_mixin.py:188} INFO - [2026-08-24T14:38:31.110+0000] {dag.py:3096} INFO - Sync 10 DAGs
[2026-08-24T14:38:31.148+0000] {logging_mixin.py:188} INFO - [2026-08-24T14:38:31.148+0000] {dag.py:3954} INFO - Setting next_dagrun for conditional_dataset_and_time_based_timetable to 2026-08-19 01:00:00+00:00, run_after=2026-08-19 01:00:00+00:00
[2026-08-24T14:38:31.155+0000] {logging_mixin.py:188} INFO - [2026-08-24T14:38:31.155+0000] {dag.py:3954} INFO - Setting next_dagrun for consume_1_and_2_with_dataset_expressions to None, run_after=None
[2026-08-24T14:38:31.157+0000] {logging_mixin.py:188} INFO - [2026-08-24T14:38:31.157+0000] {dag.py:3954} INFO - Setting next_dagrun for consume_1_or_2_with_dataset_expressions to None, run_after=None
[2026-08-24T14:38:31.159+0000] {logging_mixin.py:188} INFO - [2026-08-24T14:38:31.159+0000] {dag.py:3954} INFO - Setting next_dagrun for consume_1_or_both_2_and_3_with_dataset_expressions to None, run_after=None
[2026-08-24T14:38:31.162+0000] {logging_mixin.py:188} INFO - [2026-08-24T14:38:31.162+0000] {dag.py:3954} INFO - Setting next_dagrun for dataset_consumes_1 to None, run_after=None
[2026-08-24T14:38:31.164+0000] {logging_mixin.py:188} INFO - [2026-08-24T14:38:31.164+0000] {dag.py:3954} INFO - Setting next_dagrun for dataset_consumes_1_and_2 to None, run_after=None
[2026-08-24T14:38:31.166+0000] {logging_mixin.py:188} INFO - [2026-08-24T14:38:31.166+0000] {dag.py:3954} INFO - Setting next_dagrun for dataset_consumes_1_never_scheduled to None, run_after=None
[2026-08-24T14:38:31.168+0000] {logging_mixin.py:188} INFO - [2026-08-24T14:38:31.168+0000] {dag.py:3954} INFO - Setting next_dagrun for dataset_consumes_unknown_never_scheduled to None, run_after=None
[2026-08-24T14:38:31.172+0000] {logging_mixin.py:188} INFO - [2026-08-24T14:38:31.171+0000] {dag.py:3954} INFO - Setting next_dagrun for dataset_produces_1 to 2026-08-23 00:00:00+00:00, run_after=2026-08-24 00:00:00+00:00
[2026-08-24T14:38:31.175+0000] {logging_mixin.py:188} INFO - [2026-08-24T14:38:31.174+0000] {dag.py:3954} INFO - Setting next_dagrun for dataset_produces_2 to None, run_after=None
[2026-08-24T14:38:31.253+0000] {processor.py:183} INFO - Processing /home/airflow/.local/lib/python3.12/site-packages/airflow/example_dags/example_datasets.py took 0.248 seconds
[2026-08-24T14:39:01.561+0000] {processor.py:161} INFO - Started process (PID=544) to work on /home/airflow/.local/lib/python3.12/site-packages/airflow/example_dags/example_datasets.py
[2026-08-24T14:39:01.562+0000] {processor.py:830} INFO - Processing file /home/airflow/.local/lib/python3.12/site-packages/airflow/example_dags/example_datasets.py for tasks to queue
[2026-08-24T14:39:01.564+0000] {logging_mixin.py:188} INFO - [2026-08-24T14:39:01.564+0000] {dagbag.py:545} INFO - Filling up the DagBag from /home/airflow/.local/lib/python3.12/site-packages/airflow/example_dags/example_datasets.py
[2026-08-24T14:39:01.582+0000] {processor.py:840} INFO - DAG(s) 'dataset_produces_2', 'dataset_consumes_unknown_never_scheduled', 'consume_1_and_2_with_dataset_expressions', 'conditional_dataset_and_time_based_timetable', 'consume_1_or_both_2_and_3_with_dataset_expressions', 'dataset_consumes_1_never_scheduled', 'consume_1_or_2_with_dataset_expressions', 'dataset_produces_1', 'dataset_consumes_1', 'dataset_consumes_1_and_2' retrieved from /home/airflow/.local/lib/python3.12/site-packages/airflow/example_dags/example_datasets.py
[2026-08-24T14:39:01.649+0000] {logging_mixin.py:188} INFO - [2026-08-24T14:39:01.649+0000] {dag.py:3096} INFO - Sync 10 DAGs
[2026-08-24T14:39:01.682+0000] {logging_mixin.py:188} INFO - [2026-08-24T14:39:01.682+0000] {dag.py:3954} INFO - Setting next_dagrun for conditional_dataset_and_time_based_timetable to 2026-08-19 01:00:00+00:00, run_after=2026-08-19 01:00:00+00:00
[2026-08-24T14:39:01.687+0000] {logging_mixin.py:188} INFO - [2026-08-24T14:39:01.687+0000] {dag.py:3954} INFO - Setting next_dagrun for consume_1_and_2_with_dataset_expressions to None, run_after=None
[2026-08-24T14:39:01.689+0000] {logging_mixin.py:188} INFO - [2026-08-24T14:39:01.689+0000] {dag.py:3954} INFO - Setting next_dagrun for consume_1_or_2_with_dataset_expressions to None, run_after=None
[2026-08-24T14:39:01.691+0000] {logging_mixin.py:188} INFO - [2026-08-24T14:39:01.691+0000] {dag.py:3954} INFO - Setting next_dagrun for consume_1_or_both_2_and_3_with_dataset_expressions to None, run_after=None
[2026-08-24T14:39:01.694+0000] {logging_mixin.py:188} INFO - [2026-08-24T14:39:01.694+0000] {dag.py:3954} INFO - Setting next_dagrun for dataset_consumes_1 to None, run_after=None
[2026-08-24T14:39:01.696+0000] {logging_mixin.py:188} INFO - [2026-08-24T14:39:01.696+0000] {dag.py:3954} INFO - Setting next_dagrun for dataset_consumes_1_and_2 to None, run_after=None
[2026-08-24T14:39:01.699+0000] {logging_mixin.py:188} INFO - [2026-08-24T14:39:01.699+0000] {dag.py:3954} INFO - Setting next_dagrun for dataset_consumes_1_never_scheduled to None, run_after=None
[2026-08-24T14:39:01.702+0000] {logging_mixin.py:188} INFO - [2026-08-24T14:39:01.701+0000] {dag.py:3954} INFO - Setting next_dagrun for dataset_consumes_unknown_never_scheduled to None, run_after=None
[2026-08-24T14:39:01.706+0000] {logging_mixin.py:188} INFO - [2026-08-24T14:39:01.706+0000] {dag.py:3954} INFO - Setting next_dagrun for dataset_produces_1 to 2026-08-23 00:00:00+00:00, run_after=2026-08-24 00:00:00+00:00
[2026-08-24T14:39:01.708+0000] {logging_mixin.py:188} INFO - [2026-08-24T14:39:01.708+0000] {dag.py:3954} INFO - Setting next_dagrun for dataset_produces_2 to None, run_after=None
[2026-08-24T14:39:01.760+0000] {processor.py:183} INFO - Processing /home/airflow/.local/lib/python3.12/site-packages/airflow/example_dags/example_datasets.py took 0.207 seconds
[2026-08-24T14:41:18.687+0000] {processor.py:161} INFO - Started process (PID=123) to work on /home/airflow/.local/lib/python3.12/site-packages/airflow/example_dags/example_datasets.py
[2026-08-24T14:41:18.688+0000] {processor.py:830} INFO - Processing file /home/airflow/.local/lib/python3.12/site-packages/airflow/example_dags/example_datasets.py for tasks to queue
[2026-08-24T14:41:18.691+0000] {logging_mixin.py:188} INFO - [2026-08-24T14:41:18.690+0000] {dagbag.py:545} INFO - Filling up the DagBag from /home/airflow/.local/lib/python3.12/site-packages/airflow/example_dags/example_datasets.py
[2026-08-24T14:41:18.727+0000] {processor.py:840} INFO - DAG(s) 'consume_1_and_2_with_dataset_expressions', 'conditional_dataset_and_time_based_timetable', 'dataset_consumes_1_never_scheduled', 'dataset_consumes_unknown_never_scheduled', 'dataset_produces_1', 'dataset_consumes_1_and_2', 'dataset_produces_2', 'dataset_consumes_1', 'consume_1_or_2_with_dataset_expressions', 'consume_1_or_both_2_and_3_with_dataset_expressions' retrieved from /home/airflow/.local/lib/python3.12/site-packages/airflow/example_dags/example_datasets.py
[2026-08-24T14:41:19.080+0000] {logging_mixin.py:188} INFO - [2026-08-24T14:41:19.080+0000] {dag.py:3096} INFO - Sync 10 DAGs
[2026-08-24T14:41:19.123+0000] {logging_mixin.py:188} INFO - [2026-08-24T14:41:19.122+0000] {dag.py:3954} INFO - Setting next_dagrun for conditional_dataset_and_time_based_timetable to 2026-08-19 01:00:00+00:00, run_after=2026-08-19 01:00:00+00:00
[2026-08-24T14:41:19.129+0000] {logging_mixin.py:188} INFO - [2026-08-24T14:41:19.128+0000] {dag.py:3954} INFO - Setting next_dagrun for consume_1_and_2_with_dataset_expressions to None, run_after=None
[2026-08-24T14:41:19.131+0000] {logging_mixin.py:188} INFO - [2026-08-24T14:41:19.131+0000] {dag.py:3954} INFO - Setting next_dagrun for consume_1_or_2_with_dataset_expressions to None, run_after=None
[2026-08-24T14:41:19.134+0000] {logging_mixin.py:188} INFO - [2026-08-24T14:41:19.134+0000] {dag.py:3954} INFO - Setting next_dagrun for consume_1_or_both_2_and_3_with_dataset_expressions to None, run_after=None
[2026-08-24T14:41:19.137+0000] {logging_mixin.py:188} INFO - [2026-08-24T14:41:19.136+0000] {dag.py:3954} INFO - Setting next_dagrun for dataset_consumes_1 to None, run_after=None
[2026-08-24T14:41:19.139+0000] {logging_mixin.py:188} INFO - [2026-08-24T14:41:19.139+0000] {dag.py:3954} INFO - Setting next_dagrun for dataset_consumes_1_and_2 to None, run_after=None
[2026-08-24T14:41:19.142+0000] {logging_mixin.py:188} INFO - [2026-08-24T14:41:19.142+0000] {dag.py:3954} INFO - Setting next_dagrun for dataset_consumes_1_never_scheduled to None, run_after=None
[2026-08-24T14:41:19.144+0000] {logging_mixin.py:188} INFO - [2026-08-24T14:41:19.144+0000] {dag.py:3954} INFO - Setting next_dagrun for dataset_consumes_unknown_never_scheduled to None, run_after=None
[2026-08-24T14:41:19.150+0000] {logging_mixin.py:188} INFO - [2026-08-24T14:41:19.149+0000] {dag.py:3954} INFO - Setting next_dagrun for dataset_produces_1 to 2026-08-23 00:00:00+00:00, run_after=2026-08-24 00:00:00+00:00
[2026-08-24T14:41:19.152+0000] {logging_mixin.py:188} INFO - [2026-08-24T14:41:19.152+0000] {dag.py:3954} INFO - Setting next_dagrun for dataset_produces_2 to None, run_after=None
[2026-08-24T14:41:19.221+0000] {processor.py:183} INFO - Processing /home/airflow/.local/lib/python3.12/site-packages/airflow/example_dags/example_datasets.py took 0.544 seconds
[2026-08-24T14:41:49.622+0000] {processor.py:161} INFO - Started process (PID=183) to work on /home/airflow/.local/lib/python3.12/site-packages/airflow/example_dags/example_datasets.py
[2026-08-24T14:41:49.624+0000] {processor.py:830} INFO - Processing file /home/airflow/.local/lib/python3.12/site-packages/airflow/example_dags/example_datasets.py for tasks to queue
[2026-08-24T14:41:49.626+0000] {logging_mixin.py:188} INFO - [2026-08-24T14:41:49.626+0000] {dagbag.py:545} INFO - Filling up the DagBag from /home/airflow/.local/lib/python3.12/site-packages/airflow/example_dags/example_datasets.py
[2026-08-24T14:41:49.646+0000] {processor.py:840} INFO - DAG(s) 'conditional_dataset_and_time_based_timetable', 'dataset_consumes_unknown_never_scheduled', 'dataset_consumes_1', 'dataset_consumes_1_and_2', 'consume_1_and_2_with_dataset_expressions', 'consume_1_or_both_2_and_3_with_dataset_expressions', 'dataset_produces_2', 'dataset_produces_1', 'consume_1_or_2_with_dataset_expressions', 'dataset_consumes_1_never_scheduled' retrieved from /home/airflow/.local/lib/python3.12/site-packages/airflow/example_dags/example_datasets.py
[2026-08-24T14:41:49.717+0000] {logging_mixin.py:188} INFO - [2026-08-24T14:41:49.716+0000] {dag.py:3096} INFO - Sync 10 DAGs
[2026-08-24T14:41:49.756+0000] {logging_mixin.py:188} INFO - [2026-08-24T14:41:49.755+0000] {dag.py:3954} INFO - Setting next_dagrun for conditional_dataset_and_time_based_timetable to 2026-08-19 01:00:00+00:00, run_after=2026-08-19 01:00:00+00:00
[2026-08-24T14:41:49.761+0000] {logging_mixin.py:188} INFO - [2026-08-24T14:41:49.761+0000] {dag.py:3954} INFO - Setting next_dagrun for consume_1_and_2_with_dataset_expressions to None, run_after=None
[2026-08-24T14:41:49.764+0000] {logging_mixin.py:188} INFO - [2026-08-24T14:41:49.763+0000] {dag.py:3954} INFO - Setting next_dagrun for consume_1_or_2_with_dataset_expressions to None, run_after=None
[2026-08-24T14:41:49.766+0000] {logging_mixin.py:188} INFO - [2026-08-24T14:41:49.766+0000] {dag.py:3954} INFO - Setting next_dagrun for consume_1_or_both_2_and_3_with_dataset_expressions to None, run_after=None
[2026-08-24T14:41:49.768+0000] {logging_mixin.py:188} INFO - [2026-08-24T14:41:49.768+0000] {dag.py:3954} INFO - Setting next_dagrun for dataset_consumes_1 to None, run_after=None
[2026-08-24T14:41:49.770+0000] {logging_mixin.py:188} INFO - [2026-08-24T14:41:49.770+0000] {dag.py:3954} INFO - Setting next_dagrun for dataset_consumes_1_and_2 to None, run_after=None
[2026-08-24T14:41:49.772+0000] {logging_mixin.py:188} INFO - [2026-08-24T14:41:49.772+0000] {dag.py:3954} INFO - Setting next_dagrun for dataset_consumes_1_never_scheduled to None, run_after=None
[2026-08-24T14:41:49.774+0000] {logging_mixin.py:188} INFO - [2026-08-24T14:41:49.774+0000] {dag.py:3954} INFO - Setting next_dagrun for dataset_consumes_unknown_never_scheduled to None, run_after=None
[2026-08-24T14:41:49.778+0000] {logging_mixin.py:188} INFO - [2026-08-24T14:41:49.778+0000] {dag.py:3954} INFO - Setting next_dagrun for dataset_produces_1 to 2026-08-23 00:00:00+00:00, run_after=2026-08-24 00:00:00+00:00
[2026-08-24T14:41:49.780+0000] {logging_mixin.py:188} INFO - [2026-08-24T14:41:49.780+0000] {dag.py:3954} INFO - Setting next_dagrun for dataset_produces_2 to None, run_after=None
[2026-08-24T14:41:49.832+0000] {processor.py:183} INFO - Processing /home/airflow/.local/lib/python3.12/site-packages/airflow/example_dags/example_datasets.py took 0.220 seconds
[2026-08-24T14:42:20.210+0000] {processor.py:161} INFO - Started process (PID=243) to work on /home/airflow/.local/lib/python3.12/site-packages/airflow/example_dags/example_datasets.py
[2026-08-24T14:42:20.211+0000] {processor.py:830} INFO - Processing file /home/airflow/.local/lib/python3.12/site-packages/airflow/example_dags/example_datasets.py for tasks to queue
[2026-08-24T14:42:20.215+0000] {logging_mixin.py:188} INFO - [2026-08-24T14:42:20.215+0000] {dagbag.py:545} INFO - Filling up the DagBag from /home/airflow/.local/lib/python3.12/site-packages/airflow/example_dags/example_datasets.py
[2026-08-24T14:42:20.238+0000] {processor.py:840} INFO - DAG(s) 'dataset_produces_1', 'dataset_consumes_1', 'consume_1_and_2_with_dataset_expressions', 'consume_1_or_2_with_dataset_expressions', 'conditional_dataset_and_time_based_timetable', 'dataset_consumes_1_never_scheduled', 'dataset_consumes_unknown_never_scheduled', 'consume_1_or_both_2_and_3_with_dataset_expressions', 'dataset_produces_2', 'dataset_consumes_1_and_2' retrieved from /home/airflow/.local/lib/python3.12/site-packages/airflow/example_dags/example_datasets.py
[2026-08-24T14:42:20.313+0000] {logging_mixin.py:188} INFO - [2026-08-24T14:42:20.312+0000] {dag.py:3096} INFO - Sync 10 DAGs
[2026-08-24T14:42:20.354+0000] {logging_mixin.py:188} INFO - [2026-08-24T14:42:20.354+0000] {dag.py:3954} INFO - Setting next_dagrun for conditional_dataset_and_time_based_timetable to 2026-08-19 01:00:00+00:00, run_after=2026-08-19 01:00:00+00:00
[2026-08-24T14:42:20.362+0000] {logging_mixin.py:188} INFO - [2026-08-24T14:42:20.362+0000] {dag.py:3954} INFO - Setting next_dagrun for consume_1_and_2_with_dataset_expressions to None, run_after=None
[2026-08-24T14:42:20.365+0000] {logging_mixin.py:188} INFO - [2026-08-24T14:42:20.365+0000] {dag.py:3954} INFO - Setting next_dagrun for consume_1_or_2_with_dataset_expressions to None, run_after=None
[2026-08-24T14:42:20.367+0000] {logging_mixin.py:188} INFO - [2026-08-24T14:42:20.367+0000] {dag.py:3954} INFO - Setting next_dagrun for consume_1_or_both_2_and_3_with_dataset_expressions to None, run_after=None
[2026-08-24T14:42:20.369+0000] {logging_mixin.py:188} INFO - [2026-08-24T14:42:20.369+0000] {dag.py:3954} INFO - Setting next_dagrun for dataset_consumes_1 to None, run_after=None
[2026-08-24T14:42:20.372+0000] {logging_mixin.py:188} INFO - [2026-08-24T14:42:20.371+0000] {dag.py:3954} INFO - Setting next_dagrun for dataset_consumes_1_and_2 to None, run_after=None
[2026-08-24T14:42:20.375+0000] {logging_mixin.py:188} INFO - [2026-08-24T14:42:20.374+0000] {dag.py:3954} INFO - Setting next_dagrun for dataset_consumes_1_never_scheduled to None, run_after=None
[2026-08-24T14:42:20.377+0000] {logging_mixin.py:188} INFO - [2026-08-24T14:42:20.377+0000] {dag.py:3954} INFO - Setting next_dagrun for dataset_consumes_unknown_never_scheduled to None, run_after=None
[2026-08-24T14:42:20.382+0000] {logging_mixin.py:188} INFO - [2026-08-24T14:42:20.381+0000] {dag.py:3954} INFO - Setting next_dagrun for dataset_produces_1 to 2026-08-23 00:00:00+00:00, run_after=2026-08-24 00:00:00+00:00
[2026-08-24T14:42:20.384+0000] {logging_mixin.py:188} INFO - [2026-08-24T14:42:20.384+0000] {dag.py:3954} INFO - Setting next_dagrun for dataset_produces_2 to None, run_after=None
[2026-08-24T14:42:20.444+0000] {processor.py:183} INFO - Processing /home/airflow/.local/lib/python3.12/site-packages/airflow/example_dags/example_datasets.py took 0.244 seconds
[2026-08-24T14:42:51.156+0000] {processor.py:161} INFO - Started process (PID=303) to work on /home/airflow/.local/lib/python3.12/site-packages/airflow/example_dags/example_datasets.py
[2026-08-24T14:42:51.158+0000] {processor.py:830} INFO - Processing file /home/airflow/.local/lib/python3.12/site-packages/airflow/example_dags/example_datasets.py for tasks to queue
[2026-08-24T14:42:51.160+0000] {logging_mixin.py:188} INFO - [2026-08-24T14:42:51.160+0000] {dagbag.py:545} INFO - Filling up the DagBag from /home/airflow/.local/lib/python3.12/site-packages/airflow/example_dags/example_datasets.py
[2026-08-24T14:42:51.179+0000] {processor.py:840} INFO - DAG(s) 'dataset_consumes_1_never_scheduled', 'consume_1_and_2_with_dataset_expressions', 'conditional_dataset_and_time_based_timetable', 'dataset_consumes_unknown_never_scheduled', 'consume_1_or_both_2_and_3_with_dataset_expressions', 'dataset_produces_1', 'dataset_consumes_1_and_2', 'dataset_produces_2', 'dataset_consumes_1', 'consume_1_or_2_with_dataset_expressions' retrieved from /home/airflow/.local/lib/python3.12/site-packages/airflow/example_dags/example_datasets.py
[2026-08-24T14:42:51.240+0000] {logging_mixin.py:188} INFO - [2026-08-24T14:42:51.240+0000] {dag.py:3096} INFO - Sync 10 DAGs
[2026-08-24T14:42:51.272+0000] {logging_mixin.py:188} INFO - [2026-08-24T14:42:51.271+0000] {dag.py:3954} INFO - Setting next_dagrun for conditional_dataset_and_time_based_timetable to 2026-08-19 01:00:00+00:00, run_after=2026-08-19 01:00:00+00:00
[2026-08-24T14:42:51.278+0000] {logging_mixin.py:188} INFO - [2026-08-24T14:42:51.277+0000] {dag.py:3954} INFO - Setting next_dagrun for consume_1_and_2_with_dataset_expressions to None, run_after=None
[2026-08-24T14:42:51.280+0000] {logging_mixin.py:188} INFO - [2026-08-24T14:42:51.280+0000] {dag.py:3954} INFO - Setting next_dagrun for consume_1_or_2_with_dataset_expressions to None, run_after=None
[2026-08-24T14:42:51.281+0000] {logging_mixin.py:188} INFO - [2026-08-24T14:42:51.281+0000] {dag.py:3954} INFO - Setting next_dagrun for consume_1_or_both_2_and_3_with_dataset_expressions to None, run_after=None
[2026-08-24T14:42:51.283+0000] {logging_mixin.py:188} INFO - [2026-08-24T14:42:51.283+0000] {dag.py:3954} INFO - Setting next_dagrun for dataset_consumes_1 to None, run_after=None
[2026-08-24T14:42:51.285+0000] {logging_mixin.py:188} INFO - [2026-08-24T14:42:51.284+0000] {dag.py:3954} INFO - Setting next_dagrun for dataset_consumes_1_and_2 to None, run_after=None
[2026-08-24T14:42:51.286+0000] {logging_mixin.py:188} INFO - [2026-08-24T14:42:51.286+0000] {dag.py:3954} INFO - Setting next_dagrun for dataset_consumes_1_never_scheduled to None, run_after=None
[2026-08-24T14:42:51.288+0000] {logging_mixin.py:188} INFO - [2026-08-24T14:42:51.288+0000] {dag.py:3954} INFO - Setting next_dagrun for dataset_consumes_unknown_never_scheduled to None, run_after=None
[2026-08-24T14:42:51.291+0000] {logging_mixin.py:188} INFO - [2026-08-24T14:42:51.291+0000] {dag.py:3954} INFO - Setting next_dagrun for dataset_produces_1 to 2026-08-23 00:00:00+00:00, run_after=2026-08-24 00:00:00+00:00
[2026-08-24T14:42:51.293+0000] {logging_mixin.py:188} INFO - [2026-08-24T14:42:51.293+0000] {dag.py:3954} INFO - Setting next_dagrun for dataset_produces_2 to None, run_after=None
[2026-08-24T14:42:51.338+0000] {processor.py:183} INFO - Processing /home/airflow/.local/lib/python3.12/site-packages/airflow/example_dags/example_datasets.py took 0.189 seconds
[2026-08-24T14:43:22.247+0000] {processor.py:161} INFO - Started process (PID=362) to work on /home/airflow/.local/lib/python3.12/site-packages/airflow/example_dags/example_datasets.py
[2026-08-24T14:43:22.249+0000] {processor.py:830} INFO - Processing file /home/airflow/.local/lib/python3.12/site-packages/airflow/example_dags/example_datasets.py for tasks to queue
[2026-08-24T14:43:22.253+0000] {logging_mixin.py:188} INFO - [2026-08-24T14:43:22.252+0000] {dagbag.py:545} INFO - Filling up the DagBag from /home/airflow/.local/lib/python3.12/site-packages/airflow/example_dags/example_datasets.py
[2026-08-24T14:43:22.274+0000] {processor.py:840} INFO - DAG(s) 'consume_1_or_both_2_and_3_with_dataset_expressions', 'consume_1_and_2_with_dataset_expressions', 'dataset_produces_1', 'dataset_consumes_unknown_never_scheduled', 'dataset_produces_2', 'consume_1_or_2_with_dataset_expressions', 'conditional_dataset_and_time_based_timetable', 'dataset_consumes_1', 'dataset_consumes_1_and_2', 'dataset_consumes_1_never_scheduled' retrieved from /home/airflow/.local/lib/python3.12/site-packages/airflow/example_dags/example_datasets.py
[2026-08-24T14:43:22.338+0000] {logging_mixin.py:188} INFO - [2026-08-24T14:43:22.338+0000] {dag.py:3096} INFO - Sync 10 DAGs
[2026-08-24T14:43:22.372+0000] {logging_mixin.py:188} INFO - [2026-08-24T14:43:22.371+0000] {dag.py:3954} INFO - Setting next_dagrun for conditional_dataset_and_time_based_timetable to 2026-08-19 01:00:00+00:00, run_after=2026-08-19 01:00:00+00:00
[2026-08-24T14:43:22.377+0000] {logging_mixin.py:188} INFO - [2026-08-24T14:43:22.377+0000] {dag.py:3954} INFO - Setting next_dagrun for consume_1_and_2_with_dataset_expressions to None, run_after=None
[2026-08-24T14:43:22.379+0000] {logging_mixin.py:188} INFO - [2026-08-24T14:43:22.378+0000] {dag.py:3954} INFO - Setting next_dagrun for consume_1_or_2_with_dataset_expressions to None, run_after=None
[2026-08-24T14:43:22.380+0000] {logging_mixin.py:188} INFO - [2026-08-24T14:43:22.380+0000] {dag.py:3954} INFO - Setting next_dagrun for consume_1_or_both_2_and_3_with_dataset_expressions to None, run_after=None
[2026-08-24T14:43:22.383+0000] {logging_mixin.py:188} INFO - [2026-08-24T14:43:22.383+0000] {dag.py:3954} INFO - Setting next_dagrun for dataset_consumes_1 to None, run_after=None
[2026-08-24T14:43:22.385+0000] {logging_mixin.py:188} INFO - [2026-08-24T14:43:22.385+0000] {dag.py:3954} INFO - Setting next_dagrun for dataset_consumes_1_and_2 to None, run_after=None
[2026-08-24T14:43:22.387+0000] {logging_mixin.py:188} INFO - [2026-08-24T14:43:22.387+0000] {dag.py:3954} INFO - Setting next_dagrun for dataset_consumes_1_never_scheduled to None, run_after=None
[2026-08-24T14:43:22.389+0000] {logging_mixin.py:188} INFO - [2026-08-24T14:43:22.388+0000] {dag.py:3954} INFO - Setting next_dagrun for dataset_consumes_unknown_never_scheduled to None, run_after=None
[2026-08-24T14:43:22.392+0000] {logging_mixin.py:188} INFO - [2026-08-24T14:43:22.392+0000] {dag.py:3954} INFO - Setting next_dagrun for dataset_produces_1 to 2026-08-23 00:00:00+00:00, run_after=2026-08-24 00:00:00+00:00
[2026-08-24T14:43:22.394+0000] {logging_mixin.py:188} INFO - [2026-08-24T14:43:22.394+0000] {dag.py:3954} INFO - Setting next_dagrun for dataset_produces_2 to None, run_after=None
[2026-08-24T14:43:22.455+0000] {processor.py:183} INFO - Processing /home/airflow/.local/lib/python3.12/site-packages/airflow/example_dags/example_datasets.py took 0.215 seconds
[2026-08-24T14:43:52.577+0000] {processor.py:161} INFO - Started process (PID=421) to work on /home/airflow/.local/lib/python3.12/site-packages/airflow/example_dags/example_datasets.py
[2026-08-24T14:43:52.578+0000] {processor.py:830} INFO - Processing file /home/airflow/.local/lib/python3.12/site-packages/airflow/example_dags/example_datasets.py for tasks to queue
[2026-08-24T14:43:52.581+0000] {logging_mixin.py:188} INFO - [2026-08-24T14:43:52.580+0000] {dagbag.py:545} INFO - Filling up the DagBag from /home/airflow/.local/lib/python3.12/site-packages/airflow/example_dags/example_datasets.py
[2026-08-24T14:43:52.598+0000] {processor.py:840} INFO - DAG(s) 'dataset_produces_1', 'dataset_produces_2', 'consume_1_and_2_with_dataset_expressions', 'dataset_consumes_1_and_2', 'dataset_consumes_1', 'consume_1_or_2_with_dataset_expressions', 'conditional_dataset_and_time_based_timetable', 'dataset_consumes_1_never_scheduled', 'consume_1_or_both_2_and_3_with_dataset_expressions', 'dataset_consumes_unknown_never_scheduled' retrieved from /home/airflow/.local/lib/python3.12/site-packages/airflow/example_dags/example_datasets.py
[2026-08-24T14:43:52.652+0000] {logging_mixin.py:188} INFO - [2026-08-24T14:43:52.652+0000] {dag.py:3096} INFO - Sync 10 DAGs
[2026-08-24T14:43:52.682+0000] {logging_mixin.py:188} INFO - [2026-08-24T14:43:52.682+0000] {dag.py:3954} INFO - Setting next_dagrun for conditional_dataset_and_time_based_timetable to 2026-08-19 01:00:00+00:00, run_after=2026-08-19 01:00:00+00:00
[2026-08-24T14:43:52.687+0000] {logging_mixin.py:188} INFO - [2026-08-24T14:43:52.687+0000] {dag.py:3954} INFO - Setting next_dagrun for consume_1_and_2_with_dataset_expressions to None, run_after=None
[2026-08-24T14:43:52.690+0000] {logging_mixin.py:188} INFO - [2026-08-24T14:43:52.689+0000] {dag.py:3954} INFO - Setting next_dagrun for consume_1_or_2_with_dataset_expressions to None, run_after=None
[2026-08-24T14:43:52.691+0000] {logging_mixin.py:188} INFO - [2026-08-24T14:43:52.691+0000] {dag.py:3954} INFO - Setting next_dagrun for consume_1_or_both_2_and_3_with_dataset_expressions to None, run_after=None
[2026-08-24T14:43:52.693+0000] {logging_mixin.py:188} INFO - [2026-08-24T14:43:52.693+0000] {dag.py:3954} INFO - Setting next_dagrun for dataset_consumes_1 to None, run_after=None
[2026-08-24T14:43:52.694+0000] {logging_mixin.py:188} INFO - [2026-08-24T14:43:52.694+0000] {dag.py:3954} INFO - Setting next_dagrun for dataset_consumes_1_and_2 to None, run_after=None
[2026-08-24T14:43:52.696+0000] {logging_mixin.py:188} INFO - [2026-08-24T14:43:52.695+0000] {dag.py:3954} INFO - Setting next_dagrun for dataset_consumes_1_never_scheduled to None, run_after=None
[2026-08-24T14:43:52.697+0000] {logging_mixin.py:188} INFO - [2026-08-24T14:43:52.697+0000] {dag.py:3954} INFO - Setting next_dagrun for dataset_consumes_unknown_never_scheduled to None, run_after=None
[2026-08-24T14:43:52.700+0000] {logging_mixin.py:188} INFO - [2026-08-24T14:43:52.700+0000] {dag.py:3954} INFO - Setting next_dagrun for dataset_produces_1 to 2026-08-23 00:00:00+00:00, run_after=2026-08-24 00:00:00+00:00
[2026-08-24T14:43:52.702+0000] {logging_mixin.py:188} INFO - [2026-08-24T14:43:52.702+0000] {dag.py:3954} INFO - Setting next_dagrun for dataset_produces_2 to None, run_after=None
[2026-08-24T14:43:52.741+0000] {processor.py:183} INFO - Processing /home/airflow/.local/lib/python3.12/site-packages/airflow/example_dags/example_datasets.py took 0.171 seconds
[2026-08-24T14:44:23.191+0000] {processor.py:161} INFO - Started process (PID=481) to work on /home/airflow/.local/lib/python3.12/site-packages/airflow/example_dags/example_datasets.py
[2026-08-24T14:44:23.193+0000] {processor.py:830} INFO - Processing file /home/airflow/.local/lib/python3.12/site-packages/airflow/example_dags/example_datasets.py for tasks to queue
[2026-08-24T14:44:23.196+0000] {logging_mixin.py:188} INFO - [2026-08-24T14:44:23.195+0000] {dagbag.py:545} INFO - Filling up the DagBag from /home/airflow/.local/lib/python3.12/site-packages/airflow/example_dags/example_datasets.py
[2026-08-24T14:44:23.214+0000] {processor.py:840} INFO - DAG(s) 'conditional_dataset_and_time_based_timetable', 'dataset_consumes_1_never_scheduled', 'dataset_produces_2', 'dataset_produces_1', 'dataset_consumes_unknown_never_scheduled', 'dataset_consumes_1_and_2', 'consume_1_and_2_with_dataset_expressions', 'dataset_consumes_1', 'consume_1_or_both_2_and_3_with_dataset_expressions', 'consume_1_or_2_with_dataset_expressions' retrieved from /home/airflow/.local/lib/python3.12/site-packages/airflow/example_dags/example_datasets.py
[2026-08-24T14:44:23.281+0000] {logging_mixin.py:188} INFO - [2026-08-24T14:44:23.281+0000] {dag.py:3096} INFO - Sync 10 DAGs
[2026-08-24T14:44:23.315+0000] {logging_mixin.py:188} INFO - [2026-08-24T14:44:23.315+0000] {dag.py:3954} INFO - Setting next_dagrun for conditional_dataset_and_time_based_timetable to 2026-08-19 01:00:00+00:00, run_after=2026-08-19 01:00:00+00:00
[2026-08-24T14:44:23.321+0000] {logging_mixin.py:188} INFO - [2026-08-24T14:44:23.321+0000] {dag.py:3954} INFO - Setting next_dagrun for consume_1_and_2_with_dataset_expressions to None, run_after=None
[2026-08-24T14:44:23.324+0000] {logging_mixin.py:188} INFO - [2026-08-24T14:44:23.324+0000] {dag.py:3954} INFO - Setting next_dagrun for consume_1_or_2_with_dataset_expressions to None, run_after=None
[2026-08-24T14:44:23.327+0000] {logging_mixin.py:188} INFO - [2026-08-24T14:44:23.326+0000] {dag.py:3954} INFO - Setting next_dagrun for consume_1_or_both_2_and_3_with_dataset_expressions to None, run_after=None
[2026-08-24T14:44:23.330+0000] {logging_mixin.py:188} INFO - [2026-08-24T14:44:23.329+0000] {dag.py:3954} INFO - Setting next_dagrun for dataset_consumes_1 to None, run_after=None
[2026-08-24T14:44:23.332+0000] {logging_mixin.py:188} INFO - [2026-08-24T14:44:23.332+0000] {dag.py:3954} INFO - Setting next_dagrun for dataset_consumes_1_and_2 to None, run_after=None
[2026-08-24T14:44:23.334+0000] {logging_mixin.py:188} INFO - [2026-08-24T14:44:23.334+0000] {dag.py:3954} INFO - Setting next_dagrun for dataset_consumes_1_never_scheduled to None, run_after=None
[2026-08-24T14:44:23.336+0000] {logging_mixin.py:188} INFO - [2026-08-24T14:44:23.336+0000] {dag.py:3954} INFO - Setting next_dagrun for dataset_consumes_unknown_never_scheduled to None, run_after=None
[2026-08-24T14:44:23.340+0000] {logging_mixin.py:188} INFO - [2026-08-24T14:44:23.340+0000] {dag.py:3954} INFO - Setting next_dagrun for dataset_produces_1 to 2026-08-23 00:00:00+00:00, run_after=2026-08-24 00:00:00+00:00
[2026-08-24T14:44:23.343+0000] {logging_mixin.py:188} INFO - [2026-08-24T14:44:23.342+0000] {dag.py:3954} INFO - Setting next_dagrun for dataset_produces_2 to None, run_after=None
[2026-08-24T14:44:23.389+0000] {processor.py:183} INFO - Processing /home/airflow/.local/lib/python3.12/site-packages/airflow/example_dags/example_datasets.py took 0.205 seconds
[2026-08-24T14:44:53.986+0000] {processor.py:161} INFO - Started process (PID=541) to work on /home/airflow/.local/lib/python3.12/site-packages/airflow/example_dags/example_datasets.py
[2026-08-24T14:44:53.988+0000] {processor.py:830} INFO - Processing file /home/airflow/.local/lib/python3.12/site-packages/airflow/example_dags/example_datasets.py for tasks to queue
[2026-08-24T14:44:53.990+0000] {logging_mixin.py:188} INFO - [2026-08-24T14:44:53.990+0000] {dagbag.py:545} INFO - Filling up the DagBag from /home/airflow/.local/lib/python3.12/site-packages/airflow/example_dags/example_datasets.py
[2026-08-24T14:44:54.009+0000] {processor.py:840} INFO - DAG(s) 'consume_1_or_both_2_and_3_with_dataset_expressions', 'consume_1_or_2_with_dataset_expressions', 'dataset_produces_1', 'consume_1_and_2_with_dataset_expressions', 'conditional_dataset_and_time_based_timetable', 'dataset_consumes_1_never_scheduled', 'dataset_consumes_1_and_2', 'dataset_produces_2', 'dataset_consumes_unknown_never_scheduled', 'dataset_consumes_1' retrieved from /home/airflow/.local/lib/python3.12/site-packages/airflow/example_dags/example_datasets.py
[2026-08-24T14:44:54.071+0000] {logging_mixin.py:188} INFO - [2026-08-24T14:44:54.071+0000] {dag.py:3096} INFO - Sync 10 DAGs
[2026-08-24T14:44:54.103+0000] {logging_mixin.py:188} INFO - [2026-08-24T14:44:54.103+0000] {dag.py:3954} INFO - Setting next_dagrun for conditional_dataset_and_time_based_timetable to 2026-08-19 01:00:00+00:00, run_after=2026-08-19 01:00:00+00:00
[2026-08-24T14:44:54.109+0000] {logging_mixin.py:188} INFO - [2026-08-24T14:44:54.109+0000] {dag.py:3954} INFO - Setting next_dagrun for consume_1_and_2_with_dataset_expressions to None, run_after=None
[2026-08-24T14:44:54.113+0000] {logging_mixin.py:188} INFO - [2026-08-24T14:44:54.113+0000] {dag.py:3954} INFO - Setting next_dagrun for consume_1_or_2_with_dataset_expressions to None, run_after=None
[2026-08-24T14:44:54.115+0000] {logging_mixin.py:188} INFO - [2026-08-24T14:44:54.114+0000] {dag.py:3954} INFO - Setting next_dagrun for consume_1_or_both_2_and_3_with_dataset_expressions to None, run_after=None
[2026-08-24T14:44:54.117+0000] {logging_mixin.py:188} INFO - [2026-08-24T14:44:54.117+0000] {dag.py:3954} INFO - Setting next_dagrun for dataset_consumes_1 to None, run_after=None
[2026-08-24T14:44:54.119+0000] {logging_mixin.py:188} INFO - [2026-08-24T14:44:54.119+0000] {dag.py:3954} INFO - Setting next_dagrun for dataset_consumes_1_and_2 to None, run_after=None
[2026-08-24T14:44:54.122+0000] {logging_mixin.py:188} INFO - [2026-08-24T14:44:54.121+0000] {dag.py:3954} INFO - Setting next_dagrun for dataset_consumes_1_never_scheduled to None, run_after=None
[2026-08-24T14:44:54.124+0000] {logging_mixin.py:188} INFO - [2026-08-24T14:44:54.124+0000] {dag.py:3954} INFO - Setting next_dagrun for dataset_consumes_unknown_never_scheduled to None, run_after=None
[2026-08-24T14:44:54.127+0000] {logging_mixin.py:188} INFO - [2026-08-24T14:44:54.127+0000] {dag.py:3954} INFO - Setting next_dagrun for dataset_produces_1 to 2026-08-23 00:00:00+00:00, run_after=2026-08-24 00:00:00+00:00
[2026-08-24T14:44:54.129+0000] {logging_mixin.py:188} INFO - [2026-08-24T14:44:54.129+0000] {dag.py:3954} INFO - Setting next_dagrun for dataset_produces_2 to None, run_after=None
[2026-08-24T14:44:54.172+0000] {processor.py:183} INFO - Processing /home/airflow/.local/lib/python3.12/site-packages/airflow/example_dags/example_datasets.py took 0.193 seconds
[2026-08-24T14:49:21.196+0000] {processor.py:161} INFO - Started process (PID=122) to work on /home/airflow/.local/lib/python3.12/site-packages/airflow/example_dags/example_datasets.py
[2026-08-24T14:49:21.198+0000] {processor.py:830} INFO - Processing file /home/airflow/.local/lib/python3.12/site-packages/airflow/example_dags/example_datasets.py for tasks to queue
[2026-08-24T14:49:21.200+0000] {logging_mixin.py:188} INFO - [2026-08-24T14:49:21.200+0000] {dagbag.py:545} INFO - Filling up the DagBag from /home/airflow/.local/lib/python3.12/site-packages/airflow/example_dags/example_datasets.py
[2026-08-24T14:49:21.230+0000] {processor.py:840} INFO - DAG(s) 'dataset_produces_1', 'dataset_produces_2', 'consume_1_or_both_2_and_3_with_dataset_expressions', 'dataset_consumes_1_and_2', 'consume_1_or_2_with_dataset_expressions', 'dataset_consumes_1_never_scheduled', 'consume_1_and_2_with_dataset_expressions', 'dataset_consumes_1', 'dataset_consumes_unknown_never_scheduled', 'conditional_dataset_and_time_based_timetable' retrieved from /home/airflow/.local/lib/python3.12/site-packages/airflow/example_dags/example_datasets.py
[2026-08-24T14:49:21.557+0000] {logging_mixin.py:188} INFO - [2026-08-24T14:49:21.556+0000] {dag.py:3096} INFO - Sync 10 DAGs
[2026-08-24T14:49:21.589+0000] {logging_mixin.py:188} INFO - [2026-08-24T14:49:21.589+0000] {dag.py:3954} INFO - Setting next_dagrun for conditional_dataset_and_time_based_timetable to 2026-08-19 01:00:00+00:00, run_after=2026-08-19 01:00:00+00:00
[2026-08-24T14:49:21.594+0000] {logging_mixin.py:188} INFO - [2026-08-24T14:49:21.593+0000] {dag.py:3954} INFO - Setting next_dagrun for consume_1_and_2_with_dataset_expressions to None, run_after=None
[2026-08-24T14:49:21.596+0000] {logging_mixin.py:188} INFO - [2026-08-24T14:49:21.596+0000] {dag.py:3954} INFO - Setting next_dagrun for consume_1_or_2_with_dataset_expressions to None, run_after=None
[2026-08-24T14:49:21.598+0000] {logging_mixin.py:188} INFO - [2026-08-24T14:49:21.598+0000] {dag.py:3954} INFO - Setting next_dagrun for consume_1_or_both_2_and_3_with_dataset_expressions to None, run_after=None
[2026-08-24T14:49:21.600+0000] {logging_mixin.py:188} INFO - [2026-08-24T14:49:21.600+0000] {dag.py:3954} INFO - Setting next_dagrun for dataset_consumes_1 to None, run_after=None
[2026-08-24T14:49:21.602+0000] {logging_mixin.py:188} INFO - [2026-08-24T14:49:21.602+0000] {dag.py:3954} INFO - Setting next_dagrun for dataset_consumes_1_and_2 to None, run_after=None
[2026-08-24T14:49:21.604+0000] {logging_mixin.py:188} INFO - [2026-08-24T14:49:21.604+0000] {dag.py:3954} INFO - Setting next_dagrun for dataset_consumes_1_never_scheduled to None, run_after=None
[2026-08-24T14:49:21.606+0000] {logging_mixin.py:188} INFO - [2026-08-24T14:49:21.606+0000] {dag.py:3954} INFO - Setting next_dagrun for dataset_consumes_unknown_never_scheduled to None, run_after=None
[2026-08-24T14:49:21.610+0000] {logging_mixin.py:188} INFO - [2026-08-24T14:49:21.610+0000] {dag.py:3954} INFO - Setting next_dagrun for dataset_produces_1 to 2026-08-23 00:00:00+00:00, run_after=2026-08-24 00:00:00+00:00
[2026-08-24T14:49:21.612+0000] {logging_mixin.py:188} INFO - [2026-08-24T14:49:21.612+0000] {dag.py:3954} INFO - Setting next_dagrun for dataset_produces_2 to None, run_after=None
[2026-08-24T14:49:21.679+0000] {processor.py:183} INFO - Processing /home/airflow/.local/lib/python3.12/site-packages/airflow/example_dags/example_datasets.py took 0.490 seconds
[2026-08-24T14:50:16.322+0000] {processor.py:161} INFO - Started process (PID=102) to work on /home/airflow/.local/lib/python3.12/site-packages/airflow/example_dags/example_datasets.py
[2026-08-24T14:50:16.324+0000] {processor.py:830} INFO - Processing file /home/airflow/.local/lib/python3.12/site-packages/airflow/example_dags/example_datasets.py for tasks to queue
[2026-08-24T14:50:16.326+0000] {logging_mixin.py:188} INFO - [2026-08-24T14:50:16.326+0000] {dagbag.py:545} INFO - Filling up the DagBag from /home/airflow/.local/lib/python3.12/site-packages/airflow/example_dags/example_datasets.py
[2026-08-24T14:50:16.352+0000] {processor.py:840} INFO - DAG(s) 'dataset_consumes_1_and_2', 'consume_1_or_both_2_and_3_with_dataset_expressions', 'dataset_produces_2', 'consume_1_or_2_with_dataset_expressions', 'dataset_produces_1', 'consume_1_and_2_with_dataset_expressions', 'dataset_consumes_1_never_scheduled', 'dataset_consumes_unknown_never_scheduled', 'dataset_consumes_1', 'conditional_dataset_and_time_based_timetable' retrieved from /home/airflow/.local/lib/python3.12/site-packages/airflow/example_dags/example_datasets.py
[2026-08-24T14:50:16.427+0000] {logging_mixin.py:188} INFO - [2026-08-24T14:50:16.427+0000] {dag.py:3096} INFO - Sync 10 DAGs
[2026-08-24T14:50:16.464+0000] {logging_mixin.py:188} INFO - [2026-08-24T14:50:16.463+0000] {dag.py:3954} INFO - Setting next_dagrun for conditional_dataset_and_time_based_timetable to 2026-08-19 01:00:00+00:00, run_after=2026-08-19 01:00:00+00:00
[2026-08-24T14:50:16.470+0000] {logging_mixin.py:188} INFO - [2026-08-24T14:50:16.470+0000] {dag.py:3954} INFO - Setting next_dagrun for consume_1_and_2_with_dataset_expressions to None, run_after=None
[2026-08-24T14:50:16.472+0000] {logging_mixin.py:188} INFO - [2026-08-24T14:50:16.472+0000] {dag.py:3954} INFO - Setting next_dagrun for consume_1_or_2_with_dataset_expressions to None, run_after=None
[2026-08-24T14:50:16.474+0000] {logging_mixin.py:188} INFO - [2026-08-24T14:50:16.474+0000] {dag.py:3954} INFO - Setting next_dagrun for consume_1_or_both_2_and_3_with_dataset_expressions to None, run_after=None
[2026-08-24T14:50:16.477+0000] {logging_mixin.py:188} INFO - [2026-08-24T14:50:16.477+0000] {dag.py:3954} INFO - Setting next_dagrun for dataset_consumes_1 to None, run_after=None
[2026-08-24T14:50:16.480+0000] {logging_mixin.py:188} INFO - [2026-08-24T14:50:16.479+0000] {dag.py:3954} INFO - Setting next_dagrun for dataset_consumes_1_and_2 to None, run_after=None
[2026-08-24T14:50:16.482+0000] {logging_mixin.py:188} INFO - [2026-08-24T14:50:16.481+0000] {dag.py:3954} INFO - Setting next_dagrun for dataset_consumes_1_never_scheduled to None, run_after=None
[2026-08-24T14:50:16.483+0000] {logging_mixin.py:188} INFO - [2026-08-24T14:50:16.483+0000] {dag.py:3954} INFO - Setting next_dagrun for dataset_consumes_unknown_never_scheduled to None, run_after=None
[2026-08-24T14:50:16.487+0000] {logging_mixin.py:188} INFO - [2026-08-24T14:50:16.487+0000] {dag.py:3954} INFO - Setting next_dagrun for dataset_produces_1 to 2026-08-23 00:00:00+00:00, run_after=2026-08-24 00:00:00+00:00
[2026-08-24T14:50:16.490+0000] {logging_mixin.py:188} INFO - [2026-08-24T14:50:16.490+0000] {dag.py:3954} INFO - Setting next_dagrun for dataset_produces_2 to None, run_after=None
[2026-08-24T14:50:16.556+0000] {processor.py:183} INFO - Processing /home/airflow/.local/lib/python3.12/site-packages/airflow/example_dags/example_datasets.py took 0.243 seconds
[2026-08-24T14:50:47.430+0000] {processor.py:161} INFO - Started process (PID=162) to work on /home/airflow/.local/lib/python3.12/site-packages/airflow/example_dags/example_datasets.py
[2026-08-24T14:50:47.432+0000] {processor.py:830} INFO - Processing file /home/airflow/.local/lib/python3.12/site-packages/airflow/example_dags/example_datasets.py for tasks to queue
[2026-08-24T14:50:47.435+0000] {logging_mixin.py:188} INFO - [2026-08-24T14:50:47.434+0000] {dagbag.py:545} INFO - Filling up the DagBag from /home/airflow/.local/lib/python3.12/site-packages/airflow/example_dags/example_datasets.py
[2026-08-24T14:50:47.456+0000] {processor.py:840} INFO - DAG(s) 'consume_1_or_both_2_and_3_with_dataset_expressions', 'dataset_consumes_1_never_scheduled', 'conditional_dataset_and_time_based_timetable', 'dataset_produces_2', 'dataset_consumes_1', 'dataset_consumes_1_and_2', 'dataset_produces_1', 'consume_1_or_2_with_dataset_expressions', 'dataset_consumes_unknown_never_scheduled', 'consume_1_and_2_with_dataset_expressions' retrieved from /home/airflow/.local/lib/python3.12/site-packages/airflow/example_dags/example_datasets.py
[2026-08-24T14:50:47.572+0000] {logging_mixin.py:188} INFO - [2026-08-24T14:50:47.571+0000] {dag.py:3096} INFO - Sync 10 DAGs
[2026-08-24T14:50:47.632+0000] {logging_mixin.py:188} INFO - [2026-08-24T14:50:47.631+0000] {dag.py:3954} INFO - Setting next_dagrun for conditional_dataset_and_time_based_timetable to 2026-08-19 01:00:00+00:00, run_after=2026-08-19 01:00:00+00:00
[2026-08-24T14:50:47.641+0000] {logging_mixin.py:188} INFO - [2026-08-24T14:50:47.641+0000] {dag.py:3954} INFO - Setting next_dagrun for consume_1_and_2_with_dataset_expressions to None, run_after=None
[2026-08-24T14:50:47.644+0000] {logging_mixin.py:188} INFO - [2026-08-24T14:50:47.644+0000] {dag.py:3954} INFO - Setting next_dagrun for consume_1_or_2_with_dataset_expressions to None, run_after=None
[2026-08-24T14:50:47.648+0000] {logging_mixin.py:188} INFO - [2026-08-24T14:50:47.648+0000] {dag.py:3954} INFO - Setting next_dagrun for consume_1_or_both_2_and_3_with_dataset_expressions to None, run_after=None
[2026-08-24T14:50:47.652+0000] {logging_mixin.py:188} INFO - [2026-08-24T14:50:47.651+0000] {dag.py:3954} INFO - Setting next_dagrun for dataset_consumes_1 to None, run_after=None
[2026-08-24T14:50:47.655+0000] {logging_mixin.py:188} INFO - [2026-08-24T14:50:47.655+0000] {dag.py:3954} INFO - Setting next_dagrun for dataset_consumes_1_and_2 to None, run_after=None
[2026-08-24T14:50:47.658+0000] {logging_mixin.py:188} INFO - [2026-08-24T14:50:47.658+0000] {dag.py:3954} INFO - Setting next_dagrun for dataset_consumes_1_never_scheduled to None, run_after=None
[2026-08-24T14:50:47.661+0000] {logging_mixin.py:188} INFO - [2026-08-24T14:50:47.661+0000] {dag.py:3954} INFO - Setting next_dagrun for dataset_consumes_unknown_never_scheduled to None, run_after=None
[2026-08-24T14:50:47.668+0000] {logging_mixin.py:188} INFO - [2026-08-24T14:50:47.667+0000] {dag.py:3954} INFO - Setting next_dagrun for dataset_produces_1 to 2026-08-23 00:00:00+00:00, run_after=2026-08-24 00:00:00+00:00
[2026-08-24T14:50:47.671+0000] {logging_mixin.py:188} INFO - [2026-08-24T14:50:47.670+0000] {dag.py:3954} INFO - Setting next_dagrun for dataset_produces_2 to None, run_after=None
[2026-08-24T14:50:47.776+0000] {processor.py:183} INFO - Processing /home/airflow/.local/lib/python3.12/site-packages/airflow/example_dags/example_datasets.py took 0.354 seconds
[2026-08-24T14:51:18.470+0000] {processor.py:161} INFO - Started process (PID=222) to work on /home/airflow/.local/lib/python3.12/site-packages/airflow/example_dags/example_datasets.py
[2026-08-24T14:51:18.471+0000] {processor.py:830} INFO - Processing file /home/airflow/.local/lib/python3.12/site-packages/airflow/example_dags/example_datasets.py for tasks to queue
[2026-08-24T14:51:18.473+0000] {logging_mixin.py:188} INFO - [2026-08-24T14:51:18.473+0000] {dagbag.py:545} INFO - Filling up the DagBag from /home/airflow/.local/lib/python3.12/site-packages/airflow/example_dags/example_datasets.py
[2026-08-24T14:51:18.491+0000] {processor.py:840} INFO - DAG(s) 'consume_1_or_2_with_dataset_expressions', 'dataset_consumes_1_and_2', 'dataset_consumes_1', 'consume_1_and_2_with_dataset_expressions', 'dataset_consumes_1_never_scheduled', 'dataset_consumes_unknown_never_scheduled', 'dataset_produces_2', 'consume_1_or_both_2_and_3_with_dataset_expressions', 'conditional_dataset_and_time_based_timetable', 'dataset_produces_1' retrieved from /home/airflow/.local/lib/python3.12/site-packages/airflow/example_dags/example_datasets.py
[2026-08-24T14:51:18.551+0000] {logging_mixin.py:188} INFO - [2026-08-24T14:51:18.551+0000] {dag.py:3096} INFO - Sync 10 DAGs
[2026-08-24T14:51:18.584+0000] {logging_mixin.py:188} INFO - [2026-08-24T14:51:18.584+0000] {dag.py:3954} INFO - Setting next_dagrun for conditional_dataset_and_time_based_timetable to 2026-08-19 01:00:00+00:00, run_after=2026-08-19 01:00:00+00:00
[2026-08-24T14:51:18.589+0000] {logging_mixin.py:188} INFO - [2026-08-24T14:51:18.589+0000] {dag.py:3954} INFO - Setting next_dagrun for consume_1_and_2_with_dataset_expressions to None, run_after=None
[2026-08-24T14:51:18.592+0000] {logging_mixin.py:188} INFO - [2026-08-24T14:51:18.591+0000] {dag.py:3954} INFO - Setting next_dagrun for consume_1_or_2_with_dataset_expressions to None, run_after=None
[2026-08-24T14:51:18.594+0000] {logging_mixin.py:188} INFO - [2026-08-24T14:51:18.593+0000] {dag.py:3954} INFO - Setting next_dagrun for consume_1_or_both_2_and_3_with_dataset_expressions to None, run_after=None
[2026-08-24T14:51:18.595+0000] {logging_mixin.py:188} INFO - [2026-08-24T14:51:18.595+0000] {dag.py:3954} INFO - Setting next_dagrun for dataset_consumes_1 to None, run_after=None
[2026-08-24T14:51:18.597+0000] {logging_mixin.py:188} INFO - [2026-08-24T14:51:18.597+0000] {dag.py:3954} INFO - Setting next_dagrun for dataset_consumes_1_and_2 to None, run_after=None
[2026-08-24T14:51:18.599+0000] {logging_mixin.py:188} INFO - [2026-08-24T14:51:18.599+0000] {dag.py:3954} INFO - Setting next_dagrun for dataset_consumes_1_never_scheduled to None, run_after=None
[2026-08-24T14:51:18.601+0000] {logging_mixin.py:188} INFO - [2026-08-24T14:51:18.600+0000] {dag.py:3954} INFO - Setting next_dagrun for dataset_consumes_unknown_never_scheduled to None, run_after=None
[2026-08-24T14:51:18.604+0000] {logging_mixin.py:188} INFO - [2026-08-24T14:51:18.604+0000] {dag.py:3954} INFO - Setting next_dagrun for dataset_produces_1 to 2026-08-23 00:00:00+00:00, run_after=2026-08-24 00:00:00+00:00
[2026-08-24T14:51:18.606+0000] {logging_mixin.py:188} INFO - [2026-08-24T14:51:18.606+0000] {dag.py:3954} INFO - Setting next_dagrun for dataset_produces_2 to None, run_after=None
[2026-08-24T14:51:18.648+0000] {processor.py:183} INFO - Processing /home/airflow/.local/lib/python3.12/site-packages/airflow/example_dags/example_datasets.py took 0.186 seconds
[2026-08-24T14:51:49.697+0000] {processor.py:161} INFO - Started process (PID=282) to work on /home/airflow/.local/lib/python3.12/site-packages/airflow/example_dags/example_datasets.py
[2026-08-24T14:51:49.702+0000] {processor.py:830} INFO - Processing file /home/airflow/.local/lib/python3.12/site-packages/airflow/example_dags/example_datasets.py for tasks to queue
[2026-08-24T14:51:49.705+0000] {logging_mixin.py:188} INFO - [2026-08-24T14:51:49.704+0000] {dagbag.py:545} INFO - Filling up the DagBag from /home/airflow/.local/lib/python3.12/site-packages/airflow/example_dags/example_datasets.py
[2026-08-24T14:51:49.731+0000] {processor.py:840} INFO - DAG(s) 'consume_1_or_2_with_dataset_expressions', 'dataset_produces_2', 'dataset_consumes_1_never_scheduled', 'conditional_dataset_and_time_based_timetable', 'dataset_consumes_unknown_never_scheduled', 'consume_1_or_both_2_and_3_with_dataset_expressions', 'dataset_consumes_1_and_2', 'dataset_produces_1', 'dataset_consumes_1', 'consume_1_and_2_with_dataset_expressions' retrieved from /home/airflow/.local/lib/python3.12/site-packages/airflow/example_dags/example_datasets.py
[2026-08-24T14:51:49.804+0000] {logging_mixin.py:188} INFO - [2026-08-24T14:51:49.803+0000] {dag.py:3096} INFO - Sync 10 DAGs
[2026-08-24T14:51:49.854+0000] {logging_mixin.py:188} INFO - [2026-08-24T14:51:49.854+0000] {dag.py:3954} INFO - Setting next_dagrun for conditional_dataset_and_time_based_timetable to 2026-08-19 01:00:00+00:00, run_after=2026-08-19 01:00:00+00:00
[2026-08-24T14:51:49.862+0000] {logging_mixin.py:188} INFO - [2026-08-24T14:51:49.861+0000] {dag.py:3954} INFO - Setting next_dagrun for consume_1_and_2_with_dataset_expressions to None, run_after=None
[2026-08-24T14:51:49.865+0000] {logging_mixin.py:188} INFO - [2026-08-24T14:51:49.865+0000] {dag.py:3954} INFO - Setting next_dagrun for consume_1_or_2_with_dataset_expressions to None, run_after=None
[2026-08-24T14:51:49.869+0000] {logging_mixin.py:188} INFO - [2026-08-24T14:51:49.869+0000] {dag.py:3954} INFO - Setting next_dagrun for consume_1_or_both_2_and_3_with_dataset_expressions to None, run_after=None
[2026-08-24T14:51:49.872+0000] {logging_mixin.py:188} INFO - [2026-08-24T14:51:49.872+0000] {dag.py:3954} INFO - Setting next_dagrun for dataset_consumes_1 to None, run_after=None
[2026-08-24T14:51:49.876+0000] {logging_mixin.py:188} INFO - [2026-08-24T14:51:49.875+0000] {dag.py:3954} INFO - Setting next_dagrun for dataset_consumes_1_and_2 to None, run_after=None
[2026-08-24T14:51:49.879+0000] {logging_mixin.py:188} INFO - [2026-08-24T14:51:49.879+0000] {dag.py:3954} INFO - Setting next_dagrun for dataset_consumes_1_never_scheduled to None, run_after=None
[2026-08-24T14:51:49.882+0000] {logging_mixin.py:188} INFO - [2026-08-24T14:51:49.882+0000] {dag.py:3954} INFO - Setting next_dagrun for dataset_consumes_unknown_never_scheduled to None, run_after=None
[2026-08-24T14:51:49.888+0000] {logging_mixin.py:188} INFO - [2026-08-24T14:51:49.888+0000] {dag.py:3954} INFO - Setting next_dagrun for dataset_produces_1 to 2026-08-23 00:00:00+00:00, run_after=2026-08-24 00:00:00+00:00
[2026-08-24T14:51:49.890+0000] {logging_mixin.py:188} INFO - [2026-08-24T14:51:49.890+0000] {dag.py:3954} INFO - Setting next_dagrun for dataset_produces_2 to None, run_after=None
[2026-08-24T14:51:49.960+0000] {processor.py:183} INFO - Processing /home/airflow/.local/lib/python3.12/site-packages/airflow/example_dags/example_datasets.py took 0.271 seconds
[2026-08-24T14:52:20.832+0000] {processor.py:161} INFO - Started process (PID=342) to work on /home/airflow/.local/lib/python3.12/site-packages/airflow/example_dags/example_datasets.py
[2026-08-24T14:52:20.833+0000] {processor.py:830} INFO - Processing file /home/airflow/.local/lib/python3.12/site-packages/airflow/example_dags/example_datasets.py for tasks to queue
[2026-08-24T14:52:20.836+0000] {logging_mixin.py:188} INFO - [2026-08-24T14:52:20.835+0000] {dagbag.py:545} INFO - Filling up the DagBag from /home/airflow/.local/lib/python3.12/site-packages/airflow/example_dags/example_datasets.py
[2026-08-24T14:52:20.853+0000] {processor.py:840} INFO - DAG(s) 'consume_1_or_both_2_and_3_with_dataset_expressions', 'dataset_produces_2', 'dataset_produces_1', 'conditional_dataset_and_time_based_timetable', 'dataset_consumes_1_and_2', 'dataset_consumes_1_never_scheduled', 'dataset_consumes_unknown_never_scheduled', 'consume_1_or_2_with_dataset_expressions', 'dataset_consumes_1', 'consume_1_and_2_with_dataset_expressions' retrieved from /home/airflow/.local/lib/python3.12/site-packages/airflow/example_dags/example_datasets.py
[2026-08-24T14:52:20.932+0000] {logging_mixin.py:188} INFO - [2026-08-24T14:52:20.932+0000] {dag.py:3096} INFO - Sync 10 DAGs
[2026-08-24T14:52:20.977+0000] {logging_mixin.py:188} INFO - [2026-08-24T14:52:20.977+0000] {dag.py:3954} INFO - Setting next_dagrun for conditional_dataset_and_time_based_timetable to 2026-08-19 01:00:00+00:00, run_after=2026-08-19 01:00:00+00:00
[2026-08-24T14:52:20.983+0000] {logging_mixin.py:188} INFO - [2026-08-24T14:52:20.983+0000] {dag.py:3954} INFO - Setting next_dagrun for consume_1_and_2_with_dataset_expressions to None, run_after=None
[2026-08-24T14:52:20.986+0000] {logging_mixin.py:188} INFO - [2026-08-24T14:52:20.985+0000] {dag.py:3954} INFO - Setting next_dagrun for consume_1_or_2_with_dataset_expressions to None, run_after=None
[2026-08-24T14:52:20.988+0000] {logging_mixin.py:188} INFO - [2026-08-24T14:52:20.988+0000] {dag.py:3954} INFO - Setting next_dagrun for consume_1_or_both_2_and_3_with_dataset_expressions to None, run_after=None
[2026-08-24T14:52:20.990+0000] {logging_mixin.py:188} INFO - [2026-08-24T14:52:20.990+0000] {dag.py:3954} INFO - Setting next_dagrun for dataset_consumes_1 to None, run_after=None
[2026-08-24T14:52:20.992+0000] {logging_mixin.py:188} INFO - [2026-08-24T14:52:20.992+0000] {dag.py:3954} INFO - Setting next_dagrun for dataset_consumes_1_and_2 to None, run_after=None
[2026-08-24T14:52:20.994+0000] {logging_mixin.py:188} INFO - [2026-08-24T14:52:20.994+0000] {dag.py:3954} INFO - Setting next_dagrun for dataset_consumes_1_never_scheduled to None, run_after=None
[2026-08-24T14:52:20.996+0000] {logging_mixin.py:188} INFO - [2026-08-24T14:52:20.996+0000] {dag.py:3954} INFO - Setting next_dagrun for dataset_consumes_unknown_never_scheduled to None, run_after=None
[2026-08-24T14:52:21.000+0000] {logging_mixin.py:188} INFO - [2026-08-24T14:52:21.000+0000] {dag.py:3954} INFO - Setting next_dagrun for dataset_produces_1 to 2026-08-23 00:00:00+00:00, run_after=2026-08-24 00:00:00+00:00
[2026-08-24T14:52:21.003+0000] {logging_mixin.py:188} INFO - [2026-08-24T14:52:21.003+0000] {dag.py:3954} INFO - Setting next_dagrun for dataset_produces_2 to None, run_after=None
[2026-08-24T14:52:21.058+0000] {processor.py:183} INFO - Processing /home/airflow/.local/lib/python3.12/site-packages/airflow/example_dags/example_datasets.py took 0.235 seconds
[2026-08-24T14:52:51.662+0000] {processor.py:161} INFO - Started process (PID=402) to work on /home/airflow/.local/lib/python3.12/site-packages/airflow/example_dags/example_datasets.py
[2026-08-24T14:52:51.664+0000] {processor.py:830} INFO - Processing file /home/airflow/.local/lib/python3.12/site-packages/airflow/example_dags/example_datasets.py for tasks to queue
[2026-08-24T14:52:51.666+0000] {logging_mixin.py:188} INFO - [2026-08-24T14:52:51.666+0000] {dagbag.py:545} INFO - Filling up the DagBag from /home/airflow/.local/lib/python3.12/site-packages/airflow/example_dags/example_datasets.py
[2026-08-24T14:52:51.683+0000] {processor.py:840} INFO - DAG(s) 'dataset_produces_2', 'dataset_consumes_1', 'dataset_consumes_1_never_scheduled', 'dataset_consumes_1_and_2', 'conditional_dataset_and_time_based_timetable', 'dataset_consumes_unknown_never_scheduled', 'consume_1_or_2_with_dataset_expressions', 'consume_1_or_both_2_and_3_with_dataset_expressions', 'consume_1_and_2_with_dataset_expressions', 'dataset_produces_1' retrieved from /home/airflow/.local/lib/python3.12/site-packages/airflow/example_dags/example_datasets.py
[2026-08-24T14:52:51.742+0000] {logging_mixin.py:188} INFO - [2026-08-24T14:52:51.742+0000] {dag.py:3096} INFO - Sync 10 DAGs
[2026-08-24T14:52:51.782+0000] {logging_mixin.py:188} INFO - [2026-08-24T14:52:51.782+0000] {dag.py:3954} INFO - Setting next_dagrun for conditional_dataset_and_time_based_timetable to 2026-08-19 01:00:00+00:00, run_after=2026-08-19 01:00:00+00:00
[2026-08-24T14:52:51.788+0000] {logging_mixin.py:188} INFO - [2026-08-24T14:52:51.788+0000] {dag.py:3954} INFO - Setting next_dagrun for consume_1_and_2_with_dataset_expressions to None, run_after=None
[2026-08-24T14:52:51.790+0000] {logging_mixin.py:188} INFO - [2026-08-24T14:52:51.790+0000] {dag.py:3954} INFO - Setting next_dagrun for consume_1_or_2_with_dataset_expressions to None, run_after=None
[2026-08-24T14:52:51.792+0000] {logging_mixin.py:188} INFO - [2026-08-24T14:52:51.792+0000] {dag.py:3954} INFO - Setting next_dagrun for consume_1_or_both_2_and_3_with_dataset_expressions to None, run_after=None
[2026-08-24T14:52:51.794+0000] {logging_mixin.py:188} INFO - [2026-08-24T14:52:51.793+0000] {dag.py:3954} INFO - Setting next_dagrun for dataset_consumes_1 to None, run_after=None
[2026-08-24T14:52:51.795+0000] {logging_mixin.py:188} INFO - [2026-08-24T14:52:51.795+0000] {dag.py:3954} INFO - Setting next_dagrun for dataset_consumes_1_and_2 to None, run_after=None
[2026-08-24T14:52:51.797+0000] {logging_mixin.py:188} INFO - [2026-08-24T14:52:51.797+0000] {dag.py:3954} INFO - Setting next_dagrun for dataset_consumes_1_never_scheduled to None, run_after=None
[2026-08-24T14:52:51.799+0000] {logging_mixin.py:188} INFO - [2026-08-24T14:52:51.799+0000] {dag.py:3954} INFO - Setting next_dagrun for dataset_consumes_unknown_never_scheduled to None, run_after=None
[2026-08-24T14:52:51.802+0000] {logging_mixin.py:188} INFO - [2026-08-24T14:52:51.802+0000] {dag.py:3954} INFO - Setting next_dagrun for dataset_produces_1 to 2026-08-23 00:00:00+00:00, run_after=2026-08-24 00:00:00+00:00
[2026-08-24T14:52:51.804+0000] {logging_mixin.py:188} INFO - [2026-08-24T14:52:51.804+0000] {dag.py:3954} INFO - Setting next_dagrun for dataset_produces_2 to None, run_after=None
[2026-08-24T14:52:51.846+0000] {processor.py:183} INFO - Processing /home/airflow/.local/lib/python3.12/site-packages/airflow/example_dags/example_datasets.py took 0.192 seconds
[2026-08-24T14:53:22.006+0000] {processor.py:161} INFO - Started process (PID=460) to work on /home/airflow/.local/lib/python3.12/site-packages/airflow/example_dags/example_datasets.py
[2026-08-24T14:53:22.007+0000] {processor.py:830} INFO - Processing file /home/airflow/.local/lib/python3.12/site-packages/airflow/example_dags/example_datasets.py for tasks to queue
[2026-08-24T14:53:22.009+0000] {logging_mixin.py:188} INFO - [2026-08-24T14:53:22.009+0000] {dagbag.py:545} INFO - Filling up the DagBag from /home/airflow/.local/lib/python3.12/site-packages/airflow/example_dags/example_datasets.py
[2026-08-24T14:53:22.029+0000] {processor.py:840} INFO - DAG(s) 'dataset_consumes_1', 'dataset_consumes_unknown_never_scheduled', 'dataset_consumes_1_never_scheduled', 'dataset_produces_1', 'consume_1_or_2_with_dataset_expressions', 'conditional_dataset_and_time_based_timetable', 'consume_1_or_both_2_and_3_with_dataset_expressions', 'dataset_produces_2', 'dataset_consumes_1_and_2', 'consume_1_and_2_with_dataset_expressions' retrieved from /home/airflow/.local/lib/python3.12/site-packages/airflow/example_dags/example_datasets.py
[2026-08-24T14:53:22.088+0000] {logging_mixin.py:188} INFO - [2026-08-24T14:53:22.088+0000] {dag.py:3096} INFO - Sync 10 DAGs
[2026-08-24T14:53:22.123+0000] {logging_mixin.py:188} INFO - [2026-08-24T14:53:22.123+0000] {dag.py:3954} INFO - Setting next_dagrun for conditional_dataset_and_time_based_timetable to 2026-08-19 01:00:00+00:00, run_after=2026-08-19 01:00:00+00:00
[2026-08-24T14:53:22.128+0000] {logging_mixin.py:188} INFO - [2026-08-24T14:53:22.128+0000] {dag.py:3954} INFO - Setting next_dagrun for consume_1_and_2_with_dataset_expressions to None, run_after=None
[2026-08-24T14:53:22.130+0000] {logging_mixin.py:188} INFO - [2026-08-24T14:53:22.130+0000] {dag.py:3954} INFO - Setting next_dagrun for consume_1_or_2_with_dataset_expressions to None, run_after=None
[2026-08-24T14:53:22.132+0000] {logging_mixin.py:188} INFO - [2026-08-24T14:53:22.131+0000] {dag.py:3954} INFO - Setting next_dagrun for consume_1_or_both_2_and_3_with_dataset_expressions to None, run_after=None
[2026-08-24T14:53:22.133+0000] {logging_mixin.py:188} INFO - [2026-08-24T14:53:22.133+0000] {dag.py:3954} INFO - Setting next_dagrun for dataset_consumes_1 to None, run_after=None
[2026-08-24T14:53:22.135+0000] {logging_mixin.py:188} INFO - [2026-08-24T14:53:22.135+0000] {dag.py:3954} INFO - Setting next_dagrun for dataset_consumes_1_and_2 to None, run_after=None
[2026-08-24T14:53:22.137+0000] {logging_mixin.py:188} INFO - [2026-08-24T14:53:22.136+0000] {dag.py:3954} INFO - Setting next_dagrun for dataset_consumes_1_never_scheduled to None, run_after=None
[2026-08-24T14:53:22.138+0000] {logging_mixin.py:188} INFO - [2026-08-24T14:53:22.138+0000] {dag.py:3954} INFO - Setting next_dagrun for dataset_consumes_unknown_never_scheduled to None, run_after=None
[2026-08-24T14:53:22.141+0000] {logging_mixin.py:188} INFO - [2026-08-24T14:53:22.141+0000] {dag.py:3954} INFO - Setting next_dagrun for dataset_produces_1 to 2026-08-23 00:00:00+00:00, run_after=2026-08-24 00:00:00+00:00
[2026-08-24T14:53:22.143+0000] {logging_mixin.py:188} INFO - [2026-08-24T14:53:22.143+0000] {dag.py:3954} INFO - Setting next_dagrun for dataset_produces_2 to None, run_after=None
[2026-08-24T14:53:22.191+0000] {processor.py:183} INFO - Processing /home/airflow/.local/lib/python3.12/site-packages/airflow/example_dags/example_datasets.py took 0.193 seconds
[2026-08-24T14:53:52.294+0000] {processor.py:161} INFO - Started process (PID=520) to work on /home/airflow/.local/lib/python3.12/site-packages/airflow/example_dags/example_datasets.py
[2026-08-24T14:53:52.296+0000] {processor.py:830} INFO - Processing file /home/airflow/.local/lib/python3.12/site-packages/airflow/example_dags/example_datasets.py for tasks to queue
[2026-08-24T14:53:52.298+0000] {logging_mixin.py:188} INFO - [2026-08-24T14:53:52.298+0000] {dagbag.py:545} INFO - Filling up the DagBag from /home/airflow/.local/lib/python3.12/site-packages/airflow/example_dags/example_datasets.py
[2026-08-24T14:53:52.317+0000] {processor.py:840} INFO - DAG(s) 'consume_1_or_both_2_and_3_with_dataset_expressions', 'dataset_consumes_1', 'dataset_consumes_1_and_2', 'conditional_dataset_and_time_based_timetable', 'dataset_consumes_unknown_never_scheduled', 'dataset_consumes_1_never_scheduled', 'consume_1_or_2_with_dataset_expressions', 'consume_1_and_2_with_dataset_expressions', 'dataset_produces_2', 'dataset_produces_1' retrieved from /home/airflow/.local/lib/python3.12/site-packages/airflow/example_dags/example_datasets.py
[2026-08-24T14:53:52.374+0000] {logging_mixin.py:188} INFO - [2026-08-24T14:53:52.374+0000] {dag.py:3096} INFO - Sync 10 DAGs
[2026-08-24T14:53:52.405+0000] {logging_mixin.py:188} INFO - [2026-08-24T14:53:52.405+0000] {dag.py:3954} INFO - Setting next_dagrun for conditional_dataset_and_time_based_timetable to 2026-08-19 01:00:00+00:00, run_after=2026-08-19 01:00:00+00:00
[2026-08-24T14:53:52.411+0000] {logging_mixin.py:188} INFO - [2026-08-24T14:53:52.410+0000] {dag.py:3954} INFO - Setting next_dagrun for consume_1_and_2_with_dataset_expressions to None, run_after=None
[2026-08-24T14:53:52.413+0000] {logging_mixin.py:188} INFO - [2026-08-24T14:53:52.412+0000] {dag.py:3954} INFO - Setting next_dagrun for consume_1_or_2_with_dataset_expressions to None, run_after=None
[2026-08-24T14:53:52.414+0000] {logging_mixin.py:188} INFO - [2026-08-24T14:53:52.414+0000] {dag.py:3954} INFO - Setting next_dagrun for consume_1_or_both_2_and_3_with_dataset_expressions to None, run_after=None
[2026-08-24T14:53:52.416+0000] {logging_mixin.py:188} INFO - [2026-08-24T14:53:52.416+0000] {dag.py:3954} INFO - Setting next_dagrun for dataset_consumes_1 to None, run_after=None
[2026-08-24T14:53:52.418+0000] {logging_mixin.py:188} INFO - [2026-08-24T14:53:52.418+0000] {dag.py:3954} INFO - Setting next_dagrun for dataset_consumes_1_and_2 to None, run_after=None
[2026-08-24T14:53:52.420+0000] {logging_mixin.py:188} INFO - [2026-08-24T14:53:52.419+0000] {dag.py:3954} INFO - Setting next_dagrun for dataset_consumes_1_never_scheduled to None, run_after=None
[2026-08-24T14:53:52.421+0000] {logging_mixin.py:188} INFO - [2026-08-24T14:53:52.421+0000] {dag.py:3954} INFO - Setting next_dagrun for dataset_consumes_unknown_never_scheduled to None, run_after=None
[2026-08-24T14:53:52.425+0000] {logging_mixin.py:188} INFO - [2026-08-24T14:53:52.424+0000] {dag.py:3954} INFO - Setting next_dagrun for dataset_produces_1 to 2026-08-23 00:00:00+00:00, run_after=2026-08-24 00:00:00+00:00
[2026-08-24T14:53:52.426+0000] {logging_mixin.py:188} INFO - [2026-08-24T14:53:52.426+0000] {dag.py:3954} INFO - Setting next_dagrun for dataset_produces_2 to None, run_after=None
[2026-08-24T14:53:52.470+0000] {processor.py:183} INFO - Processing /home/airflow/.local/lib/python3.12/site-packages/airflow/example_dags/example_datasets.py took 0.184 seconds
[2026-08-24T14:54:22.655+0000] {processor.py:161} INFO - Started process (PID=580) to work on /home/airflow/.local/lib/python3.12/site-packages/airflow/example_dags/example_datasets.py
[2026-08-24T14:54:22.657+0000] {processor.py:830} INFO - Processing file /home/airflow/.local/lib/python3.12/site-packages/airflow/example_dags/example_datasets.py for tasks to queue
[2026-08-24T14:54:22.660+0000] {logging_mixin.py:188} INFO - [2026-08-24T14:54:22.660+0000] {dagbag.py:545} INFO - Filling up the DagBag from /home/airflow/.local/lib/python3.12/site-packages/airflow/example_dags/example_datasets.py
[2026-08-24T14:54:22.678+0000] {processor.py:840} INFO - DAG(s) 'consume_1_and_2_with_dataset_expressions', 'dataset_produces_1', 'dataset_consumes_1_never_scheduled', 'consume_1_or_2_with_dataset_expressions', 'consume_1_or_both_2_and_3_with_dataset_expressions', 'dataset_consumes_1_and_2', 'dataset_consumes_1', 'conditional_dataset_and_time_based_timetable', 'dataset_produces_2', 'dataset_consumes_unknown_never_scheduled' retrieved from /home/airflow/.local/lib/python3.12/site-packages/airflow/example_dags/example_datasets.py
[2026-08-24T14:54:22.742+0000] {logging_mixin.py:188} INFO - [2026-08-24T14:54:22.741+0000] {dag.py:3096} INFO - Sync 10 DAGs
[2026-08-24T14:54:22.776+0000] {logging_mixin.py:188} INFO - [2026-08-24T14:54:22.776+0000] {dag.py:3954} INFO - Setting next_dagrun for conditional_dataset_and_time_based_timetable to 2026-08-19 01:00:00+00:00, run_after=2026-08-19 01:00:00+00:00
[2026-08-24T14:54:22.782+0000] {logging_mixin.py:188} INFO - [2026-08-24T14:54:22.782+0000] {dag.py:3954} INFO - Setting next_dagrun for consume_1_and_2_with_dataset_expressions to None, run_after=None
[2026-08-24T14:54:22.784+0000] {logging_mixin.py:188} INFO - [2026-08-24T14:54:22.784+0000] {dag.py:3954} INFO - Setting next_dagrun for consume_1_or_2_with_dataset_expressions to None, run_after=None
[2026-08-24T14:54:22.786+0000] {logging_mixin.py:188} INFO - [2026-08-24T14:54:22.786+0000] {dag.py:3954} INFO - Setting next_dagrun for consume_1_or_both_2_and_3_with_dataset_expressions to None, run_after=None
[2026-08-24T14:54:22.788+0000] {logging_mixin.py:188} INFO - [2026-08-24T14:54:22.788+0000] {dag.py:3954} INFO - Setting next_dagrun for dataset_consumes_1 to None, run_after=None
[2026-08-24T14:54:22.791+0000] {logging_mixin.py:188} INFO - [2026-08-24T14:54:22.790+0000] {dag.py:3954} INFO - Setting next_dagrun for dataset_consumes_1_and_2 to None, run_after=None
[2026-08-24T14:54:22.793+0000] {logging_mixin.py:188} INFO - [2026-08-24T14:54:22.793+0000] {dag.py:3954} INFO - Setting next_dagrun for dataset_consumes_1_never_scheduled to None, run_after=None
[2026-08-24T14:54:22.795+0000] {logging_mixin.py:188} INFO - [2026-08-24T14:54:22.795+0000] {dag.py:3954} INFO - Setting next_dagrun for dataset_consumes_unknown_never_scheduled to None, run_after=None
[2026-08-24T14:54:22.798+0000] {logging_mixin.py:188} INFO - [2026-08-24T14:54:22.798+0000] {dag.py:3954} INFO - Setting next_dagrun for dataset_produces_1 to 2026-08-23 00:00:00+00:00, run_after=2026-08-24 00:00:00+00:00
[2026-08-24T14:54:22.800+0000] {logging_mixin.py:188} INFO - [2026-08-24T14:54:22.800+0000] {dag.py:3954} INFO - Setting next_dagrun for dataset_produces_2 to None, run_after=None
[2026-08-24T14:54:22.855+0000] {processor.py:183} INFO - Processing /home/airflow/.local/lib/python3.12/site-packages/airflow/example_dags/example_datasets.py took 0.208 seconds
[2026-08-24T14:54:53.006+0000] {processor.py:161} INFO - Started process (PID=641) to work on /home/airflow/.local/lib/python3.12/site-packages/airflow/example_dags/example_datasets.py
[2026-08-24T14:54:53.008+0000] {processor.py:830} INFO - Processing file /home/airflow/.local/lib/python3.12/site-packages/airflow/example_dags/example_datasets.py for tasks to queue
[2026-08-24T14:54:53.010+0000] {logging_mixin.py:188} INFO - [2026-08-24T14:54:53.010+0000] {dagbag.py:545} INFO - Filling up the DagBag from /home/airflow/.local/lib/python3.12/site-packages/airflow/example_dags/example_datasets.py
[2026-08-24T14:54:53.030+0000] {processor.py:840} INFO - DAG(s) 'consume_1_and_2_with_dataset_expressions', 'dataset_produces_2', 'dataset_produces_1', 'consume_1_or_2_with_dataset_expressions', 'consume_1_or_both_2_and_3_with_dataset_expressions', 'dataset_consumes_1_and_2', 'conditional_dataset_and_time_based_timetable', 'dataset_consumes_1_never_scheduled', 'dataset_consumes_1', 'dataset_consumes_unknown_never_scheduled' retrieved from /home/airflow/.local/lib/python3.12/site-packages/airflow/example_dags/example_datasets.py
[2026-08-24T14:54:53.089+0000] {logging_mixin.py:188} INFO - [2026-08-24T14:54:53.089+0000] {dag.py:3096} INFO - Sync 10 DAGs
[2026-08-24T14:54:53.122+0000] {logging_mixin.py:188} INFO - [2026-08-24T14:54:53.122+0000] {dag.py:3954} INFO - Setting next_dagrun for conditional_dataset_and_time_based_timetable to 2026-08-19 01:00:00+00:00, run_after=2026-08-19 01:00:00+00:00
[2026-08-24T14:54:53.127+0000] {logging_mixin.py:188} INFO - [2026-08-24T14:54:53.126+0000] {dag.py:3954} INFO - Setting next_dagrun for consume_1_and_2_with_dataset_expressions to None, run_after=None
[2026-08-24T14:54:53.129+0000] {logging_mixin.py:188} INFO - [2026-08-24T14:54:53.128+0000] {dag.py:3954} INFO - Setting next_dagrun for consume_1_or_2_with_dataset_expressions to None, run_after=None
[2026-08-24T14:54:53.130+0000] {logging_mixin.py:188} INFO - [2026-08-24T14:54:53.130+0000] {dag.py:3954} INFO - Setting next_dagrun for consume_1_or_both_2_and_3_with_dataset_expressions to None, run_after=None
[2026-08-24T14:54:53.132+0000] {logging_mixin.py:188} INFO - [2026-08-24T14:54:53.132+0000] {dag.py:3954} INFO - Setting next_dagrun for dataset_consumes_1 to None, run_after=None
[2026-08-24T14:54:53.135+0000] {logging_mixin.py:188} INFO - [2026-08-24T14:54:53.134+0000] {dag.py:3954} INFO - Setting next_dagrun for dataset_consumes_1_and_2 to None, run_after=None
[2026-08-24T14:54:53.136+0000] {logging_mixin.py:188} INFO - [2026-08-24T14:54:53.136+0000] {dag.py:3954} INFO - Setting next_dagrun for dataset_consumes_1_never_scheduled to None, run_after=None
[2026-08-24T14:54:53.138+0000] {logging_mixin.py:188} INFO - [2026-08-24T14:54:53.138+0000] {dag.py:3954} INFO - Setting next_dagrun for dataset_consumes_unknown_never_scheduled to None, run_after=None
[2026-08-24T14:54:53.141+0000] {logging_mixin.py:188} INFO - [2026-08-24T14:54:53.141+0000] {dag.py:3954} INFO - Setting next_dagrun for dataset_produces_1 to 2026-08-23 00:00:00+00:00, run_after=2026-08-24 00:00:00+00:00
[2026-08-24T14:54:53.143+0000] {logging_mixin.py:188} INFO - [2026-08-24T14:54:53.143+0000] {dag.py:3954} INFO - Setting next_dagrun for dataset_produces_2 to None, run_after=None
[2026-08-24T14:54:53.189+0000] {processor.py:183} INFO - Processing /home/airflow/.local/lib/python3.12/site-packages/airflow/example_dags/example_datasets.py took 0.190 seconds
[2026-08-24T14:55:23.360+0000] {processor.py:161} INFO - Started process (PID=701) to work on /home/airflow/.local/lib/python3.12/site-packages/airflow/example_dags/example_datasets.py
[2026-08-24T14:55:23.362+0000] {processor.py:830} INFO - Processing file /home/airflow/.local/lib/python3.12/site-packages/airflow/example_dags/example_datasets.py for tasks to queue
[2026-08-24T14:55:23.364+0000] {logging_mixin.py:188} INFO - [2026-08-24T14:55:23.364+0000] {dagbag.py:545} INFO - Filling up the DagBag from /home/airflow/.local/lib/python3.12/site-packages/airflow/example_dags/example_datasets.py
[2026-08-24T14:55:23.381+0000] {processor.py:840} INFO - DAG(s) 'dataset_consumes_unknown_never_scheduled', 'consume_1_or_both_2_and_3_with_dataset_expressions', 'dataset_consumes_1', 'dataset_consumes_1_and_2', 'dataset_produces_2', 'consume_1_or_2_with_dataset_expressions', 'conditional_dataset_and_time_based_timetable', 'dataset_consumes_1_never_scheduled', 'dataset_produces_1', 'consume_1_and_2_with_dataset_expressions' retrieved from /home/airflow/.local/lib/python3.12/site-packages/airflow/example_dags/example_datasets.py
[2026-08-24T14:55:23.439+0000] {logging_mixin.py:188} INFO - [2026-08-24T14:55:23.439+0000] {dag.py:3096} INFO - Sync 10 DAGs
[2026-08-24T14:55:23.473+0000] {logging_mixin.py:188} INFO - [2026-08-24T14:55:23.473+0000] {dag.py:3954} INFO - Setting next_dagrun for conditional_dataset_and_time_based_timetable to 2026-08-19 01:00:00+00:00, run_after=2026-08-19 01:00:00+00:00
[2026-08-24T14:55:23.479+0000] {logging_mixin.py:188} INFO - [2026-08-24T14:55:23.479+0000] {dag.py:3954} INFO - Setting next_dagrun for consume_1_and_2_with_dataset_expressions to None, run_after=None
[2026-08-24T14:55:23.482+0000] {logging_mixin.py:188} INFO - [2026-08-24T14:55:23.481+0000] {dag.py:3954} INFO - Setting next_dagrun for consume_1_or_2_with_dataset_expressions to None, run_after=None
[2026-08-24T14:55:23.484+0000] {logging_mixin.py:188} INFO - [2026-08-24T14:55:23.484+0000] {dag.py:3954} INFO - Setting next_dagrun for consume_1_or_both_2_and_3_with_dataset_expressions to None, run_after=None
[2026-08-24T14:55:23.486+0000] {logging_mixin.py:188} INFO - [2026-08-24T14:55:23.486+0000] {dag.py:3954} INFO - Setting next_dagrun for dataset_consumes_1 to None, run_after=None
[2026-08-24T14:55:23.490+0000] {logging_mixin.py:188} INFO - [2026-08-24T14:55:23.490+0000] {dag.py:3954} INFO - Setting next_dagrun for dataset_consumes_1_and_2 to None, run_after=None
[2026-08-24T14:55:23.492+0000] {logging_mixin.py:188} INFO - [2026-08-24T14:55:23.492+0000] {dag.py:3954} INFO - Setting next_dagrun for dataset_consumes_1_never_scheduled to None, run_after=None
[2026-08-24T14:55:23.494+0000] {logging_mixin.py:188} INFO - [2026-08-24T14:55:23.494+0000] {dag.py:3954} INFO - Setting next_dagrun for dataset_consumes_unknown_never_scheduled to None, run_after=None
[2026-08-24T14:55:23.497+0000] {logging_mixin.py:188} INFO - [2026-08-24T14:55:23.497+0000] {dag.py:3954} INFO - Setting next_dagrun for dataset_produces_1 to 2026-08-23 00:00:00+00:00, run_after=2026-08-24 00:00:00+00:00
[2026-08-24T14:55:23.499+0000] {logging_mixin.py:188} INFO - [2026-08-24T14:55:23.499+0000] {dag.py:3954} INFO - Setting next_dagrun for dataset_produces_2 to None, run_after=None
[2026-08-24T14:55:23.540+0000] {processor.py:183} INFO - Processing /home/airflow/.local/lib/python3.12/site-packages/airflow/example_dags/example_datasets.py took 0.188 seconds
[2026-08-24T14:55:54.105+0000] {processor.py:161} INFO - Started process (PID=760) to work on /home/airflow/.local/lib/python3.12/site-packages/airflow/example_dags/example_datasets.py
[2026-08-24T14:55:54.107+0000] {processor.py:830} INFO - Processing file /home/airflow/.local/lib/python3.12/site-packages/airflow/example_dags/example_datasets.py for tasks to queue
[2026-08-24T14:55:54.109+0000] {logging_mixin.py:188} INFO - [2026-08-24T14:55:54.109+0000] {dagbag.py:545} INFO - Filling up the DagBag from /home/airflow/.local/lib/python3.12/site-packages/airflow/example_dags/example_datasets.py
[2026-08-24T14:55:54.127+0000] {processor.py:840} INFO - DAG(s) 'consume_1_and_2_with_dataset_expressions', 'dataset_produces_2', 'dataset_produces_1', 'dataset_consumes_1_never_scheduled', 'consume_1_or_both_2_and_3_with_dataset_expressions', 'dataset_consumes_unknown_never_scheduled', 'dataset_consumes_1', 'consume_1_or_2_with_dataset_expressions', 'conditional_dataset_and_time_based_timetable', 'dataset_consumes_1_and_2' retrieved from /home/airflow/.local/lib/python3.12/site-packages/airflow/example_dags/example_datasets.py
[2026-08-24T14:55:54.191+0000] {logging_mixin.py:188} INFO - [2026-08-24T14:55:54.191+0000] {dag.py:3096} INFO - Sync 10 DAGs
[2026-08-24T14:55:54.225+0000] {logging_mixin.py:188} INFO - [2026-08-24T14:55:54.224+0000] {dag.py:3954} INFO - Setting next_dagrun for conditional_dataset_and_time_based_timetable to 2026-08-19 01:00:00+00:00, run_after=2026-08-19 01:00:00+00:00
[2026-08-24T14:55:54.231+0000] {logging_mixin.py:188} INFO - [2026-08-24T14:55:54.230+0000] {dag.py:3954} INFO - Setting next_dagrun for consume_1_and_2_with_dataset_expressions to None, run_after=None
[2026-08-24T14:55:54.233+0000] {logging_mixin.py:188} INFO - [2026-08-24T14:55:54.233+0000] {dag.py:3954} INFO - Setting next_dagrun for consume_1_or_2_with_dataset_expressions to None, run_after=None
[2026-08-24T14:55:54.235+0000] {logging_mixin.py:188} INFO - [2026-08-24T14:55:54.235+0000] {dag.py:3954} INFO - Setting next_dagrun for consume_1_or_both_2_and_3_with_dataset_expressions to None, run_after=None
[2026-08-24T14:55:54.238+0000] {logging_mixin.py:188} INFO - [2026-08-24T14:55:54.238+0000] {dag.py:3954} INFO - Setting next_dagrun for dataset_consumes_1 to None, run_after=None
[2026-08-24T14:55:54.240+0000] {logging_mixin.py:188} INFO - [2026-08-24T14:55:54.239+0000] {dag.py:3954} INFO - Setting next_dagrun for dataset_consumes_1_and_2 to None, run_after=None
[2026-08-24T14:55:54.242+0000] {logging_mixin.py:188} INFO - [2026-08-24T14:55:54.241+0000] {dag.py:3954} INFO - Setting next_dagrun for dataset_consumes_1_never_scheduled to None, run_after=None
[2026-08-24T14:55:54.243+0000] {logging_mixin.py:188} INFO - [2026-08-24T14:55:54.243+0000] {dag.py:3954} INFO - Setting next_dagrun for dataset_consumes_unknown_never_scheduled to None, run_after=None
[2026-08-24T14:55:54.247+0000] {logging_mixin.py:188} INFO - [2026-08-24T14:55:54.246+0000] {dag.py:3954} INFO - Setting next_dagrun for dataset_produces_1 to 2026-08-23 00:00:00+00:00, run_after=2026-08-24 00:00:00+00:00
[2026-08-24T14:55:54.248+0000] {logging_mixin.py:188} INFO - [2026-08-24T14:55:54.248+0000] {dag.py:3954} INFO - Setting next_dagrun for dataset_produces_2 to None, run_after=None
[2026-08-24T14:55:55.079+0000] {processor.py:183} INFO - Processing /home/airflow/.local/lib/python3.12/site-packages/airflow/example_dags/example_datasets.py took 0.982 seconds
