[2026-08-24T13:50:58.437+0000] {processor.py:161} INFO - Started process (PID=85) to work on /home/airflow/.local/lib/python3.12/site-packages/airflow/example_dags/example_branch_operator_decorator.py
[2026-08-24T13:50:58.439+0000] {processor.py:830} INFO - Processing file /home/airflow/.local/lib/python3.12/site-packages/airflow/example_dags/example_branch_operator_decorator.py for tasks to queue
[2026-08-24T13:50:58.443+0000] {logging_mixin.py:188} INFO - [2026-08-24T13:50:58.443+0000] {dagbag.py:545} INFO - Filling up the DagBag from /home/airflow/.local/lib/python3.12/site-packages/airflow/example_dags/example_branch_operator_decorator.py
[2026-08-24T13:50:58.571+0000] {processor.py:840} INFO - DAG(s) 'example_branch_python_operator_decorator' retrieved from /home/airflow/.local/lib/python3.12/site-packages/airflow/example_dags/example_branch_operator_decorator.py
[2026-08-24T13:50:58.976+0000] {logging_mixin.py:188} INFO - [2026-08-24T13:50:58.975+0000] {dag.py:3096} INFO - Sync 1 DAGs
[2026-08-24T13:50:59.011+0000] {logging_mixin.py:188} INFO - [2026-08-24T13:50:59.011+0000] {dag.py:3954} INFO - Setting next_dagrun for example_branch_python_operator_decorator to 2026-08-23 00:00:00+00:00, run_after=2026-08-24 00:00:00+00:00
[2026-08-24T13:50:59.046+0000] {processor.py:183} INFO - Processing /home/airflow/.local/lib/python3.12/site-packages/airflow/example_dags/example_branch_operator_decorator.py took 0.620 seconds
[2026-08-24T13:51:41.623+0000] {processor.py:161} INFO - Started process (PID=66) to work on /home/airflow/.local/lib/python3.12/site-packages/airflow/example_dags/example_branch_operator_decorator.py
[2026-08-24T13:51:41.624+0000] {processor.py:830} INFO - Processing file /home/airflow/.local/lib/python3.12/site-packages/airflow/example_dags/example_branch_operator_decorator.py for tasks to queue
[2026-08-24T13:51:41.627+0000] {logging_mixin.py:188} INFO - [2026-08-24T13:51:41.627+0000] {dagbag.py:545} INFO - Filling up the DagBag from /home/airflow/.local/lib/python3.12/site-packages/airflow/example_dags/example_branch_operator_decorator.py
[2026-08-24T13:51:41.675+0000] {processor.py:840} INFO - DAG(s) 'example_branch_python_operator_decorator' retrieved from /home/airflow/.local/lib/python3.12/site-packages/airflow/example_dags/example_branch_operator_decorator.py
[2026-08-24T13:51:41.838+0000] {logging_mixin.py:188} INFO - [2026-08-24T13:51:41.838+0000] {dag.py:3096} INFO - Sync 1 DAGs
[2026-08-24T13:51:41.865+0000] {logging_mixin.py:188} INFO - [2026-08-24T13:51:41.865+0000] {dag.py:3954} INFO - Setting next_dagrun for example_branch_python_operator_decorator to 2026-08-23 00:00:00+00:00, run_after=2026-08-24 00:00:00+00:00
[2026-08-24T13:51:41.890+0000] {processor.py:183} INFO - Processing /home/airflow/.local/lib/python3.12/site-packages/airflow/example_dags/example_branch_operator_decorator.py took 0.279 seconds
[2026-08-24T13:52:12.026+0000] {processor.py:161} INFO - Started process (PID=126) to work on /home/airflow/.local/lib/python3.12/site-packages/airflow/example_dags/example_branch_operator_decorator.py
[2026-08-24T13:52:12.027+0000] {processor.py:830} INFO - Processing file /home/airflow/.local/lib/python3.12/site-packages/airflow/example_dags/example_branch_operator_decorator.py for tasks to queue
[2026-08-24T13:52:12.030+0000] {logging_mixin.py:188} INFO - [2026-08-24T13:52:12.030+0000] {dagbag.py:545} INFO - Filling up the DagBag from /home/airflow/.local/lib/python3.12/site-packages/airflow/example_dags/example_branch_operator_decorator.py
[2026-08-24T13:52:12.055+0000] {processor.py:840} INFO - DAG(s) 'example_branch_python_operator_decorator' retrieved from /home/airflow/.local/lib/python3.12/site-packages/airflow/example_dags/example_branch_operator_decorator.py
[2026-08-24T13:52:12.090+0000] {logging_mixin.py:188} INFO - [2026-08-24T13:52:12.089+0000] {dag.py:3096} INFO - Sync 1 DAGs
[2026-08-24T13:52:12.120+0000] {logging_mixin.py:188} INFO - [2026-08-24T13:52:12.120+0000] {dag.py:3954} INFO - Setting next_dagrun for example_branch_python_operator_decorator to 2026-08-23 00:00:00+00:00, run_after=2026-08-24 00:00:00+00:00
[2026-08-24T13:52:12.143+0000] {processor.py:183} INFO - Processing /home/airflow/.local/lib/python3.12/site-packages/airflow/example_dags/example_branch_operator_decorator.py took 0.125 seconds
[2026-08-24T13:52:42.434+0000] {processor.py:161} INFO - Started process (PID=184) to work on /home/airflow/.local/lib/python3.12/site-packages/airflow/example_dags/example_branch_operator_decorator.py
[2026-08-24T13:52:42.436+0000] {processor.py:830} INFO - Processing file /home/airflow/.local/lib/python3.12/site-packages/airflow/example_dags/example_branch_operator_decorator.py for tasks to queue
[2026-08-24T13:52:42.439+0000] {logging_mixin.py:188} INFO - [2026-08-24T13:52:42.439+0000] {dagbag.py:545} INFO - Filling up the DagBag from /home/airflow/.local/lib/python3.12/site-packages/airflow/example_dags/example_branch_operator_decorator.py
[2026-08-24T13:52:42.478+0000] {processor.py:840} INFO - DAG(s) 'example_branch_python_operator_decorator' retrieved from /home/airflow/.local/lib/python3.12/site-packages/airflow/example_dags/example_branch_operator_decorator.py
[2026-08-24T13:52:42.527+0000] {logging_mixin.py:188} INFO - [2026-08-24T13:52:42.527+0000] {dag.py:3096} INFO - Sync 1 DAGs
[2026-08-24T13:52:42.569+0000] {logging_mixin.py:188} INFO - [2026-08-24T13:52:42.568+0000] {dag.py:3954} INFO - Setting next_dagrun for example_branch_python_operator_decorator to 2026-08-23 00:00:00+00:00, run_after=2026-08-24 00:00:00+00:00
[2026-08-24T13:52:42.599+0000] {processor.py:183} INFO - Processing /home/airflow/.local/lib/python3.12/site-packages/airflow/example_dags/example_branch_operator_decorator.py took 0.176 seconds
[2026-08-24T13:53:12.835+0000] {processor.py:161} INFO - Started process (PID=243) to work on /home/airflow/.local/lib/python3.12/site-packages/airflow/example_dags/example_branch_operator_decorator.py
[2026-08-24T13:53:12.837+0000] {processor.py:830} INFO - Processing file /home/airflow/.local/lib/python3.12/site-packages/airflow/example_dags/example_branch_operator_decorator.py for tasks to queue
[2026-08-24T13:53:12.841+0000] {logging_mixin.py:188} INFO - [2026-08-24T13:53:12.840+0000] {dagbag.py:545} INFO - Filling up the DagBag from /home/airflow/.local/lib/python3.12/site-packages/airflow/example_dags/example_branch_operator_decorator.py
[2026-08-24T13:53:12.871+0000] {processor.py:840} INFO - DAG(s) 'example_branch_python_operator_decorator' retrieved from /home/airflow/.local/lib/python3.12/site-packages/airflow/example_dags/example_branch_operator_decorator.py
[2026-08-24T13:53:12.910+0000] {logging_mixin.py:188} INFO - [2026-08-24T13:53:12.910+0000] {dag.py:3096} INFO - Sync 1 DAGs
[2026-08-24T13:53:12.949+0000] {logging_mixin.py:188} INFO - [2026-08-24T13:53:12.949+0000] {dag.py:3954} INFO - Setting next_dagrun for example_branch_python_operator_decorator to 2026-08-23 00:00:00+00:00, run_after=2026-08-24 00:00:00+00:00
[2026-08-24T13:53:12.974+0000] {processor.py:183} INFO - Processing /home/airflow/.local/lib/python3.12/site-packages/airflow/example_dags/example_branch_operator_decorator.py took 0.148 seconds
[2026-08-24T13:53:43.287+0000] {processor.py:161} INFO - Started process (PID=302) to work on /home/airflow/.local/lib/python3.12/site-packages/airflow/example_dags/example_branch_operator_decorator.py
[2026-08-24T13:53:43.288+0000] {processor.py:830} INFO - Processing file /home/airflow/.local/lib/python3.12/site-packages/airflow/example_dags/example_branch_operator_decorator.py for tasks to queue
[2026-08-24T13:53:43.291+0000] {logging_mixin.py:188} INFO - [2026-08-24T13:53:43.290+0000] {dagbag.py:545} INFO - Filling up the DagBag from /home/airflow/.local/lib/python3.12/site-packages/airflow/example_dags/example_branch_operator_decorator.py
[2026-08-24T13:53:43.326+0000] {processor.py:840} INFO - DAG(s) 'example_branch_python_operator_decorator' retrieved from /home/airflow/.local/lib/python3.12/site-packages/airflow/example_dags/example_branch_operator_decorator.py
[2026-08-24T13:53:43.361+0000] {logging_mixin.py:188} INFO - [2026-08-24T13:53:43.361+0000] {dag.py:3096} INFO - Sync 1 DAGs
[2026-08-24T13:53:43.395+0000] {logging_mixin.py:188} INFO - [2026-08-24T13:53:43.395+0000] {dag.py:3954} INFO - Setting next_dagrun for example_branch_python_operator_decorator to 2026-08-23 00:00:00+00:00, run_after=2026-08-24 00:00:00+00:00
[2026-08-24T13:53:43.420+0000] {processor.py:183} INFO - Processing /home/airflow/.local/lib/python3.12/site-packages/airflow/example_dags/example_branch_operator_decorator.py took 0.141 seconds
[2026-08-24T13:54:13.705+0000] {processor.py:161} INFO - Started process (PID=361) to work on /home/airflow/.local/lib/python3.12/site-packages/airflow/example_dags/example_branch_operator_decorator.py
[2026-08-24T13:54:13.707+0000] {processor.py:830} INFO - Processing file /home/airflow/.local/lib/python3.12/site-packages/airflow/example_dags/example_branch_operator_decorator.py for tasks to queue
[2026-08-24T13:54:13.710+0000] {logging_mixin.py:188} INFO - [2026-08-24T13:54:13.710+0000] {dagbag.py:545} INFO - Filling up the DagBag from /home/airflow/.local/lib/python3.12/site-packages/airflow/example_dags/example_branch_operator_decorator.py
[2026-08-24T13:54:13.752+0000] {processor.py:840} INFO - DAG(s) 'example_branch_python_operator_decorator' retrieved from /home/airflow/.local/lib/python3.12/site-packages/airflow/example_dags/example_branch_operator_decorator.py
[2026-08-24T13:54:13.789+0000] {logging_mixin.py:188} INFO - [2026-08-24T13:54:13.789+0000] {dag.py:3096} INFO - Sync 1 DAGs
[2026-08-24T13:54:13.820+0000] {logging_mixin.py:188} INFO - [2026-08-24T13:54:13.819+0000] {dag.py:3954} INFO - Setting next_dagrun for example_branch_python_operator_decorator to 2026-08-23 00:00:00+00:00, run_after=2026-08-24 00:00:00+00:00
[2026-08-24T13:54:13.849+0000] {processor.py:183} INFO - Processing /home/airflow/.local/lib/python3.12/site-packages/airflow/example_dags/example_branch_operator_decorator.py took 0.155 seconds
[2026-08-24T13:54:44.077+0000] {processor.py:161} INFO - Started process (PID=420) to work on /home/airflow/.local/lib/python3.12/site-packages/airflow/example_dags/example_branch_operator_decorator.py
[2026-08-24T13:54:44.079+0000] {processor.py:830} INFO - Processing file /home/airflow/.local/lib/python3.12/site-packages/airflow/example_dags/example_branch_operator_decorator.py for tasks to queue
[2026-08-24T13:54:44.085+0000] {logging_mixin.py:188} INFO - [2026-08-24T13:54:44.084+0000] {dagbag.py:545} INFO - Filling up the DagBag from /home/airflow/.local/lib/python3.12/site-packages/airflow/example_dags/example_branch_operator_decorator.py
[2026-08-24T13:54:44.129+0000] {processor.py:840} INFO - DAG(s) 'example_branch_python_operator_decorator' retrieved from /home/airflow/.local/lib/python3.12/site-packages/airflow/example_dags/example_branch_operator_decorator.py
[2026-08-24T13:54:44.159+0000] {logging_mixin.py:188} INFO - [2026-08-24T13:54:44.159+0000] {dag.py:3096} INFO - Sync 1 DAGs
[2026-08-24T13:54:44.227+0000] {logging_mixin.py:188} INFO - [2026-08-24T13:54:44.227+0000] {dag.py:3954} INFO - Setting next_dagrun for example_branch_python_operator_decorator to 2026-08-23 00:00:00+00:00, run_after=2026-08-24 00:00:00+00:00
[2026-08-24T13:54:44.269+0000] {processor.py:183} INFO - Processing /home/airflow/.local/lib/python3.12/site-packages/airflow/example_dags/example_branch_operator_decorator.py took 0.206 seconds
[2026-08-24T13:55:14.703+0000] {processor.py:161} INFO - Started process (PID=479) to work on /home/airflow/.local/lib/python3.12/site-packages/airflow/example_dags/example_branch_operator_decorator.py
[2026-08-24T13:55:14.705+0000] {processor.py:830} INFO - Processing file /home/airflow/.local/lib/python3.12/site-packages/airflow/example_dags/example_branch_operator_decorator.py for tasks to queue
[2026-08-24T13:55:14.710+0000] {logging_mixin.py:188} INFO - [2026-08-24T13:55:14.709+0000] {dagbag.py:545} INFO - Filling up the DagBag from /home/airflow/.local/lib/python3.12/site-packages/airflow/example_dags/example_branch_operator_decorator.py
[2026-08-24T13:55:14.760+0000] {processor.py:840} INFO - DAG(s) 'example_branch_python_operator_decorator' retrieved from /home/airflow/.local/lib/python3.12/site-packages/airflow/example_dags/example_branch_operator_decorator.py
[2026-08-24T13:55:14.919+0000] {logging_mixin.py:188} INFO - [2026-08-24T13:55:14.919+0000] {dag.py:3096} INFO - Sync 1 DAGs
[2026-08-24T13:55:15.019+0000] {logging_mixin.py:188} INFO - [2026-08-24T13:55:15.019+0000] {dag.py:3954} INFO - Setting next_dagrun for example_branch_python_operator_decorator to 2026-08-23 00:00:00+00:00, run_after=2026-08-24 00:00:00+00:00
[2026-08-24T13:55:15.661+0000] {processor.py:183} INFO - Processing /home/airflow/.local/lib/python3.12/site-packages/airflow/example_dags/example_branch_operator_decorator.py took 0.969 seconds
[2026-08-24T13:55:45.886+0000] {processor.py:161} INFO - Started process (PID=544) to work on /home/airflow/.local/lib/python3.12/site-packages/airflow/example_dags/example_branch_operator_decorator.py
[2026-08-24T13:55:45.888+0000] {processor.py:830} INFO - Processing file /home/airflow/.local/lib/python3.12/site-packages/airflow/example_dags/example_branch_operator_decorator.py for tasks to queue
[2026-08-24T13:55:45.892+0000] {logging_mixin.py:188} INFO - [2026-08-24T13:55:45.891+0000] {dagbag.py:545} INFO - Filling up the DagBag from /home/airflow/.local/lib/python3.12/site-packages/airflow/example_dags/example_branch_operator_decorator.py
[2026-08-24T13:55:45.934+0000] {processor.py:840} INFO - DAG(s) 'example_branch_python_operator_decorator' retrieved from /home/airflow/.local/lib/python3.12/site-packages/airflow/example_dags/example_branch_operator_decorator.py
[2026-08-24T13:55:45.986+0000] {logging_mixin.py:188} INFO - [2026-08-24T13:55:45.985+0000] {dag.py:3096} INFO - Sync 1 DAGs
[2026-08-24T13:55:46.022+0000] {logging_mixin.py:188} INFO - [2026-08-24T13:55:46.022+0000] {dag.py:3954} INFO - Setting next_dagrun for example_branch_python_operator_decorator to 2026-08-23 00:00:00+00:00, run_after=2026-08-24 00:00:00+00:00
[2026-08-24T13:55:46.044+0000] {processor.py:183} INFO - Processing /home/airflow/.local/lib/python3.12/site-packages/airflow/example_dags/example_branch_operator_decorator.py took 0.170 seconds
[2026-08-24T13:56:16.320+0000] {processor.py:161} INFO - Started process (PID=603) to work on /home/airflow/.local/lib/python3.12/site-packages/airflow/example_dags/example_branch_operator_decorator.py
[2026-08-24T13:56:16.322+0000] {processor.py:830} INFO - Processing file /home/airflow/.local/lib/python3.12/site-packages/airflow/example_dags/example_branch_operator_decorator.py for tasks to queue
[2026-08-24T13:56:16.326+0000] {logging_mixin.py:188} INFO - [2026-08-24T13:56:16.325+0000] {dagbag.py:545} INFO - Filling up the DagBag from /home/airflow/.local/lib/python3.12/site-packages/airflow/example_dags/example_branch_operator_decorator.py
[2026-08-24T13:56:16.356+0000] {processor.py:840} INFO - DAG(s) 'example_branch_python_operator_decorator' retrieved from /home/airflow/.local/lib/python3.12/site-packages/airflow/example_dags/example_branch_operator_decorator.py
[2026-08-24T13:56:16.397+0000] {logging_mixin.py:188} INFO - [2026-08-24T13:56:16.397+0000] {dag.py:3096} INFO - Sync 1 DAGs
[2026-08-24T13:56:16.432+0000] {logging_mixin.py:188} INFO - [2026-08-24T13:56:16.432+0000] {dag.py:3954} INFO - Setting next_dagrun for example_branch_python_operator_decorator to 2026-08-23 00:00:00+00:00, run_after=2026-08-24 00:00:00+00:00
[2026-08-24T13:56:16.453+0000] {processor.py:183} INFO - Processing /home/airflow/.local/lib/python3.12/site-packages/airflow/example_dags/example_branch_operator_decorator.py took 0.141 seconds
[2026-08-24T13:56:46.863+0000] {processor.py:161} INFO - Started process (PID=662) to work on /home/airflow/.local/lib/python3.12/site-packages/airflow/example_dags/example_branch_operator_decorator.py
[2026-08-24T13:56:46.865+0000] {processor.py:830} INFO - Processing file /home/airflow/.local/lib/python3.12/site-packages/airflow/example_dags/example_branch_operator_decorator.py for tasks to queue
[2026-08-24T13:56:46.869+0000] {logging_mixin.py:188} INFO - [2026-08-24T13:56:46.868+0000] {dagbag.py:545} INFO - Filling up the DagBag from /home/airflow/.local/lib/python3.12/site-packages/airflow/example_dags/example_branch_operator_decorator.py
[2026-08-24T13:56:46.911+0000] {processor.py:840} INFO - DAG(s) 'example_branch_python_operator_decorator' retrieved from /home/airflow/.local/lib/python3.12/site-packages/airflow/example_dags/example_branch_operator_decorator.py
[2026-08-24T13:56:46.954+0000] {logging_mixin.py:188} INFO - [2026-08-24T13:56:46.953+0000] {dag.py:3096} INFO - Sync 1 DAGs
[2026-08-24T13:56:47.037+0000] {logging_mixin.py:188} INFO - [2026-08-24T13:56:47.036+0000] {dag.py:3954} INFO - Setting next_dagrun for example_branch_python_operator_decorator to 2026-08-23 00:00:00+00:00, run_after=2026-08-24 00:00:00+00:00
[2026-08-24T13:56:47.082+0000] {processor.py:183} INFO - Processing /home/airflow/.local/lib/python3.12/site-packages/airflow/example_dags/example_branch_operator_decorator.py took 0.228 seconds
[2026-08-24T13:57:17.255+0000] {processor.py:161} INFO - Started process (PID=722) to work on /home/airflow/.local/lib/python3.12/site-packages/airflow/example_dags/example_branch_operator_decorator.py
[2026-08-24T13:57:17.257+0000] {processor.py:830} INFO - Processing file /home/airflow/.local/lib/python3.12/site-packages/airflow/example_dags/example_branch_operator_decorator.py for tasks to queue
[2026-08-24T13:57:17.259+0000] {logging_mixin.py:188} INFO - [2026-08-24T13:57:17.259+0000] {dagbag.py:545} INFO - Filling up the DagBag from /home/airflow/.local/lib/python3.12/site-packages/airflow/example_dags/example_branch_operator_decorator.py
[2026-08-24T13:57:17.288+0000] {processor.py:840} INFO - DAG(s) 'example_branch_python_operator_decorator' retrieved from /home/airflow/.local/lib/python3.12/site-packages/airflow/example_dags/example_branch_operator_decorator.py
[2026-08-24T13:57:17.326+0000] {logging_mixin.py:188} INFO - [2026-08-24T13:57:17.326+0000] {dag.py:3096} INFO - Sync 1 DAGs
[2026-08-24T13:57:17.359+0000] {logging_mixin.py:188} INFO - [2026-08-24T13:57:17.359+0000] {dag.py:3954} INFO - Setting next_dagrun for example_branch_python_operator_decorator to 2026-08-23 00:00:00+00:00, run_after=2026-08-24 00:00:00+00:00
[2026-08-24T13:57:17.384+0000] {processor.py:183} INFO - Processing /home/airflow/.local/lib/python3.12/site-packages/airflow/example_dags/example_branch_operator_decorator.py took 0.135 seconds
[2026-08-24T13:57:47.481+0000] {processor.py:161} INFO - Started process (PID=781) to work on /home/airflow/.local/lib/python3.12/site-packages/airflow/example_dags/example_branch_operator_decorator.py
[2026-08-24T13:57:47.483+0000] {processor.py:830} INFO - Processing file /home/airflow/.local/lib/python3.12/site-packages/airflow/example_dags/example_branch_operator_decorator.py for tasks to queue
[2026-08-24T13:57:47.485+0000] {logging_mixin.py:188} INFO - [2026-08-24T13:57:47.485+0000] {dagbag.py:545} INFO - Filling up the DagBag from /home/airflow/.local/lib/python3.12/site-packages/airflow/example_dags/example_branch_operator_decorator.py
[2026-08-24T13:57:47.513+0000] {processor.py:840} INFO - DAG(s) 'example_branch_python_operator_decorator' retrieved from /home/airflow/.local/lib/python3.12/site-packages/airflow/example_dags/example_branch_operator_decorator.py
[2026-08-24T13:57:47.550+0000] {logging_mixin.py:188} INFO - [2026-08-24T13:57:47.550+0000] {dag.py:3096} INFO - Sync 1 DAGs
[2026-08-24T13:57:47.578+0000] {logging_mixin.py:188} INFO - [2026-08-24T13:57:47.578+0000] {dag.py:3954} INFO - Setting next_dagrun for example_branch_python_operator_decorator to 2026-08-23 00:00:00+00:00, run_after=2026-08-24 00:00:00+00:00
[2026-08-24T13:57:47.605+0000] {processor.py:183} INFO - Processing /home/airflow/.local/lib/python3.12/site-packages/airflow/example_dags/example_branch_operator_decorator.py took 0.131 seconds
[2026-08-24T13:58:17.936+0000] {processor.py:161} INFO - Started process (PID=841) to work on /home/airflow/.local/lib/python3.12/site-packages/airflow/example_dags/example_branch_operator_decorator.py
[2026-08-24T13:58:17.937+0000] {processor.py:830} INFO - Processing file /home/airflow/.local/lib/python3.12/site-packages/airflow/example_dags/example_branch_operator_decorator.py for tasks to queue
[2026-08-24T13:58:17.939+0000] {logging_mixin.py:188} INFO - [2026-08-24T13:58:17.939+0000] {dagbag.py:545} INFO - Filling up the DagBag from /home/airflow/.local/lib/python3.12/site-packages/airflow/example_dags/example_branch_operator_decorator.py
[2026-08-24T13:58:17.965+0000] {processor.py:840} INFO - DAG(s) 'example_branch_python_operator_decorator' retrieved from /home/airflow/.local/lib/python3.12/site-packages/airflow/example_dags/example_branch_operator_decorator.py
[2026-08-24T13:58:17.998+0000] {logging_mixin.py:188} INFO - [2026-08-24T13:58:17.997+0000] {dag.py:3096} INFO - Sync 1 DAGs
[2026-08-24T13:58:18.025+0000] {logging_mixin.py:188} INFO - [2026-08-24T13:58:18.025+0000] {dag.py:3954} INFO - Setting next_dagrun for example_branch_python_operator_decorator to 2026-08-23 00:00:00+00:00, run_after=2026-08-24 00:00:00+00:00
[2026-08-24T13:58:18.221+0000] {processor.py:183} INFO - Processing /home/airflow/.local/lib/python3.12/site-packages/airflow/example_dags/example_branch_operator_decorator.py took 0.293 seconds
[2026-08-24T13:58:48.459+0000] {processor.py:161} INFO - Started process (PID=900) to work on /home/airflow/.local/lib/python3.12/site-packages/airflow/example_dags/example_branch_operator_decorator.py
[2026-08-24T13:58:48.461+0000] {processor.py:830} INFO - Processing file /home/airflow/.local/lib/python3.12/site-packages/airflow/example_dags/example_branch_operator_decorator.py for tasks to queue
[2026-08-24T13:58:48.463+0000] {logging_mixin.py:188} INFO - [2026-08-24T13:58:48.463+0000] {dagbag.py:545} INFO - Filling up the DagBag from /home/airflow/.local/lib/python3.12/site-packages/airflow/example_dags/example_branch_operator_decorator.py
[2026-08-24T13:58:48.489+0000] {processor.py:840} INFO - DAG(s) 'example_branch_python_operator_decorator' retrieved from /home/airflow/.local/lib/python3.12/site-packages/airflow/example_dags/example_branch_operator_decorator.py
[2026-08-24T13:58:48.526+0000] {logging_mixin.py:188} INFO - [2026-08-24T13:58:48.525+0000] {dag.py:3096} INFO - Sync 1 DAGs
[2026-08-24T13:58:48.552+0000] {logging_mixin.py:188} INFO - [2026-08-24T13:58:48.552+0000] {dag.py:3954} INFO - Setting next_dagrun for example_branch_python_operator_decorator to 2026-08-23 00:00:00+00:00, run_after=2026-08-24 00:00:00+00:00
[2026-08-24T13:58:48.577+0000] {processor.py:183} INFO - Processing /home/airflow/.local/lib/python3.12/site-packages/airflow/example_dags/example_branch_operator_decorator.py took 0.125 seconds
[2026-08-24T14:00:32.335+0000] {processor.py:161} INFO - Started process (PID=84) to work on /home/airflow/.local/lib/python3.12/site-packages/airflow/example_dags/example_branch_operator_decorator.py
[2026-08-24T14:00:32.337+0000] {processor.py:830} INFO - Processing file /home/airflow/.local/lib/python3.12/site-packages/airflow/example_dags/example_branch_operator_decorator.py for tasks to queue
[2026-08-24T14:00:32.341+0000] {logging_mixin.py:188} INFO - [2026-08-24T14:00:32.340+0000] {dagbag.py:545} INFO - Filling up the DagBag from /home/airflow/.local/lib/python3.12/site-packages/airflow/example_dags/example_branch_operator_decorator.py
[2026-08-24T14:00:32.479+0000] {processor.py:840} INFO - DAG(s) 'example_branch_python_operator_decorator' retrieved from /home/airflow/.local/lib/python3.12/site-packages/airflow/example_dags/example_branch_operator_decorator.py
[2026-08-24T14:00:32.877+0000] {logging_mixin.py:188} INFO - [2026-08-24T14:00:32.877+0000] {dag.py:3096} INFO - Sync 1 DAGs
[2026-08-24T14:00:32.917+0000] {logging_mixin.py:188} INFO - [2026-08-24T14:00:32.917+0000] {dag.py:3954} INFO - Setting next_dagrun for example_branch_python_operator_decorator to 2026-08-23 00:00:00+00:00, run_after=2026-08-24 00:00:00+00:00
[2026-08-24T14:00:32.954+0000] {processor.py:183} INFO - Processing /home/airflow/.local/lib/python3.12/site-packages/airflow/example_dags/example_branch_operator_decorator.py took 0.632 seconds
[2026-08-24T14:01:03.517+0000] {processor.py:161} INFO - Started process (PID=143) to work on /home/airflow/.local/lib/python3.12/site-packages/airflow/example_dags/example_branch_operator_decorator.py
[2026-08-24T14:01:03.518+0000] {processor.py:830} INFO - Processing file /home/airflow/.local/lib/python3.12/site-packages/airflow/example_dags/example_branch_operator_decorator.py for tasks to queue
[2026-08-24T14:01:03.521+0000] {logging_mixin.py:188} INFO - [2026-08-24T14:01:03.521+0000] {dagbag.py:545} INFO - Filling up the DagBag from /home/airflow/.local/lib/python3.12/site-packages/airflow/example_dags/example_branch_operator_decorator.py
[2026-08-24T14:01:03.550+0000] {processor.py:840} INFO - DAG(s) 'example_branch_python_operator_decorator' retrieved from /home/airflow/.local/lib/python3.12/site-packages/airflow/example_dags/example_branch_operator_decorator.py
[2026-08-24T14:01:03.590+0000] {logging_mixin.py:188} INFO - [2026-08-24T14:01:03.590+0000] {dag.py:3096} INFO - Sync 1 DAGs
[2026-08-24T14:01:03.621+0000] {logging_mixin.py:188} INFO - [2026-08-24T14:01:03.621+0000] {dag.py:3954} INFO - Setting next_dagrun for example_branch_python_operator_decorator to 2026-08-23 00:00:00+00:00, run_after=2026-08-24 00:00:00+00:00
[2026-08-24T14:01:03.646+0000] {processor.py:183} INFO - Processing /home/airflow/.local/lib/python3.12/site-packages/airflow/example_dags/example_branch_operator_decorator.py took 0.137 seconds
[2026-08-24T14:01:33.917+0000] {processor.py:161} INFO - Started process (PID=202) to work on /home/airflow/.local/lib/python3.12/site-packages/airflow/example_dags/example_branch_operator_decorator.py
[2026-08-24T14:01:33.919+0000] {processor.py:830} INFO - Processing file /home/airflow/.local/lib/python3.12/site-packages/airflow/example_dags/example_branch_operator_decorator.py for tasks to queue
[2026-08-24T14:01:33.921+0000] {logging_mixin.py:188} INFO - [2026-08-24T14:01:33.921+0000] {dagbag.py:545} INFO - Filling up the DagBag from /home/airflow/.local/lib/python3.12/site-packages/airflow/example_dags/example_branch_operator_decorator.py
[2026-08-24T14:01:33.949+0000] {processor.py:840} INFO - DAG(s) 'example_branch_python_operator_decorator' retrieved from /home/airflow/.local/lib/python3.12/site-packages/airflow/example_dags/example_branch_operator_decorator.py
[2026-08-24T14:01:33.987+0000] {logging_mixin.py:188} INFO - [2026-08-24T14:01:33.987+0000] {dag.py:3096} INFO - Sync 1 DAGs
[2026-08-24T14:01:34.018+0000] {logging_mixin.py:188} INFO - [2026-08-24T14:01:34.017+0000] {dag.py:3954} INFO - Setting next_dagrun for example_branch_python_operator_decorator to 2026-08-23 00:00:00+00:00, run_after=2026-08-24 00:00:00+00:00
[2026-08-24T14:01:34.043+0000] {processor.py:183} INFO - Processing /home/airflow/.local/lib/python3.12/site-packages/airflow/example_dags/example_branch_operator_decorator.py took 0.133 seconds
[2026-08-24T14:02:04.144+0000] {processor.py:161} INFO - Started process (PID=262) to work on /home/airflow/.local/lib/python3.12/site-packages/airflow/example_dags/example_branch_operator_decorator.py
[2026-08-24T14:02:04.146+0000] {processor.py:830} INFO - Processing file /home/airflow/.local/lib/python3.12/site-packages/airflow/example_dags/example_branch_operator_decorator.py for tasks to queue
[2026-08-24T14:02:04.148+0000] {logging_mixin.py:188} INFO - [2026-08-24T14:02:04.148+0000] {dagbag.py:545} INFO - Filling up the DagBag from /home/airflow/.local/lib/python3.12/site-packages/airflow/example_dags/example_branch_operator_decorator.py
[2026-08-24T14:02:04.176+0000] {processor.py:840} INFO - DAG(s) 'example_branch_python_operator_decorator' retrieved from /home/airflow/.local/lib/python3.12/site-packages/airflow/example_dags/example_branch_operator_decorator.py
[2026-08-24T14:02:04.212+0000] {logging_mixin.py:188} INFO - [2026-08-24T14:02:04.211+0000] {dag.py:3096} INFO - Sync 1 DAGs
[2026-08-24T14:02:04.239+0000] {logging_mixin.py:188} INFO - [2026-08-24T14:02:04.238+0000] {dag.py:3954} INFO - Setting next_dagrun for example_branch_python_operator_decorator to 2026-08-23 00:00:00+00:00, run_after=2026-08-24 00:00:00+00:00
[2026-08-24T14:02:04.263+0000] {processor.py:183} INFO - Processing /home/airflow/.local/lib/python3.12/site-packages/airflow/example_dags/example_branch_operator_decorator.py took 0.126 seconds
[2026-08-24T14:02:34.394+0000] {processor.py:161} INFO - Started process (PID=321) to work on /home/airflow/.local/lib/python3.12/site-packages/airflow/example_dags/example_branch_operator_decorator.py
[2026-08-24T14:02:34.396+0000] {processor.py:830} INFO - Processing file /home/airflow/.local/lib/python3.12/site-packages/airflow/example_dags/example_branch_operator_decorator.py for tasks to queue
[2026-08-24T14:02:34.398+0000] {logging_mixin.py:188} INFO - [2026-08-24T14:02:34.398+0000] {dagbag.py:545} INFO - Filling up the DagBag from /home/airflow/.local/lib/python3.12/site-packages/airflow/example_dags/example_branch_operator_decorator.py
[2026-08-24T14:02:34.423+0000] {processor.py:840} INFO - DAG(s) 'example_branch_python_operator_decorator' retrieved from /home/airflow/.local/lib/python3.12/site-packages/airflow/example_dags/example_branch_operator_decorator.py
[2026-08-24T14:02:34.458+0000] {logging_mixin.py:188} INFO - [2026-08-24T14:02:34.458+0000] {dag.py:3096} INFO - Sync 1 DAGs
[2026-08-24T14:02:34.486+0000] {logging_mixin.py:188} INFO - [2026-08-24T14:02:34.486+0000] {dag.py:3954} INFO - Setting next_dagrun for example_branch_python_operator_decorator to 2026-08-23 00:00:00+00:00, run_after=2026-08-24 00:00:00+00:00
[2026-08-24T14:02:34.513+0000] {processor.py:183} INFO - Processing /home/airflow/.local/lib/python3.12/site-packages/airflow/example_dags/example_branch_operator_decorator.py took 0.126 seconds
[2026-08-24T14:03:04.620+0000] {processor.py:161} INFO - Started process (PID=380) to work on /home/airflow/.local/lib/python3.12/site-packages/airflow/example_dags/example_branch_operator_decorator.py
[2026-08-24T14:03:04.624+0000] {processor.py:830} INFO - Processing file /home/airflow/.local/lib/python3.12/site-packages/airflow/example_dags/example_branch_operator_decorator.py for tasks to queue
[2026-08-24T14:03:04.630+0000] {logging_mixin.py:188} INFO - [2026-08-24T14:03:04.629+0000] {dagbag.py:545} INFO - Filling up the DagBag from /home/airflow/.local/lib/python3.12/site-packages/airflow/example_dags/example_branch_operator_decorator.py
[2026-08-24T14:03:04.663+0000] {processor.py:840} INFO - DAG(s) 'example_branch_python_operator_decorator' retrieved from /home/airflow/.local/lib/python3.12/site-packages/airflow/example_dags/example_branch_operator_decorator.py
[2026-08-24T14:03:04.715+0000] {logging_mixin.py:188} INFO - [2026-08-24T14:03:04.714+0000] {dag.py:3096} INFO - Sync 1 DAGs
[2026-08-24T14:03:04.754+0000] {logging_mixin.py:188} INFO - [2026-08-24T14:03:04.753+0000] {dag.py:3954} INFO - Setting next_dagrun for example_branch_python_operator_decorator to 2026-08-23 00:00:00+00:00, run_after=2026-08-24 00:00:00+00:00
[2026-08-24T14:03:04.791+0000] {processor.py:183} INFO - Processing /home/airflow/.local/lib/python3.12/site-packages/airflow/example_dags/example_branch_operator_decorator.py took 0.183 seconds
[2026-08-24T14:07:35.910+0000] {processor.py:161} INFO - Started process (PID=90) to work on /home/airflow/.local/lib/python3.12/site-packages/airflow/example_dags/example_branch_operator_decorator.py
[2026-08-24T14:07:35.913+0000] {processor.py:830} INFO - Processing file /home/airflow/.local/lib/python3.12/site-packages/airflow/example_dags/example_branch_operator_decorator.py for tasks to queue
[2026-08-24T14:07:35.917+0000] {logging_mixin.py:188} INFO - [2026-08-24T14:07:35.916+0000] {dagbag.py:545} INFO - Filling up the DagBag from /home/airflow/.local/lib/python3.12/site-packages/airflow/example_dags/example_branch_operator_decorator.py
[2026-08-24T14:07:36.021+0000] {processor.py:840} INFO - DAG(s) 'example_branch_python_operator_decorator' retrieved from /home/airflow/.local/lib/python3.12/site-packages/airflow/example_dags/example_branch_operator_decorator.py
[2026-08-24T14:07:36.405+0000] {logging_mixin.py:188} INFO - [2026-08-24T14:07:36.405+0000] {dag.py:3096} INFO - Sync 1 DAGs
[2026-08-24T14:07:36.445+0000] {logging_mixin.py:188} INFO - [2026-08-24T14:07:36.444+0000] {dag.py:3954} INFO - Setting next_dagrun for example_branch_python_operator_decorator to 2026-08-23 00:00:00+00:00, run_after=2026-08-24 00:00:00+00:00
[2026-08-24T14:07:36.481+0000] {processor.py:183} INFO - Processing /home/airflow/.local/lib/python3.12/site-packages/airflow/example_dags/example_branch_operator_decorator.py took 0.581 seconds
[2026-08-24T14:08:07.211+0000] {processor.py:161} INFO - Started process (PID=149) to work on /home/airflow/.local/lib/python3.12/site-packages/airflow/example_dags/example_branch_operator_decorator.py
[2026-08-24T14:08:07.212+0000] {processor.py:830} INFO - Processing file /home/airflow/.local/lib/python3.12/site-packages/airflow/example_dags/example_branch_operator_decorator.py for tasks to queue
[2026-08-24T14:08:07.214+0000] {logging_mixin.py:188} INFO - [2026-08-24T14:08:07.214+0000] {dagbag.py:545} INFO - Filling up the DagBag from /home/airflow/.local/lib/python3.12/site-packages/airflow/example_dags/example_branch_operator_decorator.py
[2026-08-24T14:08:07.245+0000] {processor.py:840} INFO - DAG(s) 'example_branch_python_operator_decorator' retrieved from /home/airflow/.local/lib/python3.12/site-packages/airflow/example_dags/example_branch_operator_decorator.py
[2026-08-24T14:08:07.285+0000] {logging_mixin.py:188} INFO - [2026-08-24T14:08:07.285+0000] {dag.py:3096} INFO - Sync 1 DAGs
[2026-08-24T14:08:07.319+0000] {logging_mixin.py:188} INFO - [2026-08-24T14:08:07.318+0000] {dag.py:3954} INFO - Setting next_dagrun for example_branch_python_operator_decorator to 2026-08-23 00:00:00+00:00, run_after=2026-08-24 00:00:00+00:00
[2026-08-24T14:08:07.342+0000] {processor.py:183} INFO - Processing /home/airflow/.local/lib/python3.12/site-packages/airflow/example_dags/example_branch_operator_decorator.py took 0.138 seconds
[2026-08-24T14:08:37.773+0000] {processor.py:161} INFO - Started process (PID=208) to work on /home/airflow/.local/lib/python3.12/site-packages/airflow/example_dags/example_branch_operator_decorator.py
[2026-08-24T14:08:37.774+0000] {processor.py:830} INFO - Processing file /home/airflow/.local/lib/python3.12/site-packages/airflow/example_dags/example_branch_operator_decorator.py for tasks to queue
[2026-08-24T14:08:37.777+0000] {logging_mixin.py:188} INFO - [2026-08-24T14:08:37.777+0000] {dagbag.py:545} INFO - Filling up the DagBag from /home/airflow/.local/lib/python3.12/site-packages/airflow/example_dags/example_branch_operator_decorator.py
[2026-08-24T14:08:37.805+0000] {processor.py:840} INFO - DAG(s) 'example_branch_python_operator_decorator' retrieved from /home/airflow/.local/lib/python3.12/site-packages/airflow/example_dags/example_branch_operator_decorator.py
[2026-08-24T14:08:37.855+0000] {logging_mixin.py:188} INFO - [2026-08-24T14:08:37.854+0000] {dag.py:3096} INFO - Sync 1 DAGs
[2026-08-24T14:08:37.904+0000] {logging_mixin.py:188} INFO - [2026-08-24T14:08:37.903+0000] {dag.py:3954} INFO - Setting next_dagrun for example_branch_python_operator_decorator to 2026-08-23 00:00:00+00:00, run_after=2026-08-24 00:00:00+00:00
[2026-08-24T14:08:37.936+0000] {processor.py:183} INFO - Processing /home/airflow/.local/lib/python3.12/site-packages/airflow/example_dags/example_branch_operator_decorator.py took 0.170 seconds
[2026-08-24T14:09:08.200+0000] {processor.py:161} INFO - Started process (PID=267) to work on /home/airflow/.local/lib/python3.12/site-packages/airflow/example_dags/example_branch_operator_decorator.py
[2026-08-24T14:09:08.201+0000] {processor.py:830} INFO - Processing file /home/airflow/.local/lib/python3.12/site-packages/airflow/example_dags/example_branch_operator_decorator.py for tasks to queue
[2026-08-24T14:09:08.205+0000] {logging_mixin.py:188} INFO - [2026-08-24T14:09:08.204+0000] {dagbag.py:545} INFO - Filling up the DagBag from /home/airflow/.local/lib/python3.12/site-packages/airflow/example_dags/example_branch_operator_decorator.py
[2026-08-24T14:09:08.261+0000] {processor.py:840} INFO - DAG(s) 'example_branch_python_operator_decorator' retrieved from /home/airflow/.local/lib/python3.12/site-packages/airflow/example_dags/example_branch_operator_decorator.py
[2026-08-24T14:09:08.320+0000] {logging_mixin.py:188} INFO - [2026-08-24T14:09:08.320+0000] {dag.py:3096} INFO - Sync 1 DAGs
[2026-08-24T14:09:08.366+0000] {logging_mixin.py:188} INFO - [2026-08-24T14:09:08.366+0000] {dag.py:3954} INFO - Setting next_dagrun for example_branch_python_operator_decorator to 2026-08-23 00:00:00+00:00, run_after=2026-08-24 00:00:00+00:00
[2026-08-24T14:09:08.395+0000] {processor.py:183} INFO - Processing /home/airflow/.local/lib/python3.12/site-packages/airflow/example_dags/example_branch_operator_decorator.py took 0.205 seconds
[2026-08-24T14:09:38.892+0000] {processor.py:161} INFO - Started process (PID=326) to work on /home/airflow/.local/lib/python3.12/site-packages/airflow/example_dags/example_branch_operator_decorator.py
[2026-08-24T14:09:38.894+0000] {processor.py:830} INFO - Processing file /home/airflow/.local/lib/python3.12/site-packages/airflow/example_dags/example_branch_operator_decorator.py for tasks to queue
[2026-08-24T14:09:38.897+0000] {logging_mixin.py:188} INFO - [2026-08-24T14:09:38.897+0000] {dagbag.py:545} INFO - Filling up the DagBag from /home/airflow/.local/lib/python3.12/site-packages/airflow/example_dags/example_branch_operator_decorator.py
[2026-08-24T14:09:38.928+0000] {processor.py:840} INFO - DAG(s) 'example_branch_python_operator_decorator' retrieved from /home/airflow/.local/lib/python3.12/site-packages/airflow/example_dags/example_branch_operator_decorator.py
[2026-08-24T14:09:38.972+0000] {logging_mixin.py:188} INFO - [2026-08-24T14:09:38.972+0000] {dag.py:3096} INFO - Sync 1 DAGs
[2026-08-24T14:09:39.006+0000] {logging_mixin.py:188} INFO - [2026-08-24T14:09:39.006+0000] {dag.py:3954} INFO - Setting next_dagrun for example_branch_python_operator_decorator to 2026-08-23 00:00:00+00:00, run_after=2026-08-24 00:00:00+00:00
[2026-08-24T14:09:39.032+0000] {processor.py:183} INFO - Processing /home/airflow/.local/lib/python3.12/site-packages/airflow/example_dags/example_branch_operator_decorator.py took 0.148 seconds
[2026-08-24T14:10:09.425+0000] {processor.py:161} INFO - Started process (PID=385) to work on /home/airflow/.local/lib/python3.12/site-packages/airflow/example_dags/example_branch_operator_decorator.py
[2026-08-24T14:10:09.426+0000] {processor.py:830} INFO - Processing file /home/airflow/.local/lib/python3.12/site-packages/airflow/example_dags/example_branch_operator_decorator.py for tasks to queue
[2026-08-24T14:10:09.429+0000] {logging_mixin.py:188} INFO - [2026-08-24T14:10:09.429+0000] {dagbag.py:545} INFO - Filling up the DagBag from /home/airflow/.local/lib/python3.12/site-packages/airflow/example_dags/example_branch_operator_decorator.py
[2026-08-24T14:10:09.454+0000] {processor.py:840} INFO - DAG(s) 'example_branch_python_operator_decorator' retrieved from /home/airflow/.local/lib/python3.12/site-packages/airflow/example_dags/example_branch_operator_decorator.py
[2026-08-24T14:10:09.489+0000] {logging_mixin.py:188} INFO - [2026-08-24T14:10:09.488+0000] {dag.py:3096} INFO - Sync 1 DAGs
[2026-08-24T14:10:09.519+0000] {logging_mixin.py:188} INFO - [2026-08-24T14:10:09.519+0000] {dag.py:3954} INFO - Setting next_dagrun for example_branch_python_operator_decorator to 2026-08-23 00:00:00+00:00, run_after=2026-08-24 00:00:00+00:00
[2026-08-24T14:10:09.544+0000] {processor.py:183} INFO - Processing /home/airflow/.local/lib/python3.12/site-packages/airflow/example_dags/example_branch_operator_decorator.py took 0.126 seconds
[2026-08-24T14:10:39.894+0000] {processor.py:161} INFO - Started process (PID=444) to work on /home/airflow/.local/lib/python3.12/site-packages/airflow/example_dags/example_branch_operator_decorator.py
[2026-08-24T14:10:39.897+0000] {processor.py:830} INFO - Processing file /home/airflow/.local/lib/python3.12/site-packages/airflow/example_dags/example_branch_operator_decorator.py for tasks to queue
[2026-08-24T14:10:39.901+0000] {logging_mixin.py:188} INFO - [2026-08-24T14:10:39.900+0000] {dagbag.py:545} INFO - Filling up the DagBag from /home/airflow/.local/lib/python3.12/site-packages/airflow/example_dags/example_branch_operator_decorator.py
[2026-08-24T14:10:39.950+0000] {processor.py:840} INFO - DAG(s) 'example_branch_python_operator_decorator' retrieved from /home/airflow/.local/lib/python3.12/site-packages/airflow/example_dags/example_branch_operator_decorator.py
[2026-08-24T14:10:40.021+0000] {logging_mixin.py:188} INFO - [2026-08-24T14:10:40.020+0000] {dag.py:3096} INFO - Sync 1 DAGs
[2026-08-24T14:10:40.063+0000] {logging_mixin.py:188} INFO - [2026-08-24T14:10:40.063+0000] {dag.py:3954} INFO - Setting next_dagrun for example_branch_python_operator_decorator to 2026-08-23 00:00:00+00:00, run_after=2026-08-24 00:00:00+00:00
[2026-08-24T14:10:40.095+0000] {processor.py:183} INFO - Processing /home/airflow/.local/lib/python3.12/site-packages/airflow/example_dags/example_branch_operator_decorator.py took 0.217 seconds
[2026-08-24T14:13:23.239+0000] {processor.py:161} INFO - Started process (PID=94) to work on /home/airflow/.local/lib/python3.12/site-packages/airflow/example_dags/example_branch_operator_decorator.py
[2026-08-24T14:13:23.241+0000] {processor.py:830} INFO - Processing file /home/airflow/.local/lib/python3.12/site-packages/airflow/example_dags/example_branch_operator_decorator.py for tasks to queue
[2026-08-24T14:13:23.246+0000] {logging_mixin.py:188} INFO - [2026-08-24T14:13:23.245+0000] {dagbag.py:545} INFO - Filling up the DagBag from /home/airflow/.local/lib/python3.12/site-packages/airflow/example_dags/example_branch_operator_decorator.py
[2026-08-24T14:13:23.428+0000] {processor.py:840} INFO - DAG(s) 'example_branch_python_operator_decorator' retrieved from /home/airflow/.local/lib/python3.12/site-packages/airflow/example_dags/example_branch_operator_decorator.py
[2026-08-24T14:13:23.822+0000] {logging_mixin.py:188} INFO - [2026-08-24T14:13:23.822+0000] {dag.py:3096} INFO - Sync 1 DAGs
[2026-08-24T14:13:23.854+0000] {logging_mixin.py:188} INFO - [2026-08-24T14:13:23.853+0000] {dag.py:3954} INFO - Setting next_dagrun for example_branch_python_operator_decorator to 2026-08-23 00:00:00+00:00, run_after=2026-08-24 00:00:00+00:00
[2026-08-24T14:13:23.889+0000] {processor.py:183} INFO - Processing /home/airflow/.local/lib/python3.12/site-packages/airflow/example_dags/example_branch_operator_decorator.py took 0.665 seconds
[2026-08-24T14:13:54.311+0000] {processor.py:161} INFO - Started process (PID=153) to work on /home/airflow/.local/lib/python3.12/site-packages/airflow/example_dags/example_branch_operator_decorator.py
[2026-08-24T14:13:54.314+0000] {processor.py:830} INFO - Processing file /home/airflow/.local/lib/python3.12/site-packages/airflow/example_dags/example_branch_operator_decorator.py for tasks to queue
[2026-08-24T14:13:54.317+0000] {logging_mixin.py:188} INFO - [2026-08-24T14:13:54.316+0000] {dagbag.py:545} INFO - Filling up the DagBag from /home/airflow/.local/lib/python3.12/site-packages/airflow/example_dags/example_branch_operator_decorator.py
[2026-08-24T14:13:54.347+0000] {processor.py:840} INFO - DAG(s) 'example_branch_python_operator_decorator' retrieved from /home/airflow/.local/lib/python3.12/site-packages/airflow/example_dags/example_branch_operator_decorator.py
[2026-08-24T14:13:54.386+0000] {logging_mixin.py:188} INFO - [2026-08-24T14:13:54.385+0000] {dag.py:3096} INFO - Sync 1 DAGs
[2026-08-24T14:13:54.416+0000] {logging_mixin.py:188} INFO - [2026-08-24T14:13:54.416+0000] {dag.py:3954} INFO - Setting next_dagrun for example_branch_python_operator_decorator to 2026-08-23 00:00:00+00:00, run_after=2026-08-24 00:00:00+00:00
[2026-08-24T14:13:54.439+0000] {processor.py:183} INFO - Processing /home/airflow/.local/lib/python3.12/site-packages/airflow/example_dags/example_branch_operator_decorator.py took 0.138 seconds
[2026-08-24T14:14:24.913+0000] {processor.py:161} INFO - Started process (PID=212) to work on /home/airflow/.local/lib/python3.12/site-packages/airflow/example_dags/example_branch_operator_decorator.py
[2026-08-24T14:14:24.915+0000] {processor.py:830} INFO - Processing file /home/airflow/.local/lib/python3.12/site-packages/airflow/example_dags/example_branch_operator_decorator.py for tasks to queue
[2026-08-24T14:14:24.918+0000] {logging_mixin.py:188} INFO - [2026-08-24T14:14:24.918+0000] {dagbag.py:545} INFO - Filling up the DagBag from /home/airflow/.local/lib/python3.12/site-packages/airflow/example_dags/example_branch_operator_decorator.py
[2026-08-24T14:14:24.949+0000] {processor.py:840} INFO - DAG(s) 'example_branch_python_operator_decorator' retrieved from /home/airflow/.local/lib/python3.12/site-packages/airflow/example_dags/example_branch_operator_decorator.py
[2026-08-24T14:14:24.988+0000] {logging_mixin.py:188} INFO - [2026-08-24T14:14:24.988+0000] {dag.py:3096} INFO - Sync 1 DAGs
[2026-08-24T14:14:25.021+0000] {logging_mixin.py:188} INFO - [2026-08-24T14:14:25.021+0000] {dag.py:3954} INFO - Setting next_dagrun for example_branch_python_operator_decorator to 2026-08-23 00:00:00+00:00, run_after=2026-08-24 00:00:00+00:00
[2026-08-24T14:14:25.048+0000] {processor.py:183} INFO - Processing /home/airflow/.local/lib/python3.12/site-packages/airflow/example_dags/example_branch_operator_decorator.py took 0.145 seconds
[2026-08-24T14:14:55.542+0000] {processor.py:161} INFO - Started process (PID=271) to work on /home/airflow/.local/lib/python3.12/site-packages/airflow/example_dags/example_branch_operator_decorator.py
[2026-08-24T14:14:55.543+0000] {processor.py:830} INFO - Processing file /home/airflow/.local/lib/python3.12/site-packages/airflow/example_dags/example_branch_operator_decorator.py for tasks to queue
[2026-08-24T14:14:55.546+0000] {logging_mixin.py:188} INFO - [2026-08-24T14:14:55.546+0000] {dagbag.py:545} INFO - Filling up the DagBag from /home/airflow/.local/lib/python3.12/site-packages/airflow/example_dags/example_branch_operator_decorator.py
[2026-08-24T14:14:55.573+0000] {processor.py:840} INFO - DAG(s) 'example_branch_python_operator_decorator' retrieved from /home/airflow/.local/lib/python3.12/site-packages/airflow/example_dags/example_branch_operator_decorator.py
[2026-08-24T14:14:55.616+0000] {logging_mixin.py:188} INFO - [2026-08-24T14:14:55.616+0000] {dag.py:3096} INFO - Sync 1 DAGs
[2026-08-24T14:14:55.646+0000] {logging_mixin.py:188} INFO - [2026-08-24T14:14:55.646+0000] {dag.py:3954} INFO - Setting next_dagrun for example_branch_python_operator_decorator to 2026-08-23 00:00:00+00:00, run_after=2026-08-24 00:00:00+00:00
[2026-08-24T14:14:55.670+0000] {processor.py:183} INFO - Processing /home/airflow/.local/lib/python3.12/site-packages/airflow/example_dags/example_branch_operator_decorator.py took 0.136 seconds
[2026-08-24T14:15:26.071+0000] {processor.py:161} INFO - Started process (PID=329) to work on /home/airflow/.local/lib/python3.12/site-packages/airflow/example_dags/example_branch_operator_decorator.py
[2026-08-24T14:15:26.073+0000] {processor.py:830} INFO - Processing file /home/airflow/.local/lib/python3.12/site-packages/airflow/example_dags/example_branch_operator_decorator.py for tasks to queue
[2026-08-24T14:15:26.076+0000] {logging_mixin.py:188} INFO - [2026-08-24T14:15:26.075+0000] {dagbag.py:545} INFO - Filling up the DagBag from /home/airflow/.local/lib/python3.12/site-packages/airflow/example_dags/example_branch_operator_decorator.py
[2026-08-24T14:15:26.111+0000] {processor.py:840} INFO - DAG(s) 'example_branch_python_operator_decorator' retrieved from /home/airflow/.local/lib/python3.12/site-packages/airflow/example_dags/example_branch_operator_decorator.py
[2026-08-24T14:15:26.150+0000] {logging_mixin.py:188} INFO - [2026-08-24T14:15:26.149+0000] {dag.py:3096} INFO - Sync 1 DAGs
[2026-08-24T14:15:26.181+0000] {logging_mixin.py:188} INFO - [2026-08-24T14:15:26.181+0000] {dag.py:3954} INFO - Setting next_dagrun for example_branch_python_operator_decorator to 2026-08-23 00:00:00+00:00, run_after=2026-08-24 00:00:00+00:00
[2026-08-24T14:15:26.210+0000] {processor.py:183} INFO - Processing /home/airflow/.local/lib/python3.12/site-packages/airflow/example_dags/example_branch_operator_decorator.py took 0.149 seconds
[2026-08-24T14:15:56.379+0000] {processor.py:161} INFO - Started process (PID=388) to work on /home/airflow/.local/lib/python3.12/site-packages/airflow/example_dags/example_branch_operator_decorator.py
[2026-08-24T14:15:56.381+0000] {processor.py:830} INFO - Processing file /home/airflow/.local/lib/python3.12/site-packages/airflow/example_dags/example_branch_operator_decorator.py for tasks to queue
[2026-08-24T14:15:56.384+0000] {logging_mixin.py:188} INFO - [2026-08-24T14:15:56.383+0000] {dagbag.py:545} INFO - Filling up the DagBag from /home/airflow/.local/lib/python3.12/site-packages/airflow/example_dags/example_branch_operator_decorator.py
[2026-08-24T14:15:56.422+0000] {processor.py:840} INFO - DAG(s) 'example_branch_python_operator_decorator' retrieved from /home/airflow/.local/lib/python3.12/site-packages/airflow/example_dags/example_branch_operator_decorator.py
[2026-08-24T14:15:56.459+0000] {logging_mixin.py:188} INFO - [2026-08-24T14:15:56.459+0000] {dag.py:3096} INFO - Sync 1 DAGs
[2026-08-24T14:15:56.490+0000] {logging_mixin.py:188} INFO - [2026-08-24T14:15:56.489+0000] {dag.py:3954} INFO - Setting next_dagrun for example_branch_python_operator_decorator to 2026-08-23 00:00:00+00:00, run_after=2026-08-24 00:00:00+00:00
[2026-08-24T14:15:56.517+0000] {processor.py:183} INFO - Processing /home/airflow/.local/lib/python3.12/site-packages/airflow/example_dags/example_branch_operator_decorator.py took 0.145 seconds
[2026-08-24T14:16:26.949+0000] {processor.py:161} INFO - Started process (PID=447) to work on /home/airflow/.local/lib/python3.12/site-packages/airflow/example_dags/example_branch_operator_decorator.py
[2026-08-24T14:16:26.950+0000] {processor.py:830} INFO - Processing file /home/airflow/.local/lib/python3.12/site-packages/airflow/example_dags/example_branch_operator_decorator.py for tasks to queue
[2026-08-24T14:16:26.952+0000] {logging_mixin.py:188} INFO - [2026-08-24T14:16:26.952+0000] {dagbag.py:545} INFO - Filling up the DagBag from /home/airflow/.local/lib/python3.12/site-packages/airflow/example_dags/example_branch_operator_decorator.py
[2026-08-24T14:16:26.978+0000] {processor.py:840} INFO - DAG(s) 'example_branch_python_operator_decorator' retrieved from /home/airflow/.local/lib/python3.12/site-packages/airflow/example_dags/example_branch_operator_decorator.py
[2026-08-24T14:16:27.012+0000] {logging_mixin.py:188} INFO - [2026-08-24T14:16:27.012+0000] {dag.py:3096} INFO - Sync 1 DAGs
[2026-08-24T14:16:27.041+0000] {logging_mixin.py:188} INFO - [2026-08-24T14:16:27.041+0000] {dag.py:3954} INFO - Setting next_dagrun for example_branch_python_operator_decorator to 2026-08-23 00:00:00+00:00, run_after=2026-08-24 00:00:00+00:00
[2026-08-24T14:16:27.071+0000] {processor.py:183} INFO - Processing /home/airflow/.local/lib/python3.12/site-packages/airflow/example_dags/example_branch_operator_decorator.py took 0.130 seconds
[2026-08-24T14:16:57.160+0000] {processor.py:161} INFO - Started process (PID=506) to work on /home/airflow/.local/lib/python3.12/site-packages/airflow/example_dags/example_branch_operator_decorator.py
[2026-08-24T14:16:57.162+0000] {processor.py:830} INFO - Processing file /home/airflow/.local/lib/python3.12/site-packages/airflow/example_dags/example_branch_operator_decorator.py for tasks to queue
[2026-08-24T14:16:57.166+0000] {logging_mixin.py:188} INFO - [2026-08-24T14:16:57.166+0000] {dagbag.py:545} INFO - Filling up the DagBag from /home/airflow/.local/lib/python3.12/site-packages/airflow/example_dags/example_branch_operator_decorator.py
[2026-08-24T14:16:57.205+0000] {processor.py:840} INFO - DAG(s) 'example_branch_python_operator_decorator' retrieved from /home/airflow/.local/lib/python3.12/site-packages/airflow/example_dags/example_branch_operator_decorator.py
[2026-08-24T14:16:57.255+0000] {logging_mixin.py:188} INFO - [2026-08-24T14:16:57.255+0000] {dag.py:3096} INFO - Sync 1 DAGs
[2026-08-24T14:16:57.301+0000] {logging_mixin.py:188} INFO - [2026-08-24T14:16:57.301+0000] {dag.py:3954} INFO - Setting next_dagrun for example_branch_python_operator_decorator to 2026-08-23 00:00:00+00:00, run_after=2026-08-24 00:00:00+00:00
[2026-08-24T14:16:57.335+0000] {processor.py:183} INFO - Processing /home/airflow/.local/lib/python3.12/site-packages/airflow/example_dags/example_branch_operator_decorator.py took 0.185 seconds
[2026-08-24T14:17:27.741+0000] {processor.py:161} INFO - Started process (PID=565) to work on /home/airflow/.local/lib/python3.12/site-packages/airflow/example_dags/example_branch_operator_decorator.py
[2026-08-24T14:17:27.743+0000] {processor.py:830} INFO - Processing file /home/airflow/.local/lib/python3.12/site-packages/airflow/example_dags/example_branch_operator_decorator.py for tasks to queue
[2026-08-24T14:17:27.747+0000] {logging_mixin.py:188} INFO - [2026-08-24T14:17:27.747+0000] {dagbag.py:545} INFO - Filling up the DagBag from /home/airflow/.local/lib/python3.12/site-packages/airflow/example_dags/example_branch_operator_decorator.py
[2026-08-24T14:17:27.792+0000] {processor.py:840} INFO - DAG(s) 'example_branch_python_operator_decorator' retrieved from /home/airflow/.local/lib/python3.12/site-packages/airflow/example_dags/example_branch_operator_decorator.py
[2026-08-24T14:17:27.842+0000] {logging_mixin.py:188} INFO - [2026-08-24T14:17:27.842+0000] {dag.py:3096} INFO - Sync 1 DAGs
[2026-08-24T14:17:27.881+0000] {logging_mixin.py:188} INFO - [2026-08-24T14:17:27.880+0000] {dag.py:3954} INFO - Setting next_dagrun for example_branch_python_operator_decorator to 2026-08-23 00:00:00+00:00, run_after=2026-08-24 00:00:00+00:00
[2026-08-24T14:17:27.913+0000] {processor.py:183} INFO - Processing /home/airflow/.local/lib/python3.12/site-packages/airflow/example_dags/example_branch_operator_decorator.py took 0.183 seconds
[2026-08-24T14:17:57.983+0000] {processor.py:161} INFO - Started process (PID=624) to work on /home/airflow/.local/lib/python3.12/site-packages/airflow/example_dags/example_branch_operator_decorator.py
[2026-08-24T14:17:57.984+0000] {processor.py:830} INFO - Processing file /home/airflow/.local/lib/python3.12/site-packages/airflow/example_dags/example_branch_operator_decorator.py for tasks to queue
[2026-08-24T14:17:57.987+0000] {logging_mixin.py:188} INFO - [2026-08-24T14:17:57.987+0000] {dagbag.py:545} INFO - Filling up the DagBag from /home/airflow/.local/lib/python3.12/site-packages/airflow/example_dags/example_branch_operator_decorator.py
[2026-08-24T14:17:58.016+0000] {processor.py:840} INFO - DAG(s) 'example_branch_python_operator_decorator' retrieved from /home/airflow/.local/lib/python3.12/site-packages/airflow/example_dags/example_branch_operator_decorator.py
[2026-08-24T14:17:58.060+0000] {logging_mixin.py:188} INFO - [2026-08-24T14:17:58.060+0000] {dag.py:3096} INFO - Sync 1 DAGs
[2026-08-24T14:17:58.099+0000] {logging_mixin.py:188} INFO - [2026-08-24T14:17:58.099+0000] {dag.py:3954} INFO - Setting next_dagrun for example_branch_python_operator_decorator to 2026-08-23 00:00:00+00:00, run_after=2026-08-24 00:00:00+00:00
[2026-08-24T14:17:58.127+0000] {processor.py:183} INFO - Processing /home/airflow/.local/lib/python3.12/site-packages/airflow/example_dags/example_branch_operator_decorator.py took 0.152 seconds
[2026-08-24T14:18:28.899+0000] {processor.py:161} INFO - Started process (PID=683) to work on /home/airflow/.local/lib/python3.12/site-packages/airflow/example_dags/example_branch_operator_decorator.py
[2026-08-24T14:18:28.900+0000] {processor.py:830} INFO - Processing file /home/airflow/.local/lib/python3.12/site-packages/airflow/example_dags/example_branch_operator_decorator.py for tasks to queue
[2026-08-24T14:18:28.902+0000] {logging_mixin.py:188} INFO - [2026-08-24T14:18:28.902+0000] {dagbag.py:545} INFO - Filling up the DagBag from /home/airflow/.local/lib/python3.12/site-packages/airflow/example_dags/example_branch_operator_decorator.py
[2026-08-24T14:18:28.930+0000] {processor.py:840} INFO - DAG(s) 'example_branch_python_operator_decorator' retrieved from /home/airflow/.local/lib/python3.12/site-packages/airflow/example_dags/example_branch_operator_decorator.py
[2026-08-24T14:18:28.964+0000] {logging_mixin.py:188} INFO - [2026-08-24T14:18:28.963+0000] {dag.py:3096} INFO - Sync 1 DAGs
[2026-08-24T14:18:29.001+0000] {logging_mixin.py:188} INFO - [2026-08-24T14:18:29.000+0000] {dag.py:3954} INFO - Setting next_dagrun for example_branch_python_operator_decorator to 2026-08-23 00:00:00+00:00, run_after=2026-08-24 00:00:00+00:00
[2026-08-24T14:18:29.036+0000] {processor.py:183} INFO - Processing /home/airflow/.local/lib/python3.12/site-packages/airflow/example_dags/example_branch_operator_decorator.py took 0.144 seconds
[2026-08-24T14:18:59.193+0000] {processor.py:161} INFO - Started process (PID=744) to work on /home/airflow/.local/lib/python3.12/site-packages/airflow/example_dags/example_branch_operator_decorator.py
[2026-08-24T14:18:59.194+0000] {processor.py:830} INFO - Processing file /home/airflow/.local/lib/python3.12/site-packages/airflow/example_dags/example_branch_operator_decorator.py for tasks to queue
[2026-08-24T14:18:59.197+0000] {logging_mixin.py:188} INFO - [2026-08-24T14:18:59.196+0000] {dagbag.py:545} INFO - Filling up the DagBag from /home/airflow/.local/lib/python3.12/site-packages/airflow/example_dags/example_branch_operator_decorator.py
[2026-08-24T14:18:59.225+0000] {processor.py:840} INFO - DAG(s) 'example_branch_python_operator_decorator' retrieved from /home/airflow/.local/lib/python3.12/site-packages/airflow/example_dags/example_branch_operator_decorator.py
[2026-08-24T14:18:59.272+0000] {logging_mixin.py:188} INFO - [2026-08-24T14:18:59.271+0000] {dag.py:3096} INFO - Sync 1 DAGs
[2026-08-24T14:18:59.321+0000] {logging_mixin.py:188} INFO - [2026-08-24T14:18:59.321+0000] {dag.py:3954} INFO - Setting next_dagrun for example_branch_python_operator_decorator to 2026-08-23 00:00:00+00:00, run_after=2026-08-24 00:00:00+00:00
[2026-08-24T14:18:59.358+0000] {processor.py:183} INFO - Processing /home/airflow/.local/lib/python3.12/site-packages/airflow/example_dags/example_branch_operator_decorator.py took 0.173 seconds
[2026-08-24T14:19:29.459+0000] {processor.py:161} INFO - Started process (PID=803) to work on /home/airflow/.local/lib/python3.12/site-packages/airflow/example_dags/example_branch_operator_decorator.py
[2026-08-24T14:19:29.460+0000] {processor.py:830} INFO - Processing file /home/airflow/.local/lib/python3.12/site-packages/airflow/example_dags/example_branch_operator_decorator.py for tasks to queue
[2026-08-24T14:19:29.463+0000] {logging_mixin.py:188} INFO - [2026-08-24T14:19:29.463+0000] {dagbag.py:545} INFO - Filling up the DagBag from /home/airflow/.local/lib/python3.12/site-packages/airflow/example_dags/example_branch_operator_decorator.py
[2026-08-24T14:19:29.494+0000] {processor.py:840} INFO - DAG(s) 'example_branch_python_operator_decorator' retrieved from /home/airflow/.local/lib/python3.12/site-packages/airflow/example_dags/example_branch_operator_decorator.py
[2026-08-24T14:19:29.540+0000] {logging_mixin.py:188} INFO - [2026-08-24T14:19:29.539+0000] {dag.py:3096} INFO - Sync 1 DAGs
[2026-08-24T14:19:29.577+0000] {logging_mixin.py:188} INFO - [2026-08-24T14:19:29.576+0000] {dag.py:3954} INFO - Setting next_dagrun for example_branch_python_operator_decorator to 2026-08-23 00:00:00+00:00, run_after=2026-08-24 00:00:00+00:00
[2026-08-24T14:19:29.610+0000] {processor.py:183} INFO - Processing /home/airflow/.local/lib/python3.12/site-packages/airflow/example_dags/example_branch_operator_decorator.py took 0.162 seconds
[2026-08-24T14:20:00.309+0000] {processor.py:161} INFO - Started process (PID=863) to work on /home/airflow/.local/lib/python3.12/site-packages/airflow/example_dags/example_branch_operator_decorator.py
[2026-08-24T14:20:00.311+0000] {processor.py:830} INFO - Processing file /home/airflow/.local/lib/python3.12/site-packages/airflow/example_dags/example_branch_operator_decorator.py for tasks to queue
[2026-08-24T14:20:00.315+0000] {logging_mixin.py:188} INFO - [2026-08-24T14:20:00.314+0000] {dagbag.py:545} INFO - Filling up the DagBag from /home/airflow/.local/lib/python3.12/site-packages/airflow/example_dags/example_branch_operator_decorator.py
[2026-08-24T14:20:00.357+0000] {processor.py:840} INFO - DAG(s) 'example_branch_python_operator_decorator' retrieved from /home/airflow/.local/lib/python3.12/site-packages/airflow/example_dags/example_branch_operator_decorator.py
[2026-08-24T14:20:00.403+0000] {logging_mixin.py:188} INFO - [2026-08-24T14:20:00.402+0000] {dag.py:3096} INFO - Sync 1 DAGs
[2026-08-24T14:20:00.443+0000] {logging_mixin.py:188} INFO - [2026-08-24T14:20:00.443+0000] {dag.py:3954} INFO - Setting next_dagrun for example_branch_python_operator_decorator to 2026-08-23 00:00:00+00:00, run_after=2026-08-24 00:00:00+00:00
[2026-08-24T14:20:00.471+0000] {processor.py:183} INFO - Processing /home/airflow/.local/lib/python3.12/site-packages/airflow/example_dags/example_branch_operator_decorator.py took 0.175 seconds
[2026-08-24T14:22:11.177+0000] {processor.py:161} INFO - Started process (PID=93) to work on /home/airflow/.local/lib/python3.12/site-packages/airflow/example_dags/example_branch_operator_decorator.py
[2026-08-24T14:22:11.179+0000] {processor.py:830} INFO - Processing file /home/airflow/.local/lib/python3.12/site-packages/airflow/example_dags/example_branch_operator_decorator.py for tasks to queue
[2026-08-24T14:22:11.187+0000] {logging_mixin.py:188} INFO - [2026-08-24T14:22:11.186+0000] {dagbag.py:545} INFO - Filling up the DagBag from /home/airflow/.local/lib/python3.12/site-packages/airflow/example_dags/example_branch_operator_decorator.py
[2026-08-24T14:22:11.327+0000] {processor.py:840} INFO - DAG(s) 'example_branch_python_operator_decorator' retrieved from /home/airflow/.local/lib/python3.12/site-packages/airflow/example_dags/example_branch_operator_decorator.py
[2026-08-24T14:22:12.414+0000] {logging_mixin.py:188} INFO - [2026-08-24T14:22:12.414+0000] {dag.py:3096} INFO - Sync 1 DAGs
[2026-08-24T14:22:12.452+0000] {logging_mixin.py:188} INFO - [2026-08-24T14:22:12.452+0000] {dag.py:3954} INFO - Setting next_dagrun for example_branch_python_operator_decorator to 2026-08-23 00:00:00+00:00, run_after=2026-08-24 00:00:00+00:00
[2026-08-24T14:22:12.520+0000] {processor.py:183} INFO - Processing /home/airflow/.local/lib/python3.12/site-packages/airflow/example_dags/example_branch_operator_decorator.py took 1.353 seconds
[2026-08-24T14:22:58.733+0000] {processor.py:161} INFO - Started process (PID=72) to work on /home/airflow/.local/lib/python3.12/site-packages/airflow/example_dags/example_branch_operator_decorator.py
[2026-08-24T14:22:58.735+0000] {processor.py:830} INFO - Processing file /home/airflow/.local/lib/python3.12/site-packages/airflow/example_dags/example_branch_operator_decorator.py for tasks to queue
[2026-08-24T14:22:58.740+0000] {logging_mixin.py:188} INFO - [2026-08-24T14:22:58.739+0000] {dagbag.py:545} INFO - Filling up the DagBag from /home/airflow/.local/lib/python3.12/site-packages/airflow/example_dags/example_branch_operator_decorator.py
[2026-08-24T14:22:58.804+0000] {processor.py:840} INFO - DAG(s) 'example_branch_python_operator_decorator' retrieved from /home/airflow/.local/lib/python3.12/site-packages/airflow/example_dags/example_branch_operator_decorator.py
[2026-08-24T14:22:58.978+0000] {logging_mixin.py:188} INFO - [2026-08-24T14:22:58.978+0000] {dag.py:3096} INFO - Sync 1 DAGs
[2026-08-24T14:22:59.006+0000] {logging_mixin.py:188} INFO - [2026-08-24T14:22:59.005+0000] {dag.py:3954} INFO - Setting next_dagrun for example_branch_python_operator_decorator to 2026-08-23 00:00:00+00:00, run_after=2026-08-24 00:00:00+00:00
[2026-08-24T14:22:59.032+0000] {processor.py:183} INFO - Processing /home/airflow/.local/lib/python3.12/site-packages/airflow/example_dags/example_branch_operator_decorator.py took 0.309 seconds
[2026-08-24T14:23:29.170+0000] {processor.py:161} INFO - Started process (PID=131) to work on /home/airflow/.local/lib/python3.12/site-packages/airflow/example_dags/example_branch_operator_decorator.py
[2026-08-24T14:23:29.171+0000] {processor.py:830} INFO - Processing file /home/airflow/.local/lib/python3.12/site-packages/airflow/example_dags/example_branch_operator_decorator.py for tasks to queue
[2026-08-24T14:23:29.175+0000] {logging_mixin.py:188} INFO - [2026-08-24T14:23:29.174+0000] {dagbag.py:545} INFO - Filling up the DagBag from /home/airflow/.local/lib/python3.12/site-packages/airflow/example_dags/example_branch_operator_decorator.py
[2026-08-24T14:23:29.206+0000] {processor.py:840} INFO - DAG(s) 'example_branch_python_operator_decorator' retrieved from /home/airflow/.local/lib/python3.12/site-packages/airflow/example_dags/example_branch_operator_decorator.py
[2026-08-24T14:23:29.248+0000] {logging_mixin.py:188} INFO - [2026-08-24T14:23:29.247+0000] {dag.py:3096} INFO - Sync 1 DAGs
[2026-08-24T14:23:29.280+0000] {logging_mixin.py:188} INFO - [2026-08-24T14:23:29.280+0000] {dag.py:3954} INFO - Setting next_dagrun for example_branch_python_operator_decorator to 2026-08-23 00:00:00+00:00, run_after=2026-08-24 00:00:00+00:00
[2026-08-24T14:23:29.305+0000] {processor.py:183} INFO - Processing /home/airflow/.local/lib/python3.12/site-packages/airflow/example_dags/example_branch_operator_decorator.py took 0.145 seconds
[2026-08-24T14:23:59.601+0000] {processor.py:161} INFO - Started process (PID=191) to work on /home/airflow/.local/lib/python3.12/site-packages/airflow/example_dags/example_branch_operator_decorator.py
[2026-08-24T14:24:02.011+0000] {processor.py:830} INFO - Processing file /home/airflow/.local/lib/python3.12/site-packages/airflow/example_dags/example_branch_operator_decorator.py for tasks to queue
[2026-08-24T14:24:02.017+0000] {logging_mixin.py:188} INFO - [2026-08-24T14:24:02.017+0000] {dagbag.py:545} INFO - Filling up the DagBag from /home/airflow/.local/lib/python3.12/site-packages/airflow/example_dags/example_branch_operator_decorator.py
[2026-08-24T14:24:02.069+0000] {processor.py:840} INFO - DAG(s) 'example_branch_python_operator_decorator' retrieved from /home/airflow/.local/lib/python3.12/site-packages/airflow/example_dags/example_branch_operator_decorator.py
[2026-08-24T14:24:02.199+0000] {logging_mixin.py:188} INFO - [2026-08-24T14:24:02.199+0000] {dag.py:3096} INFO - Sync 1 DAGs
[2026-08-24T14:24:02.243+0000] {logging_mixin.py:188} INFO - [2026-08-24T14:24:02.243+0000] {dag.py:3954} INFO - Setting next_dagrun for example_branch_python_operator_decorator to 2026-08-23 00:00:00+00:00, run_after=2026-08-24 00:00:00+00:00
[2026-08-24T14:24:02.312+0000] {processor.py:183} INFO - Processing /home/airflow/.local/lib/python3.12/site-packages/airflow/example_dags/example_branch_operator_decorator.py took 2.721 seconds
[2026-08-24T14:24:32.623+0000] {processor.py:161} INFO - Started process (PID=251) to work on /home/airflow/.local/lib/python3.12/site-packages/airflow/example_dags/example_branch_operator_decorator.py
[2026-08-24T14:24:32.625+0000] {processor.py:830} INFO - Processing file /home/airflow/.local/lib/python3.12/site-packages/airflow/example_dags/example_branch_operator_decorator.py for tasks to queue
[2026-08-24T14:24:32.627+0000] {logging_mixin.py:188} INFO - [2026-08-24T14:24:32.627+0000] {dagbag.py:545} INFO - Filling up the DagBag from /home/airflow/.local/lib/python3.12/site-packages/airflow/example_dags/example_branch_operator_decorator.py
[2026-08-24T14:24:32.655+0000] {processor.py:840} INFO - DAG(s) 'example_branch_python_operator_decorator' retrieved from /home/airflow/.local/lib/python3.12/site-packages/airflow/example_dags/example_branch_operator_decorator.py
[2026-08-24T14:24:32.697+0000] {logging_mixin.py:188} INFO - [2026-08-24T14:24:32.697+0000] {dag.py:3096} INFO - Sync 1 DAGs
[2026-08-24T14:24:32.729+0000] {logging_mixin.py:188} INFO - [2026-08-24T14:24:32.729+0000] {dag.py:3954} INFO - Setting next_dagrun for example_branch_python_operator_decorator to 2026-08-23 00:00:00+00:00, run_after=2026-08-24 00:00:00+00:00
[2026-08-24T14:24:32.756+0000] {processor.py:183} INFO - Processing /home/airflow/.local/lib/python3.12/site-packages/airflow/example_dags/example_branch_operator_decorator.py took 0.141 seconds
[2026-08-24T14:25:03.039+0000] {processor.py:161} INFO - Started process (PID=317) to work on /home/airflow/.local/lib/python3.12/site-packages/airflow/example_dags/example_branch_operator_decorator.py
[2026-08-24T14:25:03.040+0000] {processor.py:830} INFO - Processing file /home/airflow/.local/lib/python3.12/site-packages/airflow/example_dags/example_branch_operator_decorator.py for tasks to queue
[2026-08-24T14:25:03.042+0000] {logging_mixin.py:188} INFO - [2026-08-24T14:25:03.041+0000] {dagbag.py:545} INFO - Filling up the DagBag from /home/airflow/.local/lib/python3.12/site-packages/airflow/example_dags/example_branch_operator_decorator.py
[2026-08-24T14:25:03.068+0000] {processor.py:840} INFO - DAG(s) 'example_branch_python_operator_decorator' retrieved from /home/airflow/.local/lib/python3.12/site-packages/airflow/example_dags/example_branch_operator_decorator.py
[2026-08-24T14:25:03.102+0000] {logging_mixin.py:188} INFO - [2026-08-24T14:25:03.102+0000] {dag.py:3096} INFO - Sync 1 DAGs
[2026-08-24T14:25:03.132+0000] {logging_mixin.py:188} INFO - [2026-08-24T14:25:03.132+0000] {dag.py:3954} INFO - Setting next_dagrun for example_branch_python_operator_decorator to 2026-08-23 00:00:00+00:00, run_after=2026-08-24 00:00:00+00:00
[2026-08-24T14:25:03.159+0000] {processor.py:183} INFO - Processing /home/airflow/.local/lib/python3.12/site-packages/airflow/example_dags/example_branch_operator_decorator.py took 0.127 seconds
[2026-08-24T14:25:33.257+0000] {processor.py:161} INFO - Started process (PID=377) to work on /home/airflow/.local/lib/python3.12/site-packages/airflow/example_dags/example_branch_operator_decorator.py
[2026-08-24T14:25:33.258+0000] {processor.py:830} INFO - Processing file /home/airflow/.local/lib/python3.12/site-packages/airflow/example_dags/example_branch_operator_decorator.py for tasks to queue
[2026-08-24T14:25:33.260+0000] {logging_mixin.py:188} INFO - [2026-08-24T14:25:33.260+0000] {dagbag.py:545} INFO - Filling up the DagBag from /home/airflow/.local/lib/python3.12/site-packages/airflow/example_dags/example_branch_operator_decorator.py
[2026-08-24T14:25:33.290+0000] {processor.py:840} INFO - DAG(s) 'example_branch_python_operator_decorator' retrieved from /home/airflow/.local/lib/python3.12/site-packages/airflow/example_dags/example_branch_operator_decorator.py
[2026-08-24T14:25:33.329+0000] {logging_mixin.py:188} INFO - [2026-08-24T14:25:33.329+0000] {dag.py:3096} INFO - Sync 1 DAGs
[2026-08-24T14:25:33.360+0000] {logging_mixin.py:188} INFO - [2026-08-24T14:25:33.359+0000] {dag.py:3954} INFO - Setting next_dagrun for example_branch_python_operator_decorator to 2026-08-23 00:00:00+00:00, run_after=2026-08-24 00:00:00+00:00
[2026-08-24T14:25:33.391+0000] {processor.py:183} INFO - Processing /home/airflow/.local/lib/python3.12/site-packages/airflow/example_dags/example_branch_operator_decorator.py took 0.142 seconds
[2026-08-24T14:26:03.884+0000] {processor.py:161} INFO - Started process (PID=437) to work on /home/airflow/.local/lib/python3.12/site-packages/airflow/example_dags/example_branch_operator_decorator.py
[2026-08-24T14:26:03.886+0000] {processor.py:830} INFO - Processing file /home/airflow/.local/lib/python3.12/site-packages/airflow/example_dags/example_branch_operator_decorator.py for tasks to queue
[2026-08-24T14:26:03.888+0000] {logging_mixin.py:188} INFO - [2026-08-24T14:26:03.888+0000] {dagbag.py:545} INFO - Filling up the DagBag from /home/airflow/.local/lib/python3.12/site-packages/airflow/example_dags/example_branch_operator_decorator.py
[2026-08-24T14:26:03.924+0000] {processor.py:840} INFO - DAG(s) 'example_branch_python_operator_decorator' retrieved from /home/airflow/.local/lib/python3.12/site-packages/airflow/example_dags/example_branch_operator_decorator.py
[2026-08-24T14:26:03.963+0000] {logging_mixin.py:188} INFO - [2026-08-24T14:26:03.963+0000] {dag.py:3096} INFO - Sync 1 DAGs
[2026-08-24T14:26:03.996+0000] {logging_mixin.py:188} INFO - [2026-08-24T14:26:03.995+0000] {dag.py:3954} INFO - Setting next_dagrun for example_branch_python_operator_decorator to 2026-08-23 00:00:00+00:00, run_after=2026-08-24 00:00:00+00:00
[2026-08-24T14:26:04.022+0000] {processor.py:183} INFO - Processing /home/airflow/.local/lib/python3.12/site-packages/airflow/example_dags/example_branch_operator_decorator.py took 0.147 seconds
[2026-08-24T14:26:34.095+0000] {processor.py:161} INFO - Started process (PID=497) to work on /home/airflow/.local/lib/python3.12/site-packages/airflow/example_dags/example_branch_operator_decorator.py
[2026-08-24T14:26:34.097+0000] {processor.py:830} INFO - Processing file /home/airflow/.local/lib/python3.12/site-packages/airflow/example_dags/example_branch_operator_decorator.py for tasks to queue
[2026-08-24T14:26:34.100+0000] {logging_mixin.py:188} INFO - [2026-08-24T14:26:34.099+0000] {dagbag.py:545} INFO - Filling up the DagBag from /home/airflow/.local/lib/python3.12/site-packages/airflow/example_dags/example_branch_operator_decorator.py
[2026-08-24T14:26:34.128+0000] {processor.py:840} INFO - DAG(s) 'example_branch_python_operator_decorator' retrieved from /home/airflow/.local/lib/python3.12/site-packages/airflow/example_dags/example_branch_operator_decorator.py
[2026-08-24T14:26:34.163+0000] {logging_mixin.py:188} INFO - [2026-08-24T14:26:34.163+0000] {dag.py:3096} INFO - Sync 1 DAGs
[2026-08-24T14:26:34.194+0000] {logging_mixin.py:188} INFO - [2026-08-24T14:26:34.193+0000] {dag.py:3954} INFO - Setting next_dagrun for example_branch_python_operator_decorator to 2026-08-23 00:00:00+00:00, run_after=2026-08-24 00:00:00+00:00
[2026-08-24T14:26:34.218+0000] {processor.py:183} INFO - Processing /home/airflow/.local/lib/python3.12/site-packages/airflow/example_dags/example_branch_operator_decorator.py took 0.131 seconds
[2026-08-24T14:27:04.752+0000] {processor.py:161} INFO - Started process (PID=557) to work on /home/airflow/.local/lib/python3.12/site-packages/airflow/example_dags/example_branch_operator_decorator.py
[2026-08-24T14:27:04.755+0000] {processor.py:830} INFO - Processing file /home/airflow/.local/lib/python3.12/site-packages/airflow/example_dags/example_branch_operator_decorator.py for tasks to queue
[2026-08-24T14:27:04.759+0000] {logging_mixin.py:188} INFO - [2026-08-24T14:27:04.759+0000] {dagbag.py:545} INFO - Filling up the DagBag from /home/airflow/.local/lib/python3.12/site-packages/airflow/example_dags/example_branch_operator_decorator.py
[2026-08-24T14:27:04.807+0000] {processor.py:840} INFO - DAG(s) 'example_branch_python_operator_decorator' retrieved from /home/airflow/.local/lib/python3.12/site-packages/airflow/example_dags/example_branch_operator_decorator.py
[2026-08-24T14:27:04.855+0000] {logging_mixin.py:188} INFO - [2026-08-24T14:27:04.855+0000] {dag.py:3096} INFO - Sync 1 DAGs
[2026-08-24T14:27:04.885+0000] {logging_mixin.py:188} INFO - [2026-08-24T14:27:04.885+0000] {dag.py:3954} INFO - Setting next_dagrun for example_branch_python_operator_decorator to 2026-08-23 00:00:00+00:00, run_after=2026-08-24 00:00:00+00:00
[2026-08-24T14:27:04.911+0000] {processor.py:183} INFO - Processing /home/airflow/.local/lib/python3.12/site-packages/airflow/example_dags/example_branch_operator_decorator.py took 0.168 seconds
[2026-08-24T14:27:35.233+0000] {processor.py:161} INFO - Started process (PID=617) to work on /home/airflow/.local/lib/python3.12/site-packages/airflow/example_dags/example_branch_operator_decorator.py
[2026-08-24T14:27:35.235+0000] {processor.py:830} INFO - Processing file /home/airflow/.local/lib/python3.12/site-packages/airflow/example_dags/example_branch_operator_decorator.py for tasks to queue
[2026-08-24T14:27:35.237+0000] {logging_mixin.py:188} INFO - [2026-08-24T14:27:35.237+0000] {dagbag.py:545} INFO - Filling up the DagBag from /home/airflow/.local/lib/python3.12/site-packages/airflow/example_dags/example_branch_operator_decorator.py
[2026-08-24T14:27:35.270+0000] {processor.py:840} INFO - DAG(s) 'example_branch_python_operator_decorator' retrieved from /home/airflow/.local/lib/python3.12/site-packages/airflow/example_dags/example_branch_operator_decorator.py
[2026-08-24T14:27:35.315+0000] {logging_mixin.py:188} INFO - [2026-08-24T14:27:35.314+0000] {dag.py:3096} INFO - Sync 1 DAGs
[2026-08-24T14:27:35.348+0000] {logging_mixin.py:188} INFO - [2026-08-24T14:27:35.348+0000] {dag.py:3954} INFO - Setting next_dagrun for example_branch_python_operator_decorator to 2026-08-23 00:00:00+00:00, run_after=2026-08-24 00:00:00+00:00
[2026-08-24T14:27:35.376+0000] {processor.py:183} INFO - Processing /home/airflow/.local/lib/python3.12/site-packages/airflow/example_dags/example_branch_operator_decorator.py took 0.151 seconds
[2026-08-24T14:28:05.560+0000] {processor.py:161} INFO - Started process (PID=677) to work on /home/airflow/.local/lib/python3.12/site-packages/airflow/example_dags/example_branch_operator_decorator.py
[2026-08-24T14:28:05.561+0000] {processor.py:830} INFO - Processing file /home/airflow/.local/lib/python3.12/site-packages/airflow/example_dags/example_branch_operator_decorator.py for tasks to queue
[2026-08-24T14:28:05.564+0000] {logging_mixin.py:188} INFO - [2026-08-24T14:28:05.564+0000] {dagbag.py:545} INFO - Filling up the DagBag from /home/airflow/.local/lib/python3.12/site-packages/airflow/example_dags/example_branch_operator_decorator.py
[2026-08-24T14:28:05.589+0000] {processor.py:840} INFO - DAG(s) 'example_branch_python_operator_decorator' retrieved from /home/airflow/.local/lib/python3.12/site-packages/airflow/example_dags/example_branch_operator_decorator.py
[2026-08-24T14:28:05.623+0000] {logging_mixin.py:188} INFO - [2026-08-24T14:28:05.623+0000] {dag.py:3096} INFO - Sync 1 DAGs
[2026-08-24T14:28:05.653+0000] {logging_mixin.py:188} INFO - [2026-08-24T14:28:05.652+0000] {dag.py:3954} INFO - Setting next_dagrun for example_branch_python_operator_decorator to 2026-08-23 00:00:00+00:00, run_after=2026-08-24 00:00:00+00:00
[2026-08-24T14:28:05.678+0000] {processor.py:183} INFO - Processing /home/airflow/.local/lib/python3.12/site-packages/airflow/example_dags/example_branch_operator_decorator.py took 0.125 seconds
[2026-08-24T14:28:35.991+0000] {processor.py:161} INFO - Started process (PID=737) to work on /home/airflow/.local/lib/python3.12/site-packages/airflow/example_dags/example_branch_operator_decorator.py
[2026-08-24T14:28:35.992+0000] {processor.py:830} INFO - Processing file /home/airflow/.local/lib/python3.12/site-packages/airflow/example_dags/example_branch_operator_decorator.py for tasks to queue
[2026-08-24T14:28:35.995+0000] {logging_mixin.py:188} INFO - [2026-08-24T14:28:35.994+0000] {dagbag.py:545} INFO - Filling up the DagBag from /home/airflow/.local/lib/python3.12/site-packages/airflow/example_dags/example_branch_operator_decorator.py
[2026-08-24T14:28:36.021+0000] {processor.py:840} INFO - DAG(s) 'example_branch_python_operator_decorator' retrieved from /home/airflow/.local/lib/python3.12/site-packages/airflow/example_dags/example_branch_operator_decorator.py
[2026-08-24T14:28:36.058+0000] {logging_mixin.py:188} INFO - [2026-08-24T14:28:36.058+0000] {dag.py:3096} INFO - Sync 1 DAGs
[2026-08-24T14:28:36.089+0000] {logging_mixin.py:188} INFO - [2026-08-24T14:28:36.089+0000] {dag.py:3954} INFO - Setting next_dagrun for example_branch_python_operator_decorator to 2026-08-23 00:00:00+00:00, run_after=2026-08-24 00:00:00+00:00
[2026-08-24T14:28:36.116+0000] {processor.py:183} INFO - Processing /home/airflow/.local/lib/python3.12/site-packages/airflow/example_dags/example_branch_operator_decorator.py took 0.132 seconds
[2026-08-24T14:29:06.600+0000] {processor.py:161} INFO - Started process (PID=797) to work on /home/airflow/.local/lib/python3.12/site-packages/airflow/example_dags/example_branch_operator_decorator.py
[2026-08-24T14:29:06.601+0000] {processor.py:830} INFO - Processing file /home/airflow/.local/lib/python3.12/site-packages/airflow/example_dags/example_branch_operator_decorator.py for tasks to queue
[2026-08-24T14:29:06.604+0000] {logging_mixin.py:188} INFO - [2026-08-24T14:29:06.603+0000] {dagbag.py:545} INFO - Filling up the DagBag from /home/airflow/.local/lib/python3.12/site-packages/airflow/example_dags/example_branch_operator_decorator.py
[2026-08-24T14:29:06.635+0000] {processor.py:840} INFO - DAG(s) 'example_branch_python_operator_decorator' retrieved from /home/airflow/.local/lib/python3.12/site-packages/airflow/example_dags/example_branch_operator_decorator.py
[2026-08-24T14:29:06.673+0000] {logging_mixin.py:188} INFO - [2026-08-24T14:29:06.672+0000] {dag.py:3096} INFO - Sync 1 DAGs
[2026-08-24T14:29:06.711+0000] {logging_mixin.py:188} INFO - [2026-08-24T14:29:06.710+0000] {dag.py:3954} INFO - Setting next_dagrun for example_branch_python_operator_decorator to 2026-08-23 00:00:00+00:00, run_after=2026-08-24 00:00:00+00:00
[2026-08-24T14:29:06.736+0000] {processor.py:183} INFO - Processing /home/airflow/.local/lib/python3.12/site-packages/airflow/example_dags/example_branch_operator_decorator.py took 0.144 seconds
[2026-08-24T14:29:36.877+0000] {processor.py:161} INFO - Started process (PID=858) to work on /home/airflow/.local/lib/python3.12/site-packages/airflow/example_dags/example_branch_operator_decorator.py
[2026-08-24T14:29:36.878+0000] {processor.py:830} INFO - Processing file /home/airflow/.local/lib/python3.12/site-packages/airflow/example_dags/example_branch_operator_decorator.py for tasks to queue
[2026-08-24T14:29:36.881+0000] {logging_mixin.py:188} INFO - [2026-08-24T14:29:36.881+0000] {dagbag.py:545} INFO - Filling up the DagBag from /home/airflow/.local/lib/python3.12/site-packages/airflow/example_dags/example_branch_operator_decorator.py
[2026-08-24T14:29:36.917+0000] {processor.py:840} INFO - DAG(s) 'example_branch_python_operator_decorator' retrieved from /home/airflow/.local/lib/python3.12/site-packages/airflow/example_dags/example_branch_operator_decorator.py
[2026-08-24T14:29:36.954+0000] {logging_mixin.py:188} INFO - [2026-08-24T14:29:36.953+0000] {dag.py:3096} INFO - Sync 1 DAGs
[2026-08-24T14:29:36.988+0000] {logging_mixin.py:188} INFO - [2026-08-24T14:29:36.988+0000] {dag.py:3954} INFO - Setting next_dagrun for example_branch_python_operator_decorator to 2026-08-23 00:00:00+00:00, run_after=2026-08-24 00:00:00+00:00
[2026-08-24T14:29:37.014+0000] {processor.py:183} INFO - Processing /home/airflow/.local/lib/python3.12/site-packages/airflow/example_dags/example_branch_operator_decorator.py took 0.144 seconds
[2026-08-24T14:30:07.313+0000] {processor.py:161} INFO - Started process (PID=918) to work on /home/airflow/.local/lib/python3.12/site-packages/airflow/example_dags/example_branch_operator_decorator.py
[2026-08-24T14:30:07.316+0000] {processor.py:830} INFO - Processing file /home/airflow/.local/lib/python3.12/site-packages/airflow/example_dags/example_branch_operator_decorator.py for tasks to queue
[2026-08-24T14:30:07.320+0000] {logging_mixin.py:188} INFO - [2026-08-24T14:30:07.319+0000] {dagbag.py:545} INFO - Filling up the DagBag from /home/airflow/.local/lib/python3.12/site-packages/airflow/example_dags/example_branch_operator_decorator.py
[2026-08-24T14:30:07.353+0000] {processor.py:840} INFO - DAG(s) 'example_branch_python_operator_decorator' retrieved from /home/airflow/.local/lib/python3.12/site-packages/airflow/example_dags/example_branch_operator_decorator.py
[2026-08-24T14:30:07.393+0000] {logging_mixin.py:188} INFO - [2026-08-24T14:30:07.392+0000] {dag.py:3096} INFO - Sync 1 DAGs
[2026-08-24T14:30:07.429+0000] {logging_mixin.py:188} INFO - [2026-08-24T14:30:07.429+0000] {dag.py:3954} INFO - Setting next_dagrun for example_branch_python_operator_decorator to 2026-08-23 00:00:00+00:00, run_after=2026-08-24 00:00:00+00:00
[2026-08-24T14:30:07.459+0000] {processor.py:183} INFO - Processing /home/airflow/.local/lib/python3.12/site-packages/airflow/example_dags/example_branch_operator_decorator.py took 0.155 seconds
[2026-08-24T14:30:37.722+0000] {processor.py:161} INFO - Started process (PID=979) to work on /home/airflow/.local/lib/python3.12/site-packages/airflow/example_dags/example_branch_operator_decorator.py
[2026-08-24T14:30:37.723+0000] {processor.py:830} INFO - Processing file /home/airflow/.local/lib/python3.12/site-packages/airflow/example_dags/example_branch_operator_decorator.py for tasks to queue
[2026-08-24T14:30:37.725+0000] {logging_mixin.py:188} INFO - [2026-08-24T14:30:37.725+0000] {dagbag.py:545} INFO - Filling up the DagBag from /home/airflow/.local/lib/python3.12/site-packages/airflow/example_dags/example_branch_operator_decorator.py
[2026-08-24T14:30:37.753+0000] {processor.py:840} INFO - DAG(s) 'example_branch_python_operator_decorator' retrieved from /home/airflow/.local/lib/python3.12/site-packages/airflow/example_dags/example_branch_operator_decorator.py
[2026-08-24T14:30:37.789+0000] {logging_mixin.py:188} INFO - [2026-08-24T14:30:37.789+0000] {dag.py:3096} INFO - Sync 1 DAGs
[2026-08-24T14:30:37.820+0000] {logging_mixin.py:188} INFO - [2026-08-24T14:30:37.819+0000] {dag.py:3954} INFO - Setting next_dagrun for example_branch_python_operator_decorator to 2026-08-23 00:00:00+00:00, run_after=2026-08-24 00:00:00+00:00
[2026-08-24T14:30:37.843+0000] {processor.py:183} INFO - Processing /home/airflow/.local/lib/python3.12/site-packages/airflow/example_dags/example_branch_operator_decorator.py took 0.129 seconds
[2026-08-24T14:31:08.411+0000] {processor.py:161} INFO - Started process (PID=1039) to work on /home/airflow/.local/lib/python3.12/site-packages/airflow/example_dags/example_branch_operator_decorator.py
[2026-08-24T14:31:08.413+0000] {processor.py:830} INFO - Processing file /home/airflow/.local/lib/python3.12/site-packages/airflow/example_dags/example_branch_operator_decorator.py for tasks to queue
[2026-08-24T14:31:08.415+0000] {logging_mixin.py:188} INFO - [2026-08-24T14:31:08.415+0000] {dagbag.py:545} INFO - Filling up the DagBag from /home/airflow/.local/lib/python3.12/site-packages/airflow/example_dags/example_branch_operator_decorator.py
[2026-08-24T14:31:08.442+0000] {processor.py:840} INFO - DAG(s) 'example_branch_python_operator_decorator' retrieved from /home/airflow/.local/lib/python3.12/site-packages/airflow/example_dags/example_branch_operator_decorator.py
[2026-08-24T14:31:08.476+0000] {logging_mixin.py:188} INFO - [2026-08-24T14:31:08.476+0000] {dag.py:3096} INFO - Sync 1 DAGs
[2026-08-24T14:31:08.505+0000] {logging_mixin.py:188} INFO - [2026-08-24T14:31:08.505+0000] {dag.py:3954} INFO - Setting next_dagrun for example_branch_python_operator_decorator to 2026-08-23 00:00:00+00:00, run_after=2026-08-24 00:00:00+00:00
[2026-08-24T14:31:08.533+0000] {processor.py:183} INFO - Processing /home/airflow/.local/lib/python3.12/site-packages/airflow/example_dags/example_branch_operator_decorator.py took 0.129 seconds
[2026-08-24T14:35:19.480+0000] {processor.py:161} INFO - Started process (PID=95) to work on /home/airflow/.local/lib/python3.12/site-packages/airflow/example_dags/example_branch_operator_decorator.py
[2026-08-24T14:35:19.482+0000] {processor.py:830} INFO - Processing file /home/airflow/.local/lib/python3.12/site-packages/airflow/example_dags/example_branch_operator_decorator.py for tasks to queue
[2026-08-24T14:35:19.486+0000] {logging_mixin.py:188} INFO - [2026-08-24T14:35:19.485+0000] {dagbag.py:545} INFO - Filling up the DagBag from /home/airflow/.local/lib/python3.12/site-packages/airflow/example_dags/example_branch_operator_decorator.py
[2026-08-24T14:35:19.588+0000] {processor.py:840} INFO - DAG(s) 'example_branch_python_operator_decorator' retrieved from /home/airflow/.local/lib/python3.12/site-packages/airflow/example_dags/example_branch_operator_decorator.py
[2026-08-24T14:35:19.958+0000] {logging_mixin.py:188} INFO - [2026-08-24T14:35:19.958+0000] {dag.py:3096} INFO - Sync 1 DAGs
[2026-08-24T14:35:19.987+0000] {logging_mixin.py:188} INFO - [2026-08-24T14:35:19.987+0000] {dag.py:3954} INFO - Setting next_dagrun for example_branch_python_operator_decorator to 2026-08-23 00:00:00+00:00, run_after=2026-08-24 00:00:00+00:00
[2026-08-24T14:35:20.069+0000] {processor.py:183} INFO - Processing /home/airflow/.local/lib/python3.12/site-packages/airflow/example_dags/example_branch_operator_decorator.py took 0.599 seconds
[2026-08-24T14:35:50.518+0000] {processor.py:161} INFO - Started process (PID=154) to work on /home/airflow/.local/lib/python3.12/site-packages/airflow/example_dags/example_branch_operator_decorator.py
[2026-08-24T14:35:50.520+0000] {processor.py:830} INFO - Processing file /home/airflow/.local/lib/python3.12/site-packages/airflow/example_dags/example_branch_operator_decorator.py for tasks to queue
[2026-08-24T14:35:50.522+0000] {logging_mixin.py:188} INFO - [2026-08-24T14:35:50.522+0000] {dagbag.py:545} INFO - Filling up the DagBag from /home/airflow/.local/lib/python3.12/site-packages/airflow/example_dags/example_branch_operator_decorator.py
[2026-08-24T14:35:50.548+0000] {processor.py:840} INFO - DAG(s) 'example_branch_python_operator_decorator' retrieved from /home/airflow/.local/lib/python3.12/site-packages/airflow/example_dags/example_branch_operator_decorator.py
[2026-08-24T14:35:50.586+0000] {logging_mixin.py:188} INFO - [2026-08-24T14:35:50.586+0000] {dag.py:3096} INFO - Sync 1 DAGs
[2026-08-24T14:35:50.616+0000] {logging_mixin.py:188} INFO - [2026-08-24T14:35:50.615+0000] {dag.py:3954} INFO - Setting next_dagrun for example_branch_python_operator_decorator to 2026-08-23 00:00:00+00:00, run_after=2026-08-24 00:00:00+00:00
[2026-08-24T14:35:50.638+0000] {processor.py:183} INFO - Processing /home/airflow/.local/lib/python3.12/site-packages/airflow/example_dags/example_branch_operator_decorator.py took 0.127 seconds
[2026-08-24T14:36:20.780+0000] {processor.py:161} INFO - Started process (PID=215) to work on /home/airflow/.local/lib/python3.12/site-packages/airflow/example_dags/example_branch_operator_decorator.py
[2026-08-24T14:36:20.782+0000] {processor.py:830} INFO - Processing file /home/airflow/.local/lib/python3.12/site-packages/airflow/example_dags/example_branch_operator_decorator.py for tasks to queue
[2026-08-24T14:36:20.784+0000] {logging_mixin.py:188} INFO - [2026-08-24T14:36:20.783+0000] {dagbag.py:545} INFO - Filling up the DagBag from /home/airflow/.local/lib/python3.12/site-packages/airflow/example_dags/example_branch_operator_decorator.py
[2026-08-24T14:36:20.810+0000] {processor.py:840} INFO - DAG(s) 'example_branch_python_operator_decorator' retrieved from /home/airflow/.local/lib/python3.12/site-packages/airflow/example_dags/example_branch_operator_decorator.py
[2026-08-24T14:36:20.843+0000] {logging_mixin.py:188} INFO - [2026-08-24T14:36:20.843+0000] {dag.py:3096} INFO - Sync 1 DAGs
[2026-08-24T14:36:20.871+0000] {logging_mixin.py:188} INFO - [2026-08-24T14:36:20.870+0000] {dag.py:3954} INFO - Setting next_dagrun for example_branch_python_operator_decorator to 2026-08-23 00:00:00+00:00, run_after=2026-08-24 00:00:00+00:00
[2026-08-24T14:36:20.893+0000] {processor.py:183} INFO - Processing /home/airflow/.local/lib/python3.12/site-packages/airflow/example_dags/example_branch_operator_decorator.py took 0.120 seconds
[2026-08-24T14:36:51.285+0000] {processor.py:161} INFO - Started process (PID=275) to work on /home/airflow/.local/lib/python3.12/site-packages/airflow/example_dags/example_branch_operator_decorator.py
[2026-08-24T14:36:51.286+0000] {processor.py:830} INFO - Processing file /home/airflow/.local/lib/python3.12/site-packages/airflow/example_dags/example_branch_operator_decorator.py for tasks to queue
[2026-08-24T14:36:51.289+0000] {logging_mixin.py:188} INFO - [2026-08-24T14:36:51.288+0000] {dagbag.py:545} INFO - Filling up the DagBag from /home/airflow/.local/lib/python3.12/site-packages/airflow/example_dags/example_branch_operator_decorator.py
[2026-08-24T14:36:51.316+0000] {processor.py:840} INFO - DAG(s) 'example_branch_python_operator_decorator' retrieved from /home/airflow/.local/lib/python3.12/site-packages/airflow/example_dags/example_branch_operator_decorator.py
[2026-08-24T14:36:51.355+0000] {logging_mixin.py:188} INFO - [2026-08-24T14:36:51.355+0000] {dag.py:3096} INFO - Sync 1 DAGs
[2026-08-24T14:36:51.393+0000] {logging_mixin.py:188} INFO - [2026-08-24T14:36:51.393+0000] {dag.py:3954} INFO - Setting next_dagrun for example_branch_python_operator_decorator to 2026-08-23 00:00:00+00:00, run_after=2026-08-24 00:00:00+00:00
[2026-08-24T14:36:51.427+0000] {processor.py:183} INFO - Processing /home/airflow/.local/lib/python3.12/site-packages/airflow/example_dags/example_branch_operator_decorator.py took 0.149 seconds
[2026-08-24T14:37:21.892+0000] {processor.py:161} INFO - Started process (PID=335) to work on /home/airflow/.local/lib/python3.12/site-packages/airflow/example_dags/example_branch_operator_decorator.py
[2026-08-24T14:37:21.893+0000] {processor.py:830} INFO - Processing file /home/airflow/.local/lib/python3.12/site-packages/airflow/example_dags/example_branch_operator_decorator.py for tasks to queue
[2026-08-24T14:37:21.897+0000] {logging_mixin.py:188} INFO - [2026-08-24T14:37:21.897+0000] {dagbag.py:545} INFO - Filling up the DagBag from /home/airflow/.local/lib/python3.12/site-packages/airflow/example_dags/example_branch_operator_decorator.py
[2026-08-24T14:37:21.954+0000] {processor.py:840} INFO - DAG(s) 'example_branch_python_operator_decorator' retrieved from /home/airflow/.local/lib/python3.12/site-packages/airflow/example_dags/example_branch_operator_decorator.py
[2026-08-24T14:37:22.020+0000] {logging_mixin.py:188} INFO - [2026-08-24T14:37:22.020+0000] {dag.py:3096} INFO - Sync 1 DAGs
[2026-08-24T14:37:22.071+0000] {logging_mixin.py:188} INFO - [2026-08-24T14:37:22.071+0000] {dag.py:3954} INFO - Setting next_dagrun for example_branch_python_operator_decorator to 2026-08-23 00:00:00+00:00, run_after=2026-08-24 00:00:00+00:00
[2026-08-24T14:37:22.113+0000] {processor.py:183} INFO - Processing /home/airflow/.local/lib/python3.12/site-packages/airflow/example_dags/example_branch_operator_decorator.py took 0.235 seconds
[2026-08-24T14:37:52.526+0000] {processor.py:161} INFO - Started process (PID=395) to work on /home/airflow/.local/lib/python3.12/site-packages/airflow/example_dags/example_branch_operator_decorator.py
[2026-08-24T14:37:52.527+0000] {processor.py:830} INFO - Processing file /home/airflow/.local/lib/python3.12/site-packages/airflow/example_dags/example_branch_operator_decorator.py for tasks to queue
[2026-08-24T14:37:52.530+0000] {logging_mixin.py:188} INFO - [2026-08-24T14:37:52.529+0000] {dagbag.py:545} INFO - Filling up the DagBag from /home/airflow/.local/lib/python3.12/site-packages/airflow/example_dags/example_branch_operator_decorator.py
[2026-08-24T14:37:52.566+0000] {processor.py:840} INFO - DAG(s) 'example_branch_python_operator_decorator' retrieved from /home/airflow/.local/lib/python3.12/site-packages/airflow/example_dags/example_branch_operator_decorator.py
[2026-08-24T14:37:52.612+0000] {logging_mixin.py:188} INFO - [2026-08-24T14:37:52.611+0000] {dag.py:3096} INFO - Sync 1 DAGs
[2026-08-24T14:37:52.651+0000] {logging_mixin.py:188} INFO - [2026-08-24T14:37:52.650+0000] {dag.py:3954} INFO - Setting next_dagrun for example_branch_python_operator_decorator to 2026-08-23 00:00:00+00:00, run_after=2026-08-24 00:00:00+00:00
[2026-08-24T14:37:52.685+0000] {processor.py:183} INFO - Processing /home/airflow/.local/lib/python3.12/site-packages/airflow/example_dags/example_branch_operator_decorator.py took 0.168 seconds
[2026-08-24T14:38:23.026+0000] {processor.py:161} INFO - Started process (PID=456) to work on /home/airflow/.local/lib/python3.12/site-packages/airflow/example_dags/example_branch_operator_decorator.py
[2026-08-24T14:38:23.027+0000] {processor.py:830} INFO - Processing file /home/airflow/.local/lib/python3.12/site-packages/airflow/example_dags/example_branch_operator_decorator.py for tasks to queue
[2026-08-24T14:38:23.030+0000] {logging_mixin.py:188} INFO - [2026-08-24T14:38:23.029+0000] {dagbag.py:545} INFO - Filling up the DagBag from /home/airflow/.local/lib/python3.12/site-packages/airflow/example_dags/example_branch_operator_decorator.py
[2026-08-24T14:38:23.061+0000] {processor.py:840} INFO - DAG(s) 'example_branch_python_operator_decorator' retrieved from /home/airflow/.local/lib/python3.12/site-packages/airflow/example_dags/example_branch_operator_decorator.py
[2026-08-24T14:38:23.098+0000] {logging_mixin.py:188} INFO - [2026-08-24T14:38:23.097+0000] {dag.py:3096} INFO - Sync 1 DAGs
[2026-08-24T14:38:23.134+0000] {logging_mixin.py:188} INFO - [2026-08-24T14:38:23.134+0000] {dag.py:3954} INFO - Setting next_dagrun for example_branch_python_operator_decorator to 2026-08-23 00:00:00+00:00, run_after=2026-08-24 00:00:00+00:00
[2026-08-24T14:38:23.166+0000] {processor.py:183} INFO - Processing /home/airflow/.local/lib/python3.12/site-packages/airflow/example_dags/example_branch_operator_decorator.py took 0.150 seconds
[2026-08-24T14:38:53.372+0000] {processor.py:161} INFO - Started process (PID=516) to work on /home/airflow/.local/lib/python3.12/site-packages/airflow/example_dags/example_branch_operator_decorator.py
[2026-08-24T14:38:53.374+0000] {processor.py:830} INFO - Processing file /home/airflow/.local/lib/python3.12/site-packages/airflow/example_dags/example_branch_operator_decorator.py for tasks to queue
[2026-08-24T14:38:53.376+0000] {logging_mixin.py:188} INFO - [2026-08-24T14:38:53.376+0000] {dagbag.py:545} INFO - Filling up the DagBag from /home/airflow/.local/lib/python3.12/site-packages/airflow/example_dags/example_branch_operator_decorator.py
[2026-08-24T14:38:53.402+0000] {processor.py:840} INFO - DAG(s) 'example_branch_python_operator_decorator' retrieved from /home/airflow/.local/lib/python3.12/site-packages/airflow/example_dags/example_branch_operator_decorator.py
[2026-08-24T14:38:53.440+0000] {logging_mixin.py:188} INFO - [2026-08-24T14:38:53.440+0000] {dag.py:3096} INFO - Sync 1 DAGs
[2026-08-24T14:38:53.472+0000] {logging_mixin.py:188} INFO - [2026-08-24T14:38:53.471+0000] {dag.py:3954} INFO - Setting next_dagrun for example_branch_python_operator_decorator to 2026-08-23 00:00:00+00:00, run_after=2026-08-24 00:00:00+00:00
[2026-08-24T14:38:53.504+0000] {processor.py:183} INFO - Processing /home/airflow/.local/lib/python3.12/site-packages/airflow/example_dags/example_branch_operator_decorator.py took 0.140 seconds
[2026-08-24T14:41:13.537+0000] {processor.py:161} INFO - Started process (PID=94) to work on /home/airflow/.local/lib/python3.12/site-packages/airflow/example_dags/example_branch_operator_decorator.py
[2026-08-24T14:41:13.538+0000] {processor.py:830} INFO - Processing file /home/airflow/.local/lib/python3.12/site-packages/airflow/example_dags/example_branch_operator_decorator.py for tasks to queue
[2026-08-24T14:41:13.542+0000] {logging_mixin.py:188} INFO - [2026-08-24T14:41:13.541+0000] {dagbag.py:545} INFO - Filling up the DagBag from /home/airflow/.local/lib/python3.12/site-packages/airflow/example_dags/example_branch_operator_decorator.py
[2026-08-24T14:41:13.696+0000] {processor.py:840} INFO - DAG(s) 'example_branch_python_operator_decorator' retrieved from /home/airflow/.local/lib/python3.12/site-packages/airflow/example_dags/example_branch_operator_decorator.py
[2026-08-24T14:41:13.748+0000] {logging_mixin.py:188} INFO - [2026-08-24T14:41:13.748+0000] {dag.py:3096} INFO - Sync 1 DAGs
[2026-08-24T14:41:13.814+0000] {logging_mixin.py:188} INFO - [2026-08-24T14:41:13.813+0000] {dag.py:3954} INFO - Setting next_dagrun for example_branch_python_operator_decorator to 2026-08-23 00:00:00+00:00, run_after=2026-08-24 00:00:00+00:00
[2026-08-24T14:41:13.854+0000] {processor.py:183} INFO - Processing /home/airflow/.local/lib/python3.12/site-packages/airflow/example_dags/example_branch_operator_decorator.py took 0.326 seconds
[2026-08-24T14:41:44.057+0000] {processor.py:161} INFO - Started process (PID=153) to work on /home/airflow/.local/lib/python3.12/site-packages/airflow/example_dags/example_branch_operator_decorator.py
[2026-08-24T14:41:44.058+0000] {processor.py:830} INFO - Processing file /home/airflow/.local/lib/python3.12/site-packages/airflow/example_dags/example_branch_operator_decorator.py for tasks to queue
[2026-08-24T14:41:44.061+0000] {logging_mixin.py:188} INFO - [2026-08-24T14:41:44.060+0000] {dagbag.py:545} INFO - Filling up the DagBag from /home/airflow/.local/lib/python3.12/site-packages/airflow/example_dags/example_branch_operator_decorator.py
[2026-08-24T14:41:44.090+0000] {processor.py:840} INFO - DAG(s) 'example_branch_python_operator_decorator' retrieved from /home/airflow/.local/lib/python3.12/site-packages/airflow/example_dags/example_branch_operator_decorator.py
[2026-08-24T14:41:44.242+0000] {logging_mixin.py:188} INFO - [2026-08-24T14:41:44.242+0000] {dag.py:3096} INFO - Sync 1 DAGs
[2026-08-24T14:41:44.274+0000] {logging_mixin.py:188} INFO - [2026-08-24T14:41:44.274+0000] {dag.py:3954} INFO - Setting next_dagrun for example_branch_python_operator_decorator to 2026-08-23 00:00:00+00:00, run_after=2026-08-24 00:00:00+00:00
[2026-08-24T14:41:44.305+0000] {processor.py:183} INFO - Processing /home/airflow/.local/lib/python3.12/site-packages/airflow/example_dags/example_branch_operator_decorator.py took 0.259 seconds
[2026-08-24T14:42:14.584+0000] {processor.py:161} INFO - Started process (PID=213) to work on /home/airflow/.local/lib/python3.12/site-packages/airflow/example_dags/example_branch_operator_decorator.py
[2026-08-24T14:42:14.586+0000] {processor.py:830} INFO - Processing file /home/airflow/.local/lib/python3.12/site-packages/airflow/example_dags/example_branch_operator_decorator.py for tasks to queue
[2026-08-24T14:42:14.590+0000] {logging_mixin.py:188} INFO - [2026-08-24T14:42:14.590+0000] {dagbag.py:545} INFO - Filling up the DagBag from /home/airflow/.local/lib/python3.12/site-packages/airflow/example_dags/example_branch_operator_decorator.py
[2026-08-24T14:42:14.675+0000] {processor.py:840} INFO - DAG(s) 'example_branch_python_operator_decorator' retrieved from /home/airflow/.local/lib/python3.12/site-packages/airflow/example_dags/example_branch_operator_decorator.py
[2026-08-24T14:42:14.764+0000] {logging_mixin.py:188} INFO - [2026-08-24T14:42:14.763+0000] {dag.py:3096} INFO - Sync 1 DAGs
[2026-08-24T14:42:14.818+0000] {logging_mixin.py:188} INFO - [2026-08-24T14:42:14.818+0000] {dag.py:3954} INFO - Setting next_dagrun for example_branch_python_operator_decorator to 2026-08-23 00:00:00+00:00, run_after=2026-08-24 00:00:00+00:00
[2026-08-24T14:42:14.863+0000] {processor.py:183} INFO - Processing /home/airflow/.local/lib/python3.12/site-packages/airflow/example_dags/example_branch_operator_decorator.py took 0.294 seconds
[2026-08-24T14:42:45.078+0000] {processor.py:161} INFO - Started process (PID=273) to work on /home/airflow/.local/lib/python3.12/site-packages/airflow/example_dags/example_branch_operator_decorator.py
[2026-08-24T14:42:45.079+0000] {processor.py:830} INFO - Processing file /home/airflow/.local/lib/python3.12/site-packages/airflow/example_dags/example_branch_operator_decorator.py for tasks to queue
[2026-08-24T14:42:45.082+0000] {logging_mixin.py:188} INFO - [2026-08-24T14:42:45.082+0000] {dagbag.py:545} INFO - Filling up the DagBag from /home/airflow/.local/lib/python3.12/site-packages/airflow/example_dags/example_branch_operator_decorator.py
[2026-08-24T14:42:45.113+0000] {processor.py:840} INFO - DAG(s) 'example_branch_python_operator_decorator' retrieved from /home/airflow/.local/lib/python3.12/site-packages/airflow/example_dags/example_branch_operator_decorator.py
[2026-08-24T14:42:45.160+0000] {logging_mixin.py:188} INFO - [2026-08-24T14:42:45.160+0000] {dag.py:3096} INFO - Sync 1 DAGs
[2026-08-24T14:42:45.198+0000] {logging_mixin.py:188} INFO - [2026-08-24T14:42:45.197+0000] {dag.py:3954} INFO - Setting next_dagrun for example_branch_python_operator_decorator to 2026-08-23 00:00:00+00:00, run_after=2026-08-24 00:00:00+00:00
[2026-08-24T14:42:45.226+0000] {processor.py:183} INFO - Processing /home/airflow/.local/lib/python3.12/site-packages/airflow/example_dags/example_branch_operator_decorator.py took 0.159 seconds
[2026-08-24T14:43:15.501+0000] {processor.py:161} INFO - Started process (PID=333) to work on /home/airflow/.local/lib/python3.12/site-packages/airflow/example_dags/example_branch_operator_decorator.py
[2026-08-24T14:43:15.502+0000] {processor.py:830} INFO - Processing file /home/airflow/.local/lib/python3.12/site-packages/airflow/example_dags/example_branch_operator_decorator.py for tasks to queue
[2026-08-24T14:43:15.505+0000] {logging_mixin.py:188} INFO - [2026-08-24T14:43:15.504+0000] {dagbag.py:545} INFO - Filling up the DagBag from /home/airflow/.local/lib/python3.12/site-packages/airflow/example_dags/example_branch_operator_decorator.py
[2026-08-24T14:43:15.531+0000] {processor.py:840} INFO - DAG(s) 'example_branch_python_operator_decorator' retrieved from /home/airflow/.local/lib/python3.12/site-packages/airflow/example_dags/example_branch_operator_decorator.py
[2026-08-24T14:43:15.572+0000] {logging_mixin.py:188} INFO - [2026-08-24T14:43:15.572+0000] {dag.py:3096} INFO - Sync 1 DAGs
[2026-08-24T14:43:15.603+0000] {logging_mixin.py:188} INFO - [2026-08-24T14:43:15.603+0000] {dag.py:3954} INFO - Setting next_dagrun for example_branch_python_operator_decorator to 2026-08-23 00:00:00+00:00, run_after=2026-08-24 00:00:00+00:00
[2026-08-24T14:43:15.630+0000] {processor.py:183} INFO - Processing /home/airflow/.local/lib/python3.12/site-packages/airflow/example_dags/example_branch_operator_decorator.py took 0.137 seconds
[2026-08-24T14:43:46.040+0000] {processor.py:161} INFO - Started process (PID=393) to work on /home/airflow/.local/lib/python3.12/site-packages/airflow/example_dags/example_branch_operator_decorator.py
[2026-08-24T14:43:46.041+0000] {processor.py:830} INFO - Processing file /home/airflow/.local/lib/python3.12/site-packages/airflow/example_dags/example_branch_operator_decorator.py for tasks to queue
[2026-08-24T14:43:46.044+0000] {logging_mixin.py:188} INFO - [2026-08-24T14:43:46.044+0000] {dagbag.py:545} INFO - Filling up the DagBag from /home/airflow/.local/lib/python3.12/site-packages/airflow/example_dags/example_branch_operator_decorator.py
[2026-08-24T14:43:46.082+0000] {processor.py:840} INFO - DAG(s) 'example_branch_python_operator_decorator' retrieved from /home/airflow/.local/lib/python3.12/site-packages/airflow/example_dags/example_branch_operator_decorator.py
[2026-08-24T14:43:46.123+0000] {logging_mixin.py:188} INFO - [2026-08-24T14:43:46.122+0000] {dag.py:3096} INFO - Sync 1 DAGs
[2026-08-24T14:43:46.157+0000] {logging_mixin.py:188} INFO - [2026-08-24T14:43:46.157+0000] {dag.py:3954} INFO - Setting next_dagrun for example_branch_python_operator_decorator to 2026-08-23 00:00:00+00:00, run_after=2026-08-24 00:00:00+00:00
[2026-08-24T14:43:46.185+0000] {processor.py:183} INFO - Processing /home/airflow/.local/lib/python3.12/site-packages/airflow/example_dags/example_branch_operator_decorator.py took 0.153 seconds
[2026-08-24T14:44:16.491+0000] {processor.py:161} INFO - Started process (PID=453) to work on /home/airflow/.local/lib/python3.12/site-packages/airflow/example_dags/example_branch_operator_decorator.py
[2026-08-24T14:44:16.492+0000] {processor.py:830} INFO - Processing file /home/airflow/.local/lib/python3.12/site-packages/airflow/example_dags/example_branch_operator_decorator.py for tasks to queue
[2026-08-24T14:44:16.494+0000] {logging_mixin.py:188} INFO - [2026-08-24T14:44:16.494+0000] {dagbag.py:545} INFO - Filling up the DagBag from /home/airflow/.local/lib/python3.12/site-packages/airflow/example_dags/example_branch_operator_decorator.py
[2026-08-24T14:44:16.533+0000] {processor.py:840} INFO - DAG(s) 'example_branch_python_operator_decorator' retrieved from /home/airflow/.local/lib/python3.12/site-packages/airflow/example_dags/example_branch_operator_decorator.py
[2026-08-24T14:44:16.582+0000] {logging_mixin.py:188} INFO - [2026-08-24T14:44:16.582+0000] {dag.py:3096} INFO - Sync 1 DAGs
[2026-08-24T14:44:16.623+0000] {logging_mixin.py:188} INFO - [2026-08-24T14:44:16.622+0000] {dag.py:3954} INFO - Setting next_dagrun for example_branch_python_operator_decorator to 2026-08-23 00:00:00+00:00, run_after=2026-08-24 00:00:00+00:00
[2026-08-24T14:44:16.654+0000] {processor.py:183} INFO - Processing /home/airflow/.local/lib/python3.12/site-packages/airflow/example_dags/example_branch_operator_decorator.py took 0.171 seconds
[2026-08-24T14:44:46.963+0000] {processor.py:161} INFO - Started process (PID=519) to work on /home/airflow/.local/lib/python3.12/site-packages/airflow/example_dags/example_branch_operator_decorator.py
[2026-08-24T14:44:46.964+0000] {processor.py:830} INFO - Processing file /home/airflow/.local/lib/python3.12/site-packages/airflow/example_dags/example_branch_operator_decorator.py for tasks to queue
[2026-08-24T14:44:46.966+0000] {logging_mixin.py:188} INFO - [2026-08-24T14:44:46.966+0000] {dagbag.py:545} INFO - Filling up the DagBag from /home/airflow/.local/lib/python3.12/site-packages/airflow/example_dags/example_branch_operator_decorator.py
[2026-08-24T14:44:46.994+0000] {processor.py:840} INFO - DAG(s) 'example_branch_python_operator_decorator' retrieved from /home/airflow/.local/lib/python3.12/site-packages/airflow/example_dags/example_branch_operator_decorator.py
[2026-08-24T14:44:47.030+0000] {logging_mixin.py:188} INFO - [2026-08-24T14:44:47.030+0000] {dag.py:3096} INFO - Sync 1 DAGs
[2026-08-24T14:44:47.059+0000] {logging_mixin.py:188} INFO - [2026-08-24T14:44:47.059+0000] {dag.py:3954} INFO - Setting next_dagrun for example_branch_python_operator_decorator to 2026-08-23 00:00:00+00:00, run_after=2026-08-24 00:00:00+00:00
[2026-08-24T14:44:47.090+0000] {processor.py:183} INFO - Processing /home/airflow/.local/lib/python3.12/site-packages/airflow/example_dags/example_branch_operator_decorator.py took 0.135 seconds
[2026-08-24T14:49:14.840+0000] {processor.py:161} INFO - Started process (PID=95) to work on /home/airflow/.local/lib/python3.12/site-packages/airflow/example_dags/example_branch_operator_decorator.py
[2026-08-24T14:49:14.842+0000] {processor.py:830} INFO - Processing file /home/airflow/.local/lib/python3.12/site-packages/airflow/example_dags/example_branch_operator_decorator.py for tasks to queue
[2026-08-24T14:49:14.846+0000] {logging_mixin.py:188} INFO - [2026-08-24T14:49:14.845+0000] {dagbag.py:545} INFO - Filling up the DagBag from /home/airflow/.local/lib/python3.12/site-packages/airflow/example_dags/example_branch_operator_decorator.py
[2026-08-24T14:49:14.962+0000] {processor.py:840} INFO - DAG(s) 'example_branch_python_operator_decorator' retrieved from /home/airflow/.local/lib/python3.12/site-packages/airflow/example_dags/example_branch_operator_decorator.py
[2026-08-24T14:49:15.368+0000] {logging_mixin.py:188} INFO - [2026-08-24T14:49:15.368+0000] {dag.py:3096} INFO - Sync 1 DAGs
[2026-08-24T14:49:15.400+0000] {logging_mixin.py:188} INFO - [2026-08-24T14:49:15.399+0000] {dag.py:3954} INFO - Setting next_dagrun for example_branch_python_operator_decorator to 2026-08-23 00:00:00+00:00, run_after=2026-08-24 00:00:00+00:00
[2026-08-24T14:49:15.460+0000] {processor.py:183} INFO - Processing /home/airflow/.local/lib/python3.12/site-packages/airflow/example_dags/example_branch_operator_decorator.py took 0.630 seconds
[2026-08-24T14:50:13.426+0000] {processor.py:161} INFO - Started process (PID=73) to work on /home/airflow/.local/lib/python3.12/site-packages/airflow/example_dags/example_branch_operator_decorator.py
[2026-08-24T14:50:13.428+0000] {processor.py:830} INFO - Processing file /home/airflow/.local/lib/python3.12/site-packages/airflow/example_dags/example_branch_operator_decorator.py for tasks to queue
[2026-08-24T14:50:13.434+0000] {logging_mixin.py:188} INFO - [2026-08-24T14:50:13.433+0000] {dagbag.py:545} INFO - Filling up the DagBag from /home/airflow/.local/lib/python3.12/site-packages/airflow/example_dags/example_branch_operator_decorator.py
[2026-08-24T14:50:13.507+0000] {processor.py:840} INFO - DAG(s) 'example_branch_python_operator_decorator' retrieved from /home/airflow/.local/lib/python3.12/site-packages/airflow/example_dags/example_branch_operator_decorator.py
[2026-08-24T14:50:13.721+0000] {logging_mixin.py:188} INFO - [2026-08-24T14:50:13.720+0000] {dag.py:3096} INFO - Sync 1 DAGs
[2026-08-24T14:50:13.754+0000] {logging_mixin.py:188} INFO - [2026-08-24T14:50:13.753+0000] {dag.py:3954} INFO - Setting next_dagrun for example_branch_python_operator_decorator to 2026-08-23 00:00:00+00:00, run_after=2026-08-24 00:00:00+00:00
[2026-08-24T14:50:13.786+0000] {processor.py:183} INFO - Processing /home/airflow/.local/lib/python3.12/site-packages/airflow/example_dags/example_branch_operator_decorator.py took 0.370 seconds
[2026-08-24T14:50:43.997+0000] {processor.py:161} INFO - Started process (PID=132) to work on /home/airflow/.local/lib/python3.12/site-packages/airflow/example_dags/example_branch_operator_decorator.py
[2026-08-24T14:50:43.998+0000] {processor.py:830} INFO - Processing file /home/airflow/.local/lib/python3.12/site-packages/airflow/example_dags/example_branch_operator_decorator.py for tasks to queue
[2026-08-24T14:50:44.001+0000] {logging_mixin.py:188} INFO - [2026-08-24T14:50:44.000+0000] {dagbag.py:545} INFO - Filling up the DagBag from /home/airflow/.local/lib/python3.12/site-packages/airflow/example_dags/example_branch_operator_decorator.py
[2026-08-24T14:50:44.027+0000] {processor.py:840} INFO - DAG(s) 'example_branch_python_operator_decorator' retrieved from /home/airflow/.local/lib/python3.12/site-packages/airflow/example_dags/example_branch_operator_decorator.py
[2026-08-24T14:50:44.064+0000] {logging_mixin.py:188} INFO - [2026-08-24T14:50:44.064+0000] {dag.py:3096} INFO - Sync 1 DAGs
[2026-08-24T14:50:44.129+0000] {logging_mixin.py:188} INFO - [2026-08-24T14:50:44.129+0000] {dag.py:3954} INFO - Setting next_dagrun for example_branch_python_operator_decorator to 2026-08-23 00:00:00+00:00, run_after=2026-08-24 00:00:00+00:00
[2026-08-24T14:50:44.186+0000] {processor.py:183} INFO - Processing /home/airflow/.local/lib/python3.12/site-packages/airflow/example_dags/example_branch_operator_decorator.py took 0.197 seconds
[2026-08-24T14:51:14.365+0000] {processor.py:161} INFO - Started process (PID=192) to work on /home/airflow/.local/lib/python3.12/site-packages/airflow/example_dags/example_branch_operator_decorator.py
[2026-08-24T14:51:14.366+0000] {processor.py:830} INFO - Processing file /home/airflow/.local/lib/python3.12/site-packages/airflow/example_dags/example_branch_operator_decorator.py for tasks to queue
[2026-08-24T14:51:14.369+0000] {logging_mixin.py:188} INFO - [2026-08-24T14:51:14.368+0000] {dagbag.py:545} INFO - Filling up the DagBag from /home/airflow/.local/lib/python3.12/site-packages/airflow/example_dags/example_branch_operator_decorator.py
[2026-08-24T14:51:14.400+0000] {processor.py:840} INFO - DAG(s) 'example_branch_python_operator_decorator' retrieved from /home/airflow/.local/lib/python3.12/site-packages/airflow/example_dags/example_branch_operator_decorator.py
[2026-08-24T14:51:14.435+0000] {logging_mixin.py:188} INFO - [2026-08-24T14:51:14.434+0000] {dag.py:3096} INFO - Sync 1 DAGs
[2026-08-24T14:51:14.463+0000] {logging_mixin.py:188} INFO - [2026-08-24T14:51:14.463+0000] {dag.py:3954} INFO - Setting next_dagrun for example_branch_python_operator_decorator to 2026-08-23 00:00:00+00:00, run_after=2026-08-24 00:00:00+00:00
[2026-08-24T14:51:14.487+0000] {processor.py:183} INFO - Processing /home/airflow/.local/lib/python3.12/site-packages/airflow/example_dags/example_branch_operator_decorator.py took 0.130 seconds
[2026-08-24T14:51:44.737+0000] {processor.py:161} INFO - Started process (PID=252) to work on /home/airflow/.local/lib/python3.12/site-packages/airflow/example_dags/example_branch_operator_decorator.py
[2026-08-24T14:51:44.739+0000] {processor.py:830} INFO - Processing file /home/airflow/.local/lib/python3.12/site-packages/airflow/example_dags/example_branch_operator_decorator.py for tasks to queue
[2026-08-24T14:51:44.741+0000] {logging_mixin.py:188} INFO - [2026-08-24T14:51:44.740+0000] {dagbag.py:545} INFO - Filling up the DagBag from /home/airflow/.local/lib/python3.12/site-packages/airflow/example_dags/example_branch_operator_decorator.py
[2026-08-24T14:51:44.768+0000] {processor.py:840} INFO - DAG(s) 'example_branch_python_operator_decorator' retrieved from /home/airflow/.local/lib/python3.12/site-packages/airflow/example_dags/example_branch_operator_decorator.py
[2026-08-24T14:51:44.806+0000] {logging_mixin.py:188} INFO - [2026-08-24T14:51:44.806+0000] {dag.py:3096} INFO - Sync 1 DAGs
[2026-08-24T14:51:44.847+0000] {logging_mixin.py:188} INFO - [2026-08-24T14:51:44.847+0000] {dag.py:3954} INFO - Setting next_dagrun for example_branch_python_operator_decorator to 2026-08-23 00:00:00+00:00, run_after=2026-08-24 00:00:00+00:00
[2026-08-24T14:51:44.875+0000] {processor.py:183} INFO - Processing /home/airflow/.local/lib/python3.12/site-packages/airflow/example_dags/example_branch_operator_decorator.py took 0.145 seconds
[2026-08-24T14:52:14.946+0000] {processor.py:161} INFO - Started process (PID=318) to work on /home/airflow/.local/lib/python3.12/site-packages/airflow/example_dags/example_branch_operator_decorator.py
[2026-08-24T14:52:14.948+0000] {processor.py:830} INFO - Processing file /home/airflow/.local/lib/python3.12/site-packages/airflow/example_dags/example_branch_operator_decorator.py for tasks to queue
[2026-08-24T14:52:14.950+0000] {logging_mixin.py:188} INFO - [2026-08-24T14:52:14.950+0000] {dagbag.py:545} INFO - Filling up the DagBag from /home/airflow/.local/lib/python3.12/site-packages/airflow/example_dags/example_branch_operator_decorator.py
[2026-08-24T14:52:14.986+0000] {processor.py:840} INFO - DAG(s) 'example_branch_python_operator_decorator' retrieved from /home/airflow/.local/lib/python3.12/site-packages/airflow/example_dags/example_branch_operator_decorator.py
[2026-08-24T14:52:15.025+0000] {logging_mixin.py:188} INFO - [2026-08-24T14:52:15.025+0000] {dag.py:3096} INFO - Sync 1 DAGs
[2026-08-24T14:52:15.057+0000] {logging_mixin.py:188} INFO - [2026-08-24T14:52:15.057+0000] {dag.py:3954} INFO - Setting next_dagrun for example_branch_python_operator_decorator to 2026-08-23 00:00:00+00:00, run_after=2026-08-24 00:00:00+00:00
[2026-08-24T14:52:15.132+0000] {processor.py:183} INFO - Processing /home/airflow/.local/lib/python3.12/site-packages/airflow/example_dags/example_branch_operator_decorator.py took 0.193 seconds
[2026-08-24T14:52:45.725+0000] {processor.py:161} INFO - Started process (PID=378) to work on /home/airflow/.local/lib/python3.12/site-packages/airflow/example_dags/example_branch_operator_decorator.py
[2026-08-24T14:52:45.727+0000] {processor.py:830} INFO - Processing file /home/airflow/.local/lib/python3.12/site-packages/airflow/example_dags/example_branch_operator_decorator.py for tasks to queue
[2026-08-24T14:52:45.729+0000] {logging_mixin.py:188} INFO - [2026-08-24T14:52:45.729+0000] {dagbag.py:545} INFO - Filling up the DagBag from /home/airflow/.local/lib/python3.12/site-packages/airflow/example_dags/example_branch_operator_decorator.py
[2026-08-24T14:52:45.754+0000] {processor.py:840} INFO - DAG(s) 'example_branch_python_operator_decorator' retrieved from /home/airflow/.local/lib/python3.12/site-packages/airflow/example_dags/example_branch_operator_decorator.py
[2026-08-24T14:52:45.793+0000] {logging_mixin.py:188} INFO - [2026-08-24T14:52:45.793+0000] {dag.py:3096} INFO - Sync 1 DAGs
[2026-08-24T14:52:45.828+0000] {logging_mixin.py:188} INFO - [2026-08-24T14:52:45.828+0000] {dag.py:3954} INFO - Setting next_dagrun for example_branch_python_operator_decorator to 2026-08-23 00:00:00+00:00, run_after=2026-08-24 00:00:00+00:00
[2026-08-24T14:52:45.853+0000] {processor.py:183} INFO - Processing /home/airflow/.local/lib/python3.12/site-packages/airflow/example_dags/example_branch_operator_decorator.py took 0.134 seconds
[2026-08-24T14:53:16.269+0000] {processor.py:161} INFO - Started process (PID=438) to work on /home/airflow/.local/lib/python3.12/site-packages/airflow/example_dags/example_branch_operator_decorator.py
[2026-08-24T14:53:16.270+0000] {processor.py:830} INFO - Processing file /home/airflow/.local/lib/python3.12/site-packages/airflow/example_dags/example_branch_operator_decorator.py for tasks to queue
[2026-08-24T14:53:16.273+0000] {logging_mixin.py:188} INFO - [2026-08-24T14:53:16.272+0000] {dagbag.py:545} INFO - Filling up the DagBag from /home/airflow/.local/lib/python3.12/site-packages/airflow/example_dags/example_branch_operator_decorator.py
[2026-08-24T14:53:16.300+0000] {processor.py:840} INFO - DAG(s) 'example_branch_python_operator_decorator' retrieved from /home/airflow/.local/lib/python3.12/site-packages/airflow/example_dags/example_branch_operator_decorator.py
[2026-08-24T14:53:16.342+0000] {logging_mixin.py:188} INFO - [2026-08-24T14:53:16.342+0000] {dag.py:3096} INFO - Sync 1 DAGs
[2026-08-24T14:53:16.378+0000] {logging_mixin.py:188} INFO - [2026-08-24T14:53:16.377+0000] {dag.py:3954} INFO - Setting next_dagrun for example_branch_python_operator_decorator to 2026-08-23 00:00:00+00:00, run_after=2026-08-24 00:00:00+00:00
[2026-08-24T14:53:16.408+0000] {processor.py:183} INFO - Processing /home/airflow/.local/lib/python3.12/site-packages/airflow/example_dags/example_branch_operator_decorator.py took 0.146 seconds
[2026-08-24T14:53:46.554+0000] {processor.py:161} INFO - Started process (PID=499) to work on /home/airflow/.local/lib/python3.12/site-packages/airflow/example_dags/example_branch_operator_decorator.py
[2026-08-24T14:53:46.556+0000] {processor.py:830} INFO - Processing file /home/airflow/.local/lib/python3.12/site-packages/airflow/example_dags/example_branch_operator_decorator.py for tasks to queue
[2026-08-24T14:53:46.558+0000] {logging_mixin.py:188} INFO - [2026-08-24T14:53:46.558+0000] {dagbag.py:545} INFO - Filling up the DagBag from /home/airflow/.local/lib/python3.12/site-packages/airflow/example_dags/example_branch_operator_decorator.py
[2026-08-24T14:53:46.588+0000] {processor.py:840} INFO - DAG(s) 'example_branch_python_operator_decorator' retrieved from /home/airflow/.local/lib/python3.12/site-packages/airflow/example_dags/example_branch_operator_decorator.py
[2026-08-24T14:53:46.628+0000] {logging_mixin.py:188} INFO - [2026-08-24T14:53:46.628+0000] {dag.py:3096} INFO - Sync 1 DAGs
[2026-08-24T14:53:46.661+0000] {logging_mixin.py:188} INFO - [2026-08-24T14:53:46.661+0000] {dag.py:3954} INFO - Setting next_dagrun for example_branch_python_operator_decorator to 2026-08-23 00:00:00+00:00, run_after=2026-08-24 00:00:00+00:00
[2026-08-24T14:53:46.689+0000] {processor.py:183} INFO - Processing /home/airflow/.local/lib/python3.12/site-packages/airflow/example_dags/example_branch_operator_decorator.py took 0.142 seconds
[2026-08-24T14:54:16.987+0000] {processor.py:161} INFO - Started process (PID=558) to work on /home/airflow/.local/lib/python3.12/site-packages/airflow/example_dags/example_branch_operator_decorator.py
[2026-08-24T14:54:16.989+0000] {processor.py:830} INFO - Processing file /home/airflow/.local/lib/python3.12/site-packages/airflow/example_dags/example_branch_operator_decorator.py for tasks to queue
[2026-08-24T14:54:16.991+0000] {logging_mixin.py:188} INFO - [2026-08-24T14:54:16.991+0000] {dagbag.py:545} INFO - Filling up the DagBag from /home/airflow/.local/lib/python3.12/site-packages/airflow/example_dags/example_branch_operator_decorator.py
[2026-08-24T14:54:17.020+0000] {processor.py:840} INFO - DAG(s) 'example_branch_python_operator_decorator' retrieved from /home/airflow/.local/lib/python3.12/site-packages/airflow/example_dags/example_branch_operator_decorator.py
[2026-08-24T14:54:17.059+0000] {logging_mixin.py:188} INFO - [2026-08-24T14:54:17.059+0000] {dag.py:3096} INFO - Sync 1 DAGs
[2026-08-24T14:54:17.090+0000] {logging_mixin.py:188} INFO - [2026-08-24T14:54:17.090+0000] {dag.py:3954} INFO - Setting next_dagrun for example_branch_python_operator_decorator to 2026-08-23 00:00:00+00:00, run_after=2026-08-24 00:00:00+00:00
[2026-08-24T14:54:17.124+0000] {processor.py:183} INFO - Processing /home/airflow/.local/lib/python3.12/site-packages/airflow/example_dags/example_branch_operator_decorator.py took 0.144 seconds
[2026-08-24T14:54:47.325+0000] {processor.py:161} INFO - Started process (PID=618) to work on /home/airflow/.local/lib/python3.12/site-packages/airflow/example_dags/example_branch_operator_decorator.py
[2026-08-24T14:54:47.326+0000] {processor.py:830} INFO - Processing file /home/airflow/.local/lib/python3.12/site-packages/airflow/example_dags/example_branch_operator_decorator.py for tasks to queue
[2026-08-24T14:54:47.329+0000] {logging_mixin.py:188} INFO - [2026-08-24T14:54:47.328+0000] {dagbag.py:545} INFO - Filling up the DagBag from /home/airflow/.local/lib/python3.12/site-packages/airflow/example_dags/example_branch_operator_decorator.py
[2026-08-24T14:54:47.357+0000] {processor.py:840} INFO - DAG(s) 'example_branch_python_operator_decorator' retrieved from /home/airflow/.local/lib/python3.12/site-packages/airflow/example_dags/example_branch_operator_decorator.py
[2026-08-24T14:54:47.398+0000] {logging_mixin.py:188} INFO - [2026-08-24T14:54:47.397+0000] {dag.py:3096} INFO - Sync 1 DAGs
[2026-08-24T14:54:47.434+0000] {logging_mixin.py:188} INFO - [2026-08-24T14:54:47.433+0000] {dag.py:3954} INFO - Setting next_dagrun for example_branch_python_operator_decorator to 2026-08-23 00:00:00+00:00, run_after=2026-08-24 00:00:00+00:00
[2026-08-24T14:54:47.459+0000] {processor.py:183} INFO - Processing /home/airflow/.local/lib/python3.12/site-packages/airflow/example_dags/example_branch_operator_decorator.py took 0.141 seconds
[2026-08-24T14:55:17.931+0000] {processor.py:161} INFO - Started process (PID=678) to work on /home/airflow/.local/lib/python3.12/site-packages/airflow/example_dags/example_branch_operator_decorator.py
[2026-08-24T14:55:17.933+0000] {processor.py:830} INFO - Processing file /home/airflow/.local/lib/python3.12/site-packages/airflow/example_dags/example_branch_operator_decorator.py for tasks to queue
[2026-08-24T14:55:17.937+0000] {logging_mixin.py:188} INFO - [2026-08-24T14:55:17.937+0000] {dagbag.py:545} INFO - Filling up the DagBag from /home/airflow/.local/lib/python3.12/site-packages/airflow/example_dags/example_branch_operator_decorator.py
[2026-08-24T14:55:17.971+0000] {processor.py:840} INFO - DAG(s) 'example_branch_python_operator_decorator' retrieved from /home/airflow/.local/lib/python3.12/site-packages/airflow/example_dags/example_branch_operator_decorator.py
[2026-08-24T14:55:18.010+0000] {logging_mixin.py:188} INFO - [2026-08-24T14:55:18.009+0000] {dag.py:3096} INFO - Sync 1 DAGs
[2026-08-24T14:55:18.044+0000] {logging_mixin.py:188} INFO - [2026-08-24T14:55:18.044+0000] {dag.py:3954} INFO - Setting next_dagrun for example_branch_python_operator_decorator to 2026-08-23 00:00:00+00:00, run_after=2026-08-24 00:00:00+00:00
[2026-08-24T14:55:18.070+0000] {processor.py:183} INFO - Processing /home/airflow/.local/lib/python3.12/site-packages/airflow/example_dags/example_branch_operator_decorator.py took 0.149 seconds
[2026-08-24T14:55:48.432+0000] {processor.py:161} INFO - Started process (PID=738) to work on /home/airflow/.local/lib/python3.12/site-packages/airflow/example_dags/example_branch_operator_decorator.py
[2026-08-24T14:55:48.434+0000] {processor.py:830} INFO - Processing file /home/airflow/.local/lib/python3.12/site-packages/airflow/example_dags/example_branch_operator_decorator.py for tasks to queue
[2026-08-24T14:55:48.436+0000] {logging_mixin.py:188} INFO - [2026-08-24T14:55:48.436+0000] {dagbag.py:545} INFO - Filling up the DagBag from /home/airflow/.local/lib/python3.12/site-packages/airflow/example_dags/example_branch_operator_decorator.py
[2026-08-24T14:55:48.464+0000] {processor.py:840} INFO - DAG(s) 'example_branch_python_operator_decorator' retrieved from /home/airflow/.local/lib/python3.12/site-packages/airflow/example_dags/example_branch_operator_decorator.py
[2026-08-24T14:55:48.503+0000] {logging_mixin.py:188} INFO - [2026-08-24T14:55:48.503+0000] {dag.py:3096} INFO - Sync 1 DAGs
[2026-08-24T14:55:48.534+0000] {logging_mixin.py:188} INFO - [2026-08-24T14:55:48.534+0000] {dag.py:3954} INFO - Setting next_dagrun for example_branch_python_operator_decorator to 2026-08-23 00:00:00+00:00, run_after=2026-08-24 00:00:00+00:00
[2026-08-24T14:55:48.660+0000] {processor.py:183} INFO - Processing /home/airflow/.local/lib/python3.12/site-packages/airflow/example_dags/example_branch_operator_decorator.py took 0.235 seconds
[2026-08-24T14:56:19.161+0000] {processor.py:161} INFO - Started process (PID=798) to work on /home/airflow/.local/lib/python3.12/site-packages/airflow/example_dags/example_branch_operator_decorator.py
[2026-08-24T14:56:19.168+0000] {processor.py:830} INFO - Processing file /home/airflow/.local/lib/python3.12/site-packages/airflow/example_dags/example_branch_operator_decorator.py for tasks to queue
[2026-08-24T14:56:19.172+0000] {logging_mixin.py:188} INFO - [2026-08-24T14:56:19.171+0000] {dagbag.py:545} INFO - Filling up the DagBag from /home/airflow/.local/lib/python3.12/site-packages/airflow/example_dags/example_branch_operator_decorator.py
[2026-08-24T14:56:19.260+0000] {processor.py:840} INFO - DAG(s) 'example_branch_python_operator_decorator' retrieved from /home/airflow/.local/lib/python3.12/site-packages/airflow/example_dags/example_branch_operator_decorator.py
[2026-08-24T14:56:19.394+0000] {logging_mixin.py:188} INFO - [2026-08-24T14:56:19.393+0000] {dag.py:3096} INFO - Sync 1 DAGs
[2026-08-24T14:56:19.584+0000] {logging_mixin.py:188} INFO - [2026-08-24T14:56:19.583+0000] {dag.py:3954} INFO - Setting next_dagrun for example_branch_python_operator_decorator to 2026-08-23 00:00:00+00:00, run_after=2026-08-24 00:00:00+00:00
[2026-08-24T14:56:19.749+0000] {processor.py:183} INFO - Processing /home/airflow/.local/lib/python3.12/site-packages/airflow/example_dags/example_branch_operator_decorator.py took 0.600 seconds
