[2026-08-24T13:51:06.195+0000] {processor.py:161} INFO - Started process (PID=122) to work on /home/airflow/.local/lib/python3.12/site-packages/airflow/example_dags/example_sensor_decorator.py
[2026-08-24T13:51:06.196+0000] {processor.py:830} INFO - Processing file /home/airflow/.local/lib/python3.12/site-packages/airflow/example_dags/example_sensor_decorator.py for tasks to queue
[2026-08-24T13:51:06.199+0000] {logging_mixin.py:188} INFO - [2026-08-24T13:51:06.199+0000] {dagbag.py:545} INFO - Filling up the DagBag from /home/airflow/.local/lib/python3.12/site-packages/airflow/example_dags/example_sensor_decorator.py
[2026-08-24T13:51:06.209+0000] {processor.py:840} INFO - DAG(s) 'example_sensor_decorator' retrieved from /home/airflow/.local/lib/python3.12/site-packages/airflow/example_dags/example_sensor_decorator.py
[2026-08-24T13:51:06.360+0000] {logging_mixin.py:188} INFO - [2026-08-24T13:51:06.359+0000] {dag.py:3096} INFO - Sync 1 DAGs
[2026-08-24T13:51:06.373+0000] {logging_mixin.py:188} INFO - [2026-08-24T13:51:06.373+0000] {dag.py:3954} INFO - Setting next_dagrun for example_sensor_decorator to None, run_after=None
[2026-08-24T13:51:06.396+0000] {processor.py:183} INFO - Processing /home/airflow/.local/lib/python3.12/site-packages/airflow/example_dags/example_sensor_decorator.py took 0.209 seconds
[2026-08-24T13:51:44.808+0000] {processor.py:161} INFO - Started process (PID=109) to work on /home/airflow/.local/lib/python3.12/site-packages/airflow/example_dags/example_sensor_decorator.py
[2026-08-24T13:51:44.809+0000] {processor.py:830} INFO - Processing file /home/airflow/.local/lib/python3.12/site-packages/airflow/example_dags/example_sensor_decorator.py for tasks to queue
[2026-08-24T13:51:44.812+0000] {logging_mixin.py:188} INFO - [2026-08-24T13:51:44.811+0000] {dagbag.py:545} INFO - Filling up the DagBag from /home/airflow/.local/lib/python3.12/site-packages/airflow/example_dags/example_sensor_decorator.py
[2026-08-24T13:51:44.821+0000] {processor.py:840} INFO - DAG(s) 'example_sensor_decorator' retrieved from /home/airflow/.local/lib/python3.12/site-packages/airflow/example_dags/example_sensor_decorator.py
[2026-08-24T13:51:44.847+0000] {logging_mixin.py:188} INFO - [2026-08-24T13:51:44.846+0000] {dag.py:3096} INFO - Sync 1 DAGs
[2026-08-24T13:51:44.868+0000] {logging_mixin.py:188} INFO - [2026-08-24T13:51:44.867+0000] {dag.py:3954} INFO - Setting next_dagrun for example_sensor_decorator to None, run_after=None
[2026-08-24T13:51:44.895+0000] {processor.py:183} INFO - Processing /home/airflow/.local/lib/python3.12/site-packages/airflow/example_dags/example_sensor_decorator.py took 0.095 seconds
[2026-08-24T13:52:15.336+0000] {processor.py:161} INFO - Started process (PID=168) to work on /home/airflow/.local/lib/python3.12/site-packages/airflow/example_dags/example_sensor_decorator.py
[2026-08-24T13:52:15.337+0000] {processor.py:830} INFO - Processing file /home/airflow/.local/lib/python3.12/site-packages/airflow/example_dags/example_sensor_decorator.py for tasks to queue
[2026-08-24T13:52:15.340+0000] {logging_mixin.py:188} INFO - [2026-08-24T13:52:15.340+0000] {dagbag.py:545} INFO - Filling up the DagBag from /home/airflow/.local/lib/python3.12/site-packages/airflow/example_dags/example_sensor_decorator.py
[2026-08-24T13:52:15.348+0000] {processor.py:840} INFO - DAG(s) 'example_sensor_decorator' retrieved from /home/airflow/.local/lib/python3.12/site-packages/airflow/example_dags/example_sensor_decorator.py
[2026-08-24T13:52:15.371+0000] {logging_mixin.py:188} INFO - [2026-08-24T13:52:15.370+0000] {dag.py:3096} INFO - Sync 1 DAGs
[2026-08-24T13:52:15.386+0000] {logging_mixin.py:188} INFO - [2026-08-24T13:52:15.386+0000] {dag.py:3954} INFO - Setting next_dagrun for example_sensor_decorator to None, run_after=None
[2026-08-24T13:52:15.410+0000] {processor.py:183} INFO - Processing /home/airflow/.local/lib/python3.12/site-packages/airflow/example_dags/example_sensor_decorator.py took 0.082 seconds
[2026-08-24T13:52:45.934+0000] {processor.py:161} INFO - Started process (PID=227) to work on /home/airflow/.local/lib/python3.12/site-packages/airflow/example_dags/example_sensor_decorator.py
[2026-08-24T13:52:45.935+0000] {processor.py:830} INFO - Processing file /home/airflow/.local/lib/python3.12/site-packages/airflow/example_dags/example_sensor_decorator.py for tasks to queue
[2026-08-24T13:52:45.938+0000] {logging_mixin.py:188} INFO - [2026-08-24T13:52:45.938+0000] {dagbag.py:545} INFO - Filling up the DagBag from /home/airflow/.local/lib/python3.12/site-packages/airflow/example_dags/example_sensor_decorator.py
[2026-08-24T13:52:45.946+0000] {processor.py:840} INFO - DAG(s) 'example_sensor_decorator' retrieved from /home/airflow/.local/lib/python3.12/site-packages/airflow/example_dags/example_sensor_decorator.py
[2026-08-24T13:52:45.971+0000] {logging_mixin.py:188} INFO - [2026-08-24T13:52:45.970+0000] {dag.py:3096} INFO - Sync 1 DAGs
[2026-08-24T13:52:45.993+0000] {logging_mixin.py:188} INFO - [2026-08-24T13:52:45.993+0000] {dag.py:3954} INFO - Setting next_dagrun for example_sensor_decorator to None, run_after=None
[2026-08-24T13:52:46.017+0000] {processor.py:183} INFO - Processing /home/airflow/.local/lib/python3.12/site-packages/airflow/example_dags/example_sensor_decorator.py took 0.090 seconds
[2026-08-24T13:53:16.686+0000] {processor.py:161} INFO - Started process (PID=286) to work on /home/airflow/.local/lib/python3.12/site-packages/airflow/example_dags/example_sensor_decorator.py
[2026-08-24T13:53:16.687+0000] {processor.py:830} INFO - Processing file /home/airflow/.local/lib/python3.12/site-packages/airflow/example_dags/example_sensor_decorator.py for tasks to queue
[2026-08-24T13:53:16.690+0000] {logging_mixin.py:188} INFO - [2026-08-24T13:53:16.689+0000] {dagbag.py:545} INFO - Filling up the DagBag from /home/airflow/.local/lib/python3.12/site-packages/airflow/example_dags/example_sensor_decorator.py
[2026-08-24T13:53:16.698+0000] {processor.py:840} INFO - DAG(s) 'example_sensor_decorator' retrieved from /home/airflow/.local/lib/python3.12/site-packages/airflow/example_dags/example_sensor_decorator.py
[2026-08-24T13:53:16.720+0000] {logging_mixin.py:188} INFO - [2026-08-24T13:53:16.720+0000] {dag.py:3096} INFO - Sync 1 DAGs
[2026-08-24T13:53:16.736+0000] {logging_mixin.py:188} INFO - [2026-08-24T13:53:16.736+0000] {dag.py:3954} INFO - Setting next_dagrun for example_sensor_decorator to None, run_after=None
[2026-08-24T13:53:16.758+0000] {processor.py:183} INFO - Processing /home/airflow/.local/lib/python3.12/site-packages/airflow/example_dags/example_sensor_decorator.py took 0.082 seconds
[2026-08-24T13:53:47.509+0000] {processor.py:161} INFO - Started process (PID=345) to work on /home/airflow/.local/lib/python3.12/site-packages/airflow/example_dags/example_sensor_decorator.py
[2026-08-24T13:53:47.510+0000] {processor.py:830} INFO - Processing file /home/airflow/.local/lib/python3.12/site-packages/airflow/example_dags/example_sensor_decorator.py for tasks to queue
[2026-08-24T13:53:47.513+0000] {logging_mixin.py:188} INFO - [2026-08-24T13:53:47.512+0000] {dagbag.py:545} INFO - Filling up the DagBag from /home/airflow/.local/lib/python3.12/site-packages/airflow/example_dags/example_sensor_decorator.py
[2026-08-24T13:53:47.523+0000] {processor.py:840} INFO - DAG(s) 'example_sensor_decorator' retrieved from /home/airflow/.local/lib/python3.12/site-packages/airflow/example_dags/example_sensor_decorator.py
[2026-08-24T13:53:47.548+0000] {logging_mixin.py:188} INFO - [2026-08-24T13:53:47.548+0000] {dag.py:3096} INFO - Sync 1 DAGs
[2026-08-24T13:53:47.564+0000] {logging_mixin.py:188} INFO - [2026-08-24T13:53:47.563+0000] {dag.py:3954} INFO - Setting next_dagrun for example_sensor_decorator to None, run_after=None
[2026-08-24T13:53:47.589+0000] {processor.py:183} INFO - Processing /home/airflow/.local/lib/python3.12/site-packages/airflow/example_dags/example_sensor_decorator.py took 0.088 seconds
[2026-08-24T13:54:18.553+0000] {processor.py:161} INFO - Started process (PID=404) to work on /home/airflow/.local/lib/python3.12/site-packages/airflow/example_dags/example_sensor_decorator.py
[2026-08-24T13:54:18.555+0000] {processor.py:830} INFO - Processing file /home/airflow/.local/lib/python3.12/site-packages/airflow/example_dags/example_sensor_decorator.py for tasks to queue
[2026-08-24T13:54:18.560+0000] {logging_mixin.py:188} INFO - [2026-08-24T13:54:18.559+0000] {dagbag.py:545} INFO - Filling up the DagBag from /home/airflow/.local/lib/python3.12/site-packages/airflow/example_dags/example_sensor_decorator.py
[2026-08-24T13:54:18.575+0000] {processor.py:840} INFO - DAG(s) 'example_sensor_decorator' retrieved from /home/airflow/.local/lib/python3.12/site-packages/airflow/example_dags/example_sensor_decorator.py
[2026-08-24T13:54:18.616+0000] {logging_mixin.py:188} INFO - [2026-08-24T13:54:18.616+0000] {dag.py:3096} INFO - Sync 1 DAGs
[2026-08-24T13:54:18.643+0000] {logging_mixin.py:188} INFO - [2026-08-24T13:54:18.643+0000] {dag.py:3954} INFO - Setting next_dagrun for example_sensor_decorator to None, run_after=None
[2026-08-24T13:54:18.691+0000] {processor.py:183} INFO - Processing /home/airflow/.local/lib/python3.12/site-packages/airflow/example_dags/example_sensor_decorator.py took 0.150 seconds
[2026-08-24T13:54:48.842+0000] {processor.py:161} INFO - Started process (PID=463) to work on /home/airflow/.local/lib/python3.12/site-packages/airflow/example_dags/example_sensor_decorator.py
[2026-08-24T13:54:48.844+0000] {processor.py:830} INFO - Processing file /home/airflow/.local/lib/python3.12/site-packages/airflow/example_dags/example_sensor_decorator.py for tasks to queue
[2026-08-24T13:54:48.848+0000] {logging_mixin.py:188} INFO - [2026-08-24T13:54:48.847+0000] {dagbag.py:545} INFO - Filling up the DagBag from /home/airflow/.local/lib/python3.12/site-packages/airflow/example_dags/example_sensor_decorator.py
[2026-08-24T13:54:48.864+0000] {processor.py:840} INFO - DAG(s) 'example_sensor_decorator' retrieved from /home/airflow/.local/lib/python3.12/site-packages/airflow/example_dags/example_sensor_decorator.py
[2026-08-24T13:54:48.889+0000] {logging_mixin.py:188} INFO - [2026-08-24T13:54:48.888+0000] {dag.py:3096} INFO - Sync 1 DAGs
[2026-08-24T13:54:48.919+0000] {logging_mixin.py:188} INFO - [2026-08-24T13:54:48.918+0000] {dag.py:3954} INFO - Setting next_dagrun for example_sensor_decorator to None, run_after=None
[2026-08-24T13:54:48.959+0000] {processor.py:183} INFO - Processing /home/airflow/.local/lib/python3.12/site-packages/airflow/example_dags/example_sensor_decorator.py took 0.132 seconds
[2026-08-24T13:55:25.055+0000] {processor.py:161} INFO - Started process (PID=522) to work on /home/airflow/.local/lib/python3.12/site-packages/airflow/example_dags/example_sensor_decorator.py
[2026-08-24T13:55:25.058+0000] {processor.py:830} INFO - Processing file /home/airflow/.local/lib/python3.12/site-packages/airflow/example_dags/example_sensor_decorator.py for tasks to queue
[2026-08-24T13:55:25.065+0000] {logging_mixin.py:188} INFO - [2026-08-24T13:55:25.063+0000] {dagbag.py:545} INFO - Filling up the DagBag from /home/airflow/.local/lib/python3.12/site-packages/airflow/example_dags/example_sensor_decorator.py
[2026-08-24T13:55:25.079+0000] {processor.py:840} INFO - DAG(s) 'example_sensor_decorator' retrieved from /home/airflow/.local/lib/python3.12/site-packages/airflow/example_dags/example_sensor_decorator.py
[2026-08-24T13:55:25.285+0000] {logging_mixin.py:188} INFO - [2026-08-24T13:55:25.284+0000] {dag.py:3096} INFO - Sync 1 DAGs
[2026-08-24T13:55:25.305+0000] {logging_mixin.py:188} INFO - [2026-08-24T13:55:25.305+0000] {dag.py:3954} INFO - Setting next_dagrun for example_sensor_decorator to None, run_after=None
[2026-08-24T13:55:25.346+0000] {processor.py:183} INFO - Processing /home/airflow/.local/lib/python3.12/site-packages/airflow/example_dags/example_sensor_decorator.py took 0.305 seconds
[2026-08-24T13:55:55.406+0000] {processor.py:161} INFO - Started process (PID=581) to work on /home/airflow/.local/lib/python3.12/site-packages/airflow/example_dags/example_sensor_decorator.py
[2026-08-24T13:55:55.408+0000] {processor.py:830} INFO - Processing file /home/airflow/.local/lib/python3.12/site-packages/airflow/example_dags/example_sensor_decorator.py for tasks to queue
[2026-08-24T13:55:55.410+0000] {logging_mixin.py:188} INFO - [2026-08-24T13:55:55.410+0000] {dagbag.py:545} INFO - Filling up the DagBag from /home/airflow/.local/lib/python3.12/site-packages/airflow/example_dags/example_sensor_decorator.py
[2026-08-24T13:55:55.419+0000] {processor.py:840} INFO - DAG(s) 'example_sensor_decorator' retrieved from /home/airflow/.local/lib/python3.12/site-packages/airflow/example_dags/example_sensor_decorator.py
[2026-08-24T13:55:55.445+0000] {logging_mixin.py:188} INFO - [2026-08-24T13:55:55.444+0000] {dag.py:3096} INFO - Sync 1 DAGs
[2026-08-24T13:55:55.461+0000] {logging_mixin.py:188} INFO - [2026-08-24T13:55:55.461+0000] {dag.py:3954} INFO - Setting next_dagrun for example_sensor_decorator to None, run_after=None
[2026-08-24T13:55:55.486+0000] {processor.py:183} INFO - Processing /home/airflow/.local/lib/python3.12/site-packages/airflow/example_dags/example_sensor_decorator.py took 0.087 seconds
[2026-08-24T13:56:25.586+0000] {processor.py:161} INFO - Started process (PID=640) to work on /home/airflow/.local/lib/python3.12/site-packages/airflow/example_dags/example_sensor_decorator.py
[2026-08-24T13:56:25.588+0000] {processor.py:830} INFO - Processing file /home/airflow/.local/lib/python3.12/site-packages/airflow/example_dags/example_sensor_decorator.py for tasks to queue
[2026-08-24T13:56:25.591+0000] {logging_mixin.py:188} INFO - [2026-08-24T13:56:25.590+0000] {dagbag.py:545} INFO - Filling up the DagBag from /home/airflow/.local/lib/python3.12/site-packages/airflow/example_dags/example_sensor_decorator.py
[2026-08-24T13:56:25.599+0000] {processor.py:840} INFO - DAG(s) 'example_sensor_decorator' retrieved from /home/airflow/.local/lib/python3.12/site-packages/airflow/example_dags/example_sensor_decorator.py
[2026-08-24T13:56:25.625+0000] {logging_mixin.py:188} INFO - [2026-08-24T13:56:25.625+0000] {dag.py:3096} INFO - Sync 1 DAGs
[2026-08-24T13:56:25.644+0000] {logging_mixin.py:188} INFO - [2026-08-24T13:56:25.644+0000] {dag.py:3954} INFO - Setting next_dagrun for example_sensor_decorator to None, run_after=None
[2026-08-24T13:56:25.671+0000] {processor.py:183} INFO - Processing /home/airflow/.local/lib/python3.12/site-packages/airflow/example_dags/example_sensor_decorator.py took 0.093 seconds
[2026-08-24T13:56:56.022+0000] {processor.py:161} INFO - Started process (PID=699) to work on /home/airflow/.local/lib/python3.12/site-packages/airflow/example_dags/example_sensor_decorator.py
[2026-08-24T13:56:56.024+0000] {processor.py:830} INFO - Processing file /home/airflow/.local/lib/python3.12/site-packages/airflow/example_dags/example_sensor_decorator.py for tasks to queue
[2026-08-24T13:56:56.028+0000] {logging_mixin.py:188} INFO - [2026-08-24T13:56:56.027+0000] {dagbag.py:545} INFO - Filling up the DagBag from /home/airflow/.local/lib/python3.12/site-packages/airflow/example_dags/example_sensor_decorator.py
[2026-08-24T13:56:56.048+0000] {processor.py:840} INFO - DAG(s) 'example_sensor_decorator' retrieved from /home/airflow/.local/lib/python3.12/site-packages/airflow/example_dags/example_sensor_decorator.py
[2026-08-24T13:56:56.074+0000] {logging_mixin.py:188} INFO - [2026-08-24T13:56:56.074+0000] {dag.py:3096} INFO - Sync 1 DAGs
[2026-08-24T13:56:56.092+0000] {logging_mixin.py:188} INFO - [2026-08-24T13:56:56.092+0000] {dag.py:3954} INFO - Setting next_dagrun for example_sensor_decorator to None, run_after=None
[2026-08-24T13:56:56.120+0000] {processor.py:183} INFO - Processing /home/airflow/.local/lib/python3.12/site-packages/airflow/example_dags/example_sensor_decorator.py took 0.110 seconds
[2026-08-24T13:57:26.423+0000] {processor.py:161} INFO - Started process (PID=759) to work on /home/airflow/.local/lib/python3.12/site-packages/airflow/example_dags/example_sensor_decorator.py
[2026-08-24T13:57:26.425+0000] {processor.py:830} INFO - Processing file /home/airflow/.local/lib/python3.12/site-packages/airflow/example_dags/example_sensor_decorator.py for tasks to queue
[2026-08-24T13:57:26.427+0000] {logging_mixin.py:188} INFO - [2026-08-24T13:57:26.427+0000] {dagbag.py:545} INFO - Filling up the DagBag from /home/airflow/.local/lib/python3.12/site-packages/airflow/example_dags/example_sensor_decorator.py
[2026-08-24T13:57:26.436+0000] {processor.py:840} INFO - DAG(s) 'example_sensor_decorator' retrieved from /home/airflow/.local/lib/python3.12/site-packages/airflow/example_dags/example_sensor_decorator.py
[2026-08-24T13:57:26.463+0000] {logging_mixin.py:188} INFO - [2026-08-24T13:57:26.463+0000] {dag.py:3096} INFO - Sync 1 DAGs
[2026-08-24T13:57:26.479+0000] {logging_mixin.py:188} INFO - [2026-08-24T13:57:26.479+0000] {dag.py:3954} INFO - Setting next_dagrun for example_sensor_decorator to None, run_after=None
[2026-08-24T13:57:26.505+0000] {processor.py:183} INFO - Processing /home/airflow/.local/lib/python3.12/site-packages/airflow/example_dags/example_sensor_decorator.py took 0.089 seconds
[2026-08-24T13:57:57.223+0000] {processor.py:161} INFO - Started process (PID=818) to work on /home/airflow/.local/lib/python3.12/site-packages/airflow/example_dags/example_sensor_decorator.py
[2026-08-24T13:57:57.224+0000] {processor.py:830} INFO - Processing file /home/airflow/.local/lib/python3.12/site-packages/airflow/example_dags/example_sensor_decorator.py for tasks to queue
[2026-08-24T13:57:57.227+0000] {logging_mixin.py:188} INFO - [2026-08-24T13:57:57.227+0000] {dagbag.py:545} INFO - Filling up the DagBag from /home/airflow/.local/lib/python3.12/site-packages/airflow/example_dags/example_sensor_decorator.py
[2026-08-24T13:57:57.236+0000] {processor.py:840} INFO - DAG(s) 'example_sensor_decorator' retrieved from /home/airflow/.local/lib/python3.12/site-packages/airflow/example_dags/example_sensor_decorator.py
[2026-08-24T13:57:57.318+0000] {logging_mixin.py:188} INFO - [2026-08-24T13:57:57.318+0000] {dag.py:3096} INFO - Sync 1 DAGs
[2026-08-24T13:57:57.334+0000] {logging_mixin.py:188} INFO - [2026-08-24T13:57:57.334+0000] {dag.py:3954} INFO - Setting next_dagrun for example_sensor_decorator to None, run_after=None
[2026-08-24T13:57:57.371+0000] {processor.py:183} INFO - Processing /home/airflow/.local/lib/python3.12/site-packages/airflow/example_dags/example_sensor_decorator.py took 0.155 seconds
[2026-08-24T13:58:27.509+0000] {processor.py:161} INFO - Started process (PID=878) to work on /home/airflow/.local/lib/python3.12/site-packages/airflow/example_dags/example_sensor_decorator.py
[2026-08-24T13:58:27.511+0000] {processor.py:830} INFO - Processing file /home/airflow/.local/lib/python3.12/site-packages/airflow/example_dags/example_sensor_decorator.py for tasks to queue
[2026-08-24T13:58:27.513+0000] {logging_mixin.py:188} INFO - [2026-08-24T13:58:27.513+0000] {dagbag.py:545} INFO - Filling up the DagBag from /home/airflow/.local/lib/python3.12/site-packages/airflow/example_dags/example_sensor_decorator.py
[2026-08-24T13:58:27.522+0000] {processor.py:840} INFO - DAG(s) 'example_sensor_decorator' retrieved from /home/airflow/.local/lib/python3.12/site-packages/airflow/example_dags/example_sensor_decorator.py
[2026-08-24T13:58:27.545+0000] {logging_mixin.py:188} INFO - [2026-08-24T13:58:27.544+0000] {dag.py:3096} INFO - Sync 1 DAGs
[2026-08-24T13:58:27.560+0000] {logging_mixin.py:188} INFO - [2026-08-24T13:58:27.560+0000] {dag.py:3954} INFO - Setting next_dagrun for example_sensor_decorator to None, run_after=None
[2026-08-24T13:58:27.586+0000] {processor.py:183} INFO - Processing /home/airflow/.local/lib/python3.12/site-packages/airflow/example_dags/example_sensor_decorator.py took 0.084 seconds
[2026-08-24T13:58:58.606+0000] {processor.py:161} INFO - Started process (PID=937) to work on /home/airflow/.local/lib/python3.12/site-packages/airflow/example_dags/example_sensor_decorator.py
[2026-08-24T13:58:58.607+0000] {processor.py:830} INFO - Processing file /home/airflow/.local/lib/python3.12/site-packages/airflow/example_dags/example_sensor_decorator.py for tasks to queue
[2026-08-24T13:58:58.610+0000] {logging_mixin.py:188} INFO - [2026-08-24T13:58:58.609+0000] {dagbag.py:545} INFO - Filling up the DagBag from /home/airflow/.local/lib/python3.12/site-packages/airflow/example_dags/example_sensor_decorator.py
[2026-08-24T13:58:58.618+0000] {processor.py:840} INFO - DAG(s) 'example_sensor_decorator' retrieved from /home/airflow/.local/lib/python3.12/site-packages/airflow/example_dags/example_sensor_decorator.py
[2026-08-24T13:58:58.643+0000] {logging_mixin.py:188} INFO - [2026-08-24T13:58:58.642+0000] {dag.py:3096} INFO - Sync 1 DAGs
[2026-08-24T13:58:58.659+0000] {logging_mixin.py:188} INFO - [2026-08-24T13:58:58.658+0000] {dag.py:3954} INFO - Setting next_dagrun for example_sensor_decorator to None, run_after=None
[2026-08-24T13:58:58.698+0000] {processor.py:183} INFO - Processing /home/airflow/.local/lib/python3.12/site-packages/airflow/example_dags/example_sensor_decorator.py took 0.100 seconds
[2026-08-24T14:00:39.972+0000] {processor.py:161} INFO - Started process (PID=121) to work on /home/airflow/.local/lib/python3.12/site-packages/airflow/example_dags/example_sensor_decorator.py
[2026-08-24T14:00:39.974+0000] {processor.py:830} INFO - Processing file /home/airflow/.local/lib/python3.12/site-packages/airflow/example_dags/example_sensor_decorator.py for tasks to queue
[2026-08-24T14:00:39.978+0000] {logging_mixin.py:188} INFO - [2026-08-24T14:00:39.977+0000] {dagbag.py:545} INFO - Filling up the DagBag from /home/airflow/.local/lib/python3.12/site-packages/airflow/example_dags/example_sensor_decorator.py
[2026-08-24T14:00:39.996+0000] {processor.py:840} INFO - DAG(s) 'example_sensor_decorator' retrieved from /home/airflow/.local/lib/python3.12/site-packages/airflow/example_dags/example_sensor_decorator.py
[2026-08-24T14:00:40.278+0000] {logging_mixin.py:188} INFO - [2026-08-24T14:00:40.277+0000] {dag.py:3096} INFO - Sync 1 DAGs
[2026-08-24T14:00:40.302+0000] {logging_mixin.py:188} INFO - [2026-08-24T14:00:40.302+0000] {dag.py:3954} INFO - Setting next_dagrun for example_sensor_decorator to None, run_after=None
[2026-08-24T14:00:40.345+0000] {processor.py:183} INFO - Processing /home/airflow/.local/lib/python3.12/site-packages/airflow/example_dags/example_sensor_decorator.py took 0.385 seconds
[2026-08-24T14:01:10.663+0000] {processor.py:161} INFO - Started process (PID=180) to work on /home/airflow/.local/lib/python3.12/site-packages/airflow/example_dags/example_sensor_decorator.py
[2026-08-24T14:01:10.664+0000] {processor.py:830} INFO - Processing file /home/airflow/.local/lib/python3.12/site-packages/airflow/example_dags/example_sensor_decorator.py for tasks to queue
[2026-08-24T14:01:10.666+0000] {logging_mixin.py:188} INFO - [2026-08-24T14:01:10.666+0000] {dagbag.py:545} INFO - Filling up the DagBag from /home/airflow/.local/lib/python3.12/site-packages/airflow/example_dags/example_sensor_decorator.py
[2026-08-24T14:01:10.674+0000] {processor.py:840} INFO - DAG(s) 'example_sensor_decorator' retrieved from /home/airflow/.local/lib/python3.12/site-packages/airflow/example_dags/example_sensor_decorator.py
[2026-08-24T14:01:10.700+0000] {logging_mixin.py:188} INFO - [2026-08-24T14:01:10.700+0000] {dag.py:3096} INFO - Sync 1 DAGs
[2026-08-24T14:01:10.716+0000] {logging_mixin.py:188} INFO - [2026-08-24T14:01:10.716+0000] {dag.py:3954} INFO - Setting next_dagrun for example_sensor_decorator to None, run_after=None
[2026-08-24T14:01:11.073+0000] {processor.py:183} INFO - Processing /home/airflow/.local/lib/python3.12/site-packages/airflow/example_dags/example_sensor_decorator.py took 0.418 seconds
[2026-08-24T14:01:41.428+0000] {processor.py:161} INFO - Started process (PID=239) to work on /home/airflow/.local/lib/python3.12/site-packages/airflow/example_dags/example_sensor_decorator.py
[2026-08-24T14:01:41.429+0000] {processor.py:830} INFO - Processing file /home/airflow/.local/lib/python3.12/site-packages/airflow/example_dags/example_sensor_decorator.py for tasks to queue
[2026-08-24T14:01:41.432+0000] {logging_mixin.py:188} INFO - [2026-08-24T14:01:41.431+0000] {dagbag.py:545} INFO - Filling up the DagBag from /home/airflow/.local/lib/python3.12/site-packages/airflow/example_dags/example_sensor_decorator.py
[2026-08-24T14:01:41.441+0000] {processor.py:840} INFO - DAG(s) 'example_sensor_decorator' retrieved from /home/airflow/.local/lib/python3.12/site-packages/airflow/example_dags/example_sensor_decorator.py
[2026-08-24T14:01:41.466+0000] {logging_mixin.py:188} INFO - [2026-08-24T14:01:41.466+0000] {dag.py:3096} INFO - Sync 1 DAGs
[2026-08-24T14:01:41.483+0000] {logging_mixin.py:188} INFO - [2026-08-24T14:01:41.483+0000] {dag.py:3954} INFO - Setting next_dagrun for example_sensor_decorator to None, run_after=None
[2026-08-24T14:01:41.507+0000] {processor.py:183} INFO - Processing /home/airflow/.local/lib/python3.12/site-packages/airflow/example_dags/example_sensor_decorator.py took 0.088 seconds
[2026-08-24T14:02:11.797+0000] {processor.py:161} INFO - Started process (PID=298) to work on /home/airflow/.local/lib/python3.12/site-packages/airflow/example_dags/example_sensor_decorator.py
[2026-08-24T14:02:11.798+0000] {processor.py:830} INFO - Processing file /home/airflow/.local/lib/python3.12/site-packages/airflow/example_dags/example_sensor_decorator.py for tasks to queue
[2026-08-24T14:02:11.800+0000] {logging_mixin.py:188} INFO - [2026-08-24T14:02:11.800+0000] {dagbag.py:545} INFO - Filling up the DagBag from /home/airflow/.local/lib/python3.12/site-packages/airflow/example_dags/example_sensor_decorator.py
[2026-08-24T14:02:11.808+0000] {processor.py:840} INFO - DAG(s) 'example_sensor_decorator' retrieved from /home/airflow/.local/lib/python3.12/site-packages/airflow/example_dags/example_sensor_decorator.py
[2026-08-24T14:02:11.832+0000] {logging_mixin.py:188} INFO - [2026-08-24T14:02:11.832+0000] {dag.py:3096} INFO - Sync 1 DAGs
[2026-08-24T14:02:11.848+0000] {logging_mixin.py:188} INFO - [2026-08-24T14:02:11.848+0000] {dag.py:3954} INFO - Setting next_dagrun for example_sensor_decorator to None, run_after=None
[2026-08-24T14:02:11.871+0000] {processor.py:183} INFO - Processing /home/airflow/.local/lib/python3.12/site-packages/airflow/example_dags/example_sensor_decorator.py took 0.081 seconds
[2026-08-24T14:02:42.105+0000] {processor.py:161} INFO - Started process (PID=358) to work on /home/airflow/.local/lib/python3.12/site-packages/airflow/example_dags/example_sensor_decorator.py
[2026-08-24T14:02:42.106+0000] {processor.py:830} INFO - Processing file /home/airflow/.local/lib/python3.12/site-packages/airflow/example_dags/example_sensor_decorator.py for tasks to queue
[2026-08-24T14:02:42.109+0000] {logging_mixin.py:188} INFO - [2026-08-24T14:02:42.108+0000] {dagbag.py:545} INFO - Filling up the DagBag from /home/airflow/.local/lib/python3.12/site-packages/airflow/example_dags/example_sensor_decorator.py
[2026-08-24T14:02:42.117+0000] {processor.py:840} INFO - DAG(s) 'example_sensor_decorator' retrieved from /home/airflow/.local/lib/python3.12/site-packages/airflow/example_dags/example_sensor_decorator.py
[2026-08-24T14:02:42.145+0000] {logging_mixin.py:188} INFO - [2026-08-24T14:02:42.145+0000] {dag.py:3096} INFO - Sync 1 DAGs
[2026-08-24T14:02:42.165+0000] {logging_mixin.py:188} INFO - [2026-08-24T14:02:42.164+0000] {dag.py:3954} INFO - Setting next_dagrun for example_sensor_decorator to None, run_after=None
[2026-08-24T14:02:42.194+0000] {processor.py:183} INFO - Processing /home/airflow/.local/lib/python3.12/site-packages/airflow/example_dags/example_sensor_decorator.py took 0.098 seconds
[2026-08-24T14:07:43.391+0000] {processor.py:161} INFO - Started process (PID=127) to work on /home/airflow/.local/lib/python3.12/site-packages/airflow/example_dags/example_sensor_decorator.py
[2026-08-24T14:07:43.392+0000] {processor.py:830} INFO - Processing file /home/airflow/.local/lib/python3.12/site-packages/airflow/example_dags/example_sensor_decorator.py for tasks to queue
[2026-08-24T14:07:43.396+0000] {logging_mixin.py:188} INFO - [2026-08-24T14:07:43.395+0000] {dagbag.py:545} INFO - Filling up the DagBag from /home/airflow/.local/lib/python3.12/site-packages/airflow/example_dags/example_sensor_decorator.py
[2026-08-24T14:07:43.409+0000] {processor.py:840} INFO - DAG(s) 'example_sensor_decorator' retrieved from /home/airflow/.local/lib/python3.12/site-packages/airflow/example_dags/example_sensor_decorator.py
[2026-08-24T14:07:43.596+0000] {logging_mixin.py:188} INFO - [2026-08-24T14:07:43.596+0000] {dag.py:3096} INFO - Sync 1 DAGs
[2026-08-24T14:07:43.615+0000] {logging_mixin.py:188} INFO - [2026-08-24T14:07:43.615+0000] {dag.py:3954} INFO - Setting next_dagrun for example_sensor_decorator to None, run_after=None
[2026-08-24T14:07:43.645+0000] {processor.py:183} INFO - Processing /home/airflow/.local/lib/python3.12/site-packages/airflow/example_dags/example_sensor_decorator.py took 0.265 seconds
[2026-08-24T14:08:13.706+0000] {processor.py:161} INFO - Started process (PID=186) to work on /home/airflow/.local/lib/python3.12/site-packages/airflow/example_dags/example_sensor_decorator.py
[2026-08-24T14:08:13.707+0000] {processor.py:830} INFO - Processing file /home/airflow/.local/lib/python3.12/site-packages/airflow/example_dags/example_sensor_decorator.py for tasks to queue
[2026-08-24T14:08:13.711+0000] {logging_mixin.py:188} INFO - [2026-08-24T14:08:13.710+0000] {dagbag.py:545} INFO - Filling up the DagBag from /home/airflow/.local/lib/python3.12/site-packages/airflow/example_dags/example_sensor_decorator.py
[2026-08-24T14:08:13.721+0000] {processor.py:840} INFO - DAG(s) 'example_sensor_decorator' retrieved from /home/airflow/.local/lib/python3.12/site-packages/airflow/example_dags/example_sensor_decorator.py
[2026-08-24T14:08:13.769+0000] {logging_mixin.py:188} INFO - [2026-08-24T14:08:13.768+0000] {dag.py:3096} INFO - Sync 1 DAGs
[2026-08-24T14:08:13.822+0000] {logging_mixin.py:188} INFO - [2026-08-24T14:08:13.822+0000] {dag.py:3954} INFO - Setting next_dagrun for example_sensor_decorator to None, run_after=None
[2026-08-24T14:08:13.876+0000] {processor.py:183} INFO - Processing /home/airflow/.local/lib/python3.12/site-packages/airflow/example_dags/example_sensor_decorator.py took 0.179 seconds
[2026-08-24T14:08:44.030+0000] {processor.py:161} INFO - Started process (PID=245) to work on /home/airflow/.local/lib/python3.12/site-packages/airflow/example_dags/example_sensor_decorator.py
[2026-08-24T14:08:44.032+0000] {processor.py:830} INFO - Processing file /home/airflow/.local/lib/python3.12/site-packages/airflow/example_dags/example_sensor_decorator.py for tasks to queue
[2026-08-24T14:08:44.035+0000] {logging_mixin.py:188} INFO - [2026-08-24T14:08:44.035+0000] {dagbag.py:545} INFO - Filling up the DagBag from /home/airflow/.local/lib/python3.12/site-packages/airflow/example_dags/example_sensor_decorator.py
[2026-08-24T14:08:44.048+0000] {processor.py:840} INFO - DAG(s) 'example_sensor_decorator' retrieved from /home/airflow/.local/lib/python3.12/site-packages/airflow/example_dags/example_sensor_decorator.py
[2026-08-24T14:08:44.082+0000] {logging_mixin.py:188} INFO - [2026-08-24T14:08:44.082+0000] {dag.py:3096} INFO - Sync 1 DAGs
[2026-08-24T14:08:44.104+0000] {logging_mixin.py:188} INFO - [2026-08-24T14:08:44.104+0000] {dag.py:3954} INFO - Setting next_dagrun for example_sensor_decorator to None, run_after=None
[2026-08-24T14:08:44.149+0000] {processor.py:183} INFO - Processing /home/airflow/.local/lib/python3.12/site-packages/airflow/example_dags/example_sensor_decorator.py took 0.129 seconds
[2026-08-24T14:09:15.095+0000] {processor.py:161} INFO - Started process (PID=304) to work on /home/airflow/.local/lib/python3.12/site-packages/airflow/example_dags/example_sensor_decorator.py
[2026-08-24T14:09:15.096+0000] {processor.py:830} INFO - Processing file /home/airflow/.local/lib/python3.12/site-packages/airflow/example_dags/example_sensor_decorator.py for tasks to queue
[2026-08-24T14:09:15.099+0000] {logging_mixin.py:188} INFO - [2026-08-24T14:09:15.099+0000] {dagbag.py:545} INFO - Filling up the DagBag from /home/airflow/.local/lib/python3.12/site-packages/airflow/example_dags/example_sensor_decorator.py
[2026-08-24T14:09:15.110+0000] {processor.py:840} INFO - DAG(s) 'example_sensor_decorator' retrieved from /home/airflow/.local/lib/python3.12/site-packages/airflow/example_dags/example_sensor_decorator.py
[2026-08-24T14:09:15.141+0000] {logging_mixin.py:188} INFO - [2026-08-24T14:09:15.141+0000] {dag.py:3096} INFO - Sync 1 DAGs
[2026-08-24T14:09:15.163+0000] {logging_mixin.py:188} INFO - [2026-08-24T14:09:15.163+0000] {dag.py:3954} INFO - Setting next_dagrun for example_sensor_decorator to None, run_after=None
[2026-08-24T14:09:15.201+0000] {processor.py:183} INFO - Processing /home/airflow/.local/lib/python3.12/site-packages/airflow/example_dags/example_sensor_decorator.py took 0.115 seconds
[2026-08-24T14:09:45.654+0000] {processor.py:161} INFO - Started process (PID=363) to work on /home/airflow/.local/lib/python3.12/site-packages/airflow/example_dags/example_sensor_decorator.py
[2026-08-24T14:09:45.656+0000] {processor.py:830} INFO - Processing file /home/airflow/.local/lib/python3.12/site-packages/airflow/example_dags/example_sensor_decorator.py for tasks to queue
[2026-08-24T14:09:45.658+0000] {logging_mixin.py:188} INFO - [2026-08-24T14:09:45.658+0000] {dagbag.py:545} INFO - Filling up the DagBag from /home/airflow/.local/lib/python3.12/site-packages/airflow/example_dags/example_sensor_decorator.py
[2026-08-24T14:09:45.667+0000] {processor.py:840} INFO - DAG(s) 'example_sensor_decorator' retrieved from /home/airflow/.local/lib/python3.12/site-packages/airflow/example_dags/example_sensor_decorator.py
[2026-08-24T14:09:45.691+0000] {logging_mixin.py:188} INFO - [2026-08-24T14:09:45.691+0000] {dag.py:3096} INFO - Sync 1 DAGs
[2026-08-24T14:09:45.707+0000] {logging_mixin.py:188} INFO - [2026-08-24T14:09:45.707+0000] {dag.py:3954} INFO - Setting next_dagrun for example_sensor_decorator to None, run_after=None
[2026-08-24T14:09:45.732+0000] {processor.py:183} INFO - Processing /home/airflow/.local/lib/python3.12/site-packages/airflow/example_dags/example_sensor_decorator.py took 0.086 seconds
[2026-08-24T14:10:16.202+0000] {processor.py:161} INFO - Started process (PID=422) to work on /home/airflow/.local/lib/python3.12/site-packages/airflow/example_dags/example_sensor_decorator.py
[2026-08-24T14:10:16.203+0000] {processor.py:830} INFO - Processing file /home/airflow/.local/lib/python3.12/site-packages/airflow/example_dags/example_sensor_decorator.py for tasks to queue
[2026-08-24T14:10:16.205+0000] {logging_mixin.py:188} INFO - [2026-08-24T14:10:16.205+0000] {dagbag.py:545} INFO - Filling up the DagBag from /home/airflow/.local/lib/python3.12/site-packages/airflow/example_dags/example_sensor_decorator.py
[2026-08-24T14:10:16.213+0000] {processor.py:840} INFO - DAG(s) 'example_sensor_decorator' retrieved from /home/airflow/.local/lib/python3.12/site-packages/airflow/example_dags/example_sensor_decorator.py
[2026-08-24T14:10:16.238+0000] {logging_mixin.py:188} INFO - [2026-08-24T14:10:16.238+0000] {dag.py:3096} INFO - Sync 1 DAGs
[2026-08-24T14:10:16.255+0000] {logging_mixin.py:188} INFO - [2026-08-24T14:10:16.255+0000] {dag.py:3954} INFO - Setting next_dagrun for example_sensor_decorator to None, run_after=None
[2026-08-24T14:10:16.281+0000] {processor.py:183} INFO - Processing /home/airflow/.local/lib/python3.12/site-packages/airflow/example_dags/example_sensor_decorator.py took 0.089 seconds
[2026-08-24T14:10:46.787+0000] {processor.py:161} INFO - Started process (PID=481) to work on /home/airflow/.local/lib/python3.12/site-packages/airflow/example_dags/example_sensor_decorator.py
[2026-08-24T14:10:46.788+0000] {processor.py:830} INFO - Processing file /home/airflow/.local/lib/python3.12/site-packages/airflow/example_dags/example_sensor_decorator.py for tasks to queue
[2026-08-24T14:10:46.794+0000] {logging_mixin.py:188} INFO - [2026-08-24T14:10:46.794+0000] {dagbag.py:545} INFO - Filling up the DagBag from /home/airflow/.local/lib/python3.12/site-packages/airflow/example_dags/example_sensor_decorator.py
[2026-08-24T14:10:46.802+0000] {processor.py:840} INFO - DAG(s) 'example_sensor_decorator' retrieved from /home/airflow/.local/lib/python3.12/site-packages/airflow/example_dags/example_sensor_decorator.py
[2026-08-24T14:10:46.832+0000] {logging_mixin.py:188} INFO - [2026-08-24T14:10:46.831+0000] {dag.py:3096} INFO - Sync 1 DAGs
[2026-08-24T14:10:46.848+0000] {logging_mixin.py:188} INFO - [2026-08-24T14:10:46.848+0000] {dag.py:3954} INFO - Setting next_dagrun for example_sensor_decorator to None, run_after=None
[2026-08-24T14:10:46.875+0000] {processor.py:183} INFO - Processing /home/airflow/.local/lib/python3.12/site-packages/airflow/example_dags/example_sensor_decorator.py took 0.098 seconds
[2026-08-24T14:13:29.712+0000] {processor.py:161} INFO - Started process (PID=131) to work on /home/airflow/.local/lib/python3.12/site-packages/airflow/example_dags/example_sensor_decorator.py
[2026-08-24T14:13:29.713+0000] {processor.py:830} INFO - Processing file /home/airflow/.local/lib/python3.12/site-packages/airflow/example_dags/example_sensor_decorator.py for tasks to queue
[2026-08-24T14:13:29.716+0000] {logging_mixin.py:188} INFO - [2026-08-24T14:13:29.715+0000] {dagbag.py:545} INFO - Filling up the DagBag from /home/airflow/.local/lib/python3.12/site-packages/airflow/example_dags/example_sensor_decorator.py
[2026-08-24T14:13:29.725+0000] {processor.py:840} INFO - DAG(s) 'example_sensor_decorator' retrieved from /home/airflow/.local/lib/python3.12/site-packages/airflow/example_dags/example_sensor_decorator.py
[2026-08-24T14:13:29.872+0000] {logging_mixin.py:188} INFO - [2026-08-24T14:13:29.872+0000] {dag.py:3096} INFO - Sync 1 DAGs
[2026-08-24T14:13:29.885+0000] {logging_mixin.py:188} INFO - [2026-08-24T14:13:29.885+0000] {dag.py:3954} INFO - Setting next_dagrun for example_sensor_decorator to None, run_after=None
[2026-08-24T14:13:29.911+0000] {processor.py:183} INFO - Processing /home/airflow/.local/lib/python3.12/site-packages/airflow/example_dags/example_sensor_decorator.py took 0.207 seconds
[2026-08-24T14:14:00.025+0000] {processor.py:161} INFO - Started process (PID=190) to work on /home/airflow/.local/lib/python3.12/site-packages/airflow/example_dags/example_sensor_decorator.py
[2026-08-24T14:14:00.026+0000] {processor.py:830} INFO - Processing file /home/airflow/.local/lib/python3.12/site-packages/airflow/example_dags/example_sensor_decorator.py for tasks to queue
[2026-08-24T14:14:00.028+0000] {logging_mixin.py:188} INFO - [2026-08-24T14:14:00.028+0000] {dagbag.py:545} INFO - Filling up the DagBag from /home/airflow/.local/lib/python3.12/site-packages/airflow/example_dags/example_sensor_decorator.py
[2026-08-24T14:14:00.036+0000] {processor.py:840} INFO - DAG(s) 'example_sensor_decorator' retrieved from /home/airflow/.local/lib/python3.12/site-packages/airflow/example_dags/example_sensor_decorator.py
[2026-08-24T14:14:00.059+0000] {logging_mixin.py:188} INFO - [2026-08-24T14:14:00.059+0000] {dag.py:3096} INFO - Sync 1 DAGs
[2026-08-24T14:14:00.075+0000] {logging_mixin.py:188} INFO - [2026-08-24T14:14:00.075+0000] {dag.py:3954} INFO - Setting next_dagrun for example_sensor_decorator to None, run_after=None
[2026-08-24T14:14:00.097+0000] {processor.py:183} INFO - Processing /home/airflow/.local/lib/python3.12/site-packages/airflow/example_dags/example_sensor_decorator.py took 0.079 seconds
[2026-08-24T14:14:30.224+0000] {processor.py:161} INFO - Started process (PID=249) to work on /home/airflow/.local/lib/python3.12/site-packages/airflow/example_dags/example_sensor_decorator.py
[2026-08-24T14:14:30.226+0000] {processor.py:830} INFO - Processing file /home/airflow/.local/lib/python3.12/site-packages/airflow/example_dags/example_sensor_decorator.py for tasks to queue
[2026-08-24T14:14:30.228+0000] {logging_mixin.py:188} INFO - [2026-08-24T14:14:30.228+0000] {dagbag.py:545} INFO - Filling up the DagBag from /home/airflow/.local/lib/python3.12/site-packages/airflow/example_dags/example_sensor_decorator.py
[2026-08-24T14:14:30.238+0000] {processor.py:840} INFO - DAG(s) 'example_sensor_decorator' retrieved from /home/airflow/.local/lib/python3.12/site-packages/airflow/example_dags/example_sensor_decorator.py
[2026-08-24T14:14:30.266+0000] {logging_mixin.py:188} INFO - [2026-08-24T14:14:30.265+0000] {dag.py:3096} INFO - Sync 1 DAGs
[2026-08-24T14:14:30.283+0000] {logging_mixin.py:188} INFO - [2026-08-24T14:14:30.283+0000] {dag.py:3954} INFO - Setting next_dagrun for example_sensor_decorator to None, run_after=None
[2026-08-24T14:14:30.309+0000] {processor.py:183} INFO - Processing /home/airflow/.local/lib/python3.12/site-packages/airflow/example_dags/example_sensor_decorator.py took 0.093 seconds
[2026-08-24T14:15:00.360+0000] {processor.py:161} INFO - Started process (PID=307) to work on /home/airflow/.local/lib/python3.12/site-packages/airflow/example_dags/example_sensor_decorator.py
[2026-08-24T14:15:00.361+0000] {processor.py:830} INFO - Processing file /home/airflow/.local/lib/python3.12/site-packages/airflow/example_dags/example_sensor_decorator.py for tasks to queue
[2026-08-24T14:15:00.364+0000] {logging_mixin.py:188} INFO - [2026-08-24T14:15:00.364+0000] {dagbag.py:545} INFO - Filling up the DagBag from /home/airflow/.local/lib/python3.12/site-packages/airflow/example_dags/example_sensor_decorator.py
[2026-08-24T14:15:00.372+0000] {processor.py:840} INFO - DAG(s) 'example_sensor_decorator' retrieved from /home/airflow/.local/lib/python3.12/site-packages/airflow/example_dags/example_sensor_decorator.py
[2026-08-24T14:15:00.407+0000] {logging_mixin.py:188} INFO - [2026-08-24T14:15:00.406+0000] {dag.py:3096} INFO - Sync 1 DAGs
[2026-08-24T14:15:00.433+0000] {logging_mixin.py:188} INFO - [2026-08-24T14:15:00.433+0000] {dag.py:3954} INFO - Setting next_dagrun for example_sensor_decorator to None, run_after=None
[2026-08-24T14:15:00.458+0000] {processor.py:183} INFO - Processing /home/airflow/.local/lib/python3.12/site-packages/airflow/example_dags/example_sensor_decorator.py took 0.105 seconds
[2026-08-24T14:15:31.406+0000] {processor.py:161} INFO - Started process (PID=367) to work on /home/airflow/.local/lib/python3.12/site-packages/airflow/example_dags/example_sensor_decorator.py
[2026-08-24T14:15:31.407+0000] {processor.py:830} INFO - Processing file /home/airflow/.local/lib/python3.12/site-packages/airflow/example_dags/example_sensor_decorator.py for tasks to queue
[2026-08-24T14:15:31.410+0000] {logging_mixin.py:188} INFO - [2026-08-24T14:15:31.409+0000] {dagbag.py:545} INFO - Filling up the DagBag from /home/airflow/.local/lib/python3.12/site-packages/airflow/example_dags/example_sensor_decorator.py
[2026-08-24T14:15:31.418+0000] {processor.py:840} INFO - DAG(s) 'example_sensor_decorator' retrieved from /home/airflow/.local/lib/python3.12/site-packages/airflow/example_dags/example_sensor_decorator.py
[2026-08-24T14:15:31.442+0000] {logging_mixin.py:188} INFO - [2026-08-24T14:15:31.441+0000] {dag.py:3096} INFO - Sync 1 DAGs
[2026-08-24T14:15:31.457+0000] {logging_mixin.py:188} INFO - [2026-08-24T14:15:31.457+0000] {dag.py:3954} INFO - Setting next_dagrun for example_sensor_decorator to None, run_after=None
[2026-08-24T14:15:31.478+0000] {processor.py:183} INFO - Processing /home/airflow/.local/lib/python3.12/site-packages/airflow/example_dags/example_sensor_decorator.py took 0.079 seconds
[2026-08-24T14:16:02.257+0000] {processor.py:161} INFO - Started process (PID=426) to work on /home/airflow/.local/lib/python3.12/site-packages/airflow/example_dags/example_sensor_decorator.py
[2026-08-24T14:16:02.258+0000] {processor.py:830} INFO - Processing file /home/airflow/.local/lib/python3.12/site-packages/airflow/example_dags/example_sensor_decorator.py for tasks to queue
[2026-08-24T14:16:02.261+0000] {logging_mixin.py:188} INFO - [2026-08-24T14:16:02.261+0000] {dagbag.py:545} INFO - Filling up the DagBag from /home/airflow/.local/lib/python3.12/site-packages/airflow/example_dags/example_sensor_decorator.py
[2026-08-24T14:16:02.273+0000] {processor.py:840} INFO - DAG(s) 'example_sensor_decorator' retrieved from /home/airflow/.local/lib/python3.12/site-packages/airflow/example_dags/example_sensor_decorator.py
[2026-08-24T14:16:02.300+0000] {logging_mixin.py:188} INFO - [2026-08-24T14:16:02.300+0000] {dag.py:3096} INFO - Sync 1 DAGs
[2026-08-24T14:16:02.319+0000] {logging_mixin.py:188} INFO - [2026-08-24T14:16:02.318+0000] {dag.py:3954} INFO - Setting next_dagrun for example_sensor_decorator to None, run_after=None
[2026-08-24T14:16:02.358+0000] {processor.py:183} INFO - Processing /home/airflow/.local/lib/python3.12/site-packages/airflow/example_dags/example_sensor_decorator.py took 0.112 seconds
[2026-08-24T14:16:32.457+0000] {processor.py:161} INFO - Started process (PID=485) to work on /home/airflow/.local/lib/python3.12/site-packages/airflow/example_dags/example_sensor_decorator.py
[2026-08-24T14:16:32.459+0000] {processor.py:830} INFO - Processing file /home/airflow/.local/lib/python3.12/site-packages/airflow/example_dags/example_sensor_decorator.py for tasks to queue
[2026-08-24T14:16:32.462+0000] {logging_mixin.py:188} INFO - [2026-08-24T14:16:32.461+0000] {dagbag.py:545} INFO - Filling up the DagBag from /home/airflow/.local/lib/python3.12/site-packages/airflow/example_dags/example_sensor_decorator.py
[2026-08-24T14:16:32.472+0000] {processor.py:840} INFO - DAG(s) 'example_sensor_decorator' retrieved from /home/airflow/.local/lib/python3.12/site-packages/airflow/example_dags/example_sensor_decorator.py
[2026-08-24T14:16:32.499+0000] {logging_mixin.py:188} INFO - [2026-08-24T14:16:32.498+0000] {dag.py:3096} INFO - Sync 1 DAGs
[2026-08-24T14:16:32.519+0000] {logging_mixin.py:188} INFO - [2026-08-24T14:16:32.519+0000] {dag.py:3954} INFO - Setting next_dagrun for example_sensor_decorator to None, run_after=None
[2026-08-24T14:16:32.547+0000] {processor.py:183} INFO - Processing /home/airflow/.local/lib/python3.12/site-packages/airflow/example_dags/example_sensor_decorator.py took 0.099 seconds
[2026-08-24T14:17:02.768+0000] {processor.py:161} INFO - Started process (PID=544) to work on /home/airflow/.local/lib/python3.12/site-packages/airflow/example_dags/example_sensor_decorator.py
[2026-08-24T14:17:02.769+0000] {processor.py:830} INFO - Processing file /home/airflow/.local/lib/python3.12/site-packages/airflow/example_dags/example_sensor_decorator.py for tasks to queue
[2026-08-24T14:17:02.772+0000] {logging_mixin.py:188} INFO - [2026-08-24T14:17:02.771+0000] {dagbag.py:545} INFO - Filling up the DagBag from /home/airflow/.local/lib/python3.12/site-packages/airflow/example_dags/example_sensor_decorator.py
[2026-08-24T14:17:02.781+0000] {processor.py:840} INFO - DAG(s) 'example_sensor_decorator' retrieved from /home/airflow/.local/lib/python3.12/site-packages/airflow/example_dags/example_sensor_decorator.py
[2026-08-24T14:17:02.806+0000] {logging_mixin.py:188} INFO - [2026-08-24T14:17:02.805+0000] {dag.py:3096} INFO - Sync 1 DAGs
[2026-08-24T14:17:02.824+0000] {logging_mixin.py:188} INFO - [2026-08-24T14:17:02.823+0000] {dag.py:3954} INFO - Setting next_dagrun for example_sensor_decorator to None, run_after=None
[2026-08-24T14:17:02.853+0000] {processor.py:183} INFO - Processing /home/airflow/.local/lib/python3.12/site-packages/airflow/example_dags/example_sensor_decorator.py took 0.093 seconds
[2026-08-24T14:17:33.866+0000] {processor.py:161} INFO - Started process (PID=603) to work on /home/airflow/.local/lib/python3.12/site-packages/airflow/example_dags/example_sensor_decorator.py
[2026-08-24T14:17:33.867+0000] {processor.py:830} INFO - Processing file /home/airflow/.local/lib/python3.12/site-packages/airflow/example_dags/example_sensor_decorator.py for tasks to queue
[2026-08-24T14:17:33.872+0000] {logging_mixin.py:188} INFO - [2026-08-24T14:17:33.871+0000] {dagbag.py:545} INFO - Filling up the DagBag from /home/airflow/.local/lib/python3.12/site-packages/airflow/example_dags/example_sensor_decorator.py
[2026-08-24T14:17:33.880+0000] {processor.py:840} INFO - DAG(s) 'example_sensor_decorator' retrieved from /home/airflow/.local/lib/python3.12/site-packages/airflow/example_dags/example_sensor_decorator.py
[2026-08-24T14:17:33.907+0000] {logging_mixin.py:188} INFO - [2026-08-24T14:17:33.907+0000] {dag.py:3096} INFO - Sync 1 DAGs
[2026-08-24T14:17:33.926+0000] {logging_mixin.py:188} INFO - [2026-08-24T14:17:33.926+0000] {dag.py:3954} INFO - Setting next_dagrun for example_sensor_decorator to None, run_after=None
[2026-08-24T14:17:33.950+0000] {processor.py:183} INFO - Processing /home/airflow/.local/lib/python3.12/site-packages/airflow/example_dags/example_sensor_decorator.py took 0.092 seconds
[2026-08-24T14:18:04.735+0000] {processor.py:161} INFO - Started process (PID=662) to work on /home/airflow/.local/lib/python3.12/site-packages/airflow/example_dags/example_sensor_decorator.py
[2026-08-24T14:18:04.737+0000] {processor.py:830} INFO - Processing file /home/airflow/.local/lib/python3.12/site-packages/airflow/example_dags/example_sensor_decorator.py for tasks to queue
[2026-08-24T14:18:04.741+0000] {logging_mixin.py:188} INFO - [2026-08-24T14:18:04.740+0000] {dagbag.py:545} INFO - Filling up the DagBag from /home/airflow/.local/lib/python3.12/site-packages/airflow/example_dags/example_sensor_decorator.py
[2026-08-24T14:18:04.750+0000] {processor.py:840} INFO - DAG(s) 'example_sensor_decorator' retrieved from /home/airflow/.local/lib/python3.12/site-packages/airflow/example_dags/example_sensor_decorator.py
[2026-08-24T14:18:04.792+0000] {logging_mixin.py:188} INFO - [2026-08-24T14:18:04.792+0000] {dag.py:3096} INFO - Sync 1 DAGs
[2026-08-24T14:18:04.816+0000] {logging_mixin.py:188} INFO - [2026-08-24T14:18:04.816+0000] {dag.py:3954} INFO - Setting next_dagrun for example_sensor_decorator to None, run_after=None
[2026-08-24T14:18:04.860+0000] {processor.py:183} INFO - Processing /home/airflow/.local/lib/python3.12/site-packages/airflow/example_dags/example_sensor_decorator.py took 0.133 seconds
[2026-08-24T14:18:35.773+0000] {processor.py:161} INFO - Started process (PID=722) to work on /home/airflow/.local/lib/python3.12/site-packages/airflow/example_dags/example_sensor_decorator.py
[2026-08-24T14:18:35.774+0000] {processor.py:830} INFO - Processing file /home/airflow/.local/lib/python3.12/site-packages/airflow/example_dags/example_sensor_decorator.py for tasks to queue
[2026-08-24T14:18:35.777+0000] {logging_mixin.py:188} INFO - [2026-08-24T14:18:35.776+0000] {dagbag.py:545} INFO - Filling up the DagBag from /home/airflow/.local/lib/python3.12/site-packages/airflow/example_dags/example_sensor_decorator.py
[2026-08-24T14:18:35.791+0000] {processor.py:840} INFO - DAG(s) 'example_sensor_decorator' retrieved from /home/airflow/.local/lib/python3.12/site-packages/airflow/example_dags/example_sensor_decorator.py
[2026-08-24T14:18:35.820+0000] {logging_mixin.py:188} INFO - [2026-08-24T14:18:35.820+0000] {dag.py:3096} INFO - Sync 1 DAGs
[2026-08-24T14:18:35.841+0000] {logging_mixin.py:188} INFO - [2026-08-24T14:18:35.841+0000] {dag.py:3954} INFO - Setting next_dagrun for example_sensor_decorator to None, run_after=None
[2026-08-24T14:18:35.866+0000] {processor.py:183} INFO - Processing /home/airflow/.local/lib/python3.12/site-packages/airflow/example_dags/example_sensor_decorator.py took 0.101 seconds
[2026-08-24T14:19:06.771+0000] {processor.py:161} INFO - Started process (PID=788) to work on /home/airflow/.local/lib/python3.12/site-packages/airflow/example_dags/example_sensor_decorator.py
[2026-08-24T14:19:06.773+0000] {processor.py:830} INFO - Processing file /home/airflow/.local/lib/python3.12/site-packages/airflow/example_dags/example_sensor_decorator.py for tasks to queue
[2026-08-24T14:19:06.776+0000] {logging_mixin.py:188} INFO - [2026-08-24T14:19:06.776+0000] {dagbag.py:545} INFO - Filling up the DagBag from /home/airflow/.local/lib/python3.12/site-packages/airflow/example_dags/example_sensor_decorator.py
[2026-08-24T14:19:06.791+0000] {processor.py:840} INFO - DAG(s) 'example_sensor_decorator' retrieved from /home/airflow/.local/lib/python3.12/site-packages/airflow/example_dags/example_sensor_decorator.py
[2026-08-24T14:19:06.819+0000] {logging_mixin.py:188} INFO - [2026-08-24T14:19:06.818+0000] {dag.py:3096} INFO - Sync 1 DAGs
[2026-08-24T14:19:06.835+0000] {logging_mixin.py:188} INFO - [2026-08-24T14:19:06.834+0000] {dag.py:3954} INFO - Setting next_dagrun for example_sensor_decorator to None, run_after=None
[2026-08-24T14:19:06.859+0000] {processor.py:183} INFO - Processing /home/airflow/.local/lib/python3.12/site-packages/airflow/example_dags/example_sensor_decorator.py took 0.100 seconds
[2026-08-24T14:19:38.243+0000] {processor.py:161} INFO - Started process (PID=848) to work on /home/airflow/.local/lib/python3.12/site-packages/airflow/example_dags/example_sensor_decorator.py
[2026-08-24T14:19:38.245+0000] {processor.py:830} INFO - Processing file /home/airflow/.local/lib/python3.12/site-packages/airflow/example_dags/example_sensor_decorator.py for tasks to queue
[2026-08-24T14:19:38.250+0000] {logging_mixin.py:188} INFO - [2026-08-24T14:19:38.249+0000] {dagbag.py:545} INFO - Filling up the DagBag from /home/airflow/.local/lib/python3.12/site-packages/airflow/example_dags/example_sensor_decorator.py
[2026-08-24T14:19:38.265+0000] {processor.py:840} INFO - DAG(s) 'example_sensor_decorator' retrieved from /home/airflow/.local/lib/python3.12/site-packages/airflow/example_dags/example_sensor_decorator.py
[2026-08-24T14:19:38.299+0000] {logging_mixin.py:188} INFO - [2026-08-24T14:19:38.298+0000] {dag.py:3096} INFO - Sync 1 DAGs
[2026-08-24T14:19:38.317+0000] {logging_mixin.py:188} INFO - [2026-08-24T14:19:38.316+0000] {dag.py:3954} INFO - Setting next_dagrun for example_sensor_decorator to None, run_after=None
[2026-08-24T14:19:38.345+0000] {processor.py:183} INFO - Processing /home/airflow/.local/lib/python3.12/site-packages/airflow/example_dags/example_sensor_decorator.py took 0.116 seconds
[2026-08-24T14:20:09.700+0000] {processor.py:161} INFO - Started process (PID=908) to work on /home/airflow/.local/lib/python3.12/site-packages/airflow/example_dags/example_sensor_decorator.py
[2026-08-24T14:20:09.702+0000] {processor.py:830} INFO - Processing file /home/airflow/.local/lib/python3.12/site-packages/airflow/example_dags/example_sensor_decorator.py for tasks to queue
[2026-08-24T14:20:09.705+0000] {logging_mixin.py:188} INFO - [2026-08-24T14:20:09.705+0000] {dagbag.py:545} INFO - Filling up the DagBag from /home/airflow/.local/lib/python3.12/site-packages/airflow/example_dags/example_sensor_decorator.py
[2026-08-24T14:20:09.715+0000] {processor.py:840} INFO - DAG(s) 'example_sensor_decorator' retrieved from /home/airflow/.local/lib/python3.12/site-packages/airflow/example_dags/example_sensor_decorator.py
[2026-08-24T14:20:09.751+0000] {logging_mixin.py:188} INFO - [2026-08-24T14:20:09.751+0000] {dag.py:3096} INFO - Sync 1 DAGs
[2026-08-24T14:20:09.775+0000] {logging_mixin.py:188} INFO - [2026-08-24T14:20:09.775+0000] {dag.py:3954} INFO - Setting next_dagrun for example_sensor_decorator to None, run_after=None
[2026-08-24T14:20:09.805+0000] {processor.py:183} INFO - Processing /home/airflow/.local/lib/python3.12/site-packages/airflow/example_dags/example_sensor_decorator.py took 0.113 seconds
[2026-08-24T14:22:21.193+0000] {processor.py:161} INFO - Started process (PID=131) to work on /home/airflow/.local/lib/python3.12/site-packages/airflow/example_dags/example_sensor_decorator.py
[2026-08-24T14:22:21.194+0000] {processor.py:830} INFO - Processing file /home/airflow/.local/lib/python3.12/site-packages/airflow/example_dags/example_sensor_decorator.py for tasks to queue
[2026-08-24T14:22:21.197+0000] {logging_mixin.py:188} INFO - [2026-08-24T14:22:21.196+0000] {dagbag.py:545} INFO - Filling up the DagBag from /home/airflow/.local/lib/python3.12/site-packages/airflow/example_dags/example_sensor_decorator.py
[2026-08-24T14:22:21.208+0000] {processor.py:840} INFO - DAG(s) 'example_sensor_decorator' retrieved from /home/airflow/.local/lib/python3.12/site-packages/airflow/example_dags/example_sensor_decorator.py
[2026-08-24T14:22:21.351+0000] {logging_mixin.py:188} INFO - [2026-08-24T14:22:21.351+0000] {dag.py:3096} INFO - Sync 1 DAGs
[2026-08-24T14:22:21.367+0000] {logging_mixin.py:188} INFO - [2026-08-24T14:22:21.367+0000] {dag.py:3954} INFO - Setting next_dagrun for example_sensor_decorator to None, run_after=None
[2026-08-24T14:22:21.397+0000] {processor.py:183} INFO - Processing /home/airflow/.local/lib/python3.12/site-packages/airflow/example_dags/example_sensor_decorator.py took 0.212 seconds
[2026-08-24T14:23:03.227+0000] {processor.py:161} INFO - Started process (PID=116) to work on /home/airflow/.local/lib/python3.12/site-packages/airflow/example_dags/example_sensor_decorator.py
[2026-08-24T14:23:03.229+0000] {processor.py:830} INFO - Processing file /home/airflow/.local/lib/python3.12/site-packages/airflow/example_dags/example_sensor_decorator.py for tasks to queue
[2026-08-24T14:23:03.232+0000] {logging_mixin.py:188} INFO - [2026-08-24T14:23:03.232+0000] {dagbag.py:545} INFO - Filling up the DagBag from /home/airflow/.local/lib/python3.12/site-packages/airflow/example_dags/example_sensor_decorator.py
[2026-08-24T14:23:03.240+0000] {processor.py:840} INFO - DAG(s) 'example_sensor_decorator' retrieved from /home/airflow/.local/lib/python3.12/site-packages/airflow/example_dags/example_sensor_decorator.py
[2026-08-24T14:23:03.272+0000] {logging_mixin.py:188} INFO - [2026-08-24T14:23:03.272+0000] {dag.py:3096} INFO - Sync 1 DAGs
[2026-08-24T14:23:03.297+0000] {logging_mixin.py:188} INFO - [2026-08-24T14:23:03.296+0000] {dag.py:3954} INFO - Setting next_dagrun for example_sensor_decorator to None, run_after=None
[2026-08-24T14:23:03.336+0000] {processor.py:183} INFO - Processing /home/airflow/.local/lib/python3.12/site-packages/airflow/example_dags/example_sensor_decorator.py took 0.116 seconds
[2026-08-24T14:23:34.471+0000] {processor.py:161} INFO - Started process (PID=176) to work on /home/airflow/.local/lib/python3.12/site-packages/airflow/example_dags/example_sensor_decorator.py
[2026-08-24T14:23:34.474+0000] {processor.py:830} INFO - Processing file /home/airflow/.local/lib/python3.12/site-packages/airflow/example_dags/example_sensor_decorator.py for tasks to queue
[2026-08-24T14:23:34.486+0000] {logging_mixin.py:188} INFO - [2026-08-24T14:23:34.485+0000] {dagbag.py:545} INFO - Filling up the DagBag from /home/airflow/.local/lib/python3.12/site-packages/airflow/example_dags/example_sensor_decorator.py
[2026-08-24T14:23:34.505+0000] {processor.py:840} INFO - DAG(s) 'example_sensor_decorator' retrieved from /home/airflow/.local/lib/python3.12/site-packages/airflow/example_dags/example_sensor_decorator.py
[2026-08-24T14:23:34.571+0000] {logging_mixin.py:188} INFO - [2026-08-24T14:23:34.571+0000] {dag.py:3096} INFO - Sync 1 DAGs
[2026-08-24T14:23:34.608+0000] {logging_mixin.py:188} INFO - [2026-08-24T14:23:34.607+0000] {dag.py:3954} INFO - Setting next_dagrun for example_sensor_decorator to None, run_after=None
[2026-08-24T14:23:34.658+0000] {processor.py:183} INFO - Processing /home/airflow/.local/lib/python3.12/site-packages/airflow/example_dags/example_sensor_decorator.py took 0.207 seconds
[2026-08-24T14:24:05.909+0000] {processor.py:161} INFO - Started process (PID=236) to work on /home/airflow/.local/lib/python3.12/site-packages/airflow/example_dags/example_sensor_decorator.py
[2026-08-24T14:24:05.910+0000] {processor.py:830} INFO - Processing file /home/airflow/.local/lib/python3.12/site-packages/airflow/example_dags/example_sensor_decorator.py for tasks to queue
[2026-08-24T14:24:05.914+0000] {logging_mixin.py:188} INFO - [2026-08-24T14:24:05.913+0000] {dagbag.py:545} INFO - Filling up the DagBag from /home/airflow/.local/lib/python3.12/site-packages/airflow/example_dags/example_sensor_decorator.py
[2026-08-24T14:24:05.924+0000] {processor.py:840} INFO - DAG(s) 'example_sensor_decorator' retrieved from /home/airflow/.local/lib/python3.12/site-packages/airflow/example_dags/example_sensor_decorator.py
[2026-08-24T14:24:05.952+0000] {logging_mixin.py:188} INFO - [2026-08-24T14:24:05.952+0000] {dag.py:3096} INFO - Sync 1 DAGs
[2026-08-24T14:24:05.974+0000] {logging_mixin.py:188} INFO - [2026-08-24T14:24:05.974+0000] {dag.py:3954} INFO - Setting next_dagrun for example_sensor_decorator to None, run_after=None
[2026-08-24T14:24:06.003+0000] {processor.py:183} INFO - Processing /home/airflow/.local/lib/python3.12/site-packages/airflow/example_dags/example_sensor_decorator.py took 0.103 seconds
[2026-08-24T14:24:36.950+0000] {processor.py:161} INFO - Started process (PID=296) to work on /home/airflow/.local/lib/python3.12/site-packages/airflow/example_dags/example_sensor_decorator.py
[2026-08-24T14:24:36.951+0000] {processor.py:830} INFO - Processing file /home/airflow/.local/lib/python3.12/site-packages/airflow/example_dags/example_sensor_decorator.py for tasks to queue
[2026-08-24T14:24:36.954+0000] {logging_mixin.py:188} INFO - [2026-08-24T14:24:36.953+0000] {dagbag.py:545} INFO - Filling up the DagBag from /home/airflow/.local/lib/python3.12/site-packages/airflow/example_dags/example_sensor_decorator.py
[2026-08-24T14:24:36.962+0000] {processor.py:840} INFO - DAG(s) 'example_sensor_decorator' retrieved from /home/airflow/.local/lib/python3.12/site-packages/airflow/example_dags/example_sensor_decorator.py
[2026-08-24T14:24:36.991+0000] {logging_mixin.py:188} INFO - [2026-08-24T14:24:36.991+0000] {dag.py:3096} INFO - Sync 1 DAGs
[2026-08-24T14:24:37.009+0000] {logging_mixin.py:188} INFO - [2026-08-24T14:24:37.008+0000] {dag.py:3954} INFO - Setting next_dagrun for example_sensor_decorator to None, run_after=None
[2026-08-24T14:24:37.032+0000] {processor.py:183} INFO - Processing /home/airflow/.local/lib/python3.12/site-packages/airflow/example_dags/example_sensor_decorator.py took 0.091 seconds
[2026-08-24T14:25:07.866+0000] {processor.py:161} INFO - Started process (PID=356) to work on /home/airflow/.local/lib/python3.12/site-packages/airflow/example_dags/example_sensor_decorator.py
[2026-08-24T14:25:07.867+0000] {processor.py:830} INFO - Processing file /home/airflow/.local/lib/python3.12/site-packages/airflow/example_dags/example_sensor_decorator.py for tasks to queue
[2026-08-24T14:25:07.870+0000] {logging_mixin.py:188} INFO - [2026-08-24T14:25:07.869+0000] {dagbag.py:545} INFO - Filling up the DagBag from /home/airflow/.local/lib/python3.12/site-packages/airflow/example_dags/example_sensor_decorator.py
[2026-08-24T14:25:07.880+0000] {processor.py:840} INFO - DAG(s) 'example_sensor_decorator' retrieved from /home/airflow/.local/lib/python3.12/site-packages/airflow/example_dags/example_sensor_decorator.py
[2026-08-24T14:25:07.906+0000] {logging_mixin.py:188} INFO - [2026-08-24T14:25:07.906+0000] {dag.py:3096} INFO - Sync 1 DAGs
[2026-08-24T14:25:07.923+0000] {logging_mixin.py:188} INFO - [2026-08-24T14:25:07.922+0000] {dag.py:3954} INFO - Setting next_dagrun for example_sensor_decorator to None, run_after=None
[2026-08-24T14:25:07.948+0000] {processor.py:183} INFO - Processing /home/airflow/.local/lib/python3.12/site-packages/airflow/example_dags/example_sensor_decorator.py took 0.090 seconds
[2026-08-24T14:25:38.769+0000] {processor.py:161} INFO - Started process (PID=416) to work on /home/airflow/.local/lib/python3.12/site-packages/airflow/example_dags/example_sensor_decorator.py
[2026-08-24T14:25:38.770+0000] {processor.py:830} INFO - Processing file /home/airflow/.local/lib/python3.12/site-packages/airflow/example_dags/example_sensor_decorator.py for tasks to queue
[2026-08-24T14:25:38.773+0000] {logging_mixin.py:188} INFO - [2026-08-24T14:25:38.772+0000] {dagbag.py:545} INFO - Filling up the DagBag from /home/airflow/.local/lib/python3.12/site-packages/airflow/example_dags/example_sensor_decorator.py
[2026-08-24T14:25:38.781+0000] {processor.py:840} INFO - DAG(s) 'example_sensor_decorator' retrieved from /home/airflow/.local/lib/python3.12/site-packages/airflow/example_dags/example_sensor_decorator.py
[2026-08-24T14:25:38.807+0000] {logging_mixin.py:188} INFO - [2026-08-24T14:25:38.806+0000] {dag.py:3096} INFO - Sync 1 DAGs
[2026-08-24T14:25:38.822+0000] {logging_mixin.py:188} INFO - [2026-08-24T14:25:38.822+0000] {dag.py:3954} INFO - Setting next_dagrun for example_sensor_decorator to None, run_after=None
[2026-08-24T14:25:38.849+0000] {processor.py:183} INFO - Processing /home/airflow/.local/lib/python3.12/site-packages/airflow/example_dags/example_sensor_decorator.py took 0.087 seconds
[2026-08-24T14:26:10.061+0000] {processor.py:161} INFO - Started process (PID=476) to work on /home/airflow/.local/lib/python3.12/site-packages/airflow/example_dags/example_sensor_decorator.py
[2026-08-24T14:26:10.062+0000] {processor.py:830} INFO - Processing file /home/airflow/.local/lib/python3.12/site-packages/airflow/example_dags/example_sensor_decorator.py for tasks to queue
[2026-08-24T14:26:10.064+0000] {logging_mixin.py:188} INFO - [2026-08-24T14:26:10.064+0000] {dagbag.py:545} INFO - Filling up the DagBag from /home/airflow/.local/lib/python3.12/site-packages/airflow/example_dags/example_sensor_decorator.py
[2026-08-24T14:26:10.073+0000] {processor.py:840} INFO - DAG(s) 'example_sensor_decorator' retrieved from /home/airflow/.local/lib/python3.12/site-packages/airflow/example_dags/example_sensor_decorator.py
[2026-08-24T14:26:10.097+0000] {logging_mixin.py:188} INFO - [2026-08-24T14:26:10.097+0000] {dag.py:3096} INFO - Sync 1 DAGs
[2026-08-24T14:26:10.115+0000] {logging_mixin.py:188} INFO - [2026-08-24T14:26:10.115+0000] {dag.py:3954} INFO - Setting next_dagrun for example_sensor_decorator to None, run_after=None
[2026-08-24T14:26:10.138+0000] {processor.py:183} INFO - Processing /home/airflow/.local/lib/python3.12/site-packages/airflow/example_dags/example_sensor_decorator.py took 0.085 seconds
[2026-08-24T14:26:40.719+0000] {processor.py:161} INFO - Started process (PID=536) to work on /home/airflow/.local/lib/python3.12/site-packages/airflow/example_dags/example_sensor_decorator.py
[2026-08-24T14:26:40.721+0000] {processor.py:830} INFO - Processing file /home/airflow/.local/lib/python3.12/site-packages/airflow/example_dags/example_sensor_decorator.py for tasks to queue
[2026-08-24T14:26:40.725+0000] {logging_mixin.py:188} INFO - [2026-08-24T14:26:40.725+0000] {dagbag.py:545} INFO - Filling up the DagBag from /home/airflow/.local/lib/python3.12/site-packages/airflow/example_dags/example_sensor_decorator.py
[2026-08-24T14:26:40.734+0000] {processor.py:840} INFO - DAG(s) 'example_sensor_decorator' retrieved from /home/airflow/.local/lib/python3.12/site-packages/airflow/example_dags/example_sensor_decorator.py
[2026-08-24T14:26:40.762+0000] {logging_mixin.py:188} INFO - [2026-08-24T14:26:40.762+0000] {dag.py:3096} INFO - Sync 1 DAGs
[2026-08-24T14:26:40.781+0000] {logging_mixin.py:188} INFO - [2026-08-24T14:26:40.781+0000] {dag.py:3954} INFO - Setting next_dagrun for example_sensor_decorator to None, run_after=None
[2026-08-24T14:26:40.811+0000] {processor.py:183} INFO - Processing /home/airflow/.local/lib/python3.12/site-packages/airflow/example_dags/example_sensor_decorator.py took 0.102 seconds
[2026-08-24T14:27:11.340+0000] {processor.py:161} INFO - Started process (PID=596) to work on /home/airflow/.local/lib/python3.12/site-packages/airflow/example_dags/example_sensor_decorator.py
[2026-08-24T14:27:11.342+0000] {processor.py:830} INFO - Processing file /home/airflow/.local/lib/python3.12/site-packages/airflow/example_dags/example_sensor_decorator.py for tasks to queue
[2026-08-24T14:27:11.344+0000] {logging_mixin.py:188} INFO - [2026-08-24T14:27:11.344+0000] {dagbag.py:545} INFO - Filling up the DagBag from /home/airflow/.local/lib/python3.12/site-packages/airflow/example_dags/example_sensor_decorator.py
[2026-08-24T14:27:11.353+0000] {processor.py:840} INFO - DAG(s) 'example_sensor_decorator' retrieved from /home/airflow/.local/lib/python3.12/site-packages/airflow/example_dags/example_sensor_decorator.py
[2026-08-24T14:27:11.376+0000] {logging_mixin.py:188} INFO - [2026-08-24T14:27:11.376+0000] {dag.py:3096} INFO - Sync 1 DAGs
[2026-08-24T14:27:11.392+0000] {logging_mixin.py:188} INFO - [2026-08-24T14:27:11.392+0000] {dag.py:3954} INFO - Setting next_dagrun for example_sensor_decorator to None, run_after=None
[2026-08-24T14:27:11.417+0000] {processor.py:183} INFO - Processing /home/airflow/.local/lib/python3.12/site-packages/airflow/example_dags/example_sensor_decorator.py took 0.084 seconds
[2026-08-24T14:27:41.799+0000] {processor.py:161} INFO - Started process (PID=656) to work on /home/airflow/.local/lib/python3.12/site-packages/airflow/example_dags/example_sensor_decorator.py
[2026-08-24T14:27:41.801+0000] {processor.py:830} INFO - Processing file /home/airflow/.local/lib/python3.12/site-packages/airflow/example_dags/example_sensor_decorator.py for tasks to queue
[2026-08-24T14:27:41.803+0000] {logging_mixin.py:188} INFO - [2026-08-24T14:27:41.803+0000] {dagbag.py:545} INFO - Filling up the DagBag from /home/airflow/.local/lib/python3.12/site-packages/airflow/example_dags/example_sensor_decorator.py
[2026-08-24T14:27:41.811+0000] {processor.py:840} INFO - DAG(s) 'example_sensor_decorator' retrieved from /home/airflow/.local/lib/python3.12/site-packages/airflow/example_dags/example_sensor_decorator.py
[2026-08-24T14:27:41.837+0000] {logging_mixin.py:188} INFO - [2026-08-24T14:27:41.837+0000] {dag.py:3096} INFO - Sync 1 DAGs
[2026-08-24T14:27:41.853+0000] {logging_mixin.py:188} INFO - [2026-08-24T14:27:41.852+0000] {dag.py:3954} INFO - Setting next_dagrun for example_sensor_decorator to None, run_after=None
[2026-08-24T14:27:41.878+0000] {processor.py:183} INFO - Processing /home/airflow/.local/lib/python3.12/site-packages/airflow/example_dags/example_sensor_decorator.py took 0.086 seconds
[2026-08-24T14:28:12.553+0000] {processor.py:161} INFO - Started process (PID=714) to work on /home/airflow/.local/lib/python3.12/site-packages/airflow/example_dags/example_sensor_decorator.py
[2026-08-24T14:28:12.555+0000] {processor.py:830} INFO - Processing file /home/airflow/.local/lib/python3.12/site-packages/airflow/example_dags/example_sensor_decorator.py for tasks to queue
[2026-08-24T14:28:12.559+0000] {logging_mixin.py:188} INFO - [2026-08-24T14:28:12.558+0000] {dagbag.py:545} INFO - Filling up the DagBag from /home/airflow/.local/lib/python3.12/site-packages/airflow/example_dags/example_sensor_decorator.py
[2026-08-24T14:28:12.571+0000] {processor.py:840} INFO - DAG(s) 'example_sensor_decorator' retrieved from /home/airflow/.local/lib/python3.12/site-packages/airflow/example_dags/example_sensor_decorator.py
[2026-08-24T14:28:12.612+0000] {logging_mixin.py:188} INFO - [2026-08-24T14:28:12.612+0000] {dag.py:3096} INFO - Sync 1 DAGs
[2026-08-24T14:28:12.632+0000] {logging_mixin.py:188} INFO - [2026-08-24T14:28:12.631+0000] {dag.py:3954} INFO - Setting next_dagrun for example_sensor_decorator to None, run_after=None
[2026-08-24T14:28:12.660+0000] {processor.py:183} INFO - Processing /home/airflow/.local/lib/python3.12/site-packages/airflow/example_dags/example_sensor_decorator.py took 0.119 seconds
[2026-08-24T14:28:43.128+0000] {processor.py:161} INFO - Started process (PID=774) to work on /home/airflow/.local/lib/python3.12/site-packages/airflow/example_dags/example_sensor_decorator.py
[2026-08-24T14:28:43.129+0000] {processor.py:830} INFO - Processing file /home/airflow/.local/lib/python3.12/site-packages/airflow/example_dags/example_sensor_decorator.py for tasks to queue
[2026-08-24T14:28:43.132+0000] {logging_mixin.py:188} INFO - [2026-08-24T14:28:43.131+0000] {dagbag.py:545} INFO - Filling up the DagBag from /home/airflow/.local/lib/python3.12/site-packages/airflow/example_dags/example_sensor_decorator.py
[2026-08-24T14:28:43.147+0000] {processor.py:840} INFO - DAG(s) 'example_sensor_decorator' retrieved from /home/airflow/.local/lib/python3.12/site-packages/airflow/example_dags/example_sensor_decorator.py
[2026-08-24T14:28:43.175+0000] {logging_mixin.py:188} INFO - [2026-08-24T14:28:43.174+0000] {dag.py:3096} INFO - Sync 1 DAGs
[2026-08-24T14:28:43.192+0000] {logging_mixin.py:188} INFO - [2026-08-24T14:28:43.192+0000] {dag.py:3954} INFO - Setting next_dagrun for example_sensor_decorator to None, run_after=None
[2026-08-24T14:28:43.217+0000] {processor.py:183} INFO - Processing /home/airflow/.local/lib/python3.12/site-packages/airflow/example_dags/example_sensor_decorator.py took 0.097 seconds
[2026-08-24T14:29:13.364+0000] {processor.py:161} INFO - Started process (PID=834) to work on /home/airflow/.local/lib/python3.12/site-packages/airflow/example_dags/example_sensor_decorator.py
[2026-08-24T14:29:13.366+0000] {processor.py:830} INFO - Processing file /home/airflow/.local/lib/python3.12/site-packages/airflow/example_dags/example_sensor_decorator.py for tasks to queue
[2026-08-24T14:29:13.369+0000] {logging_mixin.py:188} INFO - [2026-08-24T14:29:13.368+0000] {dagbag.py:545} INFO - Filling up the DagBag from /home/airflow/.local/lib/python3.12/site-packages/airflow/example_dags/example_sensor_decorator.py
[2026-08-24T14:29:13.382+0000] {processor.py:840} INFO - DAG(s) 'example_sensor_decorator' retrieved from /home/airflow/.local/lib/python3.12/site-packages/airflow/example_dags/example_sensor_decorator.py
[2026-08-24T14:29:13.419+0000] {logging_mixin.py:188} INFO - [2026-08-24T14:29:13.418+0000] {dag.py:3096} INFO - Sync 1 DAGs
[2026-08-24T14:29:13.444+0000] {logging_mixin.py:188} INFO - [2026-08-24T14:29:13.444+0000] {dag.py:3954} INFO - Setting next_dagrun for example_sensor_decorator to None, run_after=None
[2026-08-24T14:29:13.478+0000] {processor.py:183} INFO - Processing /home/airflow/.local/lib/python3.12/site-packages/airflow/example_dags/example_sensor_decorator.py took 0.123 seconds
[2026-08-24T14:29:43.728+0000] {processor.py:161} INFO - Started process (PID=895) to work on /home/airflow/.local/lib/python3.12/site-packages/airflow/example_dags/example_sensor_decorator.py
[2026-08-24T14:29:43.729+0000] {processor.py:830} INFO - Processing file /home/airflow/.local/lib/python3.12/site-packages/airflow/example_dags/example_sensor_decorator.py for tasks to queue
[2026-08-24T14:29:43.733+0000] {logging_mixin.py:188} INFO - [2026-08-24T14:29:43.733+0000] {dagbag.py:545} INFO - Filling up the DagBag from /home/airflow/.local/lib/python3.12/site-packages/airflow/example_dags/example_sensor_decorator.py
[2026-08-24T14:29:43.742+0000] {processor.py:840} INFO - DAG(s) 'example_sensor_decorator' retrieved from /home/airflow/.local/lib/python3.12/site-packages/airflow/example_dags/example_sensor_decorator.py
[2026-08-24T14:29:43.771+0000] {logging_mixin.py:188} INFO - [2026-08-24T14:29:43.771+0000] {dag.py:3096} INFO - Sync 1 DAGs
[2026-08-24T14:29:43.793+0000] {logging_mixin.py:188} INFO - [2026-08-24T14:29:43.793+0000] {dag.py:3954} INFO - Setting next_dagrun for example_sensor_decorator to None, run_after=None
[2026-08-24T14:29:43.823+0000] {processor.py:183} INFO - Processing /home/airflow/.local/lib/python3.12/site-packages/airflow/example_dags/example_sensor_decorator.py took 0.103 seconds
[2026-08-24T14:30:14.636+0000] {processor.py:161} INFO - Started process (PID=955) to work on /home/airflow/.local/lib/python3.12/site-packages/airflow/example_dags/example_sensor_decorator.py
[2026-08-24T14:30:14.637+0000] {processor.py:830} INFO - Processing file /home/airflow/.local/lib/python3.12/site-packages/airflow/example_dags/example_sensor_decorator.py for tasks to queue
[2026-08-24T14:30:14.640+0000] {logging_mixin.py:188} INFO - [2026-08-24T14:30:14.640+0000] {dagbag.py:545} INFO - Filling up the DagBag from /home/airflow/.local/lib/python3.12/site-packages/airflow/example_dags/example_sensor_decorator.py
[2026-08-24T14:30:14.651+0000] {processor.py:840} INFO - DAG(s) 'example_sensor_decorator' retrieved from /home/airflow/.local/lib/python3.12/site-packages/airflow/example_dags/example_sensor_decorator.py
[2026-08-24T14:30:14.696+0000] {logging_mixin.py:188} INFO - [2026-08-24T14:30:14.694+0000] {dag.py:3096} INFO - Sync 1 DAGs
[2026-08-24T14:30:14.724+0000] {logging_mixin.py:188} INFO - [2026-08-24T14:30:14.724+0000] {dag.py:3954} INFO - Setting next_dagrun for example_sensor_decorator to None, run_after=None
[2026-08-24T14:30:14.756+0000] {processor.py:183} INFO - Processing /home/airflow/.local/lib/python3.12/site-packages/airflow/example_dags/example_sensor_decorator.py took 0.128 seconds
[2026-08-24T14:30:45.200+0000] {processor.py:161} INFO - Started process (PID=1016) to work on /home/airflow/.local/lib/python3.12/site-packages/airflow/example_dags/example_sensor_decorator.py
[2026-08-24T14:30:45.202+0000] {processor.py:830} INFO - Processing file /home/airflow/.local/lib/python3.12/site-packages/airflow/example_dags/example_sensor_decorator.py for tasks to queue
[2026-08-24T14:30:45.204+0000] {logging_mixin.py:188} INFO - [2026-08-24T14:30:45.204+0000] {dagbag.py:545} INFO - Filling up the DagBag from /home/airflow/.local/lib/python3.12/site-packages/airflow/example_dags/example_sensor_decorator.py
[2026-08-24T14:30:45.214+0000] {processor.py:840} INFO - DAG(s) 'example_sensor_decorator' retrieved from /home/airflow/.local/lib/python3.12/site-packages/airflow/example_dags/example_sensor_decorator.py
[2026-08-24T14:30:45.239+0000] {logging_mixin.py:188} INFO - [2026-08-24T14:30:45.239+0000] {dag.py:3096} INFO - Sync 1 DAGs
[2026-08-24T14:30:45.256+0000] {logging_mixin.py:188} INFO - [2026-08-24T14:30:45.256+0000] {dag.py:3954} INFO - Setting next_dagrun for example_sensor_decorator to None, run_after=None
[2026-08-24T14:30:45.280+0000] {processor.py:183} INFO - Processing /home/airflow/.local/lib/python3.12/site-packages/airflow/example_dags/example_sensor_decorator.py took 0.087 seconds
[2026-08-24T14:35:28.825+0000] {processor.py:161} INFO - Started process (PID=133) to work on /home/airflow/.local/lib/python3.12/site-packages/airflow/example_dags/example_sensor_decorator.py
[2026-08-24T14:35:28.827+0000] {processor.py:830} INFO - Processing file /home/airflow/.local/lib/python3.12/site-packages/airflow/example_dags/example_sensor_decorator.py for tasks to queue
[2026-08-24T14:35:28.831+0000] {logging_mixin.py:188} INFO - [2026-08-24T14:35:28.830+0000] {dagbag.py:545} INFO - Filling up the DagBag from /home/airflow/.local/lib/python3.12/site-packages/airflow/example_dags/example_sensor_decorator.py
[2026-08-24T14:35:28.842+0000] {processor.py:840} INFO - DAG(s) 'example_sensor_decorator' retrieved from /home/airflow/.local/lib/python3.12/site-packages/airflow/example_dags/example_sensor_decorator.py
[2026-08-24T14:35:29.011+0000] {logging_mixin.py:188} INFO - [2026-08-24T14:35:29.011+0000] {dag.py:3096} INFO - Sync 1 DAGs
[2026-08-24T14:35:29.026+0000] {logging_mixin.py:188} INFO - [2026-08-24T14:35:29.026+0000] {dag.py:3954} INFO - Setting next_dagrun for example_sensor_decorator to None, run_after=None
[2026-08-24T14:35:29.053+0000] {processor.py:183} INFO - Processing /home/airflow/.local/lib/python3.12/site-packages/airflow/example_dags/example_sensor_decorator.py took 0.239 seconds
[2026-08-24T14:35:59.743+0000] {processor.py:161} INFO - Started process (PID=199) to work on /home/airflow/.local/lib/python3.12/site-packages/airflow/example_dags/example_sensor_decorator.py
[2026-08-24T14:35:59.744+0000] {processor.py:830} INFO - Processing file /home/airflow/.local/lib/python3.12/site-packages/airflow/example_dags/example_sensor_decorator.py for tasks to queue
[2026-08-24T14:35:59.747+0000] {logging_mixin.py:188} INFO - [2026-08-24T14:35:59.747+0000] {dagbag.py:545} INFO - Filling up the DagBag from /home/airflow/.local/lib/python3.12/site-packages/airflow/example_dags/example_sensor_decorator.py
[2026-08-24T14:35:59.755+0000] {processor.py:840} INFO - DAG(s) 'example_sensor_decorator' retrieved from /home/airflow/.local/lib/python3.12/site-packages/airflow/example_dags/example_sensor_decorator.py
[2026-08-24T14:35:59.781+0000] {logging_mixin.py:188} INFO - [2026-08-24T14:35:59.780+0000] {dag.py:3096} INFO - Sync 1 DAGs
[2026-08-24T14:35:59.797+0000] {logging_mixin.py:188} INFO - [2026-08-24T14:35:59.797+0000] {dag.py:3954} INFO - Setting next_dagrun for example_sensor_decorator to None, run_after=None
[2026-08-24T14:35:59.822+0000] {processor.py:183} INFO - Processing /home/airflow/.local/lib/python3.12/site-packages/airflow/example_dags/example_sensor_decorator.py took 0.086 seconds
[2026-08-24T14:36:30.259+0000] {processor.py:161} INFO - Started process (PID=260) to work on /home/airflow/.local/lib/python3.12/site-packages/airflow/example_dags/example_sensor_decorator.py
[2026-08-24T14:36:30.261+0000] {processor.py:830} INFO - Processing file /home/airflow/.local/lib/python3.12/site-packages/airflow/example_dags/example_sensor_decorator.py for tasks to queue
[2026-08-24T14:36:30.264+0000] {logging_mixin.py:188} INFO - [2026-08-24T14:36:30.264+0000] {dagbag.py:545} INFO - Filling up the DagBag from /home/airflow/.local/lib/python3.12/site-packages/airflow/example_dags/example_sensor_decorator.py
[2026-08-24T14:36:30.272+0000] {processor.py:840} INFO - DAG(s) 'example_sensor_decorator' retrieved from /home/airflow/.local/lib/python3.12/site-packages/airflow/example_dags/example_sensor_decorator.py
[2026-08-24T14:36:30.316+0000] {logging_mixin.py:188} INFO - [2026-08-24T14:36:30.315+0000] {dag.py:3096} INFO - Sync 1 DAGs
[2026-08-24T14:36:30.379+0000] {logging_mixin.py:188} INFO - [2026-08-24T14:36:30.379+0000] {dag.py:3954} INFO - Setting next_dagrun for example_sensor_decorator to None, run_after=None
[2026-08-24T14:36:30.438+0000] {processor.py:183} INFO - Processing /home/airflow/.local/lib/python3.12/site-packages/airflow/example_dags/example_sensor_decorator.py took 0.187 seconds
[2026-08-24T14:37:00.709+0000] {processor.py:161} INFO - Started process (PID=320) to work on /home/airflow/.local/lib/python3.12/site-packages/airflow/example_dags/example_sensor_decorator.py
[2026-08-24T14:37:00.710+0000] {processor.py:830} INFO - Processing file /home/airflow/.local/lib/python3.12/site-packages/airflow/example_dags/example_sensor_decorator.py for tasks to queue
[2026-08-24T14:37:00.713+0000] {logging_mixin.py:188} INFO - [2026-08-24T14:37:00.712+0000] {dagbag.py:545} INFO - Filling up the DagBag from /home/airflow/.local/lib/python3.12/site-packages/airflow/example_dags/example_sensor_decorator.py
[2026-08-24T14:37:00.721+0000] {processor.py:840} INFO - DAG(s) 'example_sensor_decorator' retrieved from /home/airflow/.local/lib/python3.12/site-packages/airflow/example_dags/example_sensor_decorator.py
[2026-08-24T14:37:00.747+0000] {logging_mixin.py:188} INFO - [2026-08-24T14:37:00.746+0000] {dag.py:3096} INFO - Sync 1 DAGs
[2026-08-24T14:37:00.763+0000] {logging_mixin.py:188} INFO - [2026-08-24T14:37:00.763+0000] {dag.py:3954} INFO - Setting next_dagrun for example_sensor_decorator to None, run_after=None
[2026-08-24T14:37:00.790+0000] {processor.py:183} INFO - Processing /home/airflow/.local/lib/python3.12/site-packages/airflow/example_dags/example_sensor_decorator.py took 0.091 seconds
[2026-08-24T14:37:31.020+0000] {processor.py:161} INFO - Started process (PID=380) to work on /home/airflow/.local/lib/python3.12/site-packages/airflow/example_dags/example_sensor_decorator.py
[2026-08-24T14:37:31.021+0000] {processor.py:830} INFO - Processing file /home/airflow/.local/lib/python3.12/site-packages/airflow/example_dags/example_sensor_decorator.py for tasks to queue
[2026-08-24T14:37:31.024+0000] {logging_mixin.py:188} INFO - [2026-08-24T14:37:31.024+0000] {dagbag.py:545} INFO - Filling up the DagBag from /home/airflow/.local/lib/python3.12/site-packages/airflow/example_dags/example_sensor_decorator.py
[2026-08-24T14:37:31.035+0000] {processor.py:840} INFO - DAG(s) 'example_sensor_decorator' retrieved from /home/airflow/.local/lib/python3.12/site-packages/airflow/example_dags/example_sensor_decorator.py
[2026-08-24T14:37:31.063+0000] {logging_mixin.py:188} INFO - [2026-08-24T14:37:31.062+0000] {dag.py:3096} INFO - Sync 1 DAGs
[2026-08-24T14:37:31.081+0000] {logging_mixin.py:188} INFO - [2026-08-24T14:37:31.081+0000] {dag.py:3954} INFO - Setting next_dagrun for example_sensor_decorator to None, run_after=None
[2026-08-24T14:37:31.107+0000] {processor.py:183} INFO - Processing /home/airflow/.local/lib/python3.12/site-packages/airflow/example_dags/example_sensor_decorator.py took 0.096 seconds
[2026-08-24T14:38:02.483+0000] {processor.py:161} INFO - Started process (PID=441) to work on /home/airflow/.local/lib/python3.12/site-packages/airflow/example_dags/example_sensor_decorator.py
[2026-08-24T14:38:02.485+0000] {processor.py:830} INFO - Processing file /home/airflow/.local/lib/python3.12/site-packages/airflow/example_dags/example_sensor_decorator.py for tasks to queue
[2026-08-24T14:38:02.487+0000] {logging_mixin.py:188} INFO - [2026-08-24T14:38:02.487+0000] {dagbag.py:545} INFO - Filling up the DagBag from /home/airflow/.local/lib/python3.12/site-packages/airflow/example_dags/example_sensor_decorator.py
[2026-08-24T14:38:02.496+0000] {processor.py:840} INFO - DAG(s) 'example_sensor_decorator' retrieved from /home/airflow/.local/lib/python3.12/site-packages/airflow/example_dags/example_sensor_decorator.py
[2026-08-24T14:38:02.527+0000] {logging_mixin.py:188} INFO - [2026-08-24T14:38:02.527+0000] {dag.py:3096} INFO - Sync 1 DAGs
[2026-08-24T14:38:02.545+0000] {logging_mixin.py:188} INFO - [2026-08-24T14:38:02.545+0000] {dag.py:3954} INFO - Setting next_dagrun for example_sensor_decorator to None, run_after=None
[2026-08-24T14:38:02.572+0000] {processor.py:183} INFO - Processing /home/airflow/.local/lib/python3.12/site-packages/airflow/example_dags/example_sensor_decorator.py took 0.097 seconds
[2026-08-24T14:38:33.508+0000] {processor.py:161} INFO - Started process (PID=501) to work on /home/airflow/.local/lib/python3.12/site-packages/airflow/example_dags/example_sensor_decorator.py
[2026-08-24T14:38:33.509+0000] {processor.py:830} INFO - Processing file /home/airflow/.local/lib/python3.12/site-packages/airflow/example_dags/example_sensor_decorator.py for tasks to queue
[2026-08-24T14:38:33.512+0000] {logging_mixin.py:188} INFO - [2026-08-24T14:38:33.512+0000] {dagbag.py:545} INFO - Filling up the DagBag from /home/airflow/.local/lib/python3.12/site-packages/airflow/example_dags/example_sensor_decorator.py
[2026-08-24T14:38:33.521+0000] {processor.py:840} INFO - DAG(s) 'example_sensor_decorator' retrieved from /home/airflow/.local/lib/python3.12/site-packages/airflow/example_dags/example_sensor_decorator.py
[2026-08-24T14:38:33.546+0000] {logging_mixin.py:188} INFO - [2026-08-24T14:38:33.546+0000] {dag.py:3096} INFO - Sync 1 DAGs
[2026-08-24T14:38:33.564+0000] {logging_mixin.py:188} INFO - [2026-08-24T14:38:33.564+0000] {dag.py:3954} INFO - Setting next_dagrun for example_sensor_decorator to None, run_after=None
[2026-08-24T14:38:33.589+0000] {processor.py:183} INFO - Processing /home/airflow/.local/lib/python3.12/site-packages/airflow/example_dags/example_sensor_decorator.py took 0.088 seconds
[2026-08-24T14:39:03.809+0000] {processor.py:161} INFO - Started process (PID=560) to work on /home/airflow/.local/lib/python3.12/site-packages/airflow/example_dags/example_sensor_decorator.py
[2026-08-24T14:39:03.810+0000] {processor.py:830} INFO - Processing file /home/airflow/.local/lib/python3.12/site-packages/airflow/example_dags/example_sensor_decorator.py for tasks to queue
[2026-08-24T14:39:03.814+0000] {logging_mixin.py:188} INFO - [2026-08-24T14:39:03.813+0000] {dagbag.py:545} INFO - Filling up the DagBag from /home/airflow/.local/lib/python3.12/site-packages/airflow/example_dags/example_sensor_decorator.py
[2026-08-24T14:39:03.822+0000] {processor.py:840} INFO - DAG(s) 'example_sensor_decorator' retrieved from /home/airflow/.local/lib/python3.12/site-packages/airflow/example_dags/example_sensor_decorator.py
[2026-08-24T14:39:03.850+0000] {logging_mixin.py:188} INFO - [2026-08-24T14:39:03.850+0000] {dag.py:3096} INFO - Sync 1 DAGs
[2026-08-24T14:39:03.869+0000] {logging_mixin.py:188} INFO - [2026-08-24T14:39:03.868+0000] {dag.py:3954} INFO - Setting next_dagrun for example_sensor_decorator to None, run_after=None
[2026-08-24T14:39:03.896+0000] {processor.py:183} INFO - Processing /home/airflow/.local/lib/python3.12/site-packages/airflow/example_dags/example_sensor_decorator.py took 0.096 seconds
[2026-08-24T14:41:21.784+0000] {processor.py:161} INFO - Started process (PID=138) to work on /home/airflow/.local/lib/python3.12/site-packages/airflow/example_dags/example_sensor_decorator.py
[2026-08-24T14:41:21.786+0000] {processor.py:830} INFO - Processing file /home/airflow/.local/lib/python3.12/site-packages/airflow/example_dags/example_sensor_decorator.py for tasks to queue
[2026-08-24T14:41:21.788+0000] {logging_mixin.py:188} INFO - [2026-08-24T14:41:21.788+0000] {dagbag.py:545} INFO - Filling up the DagBag from /home/airflow/.local/lib/python3.12/site-packages/airflow/example_dags/example_sensor_decorator.py
[2026-08-24T14:41:21.796+0000] {processor.py:840} INFO - DAG(s) 'example_sensor_decorator' retrieved from /home/airflow/.local/lib/python3.12/site-packages/airflow/example_dags/example_sensor_decorator.py
[2026-08-24T14:41:21.936+0000] {logging_mixin.py:188} INFO - [2026-08-24T14:41:21.936+0000] {dag.py:3096} INFO - Sync 1 DAGs
[2026-08-24T14:41:21.953+0000] {logging_mixin.py:188} INFO - [2026-08-24T14:41:21.953+0000] {dag.py:3954} INFO - Setting next_dagrun for example_sensor_decorator to None, run_after=None
[2026-08-24T14:41:21.982+0000] {processor.py:183} INFO - Processing /home/airflow/.local/lib/python3.12/site-packages/airflow/example_dags/example_sensor_decorator.py took 0.205 seconds
[2026-08-24T14:41:52.885+0000] {processor.py:161} INFO - Started process (PID=198) to work on /home/airflow/.local/lib/python3.12/site-packages/airflow/example_dags/example_sensor_decorator.py
[2026-08-24T14:41:52.887+0000] {processor.py:830} INFO - Processing file /home/airflow/.local/lib/python3.12/site-packages/airflow/example_dags/example_sensor_decorator.py for tasks to queue
[2026-08-24T14:41:52.891+0000] {logging_mixin.py:188} INFO - [2026-08-24T14:41:52.890+0000] {dagbag.py:545} INFO - Filling up the DagBag from /home/airflow/.local/lib/python3.12/site-packages/airflow/example_dags/example_sensor_decorator.py
[2026-08-24T14:41:52.902+0000] {processor.py:840} INFO - DAG(s) 'example_sensor_decorator' retrieved from /home/airflow/.local/lib/python3.12/site-packages/airflow/example_dags/example_sensor_decorator.py
[2026-08-24T14:41:52.927+0000] {logging_mixin.py:188} INFO - [2026-08-24T14:41:52.926+0000] {dag.py:3096} INFO - Sync 1 DAGs
[2026-08-24T14:41:52.944+0000] {logging_mixin.py:188} INFO - [2026-08-24T14:41:52.943+0000] {dag.py:3954} INFO - Setting next_dagrun for example_sensor_decorator to None, run_after=None
[2026-08-24T14:41:52.971+0000] {processor.py:183} INFO - Processing /home/airflow/.local/lib/python3.12/site-packages/airflow/example_dags/example_sensor_decorator.py took 0.098 seconds
[2026-08-24T14:42:23.723+0000] {processor.py:161} INFO - Started process (PID=258) to work on /home/airflow/.local/lib/python3.12/site-packages/airflow/example_dags/example_sensor_decorator.py
[2026-08-24T14:42:23.725+0000] {processor.py:830} INFO - Processing file /home/airflow/.local/lib/python3.12/site-packages/airflow/example_dags/example_sensor_decorator.py for tasks to queue
[2026-08-24T14:42:23.729+0000] {logging_mixin.py:188} INFO - [2026-08-24T14:42:23.729+0000] {dagbag.py:545} INFO - Filling up the DagBag from /home/airflow/.local/lib/python3.12/site-packages/airflow/example_dags/example_sensor_decorator.py
[2026-08-24T14:42:23.744+0000] {processor.py:840} INFO - DAG(s) 'example_sensor_decorator' retrieved from /home/airflow/.local/lib/python3.12/site-packages/airflow/example_dags/example_sensor_decorator.py
[2026-08-24T14:42:23.794+0000] {logging_mixin.py:188} INFO - [2026-08-24T14:42:23.794+0000] {dag.py:3096} INFO - Sync 1 DAGs
[2026-08-24T14:42:23.825+0000] {logging_mixin.py:188} INFO - [2026-08-24T14:42:23.825+0000] {dag.py:3954} INFO - Setting next_dagrun for example_sensor_decorator to None, run_after=None
[2026-08-24T14:42:23.871+0000] {processor.py:183} INFO - Processing /home/airflow/.local/lib/python3.12/site-packages/airflow/example_dags/example_sensor_decorator.py took 0.167 seconds
[2026-08-24T14:42:54.499+0000] {processor.py:161} INFO - Started process (PID=318) to work on /home/airflow/.local/lib/python3.12/site-packages/airflow/example_dags/example_sensor_decorator.py
[2026-08-24T14:42:54.501+0000] {processor.py:830} INFO - Processing file /home/airflow/.local/lib/python3.12/site-packages/airflow/example_dags/example_sensor_decorator.py for tasks to queue
[2026-08-24T14:42:54.503+0000] {logging_mixin.py:188} INFO - [2026-08-24T14:42:54.503+0000] {dagbag.py:545} INFO - Filling up the DagBag from /home/airflow/.local/lib/python3.12/site-packages/airflow/example_dags/example_sensor_decorator.py
[2026-08-24T14:42:54.512+0000] {processor.py:840} INFO - DAG(s) 'example_sensor_decorator' retrieved from /home/airflow/.local/lib/python3.12/site-packages/airflow/example_dags/example_sensor_decorator.py
[2026-08-24T14:42:54.537+0000] {logging_mixin.py:188} INFO - [2026-08-24T14:42:54.537+0000] {dag.py:3096} INFO - Sync 1 DAGs
[2026-08-24T14:42:54.554+0000] {logging_mixin.py:188} INFO - [2026-08-24T14:42:54.553+0000] {dag.py:3954} INFO - Setting next_dagrun for example_sensor_decorator to None, run_after=None
[2026-08-24T14:42:54.578+0000] {processor.py:183} INFO - Processing /home/airflow/.local/lib/python3.12/site-packages/airflow/example_dags/example_sensor_decorator.py took 0.086 seconds
[2026-08-24T14:43:25.341+0000] {processor.py:161} INFO - Started process (PID=378) to work on /home/airflow/.local/lib/python3.12/site-packages/airflow/example_dags/example_sensor_decorator.py
[2026-08-24T14:43:25.342+0000] {processor.py:830} INFO - Processing file /home/airflow/.local/lib/python3.12/site-packages/airflow/example_dags/example_sensor_decorator.py for tasks to queue
[2026-08-24T14:43:25.346+0000] {logging_mixin.py:188} INFO - [2026-08-24T14:43:25.345+0000] {dagbag.py:545} INFO - Filling up the DagBag from /home/airflow/.local/lib/python3.12/site-packages/airflow/example_dags/example_sensor_decorator.py
[2026-08-24T14:43:25.354+0000] {processor.py:840} INFO - DAG(s) 'example_sensor_decorator' retrieved from /home/airflow/.local/lib/python3.12/site-packages/airflow/example_dags/example_sensor_decorator.py
[2026-08-24T14:43:25.379+0000] {logging_mixin.py:188} INFO - [2026-08-24T14:43:25.379+0000] {dag.py:3096} INFO - Sync 1 DAGs
[2026-08-24T14:43:25.398+0000] {logging_mixin.py:188} INFO - [2026-08-24T14:43:25.398+0000] {dag.py:3954} INFO - Setting next_dagrun for example_sensor_decorator to None, run_after=None
[2026-08-24T14:43:25.427+0000] {processor.py:183} INFO - Processing /home/airflow/.local/lib/python3.12/site-packages/airflow/example_dags/example_sensor_decorator.py took 0.094 seconds
[2026-08-24T14:43:55.846+0000] {processor.py:161} INFO - Started process (PID=438) to work on /home/airflow/.local/lib/python3.12/site-packages/airflow/example_dags/example_sensor_decorator.py
[2026-08-24T14:43:55.848+0000] {processor.py:830} INFO - Processing file /home/airflow/.local/lib/python3.12/site-packages/airflow/example_dags/example_sensor_decorator.py for tasks to queue
[2026-08-24T14:43:55.851+0000] {logging_mixin.py:188} INFO - [2026-08-24T14:43:55.850+0000] {dagbag.py:545} INFO - Filling up the DagBag from /home/airflow/.local/lib/python3.12/site-packages/airflow/example_dags/example_sensor_decorator.py
[2026-08-24T14:43:55.862+0000] {processor.py:840} INFO - DAG(s) 'example_sensor_decorator' retrieved from /home/airflow/.local/lib/python3.12/site-packages/airflow/example_dags/example_sensor_decorator.py
[2026-08-24T14:43:55.888+0000] {logging_mixin.py:188} INFO - [2026-08-24T14:43:55.887+0000] {dag.py:3096} INFO - Sync 1 DAGs
[2026-08-24T14:43:55.905+0000] {logging_mixin.py:188} INFO - [2026-08-24T14:43:55.905+0000] {dag.py:3954} INFO - Setting next_dagrun for example_sensor_decorator to None, run_after=None
[2026-08-24T14:43:55.950+0000] {processor.py:183} INFO - Processing /home/airflow/.local/lib/python3.12/site-packages/airflow/example_dags/example_sensor_decorator.py took 0.113 seconds
[2026-08-24T14:44:26.359+0000] {processor.py:161} INFO - Started process (PID=498) to work on /home/airflow/.local/lib/python3.12/site-packages/airflow/example_dags/example_sensor_decorator.py
[2026-08-24T14:44:26.361+0000] {processor.py:830} INFO - Processing file /home/airflow/.local/lib/python3.12/site-packages/airflow/example_dags/example_sensor_decorator.py for tasks to queue
[2026-08-24T14:44:26.363+0000] {logging_mixin.py:188} INFO - [2026-08-24T14:44:26.363+0000] {dagbag.py:545} INFO - Filling up the DagBag from /home/airflow/.local/lib/python3.12/site-packages/airflow/example_dags/example_sensor_decorator.py
[2026-08-24T14:44:26.373+0000] {processor.py:840} INFO - DAG(s) 'example_sensor_decorator' retrieved from /home/airflow/.local/lib/python3.12/site-packages/airflow/example_dags/example_sensor_decorator.py
[2026-08-24T14:44:26.400+0000] {logging_mixin.py:188} INFO - [2026-08-24T14:44:26.400+0000] {dag.py:3096} INFO - Sync 1 DAGs
[2026-08-24T14:44:26.417+0000] {logging_mixin.py:188} INFO - [2026-08-24T14:44:26.417+0000] {dag.py:3954} INFO - Setting next_dagrun for example_sensor_decorator to None, run_after=None
[2026-08-24T14:44:26.450+0000] {processor.py:183} INFO - Processing /home/airflow/.local/lib/python3.12/site-packages/airflow/example_dags/example_sensor_decorator.py took 0.102 seconds
[2026-08-24T14:44:56.932+0000] {processor.py:161} INFO - Started process (PID=557) to work on /home/airflow/.local/lib/python3.12/site-packages/airflow/example_dags/example_sensor_decorator.py
[2026-08-24T14:44:56.970+0000] {processor.py:830} INFO - Processing file /home/airflow/.local/lib/python3.12/site-packages/airflow/example_dags/example_sensor_decorator.py for tasks to queue
[2026-08-24T14:44:56.985+0000] {logging_mixin.py:188} INFO - [2026-08-24T14:44:56.984+0000] {dagbag.py:545} INFO - Filling up the DagBag from /home/airflow/.local/lib/python3.12/site-packages/airflow/example_dags/example_sensor_decorator.py
[2026-08-24T14:44:57.012+0000] {processor.py:840} INFO - DAG(s) 'example_sensor_decorator' retrieved from /home/airflow/.local/lib/python3.12/site-packages/airflow/example_dags/example_sensor_decorator.py
[2026-08-24T14:44:57.091+0000] {logging_mixin.py:188} INFO - [2026-08-24T14:44:57.090+0000] {dag.py:3096} INFO - Sync 1 DAGs
[2026-08-24T14:44:57.134+0000] {logging_mixin.py:188} INFO - [2026-08-24T14:44:57.134+0000] {dag.py:3954} INFO - Setting next_dagrun for example_sensor_decorator to None, run_after=None
[2026-08-24T14:44:57.193+0000] {processor.py:183} INFO - Processing /home/airflow/.local/lib/python3.12/site-packages/airflow/example_dags/example_sensor_decorator.py took 0.339 seconds
[2026-08-24T14:49:24.588+0000] {processor.py:161} INFO - Started process (PID=137) to work on /home/airflow/.local/lib/python3.12/site-packages/airflow/example_dags/example_sensor_decorator.py
[2026-08-24T14:49:24.590+0000] {processor.py:830} INFO - Processing file /home/airflow/.local/lib/python3.12/site-packages/airflow/example_dags/example_sensor_decorator.py for tasks to queue
[2026-08-24T14:49:24.593+0000] {logging_mixin.py:188} INFO - [2026-08-24T14:49:24.592+0000] {dagbag.py:545} INFO - Filling up the DagBag from /home/airflow/.local/lib/python3.12/site-packages/airflow/example_dags/example_sensor_decorator.py
[2026-08-24T14:49:24.606+0000] {processor.py:840} INFO - DAG(s) 'example_sensor_decorator' retrieved from /home/airflow/.local/lib/python3.12/site-packages/airflow/example_dags/example_sensor_decorator.py
[2026-08-24T14:49:24.826+0000] {logging_mixin.py:188} INFO - [2026-08-24T14:49:24.825+0000] {dag.py:3096} INFO - Sync 1 DAGs
[2026-08-24T14:49:24.846+0000] {logging_mixin.py:188} INFO - [2026-08-24T14:49:24.845+0000] {dag.py:3954} INFO - Setting next_dagrun for example_sensor_decorator to None, run_after=None
[2026-08-24T14:49:24.884+0000] {processor.py:183} INFO - Processing /home/airflow/.local/lib/python3.12/site-packages/airflow/example_dags/example_sensor_decorator.py took 0.304 seconds
[2026-08-24T14:50:18.331+0000] {processor.py:161} INFO - Started process (PID=117) to work on /home/airflow/.local/lib/python3.12/site-packages/airflow/example_dags/example_sensor_decorator.py
[2026-08-24T14:50:18.333+0000] {processor.py:830} INFO - Processing file /home/airflow/.local/lib/python3.12/site-packages/airflow/example_dags/example_sensor_decorator.py for tasks to queue
[2026-08-24T14:50:18.336+0000] {logging_mixin.py:188} INFO - [2026-08-24T14:50:18.336+0000] {dagbag.py:545} INFO - Filling up the DagBag from /home/airflow/.local/lib/python3.12/site-packages/airflow/example_dags/example_sensor_decorator.py
[2026-08-24T14:50:18.346+0000] {processor.py:840} INFO - DAG(s) 'example_sensor_decorator' retrieved from /home/airflow/.local/lib/python3.12/site-packages/airflow/example_dags/example_sensor_decorator.py
[2026-08-24T14:50:18.375+0000] {logging_mixin.py:188} INFO - [2026-08-24T14:50:18.374+0000] {dag.py:3096} INFO - Sync 1 DAGs
[2026-08-24T14:50:18.392+0000] {logging_mixin.py:188} INFO - [2026-08-24T14:50:18.392+0000] {dag.py:3954} INFO - Setting next_dagrun for example_sensor_decorator to None, run_after=None
[2026-08-24T14:50:18.416+0000] {processor.py:183} INFO - Processing /home/airflow/.local/lib/python3.12/site-packages/airflow/example_dags/example_sensor_decorator.py took 0.094 seconds
[2026-08-24T14:50:49.093+0000] {processor.py:161} INFO - Started process (PID=177) to work on /home/airflow/.local/lib/python3.12/site-packages/airflow/example_dags/example_sensor_decorator.py
[2026-08-24T14:50:49.095+0000] {processor.py:830} INFO - Processing file /home/airflow/.local/lib/python3.12/site-packages/airflow/example_dags/example_sensor_decorator.py for tasks to queue
[2026-08-24T14:50:49.098+0000] {logging_mixin.py:188} INFO - [2026-08-24T14:50:49.097+0000] {dagbag.py:545} INFO - Filling up the DagBag from /home/airflow/.local/lib/python3.12/site-packages/airflow/example_dags/example_sensor_decorator.py
[2026-08-24T14:50:49.107+0000] {processor.py:840} INFO - DAG(s) 'example_sensor_decorator' retrieved from /home/airflow/.local/lib/python3.12/site-packages/airflow/example_dags/example_sensor_decorator.py
[2026-08-24T14:50:49.141+0000] {logging_mixin.py:188} INFO - [2026-08-24T14:50:49.141+0000] {dag.py:3096} INFO - Sync 1 DAGs
[2026-08-24T14:50:49.161+0000] {logging_mixin.py:188} INFO - [2026-08-24T14:50:49.161+0000] {dag.py:3954} INFO - Setting next_dagrun for example_sensor_decorator to None, run_after=None
[2026-08-24T14:50:49.204+0000] {processor.py:183} INFO - Processing /home/airflow/.local/lib/python3.12/site-packages/airflow/example_dags/example_sensor_decorator.py took 0.120 seconds
[2026-08-24T14:51:19.795+0000] {processor.py:161} INFO - Started process (PID=237) to work on /home/airflow/.local/lib/python3.12/site-packages/airflow/example_dags/example_sensor_decorator.py
[2026-08-24T14:51:19.797+0000] {processor.py:830} INFO - Processing file /home/airflow/.local/lib/python3.12/site-packages/airflow/example_dags/example_sensor_decorator.py for tasks to queue
[2026-08-24T14:51:19.800+0000] {logging_mixin.py:188} INFO - [2026-08-24T14:51:19.799+0000] {dagbag.py:545} INFO - Filling up the DagBag from /home/airflow/.local/lib/python3.12/site-packages/airflow/example_dags/example_sensor_decorator.py
[2026-08-24T14:51:19.810+0000] {processor.py:840} INFO - DAG(s) 'example_sensor_decorator' retrieved from /home/airflow/.local/lib/python3.12/site-packages/airflow/example_dags/example_sensor_decorator.py
[2026-08-24T14:51:19.846+0000] {logging_mixin.py:188} INFO - [2026-08-24T14:51:19.845+0000] {dag.py:3096} INFO - Sync 1 DAGs
[2026-08-24T14:51:19.863+0000] {logging_mixin.py:188} INFO - [2026-08-24T14:51:19.862+0000] {dag.py:3954} INFO - Setting next_dagrun for example_sensor_decorator to None, run_after=None
[2026-08-24T14:51:19.895+0000] {processor.py:183} INFO - Processing /home/airflow/.local/lib/python3.12/site-packages/airflow/example_dags/example_sensor_decorator.py took 0.110 seconds
