[2026-08-24T13:51:06.549+0000] {processor.py:161} INFO - Started process (PID=125) to work on /home/airflow/.local/lib/python3.12/site-packages/airflow/example_dags/example_task_group.py
[2026-08-24T13:51:06.551+0000] {processor.py:830} INFO - Processing file /home/airflow/.local/lib/python3.12/site-packages/airflow/example_dags/example_task_group.py for tasks to queue
[2026-08-24T13:51:06.555+0000] {logging_mixin.py:188} INFO - [2026-08-24T13:51:06.554+0000] {dagbag.py:545} INFO - Filling up the DagBag from /home/airflow/.local/lib/python3.12/site-packages/airflow/example_dags/example_task_group.py
[2026-08-24T13:51:06.565+0000] {processor.py:840} INFO - DAG(s) 'example_task_group' retrieved from /home/airflow/.local/lib/python3.12/site-packages/airflow/example_dags/example_task_group.py
[2026-08-24T13:51:06.736+0000] {logging_mixin.py:188} INFO - [2026-08-24T13:51:06.735+0000] {dag.py:3096} INFO - Sync 1 DAGs
[2026-08-24T13:51:06.763+0000] {logging_mixin.py:188} INFO - [2026-08-24T13:51:06.763+0000] {dag.py:3954} INFO - Setting next_dagrun for example_task_group to 2026-08-23 00:00:00+00:00, run_after=2026-08-24 00:00:00+00:00
[2026-08-24T13:51:06.795+0000] {processor.py:183} INFO - Processing /home/airflow/.local/lib/python3.12/site-packages/airflow/example_dags/example_task_group.py took 0.256 seconds
[2026-08-24T13:51:45.017+0000] {processor.py:161} INFO - Started process (PID=112) to work on /home/airflow/.local/lib/python3.12/site-packages/airflow/example_dags/example_task_group.py
[2026-08-24T13:51:45.019+0000] {processor.py:830} INFO - Processing file /home/airflow/.local/lib/python3.12/site-packages/airflow/example_dags/example_task_group.py for tasks to queue
[2026-08-24T13:51:45.021+0000] {logging_mixin.py:188} INFO - [2026-08-24T13:51:45.021+0000] {dagbag.py:545} INFO - Filling up the DagBag from /home/airflow/.local/lib/python3.12/site-packages/airflow/example_dags/example_task_group.py
[2026-08-24T13:51:45.030+0000] {processor.py:840} INFO - DAG(s) 'example_task_group' retrieved from /home/airflow/.local/lib/python3.12/site-packages/airflow/example_dags/example_task_group.py
[2026-08-24T13:51:45.061+0000] {logging_mixin.py:188} INFO - [2026-08-24T13:51:45.061+0000] {dag.py:3096} INFO - Sync 1 DAGs
[2026-08-24T13:51:45.091+0000] {logging_mixin.py:188} INFO - [2026-08-24T13:51:45.090+0000] {dag.py:3954} INFO - Setting next_dagrun for example_task_group to 2026-08-23 00:00:00+00:00, run_after=2026-08-24 00:00:00+00:00
[2026-08-24T13:51:45.112+0000] {processor.py:183} INFO - Processing /home/airflow/.local/lib/python3.12/site-packages/airflow/example_dags/example_task_group.py took 0.102 seconds
[2026-08-24T13:52:15.564+0000] {processor.py:161} INFO - Started process (PID=171) to work on /home/airflow/.local/lib/python3.12/site-packages/airflow/example_dags/example_task_group.py
[2026-08-24T13:52:15.565+0000] {processor.py:830} INFO - Processing file /home/airflow/.local/lib/python3.12/site-packages/airflow/example_dags/example_task_group.py for tasks to queue
[2026-08-24T13:52:15.567+0000] {logging_mixin.py:188} INFO - [2026-08-24T13:52:15.567+0000] {dagbag.py:545} INFO - Filling up the DagBag from /home/airflow/.local/lib/python3.12/site-packages/airflow/example_dags/example_task_group.py
[2026-08-24T13:52:15.578+0000] {processor.py:840} INFO - DAG(s) 'example_task_group' retrieved from /home/airflow/.local/lib/python3.12/site-packages/airflow/example_dags/example_task_group.py
[2026-08-24T13:52:15.603+0000] {logging_mixin.py:188} INFO - [2026-08-24T13:52:15.603+0000] {dag.py:3096} INFO - Sync 1 DAGs
[2026-08-24T13:52:15.632+0000] {logging_mixin.py:188} INFO - [2026-08-24T13:52:15.631+0000] {dag.py:3954} INFO - Setting next_dagrun for example_task_group to 2026-08-23 00:00:00+00:00, run_after=2026-08-24 00:00:00+00:00
[2026-08-24T13:52:15.657+0000] {processor.py:183} INFO - Processing /home/airflow/.local/lib/python3.12/site-packages/airflow/example_dags/example_task_group.py took 0.100 seconds
[2026-08-24T13:52:46.122+0000] {processor.py:161} INFO - Started process (PID=230) to work on /home/airflow/.local/lib/python3.12/site-packages/airflow/example_dags/example_task_group.py
[2026-08-24T13:52:46.123+0000] {processor.py:830} INFO - Processing file /home/airflow/.local/lib/python3.12/site-packages/airflow/example_dags/example_task_group.py for tasks to queue
[2026-08-24T13:52:46.126+0000] {logging_mixin.py:188} INFO - [2026-08-24T13:52:46.125+0000] {dagbag.py:545} INFO - Filling up the DagBag from /home/airflow/.local/lib/python3.12/site-packages/airflow/example_dags/example_task_group.py
[2026-08-24T13:52:46.136+0000] {processor.py:840} INFO - DAG(s) 'example_task_group' retrieved from /home/airflow/.local/lib/python3.12/site-packages/airflow/example_dags/example_task_group.py
[2026-08-24T13:52:46.164+0000] {logging_mixin.py:188} INFO - [2026-08-24T13:52:46.164+0000] {dag.py:3096} INFO - Sync 1 DAGs
[2026-08-24T13:52:46.193+0000] {logging_mixin.py:188} INFO - [2026-08-24T13:52:46.192+0000] {dag.py:3954} INFO - Setting next_dagrun for example_task_group to 2026-08-23 00:00:00+00:00, run_after=2026-08-24 00:00:00+00:00
[2026-08-24T13:52:46.215+0000] {processor.py:183} INFO - Processing /home/airflow/.local/lib/python3.12/site-packages/airflow/example_dags/example_task_group.py took 0.100 seconds
[2026-08-24T13:53:16.911+0000] {processor.py:161} INFO - Started process (PID=289) to work on /home/airflow/.local/lib/python3.12/site-packages/airflow/example_dags/example_task_group.py
[2026-08-24T13:53:16.912+0000] {processor.py:830} INFO - Processing file /home/airflow/.local/lib/python3.12/site-packages/airflow/example_dags/example_task_group.py for tasks to queue
[2026-08-24T13:53:16.915+0000] {logging_mixin.py:188} INFO - [2026-08-24T13:53:16.914+0000] {dagbag.py:545} INFO - Filling up the DagBag from /home/airflow/.local/lib/python3.12/site-packages/airflow/example_dags/example_task_group.py
[2026-08-24T13:53:16.924+0000] {processor.py:840} INFO - DAG(s) 'example_task_group' retrieved from /home/airflow/.local/lib/python3.12/site-packages/airflow/example_dags/example_task_group.py
[2026-08-24T13:53:16.951+0000] {logging_mixin.py:188} INFO - [2026-08-24T13:53:16.950+0000] {dag.py:3096} INFO - Sync 1 DAGs
[2026-08-24T13:53:16.979+0000] {logging_mixin.py:188} INFO - [2026-08-24T13:53:16.979+0000] {dag.py:3954} INFO - Setting next_dagrun for example_task_group to 2026-08-23 00:00:00+00:00, run_after=2026-08-24 00:00:00+00:00
[2026-08-24T13:53:17.003+0000] {processor.py:183} INFO - Processing /home/airflow/.local/lib/python3.12/site-packages/airflow/example_dags/example_task_group.py took 0.099 seconds
[2026-08-24T13:53:47.758+0000] {processor.py:161} INFO - Started process (PID=348) to work on /home/airflow/.local/lib/python3.12/site-packages/airflow/example_dags/example_task_group.py
[2026-08-24T13:53:47.760+0000] {processor.py:830} INFO - Processing file /home/airflow/.local/lib/python3.12/site-packages/airflow/example_dags/example_task_group.py for tasks to queue
[2026-08-24T13:53:47.762+0000] {logging_mixin.py:188} INFO - [2026-08-24T13:53:47.762+0000] {dagbag.py:545} INFO - Filling up the DagBag from /home/airflow/.local/lib/python3.12/site-packages/airflow/example_dags/example_task_group.py
[2026-08-24T13:53:47.771+0000] {processor.py:840} INFO - DAG(s) 'example_task_group' retrieved from /home/airflow/.local/lib/python3.12/site-packages/airflow/example_dags/example_task_group.py
[2026-08-24T13:53:47.797+0000] {logging_mixin.py:188} INFO - [2026-08-24T13:53:47.797+0000] {dag.py:3096} INFO - Sync 1 DAGs
[2026-08-24T13:53:47.825+0000] {logging_mixin.py:188} INFO - [2026-08-24T13:53:47.825+0000] {dag.py:3954} INFO - Setting next_dagrun for example_task_group to 2026-08-23 00:00:00+00:00, run_after=2026-08-24 00:00:00+00:00
[2026-08-24T13:53:47.852+0000] {processor.py:183} INFO - Processing /home/airflow/.local/lib/python3.12/site-packages/airflow/example_dags/example_task_group.py took 0.101 seconds
[2026-08-24T13:54:18.920+0000] {processor.py:161} INFO - Started process (PID=407) to work on /home/airflow/.local/lib/python3.12/site-packages/airflow/example_dags/example_task_group.py
[2026-08-24T13:54:18.921+0000] {processor.py:830} INFO - Processing file /home/airflow/.local/lib/python3.12/site-packages/airflow/example_dags/example_task_group.py for tasks to queue
[2026-08-24T13:54:18.924+0000] {logging_mixin.py:188} INFO - [2026-08-24T13:54:18.923+0000] {dagbag.py:545} INFO - Filling up the DagBag from /home/airflow/.local/lib/python3.12/site-packages/airflow/example_dags/example_task_group.py
[2026-08-24T13:54:18.936+0000] {processor.py:840} INFO - DAG(s) 'example_task_group' retrieved from /home/airflow/.local/lib/python3.12/site-packages/airflow/example_dags/example_task_group.py
[2026-08-24T13:54:18.978+0000] {logging_mixin.py:188} INFO - [2026-08-24T13:54:18.978+0000] {dag.py:3096} INFO - Sync 1 DAGs
[2026-08-24T13:54:19.016+0000] {logging_mixin.py:188} INFO - [2026-08-24T13:54:19.016+0000] {dag.py:3954} INFO - Setting next_dagrun for example_task_group to 2026-08-23 00:00:00+00:00, run_after=2026-08-24 00:00:00+00:00
[2026-08-24T13:54:19.050+0000] {processor.py:183} INFO - Processing /home/airflow/.local/lib/python3.12/site-packages/airflow/example_dags/example_task_group.py took 0.138 seconds
[2026-08-24T13:54:49.164+0000] {processor.py:161} INFO - Started process (PID=467) to work on /home/airflow/.local/lib/python3.12/site-packages/airflow/example_dags/example_task_group.py
[2026-08-24T13:54:49.165+0000] {processor.py:830} INFO - Processing file /home/airflow/.local/lib/python3.12/site-packages/airflow/example_dags/example_task_group.py for tasks to queue
[2026-08-24T13:54:49.168+0000] {logging_mixin.py:188} INFO - [2026-08-24T13:54:49.168+0000] {dagbag.py:545} INFO - Filling up the DagBag from /home/airflow/.local/lib/python3.12/site-packages/airflow/example_dags/example_task_group.py
[2026-08-24T13:54:49.177+0000] {processor.py:840} INFO - DAG(s) 'example_task_group' retrieved from /home/airflow/.local/lib/python3.12/site-packages/airflow/example_dags/example_task_group.py
[2026-08-24T13:54:49.194+0000] {logging_mixin.py:188} INFO - [2026-08-24T13:54:49.193+0000] {dag.py:3096} INFO - Sync 1 DAGs
[2026-08-24T13:54:49.222+0000] {logging_mixin.py:188} INFO - [2026-08-24T13:54:49.222+0000] {dag.py:3954} INFO - Setting next_dagrun for example_task_group to 2026-08-23 00:00:00+00:00, run_after=2026-08-24 00:00:00+00:00
[2026-08-24T13:54:49.245+0000] {processor.py:183} INFO - Processing /home/airflow/.local/lib/python3.12/site-packages/airflow/example_dags/example_task_group.py took 0.088 seconds
[2026-08-24T13:55:25.871+0000] {processor.py:161} INFO - Started process (PID=527) to work on /home/airflow/.local/lib/python3.12/site-packages/airflow/example_dags/example_task_group.py
[2026-08-24T13:55:25.874+0000] {processor.py:830} INFO - Processing file /home/airflow/.local/lib/python3.12/site-packages/airflow/example_dags/example_task_group.py for tasks to queue
[2026-08-24T13:55:25.878+0000] {logging_mixin.py:188} INFO - [2026-08-24T13:55:25.878+0000] {dagbag.py:545} INFO - Filling up the DagBag from /home/airflow/.local/lib/python3.12/site-packages/airflow/example_dags/example_task_group.py
[2026-08-24T13:55:25.895+0000] {processor.py:840} INFO - DAG(s) 'example_task_group' retrieved from /home/airflow/.local/lib/python3.12/site-packages/airflow/example_dags/example_task_group.py
[2026-08-24T13:55:26.063+0000] {logging_mixin.py:188} INFO - [2026-08-24T13:55:26.063+0000] {dag.py:3096} INFO - Sync 1 DAGs
[2026-08-24T13:55:26.095+0000] {logging_mixin.py:188} INFO - [2026-08-24T13:55:26.094+0000] {dag.py:3954} INFO - Setting next_dagrun for example_task_group to 2026-08-23 00:00:00+00:00, run_after=2026-08-24 00:00:00+00:00
[2026-08-24T13:55:26.120+0000] {processor.py:183} INFO - Processing /home/airflow/.local/lib/python3.12/site-packages/airflow/example_dags/example_task_group.py took 0.259 seconds
[2026-08-24T13:55:56.710+0000] {processor.py:161} INFO - Started process (PID=585) to work on /home/airflow/.local/lib/python3.12/site-packages/airflow/example_dags/example_task_group.py
[2026-08-24T13:55:56.712+0000] {processor.py:830} INFO - Processing file /home/airflow/.local/lib/python3.12/site-packages/airflow/example_dags/example_task_group.py for tasks to queue
[2026-08-24T13:55:56.716+0000] {logging_mixin.py:188} INFO - [2026-08-24T13:55:56.715+0000] {dagbag.py:545} INFO - Filling up the DagBag from /home/airflow/.local/lib/python3.12/site-packages/airflow/example_dags/example_task_group.py
[2026-08-24T13:55:56.728+0000] {processor.py:840} INFO - DAG(s) 'example_task_group' retrieved from /home/airflow/.local/lib/python3.12/site-packages/airflow/example_dags/example_task_group.py
[2026-08-24T13:55:56.767+0000] {logging_mixin.py:188} INFO - [2026-08-24T13:55:56.766+0000] {dag.py:3096} INFO - Sync 1 DAGs
[2026-08-24T13:55:56.799+0000] {logging_mixin.py:188} INFO - [2026-08-24T13:55:56.798+0000] {dag.py:3954} INFO - Setting next_dagrun for example_task_group to 2026-08-23 00:00:00+00:00, run_after=2026-08-24 00:00:00+00:00
[2026-08-24T13:55:56.854+0000] {processor.py:183} INFO - Processing /home/airflow/.local/lib/python3.12/site-packages/airflow/example_dags/example_task_group.py took 0.153 seconds
[2026-08-24T13:56:27.125+0000] {processor.py:161} INFO - Started process (PID=644) to work on /home/airflow/.local/lib/python3.12/site-packages/airflow/example_dags/example_task_group.py
[2026-08-24T13:56:27.127+0000] {processor.py:830} INFO - Processing file /home/airflow/.local/lib/python3.12/site-packages/airflow/example_dags/example_task_group.py for tasks to queue
[2026-08-24T13:56:27.129+0000] {logging_mixin.py:188} INFO - [2026-08-24T13:56:27.129+0000] {dagbag.py:545} INFO - Filling up the DagBag from /home/airflow/.local/lib/python3.12/site-packages/airflow/example_dags/example_task_group.py
[2026-08-24T13:56:27.150+0000] {processor.py:840} INFO - DAG(s) 'example_task_group' retrieved from /home/airflow/.local/lib/python3.12/site-packages/airflow/example_dags/example_task_group.py
[2026-08-24T13:56:27.194+0000] {logging_mixin.py:188} INFO - [2026-08-24T13:56:27.193+0000] {dag.py:3096} INFO - Sync 1 DAGs
[2026-08-24T13:56:27.232+0000] {logging_mixin.py:188} INFO - [2026-08-24T13:56:27.232+0000] {dag.py:3954} INFO - Setting next_dagrun for example_task_group to 2026-08-23 00:00:00+00:00, run_after=2026-08-24 00:00:00+00:00
[2026-08-24T13:56:27.274+0000] {processor.py:183} INFO - Processing /home/airflow/.local/lib/python3.12/site-packages/airflow/example_dags/example_task_group.py took 0.158 seconds
[2026-08-24T13:56:57.364+0000] {processor.py:161} INFO - Started process (PID=703) to work on /home/airflow/.local/lib/python3.12/site-packages/airflow/example_dags/example_task_group.py
[2026-08-24T13:56:57.365+0000] {processor.py:830} INFO - Processing file /home/airflow/.local/lib/python3.12/site-packages/airflow/example_dags/example_task_group.py for tasks to queue
[2026-08-24T13:56:57.371+0000] {logging_mixin.py:188} INFO - [2026-08-24T13:56:57.370+0000] {dagbag.py:545} INFO - Filling up the DagBag from /home/airflow/.local/lib/python3.12/site-packages/airflow/example_dags/example_task_group.py
[2026-08-24T13:56:57.389+0000] {processor.py:840} INFO - DAG(s) 'example_task_group' retrieved from /home/airflow/.local/lib/python3.12/site-packages/airflow/example_dags/example_task_group.py
[2026-08-24T13:56:57.422+0000] {logging_mixin.py:188} INFO - [2026-08-24T13:56:57.422+0000] {dag.py:3096} INFO - Sync 1 DAGs
[2026-08-24T13:56:57.455+0000] {logging_mixin.py:188} INFO - [2026-08-24T13:56:57.455+0000] {dag.py:3954} INFO - Setting next_dagrun for example_task_group to 2026-08-23 00:00:00+00:00, run_after=2026-08-24 00:00:00+00:00
[2026-08-24T13:56:57.486+0000] {processor.py:183} INFO - Processing /home/airflow/.local/lib/python3.12/site-packages/airflow/example_dags/example_task_group.py took 0.131 seconds
[2026-08-24T13:57:27.738+0000] {processor.py:161} INFO - Started process (PID=763) to work on /home/airflow/.local/lib/python3.12/site-packages/airflow/example_dags/example_task_group.py
[2026-08-24T13:57:27.740+0000] {processor.py:830} INFO - Processing file /home/airflow/.local/lib/python3.12/site-packages/airflow/example_dags/example_task_group.py for tasks to queue
[2026-08-24T13:57:27.743+0000] {logging_mixin.py:188} INFO - [2026-08-24T13:57:27.743+0000] {dagbag.py:545} INFO - Filling up the DagBag from /home/airflow/.local/lib/python3.12/site-packages/airflow/example_dags/example_task_group.py
[2026-08-24T13:57:27.754+0000] {processor.py:840} INFO - DAG(s) 'example_task_group' retrieved from /home/airflow/.local/lib/python3.12/site-packages/airflow/example_dags/example_task_group.py
[2026-08-24T13:57:27.780+0000] {logging_mixin.py:188} INFO - [2026-08-24T13:57:27.779+0000] {dag.py:3096} INFO - Sync 1 DAGs
[2026-08-24T13:57:27.806+0000] {logging_mixin.py:188} INFO - [2026-08-24T13:57:27.806+0000] {dag.py:3954} INFO - Setting next_dagrun for example_task_group to 2026-08-23 00:00:00+00:00, run_after=2026-08-24 00:00:00+00:00
[2026-08-24T13:57:27.828+0000] {processor.py:183} INFO - Processing /home/airflow/.local/lib/python3.12/site-packages/airflow/example_dags/example_task_group.py took 0.098 seconds
[2026-08-24T13:57:58.620+0000] {processor.py:161} INFO - Started process (PID=822) to work on /home/airflow/.local/lib/python3.12/site-packages/airflow/example_dags/example_task_group.py
[2026-08-24T13:57:58.622+0000] {processor.py:830} INFO - Processing file /home/airflow/.local/lib/python3.12/site-packages/airflow/example_dags/example_task_group.py for tasks to queue
[2026-08-24T13:57:58.624+0000] {logging_mixin.py:188} INFO - [2026-08-24T13:57:58.624+0000] {dagbag.py:545} INFO - Filling up the DagBag from /home/airflow/.local/lib/python3.12/site-packages/airflow/example_dags/example_task_group.py
[2026-08-24T13:57:58.634+0000] {processor.py:840} INFO - DAG(s) 'example_task_group' retrieved from /home/airflow/.local/lib/python3.12/site-packages/airflow/example_dags/example_task_group.py
[2026-08-24T13:57:58.662+0000] {logging_mixin.py:188} INFO - [2026-08-24T13:57:58.661+0000] {dag.py:3096} INFO - Sync 1 DAGs
[2026-08-24T13:57:58.691+0000] {logging_mixin.py:188} INFO - [2026-08-24T13:57:58.690+0000] {dag.py:3954} INFO - Setting next_dagrun for example_task_group to 2026-08-23 00:00:00+00:00, run_after=2026-08-24 00:00:00+00:00
[2026-08-24T13:57:58.727+0000] {processor.py:183} INFO - Processing /home/airflow/.local/lib/python3.12/site-packages/airflow/example_dags/example_task_group.py took 0.114 seconds
[2026-08-24T13:58:28.769+0000] {processor.py:161} INFO - Started process (PID=882) to work on /home/airflow/.local/lib/python3.12/site-packages/airflow/example_dags/example_task_group.py
[2026-08-24T13:58:28.770+0000] {processor.py:830} INFO - Processing file /home/airflow/.local/lib/python3.12/site-packages/airflow/example_dags/example_task_group.py for tasks to queue
[2026-08-24T13:58:28.773+0000] {logging_mixin.py:188} INFO - [2026-08-24T13:58:28.772+0000] {dagbag.py:545} INFO - Filling up the DagBag from /home/airflow/.local/lib/python3.12/site-packages/airflow/example_dags/example_task_group.py
[2026-08-24T13:58:28.783+0000] {processor.py:840} INFO - DAG(s) 'example_task_group' retrieved from /home/airflow/.local/lib/python3.12/site-packages/airflow/example_dags/example_task_group.py
[2026-08-24T13:58:28.810+0000] {logging_mixin.py:188} INFO - [2026-08-24T13:58:28.810+0000] {dag.py:3096} INFO - Sync 1 DAGs
[2026-08-24T13:58:28.839+0000] {logging_mixin.py:188} INFO - [2026-08-24T13:58:28.839+0000] {dag.py:3954} INFO - Setting next_dagrun for example_task_group to 2026-08-23 00:00:00+00:00, run_after=2026-08-24 00:00:00+00:00
[2026-08-24T13:58:28.860+0000] {processor.py:183} INFO - Processing /home/airflow/.local/lib/python3.12/site-packages/airflow/example_dags/example_task_group.py took 0.099 seconds
[2026-08-24T13:58:58.964+0000] {processor.py:161} INFO - Started process (PID=941) to work on /home/airflow/.local/lib/python3.12/site-packages/airflow/example_dags/example_task_group.py
[2026-08-24T13:58:58.966+0000] {processor.py:830} INFO - Processing file /home/airflow/.local/lib/python3.12/site-packages/airflow/example_dags/example_task_group.py for tasks to queue
[2026-08-24T13:58:58.968+0000] {logging_mixin.py:188} INFO - [2026-08-24T13:58:58.968+0000] {dagbag.py:545} INFO - Filling up the DagBag from /home/airflow/.local/lib/python3.12/site-packages/airflow/example_dags/example_task_group.py
[2026-08-24T13:58:58.981+0000] {processor.py:840} INFO - DAG(s) 'example_task_group' retrieved from /home/airflow/.local/lib/python3.12/site-packages/airflow/example_dags/example_task_group.py
[2026-08-24T13:58:59.011+0000] {logging_mixin.py:188} INFO - [2026-08-24T13:58:59.011+0000] {dag.py:3096} INFO - Sync 1 DAGs
[2026-08-24T13:58:59.040+0000] {logging_mixin.py:188} INFO - [2026-08-24T13:58:59.040+0000] {dag.py:3954} INFO - Setting next_dagrun for example_task_group to 2026-08-23 00:00:00+00:00, run_after=2026-08-24 00:00:00+00:00
[2026-08-24T13:58:59.073+0000] {processor.py:183} INFO - Processing /home/airflow/.local/lib/python3.12/site-packages/airflow/example_dags/example_task_group.py took 0.117 seconds
[2026-08-24T14:00:40.685+0000] {processor.py:161} INFO - Started process (PID=124) to work on /home/airflow/.local/lib/python3.12/site-packages/airflow/example_dags/example_task_group.py
[2026-08-24T14:00:40.687+0000] {processor.py:830} INFO - Processing file /home/airflow/.local/lib/python3.12/site-packages/airflow/example_dags/example_task_group.py for tasks to queue
[2026-08-24T14:00:40.691+0000] {logging_mixin.py:188} INFO - [2026-08-24T14:00:40.690+0000] {dagbag.py:545} INFO - Filling up the DagBag from /home/airflow/.local/lib/python3.12/site-packages/airflow/example_dags/example_task_group.py
[2026-08-24T14:00:40.707+0000] {processor.py:840} INFO - DAG(s) 'example_task_group' retrieved from /home/airflow/.local/lib/python3.12/site-packages/airflow/example_dags/example_task_group.py
[2026-08-24T14:00:40.887+0000] {logging_mixin.py:188} INFO - [2026-08-24T14:00:40.887+0000] {dag.py:3096} INFO - Sync 1 DAGs
[2026-08-24T14:00:40.913+0000] {logging_mixin.py:188} INFO - [2026-08-24T14:00:40.913+0000] {dag.py:3954} INFO - Setting next_dagrun for example_task_group to 2026-08-23 00:00:00+00:00, run_after=2026-08-24 00:00:00+00:00
[2026-08-24T14:00:40.940+0000] {processor.py:183} INFO - Processing /home/airflow/.local/lib/python3.12/site-packages/airflow/example_dags/example_task_group.py took 0.265 seconds
[2026-08-24T14:01:11.452+0000] {processor.py:161} INFO - Started process (PID=183) to work on /home/airflow/.local/lib/python3.12/site-packages/airflow/example_dags/example_task_group.py
[2026-08-24T14:01:11.454+0000] {processor.py:830} INFO - Processing file /home/airflow/.local/lib/python3.12/site-packages/airflow/example_dags/example_task_group.py for tasks to queue
[2026-08-24T14:01:11.457+0000] {logging_mixin.py:188} INFO - [2026-08-24T14:01:11.457+0000] {dagbag.py:545} INFO - Filling up the DagBag from /home/airflow/.local/lib/python3.12/site-packages/airflow/example_dags/example_task_group.py
[2026-08-24T14:01:11.472+0000] {processor.py:840} INFO - DAG(s) 'example_task_group' retrieved from /home/airflow/.local/lib/python3.12/site-packages/airflow/example_dags/example_task_group.py
[2026-08-24T14:01:11.509+0000] {logging_mixin.py:188} INFO - [2026-08-24T14:01:11.508+0000] {dag.py:3096} INFO - Sync 1 DAGs
[2026-08-24T14:01:11.547+0000] {logging_mixin.py:188} INFO - [2026-08-24T14:01:11.547+0000] {dag.py:3954} INFO - Setting next_dagrun for example_task_group to 2026-08-23 00:00:00+00:00, run_after=2026-08-24 00:00:00+00:00
[2026-08-24T14:01:11.586+0000] {processor.py:183} INFO - Processing /home/airflow/.local/lib/python3.12/site-packages/airflow/example_dags/example_task_group.py took 0.146 seconds
[2026-08-24T14:01:41.671+0000] {processor.py:161} INFO - Started process (PID=242) to work on /home/airflow/.local/lib/python3.12/site-packages/airflow/example_dags/example_task_group.py
[2026-08-24T14:01:41.672+0000] {processor.py:830} INFO - Processing file /home/airflow/.local/lib/python3.12/site-packages/airflow/example_dags/example_task_group.py for tasks to queue
[2026-08-24T14:01:41.674+0000] {logging_mixin.py:188} INFO - [2026-08-24T14:01:41.674+0000] {dagbag.py:545} INFO - Filling up the DagBag from /home/airflow/.local/lib/python3.12/site-packages/airflow/example_dags/example_task_group.py
[2026-08-24T14:01:41.686+0000] {processor.py:840} INFO - DAG(s) 'example_task_group' retrieved from /home/airflow/.local/lib/python3.12/site-packages/airflow/example_dags/example_task_group.py
[2026-08-24T14:01:41.718+0000] {logging_mixin.py:188} INFO - [2026-08-24T14:01:41.718+0000] {dag.py:3096} INFO - Sync 1 DAGs
[2026-08-24T14:01:41.748+0000] {logging_mixin.py:188} INFO - [2026-08-24T14:01:41.748+0000] {dag.py:3954} INFO - Setting next_dagrun for example_task_group to 2026-08-23 00:00:00+00:00, run_after=2026-08-24 00:00:00+00:00
[2026-08-24T14:01:41.772+0000] {processor.py:183} INFO - Processing /home/airflow/.local/lib/python3.12/site-packages/airflow/example_dags/example_task_group.py took 0.110 seconds
[2026-08-24T14:02:12.054+0000] {processor.py:161} INFO - Started process (PID=301) to work on /home/airflow/.local/lib/python3.12/site-packages/airflow/example_dags/example_task_group.py
[2026-08-24T14:02:12.055+0000] {processor.py:830} INFO - Processing file /home/airflow/.local/lib/python3.12/site-packages/airflow/example_dags/example_task_group.py for tasks to queue
[2026-08-24T14:02:12.058+0000] {logging_mixin.py:188} INFO - [2026-08-24T14:02:12.058+0000] {dagbag.py:545} INFO - Filling up the DagBag from /home/airflow/.local/lib/python3.12/site-packages/airflow/example_dags/example_task_group.py
[2026-08-24T14:02:12.072+0000] {processor.py:840} INFO - DAG(s) 'example_task_group' retrieved from /home/airflow/.local/lib/python3.12/site-packages/airflow/example_dags/example_task_group.py
[2026-08-24T14:02:12.115+0000] {logging_mixin.py:188} INFO - [2026-08-24T14:02:12.115+0000] {dag.py:3096} INFO - Sync 1 DAGs
[2026-08-24T14:02:12.145+0000] {logging_mixin.py:188} INFO - [2026-08-24T14:02:12.145+0000] {dag.py:3954} INFO - Setting next_dagrun for example_task_group to 2026-08-23 00:00:00+00:00, run_after=2026-08-24 00:00:00+00:00
[2026-08-24T14:02:12.171+0000] {processor.py:183} INFO - Processing /home/airflow/.local/lib/python3.12/site-packages/airflow/example_dags/example_task_group.py took 0.125 seconds
[2026-08-24T14:02:42.354+0000] {processor.py:161} INFO - Started process (PID=361) to work on /home/airflow/.local/lib/python3.12/site-packages/airflow/example_dags/example_task_group.py
[2026-08-24T14:02:42.355+0000] {processor.py:830} INFO - Processing file /home/airflow/.local/lib/python3.12/site-packages/airflow/example_dags/example_task_group.py for tasks to queue
[2026-08-24T14:02:42.358+0000] {logging_mixin.py:188} INFO - [2026-08-24T14:02:42.357+0000] {dagbag.py:545} INFO - Filling up the DagBag from /home/airflow/.local/lib/python3.12/site-packages/airflow/example_dags/example_task_group.py
[2026-08-24T14:02:42.369+0000] {processor.py:840} INFO - DAG(s) 'example_task_group' retrieved from /home/airflow/.local/lib/python3.12/site-packages/airflow/example_dags/example_task_group.py
[2026-08-24T14:02:42.396+0000] {logging_mixin.py:188} INFO - [2026-08-24T14:02:42.396+0000] {dag.py:3096} INFO - Sync 1 DAGs
[2026-08-24T14:02:42.425+0000] {logging_mixin.py:188} INFO - [2026-08-24T14:02:42.425+0000] {dag.py:3954} INFO - Setting next_dagrun for example_task_group to 2026-08-23 00:00:00+00:00, run_after=2026-08-24 00:00:00+00:00
[2026-08-24T14:02:42.446+0000] {processor.py:183} INFO - Processing /home/airflow/.local/lib/python3.12/site-packages/airflow/example_dags/example_task_group.py took 0.101 seconds
[2026-08-24T14:07:43.753+0000] {processor.py:161} INFO - Started process (PID=130) to work on /home/airflow/.local/lib/python3.12/site-packages/airflow/example_dags/example_task_group.py
[2026-08-24T14:07:43.754+0000] {processor.py:830} INFO - Processing file /home/airflow/.local/lib/python3.12/site-packages/airflow/example_dags/example_task_group.py for tasks to queue
[2026-08-24T14:07:43.758+0000] {logging_mixin.py:188} INFO - [2026-08-24T14:07:43.757+0000] {dagbag.py:545} INFO - Filling up the DagBag from /home/airflow/.local/lib/python3.12/site-packages/airflow/example_dags/example_task_group.py
[2026-08-24T14:07:43.769+0000] {processor.py:840} INFO - DAG(s) 'example_task_group' retrieved from /home/airflow/.local/lib/python3.12/site-packages/airflow/example_dags/example_task_group.py
[2026-08-24T14:07:43.916+0000] {logging_mixin.py:188} INFO - [2026-08-24T14:07:43.916+0000] {dag.py:3096} INFO - Sync 1 DAGs
[2026-08-24T14:07:43.947+0000] {logging_mixin.py:188} INFO - [2026-08-24T14:07:43.947+0000] {dag.py:3954} INFO - Setting next_dagrun for example_task_group to 2026-08-23 00:00:00+00:00, run_after=2026-08-24 00:00:00+00:00
[2026-08-24T14:07:43.974+0000] {processor.py:183} INFO - Processing /home/airflow/.local/lib/python3.12/site-packages/airflow/example_dags/example_task_group.py took 0.229 seconds
[2026-08-24T14:08:14.127+0000] {processor.py:161} INFO - Started process (PID=189) to work on /home/airflow/.local/lib/python3.12/site-packages/airflow/example_dags/example_task_group.py
[2026-08-24T14:08:14.129+0000] {processor.py:830} INFO - Processing file /home/airflow/.local/lib/python3.12/site-packages/airflow/example_dags/example_task_group.py for tasks to queue
[2026-08-24T14:08:14.132+0000] {logging_mixin.py:188} INFO - [2026-08-24T14:08:14.132+0000] {dagbag.py:545} INFO - Filling up the DagBag from /home/airflow/.local/lib/python3.12/site-packages/airflow/example_dags/example_task_group.py
[2026-08-24T14:08:14.145+0000] {processor.py:840} INFO - DAG(s) 'example_task_group' retrieved from /home/airflow/.local/lib/python3.12/site-packages/airflow/example_dags/example_task_group.py
[2026-08-24T14:08:14.190+0000] {logging_mixin.py:188} INFO - [2026-08-24T14:08:14.190+0000] {dag.py:3096} INFO - Sync 1 DAGs
[2026-08-24T14:08:14.238+0000] {logging_mixin.py:188} INFO - [2026-08-24T14:08:14.237+0000] {dag.py:3954} INFO - Setting next_dagrun for example_task_group to 2026-08-23 00:00:00+00:00, run_after=2026-08-24 00:00:00+00:00
[2026-08-24T14:08:14.275+0000] {processor.py:183} INFO - Processing /home/airflow/.local/lib/python3.12/site-packages/airflow/example_dags/example_task_group.py took 0.160 seconds
[2026-08-24T14:08:44.531+0000] {processor.py:161} INFO - Started process (PID=248) to work on /home/airflow/.local/lib/python3.12/site-packages/airflow/example_dags/example_task_group.py
[2026-08-24T14:08:44.533+0000] {processor.py:830} INFO - Processing file /home/airflow/.local/lib/python3.12/site-packages/airflow/example_dags/example_task_group.py for tasks to queue
[2026-08-24T14:08:44.536+0000] {logging_mixin.py:188} INFO - [2026-08-24T14:08:44.536+0000] {dagbag.py:545} INFO - Filling up the DagBag from /home/airflow/.local/lib/python3.12/site-packages/airflow/example_dags/example_task_group.py
[2026-08-24T14:08:44.548+0000] {processor.py:840} INFO - DAG(s) 'example_task_group' retrieved from /home/airflow/.local/lib/python3.12/site-packages/airflow/example_dags/example_task_group.py
[2026-08-24T14:08:44.580+0000] {logging_mixin.py:188} INFO - [2026-08-24T14:08:44.579+0000] {dag.py:3096} INFO - Sync 1 DAGs
[2026-08-24T14:08:44.612+0000] {logging_mixin.py:188} INFO - [2026-08-24T14:08:44.611+0000] {dag.py:3954} INFO - Setting next_dagrun for example_task_group to 2026-08-23 00:00:00+00:00, run_after=2026-08-24 00:00:00+00:00
[2026-08-24T14:08:44.638+0000] {processor.py:183} INFO - Processing /home/airflow/.local/lib/python3.12/site-packages/airflow/example_dags/example_task_group.py took 0.114 seconds
[2026-08-24T14:09:15.414+0000] {processor.py:161} INFO - Started process (PID=307) to work on /home/airflow/.local/lib/python3.12/site-packages/airflow/example_dags/example_task_group.py
[2026-08-24T14:09:15.416+0000] {processor.py:830} INFO - Processing file /home/airflow/.local/lib/python3.12/site-packages/airflow/example_dags/example_task_group.py for tasks to queue
[2026-08-24T14:09:15.418+0000] {logging_mixin.py:188} INFO - [2026-08-24T14:09:15.418+0000] {dagbag.py:545} INFO - Filling up the DagBag from /home/airflow/.local/lib/python3.12/site-packages/airflow/example_dags/example_task_group.py
[2026-08-24T14:09:15.427+0000] {processor.py:840} INFO - DAG(s) 'example_task_group' retrieved from /home/airflow/.local/lib/python3.12/site-packages/airflow/example_dags/example_task_group.py
[2026-08-24T14:09:15.454+0000] {logging_mixin.py:188} INFO - [2026-08-24T14:09:15.454+0000] {dag.py:3096} INFO - Sync 1 DAGs
[2026-08-24T14:09:15.494+0000] {logging_mixin.py:188} INFO - [2026-08-24T14:09:15.494+0000] {dag.py:3954} INFO - Setting next_dagrun for example_task_group to 2026-08-23 00:00:00+00:00, run_after=2026-08-24 00:00:00+00:00
[2026-08-24T14:09:15.521+0000] {processor.py:183} INFO - Processing /home/airflow/.local/lib/python3.12/site-packages/airflow/example_dags/example_task_group.py took 0.114 seconds
[2026-08-24T14:09:45.926+0000] {processor.py:161} INFO - Started process (PID=366) to work on /home/airflow/.local/lib/python3.12/site-packages/airflow/example_dags/example_task_group.py
[2026-08-24T14:09:45.927+0000] {processor.py:830} INFO - Processing file /home/airflow/.local/lib/python3.12/site-packages/airflow/example_dags/example_task_group.py for tasks to queue
[2026-08-24T14:09:45.929+0000] {logging_mixin.py:188} INFO - [2026-08-24T14:09:45.929+0000] {dagbag.py:545} INFO - Filling up the DagBag from /home/airflow/.local/lib/python3.12/site-packages/airflow/example_dags/example_task_group.py
[2026-08-24T14:09:45.939+0000] {processor.py:840} INFO - DAG(s) 'example_task_group' retrieved from /home/airflow/.local/lib/python3.12/site-packages/airflow/example_dags/example_task_group.py
[2026-08-24T14:09:45.968+0000] {logging_mixin.py:188} INFO - [2026-08-24T14:09:45.968+0000] {dag.py:3096} INFO - Sync 1 DAGs
[2026-08-24T14:09:46.017+0000] {logging_mixin.py:188} INFO - [2026-08-24T14:09:46.017+0000] {dag.py:3954} INFO - Setting next_dagrun for example_task_group to 2026-08-23 00:00:00+00:00, run_after=2026-08-24 00:00:00+00:00
[2026-08-24T14:09:46.058+0000] {processor.py:183} INFO - Processing /home/airflow/.local/lib/python3.12/site-packages/airflow/example_dags/example_task_group.py took 0.139 seconds
[2026-08-24T14:10:16.470+0000] {processor.py:161} INFO - Started process (PID=425) to work on /home/airflow/.local/lib/python3.12/site-packages/airflow/example_dags/example_task_group.py
[2026-08-24T14:10:16.471+0000] {processor.py:830} INFO - Processing file /home/airflow/.local/lib/python3.12/site-packages/airflow/example_dags/example_task_group.py for tasks to queue
[2026-08-24T14:10:16.474+0000] {logging_mixin.py:188} INFO - [2026-08-24T14:10:16.473+0000] {dagbag.py:545} INFO - Filling up the DagBag from /home/airflow/.local/lib/python3.12/site-packages/airflow/example_dags/example_task_group.py
[2026-08-24T14:10:16.485+0000] {processor.py:840} INFO - DAG(s) 'example_task_group' retrieved from /home/airflow/.local/lib/python3.12/site-packages/airflow/example_dags/example_task_group.py
[2026-08-24T14:10:16.513+0000] {logging_mixin.py:188} INFO - [2026-08-24T14:10:16.512+0000] {dag.py:3096} INFO - Sync 1 DAGs
[2026-08-24T14:10:16.551+0000] {logging_mixin.py:188} INFO - [2026-08-24T14:10:16.551+0000] {dag.py:3954} INFO - Setting next_dagrun for example_task_group to 2026-08-23 00:00:00+00:00, run_after=2026-08-24 00:00:00+00:00
[2026-08-24T14:10:16.579+0000] {processor.py:183} INFO - Processing /home/airflow/.local/lib/python3.12/site-packages/airflow/example_dags/example_task_group.py took 0.118 seconds
[2026-08-24T14:10:47.072+0000] {processor.py:161} INFO - Started process (PID=484) to work on /home/airflow/.local/lib/python3.12/site-packages/airflow/example_dags/example_task_group.py
[2026-08-24T14:10:47.074+0000] {processor.py:830} INFO - Processing file /home/airflow/.local/lib/python3.12/site-packages/airflow/example_dags/example_task_group.py for tasks to queue
[2026-08-24T14:10:47.077+0000] {logging_mixin.py:188} INFO - [2026-08-24T14:10:47.077+0000] {dagbag.py:545} INFO - Filling up the DagBag from /home/airflow/.local/lib/python3.12/site-packages/airflow/example_dags/example_task_group.py
[2026-08-24T14:10:47.088+0000] {processor.py:840} INFO - DAG(s) 'example_task_group' retrieved from /home/airflow/.local/lib/python3.12/site-packages/airflow/example_dags/example_task_group.py
[2026-08-24T14:10:47.119+0000] {logging_mixin.py:188} INFO - [2026-08-24T14:10:47.119+0000] {dag.py:3096} INFO - Sync 1 DAGs
[2026-08-24T14:10:47.151+0000] {logging_mixin.py:188} INFO - [2026-08-24T14:10:47.150+0000] {dag.py:3954} INFO - Setting next_dagrun for example_task_group to 2026-08-23 00:00:00+00:00, run_after=2026-08-24 00:00:00+00:00
[2026-08-24T14:10:47.176+0000] {processor.py:183} INFO - Processing /home/airflow/.local/lib/python3.12/site-packages/airflow/example_dags/example_task_group.py took 0.112 seconds
[2026-08-24T14:13:30.065+0000] {processor.py:161} INFO - Started process (PID=134) to work on /home/airflow/.local/lib/python3.12/site-packages/airflow/example_dags/example_task_group.py
[2026-08-24T14:13:30.066+0000] {processor.py:830} INFO - Processing file /home/airflow/.local/lib/python3.12/site-packages/airflow/example_dags/example_task_group.py for tasks to queue
[2026-08-24T14:13:30.070+0000] {logging_mixin.py:188} INFO - [2026-08-24T14:13:30.069+0000] {dagbag.py:545} INFO - Filling up the DagBag from /home/airflow/.local/lib/python3.12/site-packages/airflow/example_dags/example_task_group.py
[2026-08-24T14:13:30.081+0000] {processor.py:840} INFO - DAG(s) 'example_task_group' retrieved from /home/airflow/.local/lib/python3.12/site-packages/airflow/example_dags/example_task_group.py
[2026-08-24T14:13:30.226+0000] {logging_mixin.py:188} INFO - [2026-08-24T14:13:30.226+0000] {dag.py:3096} INFO - Sync 1 DAGs
[2026-08-24T14:13:30.251+0000] {logging_mixin.py:188} INFO - [2026-08-24T14:13:30.250+0000] {dag.py:3954} INFO - Setting next_dagrun for example_task_group to 2026-08-23 00:00:00+00:00, run_after=2026-08-24 00:00:00+00:00
[2026-08-24T14:13:30.277+0000] {processor.py:183} INFO - Processing /home/airflow/.local/lib/python3.12/site-packages/airflow/example_dags/example_task_group.py took 0.220 seconds
[2026-08-24T14:14:00.389+0000] {processor.py:161} INFO - Started process (PID=193) to work on /home/airflow/.local/lib/python3.12/site-packages/airflow/example_dags/example_task_group.py
[2026-08-24T14:14:00.390+0000] {processor.py:830} INFO - Processing file /home/airflow/.local/lib/python3.12/site-packages/airflow/example_dags/example_task_group.py for tasks to queue
[2026-08-24T14:14:00.393+0000] {logging_mixin.py:188} INFO - [2026-08-24T14:14:00.392+0000] {dagbag.py:545} INFO - Filling up the DagBag from /home/airflow/.local/lib/python3.12/site-packages/airflow/example_dags/example_task_group.py
[2026-08-24T14:14:00.408+0000] {processor.py:840} INFO - DAG(s) 'example_task_group' retrieved from /home/airflow/.local/lib/python3.12/site-packages/airflow/example_dags/example_task_group.py
[2026-08-24T14:14:00.452+0000] {logging_mixin.py:188} INFO - [2026-08-24T14:14:00.451+0000] {dag.py:3096} INFO - Sync 1 DAGs
[2026-08-24T14:14:00.487+0000] {logging_mixin.py:188} INFO - [2026-08-24T14:14:00.487+0000] {dag.py:3954} INFO - Setting next_dagrun for example_task_group to 2026-08-23 00:00:00+00:00, run_after=2026-08-24 00:00:00+00:00
[2026-08-24T14:14:00.514+0000] {processor.py:183} INFO - Processing /home/airflow/.local/lib/python3.12/site-packages/airflow/example_dags/example_task_group.py took 0.131 seconds
[2026-08-24T14:14:30.700+0000] {processor.py:161} INFO - Started process (PID=252) to work on /home/airflow/.local/lib/python3.12/site-packages/airflow/example_dags/example_task_group.py
[2026-08-24T14:14:30.701+0000] {processor.py:830} INFO - Processing file /home/airflow/.local/lib/python3.12/site-packages/airflow/example_dags/example_task_group.py for tasks to queue
[2026-08-24T14:14:30.705+0000] {logging_mixin.py:188} INFO - [2026-08-24T14:14:30.704+0000] {dagbag.py:545} INFO - Filling up the DagBag from /home/airflow/.local/lib/python3.12/site-packages/airflow/example_dags/example_task_group.py
[2026-08-24T14:14:30.717+0000] {processor.py:840} INFO - DAG(s) 'example_task_group' retrieved from /home/airflow/.local/lib/python3.12/site-packages/airflow/example_dags/example_task_group.py
[2026-08-24T14:14:30.748+0000] {logging_mixin.py:188} INFO - [2026-08-24T14:14:30.748+0000] {dag.py:3096} INFO - Sync 1 DAGs
[2026-08-24T14:14:30.780+0000] {logging_mixin.py:188} INFO - [2026-08-24T14:14:30.779+0000] {dag.py:3954} INFO - Setting next_dagrun for example_task_group to 2026-08-23 00:00:00+00:00, run_after=2026-08-24 00:00:00+00:00
[2026-08-24T14:14:30.811+0000] {processor.py:183} INFO - Processing /home/airflow/.local/lib/python3.12/site-packages/airflow/example_dags/example_task_group.py took 0.121 seconds
[2026-08-24T14:15:01.642+0000] {processor.py:161} INFO - Started process (PID=311) to work on /home/airflow/.local/lib/python3.12/site-packages/airflow/example_dags/example_task_group.py
[2026-08-24T14:15:01.643+0000] {processor.py:830} INFO - Processing file /home/airflow/.local/lib/python3.12/site-packages/airflow/example_dags/example_task_group.py for tasks to queue
[2026-08-24T14:15:01.646+0000] {logging_mixin.py:188} INFO - [2026-08-24T14:15:01.646+0000] {dagbag.py:545} INFO - Filling up the DagBag from /home/airflow/.local/lib/python3.12/site-packages/airflow/example_dags/example_task_group.py
[2026-08-24T14:15:01.655+0000] {processor.py:840} INFO - DAG(s) 'example_task_group' retrieved from /home/airflow/.local/lib/python3.12/site-packages/airflow/example_dags/example_task_group.py
[2026-08-24T14:15:01.684+0000] {logging_mixin.py:188} INFO - [2026-08-24T14:15:01.684+0000] {dag.py:3096} INFO - Sync 1 DAGs
[2026-08-24T14:15:01.711+0000] {logging_mixin.py:188} INFO - [2026-08-24T14:15:01.711+0000] {dag.py:3954} INFO - Setting next_dagrun for example_task_group to 2026-08-23 00:00:00+00:00, run_after=2026-08-24 00:00:00+00:00
[2026-08-24T14:15:01.734+0000] {processor.py:183} INFO - Processing /home/airflow/.local/lib/python3.12/site-packages/airflow/example_dags/example_task_group.py took 0.098 seconds
[2026-08-24T14:15:32.535+0000] {processor.py:161} INFO - Started process (PID=370) to work on /home/airflow/.local/lib/python3.12/site-packages/airflow/example_dags/example_task_group.py
[2026-08-24T14:15:32.537+0000] {processor.py:830} INFO - Processing file /home/airflow/.local/lib/python3.12/site-packages/airflow/example_dags/example_task_group.py for tasks to queue
[2026-08-24T14:15:32.539+0000] {logging_mixin.py:188} INFO - [2026-08-24T14:15:32.539+0000] {dagbag.py:545} INFO - Filling up the DagBag from /home/airflow/.local/lib/python3.12/site-packages/airflow/example_dags/example_task_group.py
[2026-08-24T14:15:32.551+0000] {processor.py:840} INFO - DAG(s) 'example_task_group' retrieved from /home/airflow/.local/lib/python3.12/site-packages/airflow/example_dags/example_task_group.py
[2026-08-24T14:15:32.582+0000] {logging_mixin.py:188} INFO - [2026-08-24T14:15:32.581+0000] {dag.py:3096} INFO - Sync 1 DAGs
[2026-08-24T14:15:32.612+0000] {logging_mixin.py:188} INFO - [2026-08-24T14:15:32.611+0000] {dag.py:3954} INFO - Setting next_dagrun for example_task_group to 2026-08-23 00:00:00+00:00, run_after=2026-08-24 00:00:00+00:00
[2026-08-24T14:15:32.638+0000] {processor.py:183} INFO - Processing /home/airflow/.local/lib/python3.12/site-packages/airflow/example_dags/example_task_group.py took 0.112 seconds
[2026-08-24T14:16:03.414+0000] {processor.py:161} INFO - Started process (PID=429) to work on /home/airflow/.local/lib/python3.12/site-packages/airflow/example_dags/example_task_group.py
[2026-08-24T14:16:03.415+0000] {processor.py:830} INFO - Processing file /home/airflow/.local/lib/python3.12/site-packages/airflow/example_dags/example_task_group.py for tasks to queue
[2026-08-24T14:16:03.418+0000] {logging_mixin.py:188} INFO - [2026-08-24T14:16:03.417+0000] {dagbag.py:545} INFO - Filling up the DagBag from /home/airflow/.local/lib/python3.12/site-packages/airflow/example_dags/example_task_group.py
[2026-08-24T14:16:03.428+0000] {processor.py:840} INFO - DAG(s) 'example_task_group' retrieved from /home/airflow/.local/lib/python3.12/site-packages/airflow/example_dags/example_task_group.py
[2026-08-24T14:16:03.455+0000] {logging_mixin.py:188} INFO - [2026-08-24T14:16:03.455+0000] {dag.py:3096} INFO - Sync 1 DAGs
[2026-08-24T14:16:03.484+0000] {logging_mixin.py:188} INFO - [2026-08-24T14:16:03.484+0000] {dag.py:3954} INFO - Setting next_dagrun for example_task_group to 2026-08-23 00:00:00+00:00, run_after=2026-08-24 00:00:00+00:00
[2026-08-24T14:16:03.510+0000] {processor.py:183} INFO - Processing /home/airflow/.local/lib/python3.12/site-packages/airflow/example_dags/example_task_group.py took 0.105 seconds
[2026-08-24T14:16:33.601+0000] {processor.py:161} INFO - Started process (PID=488) to work on /home/airflow/.local/lib/python3.12/site-packages/airflow/example_dags/example_task_group.py
[2026-08-24T14:16:33.603+0000] {processor.py:830} INFO - Processing file /home/airflow/.local/lib/python3.12/site-packages/airflow/example_dags/example_task_group.py for tasks to queue
[2026-08-24T14:16:33.606+0000] {logging_mixin.py:188} INFO - [2026-08-24T14:16:33.606+0000] {dagbag.py:545} INFO - Filling up the DagBag from /home/airflow/.local/lib/python3.12/site-packages/airflow/example_dags/example_task_group.py
[2026-08-24T14:16:33.616+0000] {processor.py:840} INFO - DAG(s) 'example_task_group' retrieved from /home/airflow/.local/lib/python3.12/site-packages/airflow/example_dags/example_task_group.py
[2026-08-24T14:16:33.645+0000] {logging_mixin.py:188} INFO - [2026-08-24T14:16:33.645+0000] {dag.py:3096} INFO - Sync 1 DAGs
[2026-08-24T14:16:33.673+0000] {logging_mixin.py:188} INFO - [2026-08-24T14:16:33.673+0000] {dag.py:3954} INFO - Setting next_dagrun for example_task_group to 2026-08-23 00:00:00+00:00, run_after=2026-08-24 00:00:00+00:00
[2026-08-24T14:16:33.699+0000] {processor.py:183} INFO - Processing /home/airflow/.local/lib/python3.12/site-packages/airflow/example_dags/example_task_group.py took 0.108 seconds
[2026-08-24T14:17:04.022+0000] {processor.py:161} INFO - Started process (PID=547) to work on /home/airflow/.local/lib/python3.12/site-packages/airflow/example_dags/example_task_group.py
[2026-08-24T14:17:04.025+0000] {processor.py:830} INFO - Processing file /home/airflow/.local/lib/python3.12/site-packages/airflow/example_dags/example_task_group.py for tasks to queue
[2026-08-24T14:17:04.028+0000] {logging_mixin.py:188} INFO - [2026-08-24T14:17:04.027+0000] {dagbag.py:545} INFO - Filling up the DagBag from /home/airflow/.local/lib/python3.12/site-packages/airflow/example_dags/example_task_group.py
[2026-08-24T14:17:04.040+0000] {processor.py:840} INFO - DAG(s) 'example_task_group' retrieved from /home/airflow/.local/lib/python3.12/site-packages/airflow/example_dags/example_task_group.py
[2026-08-24T14:17:04.072+0000] {logging_mixin.py:188} INFO - [2026-08-24T14:17:04.072+0000] {dag.py:3096} INFO - Sync 1 DAGs
[2026-08-24T14:17:04.113+0000] {logging_mixin.py:188} INFO - [2026-08-24T14:17:04.112+0000] {dag.py:3954} INFO - Setting next_dagrun for example_task_group to 2026-08-23 00:00:00+00:00, run_after=2026-08-24 00:00:00+00:00
[2026-08-24T14:17:04.139+0000] {processor.py:183} INFO - Processing /home/airflow/.local/lib/python3.12/site-packages/airflow/example_dags/example_task_group.py took 0.128 seconds
[2026-08-24T14:17:35.039+0000] {processor.py:161} INFO - Started process (PID=606) to work on /home/airflow/.local/lib/python3.12/site-packages/airflow/example_dags/example_task_group.py
[2026-08-24T14:17:35.040+0000] {processor.py:830} INFO - Processing file /home/airflow/.local/lib/python3.12/site-packages/airflow/example_dags/example_task_group.py for tasks to queue
[2026-08-24T14:17:35.043+0000] {logging_mixin.py:188} INFO - [2026-08-24T14:17:35.043+0000] {dagbag.py:545} INFO - Filling up the DagBag from /home/airflow/.local/lib/python3.12/site-packages/airflow/example_dags/example_task_group.py
[2026-08-24T14:17:35.053+0000] {processor.py:840} INFO - DAG(s) 'example_task_group' retrieved from /home/airflow/.local/lib/python3.12/site-packages/airflow/example_dags/example_task_group.py
[2026-08-24T14:17:35.085+0000] {logging_mixin.py:188} INFO - [2026-08-24T14:17:35.085+0000] {dag.py:3096} INFO - Sync 1 DAGs
[2026-08-24T14:17:35.119+0000] {logging_mixin.py:188} INFO - [2026-08-24T14:17:35.119+0000] {dag.py:3954} INFO - Setting next_dagrun for example_task_group to 2026-08-23 00:00:00+00:00, run_after=2026-08-24 00:00:00+00:00
[2026-08-24T14:17:35.149+0000] {processor.py:183} INFO - Processing /home/airflow/.local/lib/python3.12/site-packages/airflow/example_dags/example_task_group.py took 0.119 seconds
[2026-08-24T14:18:05.925+0000] {processor.py:161} INFO - Started process (PID=671) to work on /home/airflow/.local/lib/python3.12/site-packages/airflow/example_dags/example_task_group.py
[2026-08-24T14:18:05.926+0000] {processor.py:830} INFO - Processing file /home/airflow/.local/lib/python3.12/site-packages/airflow/example_dags/example_task_group.py for tasks to queue
[2026-08-24T14:18:05.930+0000] {logging_mixin.py:188} INFO - [2026-08-24T14:18:05.929+0000] {dagbag.py:545} INFO - Filling up the DagBag from /home/airflow/.local/lib/python3.12/site-packages/airflow/example_dags/example_task_group.py
[2026-08-24T14:18:05.943+0000] {processor.py:840} INFO - DAG(s) 'example_task_group' retrieved from /home/airflow/.local/lib/python3.12/site-packages/airflow/example_dags/example_task_group.py
[2026-08-24T14:18:05.976+0000] {logging_mixin.py:188} INFO - [2026-08-24T14:18:05.976+0000] {dag.py:3096} INFO - Sync 1 DAGs
[2026-08-24T14:18:06.013+0000] {logging_mixin.py:188} INFO - [2026-08-24T14:18:06.013+0000] {dag.py:3954} INFO - Setting next_dagrun for example_task_group to 2026-08-23 00:00:00+00:00, run_after=2026-08-24 00:00:00+00:00
[2026-08-24T14:18:06.063+0000] {processor.py:183} INFO - Processing /home/airflow/.local/lib/python3.12/site-packages/airflow/example_dags/example_task_group.py took 0.145 seconds
[2026-08-24T14:18:36.929+0000] {processor.py:161} INFO - Started process (PID=731) to work on /home/airflow/.local/lib/python3.12/site-packages/airflow/example_dags/example_task_group.py
[2026-08-24T14:18:36.931+0000] {processor.py:830} INFO - Processing file /home/airflow/.local/lib/python3.12/site-packages/airflow/example_dags/example_task_group.py for tasks to queue
[2026-08-24T14:18:36.936+0000] {logging_mixin.py:188} INFO - [2026-08-24T14:18:36.935+0000] {dagbag.py:545} INFO - Filling up the DagBag from /home/airflow/.local/lib/python3.12/site-packages/airflow/example_dags/example_task_group.py
[2026-08-24T14:18:36.952+0000] {processor.py:840} INFO - DAG(s) 'example_task_group' retrieved from /home/airflow/.local/lib/python3.12/site-packages/airflow/example_dags/example_task_group.py
[2026-08-24T14:18:36.986+0000] {logging_mixin.py:188} INFO - [2026-08-24T14:18:36.986+0000] {dag.py:3096} INFO - Sync 1 DAGs
[2026-08-24T14:18:37.019+0000] {logging_mixin.py:188} INFO - [2026-08-24T14:18:37.019+0000] {dag.py:3954} INFO - Setting next_dagrun for example_task_group to 2026-08-23 00:00:00+00:00, run_after=2026-08-24 00:00:00+00:00
[2026-08-24T14:18:37.051+0000] {processor.py:183} INFO - Processing /home/airflow/.local/lib/python3.12/site-packages/airflow/example_dags/example_task_group.py took 0.130 seconds
[2026-08-24T14:19:07.907+0000] {processor.py:161} INFO - Started process (PID=791) to work on /home/airflow/.local/lib/python3.12/site-packages/airflow/example_dags/example_task_group.py
[2026-08-24T14:19:07.908+0000] {processor.py:830} INFO - Processing file /home/airflow/.local/lib/python3.12/site-packages/airflow/example_dags/example_task_group.py for tasks to queue
[2026-08-24T14:19:07.911+0000] {logging_mixin.py:188} INFO - [2026-08-24T14:19:07.910+0000] {dagbag.py:545} INFO - Filling up the DagBag from /home/airflow/.local/lib/python3.12/site-packages/airflow/example_dags/example_task_group.py
[2026-08-24T14:19:07.920+0000] {processor.py:840} INFO - DAG(s) 'example_task_group' retrieved from /home/airflow/.local/lib/python3.12/site-packages/airflow/example_dags/example_task_group.py
[2026-08-24T14:19:07.946+0000] {logging_mixin.py:188} INFO - [2026-08-24T14:19:07.946+0000] {dag.py:3096} INFO - Sync 1 DAGs
[2026-08-24T14:19:07.974+0000] {logging_mixin.py:188} INFO - [2026-08-24T14:19:07.974+0000] {dag.py:3954} INFO - Setting next_dagrun for example_task_group to 2026-08-23 00:00:00+00:00, run_after=2026-08-24 00:00:00+00:00
[2026-08-24T14:19:07.997+0000] {processor.py:183} INFO - Processing /home/airflow/.local/lib/python3.12/site-packages/airflow/example_dags/example_task_group.py took 0.098 seconds
[2026-08-24T14:19:38.644+0000] {processor.py:161} INFO - Started process (PID=851) to work on /home/airflow/.local/lib/python3.12/site-packages/airflow/example_dags/example_task_group.py
[2026-08-24T14:19:38.646+0000] {processor.py:830} INFO - Processing file /home/airflow/.local/lib/python3.12/site-packages/airflow/example_dags/example_task_group.py for tasks to queue
[2026-08-24T14:19:38.651+0000] {logging_mixin.py:188} INFO - [2026-08-24T14:19:38.649+0000] {dagbag.py:545} INFO - Filling up the DagBag from /home/airflow/.local/lib/python3.12/site-packages/airflow/example_dags/example_task_group.py
[2026-08-24T14:19:38.671+0000] {processor.py:840} INFO - DAG(s) 'example_task_group' retrieved from /home/airflow/.local/lib/python3.12/site-packages/airflow/example_dags/example_task_group.py
[2026-08-24T14:19:38.722+0000] {logging_mixin.py:188} INFO - [2026-08-24T14:19:38.721+0000] {dag.py:3096} INFO - Sync 1 DAGs
[2026-08-24T14:19:38.762+0000] {logging_mixin.py:188} INFO - [2026-08-24T14:19:38.761+0000] {dag.py:3954} INFO - Setting next_dagrun for example_task_group to 2026-08-23 00:00:00+00:00, run_after=2026-08-24 00:00:00+00:00
[2026-08-24T14:19:38.812+0000] {processor.py:183} INFO - Processing /home/airflow/.local/lib/python3.12/site-packages/airflow/example_dags/example_task_group.py took 0.182 seconds
[2026-08-24T14:20:09.897+0000] {processor.py:161} INFO - Started process (PID=911) to work on /home/airflow/.local/lib/python3.12/site-packages/airflow/example_dags/example_task_group.py
[2026-08-24T14:20:09.898+0000] {processor.py:830} INFO - Processing file /home/airflow/.local/lib/python3.12/site-packages/airflow/example_dags/example_task_group.py for tasks to queue
[2026-08-24T14:20:09.901+0000] {logging_mixin.py:188} INFO - [2026-08-24T14:20:09.900+0000] {dagbag.py:545} INFO - Filling up the DagBag from /home/airflow/.local/lib/python3.12/site-packages/airflow/example_dags/example_task_group.py
[2026-08-24T14:20:09.911+0000] {processor.py:840} INFO - DAG(s) 'example_task_group' retrieved from /home/airflow/.local/lib/python3.12/site-packages/airflow/example_dags/example_task_group.py
[2026-08-24T14:20:09.941+0000] {logging_mixin.py:188} INFO - [2026-08-24T14:20:09.941+0000] {dag.py:3096} INFO - Sync 1 DAGs
[2026-08-24T14:20:09.975+0000] {logging_mixin.py:188} INFO - [2026-08-24T14:20:09.975+0000] {dag.py:3954} INFO - Setting next_dagrun for example_task_group to 2026-08-23 00:00:00+00:00, run_after=2026-08-24 00:00:00+00:00
[2026-08-24T14:20:10.002+0000] {processor.py:183} INFO - Processing /home/airflow/.local/lib/python3.12/site-packages/airflow/example_dags/example_task_group.py took 0.112 seconds
[2026-08-24T14:22:21.713+0000] {processor.py:161} INFO - Started process (PID=134) to work on /home/airflow/.local/lib/python3.12/site-packages/airflow/example_dags/example_task_group.py
[2026-08-24T14:22:21.715+0000] {processor.py:830} INFO - Processing file /home/airflow/.local/lib/python3.12/site-packages/airflow/example_dags/example_task_group.py for tasks to queue
[2026-08-24T14:22:21.718+0000] {logging_mixin.py:188} INFO - [2026-08-24T14:22:21.717+0000] {dagbag.py:545} INFO - Filling up the DagBag from /home/airflow/.local/lib/python3.12/site-packages/airflow/example_dags/example_task_group.py
[2026-08-24T14:22:21.729+0000] {processor.py:840} INFO - DAG(s) 'example_task_group' retrieved from /home/airflow/.local/lib/python3.12/site-packages/airflow/example_dags/example_task_group.py
[2026-08-24T14:22:21.859+0000] {logging_mixin.py:188} INFO - [2026-08-24T14:22:21.858+0000] {dag.py:3096} INFO - Sync 1 DAGs
[2026-08-24T14:22:21.884+0000] {logging_mixin.py:188} INFO - [2026-08-24T14:22:21.883+0000] {dag.py:3954} INFO - Setting next_dagrun for example_task_group to 2026-08-23 00:00:00+00:00, run_after=2026-08-24 00:00:00+00:00
[2026-08-24T14:22:22.263+0000] {processor.py:183} INFO - Processing /home/airflow/.local/lib/python3.12/site-packages/airflow/example_dags/example_task_group.py took 0.557 seconds
[2026-08-24T14:23:03.600+0000] {processor.py:161} INFO - Started process (PID=119) to work on /home/airflow/.local/lib/python3.12/site-packages/airflow/example_dags/example_task_group.py
[2026-08-24T14:23:03.601+0000] {processor.py:830} INFO - Processing file /home/airflow/.local/lib/python3.12/site-packages/airflow/example_dags/example_task_group.py for tasks to queue
[2026-08-24T14:23:03.606+0000] {logging_mixin.py:188} INFO - [2026-08-24T14:23:03.605+0000] {dagbag.py:545} INFO - Filling up the DagBag from /home/airflow/.local/lib/python3.12/site-packages/airflow/example_dags/example_task_group.py
[2026-08-24T14:23:03.622+0000] {processor.py:840} INFO - DAG(s) 'example_task_group' retrieved from /home/airflow/.local/lib/python3.12/site-packages/airflow/example_dags/example_task_group.py
[2026-08-24T14:23:03.663+0000] {logging_mixin.py:188} INFO - [2026-08-24T14:23:03.662+0000] {dag.py:3096} INFO - Sync 1 DAGs
[2026-08-24T14:23:03.701+0000] {logging_mixin.py:188} INFO - [2026-08-24T14:23:03.700+0000] {dag.py:3954} INFO - Setting next_dagrun for example_task_group to 2026-08-23 00:00:00+00:00, run_after=2026-08-24 00:00:00+00:00
[2026-08-24T14:23:03.736+0000] {processor.py:183} INFO - Processing /home/airflow/.local/lib/python3.12/site-packages/airflow/example_dags/example_task_group.py took 0.146 seconds
[2026-08-24T14:23:34.817+0000] {processor.py:161} INFO - Started process (PID=179) to work on /home/airflow/.local/lib/python3.12/site-packages/airflow/example_dags/example_task_group.py
[2026-08-24T14:23:34.820+0000] {processor.py:830} INFO - Processing file /home/airflow/.local/lib/python3.12/site-packages/airflow/example_dags/example_task_group.py for tasks to queue
[2026-08-24T14:23:34.824+0000] {logging_mixin.py:188} INFO - [2026-08-24T14:23:34.823+0000] {dagbag.py:545} INFO - Filling up the DagBag from /home/airflow/.local/lib/python3.12/site-packages/airflow/example_dags/example_task_group.py
[2026-08-24T14:23:34.848+0000] {processor.py:840} INFO - DAG(s) 'example_task_group' retrieved from /home/airflow/.local/lib/python3.12/site-packages/airflow/example_dags/example_task_group.py
[2026-08-24T14:23:34.898+0000] {logging_mixin.py:188} INFO - [2026-08-24T14:23:34.897+0000] {dag.py:3096} INFO - Sync 1 DAGs
[2026-08-24T14:23:34.965+0000] {logging_mixin.py:188} INFO - [2026-08-24T14:23:34.964+0000] {dag.py:3954} INFO - Setting next_dagrun for example_task_group to 2026-08-23 00:00:00+00:00, run_after=2026-08-24 00:00:00+00:00
[2026-08-24T14:23:35.018+0000] {processor.py:183} INFO - Processing /home/airflow/.local/lib/python3.12/site-packages/airflow/example_dags/example_task_group.py took 0.216 seconds
[2026-08-24T14:24:06.128+0000] {processor.py:161} INFO - Started process (PID=239) to work on /home/airflow/.local/lib/python3.12/site-packages/airflow/example_dags/example_task_group.py
[2026-08-24T14:24:06.130+0000] {processor.py:830} INFO - Processing file /home/airflow/.local/lib/python3.12/site-packages/airflow/example_dags/example_task_group.py for tasks to queue
[2026-08-24T14:24:06.134+0000] {logging_mixin.py:188} INFO - [2026-08-24T14:24:06.133+0000] {dagbag.py:545} INFO - Filling up the DagBag from /home/airflow/.local/lib/python3.12/site-packages/airflow/example_dags/example_task_group.py
[2026-08-24T14:24:06.144+0000] {processor.py:840} INFO - DAG(s) 'example_task_group' retrieved from /home/airflow/.local/lib/python3.12/site-packages/airflow/example_dags/example_task_group.py
[2026-08-24T14:24:06.179+0000] {logging_mixin.py:188} INFO - [2026-08-24T14:24:06.179+0000] {dag.py:3096} INFO - Sync 1 DAGs
[2026-08-24T14:24:06.214+0000] {logging_mixin.py:188} INFO - [2026-08-24T14:24:06.214+0000] {dag.py:3954} INFO - Setting next_dagrun for example_task_group to 2026-08-23 00:00:00+00:00, run_after=2026-08-24 00:00:00+00:00
[2026-08-24T14:24:06.243+0000] {processor.py:183} INFO - Processing /home/airflow/.local/lib/python3.12/site-packages/airflow/example_dags/example_task_group.py took 0.121 seconds
[2026-08-24T14:24:37.137+0000] {processor.py:161} INFO - Started process (PID=299) to work on /home/airflow/.local/lib/python3.12/site-packages/airflow/example_dags/example_task_group.py
[2026-08-24T14:24:37.139+0000] {processor.py:830} INFO - Processing file /home/airflow/.local/lib/python3.12/site-packages/airflow/example_dags/example_task_group.py for tasks to queue
[2026-08-24T14:24:37.141+0000] {logging_mixin.py:188} INFO - [2026-08-24T14:24:37.141+0000] {dagbag.py:545} INFO - Filling up the DagBag from /home/airflow/.local/lib/python3.12/site-packages/airflow/example_dags/example_task_group.py
[2026-08-24T14:24:37.153+0000] {processor.py:840} INFO - DAG(s) 'example_task_group' retrieved from /home/airflow/.local/lib/python3.12/site-packages/airflow/example_dags/example_task_group.py
[2026-08-24T14:24:37.181+0000] {logging_mixin.py:188} INFO - [2026-08-24T14:24:37.181+0000] {dag.py:3096} INFO - Sync 1 DAGs
[2026-08-24T14:24:37.215+0000] {logging_mixin.py:188} INFO - [2026-08-24T14:24:37.215+0000] {dag.py:3954} INFO - Setting next_dagrun for example_task_group to 2026-08-23 00:00:00+00:00, run_after=2026-08-24 00:00:00+00:00
[2026-08-24T14:24:37.239+0000] {processor.py:183} INFO - Processing /home/airflow/.local/lib/python3.12/site-packages/airflow/example_dags/example_task_group.py took 0.110 seconds
[2026-08-24T14:25:08.023+0000] {processor.py:161} INFO - Started process (PID=359) to work on /home/airflow/.local/lib/python3.12/site-packages/airflow/example_dags/example_task_group.py
[2026-08-24T14:25:08.025+0000] {processor.py:830} INFO - Processing file /home/airflow/.local/lib/python3.12/site-packages/airflow/example_dags/example_task_group.py for tasks to queue
[2026-08-24T14:25:08.027+0000] {logging_mixin.py:188} INFO - [2026-08-24T14:25:08.027+0000] {dagbag.py:545} INFO - Filling up the DagBag from /home/airflow/.local/lib/python3.12/site-packages/airflow/example_dags/example_task_group.py
[2026-08-24T14:25:08.038+0000] {processor.py:840} INFO - DAG(s) 'example_task_group' retrieved from /home/airflow/.local/lib/python3.12/site-packages/airflow/example_dags/example_task_group.py
[2026-08-24T14:25:08.070+0000] {logging_mixin.py:188} INFO - [2026-08-24T14:25:08.069+0000] {dag.py:3096} INFO - Sync 1 DAGs
[2026-08-24T14:25:08.099+0000] {logging_mixin.py:188} INFO - [2026-08-24T14:25:08.099+0000] {dag.py:3954} INFO - Setting next_dagrun for example_task_group to 2026-08-23 00:00:00+00:00, run_after=2026-08-24 00:00:00+00:00
[2026-08-24T14:25:08.125+0000] {processor.py:183} INFO - Processing /home/airflow/.local/lib/python3.12/site-packages/airflow/example_dags/example_task_group.py took 0.110 seconds
[2026-08-24T14:25:39.003+0000] {processor.py:161} INFO - Started process (PID=419) to work on /home/airflow/.local/lib/python3.12/site-packages/airflow/example_dags/example_task_group.py
[2026-08-24T14:25:39.004+0000] {processor.py:830} INFO - Processing file /home/airflow/.local/lib/python3.12/site-packages/airflow/example_dags/example_task_group.py for tasks to queue
[2026-08-24T14:25:39.007+0000] {logging_mixin.py:188} INFO - [2026-08-24T14:25:39.007+0000] {dagbag.py:545} INFO - Filling up the DagBag from /home/airflow/.local/lib/python3.12/site-packages/airflow/example_dags/example_task_group.py
[2026-08-24T14:25:39.017+0000] {processor.py:840} INFO - DAG(s) 'example_task_group' retrieved from /home/airflow/.local/lib/python3.12/site-packages/airflow/example_dags/example_task_group.py
[2026-08-24T14:25:39.046+0000] {logging_mixin.py:188} INFO - [2026-08-24T14:25:39.045+0000] {dag.py:3096} INFO - Sync 1 DAGs
[2026-08-24T14:25:39.073+0000] {logging_mixin.py:188} INFO - [2026-08-24T14:25:39.073+0000] {dag.py:3954} INFO - Setting next_dagrun for example_task_group to 2026-08-23 00:00:00+00:00, run_after=2026-08-24 00:00:00+00:00
[2026-08-24T14:25:39.096+0000] {processor.py:183} INFO - Processing /home/airflow/.local/lib/python3.12/site-packages/airflow/example_dags/example_task_group.py took 0.100 seconds
[2026-08-24T14:26:10.194+0000] {processor.py:161} INFO - Started process (PID=479) to work on /home/airflow/.local/lib/python3.12/site-packages/airflow/example_dags/example_task_group.py
[2026-08-24T14:26:10.199+0000] {processor.py:830} INFO - Processing file /home/airflow/.local/lib/python3.12/site-packages/airflow/example_dags/example_task_group.py for tasks to queue
[2026-08-24T14:26:10.201+0000] {logging_mixin.py:188} INFO - [2026-08-24T14:26:10.201+0000] {dagbag.py:545} INFO - Filling up the DagBag from /home/airflow/.local/lib/python3.12/site-packages/airflow/example_dags/example_task_group.py
[2026-08-24T14:26:10.212+0000] {processor.py:840} INFO - DAG(s) 'example_task_group' retrieved from /home/airflow/.local/lib/python3.12/site-packages/airflow/example_dags/example_task_group.py
[2026-08-24T14:26:10.239+0000] {logging_mixin.py:188} INFO - [2026-08-24T14:26:10.239+0000] {dag.py:3096} INFO - Sync 1 DAGs
[2026-08-24T14:26:10.271+0000] {logging_mixin.py:188} INFO - [2026-08-24T14:26:10.271+0000] {dag.py:3954} INFO - Setting next_dagrun for example_task_group to 2026-08-23 00:00:00+00:00, run_after=2026-08-24 00:00:00+00:00
[2026-08-24T14:26:10.296+0000] {processor.py:183} INFO - Processing /home/airflow/.local/lib/python3.12/site-packages/airflow/example_dags/example_task_group.py took 0.111 seconds
[2026-08-24T14:26:40.940+0000] {processor.py:161} INFO - Started process (PID=539) to work on /home/airflow/.local/lib/python3.12/site-packages/airflow/example_dags/example_task_group.py
[2026-08-24T14:26:40.941+0000] {processor.py:830} INFO - Processing file /home/airflow/.local/lib/python3.12/site-packages/airflow/example_dags/example_task_group.py for tasks to queue
[2026-08-24T14:26:40.944+0000] {logging_mixin.py:188} INFO - [2026-08-24T14:26:40.943+0000] {dagbag.py:545} INFO - Filling up the DagBag from /home/airflow/.local/lib/python3.12/site-packages/airflow/example_dags/example_task_group.py
[2026-08-24T14:26:40.956+0000] {processor.py:840} INFO - DAG(s) 'example_task_group' retrieved from /home/airflow/.local/lib/python3.12/site-packages/airflow/example_dags/example_task_group.py
[2026-08-24T14:26:40.989+0000] {logging_mixin.py:188} INFO - [2026-08-24T14:26:40.989+0000] {dag.py:3096} INFO - Sync 1 DAGs
[2026-08-24T14:26:41.018+0000] {logging_mixin.py:188} INFO - [2026-08-24T14:26:41.018+0000] {dag.py:3954} INFO - Setting next_dagrun for example_task_group to 2026-08-23 00:00:00+00:00, run_after=2026-08-24 00:00:00+00:00
[2026-08-24T14:26:41.043+0000] {processor.py:183} INFO - Processing /home/airflow/.local/lib/python3.12/site-packages/airflow/example_dags/example_task_group.py took 0.112 seconds
[2026-08-24T14:27:11.546+0000] {processor.py:161} INFO - Started process (PID=599) to work on /home/airflow/.local/lib/python3.12/site-packages/airflow/example_dags/example_task_group.py
[2026-08-24T14:27:11.548+0000] {processor.py:830} INFO - Processing file /home/airflow/.local/lib/python3.12/site-packages/airflow/example_dags/example_task_group.py for tasks to queue
[2026-08-24T14:27:11.551+0000] {logging_mixin.py:188} INFO - [2026-08-24T14:27:11.551+0000] {dagbag.py:545} INFO - Filling up the DagBag from /home/airflow/.local/lib/python3.12/site-packages/airflow/example_dags/example_task_group.py
[2026-08-24T14:27:11.560+0000] {processor.py:840} INFO - DAG(s) 'example_task_group' retrieved from /home/airflow/.local/lib/python3.12/site-packages/airflow/example_dags/example_task_group.py
[2026-08-24T14:27:11.590+0000] {logging_mixin.py:188} INFO - [2026-08-24T14:27:11.590+0000] {dag.py:3096} INFO - Sync 1 DAGs
[2026-08-24T14:27:11.621+0000] {logging_mixin.py:188} INFO - [2026-08-24T14:27:11.620+0000] {dag.py:3954} INFO - Setting next_dagrun for example_task_group to 2026-08-23 00:00:00+00:00, run_after=2026-08-24 00:00:00+00:00
[2026-08-24T14:27:11.644+0000] {processor.py:183} INFO - Processing /home/airflow/.local/lib/python3.12/site-packages/airflow/example_dags/example_task_group.py took 0.105 seconds
[2026-08-24T14:27:42.194+0000] {processor.py:161} INFO - Started process (PID=659) to work on /home/airflow/.local/lib/python3.12/site-packages/airflow/example_dags/example_task_group.py
[2026-08-24T14:27:42.197+0000] {processor.py:830} INFO - Processing file /home/airflow/.local/lib/python3.12/site-packages/airflow/example_dags/example_task_group.py for tasks to queue
[2026-08-24T14:27:42.201+0000] {logging_mixin.py:188} INFO - [2026-08-24T14:27:42.201+0000] {dagbag.py:545} INFO - Filling up the DagBag from /home/airflow/.local/lib/python3.12/site-packages/airflow/example_dags/example_task_group.py
[2026-08-24T14:27:42.213+0000] {processor.py:840} INFO - DAG(s) 'example_task_group' retrieved from /home/airflow/.local/lib/python3.12/site-packages/airflow/example_dags/example_task_group.py
[2026-08-24T14:27:42.244+0000] {logging_mixin.py:188} INFO - [2026-08-24T14:27:42.244+0000] {dag.py:3096} INFO - Sync 1 DAGs
[2026-08-24T14:27:42.275+0000] {logging_mixin.py:188} INFO - [2026-08-24T14:27:42.275+0000] {dag.py:3954} INFO - Setting next_dagrun for example_task_group to 2026-08-23 00:00:00+00:00, run_after=2026-08-24 00:00:00+00:00
[2026-08-24T14:27:42.298+0000] {processor.py:183} INFO - Processing /home/airflow/.local/lib/python3.12/site-packages/airflow/example_dags/example_task_group.py took 0.113 seconds
[2026-08-24T14:28:12.843+0000] {processor.py:161} INFO - Started process (PID=718) to work on /home/airflow/.local/lib/python3.12/site-packages/airflow/example_dags/example_task_group.py
[2026-08-24T14:28:12.844+0000] {processor.py:830} INFO - Processing file /home/airflow/.local/lib/python3.12/site-packages/airflow/example_dags/example_task_group.py for tasks to queue
[2026-08-24T14:28:12.848+0000] {logging_mixin.py:188} INFO - [2026-08-24T14:28:12.848+0000] {dagbag.py:545} INFO - Filling up the DagBag from /home/airflow/.local/lib/python3.12/site-packages/airflow/example_dags/example_task_group.py
[2026-08-24T14:28:12.857+0000] {processor.py:840} INFO - DAG(s) 'example_task_group' retrieved from /home/airflow/.local/lib/python3.12/site-packages/airflow/example_dags/example_task_group.py
[2026-08-24T14:28:12.882+0000] {logging_mixin.py:188} INFO - [2026-08-24T14:28:12.882+0000] {dag.py:3096} INFO - Sync 1 DAGs
[2026-08-24T14:28:12.909+0000] {logging_mixin.py:188} INFO - [2026-08-24T14:28:12.909+0000] {dag.py:3954} INFO - Setting next_dagrun for example_task_group to 2026-08-23 00:00:00+00:00, run_after=2026-08-24 00:00:00+00:00
[2026-08-24T14:28:12.932+0000] {processor.py:183} INFO - Processing /home/airflow/.local/lib/python3.12/site-packages/airflow/example_dags/example_task_group.py took 0.096 seconds
[2026-08-24T14:28:43.294+0000] {processor.py:161} INFO - Started process (PID=777) to work on /home/airflow/.local/lib/python3.12/site-packages/airflow/example_dags/example_task_group.py
[2026-08-24T14:28:43.295+0000] {processor.py:830} INFO - Processing file /home/airflow/.local/lib/python3.12/site-packages/airflow/example_dags/example_task_group.py for tasks to queue
[2026-08-24T14:28:43.298+0000] {logging_mixin.py:188} INFO - [2026-08-24T14:28:43.298+0000] {dagbag.py:545} INFO - Filling up the DagBag from /home/airflow/.local/lib/python3.12/site-packages/airflow/example_dags/example_task_group.py
[2026-08-24T14:28:43.310+0000] {processor.py:840} INFO - DAG(s) 'example_task_group' retrieved from /home/airflow/.local/lib/python3.12/site-packages/airflow/example_dags/example_task_group.py
[2026-08-24T14:28:43.339+0000] {logging_mixin.py:188} INFO - [2026-08-24T14:28:43.339+0000] {dag.py:3096} INFO - Sync 1 DAGs
[2026-08-24T14:28:43.369+0000] {logging_mixin.py:188} INFO - [2026-08-24T14:28:43.368+0000] {dag.py:3954} INFO - Setting next_dagrun for example_task_group to 2026-08-23 00:00:00+00:00, run_after=2026-08-24 00:00:00+00:00
[2026-08-24T14:28:43.395+0000] {processor.py:183} INFO - Processing /home/airflow/.local/lib/python3.12/site-packages/airflow/example_dags/example_task_group.py took 0.111 seconds
[2026-08-24T14:29:13.560+0000] {processor.py:161} INFO - Started process (PID=837) to work on /home/airflow/.local/lib/python3.12/site-packages/airflow/example_dags/example_task_group.py
[2026-08-24T14:29:13.562+0000] {processor.py:830} INFO - Processing file /home/airflow/.local/lib/python3.12/site-packages/airflow/example_dags/example_task_group.py for tasks to queue
[2026-08-24T14:29:13.566+0000] {logging_mixin.py:188} INFO - [2026-08-24T14:29:13.565+0000] {dagbag.py:545} INFO - Filling up the DagBag from /home/airflow/.local/lib/python3.12/site-packages/airflow/example_dags/example_task_group.py
[2026-08-24T14:29:13.581+0000] {processor.py:840} INFO - DAG(s) 'example_task_group' retrieved from /home/airflow/.local/lib/python3.12/site-packages/airflow/example_dags/example_task_group.py
[2026-08-24T14:29:13.624+0000] {logging_mixin.py:188} INFO - [2026-08-24T14:29:13.624+0000] {dag.py:3096} INFO - Sync 1 DAGs
[2026-08-24T14:29:13.679+0000] {logging_mixin.py:188} INFO - [2026-08-24T14:29:13.679+0000] {dag.py:3954} INFO - Setting next_dagrun for example_task_group to 2026-08-23 00:00:00+00:00, run_after=2026-08-24 00:00:00+00:00
[2026-08-24T14:29:13.721+0000] {processor.py:183} INFO - Processing /home/airflow/.local/lib/python3.12/site-packages/airflow/example_dags/example_task_group.py took 0.171 seconds
[2026-08-24T14:29:44.011+0000] {processor.py:161} INFO - Started process (PID=898) to work on /home/airflow/.local/lib/python3.12/site-packages/airflow/example_dags/example_task_group.py
[2026-08-24T14:29:44.013+0000] {processor.py:830} INFO - Processing file /home/airflow/.local/lib/python3.12/site-packages/airflow/example_dags/example_task_group.py for tasks to queue
[2026-08-24T14:29:44.016+0000] {logging_mixin.py:188} INFO - [2026-08-24T14:29:44.015+0000] {dagbag.py:545} INFO - Filling up the DagBag from /home/airflow/.local/lib/python3.12/site-packages/airflow/example_dags/example_task_group.py
[2026-08-24T14:29:44.029+0000] {processor.py:840} INFO - DAG(s) 'example_task_group' retrieved from /home/airflow/.local/lib/python3.12/site-packages/airflow/example_dags/example_task_group.py
[2026-08-24T14:29:44.063+0000] {logging_mixin.py:188} INFO - [2026-08-24T14:29:44.063+0000] {dag.py:3096} INFO - Sync 1 DAGs
[2026-08-24T14:29:44.095+0000] {logging_mixin.py:188} INFO - [2026-08-24T14:29:44.095+0000] {dag.py:3954} INFO - Setting next_dagrun for example_task_group to 2026-08-23 00:00:00+00:00, run_after=2026-08-24 00:00:00+00:00
[2026-08-24T14:29:44.129+0000] {processor.py:183} INFO - Processing /home/airflow/.local/lib/python3.12/site-packages/airflow/example_dags/example_task_group.py took 0.127 seconds
[2026-08-24T14:30:14.846+0000] {processor.py:161} INFO - Started process (PID=958) to work on /home/airflow/.local/lib/python3.12/site-packages/airflow/example_dags/example_task_group.py
[2026-08-24T14:30:14.847+0000] {processor.py:830} INFO - Processing file /home/airflow/.local/lib/python3.12/site-packages/airflow/example_dags/example_task_group.py for tasks to queue
[2026-08-24T14:30:14.850+0000] {logging_mixin.py:188} INFO - [2026-08-24T14:30:14.850+0000] {dagbag.py:545} INFO - Filling up the DagBag from /home/airflow/.local/lib/python3.12/site-packages/airflow/example_dags/example_task_group.py
[2026-08-24T14:30:14.862+0000] {processor.py:840} INFO - DAG(s) 'example_task_group' retrieved from /home/airflow/.local/lib/python3.12/site-packages/airflow/example_dags/example_task_group.py
[2026-08-24T14:30:14.895+0000] {logging_mixin.py:188} INFO - [2026-08-24T14:30:14.895+0000] {dag.py:3096} INFO - Sync 1 DAGs
[2026-08-24T14:30:14.929+0000] {logging_mixin.py:188} INFO - [2026-08-24T14:30:14.929+0000] {dag.py:3954} INFO - Setting next_dagrun for example_task_group to 2026-08-23 00:00:00+00:00, run_after=2026-08-24 00:00:00+00:00
[2026-08-24T14:30:14.964+0000] {processor.py:183} INFO - Processing /home/airflow/.local/lib/python3.12/site-packages/airflow/example_dags/example_task_group.py took 0.127 seconds
[2026-08-24T14:30:45.393+0000] {processor.py:161} INFO - Started process (PID=1019) to work on /home/airflow/.local/lib/python3.12/site-packages/airflow/example_dags/example_task_group.py
[2026-08-24T14:30:45.394+0000] {processor.py:830} INFO - Processing file /home/airflow/.local/lib/python3.12/site-packages/airflow/example_dags/example_task_group.py for tasks to queue
[2026-08-24T14:30:45.397+0000] {logging_mixin.py:188} INFO - [2026-08-24T14:30:45.396+0000] {dagbag.py:545} INFO - Filling up the DagBag from /home/airflow/.local/lib/python3.12/site-packages/airflow/example_dags/example_task_group.py
[2026-08-24T14:30:45.406+0000] {processor.py:840} INFO - DAG(s) 'example_task_group' retrieved from /home/airflow/.local/lib/python3.12/site-packages/airflow/example_dags/example_task_group.py
[2026-08-24T14:30:45.436+0000] {logging_mixin.py:188} INFO - [2026-08-24T14:30:45.436+0000] {dag.py:3096} INFO - Sync 1 DAGs
[2026-08-24T14:30:45.464+0000] {logging_mixin.py:188} INFO - [2026-08-24T14:30:45.464+0000] {dag.py:3954} INFO - Setting next_dagrun for example_task_group to 2026-08-23 00:00:00+00:00, run_after=2026-08-24 00:00:00+00:00
[2026-08-24T14:30:45.487+0000] {processor.py:183} INFO - Processing /home/airflow/.local/lib/python3.12/site-packages/airflow/example_dags/example_task_group.py took 0.102 seconds
[2026-08-24T14:35:29.474+0000] {processor.py:161} INFO - Started process (PID=142) to work on /home/airflow/.local/lib/python3.12/site-packages/airflow/example_dags/example_task_group.py
[2026-08-24T14:35:29.475+0000] {processor.py:830} INFO - Processing file /home/airflow/.local/lib/python3.12/site-packages/airflow/example_dags/example_task_group.py for tasks to queue
[2026-08-24T14:35:29.479+0000] {logging_mixin.py:188} INFO - [2026-08-24T14:35:29.478+0000] {dagbag.py:545} INFO - Filling up the DagBag from /home/airflow/.local/lib/python3.12/site-packages/airflow/example_dags/example_task_group.py
[2026-08-24T14:35:29.495+0000] {processor.py:840} INFO - DAG(s) 'example_task_group' retrieved from /home/airflow/.local/lib/python3.12/site-packages/airflow/example_dags/example_task_group.py
[2026-08-24T14:35:29.699+0000] {logging_mixin.py:188} INFO - [2026-08-24T14:35:29.698+0000] {dag.py:3096} INFO - Sync 1 DAGs
[2026-08-24T14:35:29.726+0000] {logging_mixin.py:188} INFO - [2026-08-24T14:35:29.726+0000] {dag.py:3954} INFO - Setting next_dagrun for example_task_group to 2026-08-23 00:00:00+00:00, run_after=2026-08-24 00:00:00+00:00
[2026-08-24T14:35:29.754+0000] {processor.py:183} INFO - Processing /home/airflow/.local/lib/python3.12/site-packages/airflow/example_dags/example_task_group.py took 0.291 seconds
[2026-08-24T14:35:59.977+0000] {processor.py:161} INFO - Started process (PID=202) to work on /home/airflow/.local/lib/python3.12/site-packages/airflow/example_dags/example_task_group.py
[2026-08-24T14:35:59.978+0000] {processor.py:830} INFO - Processing file /home/airflow/.local/lib/python3.12/site-packages/airflow/example_dags/example_task_group.py for tasks to queue
[2026-08-24T14:35:59.980+0000] {logging_mixin.py:188} INFO - [2026-08-24T14:35:59.980+0000] {dagbag.py:545} INFO - Filling up the DagBag from /home/airflow/.local/lib/python3.12/site-packages/airflow/example_dags/example_task_group.py
[2026-08-24T14:35:59.990+0000] {processor.py:840} INFO - DAG(s) 'example_task_group' retrieved from /home/airflow/.local/lib/python3.12/site-packages/airflow/example_dags/example_task_group.py
[2026-08-24T14:36:00.015+0000] {logging_mixin.py:188} INFO - [2026-08-24T14:36:00.015+0000] {dag.py:3096} INFO - Sync 1 DAGs
[2026-08-24T14:36:00.042+0000] {logging_mixin.py:188} INFO - [2026-08-24T14:36:00.042+0000] {dag.py:3954} INFO - Setting next_dagrun for example_task_group to 2026-08-23 00:00:00+00:00, run_after=2026-08-24 00:00:00+00:00
[2026-08-24T14:36:00.064+0000] {processor.py:183} INFO - Processing /home/airflow/.local/lib/python3.12/site-packages/airflow/example_dags/example_task_group.py took 0.096 seconds
[2026-08-24T14:36:30.717+0000] {processor.py:161} INFO - Started process (PID=263) to work on /home/airflow/.local/lib/python3.12/site-packages/airflow/example_dags/example_task_group.py
[2026-08-24T14:36:30.718+0000] {processor.py:830} INFO - Processing file /home/airflow/.local/lib/python3.12/site-packages/airflow/example_dags/example_task_group.py for tasks to queue
[2026-08-24T14:36:30.721+0000] {logging_mixin.py:188} INFO - [2026-08-24T14:36:30.720+0000] {dagbag.py:545} INFO - Filling up the DagBag from /home/airflow/.local/lib/python3.12/site-packages/airflow/example_dags/example_task_group.py
[2026-08-24T14:36:30.730+0000] {processor.py:840} INFO - DAG(s) 'example_task_group' retrieved from /home/airflow/.local/lib/python3.12/site-packages/airflow/example_dags/example_task_group.py
[2026-08-24T14:36:30.754+0000] {logging_mixin.py:188} INFO - [2026-08-24T14:36:30.754+0000] {dag.py:3096} INFO - Sync 1 DAGs
[2026-08-24T14:36:30.783+0000] {logging_mixin.py:188} INFO - [2026-08-24T14:36:30.783+0000] {dag.py:3954} INFO - Setting next_dagrun for example_task_group to 2026-08-23 00:00:00+00:00, run_after=2026-08-24 00:00:00+00:00
[2026-08-24T14:36:30.807+0000] {processor.py:183} INFO - Processing /home/airflow/.local/lib/python3.12/site-packages/airflow/example_dags/example_task_group.py took 0.098 seconds
[2026-08-24T14:37:00.966+0000] {processor.py:161} INFO - Started process (PID=323) to work on /home/airflow/.local/lib/python3.12/site-packages/airflow/example_dags/example_task_group.py
[2026-08-24T14:37:00.968+0000] {processor.py:830} INFO - Processing file /home/airflow/.local/lib/python3.12/site-packages/airflow/example_dags/example_task_group.py for tasks to queue
[2026-08-24T14:37:00.972+0000] {logging_mixin.py:188} INFO - [2026-08-24T14:37:00.972+0000] {dagbag.py:545} INFO - Filling up the DagBag from /home/airflow/.local/lib/python3.12/site-packages/airflow/example_dags/example_task_group.py
[2026-08-24T14:37:00.983+0000] {processor.py:840} INFO - DAG(s) 'example_task_group' retrieved from /home/airflow/.local/lib/python3.12/site-packages/airflow/example_dags/example_task_group.py
[2026-08-24T14:37:01.010+0000] {logging_mixin.py:188} INFO - [2026-08-24T14:37:01.010+0000] {dag.py:3096} INFO - Sync 1 DAGs
[2026-08-24T14:37:01.040+0000] {logging_mixin.py:188} INFO - [2026-08-24T14:37:01.040+0000] {dag.py:3954} INFO - Setting next_dagrun for example_task_group to 2026-08-23 00:00:00+00:00, run_after=2026-08-24 00:00:00+00:00
[2026-08-24T14:37:01.267+0000] {processor.py:183} INFO - Processing /home/airflow/.local/lib/python3.12/site-packages/airflow/example_dags/example_task_group.py took 0.308 seconds
[2026-08-24T14:37:32.246+0000] {processor.py:161} INFO - Started process (PID=383) to work on /home/airflow/.local/lib/python3.12/site-packages/airflow/example_dags/example_task_group.py
[2026-08-24T14:37:32.247+0000] {processor.py:830} INFO - Processing file /home/airflow/.local/lib/python3.12/site-packages/airflow/example_dags/example_task_group.py for tasks to queue
[2026-08-24T14:37:32.250+0000] {logging_mixin.py:188} INFO - [2026-08-24T14:37:32.249+0000] {dagbag.py:545} INFO - Filling up the DagBag from /home/airflow/.local/lib/python3.12/site-packages/airflow/example_dags/example_task_group.py
[2026-08-24T14:37:32.259+0000] {processor.py:840} INFO - DAG(s) 'example_task_group' retrieved from /home/airflow/.local/lib/python3.12/site-packages/airflow/example_dags/example_task_group.py
[2026-08-24T14:37:32.289+0000] {logging_mixin.py:188} INFO - [2026-08-24T14:37:32.289+0000] {dag.py:3096} INFO - Sync 1 DAGs
[2026-08-24T14:37:32.320+0000] {logging_mixin.py:188} INFO - [2026-08-24T14:37:32.320+0000] {dag.py:3954} INFO - Setting next_dagrun for example_task_group to 2026-08-23 00:00:00+00:00, run_after=2026-08-24 00:00:00+00:00
[2026-08-24T14:37:32.349+0000] {processor.py:183} INFO - Processing /home/airflow/.local/lib/python3.12/site-packages/airflow/example_dags/example_task_group.py took 0.110 seconds
[2026-08-24T14:38:02.672+0000] {processor.py:161} INFO - Started process (PID=444) to work on /home/airflow/.local/lib/python3.12/site-packages/airflow/example_dags/example_task_group.py
[2026-08-24T14:38:02.674+0000] {processor.py:830} INFO - Processing file /home/airflow/.local/lib/python3.12/site-packages/airflow/example_dags/example_task_group.py for tasks to queue
[2026-08-24T14:38:02.676+0000] {logging_mixin.py:188} INFO - [2026-08-24T14:38:02.676+0000] {dagbag.py:545} INFO - Filling up the DagBag from /home/airflow/.local/lib/python3.12/site-packages/airflow/example_dags/example_task_group.py
[2026-08-24T14:38:02.687+0000] {processor.py:840} INFO - DAG(s) 'example_task_group' retrieved from /home/airflow/.local/lib/python3.12/site-packages/airflow/example_dags/example_task_group.py
[2026-08-24T14:38:02.715+0000] {logging_mixin.py:188} INFO - [2026-08-24T14:38:02.715+0000] {dag.py:3096} INFO - Sync 1 DAGs
[2026-08-24T14:38:02.747+0000] {logging_mixin.py:188} INFO - [2026-08-24T14:38:02.746+0000] {dag.py:3954} INFO - Setting next_dagrun for example_task_group to 2026-08-23 00:00:00+00:00, run_after=2026-08-24 00:00:00+00:00
[2026-08-24T14:38:02.774+0000] {processor.py:183} INFO - Processing /home/airflow/.local/lib/python3.12/site-packages/airflow/example_dags/example_task_group.py took 0.110 seconds
[2026-08-24T14:38:33.666+0000] {processor.py:161} INFO - Started process (PID=504) to work on /home/airflow/.local/lib/python3.12/site-packages/airflow/example_dags/example_task_group.py
[2026-08-24T14:38:33.667+0000] {processor.py:830} INFO - Processing file /home/airflow/.local/lib/python3.12/site-packages/airflow/example_dags/example_task_group.py for tasks to queue
[2026-08-24T14:38:33.670+0000] {logging_mixin.py:188} INFO - [2026-08-24T14:38:33.669+0000] {dagbag.py:545} INFO - Filling up the DagBag from /home/airflow/.local/lib/python3.12/site-packages/airflow/example_dags/example_task_group.py
[2026-08-24T14:38:33.679+0000] {processor.py:840} INFO - DAG(s) 'example_task_group' retrieved from /home/airflow/.local/lib/python3.12/site-packages/airflow/example_dags/example_task_group.py
[2026-08-24T14:38:33.707+0000] {logging_mixin.py:188} INFO - [2026-08-24T14:38:33.707+0000] {dag.py:3096} INFO - Sync 1 DAGs
[2026-08-24T14:38:33.737+0000] {logging_mixin.py:188} INFO - [2026-08-24T14:38:33.737+0000] {dag.py:3954} INFO - Setting next_dagrun for example_task_group to 2026-08-23 00:00:00+00:00, run_after=2026-08-24 00:00:00+00:00
[2026-08-24T14:38:33.766+0000] {processor.py:183} INFO - Processing /home/airflow/.local/lib/python3.12/site-packages/airflow/example_dags/example_task_group.py took 0.108 seconds
[2026-08-24T14:39:04.270+0000] {processor.py:161} INFO - Started process (PID=564) to work on /home/airflow/.local/lib/python3.12/site-packages/airflow/example_dags/example_task_group.py
[2026-08-24T14:39:04.271+0000] {processor.py:830} INFO - Processing file /home/airflow/.local/lib/python3.12/site-packages/airflow/example_dags/example_task_group.py for tasks to queue
[2026-08-24T14:39:04.274+0000] {logging_mixin.py:188} INFO - [2026-08-24T14:39:04.274+0000] {dagbag.py:545} INFO - Filling up the DagBag from /home/airflow/.local/lib/python3.12/site-packages/airflow/example_dags/example_task_group.py
[2026-08-24T14:39:04.289+0000] {processor.py:840} INFO - DAG(s) 'example_task_group' retrieved from /home/airflow/.local/lib/python3.12/site-packages/airflow/example_dags/example_task_group.py
[2026-08-24T14:39:04.326+0000] {logging_mixin.py:188} INFO - [2026-08-24T14:39:04.325+0000] {dag.py:3096} INFO - Sync 1 DAGs
[2026-08-24T14:39:04.362+0000] {logging_mixin.py:188} INFO - [2026-08-24T14:39:04.361+0000] {dag.py:3954} INFO - Setting next_dagrun for example_task_group to 2026-08-23 00:00:00+00:00, run_after=2026-08-24 00:00:00+00:00
[2026-08-24T14:39:04.395+0000] {processor.py:183} INFO - Processing /home/airflow/.local/lib/python3.12/site-packages/airflow/example_dags/example_task_group.py took 0.135 seconds
[2026-08-24T14:41:22.278+0000] {processor.py:161} INFO - Started process (PID=141) to work on /home/airflow/.local/lib/python3.12/site-packages/airflow/example_dags/example_task_group.py
[2026-08-24T14:41:22.280+0000] {processor.py:830} INFO - Processing file /home/airflow/.local/lib/python3.12/site-packages/airflow/example_dags/example_task_group.py for tasks to queue
[2026-08-24T14:41:22.283+0000] {logging_mixin.py:188} INFO - [2026-08-24T14:41:22.282+0000] {dagbag.py:545} INFO - Filling up the DagBag from /home/airflow/.local/lib/python3.12/site-packages/airflow/example_dags/example_task_group.py
[2026-08-24T14:41:22.295+0000] {processor.py:840} INFO - DAG(s) 'example_task_group' retrieved from /home/airflow/.local/lib/python3.12/site-packages/airflow/example_dags/example_task_group.py
[2026-08-24T14:41:22.437+0000] {logging_mixin.py:188} INFO - [2026-08-24T14:41:22.437+0000] {dag.py:3096} INFO - Sync 1 DAGs
[2026-08-24T14:41:22.462+0000] {logging_mixin.py:188} INFO - [2026-08-24T14:41:22.462+0000] {dag.py:3954} INFO - Setting next_dagrun for example_task_group to 2026-08-23 00:00:00+00:00, run_after=2026-08-24 00:00:00+00:00
[2026-08-24T14:41:22.488+0000] {processor.py:183} INFO - Processing /home/airflow/.local/lib/python3.12/site-packages/airflow/example_dags/example_task_group.py took 0.217 seconds
[2026-08-24T14:41:53.174+0000] {processor.py:161} INFO - Started process (PID=201) to work on /home/airflow/.local/lib/python3.12/site-packages/airflow/example_dags/example_task_group.py
[2026-08-24T14:41:53.175+0000] {processor.py:830} INFO - Processing file /home/airflow/.local/lib/python3.12/site-packages/airflow/example_dags/example_task_group.py for tasks to queue
[2026-08-24T14:41:53.178+0000] {logging_mixin.py:188} INFO - [2026-08-24T14:41:53.177+0000] {dagbag.py:545} INFO - Filling up the DagBag from /home/airflow/.local/lib/python3.12/site-packages/airflow/example_dags/example_task_group.py
[2026-08-24T14:41:53.187+0000] {processor.py:840} INFO - DAG(s) 'example_task_group' retrieved from /home/airflow/.local/lib/python3.12/site-packages/airflow/example_dags/example_task_group.py
[2026-08-24T14:41:53.218+0000] {logging_mixin.py:188} INFO - [2026-08-24T14:41:53.217+0000] {dag.py:3096} INFO - Sync 1 DAGs
[2026-08-24T14:41:53.245+0000] {logging_mixin.py:188} INFO - [2026-08-24T14:41:53.245+0000] {dag.py:3954} INFO - Setting next_dagrun for example_task_group to 2026-08-23 00:00:00+00:00, run_after=2026-08-24 00:00:00+00:00
[2026-08-24T14:41:53.270+0000] {processor.py:183} INFO - Processing /home/airflow/.local/lib/python3.12/site-packages/airflow/example_dags/example_task_group.py took 0.103 seconds
[2026-08-24T14:42:24.158+0000] {processor.py:161} INFO - Started process (PID=261) to work on /home/airflow/.local/lib/python3.12/site-packages/airflow/example_dags/example_task_group.py
[2026-08-24T14:42:24.164+0000] {processor.py:830} INFO - Processing file /home/airflow/.local/lib/python3.12/site-packages/airflow/example_dags/example_task_group.py for tasks to queue
[2026-08-24T14:42:24.167+0000] {logging_mixin.py:188} INFO - [2026-08-24T14:42:24.167+0000] {dagbag.py:545} INFO - Filling up the DagBag from /home/airflow/.local/lib/python3.12/site-packages/airflow/example_dags/example_task_group.py
[2026-08-24T14:42:24.183+0000] {processor.py:840} INFO - DAG(s) 'example_task_group' retrieved from /home/airflow/.local/lib/python3.12/site-packages/airflow/example_dags/example_task_group.py
[2026-08-24T14:42:24.231+0000] {logging_mixin.py:188} INFO - [2026-08-24T14:42:24.231+0000] {dag.py:3096} INFO - Sync 1 DAGs
[2026-08-24T14:42:24.277+0000] {logging_mixin.py:188} INFO - [2026-08-24T14:42:24.277+0000] {dag.py:3954} INFO - Setting next_dagrun for example_task_group to 2026-08-23 00:00:00+00:00, run_after=2026-08-24 00:00:00+00:00
[2026-08-24T14:42:24.316+0000] {processor.py:183} INFO - Processing /home/airflow/.local/lib/python3.12/site-packages/airflow/example_dags/example_task_group.py took 0.166 seconds
[2026-08-24T14:42:54.754+0000] {processor.py:161} INFO - Started process (PID=321) to work on /home/airflow/.local/lib/python3.12/site-packages/airflow/example_dags/example_task_group.py
[2026-08-24T14:42:54.755+0000] {processor.py:830} INFO - Processing file /home/airflow/.local/lib/python3.12/site-packages/airflow/example_dags/example_task_group.py for tasks to queue
[2026-08-24T14:42:54.758+0000] {logging_mixin.py:188} INFO - [2026-08-24T14:42:54.757+0000] {dagbag.py:545} INFO - Filling up the DagBag from /home/airflow/.local/lib/python3.12/site-packages/airflow/example_dags/example_task_group.py
[2026-08-24T14:42:54.767+0000] {processor.py:840} INFO - DAG(s) 'example_task_group' retrieved from /home/airflow/.local/lib/python3.12/site-packages/airflow/example_dags/example_task_group.py
[2026-08-24T14:42:54.794+0000] {logging_mixin.py:188} INFO - [2026-08-24T14:42:54.794+0000] {dag.py:3096} INFO - Sync 1 DAGs
[2026-08-24T14:42:54.832+0000] {logging_mixin.py:188} INFO - [2026-08-24T14:42:54.832+0000] {dag.py:3954} INFO - Setting next_dagrun for example_task_group to 2026-08-23 00:00:00+00:00, run_after=2026-08-24 00:00:00+00:00
[2026-08-24T14:42:54.858+0000] {processor.py:183} INFO - Processing /home/airflow/.local/lib/python3.12/site-packages/airflow/example_dags/example_task_group.py took 0.111 seconds
[2026-08-24T14:43:25.629+0000] {processor.py:161} INFO - Started process (PID=381) to work on /home/airflow/.local/lib/python3.12/site-packages/airflow/example_dags/example_task_group.py
[2026-08-24T14:43:25.631+0000] {processor.py:830} INFO - Processing file /home/airflow/.local/lib/python3.12/site-packages/airflow/example_dags/example_task_group.py for tasks to queue
[2026-08-24T14:43:25.633+0000] {logging_mixin.py:188} INFO - [2026-08-24T14:43:25.633+0000] {dagbag.py:545} INFO - Filling up the DagBag from /home/airflow/.local/lib/python3.12/site-packages/airflow/example_dags/example_task_group.py
[2026-08-24T14:43:25.644+0000] {processor.py:840} INFO - DAG(s) 'example_task_group' retrieved from /home/airflow/.local/lib/python3.12/site-packages/airflow/example_dags/example_task_group.py
[2026-08-24T14:43:25.676+0000] {logging_mixin.py:188} INFO - [2026-08-24T14:43:25.676+0000] {dag.py:3096} INFO - Sync 1 DAGs
[2026-08-24T14:43:25.709+0000] {logging_mixin.py:188} INFO - [2026-08-24T14:43:25.708+0000] {dag.py:3954} INFO - Setting next_dagrun for example_task_group to 2026-08-23 00:00:00+00:00, run_after=2026-08-24 00:00:00+00:00
[2026-08-24T14:43:25.735+0000] {processor.py:183} INFO - Processing /home/airflow/.local/lib/python3.12/site-packages/airflow/example_dags/example_task_group.py took 0.115 seconds
[2026-08-24T14:43:56.178+0000] {processor.py:161} INFO - Started process (PID=441) to work on /home/airflow/.local/lib/python3.12/site-packages/airflow/example_dags/example_task_group.py
[2026-08-24T14:43:56.180+0000] {processor.py:830} INFO - Processing file /home/airflow/.local/lib/python3.12/site-packages/airflow/example_dags/example_task_group.py for tasks to queue
[2026-08-24T14:43:56.184+0000] {logging_mixin.py:188} INFO - [2026-08-24T14:43:56.183+0000] {dagbag.py:545} INFO - Filling up the DagBag from /home/airflow/.local/lib/python3.12/site-packages/airflow/example_dags/example_task_group.py
[2026-08-24T14:43:56.198+0000] {processor.py:840} INFO - DAG(s) 'example_task_group' retrieved from /home/airflow/.local/lib/python3.12/site-packages/airflow/example_dags/example_task_group.py
[2026-08-24T14:43:56.228+0000] {logging_mixin.py:188} INFO - [2026-08-24T14:43:56.228+0000] {dag.py:3096} INFO - Sync 1 DAGs
[2026-08-24T14:43:56.263+0000] {logging_mixin.py:188} INFO - [2026-08-24T14:43:56.262+0000] {dag.py:3954} INFO - Setting next_dagrun for example_task_group to 2026-08-23 00:00:00+00:00, run_after=2026-08-24 00:00:00+00:00
[2026-08-24T14:43:56.293+0000] {processor.py:183} INFO - Processing /home/airflow/.local/lib/python3.12/site-packages/airflow/example_dags/example_task_group.py took 0.125 seconds
[2026-08-24T14:44:26.655+0000] {processor.py:161} INFO - Started process (PID=501) to work on /home/airflow/.local/lib/python3.12/site-packages/airflow/example_dags/example_task_group.py
[2026-08-24T14:44:26.657+0000] {processor.py:830} INFO - Processing file /home/airflow/.local/lib/python3.12/site-packages/airflow/example_dags/example_task_group.py for tasks to queue
[2026-08-24T14:44:26.659+0000] {logging_mixin.py:188} INFO - [2026-08-24T14:44:26.659+0000] {dagbag.py:545} INFO - Filling up the DagBag from /home/airflow/.local/lib/python3.12/site-packages/airflow/example_dags/example_task_group.py
[2026-08-24T14:44:26.668+0000] {processor.py:840} INFO - DAG(s) 'example_task_group' retrieved from /home/airflow/.local/lib/python3.12/site-packages/airflow/example_dags/example_task_group.py
[2026-08-24T14:44:26.698+0000] {logging_mixin.py:188} INFO - [2026-08-24T14:44:26.698+0000] {dag.py:3096} INFO - Sync 1 DAGs
[2026-08-24T14:44:26.732+0000] {logging_mixin.py:188} INFO - [2026-08-24T14:44:26.731+0000] {dag.py:3954} INFO - Setting next_dagrun for example_task_group to 2026-08-23 00:00:00+00:00, run_after=2026-08-24 00:00:00+00:00
[2026-08-24T14:44:26.757+0000] {processor.py:183} INFO - Processing /home/airflow/.local/lib/python3.12/site-packages/airflow/example_dags/example_task_group.py took 0.109 seconds
[2026-08-24T14:49:25.246+0000] {processor.py:161} INFO - Started process (PID=140) to work on /home/airflow/.local/lib/python3.12/site-packages/airflow/example_dags/example_task_group.py
[2026-08-24T14:49:25.248+0000] {processor.py:830} INFO - Processing file /home/airflow/.local/lib/python3.12/site-packages/airflow/example_dags/example_task_group.py for tasks to queue
[2026-08-24T14:49:25.251+0000] {logging_mixin.py:188} INFO - [2026-08-24T14:49:25.250+0000] {dagbag.py:545} INFO - Filling up the DagBag from /home/airflow/.local/lib/python3.12/site-packages/airflow/example_dags/example_task_group.py
[2026-08-24T14:49:25.267+0000] {processor.py:840} INFO - DAG(s) 'example_task_group' retrieved from /home/airflow/.local/lib/python3.12/site-packages/airflow/example_dags/example_task_group.py
[2026-08-24T14:49:25.441+0000] {logging_mixin.py:188} INFO - [2026-08-24T14:49:25.440+0000] {dag.py:3096} INFO - Sync 1 DAGs
[2026-08-24T14:49:25.474+0000] {logging_mixin.py:188} INFO - [2026-08-24T14:49:25.474+0000] {dag.py:3954} INFO - Setting next_dagrun for example_task_group to 2026-08-23 00:00:00+00:00, run_after=2026-08-24 00:00:00+00:00
[2026-08-24T14:49:25.502+0000] {processor.py:183} INFO - Processing /home/airflow/.local/lib/python3.12/site-packages/airflow/example_dags/example_task_group.py took 0.265 seconds
[2026-08-24T14:50:18.590+0000] {processor.py:161} INFO - Started process (PID=120) to work on /home/airflow/.local/lib/python3.12/site-packages/airflow/example_dags/example_task_group.py
[2026-08-24T14:50:18.592+0000] {processor.py:830} INFO - Processing file /home/airflow/.local/lib/python3.12/site-packages/airflow/example_dags/example_task_group.py for tasks to queue
[2026-08-24T14:50:18.597+0000] {logging_mixin.py:188} INFO - [2026-08-24T14:50:18.595+0000] {dagbag.py:545} INFO - Filling up the DagBag from /home/airflow/.local/lib/python3.12/site-packages/airflow/example_dags/example_task_group.py
[2026-08-24T14:50:18.608+0000] {processor.py:840} INFO - DAG(s) 'example_task_group' retrieved from /home/airflow/.local/lib/python3.12/site-packages/airflow/example_dags/example_task_group.py
[2026-08-24T14:50:18.656+0000] {logging_mixin.py:188} INFO - [2026-08-24T14:50:18.656+0000] {dag.py:3096} INFO - Sync 1 DAGs
[2026-08-24T14:50:18.695+0000] {logging_mixin.py:188} INFO - [2026-08-24T14:50:18.695+0000] {dag.py:3954} INFO - Setting next_dagrun for example_task_group to 2026-08-23 00:00:00+00:00, run_after=2026-08-24 00:00:00+00:00
[2026-08-24T14:50:18.723+0000] {processor.py:183} INFO - Processing /home/airflow/.local/lib/python3.12/site-packages/airflow/example_dags/example_task_group.py took 0.143 seconds
[2026-08-24T14:50:49.278+0000] {processor.py:161} INFO - Started process (PID=180) to work on /home/airflow/.local/lib/python3.12/site-packages/airflow/example_dags/example_task_group.py
[2026-08-24T14:50:49.280+0000] {processor.py:830} INFO - Processing file /home/airflow/.local/lib/python3.12/site-packages/airflow/example_dags/example_task_group.py for tasks to queue
[2026-08-24T14:50:49.283+0000] {logging_mixin.py:188} INFO - [2026-08-24T14:50:49.283+0000] {dagbag.py:545} INFO - Filling up the DagBag from /home/airflow/.local/lib/python3.12/site-packages/airflow/example_dags/example_task_group.py
[2026-08-24T14:50:49.298+0000] {processor.py:840} INFO - DAG(s) 'example_task_group' retrieved from /home/airflow/.local/lib/python3.12/site-packages/airflow/example_dags/example_task_group.py
[2026-08-24T14:50:49.340+0000] {logging_mixin.py:188} INFO - [2026-08-24T14:50:49.339+0000] {dag.py:3096} INFO - Sync 1 DAGs
[2026-08-24T14:50:49.389+0000] {logging_mixin.py:188} INFO - [2026-08-24T14:50:49.389+0000] {dag.py:3954} INFO - Setting next_dagrun for example_task_group to 2026-08-23 00:00:00+00:00, run_after=2026-08-24 00:00:00+00:00
[2026-08-24T14:50:49.430+0000] {processor.py:183} INFO - Processing /home/airflow/.local/lib/python3.12/site-packages/airflow/example_dags/example_task_group.py took 0.159 seconds
[2026-08-24T14:51:20.058+0000] {processor.py:161} INFO - Started process (PID=240) to work on /home/airflow/.local/lib/python3.12/site-packages/airflow/example_dags/example_task_group.py
[2026-08-24T14:51:20.060+0000] {processor.py:830} INFO - Processing file /home/airflow/.local/lib/python3.12/site-packages/airflow/example_dags/example_task_group.py for tasks to queue
[2026-08-24T14:51:20.062+0000] {logging_mixin.py:188} INFO - [2026-08-24T14:51:20.062+0000] {dagbag.py:545} INFO - Filling up the DagBag from /home/airflow/.local/lib/python3.12/site-packages/airflow/example_dags/example_task_group.py
[2026-08-24T14:51:20.072+0000] {processor.py:840} INFO - DAG(s) 'example_task_group' retrieved from /home/airflow/.local/lib/python3.12/site-packages/airflow/example_dags/example_task_group.py
[2026-08-24T14:51:20.099+0000] {logging_mixin.py:188} INFO - [2026-08-24T14:51:20.098+0000] {dag.py:3096} INFO - Sync 1 DAGs
[2026-08-24T14:51:20.126+0000] {logging_mixin.py:188} INFO - [2026-08-24T14:51:20.126+0000] {dag.py:3954} INFO - Setting next_dagrun for example_task_group to 2026-08-23 00:00:00+00:00, run_after=2026-08-24 00:00:00+00:00
[2026-08-24T14:51:20.148+0000] {processor.py:183} INFO - Processing /home/airflow/.local/lib/python3.12/site-packages/airflow/example_dags/example_task_group.py took 0.098 seconds
