[2026-08-24T13:51:06.836+0000] {processor.py:161} INFO - Started process (PID=127) to work on /home/airflow/.local/lib/python3.12/site-packages/airflow/example_dags/example_trigger_target_dag.py
[2026-08-24T13:51:06.837+0000] {processor.py:830} INFO - Processing file /home/airflow/.local/lib/python3.12/site-packages/airflow/example_dags/example_trigger_target_dag.py for tasks to queue
[2026-08-24T13:51:06.840+0000] {logging_mixin.py:188} INFO - [2026-08-24T13:51:06.839+0000] {dagbag.py:545} INFO - Filling up the DagBag from /home/airflow/.local/lib/python3.12/site-packages/airflow/example_dags/example_trigger_target_dag.py
[2026-08-24T13:51:06.849+0000] {processor.py:840} INFO - DAG(s) 'example_trigger_target_dag' retrieved from /home/airflow/.local/lib/python3.12/site-packages/airflow/example_dags/example_trigger_target_dag.py
[2026-08-24T13:51:07.020+0000] {logging_mixin.py:188} INFO - [2026-08-24T13:51:07.020+0000] {dag.py:3096} INFO - Sync 1 DAGs
[2026-08-24T13:51:07.035+0000] {logging_mixin.py:188} INFO - [2026-08-24T13:51:07.035+0000] {dag.py:3954} INFO - Setting next_dagrun for example_trigger_target_dag to None, run_after=None
[2026-08-24T13:51:07.064+0000] {processor.py:183} INFO - Processing /home/airflow/.local/lib/python3.12/site-packages/airflow/example_dags/example_trigger_target_dag.py took 0.236 seconds
[2026-08-24T13:51:45.145+0000] {processor.py:161} INFO - Started process (PID=114) to work on /home/airflow/.local/lib/python3.12/site-packages/airflow/example_dags/example_trigger_target_dag.py
[2026-08-24T13:51:45.147+0000] {processor.py:830} INFO - Processing file /home/airflow/.local/lib/python3.12/site-packages/airflow/example_dags/example_trigger_target_dag.py for tasks to queue
[2026-08-24T13:51:45.149+0000] {logging_mixin.py:188} INFO - [2026-08-24T13:51:45.149+0000] {dagbag.py:545} INFO - Filling up the DagBag from /home/airflow/.local/lib/python3.12/site-packages/airflow/example_dags/example_trigger_target_dag.py
[2026-08-24T13:51:45.157+0000] {processor.py:840} INFO - DAG(s) 'example_trigger_target_dag' retrieved from /home/airflow/.local/lib/python3.12/site-packages/airflow/example_dags/example_trigger_target_dag.py
[2026-08-24T13:51:45.184+0000] {logging_mixin.py:188} INFO - [2026-08-24T13:51:45.184+0000] {dag.py:3096} INFO - Sync 1 DAGs
[2026-08-24T13:51:45.200+0000] {logging_mixin.py:188} INFO - [2026-08-24T13:51:45.200+0000] {dag.py:3954} INFO - Setting next_dagrun for example_trigger_target_dag to None, run_after=None
[2026-08-24T13:51:45.222+0000] {processor.py:183} INFO - Processing /home/airflow/.local/lib/python3.12/site-packages/airflow/example_dags/example_trigger_target_dag.py took 0.084 seconds
[2026-08-24T13:52:15.883+0000] {processor.py:161} INFO - Started process (PID=173) to work on /home/airflow/.local/lib/python3.12/site-packages/airflow/example_dags/example_trigger_target_dag.py
[2026-08-24T13:52:15.884+0000] {processor.py:830} INFO - Processing file /home/airflow/.local/lib/python3.12/site-packages/airflow/example_dags/example_trigger_target_dag.py for tasks to queue
[2026-08-24T13:52:15.886+0000] {logging_mixin.py:188} INFO - [2026-08-24T13:52:15.886+0000] {dagbag.py:545} INFO - Filling up the DagBag from /home/airflow/.local/lib/python3.12/site-packages/airflow/example_dags/example_trigger_target_dag.py
[2026-08-24T13:52:15.894+0000] {processor.py:840} INFO - DAG(s) 'example_trigger_target_dag' retrieved from /home/airflow/.local/lib/python3.12/site-packages/airflow/example_dags/example_trigger_target_dag.py
[2026-08-24T13:52:15.917+0000] {logging_mixin.py:188} INFO - [2026-08-24T13:52:15.916+0000] {dag.py:3096} INFO - Sync 1 DAGs
[2026-08-24T13:52:15.934+0000] {logging_mixin.py:188} INFO - [2026-08-24T13:52:15.934+0000] {dag.py:3954} INFO - Setting next_dagrun for example_trigger_target_dag to None, run_after=None
[2026-08-24T13:52:15.957+0000] {processor.py:183} INFO - Processing /home/airflow/.local/lib/python3.12/site-packages/airflow/example_dags/example_trigger_target_dag.py took 0.081 seconds
[2026-08-24T13:52:46.253+0000] {processor.py:161} INFO - Started process (PID=232) to work on /home/airflow/.local/lib/python3.12/site-packages/airflow/example_dags/example_trigger_target_dag.py
[2026-08-24T13:52:46.254+0000] {processor.py:830} INFO - Processing file /home/airflow/.local/lib/python3.12/site-packages/airflow/example_dags/example_trigger_target_dag.py for tasks to queue
[2026-08-24T13:52:46.257+0000] {logging_mixin.py:188} INFO - [2026-08-24T13:52:46.257+0000] {dagbag.py:545} INFO - Filling up the DagBag from /home/airflow/.local/lib/python3.12/site-packages/airflow/example_dags/example_trigger_target_dag.py
[2026-08-24T13:52:46.267+0000] {processor.py:840} INFO - DAG(s) 'example_trigger_target_dag' retrieved from /home/airflow/.local/lib/python3.12/site-packages/airflow/example_dags/example_trigger_target_dag.py
[2026-08-24T13:52:46.309+0000] {logging_mixin.py:188} INFO - [2026-08-24T13:52:46.309+0000] {dag.py:3096} INFO - Sync 1 DAGs
[2026-08-24T13:52:46.338+0000] {logging_mixin.py:188} INFO - [2026-08-24T13:52:46.338+0000] {dag.py:3954} INFO - Setting next_dagrun for example_trigger_target_dag to None, run_after=None
[2026-08-24T13:52:46.388+0000] {processor.py:183} INFO - Processing /home/airflow/.local/lib/python3.12/site-packages/airflow/example_dags/example_trigger_target_dag.py took 0.142 seconds
[2026-08-24T13:53:17.181+0000] {processor.py:161} INFO - Started process (PID=291) to work on /home/airflow/.local/lib/python3.12/site-packages/airflow/example_dags/example_trigger_target_dag.py
[2026-08-24T13:53:17.182+0000] {processor.py:830} INFO - Processing file /home/airflow/.local/lib/python3.12/site-packages/airflow/example_dags/example_trigger_target_dag.py for tasks to queue
[2026-08-24T13:53:17.184+0000] {logging_mixin.py:188} INFO - [2026-08-24T13:53:17.184+0000] {dagbag.py:545} INFO - Filling up the DagBag from /home/airflow/.local/lib/python3.12/site-packages/airflow/example_dags/example_trigger_target_dag.py
[2026-08-24T13:53:17.192+0000] {processor.py:840} INFO - DAG(s) 'example_trigger_target_dag' retrieved from /home/airflow/.local/lib/python3.12/site-packages/airflow/example_dags/example_trigger_target_dag.py
[2026-08-24T13:53:17.217+0000] {logging_mixin.py:188} INFO - [2026-08-24T13:53:17.217+0000] {dag.py:3096} INFO - Sync 1 DAGs
[2026-08-24T13:53:17.233+0000] {logging_mixin.py:188} INFO - [2026-08-24T13:53:17.233+0000] {dag.py:3954} INFO - Setting next_dagrun for example_trigger_target_dag to None, run_after=None
[2026-08-24T13:53:17.256+0000] {processor.py:183} INFO - Processing /home/airflow/.local/lib/python3.12/site-packages/airflow/example_dags/example_trigger_target_dag.py took 0.082 seconds
[2026-08-24T13:53:48.061+0000] {processor.py:161} INFO - Started process (PID=350) to work on /home/airflow/.local/lib/python3.12/site-packages/airflow/example_dags/example_trigger_target_dag.py
[2026-08-24T13:53:48.062+0000] {processor.py:830} INFO - Processing file /home/airflow/.local/lib/python3.12/site-packages/airflow/example_dags/example_trigger_target_dag.py for tasks to queue
[2026-08-24T13:53:48.065+0000] {logging_mixin.py:188} INFO - [2026-08-24T13:53:48.064+0000] {dagbag.py:545} INFO - Filling up the DagBag from /home/airflow/.local/lib/python3.12/site-packages/airflow/example_dags/example_trigger_target_dag.py
[2026-08-24T13:53:48.074+0000] {processor.py:840} INFO - DAG(s) 'example_trigger_target_dag' retrieved from /home/airflow/.local/lib/python3.12/site-packages/airflow/example_dags/example_trigger_target_dag.py
[2026-08-24T13:53:48.102+0000] {logging_mixin.py:188} INFO - [2026-08-24T13:53:48.101+0000] {dag.py:3096} INFO - Sync 1 DAGs
[2026-08-24T13:53:48.120+0000] {logging_mixin.py:188} INFO - [2026-08-24T13:53:48.120+0000] {dag.py:3954} INFO - Setting next_dagrun for example_trigger_target_dag to None, run_after=None
[2026-08-24T13:53:48.143+0000] {processor.py:183} INFO - Processing /home/airflow/.local/lib/python3.12/site-packages/airflow/example_dags/example_trigger_target_dag.py took 0.089 seconds
[2026-08-24T13:54:19.118+0000] {processor.py:161} INFO - Started process (PID=409) to work on /home/airflow/.local/lib/python3.12/site-packages/airflow/example_dags/example_trigger_target_dag.py
[2026-08-24T13:54:19.119+0000] {processor.py:830} INFO - Processing file /home/airflow/.local/lib/python3.12/site-packages/airflow/example_dags/example_trigger_target_dag.py for tasks to queue
[2026-08-24T13:54:19.122+0000] {logging_mixin.py:188} INFO - [2026-08-24T13:54:19.122+0000] {dagbag.py:545} INFO - Filling up the DagBag from /home/airflow/.local/lib/python3.12/site-packages/airflow/example_dags/example_trigger_target_dag.py
[2026-08-24T13:54:19.131+0000] {processor.py:840} INFO - DAG(s) 'example_trigger_target_dag' retrieved from /home/airflow/.local/lib/python3.12/site-packages/airflow/example_dags/example_trigger_target_dag.py
[2026-08-24T13:54:19.159+0000] {logging_mixin.py:188} INFO - [2026-08-24T13:54:19.158+0000] {dag.py:3096} INFO - Sync 1 DAGs
[2026-08-24T13:54:19.176+0000] {logging_mixin.py:188} INFO - [2026-08-24T13:54:19.175+0000] {dag.py:3954} INFO - Setting next_dagrun for example_trigger_target_dag to None, run_after=None
[2026-08-24T13:54:19.199+0000] {processor.py:183} INFO - Processing /home/airflow/.local/lib/python3.12/site-packages/airflow/example_dags/example_trigger_target_dag.py took 0.091 seconds
[2026-08-24T13:54:49.295+0000] {processor.py:161} INFO - Started process (PID=468) to work on /home/airflow/.local/lib/python3.12/site-packages/airflow/example_dags/example_trigger_target_dag.py
[2026-08-24T13:54:49.296+0000] {processor.py:830} INFO - Processing file /home/airflow/.local/lib/python3.12/site-packages/airflow/example_dags/example_trigger_target_dag.py for tasks to queue
[2026-08-24T13:54:49.299+0000] {logging_mixin.py:188} INFO - [2026-08-24T13:54:49.299+0000] {dagbag.py:545} INFO - Filling up the DagBag from /home/airflow/.local/lib/python3.12/site-packages/airflow/example_dags/example_trigger_target_dag.py
[2026-08-24T13:54:49.311+0000] {processor.py:840} INFO - DAG(s) 'example_trigger_target_dag' retrieved from /home/airflow/.local/lib/python3.12/site-packages/airflow/example_dags/example_trigger_target_dag.py
[2026-08-24T13:54:49.332+0000] {logging_mixin.py:188} INFO - [2026-08-24T13:54:49.331+0000] {dag.py:3096} INFO - Sync 1 DAGs
[2026-08-24T13:54:49.350+0000] {logging_mixin.py:188} INFO - [2026-08-24T13:54:49.350+0000] {dag.py:3954} INFO - Setting next_dagrun for example_trigger_target_dag to None, run_after=None
[2026-08-24T13:54:49.380+0000] {processor.py:183} INFO - Processing /home/airflow/.local/lib/python3.12/site-packages/airflow/example_dags/example_trigger_target_dag.py took 0.093 seconds
[2026-08-24T13:55:26.175+0000] {processor.py:161} INFO - Started process (PID=528) to work on /home/airflow/.local/lib/python3.12/site-packages/airflow/example_dags/example_trigger_target_dag.py
[2026-08-24T13:55:26.177+0000] {processor.py:830} INFO - Processing file /home/airflow/.local/lib/python3.12/site-packages/airflow/example_dags/example_trigger_target_dag.py for tasks to queue
[2026-08-24T13:55:26.181+0000] {logging_mixin.py:188} INFO - [2026-08-24T13:55:26.180+0000] {dagbag.py:545} INFO - Filling up the DagBag from /home/airflow/.local/lib/python3.12/site-packages/airflow/example_dags/example_trigger_target_dag.py
[2026-08-24T13:55:26.189+0000] {processor.py:840} INFO - DAG(s) 'example_trigger_target_dag' retrieved from /home/airflow/.local/lib/python3.12/site-packages/airflow/example_dags/example_trigger_target_dag.py
[2026-08-24T13:55:26.434+0000] {logging_mixin.py:188} INFO - [2026-08-24T13:55:26.434+0000] {dag.py:3096} INFO - Sync 1 DAGs
[2026-08-24T13:55:26.456+0000] {logging_mixin.py:188} INFO - [2026-08-24T13:55:26.456+0000] {dag.py:3954} INFO - Setting next_dagrun for example_trigger_target_dag to None, run_after=None
[2026-08-24T13:55:26.497+0000] {processor.py:183} INFO - Processing /home/airflow/.local/lib/python3.12/site-packages/airflow/example_dags/example_trigger_target_dag.py took 0.332 seconds
[2026-08-24T13:55:56.943+0000] {processor.py:161} INFO - Started process (PID=587) to work on /home/airflow/.local/lib/python3.12/site-packages/airflow/example_dags/example_trigger_target_dag.py
[2026-08-24T13:55:56.945+0000] {processor.py:830} INFO - Processing file /home/airflow/.local/lib/python3.12/site-packages/airflow/example_dags/example_trigger_target_dag.py for tasks to queue
[2026-08-24T13:55:56.966+0000] {logging_mixin.py:188} INFO - [2026-08-24T13:55:56.965+0000] {dagbag.py:545} INFO - Filling up the DagBag from /home/airflow/.local/lib/python3.12/site-packages/airflow/example_dags/example_trigger_target_dag.py
[2026-08-24T13:55:56.978+0000] {processor.py:840} INFO - DAG(s) 'example_trigger_target_dag' retrieved from /home/airflow/.local/lib/python3.12/site-packages/airflow/example_dags/example_trigger_target_dag.py
[2026-08-24T13:55:57.033+0000] {logging_mixin.py:188} INFO - [2026-08-24T13:55:57.033+0000] {dag.py:3096} INFO - Sync 1 DAGs
[2026-08-24T13:55:57.069+0000] {logging_mixin.py:188} INFO - [2026-08-24T13:55:57.069+0000] {dag.py:3954} INFO - Setting next_dagrun for example_trigger_target_dag to None, run_after=None
[2026-08-24T13:55:57.112+0000] {processor.py:183} INFO - Processing /home/airflow/.local/lib/python3.12/site-packages/airflow/example_dags/example_trigger_target_dag.py took 0.185 seconds
[2026-08-24T13:56:27.332+0000] {processor.py:161} INFO - Started process (PID=646) to work on /home/airflow/.local/lib/python3.12/site-packages/airflow/example_dags/example_trigger_target_dag.py
[2026-08-24T13:56:27.334+0000] {processor.py:830} INFO - Processing file /home/airflow/.local/lib/python3.12/site-packages/airflow/example_dags/example_trigger_target_dag.py for tasks to queue
[2026-08-24T13:56:27.337+0000] {logging_mixin.py:188} INFO - [2026-08-24T13:56:27.337+0000] {dagbag.py:545} INFO - Filling up the DagBag from /home/airflow/.local/lib/python3.12/site-packages/airflow/example_dags/example_trigger_target_dag.py
[2026-08-24T13:56:27.345+0000] {processor.py:840} INFO - DAG(s) 'example_trigger_target_dag' retrieved from /home/airflow/.local/lib/python3.12/site-packages/airflow/example_dags/example_trigger_target_dag.py
[2026-08-24T13:56:27.370+0000] {logging_mixin.py:188} INFO - [2026-08-24T13:56:27.370+0000] {dag.py:3096} INFO - Sync 1 DAGs
[2026-08-24T13:56:27.389+0000] {logging_mixin.py:188} INFO - [2026-08-24T13:56:27.389+0000] {dag.py:3954} INFO - Setting next_dagrun for example_trigger_target_dag to None, run_after=None
[2026-08-24T13:56:27.420+0000] {processor.py:183} INFO - Processing /home/airflow/.local/lib/python3.12/site-packages/airflow/example_dags/example_trigger_target_dag.py took 0.095 seconds
[2026-08-24T13:56:57.536+0000] {processor.py:161} INFO - Started process (PID=705) to work on /home/airflow/.local/lib/python3.12/site-packages/airflow/example_dags/example_trigger_target_dag.py
[2026-08-24T13:56:57.538+0000] {processor.py:830} INFO - Processing file /home/airflow/.local/lib/python3.12/site-packages/airflow/example_dags/example_trigger_target_dag.py for tasks to queue
[2026-08-24T13:56:57.542+0000] {logging_mixin.py:188} INFO - [2026-08-24T13:56:57.541+0000] {dagbag.py:545} INFO - Filling up the DagBag from /home/airflow/.local/lib/python3.12/site-packages/airflow/example_dags/example_trigger_target_dag.py
[2026-08-24T13:56:57.553+0000] {processor.py:840} INFO - DAG(s) 'example_trigger_target_dag' retrieved from /home/airflow/.local/lib/python3.12/site-packages/airflow/example_dags/example_trigger_target_dag.py
[2026-08-24T13:56:57.589+0000] {logging_mixin.py:188} INFO - [2026-08-24T13:56:57.589+0000] {dag.py:3096} INFO - Sync 1 DAGs
[2026-08-24T13:56:57.614+0000] {logging_mixin.py:188} INFO - [2026-08-24T13:56:57.614+0000] {dag.py:3954} INFO - Setting next_dagrun for example_trigger_target_dag to None, run_after=None
[2026-08-24T13:56:57.656+0000] {processor.py:183} INFO - Processing /home/airflow/.local/lib/python3.12/site-packages/airflow/example_dags/example_trigger_target_dag.py took 0.131 seconds
[2026-08-24T13:57:27.881+0000] {processor.py:161} INFO - Started process (PID=765) to work on /home/airflow/.local/lib/python3.12/site-packages/airflow/example_dags/example_trigger_target_dag.py
[2026-08-24T13:57:27.882+0000] {processor.py:830} INFO - Processing file /home/airflow/.local/lib/python3.12/site-packages/airflow/example_dags/example_trigger_target_dag.py for tasks to queue
[2026-08-24T13:57:27.884+0000] {logging_mixin.py:188} INFO - [2026-08-24T13:57:27.884+0000] {dagbag.py:545} INFO - Filling up the DagBag from /home/airflow/.local/lib/python3.12/site-packages/airflow/example_dags/example_trigger_target_dag.py
[2026-08-24T13:57:27.892+0000] {processor.py:840} INFO - DAG(s) 'example_trigger_target_dag' retrieved from /home/airflow/.local/lib/python3.12/site-packages/airflow/example_dags/example_trigger_target_dag.py
[2026-08-24T13:57:27.915+0000] {logging_mixin.py:188} INFO - [2026-08-24T13:57:27.915+0000] {dag.py:3096} INFO - Sync 1 DAGs
[2026-08-24T13:57:27.931+0000] {logging_mixin.py:188} INFO - [2026-08-24T13:57:27.931+0000] {dag.py:3954} INFO - Setting next_dagrun for example_trigger_target_dag to None, run_after=None
[2026-08-24T13:57:27.953+0000] {processor.py:183} INFO - Processing /home/airflow/.local/lib/python3.12/site-packages/airflow/example_dags/example_trigger_target_dag.py took 0.080 seconds
[2026-08-24T13:57:58.761+0000] {processor.py:161} INFO - Started process (PID=824) to work on /home/airflow/.local/lib/python3.12/site-packages/airflow/example_dags/example_trigger_target_dag.py
[2026-08-24T13:57:58.762+0000] {processor.py:830} INFO - Processing file /home/airflow/.local/lib/python3.12/site-packages/airflow/example_dags/example_trigger_target_dag.py for tasks to queue
[2026-08-24T13:57:58.765+0000] {logging_mixin.py:188} INFO - [2026-08-24T13:57:58.765+0000] {dagbag.py:545} INFO - Filling up the DagBag from /home/airflow/.local/lib/python3.12/site-packages/airflow/example_dags/example_trigger_target_dag.py
[2026-08-24T13:57:58.772+0000] {processor.py:840} INFO - DAG(s) 'example_trigger_target_dag' retrieved from /home/airflow/.local/lib/python3.12/site-packages/airflow/example_dags/example_trigger_target_dag.py
[2026-08-24T13:57:58.796+0000] {logging_mixin.py:188} INFO - [2026-08-24T13:57:58.796+0000] {dag.py:3096} INFO - Sync 1 DAGs
[2026-08-24T13:57:58.813+0000] {logging_mixin.py:188} INFO - [2026-08-24T13:57:58.813+0000] {dag.py:3954} INFO - Setting next_dagrun for example_trigger_target_dag to None, run_after=None
[2026-08-24T13:57:58.878+0000] {processor.py:183} INFO - Processing /home/airflow/.local/lib/python3.12/site-packages/airflow/example_dags/example_trigger_target_dag.py took 0.124 seconds
[2026-08-24T13:58:29.871+0000] {processor.py:161} INFO - Started process (PID=884) to work on /home/airflow/.local/lib/python3.12/site-packages/airflow/example_dags/example_trigger_target_dag.py
[2026-08-24T13:58:29.872+0000] {processor.py:830} INFO - Processing file /home/airflow/.local/lib/python3.12/site-packages/airflow/example_dags/example_trigger_target_dag.py for tasks to queue
[2026-08-24T13:58:29.875+0000] {logging_mixin.py:188} INFO - [2026-08-24T13:58:29.874+0000] {dagbag.py:545} INFO - Filling up the DagBag from /home/airflow/.local/lib/python3.12/site-packages/airflow/example_dags/example_trigger_target_dag.py
[2026-08-24T13:58:29.882+0000] {processor.py:840} INFO - DAG(s) 'example_trigger_target_dag' retrieved from /home/airflow/.local/lib/python3.12/site-packages/airflow/example_dags/example_trigger_target_dag.py
[2026-08-24T13:58:29.907+0000] {logging_mixin.py:188} INFO - [2026-08-24T13:58:29.906+0000] {dag.py:3096} INFO - Sync 1 DAGs
[2026-08-24T13:58:29.923+0000] {logging_mixin.py:188} INFO - [2026-08-24T13:58:29.923+0000] {dag.py:3954} INFO - Setting next_dagrun for example_trigger_target_dag to None, run_after=None
[2026-08-24T13:58:29.946+0000] {processor.py:183} INFO - Processing /home/airflow/.local/lib/python3.12/site-packages/airflow/example_dags/example_trigger_target_dag.py took 0.083 seconds
[2026-08-24T13:59:00.128+0000] {processor.py:161} INFO - Started process (PID=943) to work on /home/airflow/.local/lib/python3.12/site-packages/airflow/example_dags/example_trigger_target_dag.py
[2026-08-24T13:59:00.129+0000] {processor.py:830} INFO - Processing file /home/airflow/.local/lib/python3.12/site-packages/airflow/example_dags/example_trigger_target_dag.py for tasks to queue
[2026-08-24T13:59:00.132+0000] {logging_mixin.py:188} INFO - [2026-08-24T13:59:00.131+0000] {dagbag.py:545} INFO - Filling up the DagBag from /home/airflow/.local/lib/python3.12/site-packages/airflow/example_dags/example_trigger_target_dag.py
[2026-08-24T13:59:00.139+0000] {processor.py:840} INFO - DAG(s) 'example_trigger_target_dag' retrieved from /home/airflow/.local/lib/python3.12/site-packages/airflow/example_dags/example_trigger_target_dag.py
[2026-08-24T13:59:00.168+0000] {logging_mixin.py:188} INFO - [2026-08-24T13:59:00.167+0000] {dag.py:3096} INFO - Sync 1 DAGs
[2026-08-24T13:59:00.192+0000] {logging_mixin.py:188} INFO - [2026-08-24T13:59:00.192+0000] {dag.py:3954} INFO - Setting next_dagrun for example_trigger_target_dag to None, run_after=None
[2026-08-24T13:59:00.224+0000] {processor.py:183} INFO - Processing /home/airflow/.local/lib/python3.12/site-packages/airflow/example_dags/example_trigger_target_dag.py took 0.103 seconds
[2026-08-24T14:00:40.982+0000] {processor.py:161} INFO - Started process (PID=126) to work on /home/airflow/.local/lib/python3.12/site-packages/airflow/example_dags/example_trigger_target_dag.py
[2026-08-24T14:00:40.983+0000] {processor.py:830} INFO - Processing file /home/airflow/.local/lib/python3.12/site-packages/airflow/example_dags/example_trigger_target_dag.py for tasks to queue
[2026-08-24T14:00:40.986+0000] {logging_mixin.py:188} INFO - [2026-08-24T14:00:40.985+0000] {dagbag.py:545} INFO - Filling up the DagBag from /home/airflow/.local/lib/python3.12/site-packages/airflow/example_dags/example_trigger_target_dag.py
[2026-08-24T14:00:40.995+0000] {processor.py:840} INFO - DAG(s) 'example_trigger_target_dag' retrieved from /home/airflow/.local/lib/python3.12/site-packages/airflow/example_dags/example_trigger_target_dag.py
[2026-08-24T14:00:41.156+0000] {logging_mixin.py:188} INFO - [2026-08-24T14:00:41.155+0000] {dag.py:3096} INFO - Sync 1 DAGs
[2026-08-24T14:00:41.171+0000] {logging_mixin.py:188} INFO - [2026-08-24T14:00:41.171+0000] {dag.py:3954} INFO - Setting next_dagrun for example_trigger_target_dag to None, run_after=None
[2026-08-24T14:00:41.205+0000] {processor.py:183} INFO - Processing /home/airflow/.local/lib/python3.12/site-packages/airflow/example_dags/example_trigger_target_dag.py took 0.233 seconds
[2026-08-24T14:01:11.638+0000] {processor.py:161} INFO - Started process (PID=185) to work on /home/airflow/.local/lib/python3.12/site-packages/airflow/example_dags/example_trigger_target_dag.py
[2026-08-24T14:01:11.639+0000] {processor.py:830} INFO - Processing file /home/airflow/.local/lib/python3.12/site-packages/airflow/example_dags/example_trigger_target_dag.py for tasks to queue
[2026-08-24T14:01:11.644+0000] {logging_mixin.py:188} INFO - [2026-08-24T14:01:11.643+0000] {dagbag.py:545} INFO - Filling up the DagBag from /home/airflow/.local/lib/python3.12/site-packages/airflow/example_dags/example_trigger_target_dag.py
[2026-08-24T14:01:11.652+0000] {processor.py:840} INFO - DAG(s) 'example_trigger_target_dag' retrieved from /home/airflow/.local/lib/python3.12/site-packages/airflow/example_dags/example_trigger_target_dag.py
[2026-08-24T14:01:11.682+0000] {logging_mixin.py:188} INFO - [2026-08-24T14:01:11.682+0000] {dag.py:3096} INFO - Sync 1 DAGs
[2026-08-24T14:01:11.706+0000] {logging_mixin.py:188} INFO - [2026-08-24T14:01:11.706+0000] {dag.py:3954} INFO - Setting next_dagrun for example_trigger_target_dag to None, run_after=None
[2026-08-24T14:01:11.737+0000] {processor.py:183} INFO - Processing /home/airflow/.local/lib/python3.12/site-packages/airflow/example_dags/example_trigger_target_dag.py took 0.110 seconds
[2026-08-24T14:01:41.812+0000] {processor.py:161} INFO - Started process (PID=244) to work on /home/airflow/.local/lib/python3.12/site-packages/airflow/example_dags/example_trigger_target_dag.py
[2026-08-24T14:01:41.814+0000] {processor.py:830} INFO - Processing file /home/airflow/.local/lib/python3.12/site-packages/airflow/example_dags/example_trigger_target_dag.py for tasks to queue
[2026-08-24T14:01:41.817+0000] {logging_mixin.py:188} INFO - [2026-08-24T14:01:41.816+0000] {dagbag.py:545} INFO - Filling up the DagBag from /home/airflow/.local/lib/python3.12/site-packages/airflow/example_dags/example_trigger_target_dag.py
[2026-08-24T14:01:41.824+0000] {processor.py:840} INFO - DAG(s) 'example_trigger_target_dag' retrieved from /home/airflow/.local/lib/python3.12/site-packages/airflow/example_dags/example_trigger_target_dag.py
[2026-08-24T14:01:41.852+0000] {logging_mixin.py:188} INFO - [2026-08-24T14:01:41.851+0000] {dag.py:3096} INFO - Sync 1 DAGs
[2026-08-24T14:01:41.870+0000] {logging_mixin.py:188} INFO - [2026-08-24T14:01:41.869+0000] {dag.py:3954} INFO - Setting next_dagrun for example_trigger_target_dag to None, run_after=None
[2026-08-24T14:01:41.894+0000] {processor.py:183} INFO - Processing /home/airflow/.local/lib/python3.12/site-packages/airflow/example_dags/example_trigger_target_dag.py took 0.090 seconds
[2026-08-24T14:02:12.214+0000] {processor.py:161} INFO - Started process (PID=303) to work on /home/airflow/.local/lib/python3.12/site-packages/airflow/example_dags/example_trigger_target_dag.py
[2026-08-24T14:02:12.216+0000] {processor.py:830} INFO - Processing file /home/airflow/.local/lib/python3.12/site-packages/airflow/example_dags/example_trigger_target_dag.py for tasks to queue
[2026-08-24T14:02:12.218+0000] {logging_mixin.py:188} INFO - [2026-08-24T14:02:12.218+0000] {dagbag.py:545} INFO - Filling up the DagBag from /home/airflow/.local/lib/python3.12/site-packages/airflow/example_dags/example_trigger_target_dag.py
[2026-08-24T14:02:12.226+0000] {processor.py:840} INFO - DAG(s) 'example_trigger_target_dag' retrieved from /home/airflow/.local/lib/python3.12/site-packages/airflow/example_dags/example_trigger_target_dag.py
[2026-08-24T14:02:12.249+0000] {logging_mixin.py:188} INFO - [2026-08-24T14:02:12.249+0000] {dag.py:3096} INFO - Sync 1 DAGs
[2026-08-24T14:02:12.265+0000] {logging_mixin.py:188} INFO - [2026-08-24T14:02:12.265+0000] {dag.py:3954} INFO - Setting next_dagrun for example_trigger_target_dag to None, run_after=None
[2026-08-24T14:02:12.288+0000] {processor.py:183} INFO - Processing /home/airflow/.local/lib/python3.12/site-packages/airflow/example_dags/example_trigger_target_dag.py took 0.082 seconds
[2026-08-24T14:02:42.484+0000] {processor.py:161} INFO - Started process (PID=363) to work on /home/airflow/.local/lib/python3.12/site-packages/airflow/example_dags/example_trigger_target_dag.py
[2026-08-24T14:02:42.485+0000] {processor.py:830} INFO - Processing file /home/airflow/.local/lib/python3.12/site-packages/airflow/example_dags/example_trigger_target_dag.py for tasks to queue
[2026-08-24T14:02:42.488+0000] {logging_mixin.py:188} INFO - [2026-08-24T14:02:42.487+0000] {dagbag.py:545} INFO - Filling up the DagBag from /home/airflow/.local/lib/python3.12/site-packages/airflow/example_dags/example_trigger_target_dag.py
[2026-08-24T14:02:42.498+0000] {processor.py:840} INFO - DAG(s) 'example_trigger_target_dag' retrieved from /home/airflow/.local/lib/python3.12/site-packages/airflow/example_dags/example_trigger_target_dag.py
[2026-08-24T14:02:42.522+0000] {logging_mixin.py:188} INFO - [2026-08-24T14:02:42.522+0000] {dag.py:3096} INFO - Sync 1 DAGs
[2026-08-24T14:02:42.541+0000] {logging_mixin.py:188} INFO - [2026-08-24T14:02:42.540+0000] {dag.py:3954} INFO - Setting next_dagrun for example_trigger_target_dag to None, run_after=None
[2026-08-24T14:02:42.565+0000] {processor.py:183} INFO - Processing /home/airflow/.local/lib/python3.12/site-packages/airflow/example_dags/example_trigger_target_dag.py took 0.090 seconds
[2026-08-24T14:07:44.016+0000] {processor.py:161} INFO - Started process (PID=132) to work on /home/airflow/.local/lib/python3.12/site-packages/airflow/example_dags/example_trigger_target_dag.py
[2026-08-24T14:07:44.017+0000] {processor.py:830} INFO - Processing file /home/airflow/.local/lib/python3.12/site-packages/airflow/example_dags/example_trigger_target_dag.py for tasks to queue
[2026-08-24T14:07:44.020+0000] {logging_mixin.py:188} INFO - [2026-08-24T14:07:44.020+0000] {dagbag.py:545} INFO - Filling up the DagBag from /home/airflow/.local/lib/python3.12/site-packages/airflow/example_dags/example_trigger_target_dag.py
[2026-08-24T14:07:44.030+0000] {processor.py:840} INFO - DAG(s) 'example_trigger_target_dag' retrieved from /home/airflow/.local/lib/python3.12/site-packages/airflow/example_dags/example_trigger_target_dag.py
[2026-08-24T14:07:44.176+0000] {logging_mixin.py:188} INFO - [2026-08-24T14:07:44.176+0000] {dag.py:3096} INFO - Sync 1 DAGs
[2026-08-24T14:07:44.191+0000] {logging_mixin.py:188} INFO - [2026-08-24T14:07:44.191+0000] {dag.py:3954} INFO - Setting next_dagrun for example_trigger_target_dag to None, run_after=None
[2026-08-24T14:07:44.218+0000] {processor.py:183} INFO - Processing /home/airflow/.local/lib/python3.12/site-packages/airflow/example_dags/example_trigger_target_dag.py took 0.211 seconds
[2026-08-24T14:08:14.529+0000] {processor.py:161} INFO - Started process (PID=191) to work on /home/airflow/.local/lib/python3.12/site-packages/airflow/example_dags/example_trigger_target_dag.py
[2026-08-24T14:08:14.531+0000] {processor.py:830} INFO - Processing file /home/airflow/.local/lib/python3.12/site-packages/airflow/example_dags/example_trigger_target_dag.py for tasks to queue
[2026-08-24T14:08:14.534+0000] {logging_mixin.py:188} INFO - [2026-08-24T14:08:14.534+0000] {dagbag.py:545} INFO - Filling up the DagBag from /home/airflow/.local/lib/python3.12/site-packages/airflow/example_dags/example_trigger_target_dag.py
[2026-08-24T14:08:14.542+0000] {processor.py:840} INFO - DAG(s) 'example_trigger_target_dag' retrieved from /home/airflow/.local/lib/python3.12/site-packages/airflow/example_dags/example_trigger_target_dag.py
[2026-08-24T14:08:14.573+0000] {logging_mixin.py:188} INFO - [2026-08-24T14:08:14.573+0000] {dag.py:3096} INFO - Sync 1 DAGs
[2026-08-24T14:08:14.590+0000] {logging_mixin.py:188} INFO - [2026-08-24T14:08:14.590+0000] {dag.py:3954} INFO - Setting next_dagrun for example_trigger_target_dag to None, run_after=None
[2026-08-24T14:08:14.617+0000] {processor.py:183} INFO - Processing /home/airflow/.local/lib/python3.12/site-packages/airflow/example_dags/example_trigger_target_dag.py took 0.098 seconds
[2026-08-24T14:08:44.684+0000] {processor.py:161} INFO - Started process (PID=250) to work on /home/airflow/.local/lib/python3.12/site-packages/airflow/example_dags/example_trigger_target_dag.py
[2026-08-24T14:08:44.685+0000] {processor.py:830} INFO - Processing file /home/airflow/.local/lib/python3.12/site-packages/airflow/example_dags/example_trigger_target_dag.py for tasks to queue
[2026-08-24T14:08:44.687+0000] {logging_mixin.py:188} INFO - [2026-08-24T14:08:44.687+0000] {dagbag.py:545} INFO - Filling up the DagBag from /home/airflow/.local/lib/python3.12/site-packages/airflow/example_dags/example_trigger_target_dag.py
[2026-08-24T14:08:44.697+0000] {processor.py:840} INFO - DAG(s) 'example_trigger_target_dag' retrieved from /home/airflow/.local/lib/python3.12/site-packages/airflow/example_dags/example_trigger_target_dag.py
[2026-08-24T14:08:44.725+0000] {logging_mixin.py:188} INFO - [2026-08-24T14:08:44.725+0000] {dag.py:3096} INFO - Sync 1 DAGs
[2026-08-24T14:08:44.744+0000] {logging_mixin.py:188} INFO - [2026-08-24T14:08:44.744+0000] {dag.py:3954} INFO - Setting next_dagrun for example_trigger_target_dag to None, run_after=None
[2026-08-24T14:08:44.784+0000] {processor.py:183} INFO - Processing /home/airflow/.local/lib/python3.12/site-packages/airflow/example_dags/example_trigger_target_dag.py took 0.109 seconds
[2026-08-24T14:09:15.556+0000] {processor.py:161} INFO - Started process (PID=309) to work on /home/airflow/.local/lib/python3.12/site-packages/airflow/example_dags/example_trigger_target_dag.py
[2026-08-24T14:09:15.557+0000] {processor.py:830} INFO - Processing file /home/airflow/.local/lib/python3.12/site-packages/airflow/example_dags/example_trigger_target_dag.py for tasks to queue
[2026-08-24T14:09:15.559+0000] {logging_mixin.py:188} INFO - [2026-08-24T14:09:15.559+0000] {dagbag.py:545} INFO - Filling up the DagBag from /home/airflow/.local/lib/python3.12/site-packages/airflow/example_dags/example_trigger_target_dag.py
[2026-08-24T14:09:15.567+0000] {processor.py:840} INFO - DAG(s) 'example_trigger_target_dag' retrieved from /home/airflow/.local/lib/python3.12/site-packages/airflow/example_dags/example_trigger_target_dag.py
[2026-08-24T14:09:15.591+0000] {logging_mixin.py:188} INFO - [2026-08-24T14:09:15.590+0000] {dag.py:3096} INFO - Sync 1 DAGs
[2026-08-24T14:09:15.606+0000] {logging_mixin.py:188} INFO - [2026-08-24T14:09:15.605+0000] {dag.py:3954} INFO - Setting next_dagrun for example_trigger_target_dag to None, run_after=None
[2026-08-24T14:09:15.627+0000] {processor.py:183} INFO - Processing /home/airflow/.local/lib/python3.12/site-packages/airflow/example_dags/example_trigger_target_dag.py took 0.079 seconds
[2026-08-24T14:09:46.118+0000] {processor.py:161} INFO - Started process (PID=368) to work on /home/airflow/.local/lib/python3.12/site-packages/airflow/example_dags/example_trigger_target_dag.py
[2026-08-24T14:09:46.119+0000] {processor.py:830} INFO - Processing file /home/airflow/.local/lib/python3.12/site-packages/airflow/example_dags/example_trigger_target_dag.py for tasks to queue
[2026-08-24T14:09:46.122+0000] {logging_mixin.py:188} INFO - [2026-08-24T14:09:46.121+0000] {dagbag.py:545} INFO - Filling up the DagBag from /home/airflow/.local/lib/python3.12/site-packages/airflow/example_dags/example_trigger_target_dag.py
[2026-08-24T14:09:46.131+0000] {processor.py:840} INFO - DAG(s) 'example_trigger_target_dag' retrieved from /home/airflow/.local/lib/python3.12/site-packages/airflow/example_dags/example_trigger_target_dag.py
[2026-08-24T14:09:46.163+0000] {logging_mixin.py:188} INFO - [2026-08-24T14:09:46.163+0000] {dag.py:3096} INFO - Sync 1 DAGs
[2026-08-24T14:09:46.183+0000] {logging_mixin.py:188} INFO - [2026-08-24T14:09:46.182+0000] {dag.py:3954} INFO - Setting next_dagrun for example_trigger_target_dag to None, run_after=None
[2026-08-24T14:09:46.217+0000] {processor.py:183} INFO - Processing /home/airflow/.local/lib/python3.12/site-packages/airflow/example_dags/example_trigger_target_dag.py took 0.110 seconds
[2026-08-24T14:10:16.632+0000] {processor.py:161} INFO - Started process (PID=427) to work on /home/airflow/.local/lib/python3.12/site-packages/airflow/example_dags/example_trigger_target_dag.py
[2026-08-24T14:10:16.633+0000] {processor.py:830} INFO - Processing file /home/airflow/.local/lib/python3.12/site-packages/airflow/example_dags/example_trigger_target_dag.py for tasks to queue
[2026-08-24T14:10:16.636+0000] {logging_mixin.py:188} INFO - [2026-08-24T14:10:16.635+0000] {dagbag.py:545} INFO - Filling up the DagBag from /home/airflow/.local/lib/python3.12/site-packages/airflow/example_dags/example_trigger_target_dag.py
[2026-08-24T14:10:16.644+0000] {processor.py:840} INFO - DAG(s) 'example_trigger_target_dag' retrieved from /home/airflow/.local/lib/python3.12/site-packages/airflow/example_dags/example_trigger_target_dag.py
[2026-08-24T14:10:16.670+0000] {logging_mixin.py:188} INFO - [2026-08-24T14:10:16.669+0000] {dag.py:3096} INFO - Sync 1 DAGs
[2026-08-24T14:10:16.688+0000] {logging_mixin.py:188} INFO - [2026-08-24T14:10:16.688+0000] {dag.py:3954} INFO - Setting next_dagrun for example_trigger_target_dag to None, run_after=None
[2026-08-24T14:10:16.715+0000] {processor.py:183} INFO - Processing /home/airflow/.local/lib/python3.12/site-packages/airflow/example_dags/example_trigger_target_dag.py took 0.091 seconds
[2026-08-24T14:10:47.206+0000] {processor.py:161} INFO - Started process (PID=486) to work on /home/airflow/.local/lib/python3.12/site-packages/airflow/example_dags/example_trigger_target_dag.py
[2026-08-24T14:10:47.208+0000] {processor.py:830} INFO - Processing file /home/airflow/.local/lib/python3.12/site-packages/airflow/example_dags/example_trigger_target_dag.py for tasks to queue
[2026-08-24T14:10:47.210+0000] {logging_mixin.py:188} INFO - [2026-08-24T14:10:47.210+0000] {dagbag.py:545} INFO - Filling up the DagBag from /home/airflow/.local/lib/python3.12/site-packages/airflow/example_dags/example_trigger_target_dag.py
[2026-08-24T14:10:47.217+0000] {processor.py:840} INFO - DAG(s) 'example_trigger_target_dag' retrieved from /home/airflow/.local/lib/python3.12/site-packages/airflow/example_dags/example_trigger_target_dag.py
[2026-08-24T14:10:47.250+0000] {logging_mixin.py:188} INFO - [2026-08-24T14:10:47.249+0000] {dag.py:3096} INFO - Sync 1 DAGs
[2026-08-24T14:10:47.268+0000] {logging_mixin.py:188} INFO - [2026-08-24T14:10:47.267+0000] {dag.py:3954} INFO - Setting next_dagrun for example_trigger_target_dag to None, run_after=None
[2026-08-24T14:10:47.292+0000] {processor.py:183} INFO - Processing /home/airflow/.local/lib/python3.12/site-packages/airflow/example_dags/example_trigger_target_dag.py took 0.094 seconds
[2026-08-24T14:13:30.313+0000] {processor.py:161} INFO - Started process (PID=136) to work on /home/airflow/.local/lib/python3.12/site-packages/airflow/example_dags/example_trigger_target_dag.py
[2026-08-24T14:13:30.315+0000] {processor.py:830} INFO - Processing file /home/airflow/.local/lib/python3.12/site-packages/airflow/example_dags/example_trigger_target_dag.py for tasks to queue
[2026-08-24T14:13:30.318+0000] {logging_mixin.py:188} INFO - [2026-08-24T14:13:30.317+0000] {dagbag.py:545} INFO - Filling up the DagBag from /home/airflow/.local/lib/python3.12/site-packages/airflow/example_dags/example_trigger_target_dag.py
[2026-08-24T14:13:30.328+0000] {processor.py:840} INFO - DAG(s) 'example_trigger_target_dag' retrieved from /home/airflow/.local/lib/python3.12/site-packages/airflow/example_dags/example_trigger_target_dag.py
[2026-08-24T14:13:30.496+0000] {logging_mixin.py:188} INFO - [2026-08-24T14:13:30.495+0000] {dag.py:3096} INFO - Sync 1 DAGs
[2026-08-24T14:13:30.509+0000] {logging_mixin.py:188} INFO - [2026-08-24T14:13:30.509+0000] {dag.py:3954} INFO - Setting next_dagrun for example_trigger_target_dag to None, run_after=None
[2026-08-24T14:13:30.561+0000] {processor.py:183} INFO - Processing /home/airflow/.local/lib/python3.12/site-packages/airflow/example_dags/example_trigger_target_dag.py took 0.255 seconds
[2026-08-24T14:14:00.695+0000] {processor.py:161} INFO - Started process (PID=195) to work on /home/airflow/.local/lib/python3.12/site-packages/airflow/example_dags/example_trigger_target_dag.py
[2026-08-24T14:14:00.696+0000] {processor.py:830} INFO - Processing file /home/airflow/.local/lib/python3.12/site-packages/airflow/example_dags/example_trigger_target_dag.py for tasks to queue
[2026-08-24T14:14:00.698+0000] {logging_mixin.py:188} INFO - [2026-08-24T14:14:00.698+0000] {dagbag.py:545} INFO - Filling up the DagBag from /home/airflow/.local/lib/python3.12/site-packages/airflow/example_dags/example_trigger_target_dag.py
[2026-08-24T14:14:00.706+0000] {processor.py:840} INFO - DAG(s) 'example_trigger_target_dag' retrieved from /home/airflow/.local/lib/python3.12/site-packages/airflow/example_dags/example_trigger_target_dag.py
[2026-08-24T14:14:00.729+0000] {logging_mixin.py:188} INFO - [2026-08-24T14:14:00.729+0000] {dag.py:3096} INFO - Sync 1 DAGs
[2026-08-24T14:14:00.745+0000] {logging_mixin.py:188} INFO - [2026-08-24T14:14:00.744+0000] {dag.py:3954} INFO - Setting next_dagrun for example_trigger_target_dag to None, run_after=None
[2026-08-24T14:14:00.766+0000] {processor.py:183} INFO - Processing /home/airflow/.local/lib/python3.12/site-packages/airflow/example_dags/example_trigger_target_dag.py took 0.079 seconds
[2026-08-24T14:14:30.851+0000] {processor.py:161} INFO - Started process (PID=254) to work on /home/airflow/.local/lib/python3.12/site-packages/airflow/example_dags/example_trigger_target_dag.py
[2026-08-24T14:14:30.852+0000] {processor.py:830} INFO - Processing file /home/airflow/.local/lib/python3.12/site-packages/airflow/example_dags/example_trigger_target_dag.py for tasks to queue
[2026-08-24T14:14:30.855+0000] {logging_mixin.py:188} INFO - [2026-08-24T14:14:30.855+0000] {dagbag.py:545} INFO - Filling up the DagBag from /home/airflow/.local/lib/python3.12/site-packages/airflow/example_dags/example_trigger_target_dag.py
[2026-08-24T14:14:30.864+0000] {processor.py:840} INFO - DAG(s) 'example_trigger_target_dag' retrieved from /home/airflow/.local/lib/python3.12/site-packages/airflow/example_dags/example_trigger_target_dag.py
[2026-08-24T14:14:30.890+0000] {logging_mixin.py:188} INFO - [2026-08-24T14:14:30.889+0000] {dag.py:3096} INFO - Sync 1 DAGs
[2026-08-24T14:14:30.907+0000] {logging_mixin.py:188} INFO - [2026-08-24T14:14:30.907+0000] {dag.py:3954} INFO - Setting next_dagrun for example_trigger_target_dag to None, run_after=None
[2026-08-24T14:14:30.934+0000] {processor.py:183} INFO - Processing /home/airflow/.local/lib/python3.12/site-packages/airflow/example_dags/example_trigger_target_dag.py took 0.091 seconds
[2026-08-24T14:15:01.905+0000] {processor.py:161} INFO - Started process (PID=313) to work on /home/airflow/.local/lib/python3.12/site-packages/airflow/example_dags/example_trigger_target_dag.py
[2026-08-24T14:15:01.906+0000] {processor.py:830} INFO - Processing file /home/airflow/.local/lib/python3.12/site-packages/airflow/example_dags/example_trigger_target_dag.py for tasks to queue
[2026-08-24T14:15:01.908+0000] {logging_mixin.py:188} INFO - [2026-08-24T14:15:01.908+0000] {dagbag.py:545} INFO - Filling up the DagBag from /home/airflow/.local/lib/python3.12/site-packages/airflow/example_dags/example_trigger_target_dag.py
[2026-08-24T14:15:01.915+0000] {processor.py:840} INFO - DAG(s) 'example_trigger_target_dag' retrieved from /home/airflow/.local/lib/python3.12/site-packages/airflow/example_dags/example_trigger_target_dag.py
[2026-08-24T14:15:01.940+0000] {logging_mixin.py:188} INFO - [2026-08-24T14:15:01.939+0000] {dag.py:3096} INFO - Sync 1 DAGs
[2026-08-24T14:15:01.955+0000] {logging_mixin.py:188} INFO - [2026-08-24T14:15:01.955+0000] {dag.py:3954} INFO - Setting next_dagrun for example_trigger_target_dag to None, run_after=None
[2026-08-24T14:15:01.977+0000] {processor.py:183} INFO - Processing /home/airflow/.local/lib/python3.12/site-packages/airflow/example_dags/example_trigger_target_dag.py took 0.080 seconds
[2026-08-24T14:15:32.825+0000] {processor.py:161} INFO - Started process (PID=372) to work on /home/airflow/.local/lib/python3.12/site-packages/airflow/example_dags/example_trigger_target_dag.py
[2026-08-24T14:15:32.827+0000] {processor.py:830} INFO - Processing file /home/airflow/.local/lib/python3.12/site-packages/airflow/example_dags/example_trigger_target_dag.py for tasks to queue
[2026-08-24T14:15:32.829+0000] {logging_mixin.py:188} INFO - [2026-08-24T14:15:32.829+0000] {dagbag.py:545} INFO - Filling up the DagBag from /home/airflow/.local/lib/python3.12/site-packages/airflow/example_dags/example_trigger_target_dag.py
[2026-08-24T14:15:32.837+0000] {processor.py:840} INFO - DAG(s) 'example_trigger_target_dag' retrieved from /home/airflow/.local/lib/python3.12/site-packages/airflow/example_dags/example_trigger_target_dag.py
[2026-08-24T14:15:32.863+0000] {logging_mixin.py:188} INFO - [2026-08-24T14:15:32.862+0000] {dag.py:3096} INFO - Sync 1 DAGs
[2026-08-24T14:15:32.879+0000] {logging_mixin.py:188} INFO - [2026-08-24T14:15:32.879+0000] {dag.py:3954} INFO - Setting next_dagrun for example_trigger_target_dag to None, run_after=None
[2026-08-24T14:15:32.903+0000] {processor.py:183} INFO - Processing /home/airflow/.local/lib/python3.12/site-packages/airflow/example_dags/example_trigger_target_dag.py took 0.085 seconds
[2026-08-24T14:16:03.751+0000] {processor.py:161} INFO - Started process (PID=431) to work on /home/airflow/.local/lib/python3.12/site-packages/airflow/example_dags/example_trigger_target_dag.py
[2026-08-24T14:16:03.752+0000] {processor.py:830} INFO - Processing file /home/airflow/.local/lib/python3.12/site-packages/airflow/example_dags/example_trigger_target_dag.py for tasks to queue
[2026-08-24T14:16:03.756+0000] {logging_mixin.py:188} INFO - [2026-08-24T14:16:03.755+0000] {dagbag.py:545} INFO - Filling up the DagBag from /home/airflow/.local/lib/python3.12/site-packages/airflow/example_dags/example_trigger_target_dag.py
[2026-08-24T14:16:03.764+0000] {processor.py:840} INFO - DAG(s) 'example_trigger_target_dag' retrieved from /home/airflow/.local/lib/python3.12/site-packages/airflow/example_dags/example_trigger_target_dag.py
[2026-08-24T14:16:03.788+0000] {logging_mixin.py:188} INFO - [2026-08-24T14:16:03.788+0000] {dag.py:3096} INFO - Sync 1 DAGs
[2026-08-24T14:16:03.806+0000] {logging_mixin.py:188} INFO - [2026-08-24T14:16:03.806+0000] {dag.py:3954} INFO - Setting next_dagrun for example_trigger_target_dag to None, run_after=None
[2026-08-24T14:16:03.830+0000] {processor.py:183} INFO - Processing /home/airflow/.local/lib/python3.12/site-packages/airflow/example_dags/example_trigger_target_dag.py took 0.087 seconds
[2026-08-24T14:16:33.875+0000] {processor.py:161} INFO - Started process (PID=490) to work on /home/airflow/.local/lib/python3.12/site-packages/airflow/example_dags/example_trigger_target_dag.py
[2026-08-24T14:16:33.877+0000] {processor.py:830} INFO - Processing file /home/airflow/.local/lib/python3.12/site-packages/airflow/example_dags/example_trigger_target_dag.py for tasks to queue
[2026-08-24T14:16:33.880+0000] {logging_mixin.py:188} INFO - [2026-08-24T14:16:33.880+0000] {dagbag.py:545} INFO - Filling up the DagBag from /home/airflow/.local/lib/python3.12/site-packages/airflow/example_dags/example_trigger_target_dag.py
[2026-08-24T14:16:33.887+0000] {processor.py:840} INFO - DAG(s) 'example_trigger_target_dag' retrieved from /home/airflow/.local/lib/python3.12/site-packages/airflow/example_dags/example_trigger_target_dag.py
[2026-08-24T14:16:33.912+0000] {logging_mixin.py:188} INFO - [2026-08-24T14:16:33.912+0000] {dag.py:3096} INFO - Sync 1 DAGs
[2026-08-24T14:16:33.929+0000] {logging_mixin.py:188} INFO - [2026-08-24T14:16:33.929+0000] {dag.py:3954} INFO - Setting next_dagrun for example_trigger_target_dag to None, run_after=None
[2026-08-24T14:16:33.952+0000] {processor.py:183} INFO - Processing /home/airflow/.local/lib/python3.12/site-packages/airflow/example_dags/example_trigger_target_dag.py took 0.084 seconds
[2026-08-24T14:17:04.334+0000] {processor.py:161} INFO - Started process (PID=549) to work on /home/airflow/.local/lib/python3.12/site-packages/airflow/example_dags/example_trigger_target_dag.py
[2026-08-24T14:17:04.336+0000] {processor.py:830} INFO - Processing file /home/airflow/.local/lib/python3.12/site-packages/airflow/example_dags/example_trigger_target_dag.py for tasks to queue
[2026-08-24T14:17:04.339+0000] {logging_mixin.py:188} INFO - [2026-08-24T14:17:04.338+0000] {dagbag.py:545} INFO - Filling up the DagBag from /home/airflow/.local/lib/python3.12/site-packages/airflow/example_dags/example_trigger_target_dag.py
[2026-08-24T14:17:04.350+0000] {processor.py:840} INFO - DAG(s) 'example_trigger_target_dag' retrieved from /home/airflow/.local/lib/python3.12/site-packages/airflow/example_dags/example_trigger_target_dag.py
[2026-08-24T14:17:04.382+0000] {logging_mixin.py:188} INFO - [2026-08-24T14:17:04.381+0000] {dag.py:3096} INFO - Sync 1 DAGs
[2026-08-24T14:17:04.402+0000] {logging_mixin.py:188} INFO - [2026-08-24T14:17:04.402+0000] {dag.py:3954} INFO - Setting next_dagrun for example_trigger_target_dag to None, run_after=None
[2026-08-24T14:17:04.431+0000] {processor.py:183} INFO - Processing /home/airflow/.local/lib/python3.12/site-packages/airflow/example_dags/example_trigger_target_dag.py took 0.106 seconds
[2026-08-24T14:17:35.358+0000] {processor.py:161} INFO - Started process (PID=608) to work on /home/airflow/.local/lib/python3.12/site-packages/airflow/example_dags/example_trigger_target_dag.py
[2026-08-24T14:17:35.360+0000] {processor.py:830} INFO - Processing file /home/airflow/.local/lib/python3.12/site-packages/airflow/example_dags/example_trigger_target_dag.py for tasks to queue
[2026-08-24T14:17:35.363+0000] {logging_mixin.py:188} INFO - [2026-08-24T14:17:35.363+0000] {dagbag.py:545} INFO - Filling up the DagBag from /home/airflow/.local/lib/python3.12/site-packages/airflow/example_dags/example_trigger_target_dag.py
[2026-08-24T14:17:35.375+0000] {processor.py:840} INFO - DAG(s) 'example_trigger_target_dag' retrieved from /home/airflow/.local/lib/python3.12/site-packages/airflow/example_dags/example_trigger_target_dag.py
[2026-08-24T14:17:35.404+0000] {logging_mixin.py:188} INFO - [2026-08-24T14:17:35.404+0000] {dag.py:3096} INFO - Sync 1 DAGs
[2026-08-24T14:17:35.426+0000] {logging_mixin.py:188} INFO - [2026-08-24T14:17:35.425+0000] {dag.py:3954} INFO - Setting next_dagrun for example_trigger_target_dag to None, run_after=None
[2026-08-24T14:17:35.467+0000] {processor.py:183} INFO - Processing /home/airflow/.local/lib/python3.12/site-packages/airflow/example_dags/example_trigger_target_dag.py took 0.118 seconds
[2026-08-24T14:18:06.394+0000] {processor.py:161} INFO - Started process (PID=673) to work on /home/airflow/.local/lib/python3.12/site-packages/airflow/example_dags/example_trigger_target_dag.py
[2026-08-24T14:18:06.397+0000] {processor.py:830} INFO - Processing file /home/airflow/.local/lib/python3.12/site-packages/airflow/example_dags/example_trigger_target_dag.py for tasks to queue
[2026-08-24T14:18:06.402+0000] {logging_mixin.py:188} INFO - [2026-08-24T14:18:06.401+0000] {dagbag.py:545} INFO - Filling up the DagBag from /home/airflow/.local/lib/python3.12/site-packages/airflow/example_dags/example_trigger_target_dag.py
[2026-08-24T14:18:06.412+0000] {processor.py:840} INFO - DAG(s) 'example_trigger_target_dag' retrieved from /home/airflow/.local/lib/python3.12/site-packages/airflow/example_dags/example_trigger_target_dag.py
[2026-08-24T14:18:06.442+0000] {logging_mixin.py:188} INFO - [2026-08-24T14:18:06.442+0000] {dag.py:3096} INFO - Sync 1 DAGs
[2026-08-24T14:18:06.460+0000] {logging_mixin.py:188} INFO - [2026-08-24T14:18:06.460+0000] {dag.py:3954} INFO - Setting next_dagrun for example_trigger_target_dag to None, run_after=None
[2026-08-24T14:18:06.494+0000] {processor.py:183} INFO - Processing /home/airflow/.local/lib/python3.12/site-packages/airflow/example_dags/example_trigger_target_dag.py took 0.120 seconds
[2026-08-24T14:18:37.326+0000] {processor.py:161} INFO - Started process (PID=733) to work on /home/airflow/.local/lib/python3.12/site-packages/airflow/example_dags/example_trigger_target_dag.py
[2026-08-24T14:18:37.330+0000] {processor.py:830} INFO - Processing file /home/airflow/.local/lib/python3.12/site-packages/airflow/example_dags/example_trigger_target_dag.py for tasks to queue
[2026-08-24T14:18:37.332+0000] {logging_mixin.py:188} INFO - [2026-08-24T14:18:37.332+0000] {dagbag.py:545} INFO - Filling up the DagBag from /home/airflow/.local/lib/python3.12/site-packages/airflow/example_dags/example_trigger_target_dag.py
[2026-08-24T14:18:37.343+0000] {processor.py:840} INFO - DAG(s) 'example_trigger_target_dag' retrieved from /home/airflow/.local/lib/python3.12/site-packages/airflow/example_dags/example_trigger_target_dag.py
[2026-08-24T14:18:37.373+0000] {logging_mixin.py:188} INFO - [2026-08-24T14:18:37.372+0000] {dag.py:3096} INFO - Sync 1 DAGs
[2026-08-24T14:18:37.399+0000] {logging_mixin.py:188} INFO - [2026-08-24T14:18:37.399+0000] {dag.py:3954} INFO - Setting next_dagrun for example_trigger_target_dag to None, run_after=None
[2026-08-24T14:18:37.433+0000] {processor.py:183} INFO - Processing /home/airflow/.local/lib/python3.12/site-packages/airflow/example_dags/example_trigger_target_dag.py took 0.115 seconds
[2026-08-24T14:19:08.166+0000] {processor.py:161} INFO - Started process (PID=793) to work on /home/airflow/.local/lib/python3.12/site-packages/airflow/example_dags/example_trigger_target_dag.py
[2026-08-24T14:19:08.167+0000] {processor.py:830} INFO - Processing file /home/airflow/.local/lib/python3.12/site-packages/airflow/example_dags/example_trigger_target_dag.py for tasks to queue
[2026-08-24T14:19:08.169+0000] {logging_mixin.py:188} INFO - [2026-08-24T14:19:08.169+0000] {dagbag.py:545} INFO - Filling up the DagBag from /home/airflow/.local/lib/python3.12/site-packages/airflow/example_dags/example_trigger_target_dag.py
[2026-08-24T14:19:08.176+0000] {processor.py:840} INFO - DAG(s) 'example_trigger_target_dag' retrieved from /home/airflow/.local/lib/python3.12/site-packages/airflow/example_dags/example_trigger_target_dag.py
[2026-08-24T14:19:08.202+0000] {logging_mixin.py:188} INFO - [2026-08-24T14:19:08.201+0000] {dag.py:3096} INFO - Sync 1 DAGs
[2026-08-24T14:19:08.220+0000] {logging_mixin.py:188} INFO - [2026-08-24T14:19:08.219+0000] {dag.py:3954} INFO - Setting next_dagrun for example_trigger_target_dag to None, run_after=None
[2026-08-24T14:19:08.244+0000] {processor.py:183} INFO - Processing /home/airflow/.local/lib/python3.12/site-packages/airflow/example_dags/example_trigger_target_dag.py took 0.086 seconds
[2026-08-24T14:19:38.900+0000] {processor.py:161} INFO - Started process (PID=853) to work on /home/airflow/.local/lib/python3.12/site-packages/airflow/example_dags/example_trigger_target_dag.py
[2026-08-24T14:19:38.901+0000] {processor.py:830} INFO - Processing file /home/airflow/.local/lib/python3.12/site-packages/airflow/example_dags/example_trigger_target_dag.py for tasks to queue
[2026-08-24T14:19:38.906+0000] {logging_mixin.py:188} INFO - [2026-08-24T14:19:38.906+0000] {dagbag.py:545} INFO - Filling up the DagBag from /home/airflow/.local/lib/python3.12/site-packages/airflow/example_dags/example_trigger_target_dag.py
[2026-08-24T14:19:38.916+0000] {processor.py:840} INFO - DAG(s) 'example_trigger_target_dag' retrieved from /home/airflow/.local/lib/python3.12/site-packages/airflow/example_dags/example_trigger_target_dag.py
[2026-08-24T14:19:38.949+0000] {logging_mixin.py:188} INFO - [2026-08-24T14:19:38.948+0000] {dag.py:3096} INFO - Sync 1 DAGs
[2026-08-24T14:19:38.976+0000] {logging_mixin.py:188} INFO - [2026-08-24T14:19:38.975+0000] {dag.py:3954} INFO - Setting next_dagrun for example_trigger_target_dag to None, run_after=None
[2026-08-24T14:19:39.013+0000] {processor.py:183} INFO - Processing /home/airflow/.local/lib/python3.12/site-packages/airflow/example_dags/example_trigger_target_dag.py took 0.126 seconds
[2026-08-24T14:20:10.056+0000] {processor.py:161} INFO - Started process (PID=913) to work on /home/airflow/.local/lib/python3.12/site-packages/airflow/example_dags/example_trigger_target_dag.py
[2026-08-24T14:20:10.057+0000] {processor.py:830} INFO - Processing file /home/airflow/.local/lib/python3.12/site-packages/airflow/example_dags/example_trigger_target_dag.py for tasks to queue
[2026-08-24T14:20:10.060+0000] {logging_mixin.py:188} INFO - [2026-08-24T14:20:10.059+0000] {dagbag.py:545} INFO - Filling up the DagBag from /home/airflow/.local/lib/python3.12/site-packages/airflow/example_dags/example_trigger_target_dag.py
[2026-08-24T14:20:10.070+0000] {processor.py:840} INFO - DAG(s) 'example_trigger_target_dag' retrieved from /home/airflow/.local/lib/python3.12/site-packages/airflow/example_dags/example_trigger_target_dag.py
[2026-08-24T14:20:10.102+0000] {logging_mixin.py:188} INFO - [2026-08-24T14:20:10.101+0000] {dag.py:3096} INFO - Sync 1 DAGs
[2026-08-24T14:20:10.130+0000] {logging_mixin.py:188} INFO - [2026-08-24T14:20:10.129+0000] {dag.py:3954} INFO - Setting next_dagrun for example_trigger_target_dag to None, run_after=None
[2026-08-24T14:20:10.171+0000] {processor.py:183} INFO - Processing /home/airflow/.local/lib/python3.12/site-packages/airflow/example_dags/example_trigger_target_dag.py took 0.125 seconds
[2026-08-24T14:22:22.361+0000] {processor.py:161} INFO - Started process (PID=136) to work on /home/airflow/.local/lib/python3.12/site-packages/airflow/example_dags/example_trigger_target_dag.py
[2026-08-24T14:22:22.363+0000] {processor.py:830} INFO - Processing file /home/airflow/.local/lib/python3.12/site-packages/airflow/example_dags/example_trigger_target_dag.py for tasks to queue
[2026-08-24T14:22:22.366+0000] {logging_mixin.py:188} INFO - [2026-08-24T14:22:22.365+0000] {dagbag.py:545} INFO - Filling up the DagBag from /home/airflow/.local/lib/python3.12/site-packages/airflow/example_dags/example_trigger_target_dag.py
[2026-08-24T14:22:22.375+0000] {processor.py:840} INFO - DAG(s) 'example_trigger_target_dag' retrieved from /home/airflow/.local/lib/python3.12/site-packages/airflow/example_dags/example_trigger_target_dag.py
[2026-08-24T14:22:22.510+0000] {logging_mixin.py:188} INFO - [2026-08-24T14:22:22.510+0000] {dag.py:3096} INFO - Sync 1 DAGs
[2026-08-24T14:22:22.525+0000] {logging_mixin.py:188} INFO - [2026-08-24T14:22:22.524+0000] {dag.py:3954} INFO - Setting next_dagrun for example_trigger_target_dag to None, run_after=None
[2026-08-24T14:22:22.553+0000] {processor.py:183} INFO - Processing /home/airflow/.local/lib/python3.12/site-packages/airflow/example_dags/example_trigger_target_dag.py took 0.202 seconds
[2026-08-24T14:23:03.786+0000] {processor.py:161} INFO - Started process (PID=121) to work on /home/airflow/.local/lib/python3.12/site-packages/airflow/example_dags/example_trigger_target_dag.py
[2026-08-24T14:23:03.787+0000] {processor.py:830} INFO - Processing file /home/airflow/.local/lib/python3.12/site-packages/airflow/example_dags/example_trigger_target_dag.py for tasks to queue
[2026-08-24T14:23:03.790+0000] {logging_mixin.py:188} INFO - [2026-08-24T14:23:03.790+0000] {dagbag.py:545} INFO - Filling up the DagBag from /home/airflow/.local/lib/python3.12/site-packages/airflow/example_dags/example_trigger_target_dag.py
[2026-08-24T14:23:03.799+0000] {processor.py:840} INFO - DAG(s) 'example_trigger_target_dag' retrieved from /home/airflow/.local/lib/python3.12/site-packages/airflow/example_dags/example_trigger_target_dag.py
[2026-08-24T14:23:03.829+0000] {logging_mixin.py:188} INFO - [2026-08-24T14:23:03.829+0000] {dag.py:3096} INFO - Sync 1 DAGs
[2026-08-24T14:23:03.849+0000] {logging_mixin.py:188} INFO - [2026-08-24T14:23:03.849+0000] {dag.py:3954} INFO - Setting next_dagrun for example_trigger_target_dag to None, run_after=None
[2026-08-24T14:23:03.877+0000] {processor.py:183} INFO - Processing /home/airflow/.local/lib/python3.12/site-packages/airflow/example_dags/example_trigger_target_dag.py took 0.100 seconds
[2026-08-24T14:23:35.117+0000] {processor.py:161} INFO - Started process (PID=181) to work on /home/airflow/.local/lib/python3.12/site-packages/airflow/example_dags/example_trigger_target_dag.py
[2026-08-24T14:23:35.121+0000] {processor.py:830} INFO - Processing file /home/airflow/.local/lib/python3.12/site-packages/airflow/example_dags/example_trigger_target_dag.py for tasks to queue
[2026-08-24T14:23:35.127+0000] {logging_mixin.py:188} INFO - [2026-08-24T14:23:35.127+0000] {dagbag.py:545} INFO - Filling up the DagBag from /home/airflow/.local/lib/python3.12/site-packages/airflow/example_dags/example_trigger_target_dag.py
[2026-08-24T14:23:35.140+0000] {processor.py:840} INFO - DAG(s) 'example_trigger_target_dag' retrieved from /home/airflow/.local/lib/python3.12/site-packages/airflow/example_dags/example_trigger_target_dag.py
[2026-08-24T14:23:35.193+0000] {logging_mixin.py:188} INFO - [2026-08-24T14:23:35.193+0000] {dag.py:3096} INFO - Sync 1 DAGs
[2026-08-24T14:23:35.253+0000] {logging_mixin.py:188} INFO - [2026-08-24T14:23:35.253+0000] {dag.py:3954} INFO - Setting next_dagrun for example_trigger_target_dag to None, run_after=None
[2026-08-24T14:23:35.319+0000] {processor.py:183} INFO - Processing /home/airflow/.local/lib/python3.12/site-packages/airflow/example_dags/example_trigger_target_dag.py took 0.215 seconds
[2026-08-24T14:24:06.284+0000] {processor.py:161} INFO - Started process (PID=241) to work on /home/airflow/.local/lib/python3.12/site-packages/airflow/example_dags/example_trigger_target_dag.py
[2026-08-24T14:24:06.285+0000] {processor.py:830} INFO - Processing file /home/airflow/.local/lib/python3.12/site-packages/airflow/example_dags/example_trigger_target_dag.py for tasks to queue
[2026-08-24T14:24:06.288+0000] {logging_mixin.py:188} INFO - [2026-08-24T14:24:06.287+0000] {dagbag.py:545} INFO - Filling up the DagBag from /home/airflow/.local/lib/python3.12/site-packages/airflow/example_dags/example_trigger_target_dag.py
[2026-08-24T14:24:06.296+0000] {processor.py:840} INFO - DAG(s) 'example_trigger_target_dag' retrieved from /home/airflow/.local/lib/python3.12/site-packages/airflow/example_dags/example_trigger_target_dag.py
[2026-08-24T14:24:06.332+0000] {logging_mixin.py:188} INFO - [2026-08-24T14:24:06.332+0000] {dag.py:3096} INFO - Sync 1 DAGs
[2026-08-24T14:24:06.355+0000] {logging_mixin.py:188} INFO - [2026-08-24T14:24:06.355+0000] {dag.py:3954} INFO - Setting next_dagrun for example_trigger_target_dag to None, run_after=None
[2026-08-24T14:24:06.389+0000] {processor.py:183} INFO - Processing /home/airflow/.local/lib/python3.12/site-packages/airflow/example_dags/example_trigger_target_dag.py took 0.113 seconds
[2026-08-24T14:24:37.278+0000] {processor.py:161} INFO - Started process (PID=301) to work on /home/airflow/.local/lib/python3.12/site-packages/airflow/example_dags/example_trigger_target_dag.py
[2026-08-24T14:24:37.280+0000] {processor.py:830} INFO - Processing file /home/airflow/.local/lib/python3.12/site-packages/airflow/example_dags/example_trigger_target_dag.py for tasks to queue
[2026-08-24T14:24:37.282+0000] {logging_mixin.py:188} INFO - [2026-08-24T14:24:37.282+0000] {dagbag.py:545} INFO - Filling up the DagBag from /home/airflow/.local/lib/python3.12/site-packages/airflow/example_dags/example_trigger_target_dag.py
[2026-08-24T14:24:37.291+0000] {processor.py:840} INFO - DAG(s) 'example_trigger_target_dag' retrieved from /home/airflow/.local/lib/python3.12/site-packages/airflow/example_dags/example_trigger_target_dag.py
[2026-08-24T14:24:37.316+0000] {logging_mixin.py:188} INFO - [2026-08-24T14:24:37.316+0000] {dag.py:3096} INFO - Sync 1 DAGs
[2026-08-24T14:24:37.334+0000] {logging_mixin.py:188} INFO - [2026-08-24T14:24:37.334+0000] {dag.py:3954} INFO - Setting next_dagrun for example_trigger_target_dag to None, run_after=None
[2026-08-24T14:24:37.361+0000] {processor.py:183} INFO - Processing /home/airflow/.local/lib/python3.12/site-packages/airflow/example_dags/example_trigger_target_dag.py took 0.091 seconds
[2026-08-24T14:25:08.161+0000] {processor.py:161} INFO - Started process (PID=361) to work on /home/airflow/.local/lib/python3.12/site-packages/airflow/example_dags/example_trigger_target_dag.py
[2026-08-24T14:25:08.163+0000] {processor.py:830} INFO - Processing file /home/airflow/.local/lib/python3.12/site-packages/airflow/example_dags/example_trigger_target_dag.py for tasks to queue
[2026-08-24T14:25:08.165+0000] {logging_mixin.py:188} INFO - [2026-08-24T14:25:08.165+0000] {dagbag.py:545} INFO - Filling up the DagBag from /home/airflow/.local/lib/python3.12/site-packages/airflow/example_dags/example_trigger_target_dag.py
[2026-08-24T14:25:08.173+0000] {processor.py:840} INFO - DAG(s) 'example_trigger_target_dag' retrieved from /home/airflow/.local/lib/python3.12/site-packages/airflow/example_dags/example_trigger_target_dag.py
[2026-08-24T14:25:08.199+0000] {logging_mixin.py:188} INFO - [2026-08-24T14:25:08.198+0000] {dag.py:3096} INFO - Sync 1 DAGs
[2026-08-24T14:25:08.218+0000] {logging_mixin.py:188} INFO - [2026-08-24T14:25:08.217+0000] {dag.py:3954} INFO - Setting next_dagrun for example_trigger_target_dag to None, run_after=None
[2026-08-24T14:25:08.247+0000] {processor.py:183} INFO - Processing /home/airflow/.local/lib/python3.12/site-packages/airflow/example_dags/example_trigger_target_dag.py took 0.094 seconds
[2026-08-24T14:25:39.267+0000] {processor.py:161} INFO - Started process (PID=421) to work on /home/airflow/.local/lib/python3.12/site-packages/airflow/example_dags/example_trigger_target_dag.py
[2026-08-24T14:25:39.268+0000] {processor.py:830} INFO - Processing file /home/airflow/.local/lib/python3.12/site-packages/airflow/example_dags/example_trigger_target_dag.py for tasks to queue
[2026-08-24T14:25:39.270+0000] {logging_mixin.py:188} INFO - [2026-08-24T14:25:39.270+0000] {dagbag.py:545} INFO - Filling up the DagBag from /home/airflow/.local/lib/python3.12/site-packages/airflow/example_dags/example_trigger_target_dag.py
[2026-08-24T14:25:39.278+0000] {processor.py:840} INFO - DAG(s) 'example_trigger_target_dag' retrieved from /home/airflow/.local/lib/python3.12/site-packages/airflow/example_dags/example_trigger_target_dag.py
[2026-08-24T14:25:39.302+0000] {logging_mixin.py:188} INFO - [2026-08-24T14:25:39.302+0000] {dag.py:3096} INFO - Sync 1 DAGs
[2026-08-24T14:25:39.319+0000] {logging_mixin.py:188} INFO - [2026-08-24T14:25:39.318+0000] {dag.py:3954} INFO - Setting next_dagrun for example_trigger_target_dag to None, run_after=None
[2026-08-24T14:25:39.343+0000] {processor.py:183} INFO - Processing /home/airflow/.local/lib/python3.12/site-packages/airflow/example_dags/example_trigger_target_dag.py took 0.084 seconds
[2026-08-24T14:26:10.335+0000] {processor.py:161} INFO - Started process (PID=481) to work on /home/airflow/.local/lib/python3.12/site-packages/airflow/example_dags/example_trigger_target_dag.py
[2026-08-24T14:26:10.336+0000] {processor.py:830} INFO - Processing file /home/airflow/.local/lib/python3.12/site-packages/airflow/example_dags/example_trigger_target_dag.py for tasks to queue
[2026-08-24T14:26:10.339+0000] {logging_mixin.py:188} INFO - [2026-08-24T14:26:10.339+0000] {dagbag.py:545} INFO - Filling up the DagBag from /home/airflow/.local/lib/python3.12/site-packages/airflow/example_dags/example_trigger_target_dag.py
[2026-08-24T14:26:10.347+0000] {processor.py:840} INFO - DAG(s) 'example_trigger_target_dag' retrieved from /home/airflow/.local/lib/python3.12/site-packages/airflow/example_dags/example_trigger_target_dag.py
[2026-08-24T14:26:10.370+0000] {logging_mixin.py:188} INFO - [2026-08-24T14:26:10.369+0000] {dag.py:3096} INFO - Sync 1 DAGs
[2026-08-24T14:26:10.385+0000] {logging_mixin.py:188} INFO - [2026-08-24T14:26:10.385+0000] {dag.py:3954} INFO - Setting next_dagrun for example_trigger_target_dag to None, run_after=None
[2026-08-24T14:26:10.409+0000] {processor.py:183} INFO - Processing /home/airflow/.local/lib/python3.12/site-packages/airflow/example_dags/example_trigger_target_dag.py took 0.081 seconds
[2026-08-24T14:26:41.081+0000] {processor.py:161} INFO - Started process (PID=541) to work on /home/airflow/.local/lib/python3.12/site-packages/airflow/example_dags/example_trigger_target_dag.py
[2026-08-24T14:26:41.082+0000] {processor.py:830} INFO - Processing file /home/airflow/.local/lib/python3.12/site-packages/airflow/example_dags/example_trigger_target_dag.py for tasks to queue
[2026-08-24T14:26:41.085+0000] {logging_mixin.py:188} INFO - [2026-08-24T14:26:41.084+0000] {dagbag.py:545} INFO - Filling up the DagBag from /home/airflow/.local/lib/python3.12/site-packages/airflow/example_dags/example_trigger_target_dag.py
[2026-08-24T14:26:41.094+0000] {processor.py:840} INFO - DAG(s) 'example_trigger_target_dag' retrieved from /home/airflow/.local/lib/python3.12/site-packages/airflow/example_dags/example_trigger_target_dag.py
[2026-08-24T14:26:41.125+0000] {logging_mixin.py:188} INFO - [2026-08-24T14:26:41.125+0000] {dag.py:3096} INFO - Sync 1 DAGs
[2026-08-24T14:26:41.143+0000] {logging_mixin.py:188} INFO - [2026-08-24T14:26:41.143+0000] {dag.py:3954} INFO - Setting next_dagrun for example_trigger_target_dag to None, run_after=None
[2026-08-24T14:26:41.168+0000] {processor.py:183} INFO - Processing /home/airflow/.local/lib/python3.12/site-packages/airflow/example_dags/example_trigger_target_dag.py took 0.095 seconds
[2026-08-24T14:27:11.676+0000] {processor.py:161} INFO - Started process (PID=601) to work on /home/airflow/.local/lib/python3.12/site-packages/airflow/example_dags/example_trigger_target_dag.py
[2026-08-24T14:27:11.677+0000] {processor.py:830} INFO - Processing file /home/airflow/.local/lib/python3.12/site-packages/airflow/example_dags/example_trigger_target_dag.py for tasks to queue
[2026-08-24T14:27:11.680+0000] {logging_mixin.py:188} INFO - [2026-08-24T14:27:11.679+0000] {dagbag.py:545} INFO - Filling up the DagBag from /home/airflow/.local/lib/python3.12/site-packages/airflow/example_dags/example_trigger_target_dag.py
[2026-08-24T14:27:11.687+0000] {processor.py:840} INFO - DAG(s) 'example_trigger_target_dag' retrieved from /home/airflow/.local/lib/python3.12/site-packages/airflow/example_dags/example_trigger_target_dag.py
[2026-08-24T14:27:11.712+0000] {logging_mixin.py:188} INFO - [2026-08-24T14:27:11.712+0000] {dag.py:3096} INFO - Sync 1 DAGs
[2026-08-24T14:27:11.731+0000] {logging_mixin.py:188} INFO - [2026-08-24T14:27:11.731+0000] {dag.py:3954} INFO - Setting next_dagrun for example_trigger_target_dag to None, run_after=None
[2026-08-24T14:27:11.754+0000] {processor.py:183} INFO - Processing /home/airflow/.local/lib/python3.12/site-packages/airflow/example_dags/example_trigger_target_dag.py took 0.085 seconds
[2026-08-24T14:27:42.367+0000] {processor.py:161} INFO - Started process (PID=661) to work on /home/airflow/.local/lib/python3.12/site-packages/airflow/example_dags/example_trigger_target_dag.py
[2026-08-24T14:27:42.370+0000] {processor.py:830} INFO - Processing file /home/airflow/.local/lib/python3.12/site-packages/airflow/example_dags/example_trigger_target_dag.py for tasks to queue
[2026-08-24T14:27:42.374+0000] {logging_mixin.py:188} INFO - [2026-08-24T14:27:42.373+0000] {dagbag.py:545} INFO - Filling up the DagBag from /home/airflow/.local/lib/python3.12/site-packages/airflow/example_dags/example_trigger_target_dag.py
[2026-08-24T14:27:42.384+0000] {processor.py:840} INFO - DAG(s) 'example_trigger_target_dag' retrieved from /home/airflow/.local/lib/python3.12/site-packages/airflow/example_dags/example_trigger_target_dag.py
[2026-08-24T14:27:42.424+0000] {logging_mixin.py:188} INFO - [2026-08-24T14:27:42.424+0000] {dag.py:3096} INFO - Sync 1 DAGs
[2026-08-24T14:27:42.448+0000] {logging_mixin.py:188} INFO - [2026-08-24T14:27:42.448+0000] {dag.py:3954} INFO - Setting next_dagrun for example_trigger_target_dag to None, run_after=None
[2026-08-24T14:27:42.487+0000] {processor.py:183} INFO - Processing /home/airflow/.local/lib/python3.12/site-packages/airflow/example_dags/example_trigger_target_dag.py took 0.132 seconds
[2026-08-24T14:28:13.102+0000] {processor.py:161} INFO - Started process (PID=720) to work on /home/airflow/.local/lib/python3.12/site-packages/airflow/example_dags/example_trigger_target_dag.py
[2026-08-24T14:28:13.103+0000] {processor.py:830} INFO - Processing file /home/airflow/.local/lib/python3.12/site-packages/airflow/example_dags/example_trigger_target_dag.py for tasks to queue
[2026-08-24T14:28:13.106+0000] {logging_mixin.py:188} INFO - [2026-08-24T14:28:13.105+0000] {dagbag.py:545} INFO - Filling up the DagBag from /home/airflow/.local/lib/python3.12/site-packages/airflow/example_dags/example_trigger_target_dag.py
[2026-08-24T14:28:13.113+0000] {processor.py:840} INFO - DAG(s) 'example_trigger_target_dag' retrieved from /home/airflow/.local/lib/python3.12/site-packages/airflow/example_dags/example_trigger_target_dag.py
[2026-08-24T14:28:13.137+0000] {logging_mixin.py:188} INFO - [2026-08-24T14:28:13.137+0000] {dag.py:3096} INFO - Sync 1 DAGs
[2026-08-24T14:28:13.157+0000] {logging_mixin.py:188} INFO - [2026-08-24T14:28:13.157+0000] {dag.py:3954} INFO - Setting next_dagrun for example_trigger_target_dag to None, run_after=None
[2026-08-24T14:28:13.180+0000] {processor.py:183} INFO - Processing /home/airflow/.local/lib/python3.12/site-packages/airflow/example_dags/example_trigger_target_dag.py took 0.086 seconds
[2026-08-24T14:28:43.431+0000] {processor.py:161} INFO - Started process (PID=779) to work on /home/airflow/.local/lib/python3.12/site-packages/airflow/example_dags/example_trigger_target_dag.py
[2026-08-24T14:28:43.433+0000] {processor.py:830} INFO - Processing file /home/airflow/.local/lib/python3.12/site-packages/airflow/example_dags/example_trigger_target_dag.py for tasks to queue
[2026-08-24T14:28:43.436+0000] {logging_mixin.py:188} INFO - [2026-08-24T14:28:43.436+0000] {dagbag.py:545} INFO - Filling up the DagBag from /home/airflow/.local/lib/python3.12/site-packages/airflow/example_dags/example_trigger_target_dag.py
[2026-08-24T14:28:43.445+0000] {processor.py:840} INFO - DAG(s) 'example_trigger_target_dag' retrieved from /home/airflow/.local/lib/python3.12/site-packages/airflow/example_dags/example_trigger_target_dag.py
[2026-08-24T14:28:43.472+0000] {logging_mixin.py:188} INFO - [2026-08-24T14:28:43.472+0000] {dag.py:3096} INFO - Sync 1 DAGs
[2026-08-24T14:28:43.487+0000] {logging_mixin.py:188} INFO - [2026-08-24T14:28:43.487+0000] {dag.py:3954} INFO - Setting next_dagrun for example_trigger_target_dag to None, run_after=None
[2026-08-24T14:28:43.514+0000] {processor.py:183} INFO - Processing /home/airflow/.local/lib/python3.12/site-packages/airflow/example_dags/example_trigger_target_dag.py took 0.090 seconds
[2026-08-24T14:29:13.938+0000] {processor.py:161} INFO - Started process (PID=839) to work on /home/airflow/.local/lib/python3.12/site-packages/airflow/example_dags/example_trigger_target_dag.py
[2026-08-24T14:29:13.940+0000] {processor.py:830} INFO - Processing file /home/airflow/.local/lib/python3.12/site-packages/airflow/example_dags/example_trigger_target_dag.py for tasks to queue
[2026-08-24T14:29:13.944+0000] {logging_mixin.py:188} INFO - [2026-08-24T14:29:13.943+0000] {dagbag.py:545} INFO - Filling up the DagBag from /home/airflow/.local/lib/python3.12/site-packages/airflow/example_dags/example_trigger_target_dag.py
[2026-08-24T14:29:13.953+0000] {processor.py:840} INFO - DAG(s) 'example_trigger_target_dag' retrieved from /home/airflow/.local/lib/python3.12/site-packages/airflow/example_dags/example_trigger_target_dag.py
[2026-08-24T14:29:13.984+0000] {logging_mixin.py:188} INFO - [2026-08-24T14:29:13.984+0000] {dag.py:3096} INFO - Sync 1 DAGs
[2026-08-24T14:29:14.010+0000] {logging_mixin.py:188} INFO - [2026-08-24T14:29:14.010+0000] {dag.py:3954} INFO - Setting next_dagrun for example_trigger_target_dag to None, run_after=None
[2026-08-24T14:29:14.041+0000] {processor.py:183} INFO - Processing /home/airflow/.local/lib/python3.12/site-packages/airflow/example_dags/example_trigger_target_dag.py took 0.112 seconds
[2026-08-24T14:29:44.526+0000] {processor.py:161} INFO - Started process (PID=900) to work on /home/airflow/.local/lib/python3.12/site-packages/airflow/example_dags/example_trigger_target_dag.py
[2026-08-24T14:29:44.528+0000] {processor.py:830} INFO - Processing file /home/airflow/.local/lib/python3.12/site-packages/airflow/example_dags/example_trigger_target_dag.py for tasks to queue
[2026-08-24T14:29:44.531+0000] {logging_mixin.py:188} INFO - [2026-08-24T14:29:44.530+0000] {dagbag.py:545} INFO - Filling up the DagBag from /home/airflow/.local/lib/python3.12/site-packages/airflow/example_dags/example_trigger_target_dag.py
[2026-08-24T14:29:44.543+0000] {processor.py:840} INFO - DAG(s) 'example_trigger_target_dag' retrieved from /home/airflow/.local/lib/python3.12/site-packages/airflow/example_dags/example_trigger_target_dag.py
[2026-08-24T14:29:44.573+0000] {logging_mixin.py:188} INFO - [2026-08-24T14:29:44.573+0000] {dag.py:3096} INFO - Sync 1 DAGs
[2026-08-24T14:29:44.590+0000] {logging_mixin.py:188} INFO - [2026-08-24T14:29:44.590+0000] {dag.py:3954} INFO - Setting next_dagrun for example_trigger_target_dag to None, run_after=None
[2026-08-24T14:29:44.652+0000] {processor.py:183} INFO - Processing /home/airflow/.local/lib/python3.12/site-packages/airflow/example_dags/example_trigger_target_dag.py took 0.133 seconds
[2026-08-24T14:30:15.004+0000] {processor.py:161} INFO - Started process (PID=960) to work on /home/airflow/.local/lib/python3.12/site-packages/airflow/example_dags/example_trigger_target_dag.py
[2026-08-24T14:30:15.005+0000] {processor.py:830} INFO - Processing file /home/airflow/.local/lib/python3.12/site-packages/airflow/example_dags/example_trigger_target_dag.py for tasks to queue
[2026-08-24T14:30:15.007+0000] {logging_mixin.py:188} INFO - [2026-08-24T14:30:15.007+0000] {dagbag.py:545} INFO - Filling up the DagBag from /home/airflow/.local/lib/python3.12/site-packages/airflow/example_dags/example_trigger_target_dag.py
[2026-08-24T14:30:15.015+0000] {processor.py:840} INFO - DAG(s) 'example_trigger_target_dag' retrieved from /home/airflow/.local/lib/python3.12/site-packages/airflow/example_dags/example_trigger_target_dag.py
[2026-08-24T14:30:15.040+0000] {logging_mixin.py:188} INFO - [2026-08-24T14:30:15.040+0000] {dag.py:3096} INFO - Sync 1 DAGs
[2026-08-24T14:30:15.056+0000] {logging_mixin.py:188} INFO - [2026-08-24T14:30:15.056+0000] {dag.py:3954} INFO - Setting next_dagrun for example_trigger_target_dag to None, run_after=None
[2026-08-24T14:30:15.083+0000] {processor.py:183} INFO - Processing /home/airflow/.local/lib/python3.12/site-packages/airflow/example_dags/example_trigger_target_dag.py took 0.088 seconds
[2026-08-24T14:30:45.523+0000] {processor.py:161} INFO - Started process (PID=1021) to work on /home/airflow/.local/lib/python3.12/site-packages/airflow/example_dags/example_trigger_target_dag.py
[2026-08-24T14:30:45.524+0000] {processor.py:830} INFO - Processing file /home/airflow/.local/lib/python3.12/site-packages/airflow/example_dags/example_trigger_target_dag.py for tasks to queue
[2026-08-24T14:30:45.528+0000] {logging_mixin.py:188} INFO - [2026-08-24T14:30:45.527+0000] {dagbag.py:545} INFO - Filling up the DagBag from /home/airflow/.local/lib/python3.12/site-packages/airflow/example_dags/example_trigger_target_dag.py
[2026-08-24T14:30:45.536+0000] {processor.py:840} INFO - DAG(s) 'example_trigger_target_dag' retrieved from /home/airflow/.local/lib/python3.12/site-packages/airflow/example_dags/example_trigger_target_dag.py
[2026-08-24T14:30:45.562+0000] {logging_mixin.py:188} INFO - [2026-08-24T14:30:45.561+0000] {dag.py:3096} INFO - Sync 1 DAGs
[2026-08-24T14:30:45.579+0000] {logging_mixin.py:188} INFO - [2026-08-24T14:30:45.579+0000] {dag.py:3954} INFO - Setting next_dagrun for example_trigger_target_dag to None, run_after=None
[2026-08-24T14:30:45.607+0000] {processor.py:183} INFO - Processing /home/airflow/.local/lib/python3.12/site-packages/airflow/example_dags/example_trigger_target_dag.py took 0.092 seconds
[2026-08-24T14:35:29.794+0000] {processor.py:161} INFO - Started process (PID=144) to work on /home/airflow/.local/lib/python3.12/site-packages/airflow/example_dags/example_trigger_target_dag.py
[2026-08-24T14:35:29.796+0000] {processor.py:830} INFO - Processing file /home/airflow/.local/lib/python3.12/site-packages/airflow/example_dags/example_trigger_target_dag.py for tasks to queue
[2026-08-24T14:35:29.798+0000] {logging_mixin.py:188} INFO - [2026-08-24T14:35:29.798+0000] {dagbag.py:545} INFO - Filling up the DagBag from /home/airflow/.local/lib/python3.12/site-packages/airflow/example_dags/example_trigger_target_dag.py
[2026-08-24T14:35:29.808+0000] {processor.py:840} INFO - DAG(s) 'example_trigger_target_dag' retrieved from /home/airflow/.local/lib/python3.12/site-packages/airflow/example_dags/example_trigger_target_dag.py
[2026-08-24T14:35:29.959+0000] {logging_mixin.py:188} INFO - [2026-08-24T14:35:29.959+0000] {dag.py:3096} INFO - Sync 1 DAGs
[2026-08-24T14:35:29.974+0000] {logging_mixin.py:188} INFO - [2026-08-24T14:35:29.973+0000] {dag.py:3954} INFO - Setting next_dagrun for example_trigger_target_dag to None, run_after=None
[2026-08-24T14:35:30.007+0000] {processor.py:183} INFO - Processing /home/airflow/.local/lib/python3.12/site-packages/airflow/example_dags/example_trigger_target_dag.py took 0.222 seconds
[2026-08-24T14:36:00.105+0000] {processor.py:161} INFO - Started process (PID=204) to work on /home/airflow/.local/lib/python3.12/site-packages/airflow/example_dags/example_trigger_target_dag.py
[2026-08-24T14:36:00.106+0000] {processor.py:830} INFO - Processing file /home/airflow/.local/lib/python3.12/site-packages/airflow/example_dags/example_trigger_target_dag.py for tasks to queue
[2026-08-24T14:36:00.109+0000] {logging_mixin.py:188} INFO - [2026-08-24T14:36:00.108+0000] {dagbag.py:545} INFO - Filling up the DagBag from /home/airflow/.local/lib/python3.12/site-packages/airflow/example_dags/example_trigger_target_dag.py
[2026-08-24T14:36:00.116+0000] {processor.py:840} INFO - DAG(s) 'example_trigger_target_dag' retrieved from /home/airflow/.local/lib/python3.12/site-packages/airflow/example_dags/example_trigger_target_dag.py
[2026-08-24T14:36:00.140+0000] {logging_mixin.py:188} INFO - [2026-08-24T14:36:00.140+0000] {dag.py:3096} INFO - Sync 1 DAGs
[2026-08-24T14:36:00.156+0000] {logging_mixin.py:188} INFO - [2026-08-24T14:36:00.156+0000] {dag.py:3954} INFO - Setting next_dagrun for example_trigger_target_dag to None, run_after=None
[2026-08-24T14:36:00.180+0000] {processor.py:183} INFO - Processing /home/airflow/.local/lib/python3.12/site-packages/airflow/example_dags/example_trigger_target_dag.py took 0.082 seconds
[2026-08-24T14:36:30.850+0000] {processor.py:161} INFO - Started process (PID=265) to work on /home/airflow/.local/lib/python3.12/site-packages/airflow/example_dags/example_trigger_target_dag.py
[2026-08-24T14:36:30.851+0000] {processor.py:830} INFO - Processing file /home/airflow/.local/lib/python3.12/site-packages/airflow/example_dags/example_trigger_target_dag.py for tasks to queue
[2026-08-24T14:36:30.854+0000] {logging_mixin.py:188} INFO - [2026-08-24T14:36:30.853+0000] {dagbag.py:545} INFO - Filling up the DagBag from /home/airflow/.local/lib/python3.12/site-packages/airflow/example_dags/example_trigger_target_dag.py
[2026-08-24T14:36:30.861+0000] {processor.py:840} INFO - DAG(s) 'example_trigger_target_dag' retrieved from /home/airflow/.local/lib/python3.12/site-packages/airflow/example_dags/example_trigger_target_dag.py
[2026-08-24T14:36:30.884+0000] {logging_mixin.py:188} INFO - [2026-08-24T14:36:30.884+0000] {dag.py:3096} INFO - Sync 1 DAGs
[2026-08-24T14:36:30.900+0000] {logging_mixin.py:188} INFO - [2026-08-24T14:36:30.900+0000] {dag.py:3954} INFO - Setting next_dagrun for example_trigger_target_dag to None, run_after=None
[2026-08-24T14:36:30.924+0000] {processor.py:183} INFO - Processing /home/airflow/.local/lib/python3.12/site-packages/airflow/example_dags/example_trigger_target_dag.py took 0.082 seconds
[2026-08-24T14:37:01.309+0000] {processor.py:161} INFO - Started process (PID=325) to work on /home/airflow/.local/lib/python3.12/site-packages/airflow/example_dags/example_trigger_target_dag.py
[2026-08-24T14:37:01.310+0000] {processor.py:830} INFO - Processing file /home/airflow/.local/lib/python3.12/site-packages/airflow/example_dags/example_trigger_target_dag.py for tasks to queue
[2026-08-24T14:37:01.313+0000] {logging_mixin.py:188} INFO - [2026-08-24T14:37:01.312+0000] {dagbag.py:545} INFO - Filling up the DagBag from /home/airflow/.local/lib/python3.12/site-packages/airflow/example_dags/example_trigger_target_dag.py
[2026-08-24T14:37:01.321+0000] {processor.py:840} INFO - DAG(s) 'example_trigger_target_dag' retrieved from /home/airflow/.local/lib/python3.12/site-packages/airflow/example_dags/example_trigger_target_dag.py
[2026-08-24T14:37:01.347+0000] {logging_mixin.py:188} INFO - [2026-08-24T14:37:01.347+0000] {dag.py:3096} INFO - Sync 1 DAGs
[2026-08-24T14:37:01.364+0000] {logging_mixin.py:188} INFO - [2026-08-24T14:37:01.364+0000] {dag.py:3954} INFO - Setting next_dagrun for example_trigger_target_dag to None, run_after=None
[2026-08-24T14:37:01.392+0000] {processor.py:183} INFO - Processing /home/airflow/.local/lib/python3.12/site-packages/airflow/example_dags/example_trigger_target_dag.py took 0.092 seconds
[2026-08-24T14:37:32.397+0000] {processor.py:161} INFO - Started process (PID=385) to work on /home/airflow/.local/lib/python3.12/site-packages/airflow/example_dags/example_trigger_target_dag.py
[2026-08-24T14:37:32.399+0000] {processor.py:830} INFO - Processing file /home/airflow/.local/lib/python3.12/site-packages/airflow/example_dags/example_trigger_target_dag.py for tasks to queue
[2026-08-24T14:37:32.402+0000] {logging_mixin.py:188} INFO - [2026-08-24T14:37:32.401+0000] {dagbag.py:545} INFO - Filling up the DagBag from /home/airflow/.local/lib/python3.12/site-packages/airflow/example_dags/example_trigger_target_dag.py
[2026-08-24T14:37:32.412+0000] {processor.py:840} INFO - DAG(s) 'example_trigger_target_dag' retrieved from /home/airflow/.local/lib/python3.12/site-packages/airflow/example_dags/example_trigger_target_dag.py
[2026-08-24T14:37:32.441+0000] {logging_mixin.py:188} INFO - [2026-08-24T14:37:32.441+0000] {dag.py:3096} INFO - Sync 1 DAGs
[2026-08-24T14:37:32.461+0000] {logging_mixin.py:188} INFO - [2026-08-24T14:37:32.460+0000] {dag.py:3954} INFO - Setting next_dagrun for example_trigger_target_dag to None, run_after=None
[2026-08-24T14:37:32.487+0000] {processor.py:183} INFO - Processing /home/airflow/.local/lib/python3.12/site-packages/airflow/example_dags/example_trigger_target_dag.py took 0.099 seconds
[2026-08-24T14:38:02.815+0000] {processor.py:161} INFO - Started process (PID=446) to work on /home/airflow/.local/lib/python3.12/site-packages/airflow/example_dags/example_trigger_target_dag.py
[2026-08-24T14:38:02.817+0000] {processor.py:830} INFO - Processing file /home/airflow/.local/lib/python3.12/site-packages/airflow/example_dags/example_trigger_target_dag.py for tasks to queue
[2026-08-24T14:38:02.820+0000] {logging_mixin.py:188} INFO - [2026-08-24T14:38:02.820+0000] {dagbag.py:545} INFO - Filling up the DagBag from /home/airflow/.local/lib/python3.12/site-packages/airflow/example_dags/example_trigger_target_dag.py
[2026-08-24T14:38:02.828+0000] {processor.py:840} INFO - DAG(s) 'example_trigger_target_dag' retrieved from /home/airflow/.local/lib/python3.12/site-packages/airflow/example_dags/example_trigger_target_dag.py
[2026-08-24T14:38:02.853+0000] {logging_mixin.py:188} INFO - [2026-08-24T14:38:02.853+0000] {dag.py:3096} INFO - Sync 1 DAGs
[2026-08-24T14:38:02.875+0000] {logging_mixin.py:188} INFO - [2026-08-24T14:38:02.875+0000] {dag.py:3954} INFO - Setting next_dagrun for example_trigger_target_dag to None, run_after=None
[2026-08-24T14:38:02.903+0000] {processor.py:183} INFO - Processing /home/airflow/.local/lib/python3.12/site-packages/airflow/example_dags/example_trigger_target_dag.py took 0.095 seconds
[2026-08-24T14:38:33.807+0000] {processor.py:161} INFO - Started process (PID=506) to work on /home/airflow/.local/lib/python3.12/site-packages/airflow/example_dags/example_trigger_target_dag.py
[2026-08-24T14:38:33.809+0000] {processor.py:830} INFO - Processing file /home/airflow/.local/lib/python3.12/site-packages/airflow/example_dags/example_trigger_target_dag.py for tasks to queue
[2026-08-24T14:38:33.812+0000] {logging_mixin.py:188} INFO - [2026-08-24T14:38:33.811+0000] {dagbag.py:545} INFO - Filling up the DagBag from /home/airflow/.local/lib/python3.12/site-packages/airflow/example_dags/example_trigger_target_dag.py
[2026-08-24T14:38:33.822+0000] {processor.py:840} INFO - DAG(s) 'example_trigger_target_dag' retrieved from /home/airflow/.local/lib/python3.12/site-packages/airflow/example_dags/example_trigger_target_dag.py
[2026-08-24T14:38:33.850+0000] {logging_mixin.py:188} INFO - [2026-08-24T14:38:33.850+0000] {dag.py:3096} INFO - Sync 1 DAGs
[2026-08-24T14:38:33.868+0000] {logging_mixin.py:188} INFO - [2026-08-24T14:38:33.868+0000] {dag.py:3954} INFO - Setting next_dagrun for example_trigger_target_dag to None, run_after=None
[2026-08-24T14:38:33.895+0000] {processor.py:183} INFO - Processing /home/airflow/.local/lib/python3.12/site-packages/airflow/example_dags/example_trigger_target_dag.py took 0.096 seconds
[2026-08-24T14:39:04.587+0000] {processor.py:161} INFO - Started process (PID=566) to work on /home/airflow/.local/lib/python3.12/site-packages/airflow/example_dags/example_trigger_target_dag.py
[2026-08-24T14:39:04.589+0000] {processor.py:830} INFO - Processing file /home/airflow/.local/lib/python3.12/site-packages/airflow/example_dags/example_trigger_target_dag.py for tasks to queue
[2026-08-24T14:39:04.592+0000] {logging_mixin.py:188} INFO - [2026-08-24T14:39:04.591+0000] {dagbag.py:545} INFO - Filling up the DagBag from /home/airflow/.local/lib/python3.12/site-packages/airflow/example_dags/example_trigger_target_dag.py
[2026-08-24T14:39:04.599+0000] {processor.py:840} INFO - DAG(s) 'example_trigger_target_dag' retrieved from /home/airflow/.local/lib/python3.12/site-packages/airflow/example_dags/example_trigger_target_dag.py
[2026-08-24T14:39:04.624+0000] {logging_mixin.py:188} INFO - [2026-08-24T14:39:04.623+0000] {dag.py:3096} INFO - Sync 1 DAGs
[2026-08-24T14:39:04.640+0000] {logging_mixin.py:188} INFO - [2026-08-24T14:39:04.640+0000] {dag.py:3954} INFO - Setting next_dagrun for example_trigger_target_dag to None, run_after=None
[2026-08-24T14:39:04.663+0000] {processor.py:183} INFO - Processing /home/airflow/.local/lib/python3.12/site-packages/airflow/example_dags/example_trigger_target_dag.py took 0.086 seconds
[2026-08-24T14:41:22.522+0000] {processor.py:161} INFO - Started process (PID=143) to work on /home/airflow/.local/lib/python3.12/site-packages/airflow/example_dags/example_trigger_target_dag.py
[2026-08-24T14:41:22.523+0000] {processor.py:830} INFO - Processing file /home/airflow/.local/lib/python3.12/site-packages/airflow/example_dags/example_trigger_target_dag.py for tasks to queue
[2026-08-24T14:41:22.525+0000] {logging_mixin.py:188} INFO - [2026-08-24T14:41:22.525+0000] {dagbag.py:545} INFO - Filling up the DagBag from /home/airflow/.local/lib/python3.12/site-packages/airflow/example_dags/example_trigger_target_dag.py
[2026-08-24T14:41:22.610+0000] {processor.py:840} INFO - DAG(s) 'example_trigger_target_dag' retrieved from /home/airflow/.local/lib/python3.12/site-packages/airflow/example_dags/example_trigger_target_dag.py
[2026-08-24T14:41:22.800+0000] {logging_mixin.py:188} INFO - [2026-08-24T14:41:22.800+0000] {dag.py:3096} INFO - Sync 1 DAGs
[2026-08-24T14:41:22.814+0000] {logging_mixin.py:188} INFO - [2026-08-24T14:41:22.814+0000] {dag.py:3954} INFO - Setting next_dagrun for example_trigger_target_dag to None, run_after=None
[2026-08-24T14:41:22.839+0000] {processor.py:183} INFO - Processing /home/airflow/.local/lib/python3.12/site-packages/airflow/example_dags/example_trigger_target_dag.py took 0.325 seconds
[2026-08-24T14:41:53.317+0000] {processor.py:161} INFO - Started process (PID=203) to work on /home/airflow/.local/lib/python3.12/site-packages/airflow/example_dags/example_trigger_target_dag.py
[2026-08-24T14:41:53.318+0000] {processor.py:830} INFO - Processing file /home/airflow/.local/lib/python3.12/site-packages/airflow/example_dags/example_trigger_target_dag.py for tasks to queue
[2026-08-24T14:41:53.321+0000] {logging_mixin.py:188} INFO - [2026-08-24T14:41:53.320+0000] {dagbag.py:545} INFO - Filling up the DagBag from /home/airflow/.local/lib/python3.12/site-packages/airflow/example_dags/example_trigger_target_dag.py
[2026-08-24T14:41:53.328+0000] {processor.py:840} INFO - DAG(s) 'example_trigger_target_dag' retrieved from /home/airflow/.local/lib/python3.12/site-packages/airflow/example_dags/example_trigger_target_dag.py
[2026-08-24T14:41:53.352+0000] {logging_mixin.py:188} INFO - [2026-08-24T14:41:53.352+0000] {dag.py:3096} INFO - Sync 1 DAGs
[2026-08-24T14:41:53.370+0000] {logging_mixin.py:188} INFO - [2026-08-24T14:41:53.370+0000] {dag.py:3954} INFO - Setting next_dagrun for example_trigger_target_dag to None, run_after=None
[2026-08-24T14:41:53.394+0000] {processor.py:183} INFO - Processing /home/airflow/.local/lib/python3.12/site-packages/airflow/example_dags/example_trigger_target_dag.py took 0.085 seconds
[2026-08-24T14:42:24.378+0000] {processor.py:161} INFO - Started process (PID=263) to work on /home/airflow/.local/lib/python3.12/site-packages/airflow/example_dags/example_trigger_target_dag.py
[2026-08-24T14:42:24.380+0000] {processor.py:830} INFO - Processing file /home/airflow/.local/lib/python3.12/site-packages/airflow/example_dags/example_trigger_target_dag.py for tasks to queue
[2026-08-24T14:42:24.383+0000] {logging_mixin.py:188} INFO - [2026-08-24T14:42:24.382+0000] {dagbag.py:545} INFO - Filling up the DagBag from /home/airflow/.local/lib/python3.12/site-packages/airflow/example_dags/example_trigger_target_dag.py
[2026-08-24T14:42:24.393+0000] {processor.py:840} INFO - DAG(s) 'example_trigger_target_dag' retrieved from /home/airflow/.local/lib/python3.12/site-packages/airflow/example_dags/example_trigger_target_dag.py
[2026-08-24T14:42:24.432+0000] {logging_mixin.py:188} INFO - [2026-08-24T14:42:24.432+0000] {dag.py:3096} INFO - Sync 1 DAGs
[2026-08-24T14:42:24.454+0000] {logging_mixin.py:188} INFO - [2026-08-24T14:42:24.454+0000] {dag.py:3954} INFO - Setting next_dagrun for example_trigger_target_dag to None, run_after=None
[2026-08-24T14:42:24.488+0000] {processor.py:183} INFO - Processing /home/airflow/.local/lib/python3.12/site-packages/airflow/example_dags/example_trigger_target_dag.py took 0.122 seconds
[2026-08-24T14:42:54.911+0000] {processor.py:161} INFO - Started process (PID=323) to work on /home/airflow/.local/lib/python3.12/site-packages/airflow/example_dags/example_trigger_target_dag.py
[2026-08-24T14:42:54.912+0000] {processor.py:830} INFO - Processing file /home/airflow/.local/lib/python3.12/site-packages/airflow/example_dags/example_trigger_target_dag.py for tasks to queue
[2026-08-24T14:42:54.914+0000] {logging_mixin.py:188} INFO - [2026-08-24T14:42:54.914+0000] {dagbag.py:545} INFO - Filling up the DagBag from /home/airflow/.local/lib/python3.12/site-packages/airflow/example_dags/example_trigger_target_dag.py
[2026-08-24T14:42:54.924+0000] {processor.py:840} INFO - DAG(s) 'example_trigger_target_dag' retrieved from /home/airflow/.local/lib/python3.12/site-packages/airflow/example_dags/example_trigger_target_dag.py
[2026-08-24T14:42:54.947+0000] {logging_mixin.py:188} INFO - [2026-08-24T14:42:54.947+0000] {dag.py:3096} INFO - Sync 1 DAGs
[2026-08-24T14:42:54.964+0000] {logging_mixin.py:188} INFO - [2026-08-24T14:42:54.964+0000] {dag.py:3954} INFO - Setting next_dagrun for example_trigger_target_dag to None, run_after=None
[2026-08-24T14:42:54.987+0000] {processor.py:183} INFO - Processing /home/airflow/.local/lib/python3.12/site-packages/airflow/example_dags/example_trigger_target_dag.py took 0.084 seconds
[2026-08-24T14:43:25.782+0000] {processor.py:161} INFO - Started process (PID=383) to work on /home/airflow/.local/lib/python3.12/site-packages/airflow/example_dags/example_trigger_target_dag.py
[2026-08-24T14:43:25.783+0000] {processor.py:830} INFO - Processing file /home/airflow/.local/lib/python3.12/site-packages/airflow/example_dags/example_trigger_target_dag.py for tasks to queue
[2026-08-24T14:43:25.789+0000] {logging_mixin.py:188} INFO - [2026-08-24T14:43:25.788+0000] {dagbag.py:545} INFO - Filling up the DagBag from /home/airflow/.local/lib/python3.12/site-packages/airflow/example_dags/example_trigger_target_dag.py
[2026-08-24T14:43:25.796+0000] {processor.py:840} INFO - DAG(s) 'example_trigger_target_dag' retrieved from /home/airflow/.local/lib/python3.12/site-packages/airflow/example_dags/example_trigger_target_dag.py
[2026-08-24T14:43:25.821+0000] {logging_mixin.py:188} INFO - [2026-08-24T14:43:25.821+0000] {dag.py:3096} INFO - Sync 1 DAGs
[2026-08-24T14:43:25.842+0000] {logging_mixin.py:188} INFO - [2026-08-24T14:43:25.842+0000] {dag.py:3954} INFO - Setting next_dagrun for example_trigger_target_dag to None, run_after=None
[2026-08-24T14:43:25.870+0000] {processor.py:183} INFO - Processing /home/airflow/.local/lib/python3.12/site-packages/airflow/example_dags/example_trigger_target_dag.py took 0.098 seconds
[2026-08-24T14:43:56.340+0000] {processor.py:161} INFO - Started process (PID=443) to work on /home/airflow/.local/lib/python3.12/site-packages/airflow/example_dags/example_trigger_target_dag.py
[2026-08-24T14:43:56.341+0000] {processor.py:830} INFO - Processing file /home/airflow/.local/lib/python3.12/site-packages/airflow/example_dags/example_trigger_target_dag.py for tasks to queue
[2026-08-24T14:43:56.344+0000] {logging_mixin.py:188} INFO - [2026-08-24T14:43:56.343+0000] {dagbag.py:545} INFO - Filling up the DagBag from /home/airflow/.local/lib/python3.12/site-packages/airflow/example_dags/example_trigger_target_dag.py
[2026-08-24T14:43:56.352+0000] {processor.py:840} INFO - DAG(s) 'example_trigger_target_dag' retrieved from /home/airflow/.local/lib/python3.12/site-packages/airflow/example_dags/example_trigger_target_dag.py
[2026-08-24T14:43:56.376+0000] {logging_mixin.py:188} INFO - [2026-08-24T14:43:56.376+0000] {dag.py:3096} INFO - Sync 1 DAGs
[2026-08-24T14:43:56.393+0000] {logging_mixin.py:188} INFO - [2026-08-24T14:43:56.392+0000] {dag.py:3954} INFO - Setting next_dagrun for example_trigger_target_dag to None, run_after=None
[2026-08-24T14:43:56.416+0000] {processor.py:183} INFO - Processing /home/airflow/.local/lib/python3.12/site-packages/airflow/example_dags/example_trigger_target_dag.py took 0.084 seconds
[2026-08-24T14:44:26.796+0000] {processor.py:161} INFO - Started process (PID=503) to work on /home/airflow/.local/lib/python3.12/site-packages/airflow/example_dags/example_trigger_target_dag.py
[2026-08-24T14:44:26.797+0000] {processor.py:830} INFO - Processing file /home/airflow/.local/lib/python3.12/site-packages/airflow/example_dags/example_trigger_target_dag.py for tasks to queue
[2026-08-24T14:44:26.799+0000] {logging_mixin.py:188} INFO - [2026-08-24T14:44:26.799+0000] {dagbag.py:545} INFO - Filling up the DagBag from /home/airflow/.local/lib/python3.12/site-packages/airflow/example_dags/example_trigger_target_dag.py
[2026-08-24T14:44:26.807+0000] {processor.py:840} INFO - DAG(s) 'example_trigger_target_dag' retrieved from /home/airflow/.local/lib/python3.12/site-packages/airflow/example_dags/example_trigger_target_dag.py
[2026-08-24T14:44:26.830+0000] {logging_mixin.py:188} INFO - [2026-08-24T14:44:26.830+0000] {dag.py:3096} INFO - Sync 1 DAGs
[2026-08-24T14:44:26.846+0000] {logging_mixin.py:188} INFO - [2026-08-24T14:44:26.846+0000] {dag.py:3954} INFO - Setting next_dagrun for example_trigger_target_dag to None, run_after=None
[2026-08-24T14:44:26.868+0000] {processor.py:183} INFO - Processing /home/airflow/.local/lib/python3.12/site-packages/airflow/example_dags/example_trigger_target_dag.py took 0.080 seconds
[2026-08-24T14:49:25.811+0000] {processor.py:161} INFO - Started process (PID=142) to work on /home/airflow/.local/lib/python3.12/site-packages/airflow/example_dags/example_trigger_target_dag.py
[2026-08-24T14:49:25.813+0000] {processor.py:830} INFO - Processing file /home/airflow/.local/lib/python3.12/site-packages/airflow/example_dags/example_trigger_target_dag.py for tasks to queue
[2026-08-24T14:49:25.815+0000] {logging_mixin.py:188} INFO - [2026-08-24T14:49:25.815+0000] {dagbag.py:545} INFO - Filling up the DagBag from /home/airflow/.local/lib/python3.12/site-packages/airflow/example_dags/example_trigger_target_dag.py
[2026-08-24T14:49:25.827+0000] {processor.py:840} INFO - DAG(s) 'example_trigger_target_dag' retrieved from /home/airflow/.local/lib/python3.12/site-packages/airflow/example_dags/example_trigger_target_dag.py
[2026-08-24T14:49:25.982+0000] {logging_mixin.py:188} INFO - [2026-08-24T14:49:25.981+0000] {dag.py:3096} INFO - Sync 1 DAGs
[2026-08-24T14:49:25.998+0000] {logging_mixin.py:188} INFO - [2026-08-24T14:49:25.997+0000] {dag.py:3954} INFO - Setting next_dagrun for example_trigger_target_dag to None, run_after=None
[2026-08-24T14:49:26.026+0000] {processor.py:183} INFO - Processing /home/airflow/.local/lib/python3.12/site-packages/airflow/example_dags/example_trigger_target_dag.py took 0.228 seconds
[2026-08-24T14:50:18.773+0000] {processor.py:161} INFO - Started process (PID=122) to work on /home/airflow/.local/lib/python3.12/site-packages/airflow/example_dags/example_trigger_target_dag.py
[2026-08-24T14:50:18.775+0000] {processor.py:830} INFO - Processing file /home/airflow/.local/lib/python3.12/site-packages/airflow/example_dags/example_trigger_target_dag.py for tasks to queue
[2026-08-24T14:50:18.779+0000] {logging_mixin.py:188} INFO - [2026-08-24T14:50:18.778+0000] {dagbag.py:545} INFO - Filling up the DagBag from /home/airflow/.local/lib/python3.12/site-packages/airflow/example_dags/example_trigger_target_dag.py
[2026-08-24T14:50:18.790+0000] {processor.py:840} INFO - DAG(s) 'example_trigger_target_dag' retrieved from /home/airflow/.local/lib/python3.12/site-packages/airflow/example_dags/example_trigger_target_dag.py
[2026-08-24T14:50:18.820+0000] {logging_mixin.py:188} INFO - [2026-08-24T14:50:18.820+0000] {dag.py:3096} INFO - Sync 1 DAGs
[2026-08-24T14:50:18.841+0000] {logging_mixin.py:188} INFO - [2026-08-24T14:50:18.840+0000] {dag.py:3954} INFO - Setting next_dagrun for example_trigger_target_dag to None, run_after=None
[2026-08-24T14:50:18.867+0000] {processor.py:183} INFO - Processing /home/airflow/.local/lib/python3.12/site-packages/airflow/example_dags/example_trigger_target_dag.py took 0.107 seconds
[2026-08-24T14:50:49.486+0000] {processor.py:161} INFO - Started process (PID=182) to work on /home/airflow/.local/lib/python3.12/site-packages/airflow/example_dags/example_trigger_target_dag.py
[2026-08-24T14:50:49.488+0000] {processor.py:830} INFO - Processing file /home/airflow/.local/lib/python3.12/site-packages/airflow/example_dags/example_trigger_target_dag.py for tasks to queue
[2026-08-24T14:50:49.490+0000] {logging_mixin.py:188} INFO - [2026-08-24T14:50:49.490+0000] {dagbag.py:545} INFO - Filling up the DagBag from /home/airflow/.local/lib/python3.12/site-packages/airflow/example_dags/example_trigger_target_dag.py
[2026-08-24T14:50:49.499+0000] {processor.py:840} INFO - DAG(s) 'example_trigger_target_dag' retrieved from /home/airflow/.local/lib/python3.12/site-packages/airflow/example_dags/example_trigger_target_dag.py
[2026-08-24T14:50:49.643+0000] {logging_mixin.py:188} INFO - [2026-08-24T14:50:49.643+0000] {dag.py:3096} INFO - Sync 1 DAGs
[2026-08-24T14:50:49.661+0000] {logging_mixin.py:188} INFO - [2026-08-24T14:50:49.661+0000] {dag.py:3954} INFO - Setting next_dagrun for example_trigger_target_dag to None, run_after=None
[2026-08-24T14:50:49.692+0000] {processor.py:183} INFO - Processing /home/airflow/.local/lib/python3.12/site-packages/airflow/example_dags/example_trigger_target_dag.py took 0.213 seconds
[2026-08-24T14:51:20.183+0000] {processor.py:161} INFO - Started process (PID=242) to work on /home/airflow/.local/lib/python3.12/site-packages/airflow/example_dags/example_trigger_target_dag.py
[2026-08-24T14:51:20.185+0000] {processor.py:830} INFO - Processing file /home/airflow/.local/lib/python3.12/site-packages/airflow/example_dags/example_trigger_target_dag.py for tasks to queue
[2026-08-24T14:51:20.187+0000] {logging_mixin.py:188} INFO - [2026-08-24T14:51:20.187+0000] {dagbag.py:545} INFO - Filling up the DagBag from /home/airflow/.local/lib/python3.12/site-packages/airflow/example_dags/example_trigger_target_dag.py
[2026-08-24T14:51:20.197+0000] {processor.py:840} INFO - DAG(s) 'example_trigger_target_dag' retrieved from /home/airflow/.local/lib/python3.12/site-packages/airflow/example_dags/example_trigger_target_dag.py
[2026-08-24T14:51:20.224+0000] {logging_mixin.py:188} INFO - [2026-08-24T14:51:20.224+0000] {dag.py:3096} INFO - Sync 1 DAGs
[2026-08-24T14:51:20.239+0000] {logging_mixin.py:188} INFO - [2026-08-24T14:51:20.239+0000] {dag.py:3954} INFO - Setting next_dagrun for example_trigger_target_dag to None, run_after=None
[2026-08-24T14:51:20.263+0000] {processor.py:183} INFO - Processing /home/airflow/.local/lib/python3.12/site-packages/airflow/example_dags/example_trigger_target_dag.py took 0.088 seconds
