[2026-08-24T13:51:02.671+0000] {processor.py:161} INFO - Started process (PID=105) to work on /home/airflow/.local/lib/python3.12/site-packages/airflow/example_dags/example_python_decorator.py
[2026-08-24T13:51:02.673+0000] {processor.py:830} INFO - Processing file /home/airflow/.local/lib/python3.12/site-packages/airflow/example_dags/example_python_decorator.py for tasks to queue
[2026-08-24T13:51:02.678+0000] {logging_mixin.py:188} INFO - [2026-08-24T13:51:02.677+0000] {dagbag.py:545} INFO - Filling up the DagBag from /home/airflow/.local/lib/python3.12/site-packages/airflow/example_dags/example_python_decorator.py
[2026-08-24T13:51:02.715+0000] {processor.py:840} INFO - DAG(s) 'example_python_decorator' retrieved from /home/airflow/.local/lib/python3.12/site-packages/airflow/example_dags/example_python_decorator.py
[2026-08-24T13:51:02.907+0000] {logging_mixin.py:188} INFO - [2026-08-24T13:51:02.907+0000] {dag.py:3096} INFO - Sync 1 DAGs
[2026-08-24T13:51:02.928+0000] {logging_mixin.py:188} INFO - [2026-08-24T13:51:02.927+0000] {dag.py:3954} INFO - Setting next_dagrun for example_python_decorator to None, run_after=None
[2026-08-24T13:51:03.314+0000] {processor.py:183} INFO - Processing /home/airflow/.local/lib/python3.12/site-packages/airflow/example_dags/example_python_decorator.py took 0.659 seconds
[2026-08-24T13:51:43.370+0000] {processor.py:161} INFO - Started process (PID=86) to work on /home/airflow/.local/lib/python3.12/site-packages/airflow/example_dags/example_python_decorator.py
[2026-08-24T13:51:43.371+0000] {processor.py:830} INFO - Processing file /home/airflow/.local/lib/python3.12/site-packages/airflow/example_dags/example_python_decorator.py for tasks to queue
[2026-08-24T13:51:43.374+0000] {logging_mixin.py:188} INFO - [2026-08-24T13:51:43.373+0000] {dagbag.py:545} INFO - Filling up the DagBag from /home/airflow/.local/lib/python3.12/site-packages/airflow/example_dags/example_python_decorator.py
[2026-08-24T13:51:43.394+0000] {processor.py:840} INFO - DAG(s) 'example_python_decorator' retrieved from /home/airflow/.local/lib/python3.12/site-packages/airflow/example_dags/example_python_decorator.py
[2026-08-24T13:51:43.527+0000] {logging_mixin.py:188} INFO - [2026-08-24T13:51:43.527+0000] {dag.py:3096} INFO - Sync 1 DAGs
[2026-08-24T13:51:43.541+0000] {logging_mixin.py:188} INFO - [2026-08-24T13:51:43.541+0000] {dag.py:3954} INFO - Setting next_dagrun for example_python_decorator to None, run_after=None
[2026-08-24T13:51:43.564+0000] {processor.py:183} INFO - Processing /home/airflow/.local/lib/python3.12/site-packages/airflow/example_dags/example_python_decorator.py took 0.201 seconds
[2026-08-24T13:52:14.052+0000] {processor.py:161} INFO - Started process (PID=145) to work on /home/airflow/.local/lib/python3.12/site-packages/airflow/example_dags/example_python_decorator.py
[2026-08-24T13:52:14.053+0000] {processor.py:830} INFO - Processing file /home/airflow/.local/lib/python3.12/site-packages/airflow/example_dags/example_python_decorator.py for tasks to queue
[2026-08-24T13:52:14.056+0000] {logging_mixin.py:188} INFO - [2026-08-24T13:52:14.055+0000] {dagbag.py:545} INFO - Filling up the DagBag from /home/airflow/.local/lib/python3.12/site-packages/airflow/example_dags/example_python_decorator.py
[2026-08-24T13:52:14.076+0000] {processor.py:840} INFO - DAG(s) 'example_python_decorator' retrieved from /home/airflow/.local/lib/python3.12/site-packages/airflow/example_dags/example_python_decorator.py
[2026-08-24T13:52:14.104+0000] {logging_mixin.py:188} INFO - [2026-08-24T13:52:14.104+0000] {dag.py:3096} INFO - Sync 1 DAGs
[2026-08-24T13:52:14.119+0000] {logging_mixin.py:188} INFO - [2026-08-24T13:52:14.119+0000] {dag.py:3954} INFO - Setting next_dagrun for example_python_decorator to None, run_after=None
[2026-08-24T13:52:14.141+0000] {processor.py:183} INFO - Processing /home/airflow/.local/lib/python3.12/site-packages/airflow/example_dags/example_python_decorator.py took 0.098 seconds
[2026-08-24T13:52:44.423+0000] {processor.py:161} INFO - Started process (PID=204) to work on /home/airflow/.local/lib/python3.12/site-packages/airflow/example_dags/example_python_decorator.py
[2026-08-24T13:52:44.425+0000] {processor.py:830} INFO - Processing file /home/airflow/.local/lib/python3.12/site-packages/airflow/example_dags/example_python_decorator.py for tasks to queue
[2026-08-24T13:52:44.427+0000] {logging_mixin.py:188} INFO - [2026-08-24T13:52:44.427+0000] {dagbag.py:545} INFO - Filling up the DagBag from /home/airflow/.local/lib/python3.12/site-packages/airflow/example_dags/example_python_decorator.py
[2026-08-24T13:52:44.450+0000] {processor.py:840} INFO - DAG(s) 'example_python_decorator' retrieved from /home/airflow/.local/lib/python3.12/site-packages/airflow/example_dags/example_python_decorator.py
[2026-08-24T13:52:44.480+0000] {logging_mixin.py:188} INFO - [2026-08-24T13:52:44.480+0000] {dag.py:3096} INFO - Sync 1 DAGs
[2026-08-24T13:52:44.497+0000] {logging_mixin.py:188} INFO - [2026-08-24T13:52:44.497+0000] {dag.py:3954} INFO - Setting next_dagrun for example_python_decorator to None, run_after=None
[2026-08-24T13:52:44.521+0000] {processor.py:183} INFO - Processing /home/airflow/.local/lib/python3.12/site-packages/airflow/example_dags/example_python_decorator.py took 0.105 seconds
[2026-08-24T13:53:14.616+0000] {processor.py:161} INFO - Started process (PID=263) to work on /home/airflow/.local/lib/python3.12/site-packages/airflow/example_dags/example_python_decorator.py
[2026-08-24T13:53:14.617+0000] {processor.py:830} INFO - Processing file /home/airflow/.local/lib/python3.12/site-packages/airflow/example_dags/example_python_decorator.py for tasks to queue
[2026-08-24T13:53:14.620+0000] {logging_mixin.py:188} INFO - [2026-08-24T13:53:14.619+0000] {dagbag.py:545} INFO - Filling up the DagBag from /home/airflow/.local/lib/python3.12/site-packages/airflow/example_dags/example_python_decorator.py
[2026-08-24T13:53:14.637+0000] {processor.py:840} INFO - DAG(s) 'example_python_decorator' retrieved from /home/airflow/.local/lib/python3.12/site-packages/airflow/example_dags/example_python_decorator.py
[2026-08-24T13:53:14.664+0000] {logging_mixin.py:188} INFO - [2026-08-24T13:53:14.663+0000] {dag.py:3096} INFO - Sync 1 DAGs
[2026-08-24T13:53:14.680+0000] {logging_mixin.py:188} INFO - [2026-08-24T13:53:14.680+0000] {dag.py:3954} INFO - Setting next_dagrun for example_python_decorator to None, run_after=None
[2026-08-24T13:53:14.706+0000] {processor.py:183} INFO - Processing /home/airflow/.local/lib/python3.12/site-packages/airflow/example_dags/example_python_decorator.py took 0.097 seconds
[2026-08-24T13:53:44.989+0000] {processor.py:161} INFO - Started process (PID=328) to work on /home/airflow/.local/lib/python3.12/site-packages/airflow/example_dags/example_python_decorator.py
[2026-08-24T13:53:44.991+0000] {processor.py:830} INFO - Processing file /home/airflow/.local/lib/python3.12/site-packages/airflow/example_dags/example_python_decorator.py for tasks to queue
[2026-08-24T13:53:44.994+0000] {logging_mixin.py:188} INFO - [2026-08-24T13:53:44.993+0000] {dagbag.py:545} INFO - Filling up the DagBag from /home/airflow/.local/lib/python3.12/site-packages/airflow/example_dags/example_python_decorator.py
[2026-08-24T13:53:45.011+0000] {processor.py:840} INFO - DAG(s) 'example_python_decorator' retrieved from /home/airflow/.local/lib/python3.12/site-packages/airflow/example_dags/example_python_decorator.py
[2026-08-24T13:53:45.069+0000] {logging_mixin.py:188} INFO - [2026-08-24T13:53:45.069+0000] {dag.py:3096} INFO - Sync 1 DAGs
[2026-08-24T13:53:45.105+0000] {logging_mixin.py:188} INFO - [2026-08-24T13:53:45.105+0000] {dag.py:3954} INFO - Setting next_dagrun for example_python_decorator to None, run_after=None
[2026-08-24T13:53:45.151+0000] {processor.py:183} INFO - Processing /home/airflow/.local/lib/python3.12/site-packages/airflow/example_dags/example_python_decorator.py took 0.172 seconds
[2026-08-24T13:54:15.644+0000] {processor.py:161} INFO - Started process (PID=387) to work on /home/airflow/.local/lib/python3.12/site-packages/airflow/example_dags/example_python_decorator.py
[2026-08-24T13:54:15.645+0000] {processor.py:830} INFO - Processing file /home/airflow/.local/lib/python3.12/site-packages/airflow/example_dags/example_python_decorator.py for tasks to queue
[2026-08-24T13:54:15.649+0000] {logging_mixin.py:188} INFO - [2026-08-24T13:54:15.648+0000] {dagbag.py:545} INFO - Filling up the DagBag from /home/airflow/.local/lib/python3.12/site-packages/airflow/example_dags/example_python_decorator.py
[2026-08-24T13:54:15.674+0000] {processor.py:840} INFO - DAG(s) 'example_python_decorator' retrieved from /home/airflow/.local/lib/python3.12/site-packages/airflow/example_dags/example_python_decorator.py
[2026-08-24T13:54:15.714+0000] {logging_mixin.py:188} INFO - [2026-08-24T13:54:15.713+0000] {dag.py:3096} INFO - Sync 1 DAGs
[2026-08-24T13:54:15.741+0000] {logging_mixin.py:188} INFO - [2026-08-24T13:54:15.741+0000] {dag.py:3954} INFO - Setting next_dagrun for example_python_decorator to None, run_after=None
[2026-08-24T13:54:15.779+0000] {processor.py:183} INFO - Processing /home/airflow/.local/lib/python3.12/site-packages/airflow/example_dags/example_python_decorator.py took 0.147 seconds
[2026-08-24T13:54:46.485+0000] {processor.py:161} INFO - Started process (PID=446) to work on /home/airflow/.local/lib/python3.12/site-packages/airflow/example_dags/example_python_decorator.py
[2026-08-24T13:54:46.487+0000] {processor.py:830} INFO - Processing file /home/airflow/.local/lib/python3.12/site-packages/airflow/example_dags/example_python_decorator.py for tasks to queue
[2026-08-24T13:54:46.491+0000] {logging_mixin.py:188} INFO - [2026-08-24T13:54:46.490+0000] {dagbag.py:545} INFO - Filling up the DagBag from /home/airflow/.local/lib/python3.12/site-packages/airflow/example_dags/example_python_decorator.py
[2026-08-24T13:54:46.522+0000] {processor.py:840} INFO - DAG(s) 'example_python_decorator' retrieved from /home/airflow/.local/lib/python3.12/site-packages/airflow/example_dags/example_python_decorator.py
[2026-08-24T13:54:46.554+0000] {logging_mixin.py:188} INFO - [2026-08-24T13:54:46.554+0000] {dag.py:3096} INFO - Sync 1 DAGs
[2026-08-24T13:54:46.594+0000] {logging_mixin.py:188} INFO - [2026-08-24T13:54:46.593+0000] {dag.py:3954} INFO - Setting next_dagrun for example_python_decorator to None, run_after=None
[2026-08-24T13:54:46.662+0000] {processor.py:183} INFO - Processing /home/airflow/.local/lib/python3.12/site-packages/airflow/example_dags/example_python_decorator.py took 0.190 seconds
[2026-08-24T13:55:21.514+0000] {processor.py:161} INFO - Started process (PID=505) to work on /home/airflow/.local/lib/python3.12/site-packages/airflow/example_dags/example_python_decorator.py
[2026-08-24T13:55:21.515+0000] {processor.py:830} INFO - Processing file /home/airflow/.local/lib/python3.12/site-packages/airflow/example_dags/example_python_decorator.py for tasks to queue
[2026-08-24T13:55:21.518+0000] {logging_mixin.py:188} INFO - [2026-08-24T13:55:21.518+0000] {dagbag.py:545} INFO - Filling up the DagBag from /home/airflow/.local/lib/python3.12/site-packages/airflow/example_dags/example_python_decorator.py
[2026-08-24T13:55:21.539+0000] {processor.py:840} INFO - DAG(s) 'example_python_decorator' retrieved from /home/airflow/.local/lib/python3.12/site-packages/airflow/example_dags/example_python_decorator.py
[2026-08-24T13:55:21.693+0000] {logging_mixin.py:188} INFO - [2026-08-24T13:55:21.692+0000] {dag.py:3096} INFO - Sync 1 DAGs
[2026-08-24T13:55:21.707+0000] {logging_mixin.py:188} INFO - [2026-08-24T13:55:21.707+0000] {dag.py:3954} INFO - Setting next_dagrun for example_python_decorator to None, run_after=None
[2026-08-24T13:55:22.028+0000] {processor.py:183} INFO - Processing /home/airflow/.local/lib/python3.12/site-packages/airflow/example_dags/example_python_decorator.py took 0.522 seconds
[2026-08-24T13:55:52.574+0000] {processor.py:161} INFO - Started process (PID=564) to work on /home/airflow/.local/lib/python3.12/site-packages/airflow/example_dags/example_python_decorator.py
[2026-08-24T13:55:52.576+0000] {processor.py:830} INFO - Processing file /home/airflow/.local/lib/python3.12/site-packages/airflow/example_dags/example_python_decorator.py for tasks to queue
[2026-08-24T13:55:52.580+0000] {logging_mixin.py:188} INFO - [2026-08-24T13:55:52.580+0000] {dagbag.py:545} INFO - Filling up the DagBag from /home/airflow/.local/lib/python3.12/site-packages/airflow/example_dags/example_python_decorator.py
[2026-08-24T13:55:52.606+0000] {processor.py:840} INFO - DAG(s) 'example_python_decorator' retrieved from /home/airflow/.local/lib/python3.12/site-packages/airflow/example_dags/example_python_decorator.py
[2026-08-24T13:55:52.651+0000] {logging_mixin.py:188} INFO - [2026-08-24T13:55:52.650+0000] {dag.py:3096} INFO - Sync 1 DAGs
[2026-08-24T13:55:52.675+0000] {logging_mixin.py:188} INFO - [2026-08-24T13:55:52.675+0000] {dag.py:3954} INFO - Setting next_dagrun for example_python_decorator to None, run_after=None
[2026-08-24T13:55:52.714+0000] {processor.py:183} INFO - Processing /home/airflow/.local/lib/python3.12/site-packages/airflow/example_dags/example_python_decorator.py took 0.151 seconds
[2026-08-24T13:56:22.910+0000] {processor.py:161} INFO - Started process (PID=623) to work on /home/airflow/.local/lib/python3.12/site-packages/airflow/example_dags/example_python_decorator.py
[2026-08-24T13:56:22.911+0000] {processor.py:830} INFO - Processing file /home/airflow/.local/lib/python3.12/site-packages/airflow/example_dags/example_python_decorator.py for tasks to queue
[2026-08-24T13:56:22.915+0000] {logging_mixin.py:188} INFO - [2026-08-24T13:56:22.915+0000] {dagbag.py:545} INFO - Filling up the DagBag from /home/airflow/.local/lib/python3.12/site-packages/airflow/example_dags/example_python_decorator.py
[2026-08-24T13:56:22.939+0000] {processor.py:840} INFO - DAG(s) 'example_python_decorator' retrieved from /home/airflow/.local/lib/python3.12/site-packages/airflow/example_dags/example_python_decorator.py
[2026-08-24T13:56:22.983+0000] {logging_mixin.py:188} INFO - [2026-08-24T13:56:22.982+0000] {dag.py:3096} INFO - Sync 1 DAGs
[2026-08-24T13:56:23.013+0000] {logging_mixin.py:188} INFO - [2026-08-24T13:56:23.013+0000] {dag.py:3954} INFO - Setting next_dagrun for example_python_decorator to None, run_after=None
[2026-08-24T13:56:23.045+0000] {processor.py:183} INFO - Processing /home/airflow/.local/lib/python3.12/site-packages/airflow/example_dags/example_python_decorator.py took 0.145 seconds
[2026-08-24T13:56:53.323+0000] {processor.py:161} INFO - Started process (PID=682) to work on /home/airflow/.local/lib/python3.12/site-packages/airflow/example_dags/example_python_decorator.py
[2026-08-24T13:56:53.324+0000] {processor.py:830} INFO - Processing file /home/airflow/.local/lib/python3.12/site-packages/airflow/example_dags/example_python_decorator.py for tasks to queue
[2026-08-24T13:56:53.328+0000] {logging_mixin.py:188} INFO - [2026-08-24T13:56:53.327+0000] {dagbag.py:545} INFO - Filling up the DagBag from /home/airflow/.local/lib/python3.12/site-packages/airflow/example_dags/example_python_decorator.py
[2026-08-24T13:56:53.349+0000] {processor.py:840} INFO - DAG(s) 'example_python_decorator' retrieved from /home/airflow/.local/lib/python3.12/site-packages/airflow/example_dags/example_python_decorator.py
[2026-08-24T13:56:53.386+0000] {logging_mixin.py:188} INFO - [2026-08-24T13:56:53.385+0000] {dag.py:3096} INFO - Sync 1 DAGs
[2026-08-24T13:56:53.406+0000] {logging_mixin.py:188} INFO - [2026-08-24T13:56:53.405+0000] {dag.py:3954} INFO - Setting next_dagrun for example_python_decorator to None, run_after=None
[2026-08-24T13:56:53.432+0000] {processor.py:183} INFO - Processing /home/airflow/.local/lib/python3.12/site-packages/airflow/example_dags/example_python_decorator.py took 0.119 seconds
[2026-08-24T13:57:24.011+0000] {processor.py:161} INFO - Started process (PID=742) to work on /home/airflow/.local/lib/python3.12/site-packages/airflow/example_dags/example_python_decorator.py
[2026-08-24T13:57:24.012+0000] {processor.py:830} INFO - Processing file /home/airflow/.local/lib/python3.12/site-packages/airflow/example_dags/example_python_decorator.py for tasks to queue
[2026-08-24T13:57:24.015+0000] {logging_mixin.py:188} INFO - [2026-08-24T13:57:24.015+0000] {dagbag.py:545} INFO - Filling up the DagBag from /home/airflow/.local/lib/python3.12/site-packages/airflow/example_dags/example_python_decorator.py
[2026-08-24T13:57:24.035+0000] {processor.py:840} INFO - DAG(s) 'example_python_decorator' retrieved from /home/airflow/.local/lib/python3.12/site-packages/airflow/example_dags/example_python_decorator.py
[2026-08-24T13:57:24.067+0000] {logging_mixin.py:188} INFO - [2026-08-24T13:57:24.067+0000] {dag.py:3096} INFO - Sync 1 DAGs
[2026-08-24T13:57:24.088+0000] {logging_mixin.py:188} INFO - [2026-08-24T13:57:24.088+0000] {dag.py:3954} INFO - Setting next_dagrun for example_python_decorator to None, run_after=None
[2026-08-24T13:57:24.117+0000] {processor.py:183} INFO - Processing /home/airflow/.local/lib/python3.12/site-packages/airflow/example_dags/example_python_decorator.py took 0.115 seconds
[2026-08-24T13:57:54.388+0000] {processor.py:161} INFO - Started process (PID=801) to work on /home/airflow/.local/lib/python3.12/site-packages/airflow/example_dags/example_python_decorator.py
[2026-08-24T13:57:54.389+0000] {processor.py:830} INFO - Processing file /home/airflow/.local/lib/python3.12/site-packages/airflow/example_dags/example_python_decorator.py for tasks to queue
[2026-08-24T13:57:54.392+0000] {logging_mixin.py:188} INFO - [2026-08-24T13:57:54.392+0000] {dagbag.py:545} INFO - Filling up the DagBag from /home/airflow/.local/lib/python3.12/site-packages/airflow/example_dags/example_python_decorator.py
[2026-08-24T13:57:54.410+0000] {processor.py:840} INFO - DAG(s) 'example_python_decorator' retrieved from /home/airflow/.local/lib/python3.12/site-packages/airflow/example_dags/example_python_decorator.py
[2026-08-24T13:57:54.439+0000] {logging_mixin.py:188} INFO - [2026-08-24T13:57:54.439+0000] {dag.py:3096} INFO - Sync 1 DAGs
[2026-08-24T13:57:54.456+0000] {logging_mixin.py:188} INFO - [2026-08-24T13:57:54.455+0000] {dag.py:3954} INFO - Setting next_dagrun for example_python_decorator to None, run_after=None
[2026-08-24T13:57:54.479+0000] {processor.py:183} INFO - Processing /home/airflow/.local/lib/python3.12/site-packages/airflow/example_dags/example_python_decorator.py took 0.099 seconds
[2026-08-24T13:58:24.716+0000] {processor.py:161} INFO - Started process (PID=860) to work on /home/airflow/.local/lib/python3.12/site-packages/airflow/example_dags/example_python_decorator.py
[2026-08-24T13:58:24.717+0000] {processor.py:830} INFO - Processing file /home/airflow/.local/lib/python3.12/site-packages/airflow/example_dags/example_python_decorator.py for tasks to queue
[2026-08-24T13:58:24.720+0000] {logging_mixin.py:188} INFO - [2026-08-24T13:58:24.719+0000] {dagbag.py:545} INFO - Filling up the DagBag from /home/airflow/.local/lib/python3.12/site-packages/airflow/example_dags/example_python_decorator.py
[2026-08-24T13:58:24.737+0000] {processor.py:840} INFO - DAG(s) 'example_python_decorator' retrieved from /home/airflow/.local/lib/python3.12/site-packages/airflow/example_dags/example_python_decorator.py
[2026-08-24T13:58:24.766+0000] {logging_mixin.py:188} INFO - [2026-08-24T13:58:24.766+0000] {dag.py:3096} INFO - Sync 1 DAGs
[2026-08-24T13:58:24.784+0000] {logging_mixin.py:188} INFO - [2026-08-24T13:58:24.784+0000] {dag.py:3954} INFO - Setting next_dagrun for example_python_decorator to None, run_after=None
[2026-08-24T13:58:24.810+0000] {processor.py:183} INFO - Processing /home/airflow/.local/lib/python3.12/site-packages/airflow/example_dags/example_python_decorator.py took 0.102 seconds
[2026-08-24T13:58:54.934+0000] {processor.py:161} INFO - Started process (PID=919) to work on /home/airflow/.local/lib/python3.12/site-packages/airflow/example_dags/example_python_decorator.py
[2026-08-24T13:58:54.935+0000] {processor.py:830} INFO - Processing file /home/airflow/.local/lib/python3.12/site-packages/airflow/example_dags/example_python_decorator.py for tasks to queue
[2026-08-24T13:58:54.939+0000] {logging_mixin.py:188} INFO - [2026-08-24T13:58:54.938+0000] {dagbag.py:545} INFO - Filling up the DagBag from /home/airflow/.local/lib/python3.12/site-packages/airflow/example_dags/example_python_decorator.py
[2026-08-24T13:58:54.962+0000] {processor.py:840} INFO - DAG(s) 'example_python_decorator' retrieved from /home/airflow/.local/lib/python3.12/site-packages/airflow/example_dags/example_python_decorator.py
[2026-08-24T13:58:55.004+0000] {logging_mixin.py:188} INFO - [2026-08-24T13:58:55.003+0000] {dag.py:3096} INFO - Sync 1 DAGs
[2026-08-24T13:58:55.040+0000] {logging_mixin.py:188} INFO - [2026-08-24T13:58:55.039+0000] {dag.py:3954} INFO - Setting next_dagrun for example_python_decorator to None, run_after=None
[2026-08-24T13:58:55.066+0000] {processor.py:183} INFO - Processing /home/airflow/.local/lib/python3.12/site-packages/airflow/example_dags/example_python_decorator.py took 0.141 seconds
[2026-08-24T14:00:36.875+0000] {processor.py:161} INFO - Started process (PID=104) to work on /home/airflow/.local/lib/python3.12/site-packages/airflow/example_dags/example_python_decorator.py
[2026-08-24T14:00:36.876+0000] {processor.py:830} INFO - Processing file /home/airflow/.local/lib/python3.12/site-packages/airflow/example_dags/example_python_decorator.py for tasks to queue
[2026-08-24T14:00:36.879+0000] {logging_mixin.py:188} INFO - [2026-08-24T14:00:36.878+0000] {dagbag.py:545} INFO - Filling up the DagBag from /home/airflow/.local/lib/python3.12/site-packages/airflow/example_dags/example_python_decorator.py
[2026-08-24T14:00:36.905+0000] {processor.py:840} INFO - DAG(s) 'example_python_decorator' retrieved from /home/airflow/.local/lib/python3.12/site-packages/airflow/example_dags/example_python_decorator.py
[2026-08-24T14:00:37.083+0000] {logging_mixin.py:188} INFO - [2026-08-24T14:00:37.082+0000] {dag.py:3096} INFO - Sync 1 DAGs
[2026-08-24T14:00:37.102+0000] {logging_mixin.py:188} INFO - [2026-08-24T14:00:37.102+0000] {dag.py:3954} INFO - Setting next_dagrun for example_python_decorator to None, run_after=None
[2026-08-24T14:00:37.133+0000] {processor.py:183} INFO - Processing /home/airflow/.local/lib/python3.12/site-packages/airflow/example_dags/example_python_decorator.py took 0.269 seconds
[2026-08-24T14:01:07.639+0000] {processor.py:161} INFO - Started process (PID=163) to work on /home/airflow/.local/lib/python3.12/site-packages/airflow/example_dags/example_python_decorator.py
[2026-08-24T14:01:07.640+0000] {processor.py:830} INFO - Processing file /home/airflow/.local/lib/python3.12/site-packages/airflow/example_dags/example_python_decorator.py for tasks to queue
[2026-08-24T14:01:07.643+0000] {logging_mixin.py:188} INFO - [2026-08-24T14:01:07.642+0000] {dagbag.py:545} INFO - Filling up the DagBag from /home/airflow/.local/lib/python3.12/site-packages/airflow/example_dags/example_python_decorator.py
[2026-08-24T14:01:07.659+0000] {processor.py:840} INFO - DAG(s) 'example_python_decorator' retrieved from /home/airflow/.local/lib/python3.12/site-packages/airflow/example_dags/example_python_decorator.py
[2026-08-24T14:01:07.687+0000] {logging_mixin.py:188} INFO - [2026-08-24T14:01:07.687+0000] {dag.py:3096} INFO - Sync 1 DAGs
[2026-08-24T14:01:07.703+0000] {logging_mixin.py:188} INFO - [2026-08-24T14:01:07.703+0000] {dag.py:3954} INFO - Setting next_dagrun for example_python_decorator to None, run_after=None
[2026-08-24T14:01:07.729+0000] {processor.py:183} INFO - Processing /home/airflow/.local/lib/python3.12/site-packages/airflow/example_dags/example_python_decorator.py took 0.097 seconds
[2026-08-24T14:01:37.899+0000] {processor.py:161} INFO - Started process (PID=222) to work on /home/airflow/.local/lib/python3.12/site-packages/airflow/example_dags/example_python_decorator.py
[2026-08-24T14:01:37.900+0000] {processor.py:830} INFO - Processing file /home/airflow/.local/lib/python3.12/site-packages/airflow/example_dags/example_python_decorator.py for tasks to queue
[2026-08-24T14:01:37.903+0000] {logging_mixin.py:188} INFO - [2026-08-24T14:01:37.902+0000] {dagbag.py:545} INFO - Filling up the DagBag from /home/airflow/.local/lib/python3.12/site-packages/airflow/example_dags/example_python_decorator.py
[2026-08-24T14:01:37.924+0000] {processor.py:840} INFO - DAG(s) 'example_python_decorator' retrieved from /home/airflow/.local/lib/python3.12/site-packages/airflow/example_dags/example_python_decorator.py
[2026-08-24T14:01:37.952+0000] {logging_mixin.py:188} INFO - [2026-08-24T14:01:37.952+0000] {dag.py:3096} INFO - Sync 1 DAGs
[2026-08-24T14:01:37.970+0000] {logging_mixin.py:188} INFO - [2026-08-24T14:01:37.969+0000] {dag.py:3954} INFO - Setting next_dagrun for example_python_decorator to None, run_after=None
[2026-08-24T14:01:37.999+0000] {processor.py:183} INFO - Processing /home/airflow/.local/lib/python3.12/site-packages/airflow/example_dags/example_python_decorator.py took 0.109 seconds
[2026-08-24T14:02:08.590+0000] {processor.py:161} INFO - Started process (PID=281) to work on /home/airflow/.local/lib/python3.12/site-packages/airflow/example_dags/example_python_decorator.py
[2026-08-24T14:02:08.591+0000] {processor.py:830} INFO - Processing file /home/airflow/.local/lib/python3.12/site-packages/airflow/example_dags/example_python_decorator.py for tasks to queue
[2026-08-24T14:02:08.594+0000] {logging_mixin.py:188} INFO - [2026-08-24T14:02:08.593+0000] {dagbag.py:545} INFO - Filling up the DagBag from /home/airflow/.local/lib/python3.12/site-packages/airflow/example_dags/example_python_decorator.py
[2026-08-24T14:02:08.610+0000] {processor.py:840} INFO - DAG(s) 'example_python_decorator' retrieved from /home/airflow/.local/lib/python3.12/site-packages/airflow/example_dags/example_python_decorator.py
[2026-08-24T14:02:08.639+0000] {logging_mixin.py:188} INFO - [2026-08-24T14:02:08.639+0000] {dag.py:3096} INFO - Sync 1 DAGs
[2026-08-24T14:02:08.656+0000] {logging_mixin.py:188} INFO - [2026-08-24T14:02:08.656+0000] {dag.py:3954} INFO - Setting next_dagrun for example_python_decorator to None, run_after=None
[2026-08-24T14:02:08.683+0000] {processor.py:183} INFO - Processing /home/airflow/.local/lib/python3.12/site-packages/airflow/example_dags/example_python_decorator.py took 0.102 seconds
[2026-08-24T14:02:38.746+0000] {processor.py:161} INFO - Started process (PID=341) to work on /home/airflow/.local/lib/python3.12/site-packages/airflow/example_dags/example_python_decorator.py
[2026-08-24T14:02:38.747+0000] {processor.py:830} INFO - Processing file /home/airflow/.local/lib/python3.12/site-packages/airflow/example_dags/example_python_decorator.py for tasks to queue
[2026-08-24T14:02:38.750+0000] {logging_mixin.py:188} INFO - [2026-08-24T14:02:38.749+0000] {dagbag.py:545} INFO - Filling up the DagBag from /home/airflow/.local/lib/python3.12/site-packages/airflow/example_dags/example_python_decorator.py
[2026-08-24T14:02:38.767+0000] {processor.py:840} INFO - DAG(s) 'example_python_decorator' retrieved from /home/airflow/.local/lib/python3.12/site-packages/airflow/example_dags/example_python_decorator.py
[2026-08-24T14:02:38.797+0000] {logging_mixin.py:188} INFO - [2026-08-24T14:02:38.796+0000] {dag.py:3096} INFO - Sync 1 DAGs
[2026-08-24T14:02:38.816+0000] {logging_mixin.py:188} INFO - [2026-08-24T14:02:38.815+0000] {dag.py:3954} INFO - Setting next_dagrun for example_python_decorator to None, run_after=None
[2026-08-24T14:02:38.843+0000] {processor.py:183} INFO - Processing /home/airflow/.local/lib/python3.12/site-packages/airflow/example_dags/example_python_decorator.py took 0.106 seconds
[2026-08-24T14:03:09.201+0000] {processor.py:161} INFO - Started process (PID=400) to work on /home/airflow/.local/lib/python3.12/site-packages/airflow/example_dags/example_python_decorator.py
[2026-08-24T14:03:09.202+0000] {processor.py:830} INFO - Processing file /home/airflow/.local/lib/python3.12/site-packages/airflow/example_dags/example_python_decorator.py for tasks to queue
[2026-08-24T14:03:09.205+0000] {logging_mixin.py:188} INFO - [2026-08-24T14:03:09.204+0000] {dagbag.py:545} INFO - Filling up the DagBag from /home/airflow/.local/lib/python3.12/site-packages/airflow/example_dags/example_python_decorator.py
[2026-08-24T14:03:09.222+0000] {processor.py:840} INFO - DAG(s) 'example_python_decorator' retrieved from /home/airflow/.local/lib/python3.12/site-packages/airflow/example_dags/example_python_decorator.py
[2026-08-24T14:03:09.249+0000] {logging_mixin.py:188} INFO - [2026-08-24T14:03:09.249+0000] {dag.py:3096} INFO - Sync 1 DAGs
[2026-08-24T14:03:09.266+0000] {logging_mixin.py:188} INFO - [2026-08-24T14:03:09.266+0000] {dag.py:3954} INFO - Setting next_dagrun for example_python_decorator to None, run_after=None
[2026-08-24T14:03:09.289+0000] {processor.py:183} INFO - Processing /home/airflow/.local/lib/python3.12/site-packages/airflow/example_dags/example_python_decorator.py took 0.096 seconds
[2026-08-24T14:07:40.329+0000] {processor.py:161} INFO - Started process (PID=110) to work on /home/airflow/.local/lib/python3.12/site-packages/airflow/example_dags/example_python_decorator.py
[2026-08-24T14:07:40.330+0000] {processor.py:830} INFO - Processing file /home/airflow/.local/lib/python3.12/site-packages/airflow/example_dags/example_python_decorator.py for tasks to queue
[2026-08-24T14:07:40.333+0000] {logging_mixin.py:188} INFO - [2026-08-24T14:07:40.332+0000] {dagbag.py:545} INFO - Filling up the DagBag from /home/airflow/.local/lib/python3.12/site-packages/airflow/example_dags/example_python_decorator.py
[2026-08-24T14:07:40.361+0000] {processor.py:840} INFO - DAG(s) 'example_python_decorator' retrieved from /home/airflow/.local/lib/python3.12/site-packages/airflow/example_dags/example_python_decorator.py
[2026-08-24T14:07:40.505+0000] {logging_mixin.py:188} INFO - [2026-08-24T14:07:40.505+0000] {dag.py:3096} INFO - Sync 1 DAGs
[2026-08-24T14:07:40.518+0000] {logging_mixin.py:188} INFO - [2026-08-24T14:07:40.518+0000] {dag.py:3954} INFO - Setting next_dagrun for example_python_decorator to None, run_after=None
[2026-08-24T14:07:40.547+0000] {processor.py:183} INFO - Processing /home/airflow/.local/lib/python3.12/site-packages/airflow/example_dags/example_python_decorator.py took 0.226 seconds
[2026-08-24T14:08:10.653+0000] {processor.py:161} INFO - Started process (PID=169) to work on /home/airflow/.local/lib/python3.12/site-packages/airflow/example_dags/example_python_decorator.py
[2026-08-24T14:08:10.654+0000] {processor.py:830} INFO - Processing file /home/airflow/.local/lib/python3.12/site-packages/airflow/example_dags/example_python_decorator.py for tasks to queue
[2026-08-24T14:08:10.656+0000] {logging_mixin.py:188} INFO - [2026-08-24T14:08:10.656+0000] {dagbag.py:545} INFO - Filling up the DagBag from /home/airflow/.local/lib/python3.12/site-packages/airflow/example_dags/example_python_decorator.py
[2026-08-24T14:08:10.672+0000] {processor.py:840} INFO - DAG(s) 'example_python_decorator' retrieved from /home/airflow/.local/lib/python3.12/site-packages/airflow/example_dags/example_python_decorator.py
[2026-08-24T14:08:10.713+0000] {logging_mixin.py:188} INFO - [2026-08-24T14:08:10.702+0000] {dag.py:3096} INFO - Sync 1 DAGs
[2026-08-24T14:08:10.738+0000] {logging_mixin.py:188} INFO - [2026-08-24T14:08:10.738+0000] {dag.py:3954} INFO - Setting next_dagrun for example_python_decorator to None, run_after=None
[2026-08-24T14:08:10.771+0000] {processor.py:183} INFO - Processing /home/airflow/.local/lib/python3.12/site-packages/airflow/example_dags/example_python_decorator.py took 0.125 seconds
[2026-08-24T14:08:41.529+0000] {processor.py:161} INFO - Started process (PID=228) to work on /home/airflow/.local/lib/python3.12/site-packages/airflow/example_dags/example_python_decorator.py
[2026-08-24T14:08:41.531+0000] {processor.py:830} INFO - Processing file /home/airflow/.local/lib/python3.12/site-packages/airflow/example_dags/example_python_decorator.py for tasks to queue
[2026-08-24T14:08:41.533+0000] {logging_mixin.py:188} INFO - [2026-08-24T14:08:41.533+0000] {dagbag.py:545} INFO - Filling up the DagBag from /home/airflow/.local/lib/python3.12/site-packages/airflow/example_dags/example_python_decorator.py
[2026-08-24T14:08:41.550+0000] {processor.py:840} INFO - DAG(s) 'example_python_decorator' retrieved from /home/airflow/.local/lib/python3.12/site-packages/airflow/example_dags/example_python_decorator.py
[2026-08-24T14:08:41.587+0000] {logging_mixin.py:188} INFO - [2026-08-24T14:08:41.587+0000] {dag.py:3096} INFO - Sync 1 DAGs
[2026-08-24T14:08:41.624+0000] {logging_mixin.py:188} INFO - [2026-08-24T14:08:41.623+0000] {dag.py:3954} INFO - Setting next_dagrun for example_python_decorator to None, run_after=None
[2026-08-24T14:08:41.662+0000] {processor.py:183} INFO - Processing /home/airflow/.local/lib/python3.12/site-packages/airflow/example_dags/example_python_decorator.py took 0.140 seconds
[2026-08-24T14:09:11.879+0000] {processor.py:161} INFO - Started process (PID=287) to work on /home/airflow/.local/lib/python3.12/site-packages/airflow/example_dags/example_python_decorator.py
[2026-08-24T14:09:11.881+0000] {processor.py:830} INFO - Processing file /home/airflow/.local/lib/python3.12/site-packages/airflow/example_dags/example_python_decorator.py for tasks to queue
[2026-08-24T14:09:11.883+0000] {logging_mixin.py:188} INFO - [2026-08-24T14:09:11.883+0000] {dagbag.py:545} INFO - Filling up the DagBag from /home/airflow/.local/lib/python3.12/site-packages/airflow/example_dags/example_python_decorator.py
[2026-08-24T14:09:11.899+0000] {processor.py:840} INFO - DAG(s) 'example_python_decorator' retrieved from /home/airflow/.local/lib/python3.12/site-packages/airflow/example_dags/example_python_decorator.py
[2026-08-24T14:09:11.927+0000] {logging_mixin.py:188} INFO - [2026-08-24T14:09:11.926+0000] {dag.py:3096} INFO - Sync 1 DAGs
[2026-08-24T14:09:11.945+0000] {logging_mixin.py:188} INFO - [2026-08-24T14:09:11.944+0000] {dag.py:3954} INFO - Setting next_dagrun for example_python_decorator to None, run_after=None
[2026-08-24T14:09:11.968+0000] {processor.py:183} INFO - Processing /home/airflow/.local/lib/python3.12/site-packages/airflow/example_dags/example_python_decorator.py took 0.097 seconds
[2026-08-24T14:09:42.351+0000] {processor.py:161} INFO - Started process (PID=346) to work on /home/airflow/.local/lib/python3.12/site-packages/airflow/example_dags/example_python_decorator.py
[2026-08-24T14:09:42.353+0000] {processor.py:830} INFO - Processing file /home/airflow/.local/lib/python3.12/site-packages/airflow/example_dags/example_python_decorator.py for tasks to queue
[2026-08-24T14:09:42.356+0000] {logging_mixin.py:188} INFO - [2026-08-24T14:09:42.355+0000] {dagbag.py:545} INFO - Filling up the DagBag from /home/airflow/.local/lib/python3.12/site-packages/airflow/example_dags/example_python_decorator.py
[2026-08-24T14:09:42.377+0000] {processor.py:840} INFO - DAG(s) 'example_python_decorator' retrieved from /home/airflow/.local/lib/python3.12/site-packages/airflow/example_dags/example_python_decorator.py
[2026-08-24T14:09:42.406+0000] {logging_mixin.py:188} INFO - [2026-08-24T14:09:42.406+0000] {dag.py:3096} INFO - Sync 1 DAGs
[2026-08-24T14:09:42.429+0000] {logging_mixin.py:188} INFO - [2026-08-24T14:09:42.428+0000] {dag.py:3954} INFO - Setting next_dagrun for example_python_decorator to None, run_after=None
[2026-08-24T14:09:42.453+0000] {processor.py:183} INFO - Processing /home/airflow/.local/lib/python3.12/site-packages/airflow/example_dags/example_python_decorator.py took 0.110 seconds
[2026-08-24T14:10:12.880+0000] {processor.py:161} INFO - Started process (PID=405) to work on /home/airflow/.local/lib/python3.12/site-packages/airflow/example_dags/example_python_decorator.py
[2026-08-24T14:10:12.881+0000] {processor.py:830} INFO - Processing file /home/airflow/.local/lib/python3.12/site-packages/airflow/example_dags/example_python_decorator.py for tasks to queue
[2026-08-24T14:10:12.883+0000] {logging_mixin.py:188} INFO - [2026-08-24T14:10:12.883+0000] {dagbag.py:545} INFO - Filling up the DagBag from /home/airflow/.local/lib/python3.12/site-packages/airflow/example_dags/example_python_decorator.py
[2026-08-24T14:10:12.902+0000] {processor.py:840} INFO - DAG(s) 'example_python_decorator' retrieved from /home/airflow/.local/lib/python3.12/site-packages/airflow/example_dags/example_python_decorator.py
[2026-08-24T14:10:12.931+0000] {logging_mixin.py:188} INFO - [2026-08-24T14:10:12.931+0000] {dag.py:3096} INFO - Sync 1 DAGs
[2026-08-24T14:10:12.948+0000] {logging_mixin.py:188} INFO - [2026-08-24T14:10:12.948+0000] {dag.py:3954} INFO - Setting next_dagrun for example_python_decorator to None, run_after=None
[2026-08-24T14:10:12.977+0000] {processor.py:183} INFO - Processing /home/airflow/.local/lib/python3.12/site-packages/airflow/example_dags/example_python_decorator.py took 0.107 seconds
[2026-08-24T14:10:43.461+0000] {processor.py:161} INFO - Started process (PID=464) to work on /home/airflow/.local/lib/python3.12/site-packages/airflow/example_dags/example_python_decorator.py
[2026-08-24T14:10:43.463+0000] {processor.py:830} INFO - Processing file /home/airflow/.local/lib/python3.12/site-packages/airflow/example_dags/example_python_decorator.py for tasks to queue
[2026-08-24T14:10:43.465+0000] {logging_mixin.py:188} INFO - [2026-08-24T14:10:43.465+0000] {dagbag.py:545} INFO - Filling up the DagBag from /home/airflow/.local/lib/python3.12/site-packages/airflow/example_dags/example_python_decorator.py
[2026-08-24T14:10:43.481+0000] {processor.py:840} INFO - DAG(s) 'example_python_decorator' retrieved from /home/airflow/.local/lib/python3.12/site-packages/airflow/example_dags/example_python_decorator.py
[2026-08-24T14:10:43.515+0000] {logging_mixin.py:188} INFO - [2026-08-24T14:10:43.515+0000] {dag.py:3096} INFO - Sync 1 DAGs
[2026-08-24T14:10:43.536+0000] {logging_mixin.py:188} INFO - [2026-08-24T14:10:43.536+0000] {dag.py:3954} INFO - Setting next_dagrun for example_python_decorator to None, run_after=None
[2026-08-24T14:10:43.563+0000] {processor.py:183} INFO - Processing /home/airflow/.local/lib/python3.12/site-packages/airflow/example_dags/example_python_decorator.py took 0.109 seconds
[2026-08-24T14:13:27.055+0000] {processor.py:161} INFO - Started process (PID=114) to work on /home/airflow/.local/lib/python3.12/site-packages/airflow/example_dags/example_python_decorator.py
[2026-08-24T14:13:27.057+0000] {processor.py:830} INFO - Processing file /home/airflow/.local/lib/python3.12/site-packages/airflow/example_dags/example_python_decorator.py for tasks to queue
[2026-08-24T14:13:27.060+0000] {logging_mixin.py:188} INFO - [2026-08-24T14:13:27.059+0000] {dagbag.py:545} INFO - Filling up the DagBag from /home/airflow/.local/lib/python3.12/site-packages/airflow/example_dags/example_python_decorator.py
[2026-08-24T14:13:27.082+0000] {processor.py:840} INFO - DAG(s) 'example_python_decorator' retrieved from /home/airflow/.local/lib/python3.12/site-packages/airflow/example_dags/example_python_decorator.py
[2026-08-24T14:13:27.228+0000] {logging_mixin.py:188} INFO - [2026-08-24T14:13:27.228+0000] {dag.py:3096} INFO - Sync 1 DAGs
[2026-08-24T14:13:27.242+0000] {logging_mixin.py:188} INFO - [2026-08-24T14:13:27.242+0000] {dag.py:3954} INFO - Setting next_dagrun for example_python_decorator to None, run_after=None
[2026-08-24T14:13:27.270+0000] {processor.py:183} INFO - Processing /home/airflow/.local/lib/python3.12/site-packages/airflow/example_dags/example_python_decorator.py took 0.223 seconds
[2026-08-24T14:13:58.005+0000] {processor.py:161} INFO - Started process (PID=173) to work on /home/airflow/.local/lib/python3.12/site-packages/airflow/example_dags/example_python_decorator.py
[2026-08-24T14:13:58.006+0000] {processor.py:830} INFO - Processing file /home/airflow/.local/lib/python3.12/site-packages/airflow/example_dags/example_python_decorator.py for tasks to queue
[2026-08-24T14:13:58.009+0000] {logging_mixin.py:188} INFO - [2026-08-24T14:13:58.008+0000] {dagbag.py:545} INFO - Filling up the DagBag from /home/airflow/.local/lib/python3.12/site-packages/airflow/example_dags/example_python_decorator.py
[2026-08-24T14:13:58.026+0000] {processor.py:840} INFO - DAG(s) 'example_python_decorator' retrieved from /home/airflow/.local/lib/python3.12/site-packages/airflow/example_dags/example_python_decorator.py
[2026-08-24T14:13:58.058+0000] {logging_mixin.py:188} INFO - [2026-08-24T14:13:58.057+0000] {dag.py:3096} INFO - Sync 1 DAGs
[2026-08-24T14:13:58.075+0000] {logging_mixin.py:188} INFO - [2026-08-24T14:13:58.075+0000] {dag.py:3954} INFO - Setting next_dagrun for example_python_decorator to None, run_after=None
[2026-08-24T14:13:58.100+0000] {processor.py:183} INFO - Processing /home/airflow/.local/lib/python3.12/site-packages/airflow/example_dags/example_python_decorator.py took 0.104 seconds
[2026-08-24T14:14:28.658+0000] {processor.py:161} INFO - Started process (PID=232) to work on /home/airflow/.local/lib/python3.12/site-packages/airflow/example_dags/example_python_decorator.py
[2026-08-24T14:14:28.660+0000] {processor.py:830} INFO - Processing file /home/airflow/.local/lib/python3.12/site-packages/airflow/example_dags/example_python_decorator.py for tasks to queue
[2026-08-24T14:14:28.663+0000] {logging_mixin.py:188} INFO - [2026-08-24T14:14:28.662+0000] {dagbag.py:545} INFO - Filling up the DagBag from /home/airflow/.local/lib/python3.12/site-packages/airflow/example_dags/example_python_decorator.py
[2026-08-24T14:14:28.688+0000] {processor.py:840} INFO - DAG(s) 'example_python_decorator' retrieved from /home/airflow/.local/lib/python3.12/site-packages/airflow/example_dags/example_python_decorator.py
[2026-08-24T14:14:28.718+0000] {logging_mixin.py:188} INFO - [2026-08-24T14:14:28.718+0000] {dag.py:3096} INFO - Sync 1 DAGs
[2026-08-24T14:14:28.736+0000] {logging_mixin.py:188} INFO - [2026-08-24T14:14:28.736+0000] {dag.py:3954} INFO - Setting next_dagrun for example_python_decorator to None, run_after=None
[2026-08-24T14:14:28.763+0000] {processor.py:183} INFO - Processing /home/airflow/.local/lib/python3.12/site-packages/airflow/example_dags/example_python_decorator.py took 0.115 seconds
[2026-08-24T14:14:59.197+0000] {processor.py:161} INFO - Started process (PID=291) to work on /home/airflow/.local/lib/python3.12/site-packages/airflow/example_dags/example_python_decorator.py
[2026-08-24T14:14:59.199+0000] {processor.py:830} INFO - Processing file /home/airflow/.local/lib/python3.12/site-packages/airflow/example_dags/example_python_decorator.py for tasks to queue
[2026-08-24T14:14:59.201+0000] {logging_mixin.py:188} INFO - [2026-08-24T14:14:59.201+0000] {dagbag.py:545} INFO - Filling up the DagBag from /home/airflow/.local/lib/python3.12/site-packages/airflow/example_dags/example_python_decorator.py
[2026-08-24T14:14:59.221+0000] {processor.py:840} INFO - DAG(s) 'example_python_decorator' retrieved from /home/airflow/.local/lib/python3.12/site-packages/airflow/example_dags/example_python_decorator.py
[2026-08-24T14:14:59.250+0000] {logging_mixin.py:188} INFO - [2026-08-24T14:14:59.250+0000] {dag.py:3096} INFO - Sync 1 DAGs
[2026-08-24T14:14:59.267+0000] {logging_mixin.py:188} INFO - [2026-08-24T14:14:59.267+0000] {dag.py:3954} INFO - Setting next_dagrun for example_python_decorator to None, run_after=None
[2026-08-24T14:14:59.293+0000] {processor.py:183} INFO - Processing /home/airflow/.local/lib/python3.12/site-packages/airflow/example_dags/example_python_decorator.py took 0.103 seconds
[2026-08-24T14:15:29.888+0000] {processor.py:161} INFO - Started process (PID=350) to work on /home/airflow/.local/lib/python3.12/site-packages/airflow/example_dags/example_python_decorator.py
[2026-08-24T14:15:29.890+0000] {processor.py:830} INFO - Processing file /home/airflow/.local/lib/python3.12/site-packages/airflow/example_dags/example_python_decorator.py for tasks to queue
[2026-08-24T14:15:29.892+0000] {logging_mixin.py:188} INFO - [2026-08-24T14:15:29.892+0000] {dagbag.py:545} INFO - Filling up the DagBag from /home/airflow/.local/lib/python3.12/site-packages/airflow/example_dags/example_python_decorator.py
[2026-08-24T14:15:29.910+0000] {processor.py:840} INFO - DAG(s) 'example_python_decorator' retrieved from /home/airflow/.local/lib/python3.12/site-packages/airflow/example_dags/example_python_decorator.py
[2026-08-24T14:15:29.940+0000] {logging_mixin.py:188} INFO - [2026-08-24T14:15:29.939+0000] {dag.py:3096} INFO - Sync 1 DAGs
[2026-08-24T14:15:29.957+0000] {logging_mixin.py:188} INFO - [2026-08-24T14:15:29.957+0000] {dag.py:3954} INFO - Setting next_dagrun for example_python_decorator to None, run_after=None
[2026-08-24T14:15:29.980+0000] {processor.py:183} INFO - Processing /home/airflow/.local/lib/python3.12/site-packages/airflow/example_dags/example_python_decorator.py took 0.100 seconds
[2026-08-24T14:16:00.548+0000] {processor.py:161} INFO - Started process (PID=409) to work on /home/airflow/.local/lib/python3.12/site-packages/airflow/example_dags/example_python_decorator.py
[2026-08-24T14:16:00.549+0000] {processor.py:830} INFO - Processing file /home/airflow/.local/lib/python3.12/site-packages/airflow/example_dags/example_python_decorator.py for tasks to queue
[2026-08-24T14:16:00.552+0000] {logging_mixin.py:188} INFO - [2026-08-24T14:16:00.551+0000] {dagbag.py:545} INFO - Filling up the DagBag from /home/airflow/.local/lib/python3.12/site-packages/airflow/example_dags/example_python_decorator.py
[2026-08-24T14:16:00.570+0000] {processor.py:840} INFO - DAG(s) 'example_python_decorator' retrieved from /home/airflow/.local/lib/python3.12/site-packages/airflow/example_dags/example_python_decorator.py
[2026-08-24T14:16:00.624+0000] {logging_mixin.py:188} INFO - [2026-08-24T14:16:00.623+0000] {dag.py:3096} INFO - Sync 1 DAGs
[2026-08-24T14:16:00.644+0000] {logging_mixin.py:188} INFO - [2026-08-24T14:16:00.644+0000] {dag.py:3954} INFO - Setting next_dagrun for example_python_decorator to None, run_after=None
[2026-08-24T14:16:00.670+0000] {processor.py:183} INFO - Processing /home/airflow/.local/lib/python3.12/site-packages/airflow/example_dags/example_python_decorator.py took 0.130 seconds
[2026-08-24T14:16:30.977+0000] {processor.py:161} INFO - Started process (PID=468) to work on /home/airflow/.local/lib/python3.12/site-packages/airflow/example_dags/example_python_decorator.py
[2026-08-24T14:16:30.979+0000] {processor.py:830} INFO - Processing file /home/airflow/.local/lib/python3.12/site-packages/airflow/example_dags/example_python_decorator.py for tasks to queue
[2026-08-24T14:16:30.983+0000] {logging_mixin.py:188} INFO - [2026-08-24T14:16:30.983+0000] {dagbag.py:545} INFO - Filling up the DagBag from /home/airflow/.local/lib/python3.12/site-packages/airflow/example_dags/example_python_decorator.py
[2026-08-24T14:16:31.009+0000] {processor.py:840} INFO - DAG(s) 'example_python_decorator' retrieved from /home/airflow/.local/lib/python3.12/site-packages/airflow/example_dags/example_python_decorator.py
[2026-08-24T14:16:31.040+0000] {logging_mixin.py:188} INFO - [2026-08-24T14:16:31.039+0000] {dag.py:3096} INFO - Sync 1 DAGs
[2026-08-24T14:16:31.060+0000] {logging_mixin.py:188} INFO - [2026-08-24T14:16:31.060+0000] {dag.py:3954} INFO - Setting next_dagrun for example_python_decorator to None, run_after=None
[2026-08-24T14:16:31.087+0000] {processor.py:183} INFO - Processing /home/airflow/.local/lib/python3.12/site-packages/airflow/example_dags/example_python_decorator.py took 0.121 seconds
[2026-08-24T14:17:01.316+0000] {processor.py:161} INFO - Started process (PID=527) to work on /home/airflow/.local/lib/python3.12/site-packages/airflow/example_dags/example_python_decorator.py
[2026-08-24T14:17:01.317+0000] {processor.py:830} INFO - Processing file /home/airflow/.local/lib/python3.12/site-packages/airflow/example_dags/example_python_decorator.py for tasks to queue
[2026-08-24T14:17:01.323+0000] {logging_mixin.py:188} INFO - [2026-08-24T14:17:01.321+0000] {dagbag.py:545} INFO - Filling up the DagBag from /home/airflow/.local/lib/python3.12/site-packages/airflow/example_dags/example_python_decorator.py
[2026-08-24T14:17:01.357+0000] {processor.py:840} INFO - DAG(s) 'example_python_decorator' retrieved from /home/airflow/.local/lib/python3.12/site-packages/airflow/example_dags/example_python_decorator.py
[2026-08-24T14:17:01.408+0000] {logging_mixin.py:188} INFO - [2026-08-24T14:17:01.407+0000] {dag.py:3096} INFO - Sync 1 DAGs
[2026-08-24T14:17:01.436+0000] {logging_mixin.py:188} INFO - [2026-08-24T14:17:01.435+0000] {dag.py:3954} INFO - Setting next_dagrun for example_python_decorator to None, run_after=None
[2026-08-24T14:17:01.480+0000] {processor.py:183} INFO - Processing /home/airflow/.local/lib/python3.12/site-packages/airflow/example_dags/example_python_decorator.py took 0.175 seconds
[2026-08-24T14:17:32.258+0000] {processor.py:161} INFO - Started process (PID=586) to work on /home/airflow/.local/lib/python3.12/site-packages/airflow/example_dags/example_python_decorator.py
[2026-08-24T14:17:32.260+0000] {processor.py:830} INFO - Processing file /home/airflow/.local/lib/python3.12/site-packages/airflow/example_dags/example_python_decorator.py for tasks to queue
[2026-08-24T14:17:32.263+0000] {logging_mixin.py:188} INFO - [2026-08-24T14:17:32.262+0000] {dagbag.py:545} INFO - Filling up the DagBag from /home/airflow/.local/lib/python3.12/site-packages/airflow/example_dags/example_python_decorator.py
[2026-08-24T14:17:32.284+0000] {processor.py:840} INFO - DAG(s) 'example_python_decorator' retrieved from /home/airflow/.local/lib/python3.12/site-packages/airflow/example_dags/example_python_decorator.py
[2026-08-24T14:17:32.318+0000] {logging_mixin.py:188} INFO - [2026-08-24T14:17:32.318+0000] {dag.py:3096} INFO - Sync 1 DAGs
[2026-08-24T14:17:32.337+0000] {logging_mixin.py:188} INFO - [2026-08-24T14:17:32.336+0000] {dag.py:3954} INFO - Setting next_dagrun for example_python_decorator to None, run_after=None
[2026-08-24T14:17:32.364+0000] {processor.py:183} INFO - Processing /home/airflow/.local/lib/python3.12/site-packages/airflow/example_dags/example_python_decorator.py took 0.116 seconds
[2026-08-24T14:18:03.060+0000] {processor.py:161} INFO - Started process (PID=645) to work on /home/airflow/.local/lib/python3.12/site-packages/airflow/example_dags/example_python_decorator.py
[2026-08-24T14:18:03.062+0000] {processor.py:830} INFO - Processing file /home/airflow/.local/lib/python3.12/site-packages/airflow/example_dags/example_python_decorator.py for tasks to queue
[2026-08-24T14:18:03.066+0000] {logging_mixin.py:188} INFO - [2026-08-24T14:18:03.066+0000] {dagbag.py:545} INFO - Filling up the DagBag from /home/airflow/.local/lib/python3.12/site-packages/airflow/example_dags/example_python_decorator.py
[2026-08-24T14:18:03.094+0000] {processor.py:840} INFO - DAG(s) 'example_python_decorator' retrieved from /home/airflow/.local/lib/python3.12/site-packages/airflow/example_dags/example_python_decorator.py
[2026-08-24T14:18:03.139+0000] {logging_mixin.py:188} INFO - [2026-08-24T14:18:03.139+0000] {dag.py:3096} INFO - Sync 1 DAGs
[2026-08-24T14:18:03.163+0000] {logging_mixin.py:188} INFO - [2026-08-24T14:18:03.163+0000] {dag.py:3954} INFO - Setting next_dagrun for example_python_decorator to None, run_after=None
[2026-08-24T14:18:03.194+0000] {processor.py:183} INFO - Processing /home/airflow/.local/lib/python3.12/site-packages/airflow/example_dags/example_python_decorator.py took 0.147 seconds
[2026-08-24T14:18:33.283+0000] {processor.py:161} INFO - Started process (PID=705) to work on /home/airflow/.local/lib/python3.12/site-packages/airflow/example_dags/example_python_decorator.py
[2026-08-24T14:18:33.284+0000] {processor.py:830} INFO - Processing file /home/airflow/.local/lib/python3.12/site-packages/airflow/example_dags/example_python_decorator.py for tasks to queue
[2026-08-24T14:18:33.287+0000] {logging_mixin.py:188} INFO - [2026-08-24T14:18:33.286+0000] {dagbag.py:545} INFO - Filling up the DagBag from /home/airflow/.local/lib/python3.12/site-packages/airflow/example_dags/example_python_decorator.py
[2026-08-24T14:18:33.309+0000] {processor.py:840} INFO - DAG(s) 'example_python_decorator' retrieved from /home/airflow/.local/lib/python3.12/site-packages/airflow/example_dags/example_python_decorator.py
[2026-08-24T14:18:33.344+0000] {logging_mixin.py:188} INFO - [2026-08-24T14:18:33.344+0000] {dag.py:3096} INFO - Sync 1 DAGs
[2026-08-24T14:18:33.367+0000] {logging_mixin.py:188} INFO - [2026-08-24T14:18:33.366+0000] {dag.py:3954} INFO - Setting next_dagrun for example_python_decorator to None, run_after=None
[2026-08-24T14:18:33.397+0000] {processor.py:183} INFO - Processing /home/airflow/.local/lib/python3.12/site-packages/airflow/example_dags/example_python_decorator.py took 0.124 seconds
[2026-08-24T14:19:04.410+0000] {processor.py:161} INFO - Started process (PID=765) to work on /home/airflow/.local/lib/python3.12/site-packages/airflow/example_dags/example_python_decorator.py
[2026-08-24T14:19:04.412+0000] {processor.py:830} INFO - Processing file /home/airflow/.local/lib/python3.12/site-packages/airflow/example_dags/example_python_decorator.py for tasks to queue
[2026-08-24T14:19:04.415+0000] {logging_mixin.py:188} INFO - [2026-08-24T14:19:04.415+0000] {dagbag.py:545} INFO - Filling up the DagBag from /home/airflow/.local/lib/python3.12/site-packages/airflow/example_dags/example_python_decorator.py
[2026-08-24T14:19:04.446+0000] {processor.py:840} INFO - DAG(s) 'example_python_decorator' retrieved from /home/airflow/.local/lib/python3.12/site-packages/airflow/example_dags/example_python_decorator.py
[2026-08-24T14:19:04.488+0000] {logging_mixin.py:188} INFO - [2026-08-24T14:19:04.487+0000] {dag.py:3096} INFO - Sync 1 DAGs
[2026-08-24T14:19:04.513+0000] {logging_mixin.py:188} INFO - [2026-08-24T14:19:04.512+0000] {dag.py:3954} INFO - Setting next_dagrun for example_python_decorator to None, run_after=None
[2026-08-24T14:19:04.553+0000] {processor.py:183} INFO - Processing /home/airflow/.local/lib/python3.12/site-packages/airflow/example_dags/example_python_decorator.py took 0.151 seconds
[2026-08-24T14:19:35.421+0000] {processor.py:161} INFO - Started process (PID=824) to work on /home/airflow/.local/lib/python3.12/site-packages/airflow/example_dags/example_python_decorator.py
[2026-08-24T14:19:35.423+0000] {processor.py:830} INFO - Processing file /home/airflow/.local/lib/python3.12/site-packages/airflow/example_dags/example_python_decorator.py for tasks to queue
[2026-08-24T14:19:35.426+0000] {logging_mixin.py:188} INFO - [2026-08-24T14:19:35.425+0000] {dagbag.py:545} INFO - Filling up the DagBag from /home/airflow/.local/lib/python3.12/site-packages/airflow/example_dags/example_python_decorator.py
[2026-08-24T14:19:35.445+0000] {processor.py:840} INFO - DAG(s) 'example_python_decorator' retrieved from /home/airflow/.local/lib/python3.12/site-packages/airflow/example_dags/example_python_decorator.py
[2026-08-24T14:19:35.480+0000] {logging_mixin.py:188} INFO - [2026-08-24T14:19:35.479+0000] {dag.py:3096} INFO - Sync 1 DAGs
[2026-08-24T14:19:35.503+0000] {logging_mixin.py:188} INFO - [2026-08-24T14:19:35.503+0000] {dag.py:3954} INFO - Setting next_dagrun for example_python_decorator to None, run_after=None
[2026-08-24T14:19:35.531+0000] {processor.py:183} INFO - Processing /home/airflow/.local/lib/python3.12/site-packages/airflow/example_dags/example_python_decorator.py took 0.118 seconds
[2026-08-24T14:20:05.984+0000] {processor.py:161} INFO - Started process (PID=883) to work on /home/airflow/.local/lib/python3.12/site-packages/airflow/example_dags/example_python_decorator.py
[2026-08-24T14:20:05.986+0000] {processor.py:830} INFO - Processing file /home/airflow/.local/lib/python3.12/site-packages/airflow/example_dags/example_python_decorator.py for tasks to queue
[2026-08-24T14:20:05.989+0000] {logging_mixin.py:188} INFO - [2026-08-24T14:20:05.989+0000] {dagbag.py:545} INFO - Filling up the DagBag from /home/airflow/.local/lib/python3.12/site-packages/airflow/example_dags/example_python_decorator.py
[2026-08-24T14:20:06.010+0000] {processor.py:840} INFO - DAG(s) 'example_python_decorator' retrieved from /home/airflow/.local/lib/python3.12/site-packages/airflow/example_dags/example_python_decorator.py
[2026-08-24T14:20:06.040+0000] {logging_mixin.py:188} INFO - [2026-08-24T14:20:06.039+0000] {dag.py:3096} INFO - Sync 1 DAGs
[2026-08-24T14:20:06.060+0000] {logging_mixin.py:188} INFO - [2026-08-24T14:20:06.060+0000] {dag.py:3954} INFO - Setting next_dagrun for example_python_decorator to None, run_after=None
[2026-08-24T14:20:06.090+0000] {processor.py:183} INFO - Processing /home/airflow/.local/lib/python3.12/site-packages/airflow/example_dags/example_python_decorator.py took 0.115 seconds
[2026-08-24T14:22:17.948+0000] {processor.py:161} INFO - Started process (PID=114) to work on /home/airflow/.local/lib/python3.12/site-packages/airflow/example_dags/example_python_decorator.py
[2026-08-24T14:22:17.950+0000] {processor.py:830} INFO - Processing file /home/airflow/.local/lib/python3.12/site-packages/airflow/example_dags/example_python_decorator.py for tasks to queue
[2026-08-24T14:22:17.954+0000] {logging_mixin.py:188} INFO - [2026-08-24T14:22:17.953+0000] {dagbag.py:545} INFO - Filling up the DagBag from /home/airflow/.local/lib/python3.12/site-packages/airflow/example_dags/example_python_decorator.py
[2026-08-24T14:22:17.975+0000] {processor.py:840} INFO - DAG(s) 'example_python_decorator' retrieved from /home/airflow/.local/lib/python3.12/site-packages/airflow/example_dags/example_python_decorator.py
[2026-08-24T14:22:18.129+0000] {logging_mixin.py:188} INFO - [2026-08-24T14:22:18.128+0000] {dag.py:3096} INFO - Sync 1 DAGs
[2026-08-24T14:22:18.147+0000] {logging_mixin.py:188} INFO - [2026-08-24T14:22:18.146+0000] {dag.py:3954} INFO - Setting next_dagrun for example_python_decorator to None, run_after=None
[2026-08-24T14:22:18.183+0000] {processor.py:183} INFO - Processing /home/airflow/.local/lib/python3.12/site-packages/airflow/example_dags/example_python_decorator.py took 0.243 seconds
[2026-08-24T14:23:01.331+0000] {processor.py:161} INFO - Started process (PID=93) to work on /home/airflow/.local/lib/python3.12/site-packages/airflow/example_dags/example_python_decorator.py
[2026-08-24T14:23:01.333+0000] {processor.py:830} INFO - Processing file /home/airflow/.local/lib/python3.12/site-packages/airflow/example_dags/example_python_decorator.py for tasks to queue
[2026-08-24T14:23:01.336+0000] {logging_mixin.py:188} INFO - [2026-08-24T14:23:01.335+0000] {dagbag.py:545} INFO - Filling up the DagBag from /home/airflow/.local/lib/python3.12/site-packages/airflow/example_dags/example_python_decorator.py
[2026-08-24T14:23:01.357+0000] {processor.py:840} INFO - DAG(s) 'example_python_decorator' retrieved from /home/airflow/.local/lib/python3.12/site-packages/airflow/example_dags/example_python_decorator.py
[2026-08-24T14:23:01.503+0000] {logging_mixin.py:188} INFO - [2026-08-24T14:23:01.503+0000] {dag.py:3096} INFO - Sync 1 DAGs
[2026-08-24T14:23:01.517+0000] {logging_mixin.py:188} INFO - [2026-08-24T14:23:01.517+0000] {dag.py:3954} INFO - Setting next_dagrun for example_python_decorator to None, run_after=None
[2026-08-24T14:23:01.544+0000] {processor.py:183} INFO - Processing /home/airflow/.local/lib/python3.12/site-packages/airflow/example_dags/example_python_decorator.py took 0.220 seconds
[2026-08-24T14:23:31.877+0000] {processor.py:161} INFO - Started process (PID=153) to work on /home/airflow/.local/lib/python3.12/site-packages/airflow/example_dags/example_python_decorator.py
[2026-08-24T14:23:31.879+0000] {processor.py:830} INFO - Processing file /home/airflow/.local/lib/python3.12/site-packages/airflow/example_dags/example_python_decorator.py for tasks to queue
[2026-08-24T14:23:31.882+0000] {logging_mixin.py:188} INFO - [2026-08-24T14:23:31.882+0000] {dagbag.py:545} INFO - Filling up the DagBag from /home/airflow/.local/lib/python3.12/site-packages/airflow/example_dags/example_python_decorator.py
[2026-08-24T14:23:31.901+0000] {processor.py:840} INFO - DAG(s) 'example_python_decorator' retrieved from /home/airflow/.local/lib/python3.12/site-packages/airflow/example_dags/example_python_decorator.py
[2026-08-24T14:23:31.935+0000] {logging_mixin.py:188} INFO - [2026-08-24T14:23:31.934+0000] {dag.py:3096} INFO - Sync 1 DAGs
[2026-08-24T14:23:31.954+0000] {logging_mixin.py:188} INFO - [2026-08-24T14:23:31.954+0000] {dag.py:3954} INFO - Setting next_dagrun for example_python_decorator to None, run_after=None
[2026-08-24T14:23:31.985+0000] {processor.py:183} INFO - Processing /home/airflow/.local/lib/python3.12/site-packages/airflow/example_dags/example_python_decorator.py took 0.115 seconds
[2026-08-24T14:24:04.559+0000] {processor.py:161} INFO - Started process (PID=219) to work on /home/airflow/.local/lib/python3.12/site-packages/airflow/example_dags/example_python_decorator.py
[2026-08-24T14:24:04.560+0000] {processor.py:830} INFO - Processing file /home/airflow/.local/lib/python3.12/site-packages/airflow/example_dags/example_python_decorator.py for tasks to queue
[2026-08-24T14:24:04.564+0000] {logging_mixin.py:188} INFO - [2026-08-24T14:24:04.563+0000] {dagbag.py:545} INFO - Filling up the DagBag from /home/airflow/.local/lib/python3.12/site-packages/airflow/example_dags/example_python_decorator.py
[2026-08-24T14:24:04.589+0000] {processor.py:840} INFO - DAG(s) 'example_python_decorator' retrieved from /home/airflow/.local/lib/python3.12/site-packages/airflow/example_dags/example_python_decorator.py
[2026-08-24T14:24:04.621+0000] {logging_mixin.py:188} INFO - [2026-08-24T14:24:04.621+0000] {dag.py:3096} INFO - Sync 1 DAGs
[2026-08-24T14:24:04.641+0000] {logging_mixin.py:188} INFO - [2026-08-24T14:24:04.641+0000] {dag.py:3954} INFO - Setting next_dagrun for example_python_decorator to None, run_after=None
[2026-08-24T14:24:04.675+0000] {processor.py:183} INFO - Processing /home/airflow/.local/lib/python3.12/site-packages/airflow/example_dags/example_python_decorator.py took 0.129 seconds
[2026-08-24T14:24:35.579+0000] {processor.py:161} INFO - Started process (PID=279) to work on /home/airflow/.local/lib/python3.12/site-packages/airflow/example_dags/example_python_decorator.py
[2026-08-24T14:24:35.580+0000] {processor.py:830} INFO - Processing file /home/airflow/.local/lib/python3.12/site-packages/airflow/example_dags/example_python_decorator.py for tasks to queue
[2026-08-24T14:24:35.584+0000] {logging_mixin.py:188} INFO - [2026-08-24T14:24:35.584+0000] {dagbag.py:545} INFO - Filling up the DagBag from /home/airflow/.local/lib/python3.12/site-packages/airflow/example_dags/example_python_decorator.py
[2026-08-24T14:24:35.607+0000] {processor.py:840} INFO - DAG(s) 'example_python_decorator' retrieved from /home/airflow/.local/lib/python3.12/site-packages/airflow/example_dags/example_python_decorator.py
[2026-08-24T14:24:35.639+0000] {logging_mixin.py:188} INFO - [2026-08-24T14:24:35.639+0000] {dag.py:3096} INFO - Sync 1 DAGs
[2026-08-24T14:24:35.655+0000] {logging_mixin.py:188} INFO - [2026-08-24T14:24:35.655+0000] {dag.py:3954} INFO - Setting next_dagrun for example_python_decorator to None, run_after=None
[2026-08-24T14:24:35.679+0000] {processor.py:183} INFO - Processing /home/airflow/.local/lib/python3.12/site-packages/airflow/example_dags/example_python_decorator.py took 0.108 seconds
[2026-08-24T14:25:06.407+0000] {processor.py:161} INFO - Started process (PID=339) to work on /home/airflow/.local/lib/python3.12/site-packages/airflow/example_dags/example_python_decorator.py
[2026-08-24T14:25:06.408+0000] {processor.py:830} INFO - Processing file /home/airflow/.local/lib/python3.12/site-packages/airflow/example_dags/example_python_decorator.py for tasks to queue
[2026-08-24T14:25:06.411+0000] {logging_mixin.py:188} INFO - [2026-08-24T14:25:06.411+0000] {dagbag.py:545} INFO - Filling up the DagBag from /home/airflow/.local/lib/python3.12/site-packages/airflow/example_dags/example_python_decorator.py
[2026-08-24T14:25:06.431+0000] {processor.py:840} INFO - DAG(s) 'example_python_decorator' retrieved from /home/airflow/.local/lib/python3.12/site-packages/airflow/example_dags/example_python_decorator.py
[2026-08-24T14:25:06.464+0000] {logging_mixin.py:188} INFO - [2026-08-24T14:25:06.463+0000] {dag.py:3096} INFO - Sync 1 DAGs
[2026-08-24T14:25:06.481+0000] {logging_mixin.py:188} INFO - [2026-08-24T14:25:06.481+0000] {dag.py:3954} INFO - Setting next_dagrun for example_python_decorator to None, run_after=None
[2026-08-24T14:25:06.506+0000] {processor.py:183} INFO - Processing /home/airflow/.local/lib/python3.12/site-packages/airflow/example_dags/example_python_decorator.py took 0.106 seconds
[2026-08-24T14:25:37.592+0000] {processor.py:161} INFO - Started process (PID=399) to work on /home/airflow/.local/lib/python3.12/site-packages/airflow/example_dags/example_python_decorator.py
[2026-08-24T14:25:37.593+0000] {processor.py:830} INFO - Processing file /home/airflow/.local/lib/python3.12/site-packages/airflow/example_dags/example_python_decorator.py for tasks to queue
[2026-08-24T14:25:37.596+0000] {logging_mixin.py:188} INFO - [2026-08-24T14:25:37.595+0000] {dagbag.py:545} INFO - Filling up the DagBag from /home/airflow/.local/lib/python3.12/site-packages/airflow/example_dags/example_python_decorator.py
[2026-08-24T14:25:37.613+0000] {processor.py:840} INFO - DAG(s) 'example_python_decorator' retrieved from /home/airflow/.local/lib/python3.12/site-packages/airflow/example_dags/example_python_decorator.py
[2026-08-24T14:25:37.645+0000] {logging_mixin.py:188} INFO - [2026-08-24T14:25:37.645+0000] {dag.py:3096} INFO - Sync 1 DAGs
[2026-08-24T14:25:37.662+0000] {logging_mixin.py:188} INFO - [2026-08-24T14:25:37.661+0000] {dag.py:3954} INFO - Setting next_dagrun for example_python_decorator to None, run_after=None
[2026-08-24T14:25:37.686+0000] {processor.py:183} INFO - Processing /home/airflow/.local/lib/python3.12/site-packages/airflow/example_dags/example_python_decorator.py took 0.102 seconds
[2026-08-24T14:26:08.644+0000] {processor.py:161} INFO - Started process (PID=459) to work on /home/airflow/.local/lib/python3.12/site-packages/airflow/example_dags/example_python_decorator.py
[2026-08-24T14:26:08.648+0000] {processor.py:830} INFO - Processing file /home/airflow/.local/lib/python3.12/site-packages/airflow/example_dags/example_python_decorator.py for tasks to queue
[2026-08-24T14:26:08.651+0000] {logging_mixin.py:188} INFO - [2026-08-24T14:26:08.650+0000] {dagbag.py:545} INFO - Filling up the DagBag from /home/airflow/.local/lib/python3.12/site-packages/airflow/example_dags/example_python_decorator.py
[2026-08-24T14:26:08.671+0000] {processor.py:840} INFO - DAG(s) 'example_python_decorator' retrieved from /home/airflow/.local/lib/python3.12/site-packages/airflow/example_dags/example_python_decorator.py
[2026-08-24T14:26:08.701+0000] {logging_mixin.py:188} INFO - [2026-08-24T14:26:08.701+0000] {dag.py:3096} INFO - Sync 1 DAGs
[2026-08-24T14:26:08.721+0000] {logging_mixin.py:188} INFO - [2026-08-24T14:26:08.720+0000] {dag.py:3954} INFO - Setting next_dagrun for example_python_decorator to None, run_after=None
[2026-08-24T14:26:08.744+0000] {processor.py:183} INFO - Processing /home/airflow/.local/lib/python3.12/site-packages/airflow/example_dags/example_python_decorator.py took 0.108 seconds
[2026-08-24T14:26:38.997+0000] {processor.py:161} INFO - Started process (PID=518) to work on /home/airflow/.local/lib/python3.12/site-packages/airflow/example_dags/example_python_decorator.py
[2026-08-24T14:26:38.998+0000] {processor.py:830} INFO - Processing file /home/airflow/.local/lib/python3.12/site-packages/airflow/example_dags/example_python_decorator.py for tasks to queue
[2026-08-24T14:26:39.001+0000] {logging_mixin.py:188} INFO - [2026-08-24T14:26:39.001+0000] {dagbag.py:545} INFO - Filling up the DagBag from /home/airflow/.local/lib/python3.12/site-packages/airflow/example_dags/example_python_decorator.py
[2026-08-24T14:26:39.020+0000] {processor.py:840} INFO - DAG(s) 'example_python_decorator' retrieved from /home/airflow/.local/lib/python3.12/site-packages/airflow/example_dags/example_python_decorator.py
[2026-08-24T14:26:39.054+0000] {logging_mixin.py:188} INFO - [2026-08-24T14:26:39.054+0000] {dag.py:3096} INFO - Sync 1 DAGs
[2026-08-24T14:26:39.070+0000] {logging_mixin.py:188} INFO - [2026-08-24T14:26:39.070+0000] {dag.py:3954} INFO - Setting next_dagrun for example_python_decorator to None, run_after=None
[2026-08-24T14:26:39.098+0000] {processor.py:183} INFO - Processing /home/airflow/.local/lib/python3.12/site-packages/airflow/example_dags/example_python_decorator.py took 0.109 seconds
[2026-08-24T14:27:09.447+0000] {processor.py:161} INFO - Started process (PID=577) to work on /home/airflow/.local/lib/python3.12/site-packages/airflow/example_dags/example_python_decorator.py
[2026-08-24T14:27:09.448+0000] {processor.py:830} INFO - Processing file /home/airflow/.local/lib/python3.12/site-packages/airflow/example_dags/example_python_decorator.py for tasks to queue
[2026-08-24T14:27:09.451+0000] {logging_mixin.py:188} INFO - [2026-08-24T14:27:09.451+0000] {dagbag.py:545} INFO - Filling up the DagBag from /home/airflow/.local/lib/python3.12/site-packages/airflow/example_dags/example_python_decorator.py
[2026-08-24T14:27:09.468+0000] {processor.py:840} INFO - DAG(s) 'example_python_decorator' retrieved from /home/airflow/.local/lib/python3.12/site-packages/airflow/example_dags/example_python_decorator.py
[2026-08-24T14:27:09.498+0000] {logging_mixin.py:188} INFO - [2026-08-24T14:27:09.498+0000] {dag.py:3096} INFO - Sync 1 DAGs
[2026-08-24T14:27:09.516+0000] {logging_mixin.py:188} INFO - [2026-08-24T14:27:09.516+0000] {dag.py:3954} INFO - Setting next_dagrun for example_python_decorator to None, run_after=None
[2026-08-24T14:27:09.541+0000] {processor.py:183} INFO - Processing /home/airflow/.local/lib/python3.12/site-packages/airflow/example_dags/example_python_decorator.py took 0.101 seconds
[2026-08-24T14:27:39.853+0000] {processor.py:161} INFO - Started process (PID=637) to work on /home/airflow/.local/lib/python3.12/site-packages/airflow/example_dags/example_python_decorator.py
[2026-08-24T14:27:39.854+0000] {processor.py:830} INFO - Processing file /home/airflow/.local/lib/python3.12/site-packages/airflow/example_dags/example_python_decorator.py for tasks to queue
[2026-08-24T14:27:39.857+0000] {logging_mixin.py:188} INFO - [2026-08-24T14:27:39.857+0000] {dagbag.py:545} INFO - Filling up the DagBag from /home/airflow/.local/lib/python3.12/site-packages/airflow/example_dags/example_python_decorator.py
[2026-08-24T14:27:39.877+0000] {processor.py:840} INFO - DAG(s) 'example_python_decorator' retrieved from /home/airflow/.local/lib/python3.12/site-packages/airflow/example_dags/example_python_decorator.py
[2026-08-24T14:27:39.908+0000] {logging_mixin.py:188} INFO - [2026-08-24T14:27:39.908+0000] {dag.py:3096} INFO - Sync 1 DAGs
[2026-08-24T14:27:39.925+0000] {logging_mixin.py:188} INFO - [2026-08-24T14:27:39.925+0000] {dag.py:3954} INFO - Setting next_dagrun for example_python_decorator to None, run_after=None
[2026-08-24T14:27:39.951+0000] {processor.py:183} INFO - Processing /home/airflow/.local/lib/python3.12/site-packages/airflow/example_dags/example_python_decorator.py took 0.107 seconds
[2026-08-24T14:28:10.187+0000] {processor.py:161} INFO - Started process (PID=697) to work on /home/airflow/.local/lib/python3.12/site-packages/airflow/example_dags/example_python_decorator.py
[2026-08-24T14:28:10.189+0000] {processor.py:830} INFO - Processing file /home/airflow/.local/lib/python3.12/site-packages/airflow/example_dags/example_python_decorator.py for tasks to queue
[2026-08-24T14:28:10.191+0000] {logging_mixin.py:188} INFO - [2026-08-24T14:28:10.191+0000] {dagbag.py:545} INFO - Filling up the DagBag from /home/airflow/.local/lib/python3.12/site-packages/airflow/example_dags/example_python_decorator.py
[2026-08-24T14:28:10.207+0000] {processor.py:840} INFO - DAG(s) 'example_python_decorator' retrieved from /home/airflow/.local/lib/python3.12/site-packages/airflow/example_dags/example_python_decorator.py
[2026-08-24T14:28:10.232+0000] {logging_mixin.py:188} INFO - [2026-08-24T14:28:10.232+0000] {dag.py:3096} INFO - Sync 1 DAGs
[2026-08-24T14:28:10.252+0000] {logging_mixin.py:188} INFO - [2026-08-24T14:28:10.252+0000] {dag.py:3954} INFO - Setting next_dagrun for example_python_decorator to None, run_after=None
[2026-08-24T14:28:10.275+0000] {processor.py:183} INFO - Processing /home/airflow/.local/lib/python3.12/site-packages/airflow/example_dags/example_python_decorator.py took 0.095 seconds
[2026-08-24T14:28:40.745+0000] {processor.py:161} INFO - Started process (PID=757) to work on /home/airflow/.local/lib/python3.12/site-packages/airflow/example_dags/example_python_decorator.py
[2026-08-24T14:28:40.747+0000] {processor.py:830} INFO - Processing file /home/airflow/.local/lib/python3.12/site-packages/airflow/example_dags/example_python_decorator.py for tasks to queue
[2026-08-24T14:28:40.749+0000] {logging_mixin.py:188} INFO - [2026-08-24T14:28:40.749+0000] {dagbag.py:545} INFO - Filling up the DagBag from /home/airflow/.local/lib/python3.12/site-packages/airflow/example_dags/example_python_decorator.py
[2026-08-24T14:28:40.765+0000] {processor.py:840} INFO - DAG(s) 'example_python_decorator' retrieved from /home/airflow/.local/lib/python3.12/site-packages/airflow/example_dags/example_python_decorator.py
[2026-08-24T14:28:40.795+0000] {logging_mixin.py:188} INFO - [2026-08-24T14:28:40.795+0000] {dag.py:3096} INFO - Sync 1 DAGs
[2026-08-24T14:28:40.812+0000] {logging_mixin.py:188} INFO - [2026-08-24T14:28:40.811+0000] {dag.py:3954} INFO - Setting next_dagrun for example_python_decorator to None, run_after=None
[2026-08-24T14:28:40.836+0000] {processor.py:183} INFO - Processing /home/airflow/.local/lib/python3.12/site-packages/airflow/example_dags/example_python_decorator.py took 0.098 seconds
[2026-08-24T14:29:11.702+0000] {processor.py:161} INFO - Started process (PID=817) to work on /home/airflow/.local/lib/python3.12/site-packages/airflow/example_dags/example_python_decorator.py
[2026-08-24T14:29:11.703+0000] {processor.py:830} INFO - Processing file /home/airflow/.local/lib/python3.12/site-packages/airflow/example_dags/example_python_decorator.py for tasks to queue
[2026-08-24T14:29:11.706+0000] {logging_mixin.py:188} INFO - [2026-08-24T14:29:11.705+0000] {dagbag.py:545} INFO - Filling up the DagBag from /home/airflow/.local/lib/python3.12/site-packages/airflow/example_dags/example_python_decorator.py
[2026-08-24T14:29:11.725+0000] {processor.py:840} INFO - DAG(s) 'example_python_decorator' retrieved from /home/airflow/.local/lib/python3.12/site-packages/airflow/example_dags/example_python_decorator.py
[2026-08-24T14:29:11.761+0000] {logging_mixin.py:188} INFO - [2026-08-24T14:29:11.760+0000] {dag.py:3096} INFO - Sync 1 DAGs
[2026-08-24T14:29:11.779+0000] {logging_mixin.py:188} INFO - [2026-08-24T14:29:11.779+0000] {dag.py:3954} INFO - Setting next_dagrun for example_python_decorator to None, run_after=None
[2026-08-24T14:29:11.811+0000] {processor.py:183} INFO - Processing /home/airflow/.local/lib/python3.12/site-packages/airflow/example_dags/example_python_decorator.py took 0.119 seconds
[2026-08-24T14:29:41.947+0000] {processor.py:161} INFO - Started process (PID=878) to work on /home/airflow/.local/lib/python3.12/site-packages/airflow/example_dags/example_python_decorator.py
[2026-08-24T14:29:41.948+0000] {processor.py:830} INFO - Processing file /home/airflow/.local/lib/python3.12/site-packages/airflow/example_dags/example_python_decorator.py for tasks to queue
[2026-08-24T14:29:41.952+0000] {logging_mixin.py:188} INFO - [2026-08-24T14:29:41.951+0000] {dagbag.py:545} INFO - Filling up the DagBag from /home/airflow/.local/lib/python3.12/site-packages/airflow/example_dags/example_python_decorator.py
[2026-08-24T14:29:41.971+0000] {processor.py:840} INFO - DAG(s) 'example_python_decorator' retrieved from /home/airflow/.local/lib/python3.12/site-packages/airflow/example_dags/example_python_decorator.py
[2026-08-24T14:29:42.002+0000] {logging_mixin.py:188} INFO - [2026-08-24T14:29:42.002+0000] {dag.py:3096} INFO - Sync 1 DAGs
[2026-08-24T14:29:42.019+0000] {logging_mixin.py:188} INFO - [2026-08-24T14:29:42.019+0000] {dag.py:3954} INFO - Setting next_dagrun for example_python_decorator to None, run_after=None
[2026-08-24T14:29:42.047+0000] {processor.py:183} INFO - Processing /home/airflow/.local/lib/python3.12/site-packages/airflow/example_dags/example_python_decorator.py took 0.108 seconds
[2026-08-24T14:30:12.995+0000] {processor.py:161} INFO - Started process (PID=938) to work on /home/airflow/.local/lib/python3.12/site-packages/airflow/example_dags/example_python_decorator.py
[2026-08-24T14:30:12.997+0000] {processor.py:830} INFO - Processing file /home/airflow/.local/lib/python3.12/site-packages/airflow/example_dags/example_python_decorator.py for tasks to queue
[2026-08-24T14:30:13.000+0000] {logging_mixin.py:188} INFO - [2026-08-24T14:30:12.999+0000] {dagbag.py:545} INFO - Filling up the DagBag from /home/airflow/.local/lib/python3.12/site-packages/airflow/example_dags/example_python_decorator.py
[2026-08-24T14:30:13.017+0000] {processor.py:840} INFO - DAG(s) 'example_python_decorator' retrieved from /home/airflow/.local/lib/python3.12/site-packages/airflow/example_dags/example_python_decorator.py
[2026-08-24T14:30:13.047+0000] {logging_mixin.py:188} INFO - [2026-08-24T14:30:13.046+0000] {dag.py:3096} INFO - Sync 1 DAGs
[2026-08-24T14:30:13.063+0000] {logging_mixin.py:188} INFO - [2026-08-24T14:30:13.063+0000] {dag.py:3954} INFO - Setting next_dagrun for example_python_decorator to None, run_after=None
[2026-08-24T14:30:13.089+0000] {processor.py:183} INFO - Processing /home/airflow/.local/lib/python3.12/site-packages/airflow/example_dags/example_python_decorator.py took 0.101 seconds
[2026-08-24T14:30:43.875+0000] {processor.py:161} INFO - Started process (PID=999) to work on /home/airflow/.local/lib/python3.12/site-packages/airflow/example_dags/example_python_decorator.py
[2026-08-24T14:30:43.877+0000] {processor.py:830} INFO - Processing file /home/airflow/.local/lib/python3.12/site-packages/airflow/example_dags/example_python_decorator.py for tasks to queue
[2026-08-24T14:30:43.879+0000] {logging_mixin.py:188} INFO - [2026-08-24T14:30:43.879+0000] {dagbag.py:545} INFO - Filling up the DagBag from /home/airflow/.local/lib/python3.12/site-packages/airflow/example_dags/example_python_decorator.py
[2026-08-24T14:30:43.895+0000] {processor.py:840} INFO - DAG(s) 'example_python_decorator' retrieved from /home/airflow/.local/lib/python3.12/site-packages/airflow/example_dags/example_python_decorator.py
[2026-08-24T14:30:43.922+0000] {logging_mixin.py:188} INFO - [2026-08-24T14:30:43.922+0000] {dag.py:3096} INFO - Sync 1 DAGs
[2026-08-24T14:30:43.939+0000] {logging_mixin.py:188} INFO - [2026-08-24T14:30:43.939+0000] {dag.py:3954} INFO - Setting next_dagrun for example_python_decorator to None, run_after=None
[2026-08-24T14:30:43.964+0000] {processor.py:183} INFO - Processing /home/airflow/.local/lib/python3.12/site-packages/airflow/example_dags/example_python_decorator.py took 0.096 seconds
[2026-08-24T14:35:25.529+0000] {processor.py:161} INFO - Started process (PID=116) to work on /home/airflow/.local/lib/python3.12/site-packages/airflow/example_dags/example_python_decorator.py
[2026-08-24T14:35:25.531+0000] {processor.py:830} INFO - Processing file /home/airflow/.local/lib/python3.12/site-packages/airflow/example_dags/example_python_decorator.py for tasks to queue
[2026-08-24T14:35:25.534+0000] {logging_mixin.py:188} INFO - [2026-08-24T14:35:25.533+0000] {dagbag.py:545} INFO - Filling up the DagBag from /home/airflow/.local/lib/python3.12/site-packages/airflow/example_dags/example_python_decorator.py
[2026-08-24T14:35:25.555+0000] {processor.py:840} INFO - DAG(s) 'example_python_decorator' retrieved from /home/airflow/.local/lib/python3.12/site-packages/airflow/example_dags/example_python_decorator.py
[2026-08-24T14:35:25.719+0000] {logging_mixin.py:188} INFO - [2026-08-24T14:35:25.719+0000] {dag.py:3096} INFO - Sync 1 DAGs
[2026-08-24T14:35:25.734+0000] {logging_mixin.py:188} INFO - [2026-08-24T14:35:25.734+0000] {dag.py:3954} INFO - Setting next_dagrun for example_python_decorator to None, run_after=None
[2026-08-24T14:35:25.766+0000] {processor.py:183} INFO - Processing /home/airflow/.local/lib/python3.12/site-packages/airflow/example_dags/example_python_decorator.py took 0.246 seconds
[2026-08-24T14:35:56.389+0000] {processor.py:161} INFO - Started process (PID=176) to work on /home/airflow/.local/lib/python3.12/site-packages/airflow/example_dags/example_python_decorator.py
[2026-08-24T14:35:56.390+0000] {processor.py:830} INFO - Processing file /home/airflow/.local/lib/python3.12/site-packages/airflow/example_dags/example_python_decorator.py for tasks to queue
[2026-08-24T14:35:56.393+0000] {logging_mixin.py:188} INFO - [2026-08-24T14:35:56.392+0000] {dagbag.py:545} INFO - Filling up the DagBag from /home/airflow/.local/lib/python3.12/site-packages/airflow/example_dags/example_python_decorator.py
[2026-08-24T14:35:56.410+0000] {processor.py:840} INFO - DAG(s) 'example_python_decorator' retrieved from /home/airflow/.local/lib/python3.12/site-packages/airflow/example_dags/example_python_decorator.py
[2026-08-24T14:35:56.445+0000] {logging_mixin.py:188} INFO - [2026-08-24T14:35:56.445+0000] {dag.py:3096} INFO - Sync 1 DAGs
[2026-08-24T14:35:56.464+0000] {logging_mixin.py:188} INFO - [2026-08-24T14:35:56.463+0000] {dag.py:3954} INFO - Setting next_dagrun for example_python_decorator to None, run_after=None
[2026-08-24T14:35:56.489+0000] {processor.py:183} INFO - Processing /home/airflow/.local/lib/python3.12/site-packages/airflow/example_dags/example_python_decorator.py took 0.108 seconds
[2026-08-24T14:36:26.782+0000] {processor.py:161} INFO - Started process (PID=236) to work on /home/airflow/.local/lib/python3.12/site-packages/airflow/example_dags/example_python_decorator.py
[2026-08-24T14:36:26.783+0000] {processor.py:830} INFO - Processing file /home/airflow/.local/lib/python3.12/site-packages/airflow/example_dags/example_python_decorator.py for tasks to queue
[2026-08-24T14:36:26.786+0000] {logging_mixin.py:188} INFO - [2026-08-24T14:36:26.786+0000] {dagbag.py:545} INFO - Filling up the DagBag from /home/airflow/.local/lib/python3.12/site-packages/airflow/example_dags/example_python_decorator.py
[2026-08-24T14:36:26.804+0000] {processor.py:840} INFO - DAG(s) 'example_python_decorator' retrieved from /home/airflow/.local/lib/python3.12/site-packages/airflow/example_dags/example_python_decorator.py
[2026-08-24T14:36:26.839+0000] {logging_mixin.py:188} INFO - [2026-08-24T14:36:26.838+0000] {dag.py:3096} INFO - Sync 1 DAGs
[2026-08-24T14:36:26.855+0000] {logging_mixin.py:188} INFO - [2026-08-24T14:36:26.855+0000] {dag.py:3954} INFO - Setting next_dagrun for example_python_decorator to None, run_after=None
[2026-08-24T14:36:26.880+0000] {processor.py:183} INFO - Processing /home/airflow/.local/lib/python3.12/site-packages/airflow/example_dags/example_python_decorator.py took 0.106 seconds
[2026-08-24T14:36:58.087+0000] {processor.py:161} INFO - Started process (PID=297) to work on /home/airflow/.local/lib/python3.12/site-packages/airflow/example_dags/example_python_decorator.py
[2026-08-24T14:36:58.089+0000] {processor.py:830} INFO - Processing file /home/airflow/.local/lib/python3.12/site-packages/airflow/example_dags/example_python_decorator.py for tasks to queue
[2026-08-24T14:36:58.093+0000] {logging_mixin.py:188} INFO - [2026-08-24T14:36:58.092+0000] {dagbag.py:545} INFO - Filling up the DagBag from /home/airflow/.local/lib/python3.12/site-packages/airflow/example_dags/example_python_decorator.py
[2026-08-24T14:36:58.114+0000] {processor.py:840} INFO - DAG(s) 'example_python_decorator' retrieved from /home/airflow/.local/lib/python3.12/site-packages/airflow/example_dags/example_python_decorator.py
[2026-08-24T14:36:58.151+0000] {logging_mixin.py:188} INFO - [2026-08-24T14:36:58.151+0000] {dag.py:3096} INFO - Sync 1 DAGs
[2026-08-24T14:36:58.174+0000] {logging_mixin.py:188} INFO - [2026-08-24T14:36:58.174+0000] {dag.py:3954} INFO - Setting next_dagrun for example_python_decorator to None, run_after=None
[2026-08-24T14:36:58.201+0000] {processor.py:183} INFO - Processing /home/airflow/.local/lib/python3.12/site-packages/airflow/example_dags/example_python_decorator.py took 0.125 seconds
[2026-08-24T14:37:29.222+0000] {processor.py:161} INFO - Started process (PID=356) to work on /home/airflow/.local/lib/python3.12/site-packages/airflow/example_dags/example_python_decorator.py
[2026-08-24T14:37:29.223+0000] {processor.py:830} INFO - Processing file /home/airflow/.local/lib/python3.12/site-packages/airflow/example_dags/example_python_decorator.py for tasks to queue
[2026-08-24T14:37:29.226+0000] {logging_mixin.py:188} INFO - [2026-08-24T14:37:29.225+0000] {dagbag.py:545} INFO - Filling up the DagBag from /home/airflow/.local/lib/python3.12/site-packages/airflow/example_dags/example_python_decorator.py
[2026-08-24T14:37:29.247+0000] {processor.py:840} INFO - DAG(s) 'example_python_decorator' retrieved from /home/airflow/.local/lib/python3.12/site-packages/airflow/example_dags/example_python_decorator.py
[2026-08-24T14:37:29.283+0000] {logging_mixin.py:188} INFO - [2026-08-24T14:37:29.282+0000] {dag.py:3096} INFO - Sync 1 DAGs
[2026-08-24T14:37:29.306+0000] {logging_mixin.py:188} INFO - [2026-08-24T14:37:29.306+0000] {dag.py:3954} INFO - Setting next_dagrun for example_python_decorator to None, run_after=None
[2026-08-24T14:37:29.338+0000] {processor.py:183} INFO - Processing /home/airflow/.local/lib/python3.12/site-packages/airflow/example_dags/example_python_decorator.py took 0.125 seconds
[2026-08-24T14:37:59.427+0000] {processor.py:161} INFO - Started process (PID=415) to work on /home/airflow/.local/lib/python3.12/site-packages/airflow/example_dags/example_python_decorator.py
[2026-08-24T14:37:59.429+0000] {processor.py:830} INFO - Processing file /home/airflow/.local/lib/python3.12/site-packages/airflow/example_dags/example_python_decorator.py for tasks to queue
[2026-08-24T14:37:59.431+0000] {logging_mixin.py:188} INFO - [2026-08-24T14:37:59.431+0000] {dagbag.py:545} INFO - Filling up the DagBag from /home/airflow/.local/lib/python3.12/site-packages/airflow/example_dags/example_python_decorator.py
[2026-08-24T14:37:59.448+0000] {processor.py:840} INFO - DAG(s) 'example_python_decorator' retrieved from /home/airflow/.local/lib/python3.12/site-packages/airflow/example_dags/example_python_decorator.py
[2026-08-24T14:37:59.478+0000] {logging_mixin.py:188} INFO - [2026-08-24T14:37:59.478+0000] {dag.py:3096} INFO - Sync 1 DAGs
[2026-08-24T14:37:59.494+0000] {logging_mixin.py:188} INFO - [2026-08-24T14:37:59.494+0000] {dag.py:3954} INFO - Setting next_dagrun for example_python_decorator to None, run_after=None
[2026-08-24T14:37:59.519+0000] {processor.py:183} INFO - Processing /home/airflow/.local/lib/python3.12/site-packages/airflow/example_dags/example_python_decorator.py took 0.100 seconds
[2026-08-24T14:38:29.592+0000] {processor.py:161} INFO - Started process (PID=476) to work on /home/airflow/.local/lib/python3.12/site-packages/airflow/example_dags/example_python_decorator.py
[2026-08-24T14:38:29.593+0000] {processor.py:830} INFO - Processing file /home/airflow/.local/lib/python3.12/site-packages/airflow/example_dags/example_python_decorator.py for tasks to queue
[2026-08-24T14:38:29.596+0000] {logging_mixin.py:188} INFO - [2026-08-24T14:38:29.595+0000] {dagbag.py:545} INFO - Filling up the DagBag from /home/airflow/.local/lib/python3.12/site-packages/airflow/example_dags/example_python_decorator.py
[2026-08-24T14:38:29.614+0000] {processor.py:840} INFO - DAG(s) 'example_python_decorator' retrieved from /home/airflow/.local/lib/python3.12/site-packages/airflow/example_dags/example_python_decorator.py
[2026-08-24T14:38:29.644+0000] {logging_mixin.py:188} INFO - [2026-08-24T14:38:29.644+0000] {dag.py:3096} INFO - Sync 1 DAGs
[2026-08-24T14:38:29.663+0000] {logging_mixin.py:188} INFO - [2026-08-24T14:38:29.663+0000] {dag.py:3954} INFO - Setting next_dagrun for example_python_decorator to None, run_after=None
[2026-08-24T14:38:29.738+0000] {processor.py:183} INFO - Processing /home/airflow/.local/lib/python3.12/site-packages/airflow/example_dags/example_python_decorator.py took 0.155 seconds
[2026-08-24T14:39:00.338+0000] {processor.py:161} INFO - Started process (PID=542) to work on /home/airflow/.local/lib/python3.12/site-packages/airflow/example_dags/example_python_decorator.py
[2026-08-24T14:39:00.340+0000] {processor.py:830} INFO - Processing file /home/airflow/.local/lib/python3.12/site-packages/airflow/example_dags/example_python_decorator.py for tasks to queue
[2026-08-24T14:39:00.343+0000] {logging_mixin.py:188} INFO - [2026-08-24T14:39:00.342+0000] {dagbag.py:545} INFO - Filling up the DagBag from /home/airflow/.local/lib/python3.12/site-packages/airflow/example_dags/example_python_decorator.py
[2026-08-24T14:39:00.361+0000] {processor.py:840} INFO - DAG(s) 'example_python_decorator' retrieved from /home/airflow/.local/lib/python3.12/site-packages/airflow/example_dags/example_python_decorator.py
[2026-08-24T14:39:00.398+0000] {logging_mixin.py:188} INFO - [2026-08-24T14:39:00.397+0000] {dag.py:3096} INFO - Sync 1 DAGs
[2026-08-24T14:39:00.434+0000] {logging_mixin.py:188} INFO - [2026-08-24T14:39:00.433+0000] {dag.py:3954} INFO - Setting next_dagrun for example_python_decorator to None, run_after=None
[2026-08-24T14:39:00.488+0000] {processor.py:183} INFO - Processing /home/airflow/.local/lib/python3.12/site-packages/airflow/example_dags/example_python_decorator.py took 0.160 seconds
[2026-08-24T14:41:18.321+0000] {processor.py:161} INFO - Started process (PID=121) to work on /home/airflow/.local/lib/python3.12/site-packages/airflow/example_dags/example_python_decorator.py
[2026-08-24T14:41:18.323+0000] {processor.py:830} INFO - Processing file /home/airflow/.local/lib/python3.12/site-packages/airflow/example_dags/example_python_decorator.py for tasks to queue
[2026-08-24T14:41:18.326+0000] {logging_mixin.py:188} INFO - [2026-08-24T14:41:18.325+0000] {dagbag.py:545} INFO - Filling up the DagBag from /home/airflow/.local/lib/python3.12/site-packages/airflow/example_dags/example_python_decorator.py
[2026-08-24T14:41:18.355+0000] {processor.py:840} INFO - DAG(s) 'example_python_decorator' retrieved from /home/airflow/.local/lib/python3.12/site-packages/airflow/example_dags/example_python_decorator.py
[2026-08-24T14:41:18.556+0000] {logging_mixin.py:188} INFO - [2026-08-24T14:41:18.556+0000] {dag.py:3096} INFO - Sync 1 DAGs
[2026-08-24T14:41:18.576+0000] {logging_mixin.py:188} INFO - [2026-08-24T14:41:18.576+0000] {dag.py:3954} INFO - Setting next_dagrun for example_python_decorator to None, run_after=None
[2026-08-24T14:41:18.609+0000] {processor.py:183} INFO - Processing /home/airflow/.local/lib/python3.12/site-packages/airflow/example_dags/example_python_decorator.py took 0.298 seconds
[2026-08-24T14:41:49.450+0000] {processor.py:161} INFO - Started process (PID=181) to work on /home/airflow/.local/lib/python3.12/site-packages/airflow/example_dags/example_python_decorator.py
[2026-08-24T14:41:49.451+0000] {processor.py:830} INFO - Processing file /home/airflow/.local/lib/python3.12/site-packages/airflow/example_dags/example_python_decorator.py for tasks to queue
[2026-08-24T14:41:49.454+0000] {logging_mixin.py:188} INFO - [2026-08-24T14:41:49.453+0000] {dagbag.py:545} INFO - Filling up the DagBag from /home/airflow/.local/lib/python3.12/site-packages/airflow/example_dags/example_python_decorator.py
[2026-08-24T14:41:49.470+0000] {processor.py:840} INFO - DAG(s) 'example_python_decorator' retrieved from /home/airflow/.local/lib/python3.12/site-packages/airflow/example_dags/example_python_decorator.py
[2026-08-24T14:41:49.497+0000] {logging_mixin.py:188} INFO - [2026-08-24T14:41:49.497+0000] {dag.py:3096} INFO - Sync 1 DAGs
[2026-08-24T14:41:49.513+0000] {logging_mixin.py:188} INFO - [2026-08-24T14:41:49.513+0000] {dag.py:3954} INFO - Setting next_dagrun for example_python_decorator to None, run_after=None
[2026-08-24T14:41:49.542+0000] {processor.py:183} INFO - Processing /home/airflow/.local/lib/python3.12/site-packages/airflow/example_dags/example_python_decorator.py took 0.100 seconds
[2026-08-24T14:42:19.922+0000] {processor.py:161} INFO - Started process (PID=241) to work on /home/airflow/.local/lib/python3.12/site-packages/airflow/example_dags/example_python_decorator.py
[2026-08-24T14:42:19.923+0000] {processor.py:830} INFO - Processing file /home/airflow/.local/lib/python3.12/site-packages/airflow/example_dags/example_python_decorator.py for tasks to queue
[2026-08-24T14:42:19.926+0000] {logging_mixin.py:188} INFO - [2026-08-24T14:42:19.925+0000] {dagbag.py:545} INFO - Filling up the DagBag from /home/airflow/.local/lib/python3.12/site-packages/airflow/example_dags/example_python_decorator.py
[2026-08-24T14:42:19.944+0000] {processor.py:840} INFO - DAG(s) 'example_python_decorator' retrieved from /home/airflow/.local/lib/python3.12/site-packages/airflow/example_dags/example_python_decorator.py
[2026-08-24T14:42:19.979+0000] {logging_mixin.py:188} INFO - [2026-08-24T14:42:19.979+0000] {dag.py:3096} INFO - Sync 1 DAGs
[2026-08-24T14:42:19.999+0000] {logging_mixin.py:188} INFO - [2026-08-24T14:42:19.999+0000] {dag.py:3954} INFO - Setting next_dagrun for example_python_decorator to None, run_after=None
[2026-08-24T14:42:20.046+0000] {processor.py:183} INFO - Processing /home/airflow/.local/lib/python3.12/site-packages/airflow/example_dags/example_python_decorator.py took 0.133 seconds
[2026-08-24T14:42:50.887+0000] {processor.py:161} INFO - Started process (PID=300) to work on /home/airflow/.local/lib/python3.12/site-packages/airflow/example_dags/example_python_decorator.py
[2026-08-24T14:42:50.889+0000] {processor.py:830} INFO - Processing file /home/airflow/.local/lib/python3.12/site-packages/airflow/example_dags/example_python_decorator.py for tasks to queue
[2026-08-24T14:42:50.892+0000] {logging_mixin.py:188} INFO - [2026-08-24T14:42:50.891+0000] {dagbag.py:545} INFO - Filling up the DagBag from /home/airflow/.local/lib/python3.12/site-packages/airflow/example_dags/example_python_decorator.py
[2026-08-24T14:42:50.911+0000] {processor.py:840} INFO - DAG(s) 'example_python_decorator' retrieved from /home/airflow/.local/lib/python3.12/site-packages/airflow/example_dags/example_python_decorator.py
[2026-08-24T14:42:50.940+0000] {logging_mixin.py:188} INFO - [2026-08-24T14:42:50.940+0000] {dag.py:3096} INFO - Sync 1 DAGs
[2026-08-24T14:42:50.956+0000] {logging_mixin.py:188} INFO - [2026-08-24T14:42:50.956+0000] {dag.py:3954} INFO - Setting next_dagrun for example_python_decorator to None, run_after=None
[2026-08-24T14:42:50.981+0000] {processor.py:183} INFO - Processing /home/airflow/.local/lib/python3.12/site-packages/airflow/example_dags/example_python_decorator.py took 0.101 seconds
[2026-08-24T14:43:21.082+0000] {processor.py:161} INFO - Started process (PID=359) to work on /home/airflow/.local/lib/python3.12/site-packages/airflow/example_dags/example_python_decorator.py
[2026-08-24T14:43:21.083+0000] {processor.py:830} INFO - Processing file /home/airflow/.local/lib/python3.12/site-packages/airflow/example_dags/example_python_decorator.py for tasks to queue
[2026-08-24T14:43:21.086+0000] {logging_mixin.py:188} INFO - [2026-08-24T14:43:21.085+0000] {dagbag.py:545} INFO - Filling up the DagBag from /home/airflow/.local/lib/python3.12/site-packages/airflow/example_dags/example_python_decorator.py
[2026-08-24T14:43:21.106+0000] {processor.py:840} INFO - DAG(s) 'example_python_decorator' retrieved from /home/airflow/.local/lib/python3.12/site-packages/airflow/example_dags/example_python_decorator.py
[2026-08-24T14:43:21.135+0000] {logging_mixin.py:188} INFO - [2026-08-24T14:43:21.135+0000] {dag.py:3096} INFO - Sync 1 DAGs
[2026-08-24T14:43:21.152+0000] {logging_mixin.py:188} INFO - [2026-08-24T14:43:21.152+0000] {dag.py:3954} INFO - Setting next_dagrun for example_python_decorator to None, run_after=None
[2026-08-24T14:43:21.177+0000] {processor.py:183} INFO - Processing /home/airflow/.local/lib/python3.12/site-packages/airflow/example_dags/example_python_decorator.py took 0.103 seconds
[2026-08-24T14:43:51.437+0000] {processor.py:161} INFO - Started process (PID=419) to work on /home/airflow/.local/lib/python3.12/site-packages/airflow/example_dags/example_python_decorator.py
[2026-08-24T14:43:51.439+0000] {processor.py:830} INFO - Processing file /home/airflow/.local/lib/python3.12/site-packages/airflow/example_dags/example_python_decorator.py for tasks to queue
[2026-08-24T14:43:51.442+0000] {logging_mixin.py:188} INFO - [2026-08-24T14:43:51.441+0000] {dagbag.py:545} INFO - Filling up the DagBag from /home/airflow/.local/lib/python3.12/site-packages/airflow/example_dags/example_python_decorator.py
[2026-08-24T14:43:51.460+0000] {processor.py:840} INFO - DAG(s) 'example_python_decorator' retrieved from /home/airflow/.local/lib/python3.12/site-packages/airflow/example_dags/example_python_decorator.py
[2026-08-24T14:43:51.488+0000] {logging_mixin.py:188} INFO - [2026-08-24T14:43:51.488+0000] {dag.py:3096} INFO - Sync 1 DAGs
[2026-08-24T14:43:51.505+0000] {logging_mixin.py:188} INFO - [2026-08-24T14:43:51.505+0000] {dag.py:3954} INFO - Setting next_dagrun for example_python_decorator to None, run_after=None
[2026-08-24T14:43:51.529+0000] {processor.py:183} INFO - Processing /home/airflow/.local/lib/python3.12/site-packages/airflow/example_dags/example_python_decorator.py took 0.099 seconds
[2026-08-24T14:44:22.036+0000] {processor.py:161} INFO - Started process (PID=479) to work on /home/airflow/.local/lib/python3.12/site-packages/airflow/example_dags/example_python_decorator.py
[2026-08-24T14:44:22.038+0000] {processor.py:830} INFO - Processing file /home/airflow/.local/lib/python3.12/site-packages/airflow/example_dags/example_python_decorator.py for tasks to queue
[2026-08-24T14:44:22.041+0000] {logging_mixin.py:188} INFO - [2026-08-24T14:44:22.040+0000] {dagbag.py:545} INFO - Filling up the DagBag from /home/airflow/.local/lib/python3.12/site-packages/airflow/example_dags/example_python_decorator.py
[2026-08-24T14:44:22.061+0000] {processor.py:840} INFO - DAG(s) 'example_python_decorator' retrieved from /home/airflow/.local/lib/python3.12/site-packages/airflow/example_dags/example_python_decorator.py
[2026-08-24T14:44:22.093+0000] {logging_mixin.py:188} INFO - [2026-08-24T14:44:22.093+0000] {dag.py:3096} INFO - Sync 1 DAGs
[2026-08-24T14:44:22.113+0000] {logging_mixin.py:188} INFO - [2026-08-24T14:44:22.113+0000] {dag.py:3954} INFO - Setting next_dagrun for example_python_decorator to None, run_after=None
[2026-08-24T14:44:22.139+0000] {processor.py:183} INFO - Processing /home/airflow/.local/lib/python3.12/site-packages/airflow/example_dags/example_python_decorator.py took 0.112 seconds
[2026-08-24T14:44:52.824+0000] {processor.py:161} INFO - Started process (PID=539) to work on /home/airflow/.local/lib/python3.12/site-packages/airflow/example_dags/example_python_decorator.py
[2026-08-24T14:44:52.826+0000] {processor.py:830} INFO - Processing file /home/airflow/.local/lib/python3.12/site-packages/airflow/example_dags/example_python_decorator.py for tasks to queue
[2026-08-24T14:44:52.830+0000] {logging_mixin.py:188} INFO - [2026-08-24T14:44:52.829+0000] {dagbag.py:545} INFO - Filling up the DagBag from /home/airflow/.local/lib/python3.12/site-packages/airflow/example_dags/example_python_decorator.py
[2026-08-24T14:44:52.850+0000] {processor.py:840} INFO - DAG(s) 'example_python_decorator' retrieved from /home/airflow/.local/lib/python3.12/site-packages/airflow/example_dags/example_python_decorator.py
[2026-08-24T14:44:52.881+0000] {logging_mixin.py:188} INFO - [2026-08-24T14:44:52.880+0000] {dag.py:3096} INFO - Sync 1 DAGs
[2026-08-24T14:44:52.900+0000] {logging_mixin.py:188} INFO - [2026-08-24T14:44:52.900+0000] {dag.py:3954} INFO - Setting next_dagrun for example_python_decorator to None, run_after=None
[2026-08-24T14:44:52.929+0000] {processor.py:183} INFO - Processing /home/airflow/.local/lib/python3.12/site-packages/airflow/example_dags/example_python_decorator.py took 0.114 seconds
[2026-08-24T14:49:20.889+0000] {processor.py:161} INFO - Started process (PID=120) to work on /home/airflow/.local/lib/python3.12/site-packages/airflow/example_dags/example_python_decorator.py
[2026-08-24T14:49:20.890+0000] {processor.py:830} INFO - Processing file /home/airflow/.local/lib/python3.12/site-packages/airflow/example_dags/example_python_decorator.py for tasks to queue
[2026-08-24T14:49:20.894+0000] {logging_mixin.py:188} INFO - [2026-08-24T14:49:20.893+0000] {dagbag.py:545} INFO - Filling up the DagBag from /home/airflow/.local/lib/python3.12/site-packages/airflow/example_dags/example_python_decorator.py
[2026-08-24T14:49:20.923+0000] {processor.py:840} INFO - DAG(s) 'example_python_decorator' retrieved from /home/airflow/.local/lib/python3.12/site-packages/airflow/example_dags/example_python_decorator.py
[2026-08-24T14:49:21.101+0000] {logging_mixin.py:188} INFO - [2026-08-24T14:49:21.101+0000] {dag.py:3096} INFO - Sync 1 DAGs
[2026-08-24T14:49:21.120+0000] {logging_mixin.py:188} INFO - [2026-08-24T14:49:21.120+0000] {dag.py:3954} INFO - Setting next_dagrun for example_python_decorator to None, run_after=None
[2026-08-24T14:49:21.154+0000] {processor.py:183} INFO - Processing /home/airflow/.local/lib/python3.12/site-packages/airflow/example_dags/example_python_decorator.py took 0.273 seconds
[2026-08-24T14:50:16.146+0000] {processor.py:161} INFO - Started process (PID=100) to work on /home/airflow/.local/lib/python3.12/site-packages/airflow/example_dags/example_python_decorator.py
[2026-08-24T14:50:16.147+0000] {processor.py:830} INFO - Processing file /home/airflow/.local/lib/python3.12/site-packages/airflow/example_dags/example_python_decorator.py for tasks to queue
[2026-08-24T14:50:16.150+0000] {logging_mixin.py:188} INFO - [2026-08-24T14:50:16.149+0000] {dagbag.py:545} INFO - Filling up the DagBag from /home/airflow/.local/lib/python3.12/site-packages/airflow/example_dags/example_python_decorator.py
[2026-08-24T14:50:16.173+0000] {processor.py:840} INFO - DAG(s) 'example_python_decorator' retrieved from /home/airflow/.local/lib/python3.12/site-packages/airflow/example_dags/example_python_decorator.py
[2026-08-24T14:50:16.326+0000] {logging_mixin.py:188} INFO - [2026-08-24T14:50:16.325+0000] {dag.py:3096} INFO - Sync 1 DAGs
[2026-08-24T14:50:16.346+0000] {logging_mixin.py:188} INFO - [2026-08-24T14:50:16.345+0000] {dag.py:3954} INFO - Setting next_dagrun for example_python_decorator to None, run_after=None
[2026-08-24T14:50:16.377+0000] {processor.py:183} INFO - Processing /home/airflow/.local/lib/python3.12/site-packages/airflow/example_dags/example_python_decorator.py took 0.240 seconds
[2026-08-24T14:50:47.339+0000] {processor.py:161} INFO - Started process (PID=161) to work on /home/airflow/.local/lib/python3.12/site-packages/airflow/example_dags/example_python_decorator.py
[2026-08-24T14:50:47.340+0000] {processor.py:830} INFO - Processing file /home/airflow/.local/lib/python3.12/site-packages/airflow/example_dags/example_python_decorator.py for tasks to queue
[2026-08-24T14:50:47.343+0000] {logging_mixin.py:188} INFO - [2026-08-24T14:50:47.343+0000] {dagbag.py:545} INFO - Filling up the DagBag from /home/airflow/.local/lib/python3.12/site-packages/airflow/example_dags/example_python_decorator.py
[2026-08-24T14:50:47.362+0000] {processor.py:840} INFO - DAG(s) 'example_python_decorator' retrieved from /home/airflow/.local/lib/python3.12/site-packages/airflow/example_dags/example_python_decorator.py
[2026-08-24T14:50:47.391+0000] {logging_mixin.py:188} INFO - [2026-08-24T14:50:47.390+0000] {dag.py:3096} INFO - Sync 1 DAGs
[2026-08-24T14:50:47.410+0000] {logging_mixin.py:188} INFO - [2026-08-24T14:50:47.410+0000] {dag.py:3954} INFO - Setting next_dagrun for example_python_decorator to None, run_after=None
[2026-08-24T14:50:47.438+0000] {processor.py:183} INFO - Processing /home/airflow/.local/lib/python3.12/site-packages/airflow/example_dags/example_python_decorator.py took 0.107 seconds
[2026-08-24T14:51:18.324+0000] {processor.py:161} INFO - Started process (PID=220) to work on /home/airflow/.local/lib/python3.12/site-packages/airflow/example_dags/example_python_decorator.py
[2026-08-24T14:51:18.325+0000] {processor.py:830} INFO - Processing file /home/airflow/.local/lib/python3.12/site-packages/airflow/example_dags/example_python_decorator.py for tasks to queue
[2026-08-24T14:51:18.329+0000] {logging_mixin.py:188} INFO - [2026-08-24T14:51:18.329+0000] {dagbag.py:545} INFO - Filling up the DagBag from /home/airflow/.local/lib/python3.12/site-packages/airflow/example_dags/example_python_decorator.py
[2026-08-24T14:51:18.353+0000] {processor.py:840} INFO - DAG(s) 'example_python_decorator' retrieved from /home/airflow/.local/lib/python3.12/site-packages/airflow/example_dags/example_python_decorator.py
[2026-08-24T14:51:18.386+0000] {logging_mixin.py:188} INFO - [2026-08-24T14:51:18.386+0000] {dag.py:3096} INFO - Sync 1 DAGs
[2026-08-24T14:51:18.407+0000] {logging_mixin.py:188} INFO - [2026-08-24T14:51:18.406+0000] {dag.py:3954} INFO - Setting next_dagrun for example_python_decorator to None, run_after=None
[2026-08-24T14:51:18.431+0000] {processor.py:183} INFO - Processing /home/airflow/.local/lib/python3.12/site-packages/airflow/example_dags/example_python_decorator.py took 0.114 seconds
[2026-08-24T14:51:49.541+0000] {processor.py:161} INFO - Started process (PID=280) to work on /home/airflow/.local/lib/python3.12/site-packages/airflow/example_dags/example_python_decorator.py
[2026-08-24T14:51:49.542+0000] {processor.py:830} INFO - Processing file /home/airflow/.local/lib/python3.12/site-packages/airflow/example_dags/example_python_decorator.py for tasks to queue
[2026-08-24T14:51:49.545+0000] {logging_mixin.py:188} INFO - [2026-08-24T14:51:49.545+0000] {dagbag.py:545} INFO - Filling up the DagBag from /home/airflow/.local/lib/python3.12/site-packages/airflow/example_dags/example_python_decorator.py
[2026-08-24T14:51:49.563+0000] {processor.py:840} INFO - DAG(s) 'example_python_decorator' retrieved from /home/airflow/.local/lib/python3.12/site-packages/airflow/example_dags/example_python_decorator.py
[2026-08-24T14:51:49.602+0000] {logging_mixin.py:188} INFO - [2026-08-24T14:51:49.601+0000] {dag.py:3096} INFO - Sync 1 DAGs
[2026-08-24T14:51:49.623+0000] {logging_mixin.py:188} INFO - [2026-08-24T14:51:49.623+0000] {dag.py:3954} INFO - Setting next_dagrun for example_python_decorator to None, run_after=None
[2026-08-24T14:51:49.649+0000] {processor.py:183} INFO - Processing /home/airflow/.local/lib/python3.12/site-packages/airflow/example_dags/example_python_decorator.py took 0.117 seconds
[2026-08-24T14:52:20.482+0000] {processor.py:161} INFO - Started process (PID=340) to work on /home/airflow/.local/lib/python3.12/site-packages/airflow/example_dags/example_python_decorator.py
[2026-08-24T14:52:20.484+0000] {processor.py:830} INFO - Processing file /home/airflow/.local/lib/python3.12/site-packages/airflow/example_dags/example_python_decorator.py for tasks to queue
[2026-08-24T14:52:20.487+0000] {logging_mixin.py:188} INFO - [2026-08-24T14:52:20.486+0000] {dagbag.py:545} INFO - Filling up the DagBag from /home/airflow/.local/lib/python3.12/site-packages/airflow/example_dags/example_python_decorator.py
[2026-08-24T14:52:20.509+0000] {processor.py:840} INFO - DAG(s) 'example_python_decorator' retrieved from /home/airflow/.local/lib/python3.12/site-packages/airflow/example_dags/example_python_decorator.py
[2026-08-24T14:52:20.545+0000] {logging_mixin.py:188} INFO - [2026-08-24T14:52:20.544+0000] {dag.py:3096} INFO - Sync 1 DAGs
[2026-08-24T14:52:20.567+0000] {logging_mixin.py:188} INFO - [2026-08-24T14:52:20.567+0000] {dag.py:3954} INFO - Setting next_dagrun for example_python_decorator to None, run_after=None
[2026-08-24T14:52:20.623+0000] {processor.py:183} INFO - Processing /home/airflow/.local/lib/python3.12/site-packages/airflow/example_dags/example_python_decorator.py took 0.153 seconds
[2026-08-24T14:52:51.370+0000] {processor.py:161} INFO - Started process (PID=399) to work on /home/airflow/.local/lib/python3.12/site-packages/airflow/example_dags/example_python_decorator.py
[2026-08-24T14:52:51.372+0000] {processor.py:830} INFO - Processing file /home/airflow/.local/lib/python3.12/site-packages/airflow/example_dags/example_python_decorator.py for tasks to queue
[2026-08-24T14:52:51.375+0000] {logging_mixin.py:188} INFO - [2026-08-24T14:52:51.375+0000] {dagbag.py:545} INFO - Filling up the DagBag from /home/airflow/.local/lib/python3.12/site-packages/airflow/example_dags/example_python_decorator.py
[2026-08-24T14:52:51.397+0000] {processor.py:840} INFO - DAG(s) 'example_python_decorator' retrieved from /home/airflow/.local/lib/python3.12/site-packages/airflow/example_dags/example_python_decorator.py
[2026-08-24T14:52:51.436+0000] {logging_mixin.py:188} INFO - [2026-08-24T14:52:51.435+0000] {dag.py:3096} INFO - Sync 1 DAGs
[2026-08-24T14:52:51.454+0000] {logging_mixin.py:188} INFO - [2026-08-24T14:52:51.454+0000] {dag.py:3954} INFO - Setting next_dagrun for example_python_decorator to None, run_after=None
[2026-08-24T14:52:51.480+0000] {processor.py:183} INFO - Processing /home/airflow/.local/lib/python3.12/site-packages/airflow/example_dags/example_python_decorator.py took 0.120 seconds
[2026-08-24T14:53:21.881+0000] {processor.py:161} INFO - Started process (PID=458) to work on /home/airflow/.local/lib/python3.12/site-packages/airflow/example_dags/example_python_decorator.py
[2026-08-24T14:53:21.883+0000] {processor.py:830} INFO - Processing file /home/airflow/.local/lib/python3.12/site-packages/airflow/example_dags/example_python_decorator.py for tasks to queue
[2026-08-24T14:53:21.885+0000] {logging_mixin.py:188} INFO - [2026-08-24T14:53:21.885+0000] {dagbag.py:545} INFO - Filling up the DagBag from /home/airflow/.local/lib/python3.12/site-packages/airflow/example_dags/example_python_decorator.py
[2026-08-24T14:53:21.902+0000] {processor.py:840} INFO - DAG(s) 'example_python_decorator' retrieved from /home/airflow/.local/lib/python3.12/site-packages/airflow/example_dags/example_python_decorator.py
[2026-08-24T14:53:21.929+0000] {logging_mixin.py:188} INFO - [2026-08-24T14:53:21.928+0000] {dag.py:3096} INFO - Sync 1 DAGs
[2026-08-24T14:53:21.945+0000] {logging_mixin.py:188} INFO - [2026-08-24T14:53:21.945+0000] {dag.py:3954} INFO - Setting next_dagrun for example_python_decorator to None, run_after=None
[2026-08-24T14:53:21.969+0000] {processor.py:183} INFO - Processing /home/airflow/.local/lib/python3.12/site-packages/airflow/example_dags/example_python_decorator.py took 0.096 seconds
[2026-08-24T14:53:52.174+0000] {processor.py:161} INFO - Started process (PID=518) to work on /home/airflow/.local/lib/python3.12/site-packages/airflow/example_dags/example_python_decorator.py
[2026-08-24T14:53:52.175+0000] {processor.py:830} INFO - Processing file /home/airflow/.local/lib/python3.12/site-packages/airflow/example_dags/example_python_decorator.py for tasks to queue
[2026-08-24T14:53:52.177+0000] {logging_mixin.py:188} INFO - [2026-08-24T14:53:52.177+0000] {dagbag.py:545} INFO - Filling up the DagBag from /home/airflow/.local/lib/python3.12/site-packages/airflow/example_dags/example_python_decorator.py
[2026-08-24T14:53:52.193+0000] {processor.py:840} INFO - DAG(s) 'example_python_decorator' retrieved from /home/airflow/.local/lib/python3.12/site-packages/airflow/example_dags/example_python_decorator.py
[2026-08-24T14:53:52.219+0000] {logging_mixin.py:188} INFO - [2026-08-24T14:53:52.218+0000] {dag.py:3096} INFO - Sync 1 DAGs
[2026-08-24T14:53:52.234+0000] {logging_mixin.py:188} INFO - [2026-08-24T14:53:52.234+0000] {dag.py:3954} INFO - Setting next_dagrun for example_python_decorator to None, run_after=None
[2026-08-24T14:53:52.256+0000] {processor.py:183} INFO - Processing /home/airflow/.local/lib/python3.12/site-packages/airflow/example_dags/example_python_decorator.py took 0.090 seconds
[2026-08-24T14:54:22.514+0000] {processor.py:161} INFO - Started process (PID=578) to work on /home/airflow/.local/lib/python3.12/site-packages/airflow/example_dags/example_python_decorator.py
[2026-08-24T14:54:22.519+0000] {processor.py:830} INFO - Processing file /home/airflow/.local/lib/python3.12/site-packages/airflow/example_dags/example_python_decorator.py for tasks to queue
[2026-08-24T14:54:22.522+0000] {logging_mixin.py:188} INFO - [2026-08-24T14:54:22.521+0000] {dagbag.py:545} INFO - Filling up the DagBag from /home/airflow/.local/lib/python3.12/site-packages/airflow/example_dags/example_python_decorator.py
[2026-08-24T14:54:22.540+0000] {processor.py:840} INFO - DAG(s) 'example_python_decorator' retrieved from /home/airflow/.local/lib/python3.12/site-packages/airflow/example_dags/example_python_decorator.py
[2026-08-24T14:54:22.567+0000] {logging_mixin.py:188} INFO - [2026-08-24T14:54:22.567+0000] {dag.py:3096} INFO - Sync 1 DAGs
[2026-08-24T14:54:22.585+0000] {logging_mixin.py:188} INFO - [2026-08-24T14:54:22.585+0000] {dag.py:3954} INFO - Setting next_dagrun for example_python_decorator to None, run_after=None
[2026-08-24T14:54:22.613+0000] {processor.py:183} INFO - Processing /home/airflow/.local/lib/python3.12/site-packages/airflow/example_dags/example_python_decorator.py took 0.107 seconds
[2026-08-24T14:54:52.694+0000] {processor.py:161} INFO - Started process (PID=638) to work on /home/airflow/.local/lib/python3.12/site-packages/airflow/example_dags/example_python_decorator.py
[2026-08-24T14:54:52.695+0000] {processor.py:830} INFO - Processing file /home/airflow/.local/lib/python3.12/site-packages/airflow/example_dags/example_python_decorator.py for tasks to queue
[2026-08-24T14:54:52.699+0000] {logging_mixin.py:188} INFO - [2026-08-24T14:54:52.698+0000] {dagbag.py:545} INFO - Filling up the DagBag from /home/airflow/.local/lib/python3.12/site-packages/airflow/example_dags/example_python_decorator.py
[2026-08-24T14:54:52.720+0000] {processor.py:840} INFO - DAG(s) 'example_python_decorator' retrieved from /home/airflow/.local/lib/python3.12/site-packages/airflow/example_dags/example_python_decorator.py
[2026-08-24T14:54:52.747+0000] {logging_mixin.py:188} INFO - [2026-08-24T14:54:52.747+0000] {dag.py:3096} INFO - Sync 1 DAGs
[2026-08-24T14:54:52.762+0000] {logging_mixin.py:188} INFO - [2026-08-24T14:54:52.762+0000] {dag.py:3954} INFO - Setting next_dagrun for example_python_decorator to None, run_after=None
[2026-08-24T14:54:52.784+0000] {processor.py:183} INFO - Processing /home/airflow/.local/lib/python3.12/site-packages/airflow/example_dags/example_python_decorator.py took 0.098 seconds
[2026-08-24T14:55:23.210+0000] {processor.py:161} INFO - Started process (PID=698) to work on /home/airflow/.local/lib/python3.12/site-packages/airflow/example_dags/example_python_decorator.py
[2026-08-24T14:55:23.211+0000] {processor.py:830} INFO - Processing file /home/airflow/.local/lib/python3.12/site-packages/airflow/example_dags/example_python_decorator.py for tasks to queue
[2026-08-24T14:55:23.214+0000] {logging_mixin.py:188} INFO - [2026-08-24T14:55:23.214+0000] {dagbag.py:545} INFO - Filling up the DagBag from /home/airflow/.local/lib/python3.12/site-packages/airflow/example_dags/example_python_decorator.py
[2026-08-24T14:55:23.234+0000] {processor.py:840} INFO - DAG(s) 'example_python_decorator' retrieved from /home/airflow/.local/lib/python3.12/site-packages/airflow/example_dags/example_python_decorator.py
[2026-08-24T14:55:23.260+0000] {logging_mixin.py:188} INFO - [2026-08-24T14:55:23.260+0000] {dag.py:3096} INFO - Sync 1 DAGs
[2026-08-24T14:55:23.276+0000] {logging_mixin.py:188} INFO - [2026-08-24T14:55:23.276+0000] {dag.py:3954} INFO - Setting next_dagrun for example_python_decorator to None, run_after=None
[2026-08-24T14:55:23.299+0000] {processor.py:183} INFO - Processing /home/airflow/.local/lib/python3.12/site-packages/airflow/example_dags/example_python_decorator.py took 0.097 seconds
[2026-08-24T14:55:53.741+0000] {processor.py:161} INFO - Started process (PID=758) to work on /home/airflow/.local/lib/python3.12/site-packages/airflow/example_dags/example_python_decorator.py
[2026-08-24T14:55:53.743+0000] {processor.py:830} INFO - Processing file /home/airflow/.local/lib/python3.12/site-packages/airflow/example_dags/example_python_decorator.py for tasks to queue
[2026-08-24T14:55:53.745+0000] {logging_mixin.py:188} INFO - [2026-08-24T14:55:53.745+0000] {dagbag.py:545} INFO - Filling up the DagBag from /home/airflow/.local/lib/python3.12/site-packages/airflow/example_dags/example_python_decorator.py
[2026-08-24T14:55:53.761+0000] {processor.py:840} INFO - DAG(s) 'example_python_decorator' retrieved from /home/airflow/.local/lib/python3.12/site-packages/airflow/example_dags/example_python_decorator.py
[2026-08-24T14:55:53.787+0000] {logging_mixin.py:188} INFO - [2026-08-24T14:55:53.786+0000] {dag.py:3096} INFO - Sync 1 DAGs
[2026-08-24T14:55:53.804+0000] {logging_mixin.py:188} INFO - [2026-08-24T14:55:53.803+0000] {dag.py:3954} INFO - Setting next_dagrun for example_python_decorator to None, run_after=None
[2026-08-24T14:55:53.837+0000] {processor.py:183} INFO - Processing /home/airflow/.local/lib/python3.12/site-packages/airflow/example_dags/example_python_decorator.py took 0.103 seconds
