[2026-08-24T13:50:59.803+0000] {processor.py:161} INFO - Started process (PID=90) to work on /home/airflow/.local/lib/python3.12/site-packages/airflow/example_dags/example_nested_branch_dag.py
[2026-08-24T13:50:59.805+0000] {processor.py:830} INFO - Processing file /home/airflow/.local/lib/python3.12/site-packages/airflow/example_dags/example_nested_branch_dag.py for tasks to queue
[2026-08-24T13:50:59.809+0000] {logging_mixin.py:188} INFO - [2026-08-24T13:50:59.809+0000] {dagbag.py:545} INFO - Filling up the DagBag from /home/airflow/.local/lib/python3.12/site-packages/airflow/example_dags/example_nested_branch_dag.py
[2026-08-24T13:50:59.844+0000] {processor.py:840} INFO - DAG(s) 'example_nested_branch_dag' retrieved from /home/airflow/.local/lib/python3.12/site-packages/airflow/example_dags/example_nested_branch_dag.py
[2026-08-24T13:51:00.072+0000] {logging_mixin.py:188} INFO - [2026-08-24T13:51:00.071+0000] {dag.py:3096} INFO - Sync 1 DAGs
[2026-08-24T13:51:00.110+0000] {logging_mixin.py:188} INFO - [2026-08-24T13:51:00.109+0000] {dag.py:3954} INFO - Setting next_dagrun for example_nested_branch_dag to 2026-08-23 00:00:00+00:00, run_after=2026-08-24 00:00:00+00:00
[2026-08-24T13:51:00.145+0000] {processor.py:183} INFO - Processing /home/airflow/.local/lib/python3.12/site-packages/airflow/example_dags/example_nested_branch_dag.py took 0.354 seconds
[2026-08-24T13:51:42.063+0000] {processor.py:161} INFO - Started process (PID=71) to work on /home/airflow/.local/lib/python3.12/site-packages/airflow/example_dags/example_nested_branch_dag.py
[2026-08-24T13:51:42.064+0000] {processor.py:830} INFO - Processing file /home/airflow/.local/lib/python3.12/site-packages/airflow/example_dags/example_nested_branch_dag.py for tasks to queue
[2026-08-24T13:51:42.066+0000] {logging_mixin.py:188} INFO - [2026-08-24T13:51:42.066+0000] {dagbag.py:545} INFO - Filling up the DagBag from /home/airflow/.local/lib/python3.12/site-packages/airflow/example_dags/example_nested_branch_dag.py
[2026-08-24T13:51:42.080+0000] {processor.py:840} INFO - DAG(s) 'example_nested_branch_dag' retrieved from /home/airflow/.local/lib/python3.12/site-packages/airflow/example_dags/example_nested_branch_dag.py
[2026-08-24T13:51:42.114+0000] {logging_mixin.py:188} INFO - [2026-08-24T13:51:42.114+0000] {dag.py:3096} INFO - Sync 1 DAGs
[2026-08-24T13:51:42.143+0000] {logging_mixin.py:188} INFO - [2026-08-24T13:51:42.143+0000] {dag.py:3954} INFO - Setting next_dagrun for example_nested_branch_dag to 2026-08-23 00:00:00+00:00, run_after=2026-08-24 00:00:00+00:00
[2026-08-24T13:51:42.171+0000] {processor.py:183} INFO - Processing /home/airflow/.local/lib/python3.12/site-packages/airflow/example_dags/example_nested_branch_dag.py took 0.115 seconds
[2026-08-24T13:52:12.469+0000] {processor.py:161} INFO - Started process (PID=130) to work on /home/airflow/.local/lib/python3.12/site-packages/airflow/example_dags/example_nested_branch_dag.py
[2026-08-24T13:52:12.470+0000] {processor.py:830} INFO - Processing file /home/airflow/.local/lib/python3.12/site-packages/airflow/example_dags/example_nested_branch_dag.py for tasks to queue
[2026-08-24T13:52:12.473+0000] {logging_mixin.py:188} INFO - [2026-08-24T13:52:12.472+0000] {dagbag.py:545} INFO - Filling up the DagBag from /home/airflow/.local/lib/python3.12/site-packages/airflow/example_dags/example_nested_branch_dag.py
[2026-08-24T13:52:12.485+0000] {processor.py:840} INFO - DAG(s) 'example_nested_branch_dag' retrieved from /home/airflow/.local/lib/python3.12/site-packages/airflow/example_dags/example_nested_branch_dag.py
[2026-08-24T13:52:12.511+0000] {logging_mixin.py:188} INFO - [2026-08-24T13:52:12.511+0000] {dag.py:3096} INFO - Sync 1 DAGs
[2026-08-24T13:52:12.543+0000] {logging_mixin.py:188} INFO - [2026-08-24T13:52:12.543+0000] {dag.py:3954} INFO - Setting next_dagrun for example_nested_branch_dag to 2026-08-23 00:00:00+00:00, run_after=2026-08-24 00:00:00+00:00
[2026-08-24T13:52:12.572+0000] {processor.py:183} INFO - Processing /home/airflow/.local/lib/python3.12/site-packages/airflow/example_dags/example_nested_branch_dag.py took 0.110 seconds
[2026-08-24T13:52:42.975+0000] {processor.py:161} INFO - Started process (PID=189) to work on /home/airflow/.local/lib/python3.12/site-packages/airflow/example_dags/example_nested_branch_dag.py
[2026-08-24T13:52:42.977+0000] {processor.py:830} INFO - Processing file /home/airflow/.local/lib/python3.12/site-packages/airflow/example_dags/example_nested_branch_dag.py for tasks to queue
[2026-08-24T13:52:42.979+0000] {logging_mixin.py:188} INFO - [2026-08-24T13:52:42.979+0000] {dagbag.py:545} INFO - Filling up the DagBag from /home/airflow/.local/lib/python3.12/site-packages/airflow/example_dags/example_nested_branch_dag.py
[2026-08-24T13:52:42.997+0000] {processor.py:840} INFO - DAG(s) 'example_nested_branch_dag' retrieved from /home/airflow/.local/lib/python3.12/site-packages/airflow/example_dags/example_nested_branch_dag.py
[2026-08-24T13:52:43.041+0000] {logging_mixin.py:188} INFO - [2026-08-24T13:52:43.041+0000] {dag.py:3096} INFO - Sync 1 DAGs
[2026-08-24T13:52:43.092+0000] {logging_mixin.py:188} INFO - [2026-08-24T13:52:43.091+0000] {dag.py:3954} INFO - Setting next_dagrun for example_nested_branch_dag to 2026-08-23 00:00:00+00:00, run_after=2026-08-24 00:00:00+00:00
[2026-08-24T13:52:43.123+0000] {processor.py:183} INFO - Processing /home/airflow/.local/lib/python3.12/site-packages/airflow/example_dags/example_nested_branch_dag.py took 0.158 seconds
[2026-08-24T13:53:13.266+0000] {processor.py:161} INFO - Started process (PID=248) to work on /home/airflow/.local/lib/python3.12/site-packages/airflow/example_dags/example_nested_branch_dag.py
[2026-08-24T13:53:13.268+0000] {processor.py:830} INFO - Processing file /home/airflow/.local/lib/python3.12/site-packages/airflow/example_dags/example_nested_branch_dag.py for tasks to queue
[2026-08-24T13:53:13.270+0000] {logging_mixin.py:188} INFO - [2026-08-24T13:53:13.269+0000] {dagbag.py:545} INFO - Filling up the DagBag from /home/airflow/.local/lib/python3.12/site-packages/airflow/example_dags/example_nested_branch_dag.py
[2026-08-24T13:53:13.283+0000] {processor.py:840} INFO - DAG(s) 'example_nested_branch_dag' retrieved from /home/airflow/.local/lib/python3.12/site-packages/airflow/example_dags/example_nested_branch_dag.py
[2026-08-24T13:53:13.310+0000] {logging_mixin.py:188} INFO - [2026-08-24T13:53:13.310+0000] {dag.py:3096} INFO - Sync 1 DAGs
[2026-08-24T13:53:13.338+0000] {logging_mixin.py:188} INFO - [2026-08-24T13:53:13.338+0000] {dag.py:3954} INFO - Setting next_dagrun for example_nested_branch_dag to 2026-08-23 00:00:00+00:00, run_after=2026-08-24 00:00:00+00:00
[2026-08-24T13:53:13.359+0000] {processor.py:183} INFO - Processing /home/airflow/.local/lib/python3.12/site-packages/airflow/example_dags/example_nested_branch_dag.py took 0.099 seconds
[2026-08-24T13:53:43.670+0000] {processor.py:161} INFO - Started process (PID=307) to work on /home/airflow/.local/lib/python3.12/site-packages/airflow/example_dags/example_nested_branch_dag.py
[2026-08-24T13:53:43.671+0000] {processor.py:830} INFO - Processing file /home/airflow/.local/lib/python3.12/site-packages/airflow/example_dags/example_nested_branch_dag.py for tasks to queue
[2026-08-24T13:53:43.674+0000] {logging_mixin.py:188} INFO - [2026-08-24T13:53:43.673+0000] {dagbag.py:545} INFO - Filling up the DagBag from /home/airflow/.local/lib/python3.12/site-packages/airflow/example_dags/example_nested_branch_dag.py
[2026-08-24T13:53:43.687+0000] {processor.py:840} INFO - DAG(s) 'example_nested_branch_dag' retrieved from /home/airflow/.local/lib/python3.12/site-packages/airflow/example_dags/example_nested_branch_dag.py
[2026-08-24T13:53:43.728+0000] {logging_mixin.py:188} INFO - [2026-08-24T13:53:43.727+0000] {dag.py:3096} INFO - Sync 1 DAGs
[2026-08-24T13:53:43.763+0000] {logging_mixin.py:188} INFO - [2026-08-24T13:53:43.762+0000] {dag.py:3954} INFO - Setting next_dagrun for example_nested_branch_dag to 2026-08-23 00:00:00+00:00, run_after=2026-08-24 00:00:00+00:00
[2026-08-24T13:53:43.790+0000] {processor.py:183} INFO - Processing /home/airflow/.local/lib/python3.12/site-packages/airflow/example_dags/example_nested_branch_dag.py took 0.127 seconds
[2026-08-24T13:54:14.024+0000] {processor.py:161} INFO - Started process (PID=366) to work on /home/airflow/.local/lib/python3.12/site-packages/airflow/example_dags/example_nested_branch_dag.py
[2026-08-24T13:54:14.025+0000] {processor.py:830} INFO - Processing file /home/airflow/.local/lib/python3.12/site-packages/airflow/example_dags/example_nested_branch_dag.py for tasks to queue
[2026-08-24T13:54:14.028+0000] {logging_mixin.py:188} INFO - [2026-08-24T13:54:14.027+0000] {dagbag.py:545} INFO - Filling up the DagBag from /home/airflow/.local/lib/python3.12/site-packages/airflow/example_dags/example_nested_branch_dag.py
[2026-08-24T13:54:14.043+0000] {processor.py:840} INFO - DAG(s) 'example_nested_branch_dag' retrieved from /home/airflow/.local/lib/python3.12/site-packages/airflow/example_dags/example_nested_branch_dag.py
[2026-08-24T13:54:14.072+0000] {logging_mixin.py:188} INFO - [2026-08-24T13:54:14.072+0000] {dag.py:3096} INFO - Sync 1 DAGs
[2026-08-24T13:54:14.103+0000] {logging_mixin.py:188} INFO - [2026-08-24T13:54:14.103+0000] {dag.py:3954} INFO - Setting next_dagrun for example_nested_branch_dag to 2026-08-23 00:00:00+00:00, run_after=2026-08-24 00:00:00+00:00
[2026-08-24T13:54:14.134+0000] {processor.py:183} INFO - Processing /home/airflow/.local/lib/python3.12/site-packages/airflow/example_dags/example_nested_branch_dag.py took 0.118 seconds
[2026-08-24T13:54:44.596+0000] {processor.py:161} INFO - Started process (PID=425) to work on /home/airflow/.local/lib/python3.12/site-packages/airflow/example_dags/example_nested_branch_dag.py
[2026-08-24T13:54:44.598+0000] {processor.py:830} INFO - Processing file /home/airflow/.local/lib/python3.12/site-packages/airflow/example_dags/example_nested_branch_dag.py for tasks to queue
[2026-08-24T13:54:44.601+0000] {logging_mixin.py:188} INFO - [2026-08-24T13:54:44.600+0000] {dagbag.py:545} INFO - Filling up the DagBag from /home/airflow/.local/lib/python3.12/site-packages/airflow/example_dags/example_nested_branch_dag.py
[2026-08-24T13:54:44.621+0000] {processor.py:840} INFO - DAG(s) 'example_nested_branch_dag' retrieved from /home/airflow/.local/lib/python3.12/site-packages/airflow/example_dags/example_nested_branch_dag.py
[2026-08-24T13:54:44.643+0000] {logging_mixin.py:188} INFO - [2026-08-24T13:54:44.642+0000] {dag.py:3096} INFO - Sync 1 DAGs
[2026-08-24T13:54:44.689+0000] {logging_mixin.py:188} INFO - [2026-08-24T13:54:44.689+0000] {dag.py:3954} INFO - Setting next_dagrun for example_nested_branch_dag to 2026-08-23 00:00:00+00:00, run_after=2026-08-24 00:00:00+00:00
[2026-08-24T13:54:44.722+0000] {processor.py:183} INFO - Processing /home/airflow/.local/lib/python3.12/site-packages/airflow/example_dags/example_nested_branch_dag.py took 0.142 seconds
[2026-08-24T13:55:16.228+0000] {processor.py:161} INFO - Started process (PID=490) to work on /home/airflow/.local/lib/python3.12/site-packages/airflow/example_dags/example_nested_branch_dag.py
[2026-08-24T13:55:16.229+0000] {processor.py:830} INFO - Processing file /home/airflow/.local/lib/python3.12/site-packages/airflow/example_dags/example_nested_branch_dag.py for tasks to queue
[2026-08-24T13:55:16.232+0000] {logging_mixin.py:188} INFO - [2026-08-24T13:55:16.231+0000] {dagbag.py:545} INFO - Filling up the DagBag from /home/airflow/.local/lib/python3.12/site-packages/airflow/example_dags/example_nested_branch_dag.py
[2026-08-24T13:55:16.245+0000] {processor.py:840} INFO - DAG(s) 'example_nested_branch_dag' retrieved from /home/airflow/.local/lib/python3.12/site-packages/airflow/example_dags/example_nested_branch_dag.py
[2026-08-24T13:55:16.369+0000] {logging_mixin.py:188} INFO - [2026-08-24T13:55:16.369+0000] {dag.py:3096} INFO - Sync 1 DAGs
[2026-08-24T13:55:16.614+0000] {logging_mixin.py:188} INFO - [2026-08-24T13:55:16.613+0000] {dag.py:3954} INFO - Setting next_dagrun for example_nested_branch_dag to 2026-08-23 00:00:00+00:00, run_after=2026-08-24 00:00:00+00:00
[2026-08-24T13:55:16.733+0000] {processor.py:183} INFO - Processing /home/airflow/.local/lib/python3.12/site-packages/airflow/example_dags/example_nested_branch_dag.py took 0.513 seconds
[2026-08-24T13:55:47.338+0000] {processor.py:161} INFO - Started process (PID=549) to work on /home/airflow/.local/lib/python3.12/site-packages/airflow/example_dags/example_nested_branch_dag.py
[2026-08-24T13:55:47.339+0000] {processor.py:830} INFO - Processing file /home/airflow/.local/lib/python3.12/site-packages/airflow/example_dags/example_nested_branch_dag.py for tasks to queue
[2026-08-24T13:55:47.341+0000] {logging_mixin.py:188} INFO - [2026-08-24T13:55:47.341+0000] {dagbag.py:545} INFO - Filling up the DagBag from /home/airflow/.local/lib/python3.12/site-packages/airflow/example_dags/example_nested_branch_dag.py
[2026-08-24T13:55:47.355+0000] {processor.py:840} INFO - DAG(s) 'example_nested_branch_dag' retrieved from /home/airflow/.local/lib/python3.12/site-packages/airflow/example_dags/example_nested_branch_dag.py
[2026-08-24T13:55:47.382+0000] {logging_mixin.py:188} INFO - [2026-08-24T13:55:47.382+0000] {dag.py:3096} INFO - Sync 1 DAGs
[2026-08-24T13:55:47.414+0000] {logging_mixin.py:188} INFO - [2026-08-24T13:55:47.414+0000] {dag.py:3954} INFO - Setting next_dagrun for example_nested_branch_dag to 2026-08-23 00:00:00+00:00, run_after=2026-08-24 00:00:00+00:00
[2026-08-24T13:55:47.439+0000] {processor.py:183} INFO - Processing /home/airflow/.local/lib/python3.12/site-packages/airflow/example_dags/example_nested_branch_dag.py took 0.109 seconds
[2026-08-24T13:56:17.789+0000] {processor.py:161} INFO - Started process (PID=608) to work on /home/airflow/.local/lib/python3.12/site-packages/airflow/example_dags/example_nested_branch_dag.py
[2026-08-24T13:56:17.791+0000] {processor.py:830} INFO - Processing file /home/airflow/.local/lib/python3.12/site-packages/airflow/example_dags/example_nested_branch_dag.py for tasks to queue
[2026-08-24T13:56:17.794+0000] {logging_mixin.py:188} INFO - [2026-08-24T13:56:17.794+0000] {dagbag.py:545} INFO - Filling up the DagBag from /home/airflow/.local/lib/python3.12/site-packages/airflow/example_dags/example_nested_branch_dag.py
[2026-08-24T13:56:17.808+0000] {processor.py:840} INFO - DAG(s) 'example_nested_branch_dag' retrieved from /home/airflow/.local/lib/python3.12/site-packages/airflow/example_dags/example_nested_branch_dag.py
[2026-08-24T13:56:17.835+0000] {logging_mixin.py:188} INFO - [2026-08-24T13:56:17.834+0000] {dag.py:3096} INFO - Sync 1 DAGs
[2026-08-24T13:56:17.863+0000] {logging_mixin.py:188} INFO - [2026-08-24T13:56:17.863+0000] {dag.py:3954} INFO - Setting next_dagrun for example_nested_branch_dag to 2026-08-23 00:00:00+00:00, run_after=2026-08-24 00:00:00+00:00
[2026-08-24T13:56:17.886+0000] {processor.py:183} INFO - Processing /home/airflow/.local/lib/python3.12/site-packages/airflow/example_dags/example_nested_branch_dag.py took 0.103 seconds
[2026-08-24T13:56:48.345+0000] {processor.py:161} INFO - Started process (PID=667) to work on /home/airflow/.local/lib/python3.12/site-packages/airflow/example_dags/example_nested_branch_dag.py
[2026-08-24T13:56:48.347+0000] {processor.py:830} INFO - Processing file /home/airflow/.local/lib/python3.12/site-packages/airflow/example_dags/example_nested_branch_dag.py for tasks to queue
[2026-08-24T13:56:48.350+0000] {logging_mixin.py:188} INFO - [2026-08-24T13:56:48.350+0000] {dagbag.py:545} INFO - Filling up the DagBag from /home/airflow/.local/lib/python3.12/site-packages/airflow/example_dags/example_nested_branch_dag.py
[2026-08-24T13:56:48.375+0000] {processor.py:840} INFO - DAG(s) 'example_nested_branch_dag' retrieved from /home/airflow/.local/lib/python3.12/site-packages/airflow/example_dags/example_nested_branch_dag.py
[2026-08-24T13:56:48.417+0000] {logging_mixin.py:188} INFO - [2026-08-24T13:56:48.416+0000] {dag.py:3096} INFO - Sync 1 DAGs
[2026-08-24T13:56:48.478+0000] {logging_mixin.py:188} INFO - [2026-08-24T13:56:48.478+0000] {dag.py:3954} INFO - Setting next_dagrun for example_nested_branch_dag to 2026-08-23 00:00:00+00:00, run_after=2026-08-24 00:00:00+00:00
[2026-08-24T13:56:48.515+0000] {processor.py:183} INFO - Processing /home/airflow/.local/lib/python3.12/site-packages/airflow/example_dags/example_nested_branch_dag.py took 0.182 seconds
[2026-08-24T13:57:19.456+0000] {processor.py:161} INFO - Started process (PID=727) to work on /home/airflow/.local/lib/python3.12/site-packages/airflow/example_dags/example_nested_branch_dag.py
[2026-08-24T13:57:19.457+0000] {processor.py:830} INFO - Processing file /home/airflow/.local/lib/python3.12/site-packages/airflow/example_dags/example_nested_branch_dag.py for tasks to queue
[2026-08-24T13:57:19.461+0000] {logging_mixin.py:188} INFO - [2026-08-24T13:57:19.460+0000] {dagbag.py:545} INFO - Filling up the DagBag from /home/airflow/.local/lib/python3.12/site-packages/airflow/example_dags/example_nested_branch_dag.py
[2026-08-24T13:57:19.476+0000] {processor.py:840} INFO - DAG(s) 'example_nested_branch_dag' retrieved from /home/airflow/.local/lib/python3.12/site-packages/airflow/example_dags/example_nested_branch_dag.py
[2026-08-24T13:57:19.503+0000] {logging_mixin.py:188} INFO - [2026-08-24T13:57:19.503+0000] {dag.py:3096} INFO - Sync 1 DAGs
[2026-08-24T13:57:19.533+0000] {logging_mixin.py:188} INFO - [2026-08-24T13:57:19.533+0000] {dag.py:3954} INFO - Setting next_dagrun for example_nested_branch_dag to 2026-08-23 00:00:00+00:00, run_after=2026-08-24 00:00:00+00:00
[2026-08-24T13:57:19.560+0000] {processor.py:183} INFO - Processing /home/airflow/.local/lib/python3.12/site-packages/airflow/example_dags/example_nested_branch_dag.py took 0.112 seconds
[2026-08-24T13:57:49.677+0000] {processor.py:161} INFO - Started process (PID=786) to work on /home/airflow/.local/lib/python3.12/site-packages/airflow/example_dags/example_nested_branch_dag.py
[2026-08-24T13:57:49.679+0000] {processor.py:830} INFO - Processing file /home/airflow/.local/lib/python3.12/site-packages/airflow/example_dags/example_nested_branch_dag.py for tasks to queue
[2026-08-24T13:57:49.682+0000] {logging_mixin.py:188} INFO - [2026-08-24T13:57:49.681+0000] {dagbag.py:545} INFO - Filling up the DagBag from /home/airflow/.local/lib/python3.12/site-packages/airflow/example_dags/example_nested_branch_dag.py
[2026-08-24T13:57:49.697+0000] {processor.py:840} INFO - DAG(s) 'example_nested_branch_dag' retrieved from /home/airflow/.local/lib/python3.12/site-packages/airflow/example_dags/example_nested_branch_dag.py
[2026-08-24T13:57:49.726+0000] {logging_mixin.py:188} INFO - [2026-08-24T13:57:49.725+0000] {dag.py:3096} INFO - Sync 1 DAGs
[2026-08-24T13:57:49.755+0000] {logging_mixin.py:188} INFO - [2026-08-24T13:57:49.755+0000] {dag.py:3954} INFO - Setting next_dagrun for example_nested_branch_dag to 2026-08-23 00:00:00+00:00, run_after=2026-08-24 00:00:00+00:00
[2026-08-24T13:57:49.809+0000] {processor.py:183} INFO - Processing /home/airflow/.local/lib/python3.12/site-packages/airflow/example_dags/example_nested_branch_dag.py took 0.139 seconds
[2026-08-24T13:58:20.284+0000] {processor.py:161} INFO - Started process (PID=846) to work on /home/airflow/.local/lib/python3.12/site-packages/airflow/example_dags/example_nested_branch_dag.py
[2026-08-24T13:58:20.286+0000] {processor.py:830} INFO - Processing file /home/airflow/.local/lib/python3.12/site-packages/airflow/example_dags/example_nested_branch_dag.py for tasks to queue
[2026-08-24T13:58:20.289+0000] {logging_mixin.py:188} INFO - [2026-08-24T13:58:20.289+0000] {dagbag.py:545} INFO - Filling up the DagBag from /home/airflow/.local/lib/python3.12/site-packages/airflow/example_dags/example_nested_branch_dag.py
[2026-08-24T13:58:20.309+0000] {processor.py:840} INFO - DAG(s) 'example_nested_branch_dag' retrieved from /home/airflow/.local/lib/python3.12/site-packages/airflow/example_dags/example_nested_branch_dag.py
[2026-08-24T13:58:20.337+0000] {logging_mixin.py:188} INFO - [2026-08-24T13:58:20.336+0000] {dag.py:3096} INFO - Sync 1 DAGs
[2026-08-24T13:58:20.365+0000] {logging_mixin.py:188} INFO - [2026-08-24T13:58:20.365+0000] {dag.py:3954} INFO - Setting next_dagrun for example_nested_branch_dag to 2026-08-23 00:00:00+00:00, run_after=2026-08-24 00:00:00+00:00
[2026-08-24T13:58:20.519+0000] {processor.py:183} INFO - Processing /home/airflow/.local/lib/python3.12/site-packages/airflow/example_dags/example_nested_branch_dag.py took 0.245 seconds
[2026-08-24T13:58:50.633+0000] {processor.py:161} INFO - Started process (PID=905) to work on /home/airflow/.local/lib/python3.12/site-packages/airflow/example_dags/example_nested_branch_dag.py
[2026-08-24T13:58:50.635+0000] {processor.py:830} INFO - Processing file /home/airflow/.local/lib/python3.12/site-packages/airflow/example_dags/example_nested_branch_dag.py for tasks to queue
[2026-08-24T13:58:50.637+0000] {logging_mixin.py:188} INFO - [2026-08-24T13:58:50.637+0000] {dagbag.py:545} INFO - Filling up the DagBag from /home/airflow/.local/lib/python3.12/site-packages/airflow/example_dags/example_nested_branch_dag.py
[2026-08-24T13:58:50.649+0000] {processor.py:840} INFO - DAG(s) 'example_nested_branch_dag' retrieved from /home/airflow/.local/lib/python3.12/site-packages/airflow/example_dags/example_nested_branch_dag.py
[2026-08-24T13:58:50.678+0000] {logging_mixin.py:188} INFO - [2026-08-24T13:58:50.678+0000] {dag.py:3096} INFO - Sync 1 DAGs
[2026-08-24T13:58:50.710+0000] {logging_mixin.py:188} INFO - [2026-08-24T13:58:50.710+0000] {dag.py:3954} INFO - Setting next_dagrun for example_nested_branch_dag to 2026-08-23 00:00:00+00:00, run_after=2026-08-24 00:00:00+00:00
[2026-08-24T13:58:50.736+0000] {processor.py:183} INFO - Processing /home/airflow/.local/lib/python3.12/site-packages/airflow/example_dags/example_nested_branch_dag.py took 0.110 seconds
[2026-08-24T14:00:33.657+0000] {processor.py:161} INFO - Started process (PID=89) to work on /home/airflow/.local/lib/python3.12/site-packages/airflow/example_dags/example_nested_branch_dag.py
[2026-08-24T14:00:33.658+0000] {processor.py:830} INFO - Processing file /home/airflow/.local/lib/python3.12/site-packages/airflow/example_dags/example_nested_branch_dag.py for tasks to queue
[2026-08-24T14:00:33.661+0000] {logging_mixin.py:188} INFO - [2026-08-24T14:00:33.660+0000] {dagbag.py:545} INFO - Filling up the DagBag from /home/airflow/.local/lib/python3.12/site-packages/airflow/example_dags/example_nested_branch_dag.py
[2026-08-24T14:00:33.680+0000] {processor.py:840} INFO - DAG(s) 'example_nested_branch_dag' retrieved from /home/airflow/.local/lib/python3.12/site-packages/airflow/example_dags/example_nested_branch_dag.py
[2026-08-24T14:00:33.882+0000] {logging_mixin.py:188} INFO - [2026-08-24T14:00:33.881+0000] {dag.py:3096} INFO - Sync 1 DAGs
[2026-08-24T14:00:33.917+0000] {logging_mixin.py:188} INFO - [2026-08-24T14:00:33.916+0000] {dag.py:3954} INFO - Setting next_dagrun for example_nested_branch_dag to 2026-08-23 00:00:00+00:00, run_after=2026-08-24 00:00:00+00:00
[2026-08-24T14:00:33.951+0000] {processor.py:183} INFO - Processing /home/airflow/.local/lib/python3.12/site-packages/airflow/example_dags/example_nested_branch_dag.py took 0.305 seconds
[2026-08-24T14:01:04.001+0000] {processor.py:161} INFO - Started process (PID=148) to work on /home/airflow/.local/lib/python3.12/site-packages/airflow/example_dags/example_nested_branch_dag.py
[2026-08-24T14:01:04.003+0000] {processor.py:830} INFO - Processing file /home/airflow/.local/lib/python3.12/site-packages/airflow/example_dags/example_nested_branch_dag.py for tasks to queue
[2026-08-24T14:01:04.005+0000] {logging_mixin.py:188} INFO - [2026-08-24T14:01:04.005+0000] {dagbag.py:545} INFO - Filling up the DagBag from /home/airflow/.local/lib/python3.12/site-packages/airflow/example_dags/example_nested_branch_dag.py
[2026-08-24T14:01:04.020+0000] {processor.py:840} INFO - DAG(s) 'example_nested_branch_dag' retrieved from /home/airflow/.local/lib/python3.12/site-packages/airflow/example_dags/example_nested_branch_dag.py
[2026-08-24T14:01:04.047+0000] {logging_mixin.py:188} INFO - [2026-08-24T14:01:04.047+0000] {dag.py:3096} INFO - Sync 1 DAGs
[2026-08-24T14:01:04.076+0000] {logging_mixin.py:188} INFO - [2026-08-24T14:01:04.076+0000] {dag.py:3954} INFO - Setting next_dagrun for example_nested_branch_dag to 2026-08-23 00:00:00+00:00, run_after=2026-08-24 00:00:00+00:00
[2026-08-24T14:01:04.102+0000] {processor.py:183} INFO - Processing /home/airflow/.local/lib/python3.12/site-packages/airflow/example_dags/example_nested_branch_dag.py took 0.110 seconds
[2026-08-24T14:01:34.218+0000] {processor.py:161} INFO - Started process (PID=207) to work on /home/airflow/.local/lib/python3.12/site-packages/airflow/example_dags/example_nested_branch_dag.py
[2026-08-24T14:01:34.220+0000] {processor.py:830} INFO - Processing file /home/airflow/.local/lib/python3.12/site-packages/airflow/example_dags/example_nested_branch_dag.py for tasks to queue
[2026-08-24T14:01:34.222+0000] {logging_mixin.py:188} INFO - [2026-08-24T14:01:34.222+0000] {dagbag.py:545} INFO - Filling up the DagBag from /home/airflow/.local/lib/python3.12/site-packages/airflow/example_dags/example_nested_branch_dag.py
[2026-08-24T14:01:34.237+0000] {processor.py:840} INFO - DAG(s) 'example_nested_branch_dag' retrieved from /home/airflow/.local/lib/python3.12/site-packages/airflow/example_dags/example_nested_branch_dag.py
[2026-08-24T14:01:34.264+0000] {logging_mixin.py:188} INFO - [2026-08-24T14:01:34.264+0000] {dag.py:3096} INFO - Sync 1 DAGs
[2026-08-24T14:01:34.296+0000] {logging_mixin.py:188} INFO - [2026-08-24T14:01:34.296+0000] {dag.py:3954} INFO - Setting next_dagrun for example_nested_branch_dag to 2026-08-23 00:00:00+00:00, run_after=2026-08-24 00:00:00+00:00
[2026-08-24T14:01:34.324+0000] {processor.py:183} INFO - Processing /home/airflow/.local/lib/python3.12/site-packages/airflow/example_dags/example_nested_branch_dag.py took 0.115 seconds
[2026-08-24T14:02:04.440+0000] {processor.py:161} INFO - Started process (PID=266) to work on /home/airflow/.local/lib/python3.12/site-packages/airflow/example_dags/example_nested_branch_dag.py
[2026-08-24T14:02:04.442+0000] {processor.py:830} INFO - Processing file /home/airflow/.local/lib/python3.12/site-packages/airflow/example_dags/example_nested_branch_dag.py for tasks to queue
[2026-08-24T14:02:04.444+0000] {logging_mixin.py:188} INFO - [2026-08-24T14:02:04.443+0000] {dagbag.py:545} INFO - Filling up the DagBag from /home/airflow/.local/lib/python3.12/site-packages/airflow/example_dags/example_nested_branch_dag.py
[2026-08-24T14:02:04.456+0000] {processor.py:840} INFO - DAG(s) 'example_nested_branch_dag' retrieved from /home/airflow/.local/lib/python3.12/site-packages/airflow/example_dags/example_nested_branch_dag.py
[2026-08-24T14:02:04.482+0000] {logging_mixin.py:188} INFO - [2026-08-24T14:02:04.482+0000] {dag.py:3096} INFO - Sync 1 DAGs
[2026-08-24T14:02:04.509+0000] {logging_mixin.py:188} INFO - [2026-08-24T14:02:04.509+0000] {dag.py:3954} INFO - Setting next_dagrun for example_nested_branch_dag to 2026-08-23 00:00:00+00:00, run_after=2026-08-24 00:00:00+00:00
[2026-08-24T14:02:04.542+0000] {processor.py:183} INFO - Processing /home/airflow/.local/lib/python3.12/site-packages/airflow/example_dags/example_nested_branch_dag.py took 0.108 seconds
[2026-08-24T14:02:34.751+0000] {processor.py:161} INFO - Started process (PID=326) to work on /home/airflow/.local/lib/python3.12/site-packages/airflow/example_dags/example_nested_branch_dag.py
[2026-08-24T14:02:34.752+0000] {processor.py:830} INFO - Processing file /home/airflow/.local/lib/python3.12/site-packages/airflow/example_dags/example_nested_branch_dag.py for tasks to queue
[2026-08-24T14:02:34.755+0000] {logging_mixin.py:188} INFO - [2026-08-24T14:02:34.754+0000] {dagbag.py:545} INFO - Filling up the DagBag from /home/airflow/.local/lib/python3.12/site-packages/airflow/example_dags/example_nested_branch_dag.py
[2026-08-24T14:02:34.769+0000] {processor.py:840} INFO - DAG(s) 'example_nested_branch_dag' retrieved from /home/airflow/.local/lib/python3.12/site-packages/airflow/example_dags/example_nested_branch_dag.py
[2026-08-24T14:02:34.797+0000] {logging_mixin.py:188} INFO - [2026-08-24T14:02:34.797+0000] {dag.py:3096} INFO - Sync 1 DAGs
[2026-08-24T14:02:34.830+0000] {logging_mixin.py:188} INFO - [2026-08-24T14:02:34.830+0000] {dag.py:3954} INFO - Setting next_dagrun for example_nested_branch_dag to 2026-08-23 00:00:00+00:00, run_after=2026-08-24 00:00:00+00:00
[2026-08-24T14:02:34.858+0000] {processor.py:183} INFO - Processing /home/airflow/.local/lib/python3.12/site-packages/airflow/example_dags/example_nested_branch_dag.py took 0.115 seconds
[2026-08-24T14:03:05.066+0000] {processor.py:161} INFO - Started process (PID=385) to work on /home/airflow/.local/lib/python3.12/site-packages/airflow/example_dags/example_nested_branch_dag.py
[2026-08-24T14:03:05.068+0000] {processor.py:830} INFO - Processing file /home/airflow/.local/lib/python3.12/site-packages/airflow/example_dags/example_nested_branch_dag.py for tasks to queue
[2026-08-24T14:03:05.071+0000] {logging_mixin.py:188} INFO - [2026-08-24T14:03:05.071+0000] {dagbag.py:545} INFO - Filling up the DagBag from /home/airflow/.local/lib/python3.12/site-packages/airflow/example_dags/example_nested_branch_dag.py
[2026-08-24T14:03:05.088+0000] {processor.py:840} INFO - DAG(s) 'example_nested_branch_dag' retrieved from /home/airflow/.local/lib/python3.12/site-packages/airflow/example_dags/example_nested_branch_dag.py
[2026-08-24T14:03:05.128+0000] {logging_mixin.py:188} INFO - [2026-08-24T14:03:05.128+0000] {dag.py:3096} INFO - Sync 1 DAGs
[2026-08-24T14:03:05.170+0000] {logging_mixin.py:188} INFO - [2026-08-24T14:03:05.169+0000] {dag.py:3954} INFO - Setting next_dagrun for example_nested_branch_dag to 2026-08-23 00:00:00+00:00, run_after=2026-08-24 00:00:00+00:00
[2026-08-24T14:03:05.208+0000] {processor.py:183} INFO - Processing /home/airflow/.local/lib/python3.12/site-packages/airflow/example_dags/example_nested_branch_dag.py took 0.153 seconds
[2026-08-24T14:07:37.136+0000] {processor.py:161} INFO - Started process (PID=95) to work on /home/airflow/.local/lib/python3.12/site-packages/airflow/example_dags/example_nested_branch_dag.py
[2026-08-24T14:07:37.138+0000] {processor.py:830} INFO - Processing file /home/airflow/.local/lib/python3.12/site-packages/airflow/example_dags/example_nested_branch_dag.py for tasks to queue
[2026-08-24T14:07:37.141+0000] {logging_mixin.py:188} INFO - [2026-08-24T14:07:37.141+0000] {dagbag.py:545} INFO - Filling up the DagBag from /home/airflow/.local/lib/python3.12/site-packages/airflow/example_dags/example_nested_branch_dag.py
[2026-08-24T14:07:37.161+0000] {processor.py:840} INFO - DAG(s) 'example_nested_branch_dag' retrieved from /home/airflow/.local/lib/python3.12/site-packages/airflow/example_dags/example_nested_branch_dag.py
[2026-08-24T14:07:37.337+0000] {logging_mixin.py:188} INFO - [2026-08-24T14:07:37.337+0000] {dag.py:3096} INFO - Sync 1 DAGs
[2026-08-24T14:07:37.370+0000] {logging_mixin.py:188} INFO - [2026-08-24T14:07:37.370+0000] {dag.py:3954} INFO - Setting next_dagrun for example_nested_branch_dag to 2026-08-23 00:00:00+00:00, run_after=2026-08-24 00:00:00+00:00
[2026-08-24T14:07:37.401+0000] {processor.py:183} INFO - Processing /home/airflow/.local/lib/python3.12/site-packages/airflow/example_dags/example_nested_branch_dag.py took 0.276 seconds
[2026-08-24T14:08:07.502+0000] {processor.py:161} INFO - Started process (PID=154) to work on /home/airflow/.local/lib/python3.12/site-packages/airflow/example_dags/example_nested_branch_dag.py
[2026-08-24T14:08:07.503+0000] {processor.py:830} INFO - Processing file /home/airflow/.local/lib/python3.12/site-packages/airflow/example_dags/example_nested_branch_dag.py for tasks to queue
[2026-08-24T14:08:07.505+0000] {logging_mixin.py:188} INFO - [2026-08-24T14:08:07.505+0000] {dagbag.py:545} INFO - Filling up the DagBag from /home/airflow/.local/lib/python3.12/site-packages/airflow/example_dags/example_nested_branch_dag.py
[2026-08-24T14:08:07.518+0000] {processor.py:840} INFO - DAG(s) 'example_nested_branch_dag' retrieved from /home/airflow/.local/lib/python3.12/site-packages/airflow/example_dags/example_nested_branch_dag.py
[2026-08-24T14:08:07.542+0000] {logging_mixin.py:188} INFO - [2026-08-24T14:08:07.542+0000] {dag.py:3096} INFO - Sync 1 DAGs
[2026-08-24T14:08:07.571+0000] {logging_mixin.py:188} INFO - [2026-08-24T14:08:07.570+0000] {dag.py:3954} INFO - Setting next_dagrun for example_nested_branch_dag to 2026-08-23 00:00:00+00:00, run_after=2026-08-24 00:00:00+00:00
[2026-08-24T14:08:07.596+0000] {processor.py:183} INFO - Processing /home/airflow/.local/lib/python3.12/site-packages/airflow/example_dags/example_nested_branch_dag.py took 0.101 seconds
[2026-08-24T14:08:38.155+0000] {processor.py:161} INFO - Started process (PID=213) to work on /home/airflow/.local/lib/python3.12/site-packages/airflow/example_dags/example_nested_branch_dag.py
[2026-08-24T14:08:38.157+0000] {processor.py:830} INFO - Processing file /home/airflow/.local/lib/python3.12/site-packages/airflow/example_dags/example_nested_branch_dag.py for tasks to queue
[2026-08-24T14:08:38.161+0000] {logging_mixin.py:188} INFO - [2026-08-24T14:08:38.160+0000] {dagbag.py:545} INFO - Filling up the DagBag from /home/airflow/.local/lib/python3.12/site-packages/airflow/example_dags/example_nested_branch_dag.py
[2026-08-24T14:08:38.178+0000] {processor.py:840} INFO - DAG(s) 'example_nested_branch_dag' retrieved from /home/airflow/.local/lib/python3.12/site-packages/airflow/example_dags/example_nested_branch_dag.py
[2026-08-24T14:08:38.213+0000] {logging_mixin.py:188} INFO - [2026-08-24T14:08:38.212+0000] {dag.py:3096} INFO - Sync 1 DAGs
[2026-08-24T14:08:38.262+0000] {logging_mixin.py:188} INFO - [2026-08-24T14:08:38.261+0000] {dag.py:3954} INFO - Setting next_dagrun for example_nested_branch_dag to 2026-08-23 00:00:00+00:00, run_after=2026-08-24 00:00:00+00:00
[2026-08-24T14:08:38.299+0000] {processor.py:183} INFO - Processing /home/airflow/.local/lib/python3.12/site-packages/airflow/example_dags/example_nested_branch_dag.py took 0.155 seconds
[2026-08-24T14:09:08.591+0000] {processor.py:161} INFO - Started process (PID=272) to work on /home/airflow/.local/lib/python3.12/site-packages/airflow/example_dags/example_nested_branch_dag.py
[2026-08-24T14:09:08.593+0000] {processor.py:830} INFO - Processing file /home/airflow/.local/lib/python3.12/site-packages/airflow/example_dags/example_nested_branch_dag.py for tasks to queue
[2026-08-24T14:09:08.598+0000] {logging_mixin.py:188} INFO - [2026-08-24T14:09:08.598+0000] {dagbag.py:545} INFO - Filling up the DagBag from /home/airflow/.local/lib/python3.12/site-packages/airflow/example_dags/example_nested_branch_dag.py
[2026-08-24T14:09:08.622+0000] {processor.py:840} INFO - DAG(s) 'example_nested_branch_dag' retrieved from /home/airflow/.local/lib/python3.12/site-packages/airflow/example_dags/example_nested_branch_dag.py
[2026-08-24T14:09:08.661+0000] {logging_mixin.py:188} INFO - [2026-08-24T14:09:08.661+0000] {dag.py:3096} INFO - Sync 1 DAGs
[2026-08-24T14:09:08.711+0000] {logging_mixin.py:188} INFO - [2026-08-24T14:09:08.711+0000] {dag.py:3954} INFO - Setting next_dagrun for example_nested_branch_dag to 2026-08-23 00:00:00+00:00, run_after=2026-08-24 00:00:00+00:00
[2026-08-24T14:09:08.750+0000] {processor.py:183} INFO - Processing /home/airflow/.local/lib/python3.12/site-packages/airflow/example_dags/example_nested_branch_dag.py took 0.174 seconds
[2026-08-24T14:09:39.205+0000] {processor.py:161} INFO - Started process (PID=331) to work on /home/airflow/.local/lib/python3.12/site-packages/airflow/example_dags/example_nested_branch_dag.py
[2026-08-24T14:09:39.206+0000] {processor.py:830} INFO - Processing file /home/airflow/.local/lib/python3.12/site-packages/airflow/example_dags/example_nested_branch_dag.py for tasks to queue
[2026-08-24T14:09:39.209+0000] {logging_mixin.py:188} INFO - [2026-08-24T14:09:39.209+0000] {dagbag.py:545} INFO - Filling up the DagBag from /home/airflow/.local/lib/python3.12/site-packages/airflow/example_dags/example_nested_branch_dag.py
[2026-08-24T14:09:39.221+0000] {processor.py:840} INFO - DAG(s) 'example_nested_branch_dag' retrieved from /home/airflow/.local/lib/python3.12/site-packages/airflow/example_dags/example_nested_branch_dag.py
[2026-08-24T14:09:39.250+0000] {logging_mixin.py:188} INFO - [2026-08-24T14:09:39.250+0000] {dag.py:3096} INFO - Sync 1 DAGs
[2026-08-24T14:09:39.281+0000] {logging_mixin.py:188} INFO - [2026-08-24T14:09:39.281+0000] {dag.py:3954} INFO - Setting next_dagrun for example_nested_branch_dag to 2026-08-23 00:00:00+00:00, run_after=2026-08-24 00:00:00+00:00
[2026-08-24T14:09:39.306+0000] {processor.py:183} INFO - Processing /home/airflow/.local/lib/python3.12/site-packages/airflow/example_dags/example_nested_branch_dag.py took 0.108 seconds
[2026-08-24T14:10:09.772+0000] {processor.py:161} INFO - Started process (PID=390) to work on /home/airflow/.local/lib/python3.12/site-packages/airflow/example_dags/example_nested_branch_dag.py
[2026-08-24T14:10:09.774+0000] {processor.py:830} INFO - Processing file /home/airflow/.local/lib/python3.12/site-packages/airflow/example_dags/example_nested_branch_dag.py for tasks to queue
[2026-08-24T14:10:09.777+0000] {logging_mixin.py:188} INFO - [2026-08-24T14:10:09.776+0000] {dagbag.py:545} INFO - Filling up the DagBag from /home/airflow/.local/lib/python3.12/site-packages/airflow/example_dags/example_nested_branch_dag.py
[2026-08-24T14:10:09.791+0000] {processor.py:840} INFO - DAG(s) 'example_nested_branch_dag' retrieved from /home/airflow/.local/lib/python3.12/site-packages/airflow/example_dags/example_nested_branch_dag.py
[2026-08-24T14:10:09.817+0000] {logging_mixin.py:188} INFO - [2026-08-24T14:10:09.817+0000] {dag.py:3096} INFO - Sync 1 DAGs
[2026-08-24T14:10:09.846+0000] {logging_mixin.py:188} INFO - [2026-08-24T14:10:09.846+0000] {dag.py:3954} INFO - Setting next_dagrun for example_nested_branch_dag to 2026-08-23 00:00:00+00:00, run_after=2026-08-24 00:00:00+00:00
[2026-08-24T14:10:09.872+0000] {processor.py:183} INFO - Processing /home/airflow/.local/lib/python3.12/site-packages/airflow/example_dags/example_nested_branch_dag.py took 0.111 seconds
[2026-08-24T14:10:40.306+0000] {processor.py:161} INFO - Started process (PID=449) to work on /home/airflow/.local/lib/python3.12/site-packages/airflow/example_dags/example_nested_branch_dag.py
[2026-08-24T14:10:40.307+0000] {processor.py:830} INFO - Processing file /home/airflow/.local/lib/python3.12/site-packages/airflow/example_dags/example_nested_branch_dag.py for tasks to queue
[2026-08-24T14:10:40.310+0000] {logging_mixin.py:188} INFO - [2026-08-24T14:10:40.309+0000] {dagbag.py:545} INFO - Filling up the DagBag from /home/airflow/.local/lib/python3.12/site-packages/airflow/example_dags/example_nested_branch_dag.py
[2026-08-24T14:10:40.323+0000] {processor.py:840} INFO - DAG(s) 'example_nested_branch_dag' retrieved from /home/airflow/.local/lib/python3.12/site-packages/airflow/example_dags/example_nested_branch_dag.py
[2026-08-24T14:10:40.359+0000] {logging_mixin.py:188} INFO - [2026-08-24T14:10:40.358+0000] {dag.py:3096} INFO - Sync 1 DAGs
[2026-08-24T14:10:40.399+0000] {logging_mixin.py:188} INFO - [2026-08-24T14:10:40.399+0000] {dag.py:3954} INFO - Setting next_dagrun for example_nested_branch_dag to 2026-08-23 00:00:00+00:00, run_after=2026-08-24 00:00:00+00:00
[2026-08-24T14:10:40.435+0000] {processor.py:183} INFO - Processing /home/airflow/.local/lib/python3.12/site-packages/airflow/example_dags/example_nested_branch_dag.py took 0.139 seconds
[2026-08-24T14:13:24.516+0000] {processor.py:161} INFO - Started process (PID=99) to work on /home/airflow/.local/lib/python3.12/site-packages/airflow/example_dags/example_nested_branch_dag.py
[2026-08-24T14:13:24.518+0000] {processor.py:830} INFO - Processing file /home/airflow/.local/lib/python3.12/site-packages/airflow/example_dags/example_nested_branch_dag.py for tasks to queue
[2026-08-24T14:13:24.520+0000] {logging_mixin.py:188} INFO - [2026-08-24T14:13:24.520+0000] {dagbag.py:545} INFO - Filling up the DagBag from /home/airflow/.local/lib/python3.12/site-packages/airflow/example_dags/example_nested_branch_dag.py
[2026-08-24T14:13:24.541+0000] {processor.py:840} INFO - DAG(s) 'example_nested_branch_dag' retrieved from /home/airflow/.local/lib/python3.12/site-packages/airflow/example_dags/example_nested_branch_dag.py
[2026-08-24T14:13:24.733+0000] {logging_mixin.py:188} INFO - [2026-08-24T14:13:24.733+0000] {dag.py:3096} INFO - Sync 1 DAGs
[2026-08-24T14:13:24.768+0000] {logging_mixin.py:188} INFO - [2026-08-24T14:13:24.768+0000] {dag.py:3954} INFO - Setting next_dagrun for example_nested_branch_dag to 2026-08-23 00:00:00+00:00, run_after=2026-08-24 00:00:00+00:00
[2026-08-24T14:13:24.797+0000] {processor.py:183} INFO - Processing /home/airflow/.local/lib/python3.12/site-packages/airflow/example_dags/example_nested_branch_dag.py took 0.291 seconds
[2026-08-24T14:13:54.896+0000] {processor.py:161} INFO - Started process (PID=158) to work on /home/airflow/.local/lib/python3.12/site-packages/airflow/example_dags/example_nested_branch_dag.py
[2026-08-24T14:13:54.897+0000] {processor.py:830} INFO - Processing file /home/airflow/.local/lib/python3.12/site-packages/airflow/example_dags/example_nested_branch_dag.py for tasks to queue
[2026-08-24T14:13:54.900+0000] {logging_mixin.py:188} INFO - [2026-08-24T14:13:54.899+0000] {dagbag.py:545} INFO - Filling up the DagBag from /home/airflow/.local/lib/python3.12/site-packages/airflow/example_dags/example_nested_branch_dag.py
[2026-08-24T14:13:54.911+0000] {processor.py:840} INFO - DAG(s) 'example_nested_branch_dag' retrieved from /home/airflow/.local/lib/python3.12/site-packages/airflow/example_dags/example_nested_branch_dag.py
[2026-08-24T14:13:54.937+0000] {logging_mixin.py:188} INFO - [2026-08-24T14:13:54.936+0000] {dag.py:3096} INFO - Sync 1 DAGs
[2026-08-24T14:13:54.963+0000] {logging_mixin.py:188} INFO - [2026-08-24T14:13:54.963+0000] {dag.py:3954} INFO - Setting next_dagrun for example_nested_branch_dag to 2026-08-23 00:00:00+00:00, run_after=2026-08-24 00:00:00+00:00
[2026-08-24T14:13:54.983+0000] {processor.py:183} INFO - Processing /home/airflow/.local/lib/python3.12/site-packages/airflow/example_dags/example_nested_branch_dag.py took 0.095 seconds
[2026-08-24T14:14:25.509+0000] {processor.py:161} INFO - Started process (PID=217) to work on /home/airflow/.local/lib/python3.12/site-packages/airflow/example_dags/example_nested_branch_dag.py
[2026-08-24T14:14:25.511+0000] {processor.py:830} INFO - Processing file /home/airflow/.local/lib/python3.12/site-packages/airflow/example_dags/example_nested_branch_dag.py for tasks to queue
[2026-08-24T14:14:25.514+0000] {logging_mixin.py:188} INFO - [2026-08-24T14:14:25.513+0000] {dagbag.py:545} INFO - Filling up the DagBag from /home/airflow/.local/lib/python3.12/site-packages/airflow/example_dags/example_nested_branch_dag.py
[2026-08-24T14:14:25.527+0000] {processor.py:840} INFO - DAG(s) 'example_nested_branch_dag' retrieved from /home/airflow/.local/lib/python3.12/site-packages/airflow/example_dags/example_nested_branch_dag.py
[2026-08-24T14:14:25.555+0000] {logging_mixin.py:188} INFO - [2026-08-24T14:14:25.555+0000] {dag.py:3096} INFO - Sync 1 DAGs
[2026-08-24T14:14:25.586+0000] {logging_mixin.py:188} INFO - [2026-08-24T14:14:25.586+0000] {dag.py:3954} INFO - Setting next_dagrun for example_nested_branch_dag to 2026-08-23 00:00:00+00:00, run_after=2026-08-24 00:00:00+00:00
[2026-08-24T14:14:25.615+0000] {processor.py:183} INFO - Processing /home/airflow/.local/lib/python3.12/site-packages/airflow/example_dags/example_nested_branch_dag.py took 0.113 seconds
[2026-08-24T14:14:56.133+0000] {processor.py:161} INFO - Started process (PID=276) to work on /home/airflow/.local/lib/python3.12/site-packages/airflow/example_dags/example_nested_branch_dag.py
[2026-08-24T14:14:56.135+0000] {processor.py:830} INFO - Processing file /home/airflow/.local/lib/python3.12/site-packages/airflow/example_dags/example_nested_branch_dag.py for tasks to queue
[2026-08-24T14:14:56.137+0000] {logging_mixin.py:188} INFO - [2026-08-24T14:14:56.137+0000] {dagbag.py:545} INFO - Filling up the DagBag from /home/airflow/.local/lib/python3.12/site-packages/airflow/example_dags/example_nested_branch_dag.py
[2026-08-24T14:14:56.149+0000] {processor.py:840} INFO - DAG(s) 'example_nested_branch_dag' retrieved from /home/airflow/.local/lib/python3.12/site-packages/airflow/example_dags/example_nested_branch_dag.py
[2026-08-24T14:14:56.175+0000] {logging_mixin.py:188} INFO - [2026-08-24T14:14:56.175+0000] {dag.py:3096} INFO - Sync 1 DAGs
[2026-08-24T14:14:56.203+0000] {logging_mixin.py:188} INFO - [2026-08-24T14:14:56.202+0000] {dag.py:3954} INFO - Setting next_dagrun for example_nested_branch_dag to 2026-08-23 00:00:00+00:00, run_after=2026-08-24 00:00:00+00:00
[2026-08-24T14:14:56.230+0000] {processor.py:183} INFO - Processing /home/airflow/.local/lib/python3.12/site-packages/airflow/example_dags/example_nested_branch_dag.py took 0.104 seconds
[2026-08-24T14:15:26.668+0000] {processor.py:161} INFO - Started process (PID=335) to work on /home/airflow/.local/lib/python3.12/site-packages/airflow/example_dags/example_nested_branch_dag.py
[2026-08-24T14:15:26.669+0000] {processor.py:830} INFO - Processing file /home/airflow/.local/lib/python3.12/site-packages/airflow/example_dags/example_nested_branch_dag.py for tasks to queue
[2026-08-24T14:15:26.672+0000] {logging_mixin.py:188} INFO - [2026-08-24T14:15:26.671+0000] {dagbag.py:545} INFO - Filling up the DagBag from /home/airflow/.local/lib/python3.12/site-packages/airflow/example_dags/example_nested_branch_dag.py
[2026-08-24T14:15:26.684+0000] {processor.py:840} INFO - DAG(s) 'example_nested_branch_dag' retrieved from /home/airflow/.local/lib/python3.12/site-packages/airflow/example_dags/example_nested_branch_dag.py
[2026-08-24T14:15:26.712+0000] {logging_mixin.py:188} INFO - [2026-08-24T14:15:26.711+0000] {dag.py:3096} INFO - Sync 1 DAGs
[2026-08-24T14:15:26.747+0000] {logging_mixin.py:188} INFO - [2026-08-24T14:15:26.746+0000] {dag.py:3954} INFO - Setting next_dagrun for example_nested_branch_dag to 2026-08-23 00:00:00+00:00, run_after=2026-08-24 00:00:00+00:00
[2026-08-24T14:15:26.772+0000] {processor.py:183} INFO - Processing /home/airflow/.local/lib/python3.12/site-packages/airflow/example_dags/example_nested_branch_dag.py took 0.112 seconds
[2026-08-24T14:15:56.906+0000] {processor.py:161} INFO - Started process (PID=394) to work on /home/airflow/.local/lib/python3.12/site-packages/airflow/example_dags/example_nested_branch_dag.py
[2026-08-24T14:15:56.907+0000] {processor.py:830} INFO - Processing file /home/airflow/.local/lib/python3.12/site-packages/airflow/example_dags/example_nested_branch_dag.py for tasks to queue
[2026-08-24T14:15:56.910+0000] {logging_mixin.py:188} INFO - [2026-08-24T14:15:56.909+0000] {dagbag.py:545} INFO - Filling up the DagBag from /home/airflow/.local/lib/python3.12/site-packages/airflow/example_dags/example_nested_branch_dag.py
[2026-08-24T14:15:56.923+0000] {processor.py:840} INFO - DAG(s) 'example_nested_branch_dag' retrieved from /home/airflow/.local/lib/python3.12/site-packages/airflow/example_dags/example_nested_branch_dag.py
[2026-08-24T14:15:56.956+0000] {logging_mixin.py:188} INFO - [2026-08-24T14:15:56.956+0000] {dag.py:3096} INFO - Sync 1 DAGs
[2026-08-24T14:15:56.991+0000] {logging_mixin.py:188} INFO - [2026-08-24T14:15:56.990+0000] {dag.py:3954} INFO - Setting next_dagrun for example_nested_branch_dag to 2026-08-23 00:00:00+00:00, run_after=2026-08-24 00:00:00+00:00
[2026-08-24T14:15:57.017+0000] {processor.py:183} INFO - Processing /home/airflow/.local/lib/python3.12/site-packages/airflow/example_dags/example_nested_branch_dag.py took 0.119 seconds
[2026-08-24T14:16:27.245+0000] {processor.py:161} INFO - Started process (PID=452) to work on /home/airflow/.local/lib/python3.12/site-packages/airflow/example_dags/example_nested_branch_dag.py
[2026-08-24T14:16:27.246+0000] {processor.py:830} INFO - Processing file /home/airflow/.local/lib/python3.12/site-packages/airflow/example_dags/example_nested_branch_dag.py for tasks to queue
[2026-08-24T14:16:27.249+0000] {logging_mixin.py:188} INFO - [2026-08-24T14:16:27.249+0000] {dagbag.py:545} INFO - Filling up the DagBag from /home/airflow/.local/lib/python3.12/site-packages/airflow/example_dags/example_nested_branch_dag.py
[2026-08-24T14:16:27.263+0000] {processor.py:840} INFO - DAG(s) 'example_nested_branch_dag' retrieved from /home/airflow/.local/lib/python3.12/site-packages/airflow/example_dags/example_nested_branch_dag.py
[2026-08-24T14:16:27.290+0000] {logging_mixin.py:188} INFO - [2026-08-24T14:16:27.290+0000] {dag.py:3096} INFO - Sync 1 DAGs
[2026-08-24T14:16:27.325+0000] {logging_mixin.py:188} INFO - [2026-08-24T14:16:27.325+0000] {dag.py:3954} INFO - Setting next_dagrun for example_nested_branch_dag to 2026-08-23 00:00:00+00:00, run_after=2026-08-24 00:00:00+00:00
[2026-08-24T14:16:27.352+0000] {processor.py:183} INFO - Processing /home/airflow/.local/lib/python3.12/site-packages/airflow/example_dags/example_nested_branch_dag.py took 0.114 seconds
[2026-08-24T14:16:57.561+0000] {processor.py:161} INFO - Started process (PID=511) to work on /home/airflow/.local/lib/python3.12/site-packages/airflow/example_dags/example_nested_branch_dag.py
[2026-08-24T14:16:57.563+0000] {processor.py:830} INFO - Processing file /home/airflow/.local/lib/python3.12/site-packages/airflow/example_dags/example_nested_branch_dag.py for tasks to queue
[2026-08-24T14:16:57.567+0000] {logging_mixin.py:188} INFO - [2026-08-24T14:16:57.567+0000] {dagbag.py:545} INFO - Filling up the DagBag from /home/airflow/.local/lib/python3.12/site-packages/airflow/example_dags/example_nested_branch_dag.py
[2026-08-24T14:16:57.582+0000] {processor.py:840} INFO - DAG(s) 'example_nested_branch_dag' retrieved from /home/airflow/.local/lib/python3.12/site-packages/airflow/example_dags/example_nested_branch_dag.py
[2026-08-24T14:16:57.612+0000] {logging_mixin.py:188} INFO - [2026-08-24T14:16:57.612+0000] {dag.py:3096} INFO - Sync 1 DAGs
[2026-08-24T14:16:57.643+0000] {logging_mixin.py:188} INFO - [2026-08-24T14:16:57.643+0000] {dag.py:3954} INFO - Setting next_dagrun for example_nested_branch_dag to 2026-08-23 00:00:00+00:00, run_after=2026-08-24 00:00:00+00:00
[2026-08-24T14:16:57.671+0000] {processor.py:183} INFO - Processing /home/airflow/.local/lib/python3.12/site-packages/airflow/example_dags/example_nested_branch_dag.py took 0.121 seconds
[2026-08-24T14:17:28.117+0000] {processor.py:161} INFO - Started process (PID=570) to work on /home/airflow/.local/lib/python3.12/site-packages/airflow/example_dags/example_nested_branch_dag.py
[2026-08-24T14:17:28.118+0000] {processor.py:830} INFO - Processing file /home/airflow/.local/lib/python3.12/site-packages/airflow/example_dags/example_nested_branch_dag.py for tasks to queue
[2026-08-24T14:17:28.121+0000] {logging_mixin.py:188} INFO - [2026-08-24T14:17:28.120+0000] {dagbag.py:545} INFO - Filling up the DagBag from /home/airflow/.local/lib/python3.12/site-packages/airflow/example_dags/example_nested_branch_dag.py
[2026-08-24T14:17:28.138+0000] {processor.py:840} INFO - DAG(s) 'example_nested_branch_dag' retrieved from /home/airflow/.local/lib/python3.12/site-packages/airflow/example_dags/example_nested_branch_dag.py
[2026-08-24T14:17:28.176+0000] {logging_mixin.py:188} INFO - [2026-08-24T14:17:28.175+0000] {dag.py:3096} INFO - Sync 1 DAGs
[2026-08-24T14:17:28.207+0000] {logging_mixin.py:188} INFO - [2026-08-24T14:17:28.207+0000] {dag.py:3954} INFO - Setting next_dagrun for example_nested_branch_dag to 2026-08-23 00:00:00+00:00, run_after=2026-08-24 00:00:00+00:00
[2026-08-24T14:17:28.239+0000] {processor.py:183} INFO - Processing /home/airflow/.local/lib/python3.12/site-packages/airflow/example_dags/example_nested_branch_dag.py took 0.132 seconds
[2026-08-24T14:17:58.309+0000] {processor.py:161} INFO - Started process (PID=629) to work on /home/airflow/.local/lib/python3.12/site-packages/airflow/example_dags/example_nested_branch_dag.py
[2026-08-24T14:17:58.310+0000] {processor.py:830} INFO - Processing file /home/airflow/.local/lib/python3.12/site-packages/airflow/example_dags/example_nested_branch_dag.py for tasks to queue
[2026-08-24T14:17:58.313+0000] {logging_mixin.py:188} INFO - [2026-08-24T14:17:58.312+0000] {dagbag.py:545} INFO - Filling up the DagBag from /home/airflow/.local/lib/python3.12/site-packages/airflow/example_dags/example_nested_branch_dag.py
[2026-08-24T14:17:58.326+0000] {processor.py:840} INFO - DAG(s) 'example_nested_branch_dag' retrieved from /home/airflow/.local/lib/python3.12/site-packages/airflow/example_dags/example_nested_branch_dag.py
[2026-08-24T14:17:58.371+0000] {logging_mixin.py:188} INFO - [2026-08-24T14:17:58.371+0000] {dag.py:3096} INFO - Sync 1 DAGs
[2026-08-24T14:17:58.435+0000] {logging_mixin.py:188} INFO - [2026-08-24T14:17:58.435+0000] {dag.py:3954} INFO - Setting next_dagrun for example_nested_branch_dag to 2026-08-23 00:00:00+00:00, run_after=2026-08-24 00:00:00+00:00
[2026-08-24T14:17:58.474+0000] {processor.py:183} INFO - Processing /home/airflow/.local/lib/python3.12/site-packages/airflow/example_dags/example_nested_branch_dag.py took 0.173 seconds
[2026-08-24T14:18:29.216+0000] {processor.py:161} INFO - Started process (PID=688) to work on /home/airflow/.local/lib/python3.12/site-packages/airflow/example_dags/example_nested_branch_dag.py
[2026-08-24T14:18:29.218+0000] {processor.py:830} INFO - Processing file /home/airflow/.local/lib/python3.12/site-packages/airflow/example_dags/example_nested_branch_dag.py for tasks to queue
[2026-08-24T14:18:29.222+0000] {logging_mixin.py:188} INFO - [2026-08-24T14:18:29.222+0000] {dagbag.py:545} INFO - Filling up the DagBag from /home/airflow/.local/lib/python3.12/site-packages/airflow/example_dags/example_nested_branch_dag.py
[2026-08-24T14:18:29.238+0000] {processor.py:840} INFO - DAG(s) 'example_nested_branch_dag' retrieved from /home/airflow/.local/lib/python3.12/site-packages/airflow/example_dags/example_nested_branch_dag.py
[2026-08-24T14:18:29.305+0000] {logging_mixin.py:188} INFO - [2026-08-24T14:18:29.304+0000] {dag.py:3096} INFO - Sync 1 DAGs
[2026-08-24T14:18:29.348+0000] {logging_mixin.py:188} INFO - [2026-08-24T14:18:29.348+0000] {dag.py:3954} INFO - Setting next_dagrun for example_nested_branch_dag to 2026-08-23 00:00:00+00:00, run_after=2026-08-24 00:00:00+00:00
[2026-08-24T14:18:29.379+0000] {processor.py:183} INFO - Processing /home/airflow/.local/lib/python3.12/site-packages/airflow/example_dags/example_nested_branch_dag.py took 0.173 seconds
[2026-08-24T14:18:59.603+0000] {processor.py:161} INFO - Started process (PID=748) to work on /home/airflow/.local/lib/python3.12/site-packages/airflow/example_dags/example_nested_branch_dag.py
[2026-08-24T14:18:59.605+0000] {processor.py:830} INFO - Processing file /home/airflow/.local/lib/python3.12/site-packages/airflow/example_dags/example_nested_branch_dag.py for tasks to queue
[2026-08-24T14:18:59.609+0000] {logging_mixin.py:188} INFO - [2026-08-24T14:18:59.608+0000] {dagbag.py:545} INFO - Filling up the DagBag from /home/airflow/.local/lib/python3.12/site-packages/airflow/example_dags/example_nested_branch_dag.py
[2026-08-24T14:18:59.630+0000] {processor.py:840} INFO - DAG(s) 'example_nested_branch_dag' retrieved from /home/airflow/.local/lib/python3.12/site-packages/airflow/example_dags/example_nested_branch_dag.py
[2026-08-24T14:18:59.672+0000] {logging_mixin.py:188} INFO - [2026-08-24T14:18:59.672+0000] {dag.py:3096} INFO - Sync 1 DAGs
[2026-08-24T14:18:59.722+0000] {logging_mixin.py:188} INFO - [2026-08-24T14:18:59.722+0000] {dag.py:3954} INFO - Setting next_dagrun for example_nested_branch_dag to 2026-08-23 00:00:00+00:00, run_after=2026-08-24 00:00:00+00:00
[2026-08-24T14:18:59.755+0000] {processor.py:183} INFO - Processing /home/airflow/.local/lib/python3.12/site-packages/airflow/example_dags/example_nested_branch_dag.py took 0.164 seconds
[2026-08-24T14:19:29.827+0000] {processor.py:161} INFO - Started process (PID=807) to work on /home/airflow/.local/lib/python3.12/site-packages/airflow/example_dags/example_nested_branch_dag.py
[2026-08-24T14:19:29.829+0000] {processor.py:830} INFO - Processing file /home/airflow/.local/lib/python3.12/site-packages/airflow/example_dags/example_nested_branch_dag.py for tasks to queue
[2026-08-24T14:19:29.831+0000] {logging_mixin.py:188} INFO - [2026-08-24T14:19:29.831+0000] {dagbag.py:545} INFO - Filling up the DagBag from /home/airflow/.local/lib/python3.12/site-packages/airflow/example_dags/example_nested_branch_dag.py
[2026-08-24T14:19:29.845+0000] {processor.py:840} INFO - DAG(s) 'example_nested_branch_dag' retrieved from /home/airflow/.local/lib/python3.12/site-packages/airflow/example_dags/example_nested_branch_dag.py
[2026-08-24T14:19:29.875+0000] {logging_mixin.py:188} INFO - [2026-08-24T14:19:29.875+0000] {dag.py:3096} INFO - Sync 1 DAGs
[2026-08-24T14:19:29.906+0000] {logging_mixin.py:188} INFO - [2026-08-24T14:19:29.905+0000] {dag.py:3954} INFO - Setting next_dagrun for example_nested_branch_dag to 2026-08-23 00:00:00+00:00, run_after=2026-08-24 00:00:00+00:00
[2026-08-24T14:19:29.932+0000] {processor.py:183} INFO - Processing /home/airflow/.local/lib/python3.12/site-packages/airflow/example_dags/example_nested_branch_dag.py took 0.113 seconds
[2026-08-24T14:20:00.706+0000] {processor.py:161} INFO - Started process (PID=868) to work on /home/airflow/.local/lib/python3.12/site-packages/airflow/example_dags/example_nested_branch_dag.py
[2026-08-24T14:20:00.707+0000] {processor.py:830} INFO - Processing file /home/airflow/.local/lib/python3.12/site-packages/airflow/example_dags/example_nested_branch_dag.py for tasks to queue
[2026-08-24T14:20:00.711+0000] {logging_mixin.py:188} INFO - [2026-08-24T14:20:00.710+0000] {dagbag.py:545} INFO - Filling up the DagBag from /home/airflow/.local/lib/python3.12/site-packages/airflow/example_dags/example_nested_branch_dag.py
[2026-08-24T14:20:00.730+0000] {processor.py:840} INFO - DAG(s) 'example_nested_branch_dag' retrieved from /home/airflow/.local/lib/python3.12/site-packages/airflow/example_dags/example_nested_branch_dag.py
[2026-08-24T14:20:00.772+0000] {logging_mixin.py:188} INFO - [2026-08-24T14:20:00.771+0000] {dag.py:3096} INFO - Sync 1 DAGs
[2026-08-24T14:20:00.819+0000] {logging_mixin.py:188} INFO - [2026-08-24T14:20:00.819+0000] {dag.py:3954} INFO - Setting next_dagrun for example_nested_branch_dag to 2026-08-23 00:00:00+00:00, run_after=2026-08-24 00:00:00+00:00
[2026-08-24T14:20:00.874+0000] {processor.py:183} INFO - Processing /home/airflow/.local/lib/python3.12/site-packages/airflow/example_dags/example_nested_branch_dag.py took 0.179 seconds
[2026-08-24T14:22:14.324+0000] {processor.py:161} INFO - Started process (PID=99) to work on /home/airflow/.local/lib/python3.12/site-packages/airflow/example_dags/example_nested_branch_dag.py
[2026-08-24T14:22:14.325+0000] {processor.py:830} INFO - Processing file /home/airflow/.local/lib/python3.12/site-packages/airflow/example_dags/example_nested_branch_dag.py for tasks to queue
[2026-08-24T14:22:14.328+0000] {logging_mixin.py:188} INFO - [2026-08-24T14:22:14.327+0000] {dagbag.py:545} INFO - Filling up the DagBag from /home/airflow/.local/lib/python3.12/site-packages/airflow/example_dags/example_nested_branch_dag.py
[2026-08-24T14:22:14.344+0000] {processor.py:840} INFO - DAG(s) 'example_nested_branch_dag' retrieved from /home/airflow/.local/lib/python3.12/site-packages/airflow/example_dags/example_nested_branch_dag.py
[2026-08-24T14:22:14.507+0000] {logging_mixin.py:188} INFO - [2026-08-24T14:22:14.506+0000] {dag.py:3096} INFO - Sync 1 DAGs
[2026-08-24T14:22:14.540+0000] {logging_mixin.py:188} INFO - [2026-08-24T14:22:14.539+0000] {dag.py:3954} INFO - Setting next_dagrun for example_nested_branch_dag to 2026-08-23 00:00:00+00:00, run_after=2026-08-24 00:00:00+00:00
[2026-08-24T14:22:14.569+0000] {processor.py:183} INFO - Processing /home/airflow/.local/lib/python3.12/site-packages/airflow/example_dags/example_nested_branch_dag.py took 0.252 seconds
[2026-08-24T14:22:59.793+0000] {processor.py:161} INFO - Started process (PID=78) to work on /home/airflow/.local/lib/python3.12/site-packages/airflow/example_dags/example_nested_branch_dag.py
[2026-08-24T14:22:59.794+0000] {processor.py:830} INFO - Processing file /home/airflow/.local/lib/python3.12/site-packages/airflow/example_dags/example_nested_branch_dag.py for tasks to queue
[2026-08-24T14:22:59.797+0000] {logging_mixin.py:188} INFO - [2026-08-24T14:22:59.797+0000] {dagbag.py:545} INFO - Filling up the DagBag from /home/airflow/.local/lib/python3.12/site-packages/airflow/example_dags/example_nested_branch_dag.py
[2026-08-24T14:22:59.814+0000] {processor.py:840} INFO - DAG(s) 'example_nested_branch_dag' retrieved from /home/airflow/.local/lib/python3.12/site-packages/airflow/example_dags/example_nested_branch_dag.py
[2026-08-24T14:22:59.854+0000] {logging_mixin.py:188} INFO - [2026-08-24T14:22:59.853+0000] {dag.py:3096} INFO - Sync 1 DAGs
[2026-08-24T14:22:59.882+0000] {logging_mixin.py:188} INFO - [2026-08-24T14:22:59.882+0000] {dag.py:3954} INFO - Setting next_dagrun for example_nested_branch_dag to 2026-08-23 00:00:00+00:00, run_after=2026-08-24 00:00:00+00:00
[2026-08-24T14:22:59.908+0000] {processor.py:183} INFO - Processing /home/airflow/.local/lib/python3.12/site-packages/airflow/example_dags/example_nested_branch_dag.py took 0.123 seconds
[2026-08-24T14:23:30.060+0000] {processor.py:161} INFO - Started process (PID=137) to work on /home/airflow/.local/lib/python3.12/site-packages/airflow/example_dags/example_nested_branch_dag.py
[2026-08-24T14:23:30.061+0000] {processor.py:830} INFO - Processing file /home/airflow/.local/lib/python3.12/site-packages/airflow/example_dags/example_nested_branch_dag.py for tasks to queue
[2026-08-24T14:23:30.064+0000] {logging_mixin.py:188} INFO - [2026-08-24T14:23:30.063+0000] {dagbag.py:545} INFO - Filling up the DagBag from /home/airflow/.local/lib/python3.12/site-packages/airflow/example_dags/example_nested_branch_dag.py
[2026-08-24T14:23:30.078+0000] {processor.py:840} INFO - DAG(s) 'example_nested_branch_dag' retrieved from /home/airflow/.local/lib/python3.12/site-packages/airflow/example_dags/example_nested_branch_dag.py
[2026-08-24T14:23:30.110+0000] {logging_mixin.py:188} INFO - [2026-08-24T14:23:30.110+0000] {dag.py:3096} INFO - Sync 1 DAGs
[2026-08-24T14:23:30.146+0000] {logging_mixin.py:188} INFO - [2026-08-24T14:23:30.146+0000] {dag.py:3954} INFO - Setting next_dagrun for example_nested_branch_dag to 2026-08-23 00:00:00+00:00, run_after=2026-08-24 00:00:00+00:00
[2026-08-24T14:23:30.173+0000] {processor.py:183} INFO - Processing /home/airflow/.local/lib/python3.12/site-packages/airflow/example_dags/example_nested_branch_dag.py took 0.122 seconds
[2026-08-24T14:24:02.925+0000] {processor.py:161} INFO - Started process (PID=203) to work on /home/airflow/.local/lib/python3.12/site-packages/airflow/example_dags/example_nested_branch_dag.py
[2026-08-24T14:24:02.927+0000] {processor.py:830} INFO - Processing file /home/airflow/.local/lib/python3.12/site-packages/airflow/example_dags/example_nested_branch_dag.py for tasks to queue
[2026-08-24T14:24:02.930+0000] {logging_mixin.py:188} INFO - [2026-08-24T14:24:02.929+0000] {dagbag.py:545} INFO - Filling up the DagBag from /home/airflow/.local/lib/python3.12/site-packages/airflow/example_dags/example_nested_branch_dag.py
[2026-08-24T14:24:02.944+0000] {processor.py:840} INFO - DAG(s) 'example_nested_branch_dag' retrieved from /home/airflow/.local/lib/python3.12/site-packages/airflow/example_dags/example_nested_branch_dag.py
[2026-08-24T14:24:02.974+0000] {logging_mixin.py:188} INFO - [2026-08-24T14:24:02.974+0000] {dag.py:3096} INFO - Sync 1 DAGs
[2026-08-24T14:24:03.006+0000] {logging_mixin.py:188} INFO - [2026-08-24T14:24:03.006+0000] {dag.py:3954} INFO - Setting next_dagrun for example_nested_branch_dag to 2026-08-23 00:00:00+00:00, run_after=2026-08-24 00:00:00+00:00
[2026-08-24T14:24:03.030+0000] {processor.py:183} INFO - Processing /home/airflow/.local/lib/python3.12/site-packages/airflow/example_dags/example_nested_branch_dag.py took 0.112 seconds
[2026-08-24T14:24:33.119+0000] {processor.py:161} INFO - Started process (PID=262) to work on /home/airflow/.local/lib/python3.12/site-packages/airflow/example_dags/example_nested_branch_dag.py
[2026-08-24T14:24:33.120+0000] {processor.py:830} INFO - Processing file /home/airflow/.local/lib/python3.12/site-packages/airflow/example_dags/example_nested_branch_dag.py for tasks to queue
[2026-08-24T14:24:33.122+0000] {logging_mixin.py:188} INFO - [2026-08-24T14:24:33.122+0000] {dagbag.py:545} INFO - Filling up the DagBag from /home/airflow/.local/lib/python3.12/site-packages/airflow/example_dags/example_nested_branch_dag.py
[2026-08-24T14:24:33.136+0000] {processor.py:840} INFO - DAG(s) 'example_nested_branch_dag' retrieved from /home/airflow/.local/lib/python3.12/site-packages/airflow/example_dags/example_nested_branch_dag.py
[2026-08-24T14:24:33.164+0000] {logging_mixin.py:188} INFO - [2026-08-24T14:24:33.163+0000] {dag.py:3096} INFO - Sync 1 DAGs
[2026-08-24T14:24:33.193+0000] {logging_mixin.py:188} INFO - [2026-08-24T14:24:33.193+0000] {dag.py:3954} INFO - Setting next_dagrun for example_nested_branch_dag to 2026-08-23 00:00:00+00:00, run_after=2026-08-24 00:00:00+00:00
[2026-08-24T14:24:33.217+0000] {processor.py:183} INFO - Processing /home/airflow/.local/lib/python3.12/site-packages/airflow/example_dags/example_nested_branch_dag.py took 0.106 seconds
[2026-08-24T14:25:03.329+0000] {processor.py:161} INFO - Started process (PID=322) to work on /home/airflow/.local/lib/python3.12/site-packages/airflow/example_dags/example_nested_branch_dag.py
[2026-08-24T14:25:03.331+0000] {processor.py:830} INFO - Processing file /home/airflow/.local/lib/python3.12/site-packages/airflow/example_dags/example_nested_branch_dag.py for tasks to queue
[2026-08-24T14:25:03.333+0000] {logging_mixin.py:188} INFO - [2026-08-24T14:25:03.333+0000] {dagbag.py:545} INFO - Filling up the DagBag from /home/airflow/.local/lib/python3.12/site-packages/airflow/example_dags/example_nested_branch_dag.py
[2026-08-24T14:25:03.346+0000] {processor.py:840} INFO - DAG(s) 'example_nested_branch_dag' retrieved from /home/airflow/.local/lib/python3.12/site-packages/airflow/example_dags/example_nested_branch_dag.py
[2026-08-24T14:25:03.371+0000] {logging_mixin.py:188} INFO - [2026-08-24T14:25:03.371+0000] {dag.py:3096} INFO - Sync 1 DAGs
[2026-08-24T14:25:03.404+0000] {logging_mixin.py:188} INFO - [2026-08-24T14:25:03.403+0000] {dag.py:3954} INFO - Setting next_dagrun for example_nested_branch_dag to 2026-08-23 00:00:00+00:00, run_after=2026-08-24 00:00:00+00:00
[2026-08-24T14:25:03.428+0000] {processor.py:183} INFO - Processing /home/airflow/.local/lib/python3.12/site-packages/airflow/example_dags/example_nested_branch_dag.py took 0.107 seconds
[2026-08-24T14:25:33.582+0000] {processor.py:161} INFO - Started process (PID=382) to work on /home/airflow/.local/lib/python3.12/site-packages/airflow/example_dags/example_nested_branch_dag.py
[2026-08-24T14:25:33.583+0000] {processor.py:830} INFO - Processing file /home/airflow/.local/lib/python3.12/site-packages/airflow/example_dags/example_nested_branch_dag.py for tasks to queue
[2026-08-24T14:25:33.586+0000] {logging_mixin.py:188} INFO - [2026-08-24T14:25:33.585+0000] {dagbag.py:545} INFO - Filling up the DagBag from /home/airflow/.local/lib/python3.12/site-packages/airflow/example_dags/example_nested_branch_dag.py
[2026-08-24T14:25:33.598+0000] {processor.py:840} INFO - DAG(s) 'example_nested_branch_dag' retrieved from /home/airflow/.local/lib/python3.12/site-packages/airflow/example_dags/example_nested_branch_dag.py
[2026-08-24T14:25:33.625+0000] {logging_mixin.py:188} INFO - [2026-08-24T14:25:33.625+0000] {dag.py:3096} INFO - Sync 1 DAGs
[2026-08-24T14:25:33.654+0000] {logging_mixin.py:188} INFO - [2026-08-24T14:25:33.654+0000] {dag.py:3954} INFO - Setting next_dagrun for example_nested_branch_dag to 2026-08-23 00:00:00+00:00, run_after=2026-08-24 00:00:00+00:00
[2026-08-24T14:25:33.679+0000] {processor.py:183} INFO - Processing /home/airflow/.local/lib/python3.12/site-packages/airflow/example_dags/example_nested_branch_dag.py took 0.105 seconds
[2026-08-24T14:26:04.206+0000] {processor.py:161} INFO - Started process (PID=442) to work on /home/airflow/.local/lib/python3.12/site-packages/airflow/example_dags/example_nested_branch_dag.py
[2026-08-24T14:26:04.208+0000] {processor.py:830} INFO - Processing file /home/airflow/.local/lib/python3.12/site-packages/airflow/example_dags/example_nested_branch_dag.py for tasks to queue
[2026-08-24T14:26:04.210+0000] {logging_mixin.py:188} INFO - [2026-08-24T14:26:04.210+0000] {dagbag.py:545} INFO - Filling up the DagBag from /home/airflow/.local/lib/python3.12/site-packages/airflow/example_dags/example_nested_branch_dag.py
[2026-08-24T14:26:04.230+0000] {processor.py:840} INFO - DAG(s) 'example_nested_branch_dag' retrieved from /home/airflow/.local/lib/python3.12/site-packages/airflow/example_dags/example_nested_branch_dag.py
[2026-08-24T14:26:04.259+0000] {logging_mixin.py:188} INFO - [2026-08-24T14:26:04.258+0000] {dag.py:3096} INFO - Sync 1 DAGs
[2026-08-24T14:26:04.291+0000] {logging_mixin.py:188} INFO - [2026-08-24T14:26:04.291+0000] {dag.py:3954} INFO - Setting next_dagrun for example_nested_branch_dag to 2026-08-23 00:00:00+00:00, run_after=2026-08-24 00:00:00+00:00
[2026-08-24T14:26:04.320+0000] {processor.py:183} INFO - Processing /home/airflow/.local/lib/python3.12/site-packages/airflow/example_dags/example_nested_branch_dag.py took 0.122 seconds
[2026-08-24T14:26:34.440+0000] {processor.py:161} INFO - Started process (PID=502) to work on /home/airflow/.local/lib/python3.12/site-packages/airflow/example_dags/example_nested_branch_dag.py
[2026-08-24T14:26:34.441+0000] {processor.py:830} INFO - Processing file /home/airflow/.local/lib/python3.12/site-packages/airflow/example_dags/example_nested_branch_dag.py for tasks to queue
[2026-08-24T14:26:34.443+0000] {logging_mixin.py:188} INFO - [2026-08-24T14:26:34.443+0000] {dagbag.py:545} INFO - Filling up the DagBag from /home/airflow/.local/lib/python3.12/site-packages/airflow/example_dags/example_nested_branch_dag.py
[2026-08-24T14:26:34.459+0000] {processor.py:840} INFO - DAG(s) 'example_nested_branch_dag' retrieved from /home/airflow/.local/lib/python3.12/site-packages/airflow/example_dags/example_nested_branch_dag.py
[2026-08-24T14:26:34.500+0000] {logging_mixin.py:188} INFO - [2026-08-24T14:26:34.499+0000] {dag.py:3096} INFO - Sync 1 DAGs
[2026-08-24T14:26:34.545+0000] {logging_mixin.py:188} INFO - [2026-08-24T14:26:34.544+0000] {dag.py:3954} INFO - Setting next_dagrun for example_nested_branch_dag to 2026-08-23 00:00:00+00:00, run_after=2026-08-24 00:00:00+00:00
[2026-08-24T14:26:34.586+0000] {processor.py:183} INFO - Processing /home/airflow/.local/lib/python3.12/site-packages/airflow/example_dags/example_nested_branch_dag.py took 0.154 seconds
[2026-08-24T14:27:05.091+0000] {processor.py:161} INFO - Started process (PID=562) to work on /home/airflow/.local/lib/python3.12/site-packages/airflow/example_dags/example_nested_branch_dag.py
[2026-08-24T14:27:05.092+0000] {processor.py:830} INFO - Processing file /home/airflow/.local/lib/python3.12/site-packages/airflow/example_dags/example_nested_branch_dag.py for tasks to queue
[2026-08-24T14:27:05.095+0000] {logging_mixin.py:188} INFO - [2026-08-24T14:27:05.094+0000] {dagbag.py:545} INFO - Filling up the DagBag from /home/airflow/.local/lib/python3.12/site-packages/airflow/example_dags/example_nested_branch_dag.py
[2026-08-24T14:27:05.108+0000] {processor.py:840} INFO - DAG(s) 'example_nested_branch_dag' retrieved from /home/airflow/.local/lib/python3.12/site-packages/airflow/example_dags/example_nested_branch_dag.py
[2026-08-24T14:27:05.135+0000] {logging_mixin.py:188} INFO - [2026-08-24T14:27:05.134+0000] {dag.py:3096} INFO - Sync 1 DAGs
[2026-08-24T14:27:05.163+0000] {logging_mixin.py:188} INFO - [2026-08-24T14:27:05.163+0000] {dag.py:3954} INFO - Setting next_dagrun for example_nested_branch_dag to 2026-08-23 00:00:00+00:00, run_after=2026-08-24 00:00:00+00:00
[2026-08-24T14:27:05.191+0000] {processor.py:183} INFO - Processing /home/airflow/.local/lib/python3.12/site-packages/airflow/example_dags/example_nested_branch_dag.py took 0.108 seconds
[2026-08-24T14:27:35.575+0000] {processor.py:161} INFO - Started process (PID=622) to work on /home/airflow/.local/lib/python3.12/site-packages/airflow/example_dags/example_nested_branch_dag.py
[2026-08-24T14:27:35.576+0000] {processor.py:830} INFO - Processing file /home/airflow/.local/lib/python3.12/site-packages/airflow/example_dags/example_nested_branch_dag.py for tasks to queue
[2026-08-24T14:27:35.580+0000] {logging_mixin.py:188} INFO - [2026-08-24T14:27:35.579+0000] {dagbag.py:545} INFO - Filling up the DagBag from /home/airflow/.local/lib/python3.12/site-packages/airflow/example_dags/example_nested_branch_dag.py
[2026-08-24T14:27:35.596+0000] {processor.py:840} INFO - DAG(s) 'example_nested_branch_dag' retrieved from /home/airflow/.local/lib/python3.12/site-packages/airflow/example_dags/example_nested_branch_dag.py
[2026-08-24T14:27:35.627+0000] {logging_mixin.py:188} INFO - [2026-08-24T14:27:35.627+0000] {dag.py:3096} INFO - Sync 1 DAGs
[2026-08-24T14:27:35.662+0000] {logging_mixin.py:188} INFO - [2026-08-24T14:27:35.662+0000] {dag.py:3954} INFO - Setting next_dagrun for example_nested_branch_dag to 2026-08-23 00:00:00+00:00, run_after=2026-08-24 00:00:00+00:00
[2026-08-24T14:27:35.688+0000] {processor.py:183} INFO - Processing /home/airflow/.local/lib/python3.12/site-packages/airflow/example_dags/example_nested_branch_dag.py took 0.121 seconds
[2026-08-24T14:28:05.847+0000] {processor.py:161} INFO - Started process (PID=682) to work on /home/airflow/.local/lib/python3.12/site-packages/airflow/example_dags/example_nested_branch_dag.py
[2026-08-24T14:28:05.848+0000] {processor.py:830} INFO - Processing file /home/airflow/.local/lib/python3.12/site-packages/airflow/example_dags/example_nested_branch_dag.py for tasks to queue
[2026-08-24T14:28:05.851+0000] {logging_mixin.py:188} INFO - [2026-08-24T14:28:05.850+0000] {dagbag.py:545} INFO - Filling up the DagBag from /home/airflow/.local/lib/python3.12/site-packages/airflow/example_dags/example_nested_branch_dag.py
[2026-08-24T14:28:05.863+0000] {processor.py:840} INFO - DAG(s) 'example_nested_branch_dag' retrieved from /home/airflow/.local/lib/python3.12/site-packages/airflow/example_dags/example_nested_branch_dag.py
[2026-08-24T14:28:05.889+0000] {logging_mixin.py:188} INFO - [2026-08-24T14:28:05.889+0000] {dag.py:3096} INFO - Sync 1 DAGs
[2026-08-24T14:28:05.918+0000] {logging_mixin.py:188} INFO - [2026-08-24T14:28:05.918+0000] {dag.py:3954} INFO - Setting next_dagrun for example_nested_branch_dag to 2026-08-23 00:00:00+00:00, run_after=2026-08-24 00:00:00+00:00
[2026-08-24T14:28:05.941+0000] {processor.py:183} INFO - Processing /home/airflow/.local/lib/python3.12/site-packages/airflow/example_dags/example_nested_branch_dag.py took 0.101 seconds
[2026-08-24T14:28:36.296+0000] {processor.py:161} INFO - Started process (PID=742) to work on /home/airflow/.local/lib/python3.12/site-packages/airflow/example_dags/example_nested_branch_dag.py
[2026-08-24T14:28:36.297+0000] {processor.py:830} INFO - Processing file /home/airflow/.local/lib/python3.12/site-packages/airflow/example_dags/example_nested_branch_dag.py for tasks to queue
[2026-08-24T14:28:36.301+0000] {logging_mixin.py:188} INFO - [2026-08-24T14:28:36.300+0000] {dagbag.py:545} INFO - Filling up the DagBag from /home/airflow/.local/lib/python3.12/site-packages/airflow/example_dags/example_nested_branch_dag.py
[2026-08-24T14:28:36.316+0000] {processor.py:840} INFO - DAG(s) 'example_nested_branch_dag' retrieved from /home/airflow/.local/lib/python3.12/site-packages/airflow/example_dags/example_nested_branch_dag.py
[2026-08-24T14:28:36.343+0000] {logging_mixin.py:188} INFO - [2026-08-24T14:28:36.343+0000] {dag.py:3096} INFO - Sync 1 DAGs
[2026-08-24T14:28:36.384+0000] {logging_mixin.py:188} INFO - [2026-08-24T14:28:36.383+0000] {dag.py:3954} INFO - Setting next_dagrun for example_nested_branch_dag to 2026-08-23 00:00:00+00:00, run_after=2026-08-24 00:00:00+00:00
[2026-08-24T14:28:36.408+0000] {processor.py:183} INFO - Processing /home/airflow/.local/lib/python3.12/site-packages/airflow/example_dags/example_nested_branch_dag.py took 0.121 seconds
[2026-08-24T14:29:06.928+0000] {processor.py:161} INFO - Started process (PID=802) to work on /home/airflow/.local/lib/python3.12/site-packages/airflow/example_dags/example_nested_branch_dag.py
[2026-08-24T14:29:06.929+0000] {processor.py:830} INFO - Processing file /home/airflow/.local/lib/python3.12/site-packages/airflow/example_dags/example_nested_branch_dag.py for tasks to queue
[2026-08-24T14:29:06.932+0000] {logging_mixin.py:188} INFO - [2026-08-24T14:29:06.931+0000] {dagbag.py:545} INFO - Filling up the DagBag from /home/airflow/.local/lib/python3.12/site-packages/airflow/example_dags/example_nested_branch_dag.py
[2026-08-24T14:29:06.950+0000] {processor.py:840} INFO - DAG(s) 'example_nested_branch_dag' retrieved from /home/airflow/.local/lib/python3.12/site-packages/airflow/example_dags/example_nested_branch_dag.py
[2026-08-24T14:29:06.979+0000] {logging_mixin.py:188} INFO - [2026-08-24T14:29:06.979+0000] {dag.py:3096} INFO - Sync 1 DAGs
[2026-08-24T14:29:07.008+0000] {logging_mixin.py:188} INFO - [2026-08-24T14:29:07.008+0000] {dag.py:3954} INFO - Setting next_dagrun for example_nested_branch_dag to 2026-08-23 00:00:00+00:00, run_after=2026-08-24 00:00:00+00:00
[2026-08-24T14:29:07.034+0000] {processor.py:183} INFO - Processing /home/airflow/.local/lib/python3.12/site-packages/airflow/example_dags/example_nested_branch_dag.py took 0.116 seconds
[2026-08-24T14:29:37.414+0000] {processor.py:161} INFO - Started process (PID=863) to work on /home/airflow/.local/lib/python3.12/site-packages/airflow/example_dags/example_nested_branch_dag.py
[2026-08-24T14:29:37.416+0000] {processor.py:830} INFO - Processing file /home/airflow/.local/lib/python3.12/site-packages/airflow/example_dags/example_nested_branch_dag.py for tasks to queue
[2026-08-24T14:29:37.418+0000] {logging_mixin.py:188} INFO - [2026-08-24T14:29:37.417+0000] {dagbag.py:545} INFO - Filling up the DagBag from /home/airflow/.local/lib/python3.12/site-packages/airflow/example_dags/example_nested_branch_dag.py
[2026-08-24T14:29:37.431+0000] {processor.py:840} INFO - DAG(s) 'example_nested_branch_dag' retrieved from /home/airflow/.local/lib/python3.12/site-packages/airflow/example_dags/example_nested_branch_dag.py
[2026-08-24T14:29:37.577+0000] {logging_mixin.py:188} INFO - [2026-08-24T14:29:37.577+0000] {dag.py:3096} INFO - Sync 1 DAGs
[2026-08-24T14:29:37.606+0000] {logging_mixin.py:188} INFO - [2026-08-24T14:29:37.606+0000] {dag.py:3954} INFO - Setting next_dagrun for example_nested_branch_dag to 2026-08-23 00:00:00+00:00, run_after=2026-08-24 00:00:00+00:00
[2026-08-24T14:29:37.694+0000] {processor.py:183} INFO - Processing /home/airflow/.local/lib/python3.12/site-packages/airflow/example_dags/example_nested_branch_dag.py took 0.288 seconds
[2026-08-24T14:30:07.778+0000] {processor.py:161} INFO - Started process (PID=923) to work on /home/airflow/.local/lib/python3.12/site-packages/airflow/example_dags/example_nested_branch_dag.py
[2026-08-24T14:30:07.779+0000] {processor.py:830} INFO - Processing file /home/airflow/.local/lib/python3.12/site-packages/airflow/example_dags/example_nested_branch_dag.py for tasks to queue
[2026-08-24T14:30:07.783+0000] {logging_mixin.py:188} INFO - [2026-08-24T14:30:07.782+0000] {dagbag.py:545} INFO - Filling up the DagBag from /home/airflow/.local/lib/python3.12/site-packages/airflow/example_dags/example_nested_branch_dag.py
[2026-08-24T14:30:07.796+0000] {processor.py:840} INFO - DAG(s) 'example_nested_branch_dag' retrieved from /home/airflow/.local/lib/python3.12/site-packages/airflow/example_dags/example_nested_branch_dag.py
[2026-08-24T14:30:07.824+0000] {logging_mixin.py:188} INFO - [2026-08-24T14:30:07.823+0000] {dag.py:3096} INFO - Sync 1 DAGs
[2026-08-24T14:30:07.853+0000] {logging_mixin.py:188} INFO - [2026-08-24T14:30:07.853+0000] {dag.py:3954} INFO - Setting next_dagrun for example_nested_branch_dag to 2026-08-23 00:00:00+00:00, run_after=2026-08-24 00:00:00+00:00
[2026-08-24T14:30:07.876+0000] {processor.py:183} INFO - Processing /home/airflow/.local/lib/python3.12/site-packages/airflow/example_dags/example_nested_branch_dag.py took 0.105 seconds
[2026-08-24T14:30:38.015+0000] {processor.py:161} INFO - Started process (PID=984) to work on /home/airflow/.local/lib/python3.12/site-packages/airflow/example_dags/example_nested_branch_dag.py
[2026-08-24T14:30:38.016+0000] {processor.py:830} INFO - Processing file /home/airflow/.local/lib/python3.12/site-packages/airflow/example_dags/example_nested_branch_dag.py for tasks to queue
[2026-08-24T14:30:38.019+0000] {logging_mixin.py:188} INFO - [2026-08-24T14:30:38.018+0000] {dagbag.py:545} INFO - Filling up the DagBag from /home/airflow/.local/lib/python3.12/site-packages/airflow/example_dags/example_nested_branch_dag.py
[2026-08-24T14:30:38.031+0000] {processor.py:840} INFO - DAG(s) 'example_nested_branch_dag' retrieved from /home/airflow/.local/lib/python3.12/site-packages/airflow/example_dags/example_nested_branch_dag.py
[2026-08-24T14:30:38.057+0000] {logging_mixin.py:188} INFO - [2026-08-24T14:30:38.057+0000] {dag.py:3096} INFO - Sync 1 DAGs
[2026-08-24T14:30:38.085+0000] {logging_mixin.py:188} INFO - [2026-08-24T14:30:38.084+0000] {dag.py:3954} INFO - Setting next_dagrun for example_nested_branch_dag to 2026-08-23 00:00:00+00:00, run_after=2026-08-24 00:00:00+00:00
[2026-08-24T14:30:38.111+0000] {processor.py:183} INFO - Processing /home/airflow/.local/lib/python3.12/site-packages/airflow/example_dags/example_nested_branch_dag.py took 0.103 seconds
[2026-08-24T14:31:08.705+0000] {processor.py:161} INFO - Started process (PID=1044) to work on /home/airflow/.local/lib/python3.12/site-packages/airflow/example_dags/example_nested_branch_dag.py
[2026-08-24T14:31:08.706+0000] {processor.py:830} INFO - Processing file /home/airflow/.local/lib/python3.12/site-packages/airflow/example_dags/example_nested_branch_dag.py for tasks to queue
[2026-08-24T14:31:08.709+0000] {logging_mixin.py:188} INFO - [2026-08-24T14:31:08.708+0000] {dagbag.py:545} INFO - Filling up the DagBag from /home/airflow/.local/lib/python3.12/site-packages/airflow/example_dags/example_nested_branch_dag.py
[2026-08-24T14:31:08.721+0000] {processor.py:840} INFO - DAG(s) 'example_nested_branch_dag' retrieved from /home/airflow/.local/lib/python3.12/site-packages/airflow/example_dags/example_nested_branch_dag.py
[2026-08-24T14:31:08.747+0000] {logging_mixin.py:188} INFO - [2026-08-24T14:31:08.746+0000] {dag.py:3096} INFO - Sync 1 DAGs
[2026-08-24T14:31:08.775+0000] {logging_mixin.py:188} INFO - [2026-08-24T14:31:08.775+0000] {dag.py:3954} INFO - Setting next_dagrun for example_nested_branch_dag to 2026-08-23 00:00:00+00:00, run_after=2026-08-24 00:00:00+00:00
[2026-08-24T14:31:08.800+0000] {processor.py:183} INFO - Processing /home/airflow/.local/lib/python3.12/site-packages/airflow/example_dags/example_nested_branch_dag.py took 0.102 seconds
[2026-08-24T14:35:22.364+0000] {processor.py:161} INFO - Started process (PID=101) to work on /home/airflow/.local/lib/python3.12/site-packages/airflow/example_dags/example_nested_branch_dag.py
[2026-08-24T14:35:22.365+0000] {processor.py:830} INFO - Processing file /home/airflow/.local/lib/python3.12/site-packages/airflow/example_dags/example_nested_branch_dag.py for tasks to queue
[2026-08-24T14:35:22.369+0000] {logging_mixin.py:188} INFO - [2026-08-24T14:35:22.368+0000] {dagbag.py:545} INFO - Filling up the DagBag from /home/airflow/.local/lib/python3.12/site-packages/airflow/example_dags/example_nested_branch_dag.py
[2026-08-24T14:35:22.392+0000] {processor.py:840} INFO - DAG(s) 'example_nested_branch_dag' retrieved from /home/airflow/.local/lib/python3.12/site-packages/airflow/example_dags/example_nested_branch_dag.py
[2026-08-24T14:35:22.536+0000] {logging_mixin.py:188} INFO - [2026-08-24T14:35:22.536+0000] {dag.py:3096} INFO - Sync 1 DAGs
[2026-08-24T14:35:22.563+0000] {logging_mixin.py:188} INFO - [2026-08-24T14:35:22.563+0000] {dag.py:3954} INFO - Setting next_dagrun for example_nested_branch_dag to 2026-08-23 00:00:00+00:00, run_after=2026-08-24 00:00:00+00:00
[2026-08-24T14:35:22.590+0000] {processor.py:183} INFO - Processing /home/airflow/.local/lib/python3.12/site-packages/airflow/example_dags/example_nested_branch_dag.py took 0.236 seconds
[2026-08-24T14:35:52.823+0000] {processor.py:161} INFO - Started process (PID=159) to work on /home/airflow/.local/lib/python3.12/site-packages/airflow/example_dags/example_nested_branch_dag.py
[2026-08-24T14:35:52.824+0000] {processor.py:830} INFO - Processing file /home/airflow/.local/lib/python3.12/site-packages/airflow/example_dags/example_nested_branch_dag.py for tasks to queue
[2026-08-24T14:35:52.828+0000] {logging_mixin.py:188} INFO - [2026-08-24T14:35:52.827+0000] {dagbag.py:545} INFO - Filling up the DagBag from /home/airflow/.local/lib/python3.12/site-packages/airflow/example_dags/example_nested_branch_dag.py
[2026-08-24T14:35:52.841+0000] {processor.py:840} INFO - DAG(s) 'example_nested_branch_dag' retrieved from /home/airflow/.local/lib/python3.12/site-packages/airflow/example_dags/example_nested_branch_dag.py
[2026-08-24T14:35:52.867+0000] {logging_mixin.py:188} INFO - [2026-08-24T14:35:52.866+0000] {dag.py:3096} INFO - Sync 1 DAGs
[2026-08-24T14:35:52.895+0000] {logging_mixin.py:188} INFO - [2026-08-24T14:35:52.895+0000] {dag.py:3954} INFO - Setting next_dagrun for example_nested_branch_dag to 2026-08-23 00:00:00+00:00, run_after=2026-08-24 00:00:00+00:00
[2026-08-24T14:35:52.917+0000] {processor.py:183} INFO - Processing /home/airflow/.local/lib/python3.12/site-packages/airflow/example_dags/example_nested_branch_dag.py took 0.101 seconds
[2026-08-24T14:36:23.086+0000] {processor.py:161} INFO - Started process (PID=219) to work on /home/airflow/.local/lib/python3.12/site-packages/airflow/example_dags/example_nested_branch_dag.py
[2026-08-24T14:36:23.088+0000] {processor.py:830} INFO - Processing file /home/airflow/.local/lib/python3.12/site-packages/airflow/example_dags/example_nested_branch_dag.py for tasks to queue
[2026-08-24T14:36:23.090+0000] {logging_mixin.py:188} INFO - [2026-08-24T14:36:23.090+0000] {dagbag.py:545} INFO - Filling up the DagBag from /home/airflow/.local/lib/python3.12/site-packages/airflow/example_dags/example_nested_branch_dag.py
[2026-08-24T14:36:23.106+0000] {processor.py:840} INFO - DAG(s) 'example_nested_branch_dag' retrieved from /home/airflow/.local/lib/python3.12/site-packages/airflow/example_dags/example_nested_branch_dag.py
[2026-08-24T14:36:23.133+0000] {logging_mixin.py:188} INFO - [2026-08-24T14:36:23.133+0000] {dag.py:3096} INFO - Sync 1 DAGs
[2026-08-24T14:36:23.162+0000] {logging_mixin.py:188} INFO - [2026-08-24T14:36:23.161+0000] {dag.py:3954} INFO - Setting next_dagrun for example_nested_branch_dag to 2026-08-23 00:00:00+00:00, run_after=2026-08-24 00:00:00+00:00
[2026-08-24T14:36:23.185+0000] {processor.py:183} INFO - Processing /home/airflow/.local/lib/python3.12/site-packages/airflow/example_dags/example_nested_branch_dag.py took 0.107 seconds
[2026-08-24T14:36:53.756+0000] {processor.py:161} INFO - Started process (PID=280) to work on /home/airflow/.local/lib/python3.12/site-packages/airflow/example_dags/example_nested_branch_dag.py
[2026-08-24T14:36:53.757+0000] {processor.py:830} INFO - Processing file /home/airflow/.local/lib/python3.12/site-packages/airflow/example_dags/example_nested_branch_dag.py for tasks to queue
[2026-08-24T14:36:53.759+0000] {logging_mixin.py:188} INFO - [2026-08-24T14:36:53.759+0000] {dagbag.py:545} INFO - Filling up the DagBag from /home/airflow/.local/lib/python3.12/site-packages/airflow/example_dags/example_nested_branch_dag.py
[2026-08-24T14:36:53.773+0000] {processor.py:840} INFO - DAG(s) 'example_nested_branch_dag' retrieved from /home/airflow/.local/lib/python3.12/site-packages/airflow/example_dags/example_nested_branch_dag.py
[2026-08-24T14:36:53.809+0000] {logging_mixin.py:188} INFO - [2026-08-24T14:36:53.809+0000] {dag.py:3096} INFO - Sync 1 DAGs
[2026-08-24T14:36:53.855+0000] {logging_mixin.py:188} INFO - [2026-08-24T14:36:53.854+0000] {dag.py:3954} INFO - Setting next_dagrun for example_nested_branch_dag to 2026-08-23 00:00:00+00:00, run_after=2026-08-24 00:00:00+00:00
[2026-08-24T14:36:53.934+0000] {processor.py:183} INFO - Processing /home/airflow/.local/lib/python3.12/site-packages/airflow/example_dags/example_nested_branch_dag.py took 0.186 seconds
[2026-08-24T14:37:24.354+0000] {processor.py:161} INFO - Started process (PID=340) to work on /home/airflow/.local/lib/python3.12/site-packages/airflow/example_dags/example_nested_branch_dag.py
[2026-08-24T14:37:24.356+0000] {processor.py:830} INFO - Processing file /home/airflow/.local/lib/python3.12/site-packages/airflow/example_dags/example_nested_branch_dag.py for tasks to queue
[2026-08-24T14:37:24.359+0000] {logging_mixin.py:188} INFO - [2026-08-24T14:37:24.358+0000] {dagbag.py:545} INFO - Filling up the DagBag from /home/airflow/.local/lib/python3.12/site-packages/airflow/example_dags/example_nested_branch_dag.py
[2026-08-24T14:37:24.373+0000] {processor.py:840} INFO - DAG(s) 'example_nested_branch_dag' retrieved from /home/airflow/.local/lib/python3.12/site-packages/airflow/example_dags/example_nested_branch_dag.py
[2026-08-24T14:37:24.405+0000] {logging_mixin.py:188} INFO - [2026-08-24T14:37:24.405+0000] {dag.py:3096} INFO - Sync 1 DAGs
[2026-08-24T14:37:24.435+0000] {logging_mixin.py:188} INFO - [2026-08-24T14:37:24.434+0000] {dag.py:3954} INFO - Setting next_dagrun for example_nested_branch_dag to 2026-08-23 00:00:00+00:00, run_after=2026-08-24 00:00:00+00:00
[2026-08-24T14:37:24.459+0000] {processor.py:183} INFO - Processing /home/airflow/.local/lib/python3.12/site-packages/airflow/example_dags/example_nested_branch_dag.py took 0.115 seconds
[2026-08-24T14:37:54.893+0000] {processor.py:161} INFO - Started process (PID=400) to work on /home/airflow/.local/lib/python3.12/site-packages/airflow/example_dags/example_nested_branch_dag.py
[2026-08-24T14:37:54.895+0000] {processor.py:830} INFO - Processing file /home/airflow/.local/lib/python3.12/site-packages/airflow/example_dags/example_nested_branch_dag.py for tasks to queue
[2026-08-24T14:37:54.898+0000] {logging_mixin.py:188} INFO - [2026-08-24T14:37:54.897+0000] {dagbag.py:545} INFO - Filling up the DagBag from /home/airflow/.local/lib/python3.12/site-packages/airflow/example_dags/example_nested_branch_dag.py
[2026-08-24T14:37:54.914+0000] {processor.py:840} INFO - DAG(s) 'example_nested_branch_dag' retrieved from /home/airflow/.local/lib/python3.12/site-packages/airflow/example_dags/example_nested_branch_dag.py
[2026-08-24T14:37:54.942+0000] {logging_mixin.py:188} INFO - [2026-08-24T14:37:54.941+0000] {dag.py:3096} INFO - Sync 1 DAGs
[2026-08-24T14:37:54.972+0000] {logging_mixin.py:188} INFO - [2026-08-24T14:37:54.972+0000] {dag.py:3954} INFO - Setting next_dagrun for example_nested_branch_dag to 2026-08-23 00:00:00+00:00, run_after=2026-08-24 00:00:00+00:00
[2026-08-24T14:37:54.999+0000] {processor.py:183} INFO - Processing /home/airflow/.local/lib/python3.12/site-packages/airflow/example_dags/example_nested_branch_dag.py took 0.116 seconds
[2026-08-24T14:38:25.426+0000] {processor.py:161} INFO - Started process (PID=461) to work on /home/airflow/.local/lib/python3.12/site-packages/airflow/example_dags/example_nested_branch_dag.py
[2026-08-24T14:38:25.428+0000] {processor.py:830} INFO - Processing file /home/airflow/.local/lib/python3.12/site-packages/airflow/example_dags/example_nested_branch_dag.py for tasks to queue
[2026-08-24T14:38:25.431+0000] {logging_mixin.py:188} INFO - [2026-08-24T14:38:25.430+0000] {dagbag.py:545} INFO - Filling up the DagBag from /home/airflow/.local/lib/python3.12/site-packages/airflow/example_dags/example_nested_branch_dag.py
[2026-08-24T14:38:25.449+0000] {processor.py:840} INFO - DAG(s) 'example_nested_branch_dag' retrieved from /home/airflow/.local/lib/python3.12/site-packages/airflow/example_dags/example_nested_branch_dag.py
[2026-08-24T14:38:25.484+0000] {logging_mixin.py:188} INFO - [2026-08-24T14:38:25.483+0000] {dag.py:3096} INFO - Sync 1 DAGs
[2026-08-24T14:38:25.525+0000] {logging_mixin.py:188} INFO - [2026-08-24T14:38:25.525+0000] {dag.py:3954} INFO - Setting next_dagrun for example_nested_branch_dag to 2026-08-23 00:00:00+00:00, run_after=2026-08-24 00:00:00+00:00
[2026-08-24T14:38:25.560+0000] {processor.py:183} INFO - Processing /home/airflow/.local/lib/python3.12/site-packages/airflow/example_dags/example_nested_branch_dag.py took 0.142 seconds
[2026-08-24T14:38:55.700+0000] {processor.py:161} INFO - Started process (PID=521) to work on /home/airflow/.local/lib/python3.12/site-packages/airflow/example_dags/example_nested_branch_dag.py
[2026-08-24T14:38:55.701+0000] {processor.py:830} INFO - Processing file /home/airflow/.local/lib/python3.12/site-packages/airflow/example_dags/example_nested_branch_dag.py for tasks to queue
[2026-08-24T14:38:55.704+0000] {logging_mixin.py:188} INFO - [2026-08-24T14:38:55.704+0000] {dagbag.py:545} INFO - Filling up the DagBag from /home/airflow/.local/lib/python3.12/site-packages/airflow/example_dags/example_nested_branch_dag.py
[2026-08-24T14:38:55.719+0000] {processor.py:840} INFO - DAG(s) 'example_nested_branch_dag' retrieved from /home/airflow/.local/lib/python3.12/site-packages/airflow/example_dags/example_nested_branch_dag.py
[2026-08-24T14:38:55.747+0000] {logging_mixin.py:188} INFO - [2026-08-24T14:38:55.747+0000] {dag.py:3096} INFO - Sync 1 DAGs
[2026-08-24T14:38:55.777+0000] {logging_mixin.py:188} INFO - [2026-08-24T14:38:55.777+0000] {dag.py:3954} INFO - Setting next_dagrun for example_nested_branch_dag to 2026-08-23 00:00:00+00:00, run_after=2026-08-24 00:00:00+00:00
[2026-08-24T14:38:55.801+0000] {processor.py:183} INFO - Processing /home/airflow/.local/lib/python3.12/site-packages/airflow/example_dags/example_nested_branch_dag.py took 0.109 seconds
[2026-08-24T14:41:14.614+0000] {processor.py:161} INFO - Started process (PID=100) to work on /home/airflow/.local/lib/python3.12/site-packages/airflow/example_dags/example_nested_branch_dag.py
[2026-08-24T14:41:14.615+0000] {processor.py:830} INFO - Processing file /home/airflow/.local/lib/python3.12/site-packages/airflow/example_dags/example_nested_branch_dag.py for tasks to queue
[2026-08-24T14:41:14.618+0000] {logging_mixin.py:188} INFO - [2026-08-24T14:41:14.617+0000] {dagbag.py:545} INFO - Filling up the DagBag from /home/airflow/.local/lib/python3.12/site-packages/airflow/example_dags/example_nested_branch_dag.py
[2026-08-24T14:41:14.635+0000] {processor.py:840} INFO - DAG(s) 'example_nested_branch_dag' retrieved from /home/airflow/.local/lib/python3.12/site-packages/airflow/example_dags/example_nested_branch_dag.py
[2026-08-24T14:41:14.649+0000] {logging_mixin.py:188} INFO - [2026-08-24T14:41:14.649+0000] {dag.py:3096} INFO - Sync 1 DAGs
[2026-08-24T14:41:14.682+0000] {logging_mixin.py:188} INFO - [2026-08-24T14:41:14.682+0000] {dag.py:3954} INFO - Setting next_dagrun for example_nested_branch_dag to 2026-08-23 00:00:00+00:00, run_after=2026-08-24 00:00:00+00:00
[2026-08-24T14:41:14.708+0000] {processor.py:183} INFO - Processing /home/airflow/.local/lib/python3.12/site-packages/airflow/example_dags/example_nested_branch_dag.py took 0.102 seconds
[2026-08-24T14:41:44.788+0000] {processor.py:161} INFO - Started process (PID=158) to work on /home/airflow/.local/lib/python3.12/site-packages/airflow/example_dags/example_nested_branch_dag.py
[2026-08-24T14:41:44.789+0000] {processor.py:830} INFO - Processing file /home/airflow/.local/lib/python3.12/site-packages/airflow/example_dags/example_nested_branch_dag.py for tasks to queue
[2026-08-24T14:41:44.791+0000] {logging_mixin.py:188} INFO - [2026-08-24T14:41:44.791+0000] {dagbag.py:545} INFO - Filling up the DagBag from /home/airflow/.local/lib/python3.12/site-packages/airflow/example_dags/example_nested_branch_dag.py
[2026-08-24T14:41:44.803+0000] {processor.py:840} INFO - DAG(s) 'example_nested_branch_dag' retrieved from /home/airflow/.local/lib/python3.12/site-packages/airflow/example_dags/example_nested_branch_dag.py
[2026-08-24T14:41:44.941+0000] {logging_mixin.py:188} INFO - [2026-08-24T14:41:44.941+0000] {dag.py:3096} INFO - Sync 1 DAGs
[2026-08-24T14:41:44.975+0000] {logging_mixin.py:188} INFO - [2026-08-24T14:41:44.974+0000] {dag.py:3954} INFO - Setting next_dagrun for example_nested_branch_dag to 2026-08-23 00:00:00+00:00, run_after=2026-08-24 00:00:00+00:00
[2026-08-24T14:41:45.010+0000] {processor.py:183} INFO - Processing /home/airflow/.local/lib/python3.12/site-packages/airflow/example_dags/example_nested_branch_dag.py took 0.230 seconds
[2026-08-24T14:42:15.219+0000] {processor.py:161} INFO - Started process (PID=218) to work on /home/airflow/.local/lib/python3.12/site-packages/airflow/example_dags/example_nested_branch_dag.py
[2026-08-24T14:42:15.220+0000] {processor.py:830} INFO - Processing file /home/airflow/.local/lib/python3.12/site-packages/airflow/example_dags/example_nested_branch_dag.py for tasks to queue
[2026-08-24T14:42:15.224+0000] {logging_mixin.py:188} INFO - [2026-08-24T14:42:15.223+0000] {dagbag.py:545} INFO - Filling up the DagBag from /home/airflow/.local/lib/python3.12/site-packages/airflow/example_dags/example_nested_branch_dag.py
[2026-08-24T14:42:15.242+0000] {processor.py:840} INFO - DAG(s) 'example_nested_branch_dag' retrieved from /home/airflow/.local/lib/python3.12/site-packages/airflow/example_dags/example_nested_branch_dag.py
[2026-08-24T14:42:15.279+0000] {logging_mixin.py:188} INFO - [2026-08-24T14:42:15.279+0000] {dag.py:3096} INFO - Sync 1 DAGs
[2026-08-24T14:42:15.315+0000] {logging_mixin.py:188} INFO - [2026-08-24T14:42:15.314+0000] {dag.py:3954} INFO - Setting next_dagrun for example_nested_branch_dag to 2026-08-23 00:00:00+00:00, run_after=2026-08-24 00:00:00+00:00
[2026-08-24T14:42:15.347+0000] {processor.py:183} INFO - Processing /home/airflow/.local/lib/python3.12/site-packages/airflow/example_dags/example_nested_branch_dag.py took 0.139 seconds
[2026-08-24T14:42:45.444+0000] {processor.py:161} INFO - Started process (PID=278) to work on /home/airflow/.local/lib/python3.12/site-packages/airflow/example_dags/example_nested_branch_dag.py
[2026-08-24T14:42:45.445+0000] {processor.py:830} INFO - Processing file /home/airflow/.local/lib/python3.12/site-packages/airflow/example_dags/example_nested_branch_dag.py for tasks to queue
[2026-08-24T14:42:45.449+0000] {logging_mixin.py:188} INFO - [2026-08-24T14:42:45.448+0000] {dagbag.py:545} INFO - Filling up the DagBag from /home/airflow/.local/lib/python3.12/site-packages/airflow/example_dags/example_nested_branch_dag.py
[2026-08-24T14:42:45.465+0000] {processor.py:840} INFO - DAG(s) 'example_nested_branch_dag' retrieved from /home/airflow/.local/lib/python3.12/site-packages/airflow/example_dags/example_nested_branch_dag.py
[2026-08-24T14:42:45.495+0000] {logging_mixin.py:188} INFO - [2026-08-24T14:42:45.495+0000] {dag.py:3096} INFO - Sync 1 DAGs
[2026-08-24T14:42:45.527+0000] {logging_mixin.py:188} INFO - [2026-08-24T14:42:45.527+0000] {dag.py:3954} INFO - Setting next_dagrun for example_nested_branch_dag to 2026-08-23 00:00:00+00:00, run_after=2026-08-24 00:00:00+00:00
[2026-08-24T14:42:45.558+0000] {processor.py:183} INFO - Processing /home/airflow/.local/lib/python3.12/site-packages/airflow/example_dags/example_nested_branch_dag.py took 0.122 seconds
[2026-08-24T14:43:15.831+0000] {processor.py:161} INFO - Started process (PID=338) to work on /home/airflow/.local/lib/python3.12/site-packages/airflow/example_dags/example_nested_branch_dag.py
[2026-08-24T14:43:15.832+0000] {processor.py:830} INFO - Processing file /home/airflow/.local/lib/python3.12/site-packages/airflow/example_dags/example_nested_branch_dag.py for tasks to queue
[2026-08-24T14:43:15.836+0000] {logging_mixin.py:188} INFO - [2026-08-24T14:43:15.835+0000] {dagbag.py:545} INFO - Filling up the DagBag from /home/airflow/.local/lib/python3.12/site-packages/airflow/example_dags/example_nested_branch_dag.py
[2026-08-24T14:43:15.863+0000] {processor.py:840} INFO - DAG(s) 'example_nested_branch_dag' retrieved from /home/airflow/.local/lib/python3.12/site-packages/airflow/example_dags/example_nested_branch_dag.py
[2026-08-24T14:43:15.898+0000] {logging_mixin.py:188} INFO - [2026-08-24T14:43:15.898+0000] {dag.py:3096} INFO - Sync 1 DAGs
[2026-08-24T14:43:15.932+0000] {logging_mixin.py:188} INFO - [2026-08-24T14:43:15.932+0000] {dag.py:3954} INFO - Setting next_dagrun for example_nested_branch_dag to 2026-08-23 00:00:00+00:00, run_after=2026-08-24 00:00:00+00:00
[2026-08-24T14:43:15.965+0000] {processor.py:183} INFO - Processing /home/airflow/.local/lib/python3.12/site-packages/airflow/example_dags/example_nested_branch_dag.py took 0.143 seconds
[2026-08-24T14:43:46.364+0000] {processor.py:161} INFO - Started process (PID=398) to work on /home/airflow/.local/lib/python3.12/site-packages/airflow/example_dags/example_nested_branch_dag.py
[2026-08-24T14:43:46.365+0000] {processor.py:830} INFO - Processing file /home/airflow/.local/lib/python3.12/site-packages/airflow/example_dags/example_nested_branch_dag.py for tasks to queue
[2026-08-24T14:43:46.368+0000] {logging_mixin.py:188} INFO - [2026-08-24T14:43:46.367+0000] {dagbag.py:545} INFO - Filling up the DagBag from /home/airflow/.local/lib/python3.12/site-packages/airflow/example_dags/example_nested_branch_dag.py
[2026-08-24T14:43:46.382+0000] {processor.py:840} INFO - DAG(s) 'example_nested_branch_dag' retrieved from /home/airflow/.local/lib/python3.12/site-packages/airflow/example_dags/example_nested_branch_dag.py
[2026-08-24T14:43:46.407+0000] {logging_mixin.py:188} INFO - [2026-08-24T14:43:46.407+0000] {dag.py:3096} INFO - Sync 1 DAGs
[2026-08-24T14:43:46.453+0000] {logging_mixin.py:188} INFO - [2026-08-24T14:43:46.452+0000] {dag.py:3954} INFO - Setting next_dagrun for example_nested_branch_dag to 2026-08-23 00:00:00+00:00, run_after=2026-08-24 00:00:00+00:00
[2026-08-24T14:43:46.486+0000] {processor.py:183} INFO - Processing /home/airflow/.local/lib/python3.12/site-packages/airflow/example_dags/example_nested_branch_dag.py took 0.130 seconds
[2026-08-24T14:44:16.843+0000] {processor.py:161} INFO - Started process (PID=464) to work on /home/airflow/.local/lib/python3.12/site-packages/airflow/example_dags/example_nested_branch_dag.py
[2026-08-24T14:44:16.844+0000] {processor.py:830} INFO - Processing file /home/airflow/.local/lib/python3.12/site-packages/airflow/example_dags/example_nested_branch_dag.py for tasks to queue
[2026-08-24T14:44:16.846+0000] {logging_mixin.py:188} INFO - [2026-08-24T14:44:16.846+0000] {dagbag.py:545} INFO - Filling up the DagBag from /home/airflow/.local/lib/python3.12/site-packages/airflow/example_dags/example_nested_branch_dag.py
[2026-08-24T14:44:16.860+0000] {processor.py:840} INFO - DAG(s) 'example_nested_branch_dag' retrieved from /home/airflow/.local/lib/python3.12/site-packages/airflow/example_dags/example_nested_branch_dag.py
[2026-08-24T14:44:16.888+0000] {logging_mixin.py:188} INFO - [2026-08-24T14:44:16.888+0000] {dag.py:3096} INFO - Sync 1 DAGs
[2026-08-24T14:44:16.920+0000] {logging_mixin.py:188} INFO - [2026-08-24T14:44:16.920+0000] {dag.py:3954} INFO - Setting next_dagrun for example_nested_branch_dag to 2026-08-23 00:00:00+00:00, run_after=2026-08-24 00:00:00+00:00
[2026-08-24T14:44:16.948+0000] {processor.py:183} INFO - Processing /home/airflow/.local/lib/python3.12/site-packages/airflow/example_dags/example_nested_branch_dag.py took 0.114 seconds
[2026-08-24T14:44:47.271+0000] {processor.py:161} INFO - Started process (PID=524) to work on /home/airflow/.local/lib/python3.12/site-packages/airflow/example_dags/example_nested_branch_dag.py
[2026-08-24T14:44:47.273+0000] {processor.py:830} INFO - Processing file /home/airflow/.local/lib/python3.12/site-packages/airflow/example_dags/example_nested_branch_dag.py for tasks to queue
[2026-08-24T14:44:47.275+0000] {logging_mixin.py:188} INFO - [2026-08-24T14:44:47.275+0000] {dagbag.py:545} INFO - Filling up the DagBag from /home/airflow/.local/lib/python3.12/site-packages/airflow/example_dags/example_nested_branch_dag.py
[2026-08-24T14:44:47.288+0000] {processor.py:840} INFO - DAG(s) 'example_nested_branch_dag' retrieved from /home/airflow/.local/lib/python3.12/site-packages/airflow/example_dags/example_nested_branch_dag.py
[2026-08-24T14:44:47.316+0000] {logging_mixin.py:188} INFO - [2026-08-24T14:44:47.315+0000] {dag.py:3096} INFO - Sync 1 DAGs
[2026-08-24T14:44:47.345+0000] {logging_mixin.py:188} INFO - [2026-08-24T14:44:47.345+0000] {dag.py:3954} INFO - Setting next_dagrun for example_nested_branch_dag to 2026-08-23 00:00:00+00:00, run_after=2026-08-24 00:00:00+00:00
[2026-08-24T14:44:47.371+0000] {processor.py:183} INFO - Processing /home/airflow/.local/lib/python3.12/site-packages/airflow/example_dags/example_nested_branch_dag.py took 0.107 seconds
[2026-08-24T14:49:16.877+0000] {processor.py:161} INFO - Started process (PID=101) to work on /home/airflow/.local/lib/python3.12/site-packages/airflow/example_dags/example_nested_branch_dag.py
[2026-08-24T14:49:16.879+0000] {processor.py:830} INFO - Processing file /home/airflow/.local/lib/python3.12/site-packages/airflow/example_dags/example_nested_branch_dag.py for tasks to queue
[2026-08-24T14:49:16.883+0000] {logging_mixin.py:188} INFO - [2026-08-24T14:49:16.882+0000] {dagbag.py:545} INFO - Filling up the DagBag from /home/airflow/.local/lib/python3.12/site-packages/airflow/example_dags/example_nested_branch_dag.py
[2026-08-24T14:49:16.906+0000] {processor.py:840} INFO - DAG(s) 'example_nested_branch_dag' retrieved from /home/airflow/.local/lib/python3.12/site-packages/airflow/example_dags/example_nested_branch_dag.py
[2026-08-24T14:49:17.113+0000] {logging_mixin.py:188} INFO - [2026-08-24T14:49:17.112+0000] {dag.py:3096} INFO - Sync 1 DAGs
[2026-08-24T14:49:17.146+0000] {logging_mixin.py:188} INFO - [2026-08-24T14:49:17.146+0000] {dag.py:3954} INFO - Setting next_dagrun for example_nested_branch_dag to 2026-08-23 00:00:00+00:00, run_after=2026-08-24 00:00:00+00:00
[2026-08-24T14:49:17.177+0000] {processor.py:183} INFO - Processing /home/airflow/.local/lib/python3.12/site-packages/airflow/example_dags/example_nested_branch_dag.py took 0.311 seconds
[2026-08-24T14:50:14.602+0000] {processor.py:161} INFO - Started process (PID=85) to work on /home/airflow/.local/lib/python3.12/site-packages/airflow/example_dags/example_nested_branch_dag.py
[2026-08-24T14:50:14.603+0000] {processor.py:830} INFO - Processing file /home/airflow/.local/lib/python3.12/site-packages/airflow/example_dags/example_nested_branch_dag.py for tasks to queue
[2026-08-24T14:50:14.606+0000] {logging_mixin.py:188} INFO - [2026-08-24T14:50:14.605+0000] {dagbag.py:545} INFO - Filling up the DagBag from /home/airflow/.local/lib/python3.12/site-packages/airflow/example_dags/example_nested_branch_dag.py
[2026-08-24T14:50:14.633+0000] {processor.py:840} INFO - DAG(s) 'example_nested_branch_dag' retrieved from /home/airflow/.local/lib/python3.12/site-packages/airflow/example_dags/example_nested_branch_dag.py
[2026-08-24T14:50:14.687+0000] {logging_mixin.py:188} INFO - [2026-08-24T14:50:14.686+0000] {dag.py:3096} INFO - Sync 1 DAGs
[2026-08-24T14:50:14.725+0000] {logging_mixin.py:188} INFO - [2026-08-24T14:50:14.725+0000] {dag.py:3954} INFO - Setting next_dagrun for example_nested_branch_dag to 2026-08-23 00:00:00+00:00, run_after=2026-08-24 00:00:00+00:00
[2026-08-24T14:50:14.753+0000] {processor.py:183} INFO - Processing /home/airflow/.local/lib/python3.12/site-packages/airflow/example_dags/example_nested_branch_dag.py took 0.161 seconds
[2026-08-24T14:50:45.585+0000] {processor.py:161} INFO - Started process (PID=144) to work on /home/airflow/.local/lib/python3.12/site-packages/airflow/example_dags/example_nested_branch_dag.py
[2026-08-24T14:50:45.586+0000] {processor.py:830} INFO - Processing file /home/airflow/.local/lib/python3.12/site-packages/airflow/example_dags/example_nested_branch_dag.py for tasks to queue
[2026-08-24T14:50:45.589+0000] {logging_mixin.py:188} INFO - [2026-08-24T14:50:45.589+0000] {dagbag.py:545} INFO - Filling up the DagBag from /home/airflow/.local/lib/python3.12/site-packages/airflow/example_dags/example_nested_branch_dag.py
[2026-08-24T14:50:45.609+0000] {processor.py:840} INFO - DAG(s) 'example_nested_branch_dag' retrieved from /home/airflow/.local/lib/python3.12/site-packages/airflow/example_dags/example_nested_branch_dag.py
[2026-08-24T14:50:45.641+0000] {logging_mixin.py:188} INFO - [2026-08-24T14:50:45.641+0000] {dag.py:3096} INFO - Sync 1 DAGs
[2026-08-24T14:50:45.676+0000] {logging_mixin.py:188} INFO - [2026-08-24T14:50:45.675+0000] {dag.py:3954} INFO - Setting next_dagrun for example_nested_branch_dag to 2026-08-23 00:00:00+00:00, run_after=2026-08-24 00:00:00+00:00
[2026-08-24T14:50:45.701+0000] {processor.py:183} INFO - Processing /home/airflow/.local/lib/python3.12/site-packages/airflow/example_dags/example_nested_branch_dag.py took 0.124 seconds
[2026-08-24T14:51:15.862+0000] {processor.py:161} INFO - Started process (PID=203) to work on /home/airflow/.local/lib/python3.12/site-packages/airflow/example_dags/example_nested_branch_dag.py
[2026-08-24T14:51:15.863+0000] {processor.py:830} INFO - Processing file /home/airflow/.local/lib/python3.12/site-packages/airflow/example_dags/example_nested_branch_dag.py for tasks to queue
[2026-08-24T14:51:15.866+0000] {logging_mixin.py:188} INFO - [2026-08-24T14:51:15.866+0000] {dagbag.py:545} INFO - Filling up the DagBag from /home/airflow/.local/lib/python3.12/site-packages/airflow/example_dags/example_nested_branch_dag.py
[2026-08-24T14:51:15.880+0000] {processor.py:840} INFO - DAG(s) 'example_nested_branch_dag' retrieved from /home/airflow/.local/lib/python3.12/site-packages/airflow/example_dags/example_nested_branch_dag.py
[2026-08-24T14:51:15.907+0000] {logging_mixin.py:188} INFO - [2026-08-24T14:51:15.906+0000] {dag.py:3096} INFO - Sync 1 DAGs
[2026-08-24T14:51:15.934+0000] {logging_mixin.py:188} INFO - [2026-08-24T14:51:15.933+0000] {dag.py:3954} INFO - Setting next_dagrun for example_nested_branch_dag to 2026-08-23 00:00:00+00:00, run_after=2026-08-24 00:00:00+00:00
[2026-08-24T14:51:15.957+0000] {processor.py:183} INFO - Processing /home/airflow/.local/lib/python3.12/site-packages/airflow/example_dags/example_nested_branch_dag.py took 0.103 seconds
[2026-08-24T14:51:46.103+0000] {processor.py:161} INFO - Started process (PID=263) to work on /home/airflow/.local/lib/python3.12/site-packages/airflow/example_dags/example_nested_branch_dag.py
[2026-08-24T14:51:46.105+0000] {processor.py:830} INFO - Processing file /home/airflow/.local/lib/python3.12/site-packages/airflow/example_dags/example_nested_branch_dag.py for tasks to queue
[2026-08-24T14:51:46.107+0000] {logging_mixin.py:188} INFO - [2026-08-24T14:51:46.107+0000] {dagbag.py:545} INFO - Filling up the DagBag from /home/airflow/.local/lib/python3.12/site-packages/airflow/example_dags/example_nested_branch_dag.py
[2026-08-24T14:51:46.128+0000] {processor.py:840} INFO - DAG(s) 'example_nested_branch_dag' retrieved from /home/airflow/.local/lib/python3.12/site-packages/airflow/example_dags/example_nested_branch_dag.py
[2026-08-24T14:51:46.192+0000] {logging_mixin.py:188} INFO - [2026-08-24T14:51:46.192+0000] {dag.py:3096} INFO - Sync 1 DAGs
[2026-08-24T14:51:46.244+0000] {logging_mixin.py:188} INFO - [2026-08-24T14:51:46.243+0000] {dag.py:3954} INFO - Setting next_dagrun for example_nested_branch_dag to 2026-08-23 00:00:00+00:00, run_after=2026-08-24 00:00:00+00:00
[2026-08-24T14:51:46.301+0000] {processor.py:183} INFO - Processing /home/airflow/.local/lib/python3.12/site-packages/airflow/example_dags/example_nested_branch_dag.py took 0.209 seconds
[2026-08-24T14:52:16.396+0000] {processor.py:161} INFO - Started process (PID=323) to work on /home/airflow/.local/lib/python3.12/site-packages/airflow/example_dags/example_nested_branch_dag.py
[2026-08-24T14:52:16.398+0000] {processor.py:830} INFO - Processing file /home/airflow/.local/lib/python3.12/site-packages/airflow/example_dags/example_nested_branch_dag.py for tasks to queue
[2026-08-24T14:52:16.401+0000] {logging_mixin.py:188} INFO - [2026-08-24T14:52:16.400+0000] {dagbag.py:545} INFO - Filling up the DagBag from /home/airflow/.local/lib/python3.12/site-packages/airflow/example_dags/example_nested_branch_dag.py
[2026-08-24T14:52:16.413+0000] {processor.py:840} INFO - DAG(s) 'example_nested_branch_dag' retrieved from /home/airflow/.local/lib/python3.12/site-packages/airflow/example_dags/example_nested_branch_dag.py
[2026-08-24T14:52:16.438+0000] {logging_mixin.py:188} INFO - [2026-08-24T14:52:16.438+0000] {dag.py:3096} INFO - Sync 1 DAGs
[2026-08-24T14:52:16.466+0000] {logging_mixin.py:188} INFO - [2026-08-24T14:52:16.466+0000] {dag.py:3954} INFO - Setting next_dagrun for example_nested_branch_dag to 2026-08-23 00:00:00+00:00, run_after=2026-08-24 00:00:00+00:00
[2026-08-24T14:52:16.598+0000] {processor.py:183} INFO - Processing /home/airflow/.local/lib/python3.12/site-packages/airflow/example_dags/example_nested_branch_dag.py took 0.210 seconds
[2026-08-24T14:52:47.035+0000] {processor.py:161} INFO - Started process (PID=383) to work on /home/airflow/.local/lib/python3.12/site-packages/airflow/example_dags/example_nested_branch_dag.py
[2026-08-24T14:52:47.036+0000] {processor.py:830} INFO - Processing file /home/airflow/.local/lib/python3.12/site-packages/airflow/example_dags/example_nested_branch_dag.py for tasks to queue
[2026-08-24T14:52:47.039+0000] {logging_mixin.py:188} INFO - [2026-08-24T14:52:47.038+0000] {dagbag.py:545} INFO - Filling up the DagBag from /home/airflow/.local/lib/python3.12/site-packages/airflow/example_dags/example_nested_branch_dag.py
[2026-08-24T14:52:47.057+0000] {processor.py:840} INFO - DAG(s) 'example_nested_branch_dag' retrieved from /home/airflow/.local/lib/python3.12/site-packages/airflow/example_dags/example_nested_branch_dag.py
[2026-08-24T14:52:47.084+0000] {logging_mixin.py:188} INFO - [2026-08-24T14:52:47.083+0000] {dag.py:3096} INFO - Sync 1 DAGs
[2026-08-24T14:52:47.114+0000] {logging_mixin.py:188} INFO - [2026-08-24T14:52:47.114+0000] {dag.py:3954} INFO - Setting next_dagrun for example_nested_branch_dag to 2026-08-23 00:00:00+00:00, run_after=2026-08-24 00:00:00+00:00
[2026-08-24T14:52:47.136+0000] {processor.py:183} INFO - Processing /home/airflow/.local/lib/python3.12/site-packages/airflow/example_dags/example_nested_branch_dag.py took 0.109 seconds
[2026-08-24T14:53:17.607+0000] {processor.py:161} INFO - Started process (PID=443) to work on /home/airflow/.local/lib/python3.12/site-packages/airflow/example_dags/example_nested_branch_dag.py
[2026-08-24T14:53:17.609+0000] {processor.py:830} INFO - Processing file /home/airflow/.local/lib/python3.12/site-packages/airflow/example_dags/example_nested_branch_dag.py for tasks to queue
[2026-08-24T14:53:17.612+0000] {logging_mixin.py:188} INFO - [2026-08-24T14:53:17.611+0000] {dagbag.py:545} INFO - Filling up the DagBag from /home/airflow/.local/lib/python3.12/site-packages/airflow/example_dags/example_nested_branch_dag.py
[2026-08-24T14:53:17.633+0000] {processor.py:840} INFO - DAG(s) 'example_nested_branch_dag' retrieved from /home/airflow/.local/lib/python3.12/site-packages/airflow/example_dags/example_nested_branch_dag.py
[2026-08-24T14:53:17.702+0000] {logging_mixin.py:188} INFO - [2026-08-24T14:53:17.701+0000] {dag.py:3096} INFO - Sync 1 DAGs
[2026-08-24T14:53:17.756+0000] {logging_mixin.py:188} INFO - [2026-08-24T14:53:17.755+0000] {dag.py:3954} INFO - Setting next_dagrun for example_nested_branch_dag to 2026-08-23 00:00:00+00:00, run_after=2026-08-24 00:00:00+00:00
[2026-08-24T14:53:17.796+0000] {processor.py:183} INFO - Processing /home/airflow/.local/lib/python3.12/site-packages/airflow/example_dags/example_nested_branch_dag.py took 0.199 seconds
[2026-08-24T14:53:48.007+0000] {processor.py:161} INFO - Started process (PID=503) to work on /home/airflow/.local/lib/python3.12/site-packages/airflow/example_dags/example_nested_branch_dag.py
[2026-08-24T14:53:48.008+0000] {processor.py:830} INFO - Processing file /home/airflow/.local/lib/python3.12/site-packages/airflow/example_dags/example_nested_branch_dag.py for tasks to queue
[2026-08-24T14:53:48.011+0000] {logging_mixin.py:188} INFO - [2026-08-24T14:53:48.010+0000] {dagbag.py:545} INFO - Filling up the DagBag from /home/airflow/.local/lib/python3.12/site-packages/airflow/example_dags/example_nested_branch_dag.py
[2026-08-24T14:53:48.026+0000] {processor.py:840} INFO - DAG(s) 'example_nested_branch_dag' retrieved from /home/airflow/.local/lib/python3.12/site-packages/airflow/example_dags/example_nested_branch_dag.py
[2026-08-24T14:53:48.056+0000] {logging_mixin.py:188} INFO - [2026-08-24T14:53:48.056+0000] {dag.py:3096} INFO - Sync 1 DAGs
[2026-08-24T14:53:48.093+0000] {logging_mixin.py:188} INFO - [2026-08-24T14:53:48.093+0000] {dag.py:3954} INFO - Setting next_dagrun for example_nested_branch_dag to 2026-08-23 00:00:00+00:00, run_after=2026-08-24 00:00:00+00:00
[2026-08-24T14:53:48.122+0000] {processor.py:183} INFO - Processing /home/airflow/.local/lib/python3.12/site-packages/airflow/example_dags/example_nested_branch_dag.py took 0.124 seconds
[2026-08-24T14:54:18.301+0000] {processor.py:161} INFO - Started process (PID=563) to work on /home/airflow/.local/lib/python3.12/site-packages/airflow/example_dags/example_nested_branch_dag.py
[2026-08-24T14:54:18.302+0000] {processor.py:830} INFO - Processing file /home/airflow/.local/lib/python3.12/site-packages/airflow/example_dags/example_nested_branch_dag.py for tasks to queue
[2026-08-24T14:54:18.305+0000] {logging_mixin.py:188} INFO - [2026-08-24T14:54:18.304+0000] {dagbag.py:545} INFO - Filling up the DagBag from /home/airflow/.local/lib/python3.12/site-packages/airflow/example_dags/example_nested_branch_dag.py
[2026-08-24T14:54:18.318+0000] {processor.py:840} INFO - DAG(s) 'example_nested_branch_dag' retrieved from /home/airflow/.local/lib/python3.12/site-packages/airflow/example_dags/example_nested_branch_dag.py
[2026-08-24T14:54:18.345+0000] {logging_mixin.py:188} INFO - [2026-08-24T14:54:18.345+0000] {dag.py:3096} INFO - Sync 1 DAGs
[2026-08-24T14:54:18.378+0000] {logging_mixin.py:188} INFO - [2026-08-24T14:54:18.377+0000] {dag.py:3954} INFO - Setting next_dagrun for example_nested_branch_dag to 2026-08-23 00:00:00+00:00, run_after=2026-08-24 00:00:00+00:00
[2026-08-24T14:54:18.400+0000] {processor.py:183} INFO - Processing /home/airflow/.local/lib/python3.12/site-packages/airflow/example_dags/example_nested_branch_dag.py took 0.107 seconds
[2026-08-24T14:54:48.649+0000] {processor.py:161} INFO - Started process (PID=623) to work on /home/airflow/.local/lib/python3.12/site-packages/airflow/example_dags/example_nested_branch_dag.py
[2026-08-24T14:54:48.651+0000] {processor.py:830} INFO - Processing file /home/airflow/.local/lib/python3.12/site-packages/airflow/example_dags/example_nested_branch_dag.py for tasks to queue
[2026-08-24T14:54:48.654+0000] {logging_mixin.py:188} INFO - [2026-08-24T14:54:48.653+0000] {dagbag.py:545} INFO - Filling up the DagBag from /home/airflow/.local/lib/python3.12/site-packages/airflow/example_dags/example_nested_branch_dag.py
[2026-08-24T14:54:48.669+0000] {processor.py:840} INFO - DAG(s) 'example_nested_branch_dag' retrieved from /home/airflow/.local/lib/python3.12/site-packages/airflow/example_dags/example_nested_branch_dag.py
[2026-08-24T14:54:48.699+0000] {logging_mixin.py:188} INFO - [2026-08-24T14:54:48.699+0000] {dag.py:3096} INFO - Sync 1 DAGs
[2026-08-24T14:54:48.730+0000] {logging_mixin.py:188} INFO - [2026-08-24T14:54:48.730+0000] {dag.py:3954} INFO - Setting next_dagrun for example_nested_branch_dag to 2026-08-23 00:00:00+00:00, run_after=2026-08-24 00:00:00+00:00
[2026-08-24T14:54:48.754+0000] {processor.py:183} INFO - Processing /home/airflow/.local/lib/python3.12/site-packages/airflow/example_dags/example_nested_branch_dag.py took 0.113 seconds
[2026-08-24T14:55:19.238+0000] {processor.py:161} INFO - Started process (PID=683) to work on /home/airflow/.local/lib/python3.12/site-packages/airflow/example_dags/example_nested_branch_dag.py
[2026-08-24T14:55:19.240+0000] {processor.py:830} INFO - Processing file /home/airflow/.local/lib/python3.12/site-packages/airflow/example_dags/example_nested_branch_dag.py for tasks to queue
[2026-08-24T14:55:19.243+0000] {logging_mixin.py:188} INFO - [2026-08-24T14:55:19.242+0000] {dagbag.py:545} INFO - Filling up the DagBag from /home/airflow/.local/lib/python3.12/site-packages/airflow/example_dags/example_nested_branch_dag.py
[2026-08-24T14:55:19.256+0000] {processor.py:840} INFO - DAG(s) 'example_nested_branch_dag' retrieved from /home/airflow/.local/lib/python3.12/site-packages/airflow/example_dags/example_nested_branch_dag.py
[2026-08-24T14:55:19.282+0000] {logging_mixin.py:188} INFO - [2026-08-24T14:55:19.282+0000] {dag.py:3096} INFO - Sync 1 DAGs
[2026-08-24T14:55:19.312+0000] {logging_mixin.py:188} INFO - [2026-08-24T14:55:19.312+0000] {dag.py:3954} INFO - Setting next_dagrun for example_nested_branch_dag to 2026-08-23 00:00:00+00:00, run_after=2026-08-24 00:00:00+00:00
[2026-08-24T14:55:19.337+0000] {processor.py:183} INFO - Processing /home/airflow/.local/lib/python3.12/site-packages/airflow/example_dags/example_nested_branch_dag.py took 0.107 seconds
[2026-08-24T14:55:50.055+0000] {processor.py:161} INFO - Started process (PID=743) to work on /home/airflow/.local/lib/python3.12/site-packages/airflow/example_dags/example_nested_branch_dag.py
[2026-08-24T14:55:50.057+0000] {processor.py:830} INFO - Processing file /home/airflow/.local/lib/python3.12/site-packages/airflow/example_dags/example_nested_branch_dag.py for tasks to queue
[2026-08-24T14:55:50.059+0000] {logging_mixin.py:188} INFO - [2026-08-24T14:55:50.059+0000] {dagbag.py:545} INFO - Filling up the DagBag from /home/airflow/.local/lib/python3.12/site-packages/airflow/example_dags/example_nested_branch_dag.py
[2026-08-24T14:55:50.080+0000] {processor.py:840} INFO - DAG(s) 'example_nested_branch_dag' retrieved from /home/airflow/.local/lib/python3.12/site-packages/airflow/example_dags/example_nested_branch_dag.py
[2026-08-24T14:55:50.108+0000] {logging_mixin.py:188} INFO - [2026-08-24T14:55:50.107+0000] {dag.py:3096} INFO - Sync 1 DAGs
[2026-08-24T14:55:50.135+0000] {logging_mixin.py:188} INFO - [2026-08-24T14:55:50.135+0000] {dag.py:3954} INFO - Setting next_dagrun for example_nested_branch_dag to 2026-08-23 00:00:00+00:00, run_after=2026-08-24 00:00:00+00:00
[2026-08-24T14:55:50.217+0000] {processor.py:183} INFO - Processing /home/airflow/.local/lib/python3.12/site-packages/airflow/example_dags/example_nested_branch_dag.py took 0.170 seconds
[2026-08-24T14:56:21.720+0000] {processor.py:161} INFO - Started process (PID=803) to work on /home/airflow/.local/lib/python3.12/site-packages/airflow/example_dags/example_nested_branch_dag.py
[2026-08-24T14:56:21.734+0000] {processor.py:830} INFO - Processing file /home/airflow/.local/lib/python3.12/site-packages/airflow/example_dags/example_nested_branch_dag.py for tasks to queue
[2026-08-24T14:56:21.748+0000] {logging_mixin.py:188} INFO - [2026-08-24T14:56:21.747+0000] {dagbag.py:545} INFO - Filling up the DagBag from /home/airflow/.local/lib/python3.12/site-packages/airflow/example_dags/example_nested_branch_dag.py
[2026-08-24T14:56:21.808+0000] {processor.py:840} INFO - DAG(s) 'example_nested_branch_dag' retrieved from /home/airflow/.local/lib/python3.12/site-packages/airflow/example_dags/example_nested_branch_dag.py
[2026-08-24T14:56:21.923+0000] {logging_mixin.py:188} INFO - [2026-08-24T14:56:21.923+0000] {dag.py:3096} INFO - Sync 1 DAGs
[2026-08-24T14:56:22.018+0000] {logging_mixin.py:188} INFO - [2026-08-24T14:56:22.018+0000] {dag.py:3954} INFO - Setting next_dagrun for example_nested_branch_dag to 2026-08-23 00:00:00+00:00, run_after=2026-08-24 00:00:00+00:00
[2026-08-24T14:56:22.105+0000] {processor.py:183} INFO - Processing /home/airflow/.local/lib/python3.12/site-packages/airflow/example_dags/example_nested_branch_dag.py took 0.408 seconds
