[2026-08-24T13:51:01.691+0000] {processor.py:161} INFO - Started process (PID=100) to work on /home/airflow/.local/lib/python3.12/site-packages/airflow/example_dags/example_complex.py
[2026-08-24T13:51:01.693+0000] {processor.py:830} INFO - Processing file /home/airflow/.local/lib/python3.12/site-packages/airflow/example_dags/example_complex.py for tasks to queue
[2026-08-24T13:51:01.696+0000] {logging_mixin.py:188} INFO - [2026-08-24T13:51:01.695+0000] {dagbag.py:545} INFO - Filling up the DagBag from /home/airflow/.local/lib/python3.12/site-packages/airflow/example_dags/example_complex.py
[2026-08-24T13:51:01.721+0000] {processor.py:840} INFO - DAG(s) 'example_complex' retrieved from /home/airflow/.local/lib/python3.12/site-packages/airflow/example_dags/example_complex.py
[2026-08-24T13:51:01.910+0000] {logging_mixin.py:188} INFO - [2026-08-24T13:51:01.910+0000] {dag.py:3096} INFO - Sync 1 DAGs
[2026-08-24T13:51:01.925+0000] {logging_mixin.py:188} INFO - [2026-08-24T13:51:01.925+0000] {dag.py:3954} INFO - Setting next_dagrun for example_complex to None, run_after=None
[2026-08-24T13:51:01.958+0000] {processor.py:183} INFO - Processing /home/airflow/.local/lib/python3.12/site-packages/airflow/example_dags/example_complex.py took 0.275 seconds
[2026-08-24T13:51:42.958+0000] {processor.py:161} INFO - Started process (PID=81) to work on /home/airflow/.local/lib/python3.12/site-packages/airflow/example_dags/example_complex.py
[2026-08-24T13:51:42.959+0000] {processor.py:830} INFO - Processing file /home/airflow/.local/lib/python3.12/site-packages/airflow/example_dags/example_complex.py for tasks to queue
[2026-08-24T13:51:42.962+0000] {logging_mixin.py:188} INFO - [2026-08-24T13:51:42.961+0000] {dagbag.py:545} INFO - Filling up the DagBag from /home/airflow/.local/lib/python3.12/site-packages/airflow/example_dags/example_complex.py
[2026-08-24T13:51:42.977+0000] {processor.py:840} INFO - DAG(s) 'example_complex' retrieved from /home/airflow/.local/lib/python3.12/site-packages/airflow/example_dags/example_complex.py
[2026-08-24T13:51:43.027+0000] {logging_mixin.py:188} INFO - [2026-08-24T13:51:43.027+0000] {dag.py:3096} INFO - Sync 1 DAGs
[2026-08-24T13:51:43.044+0000] {logging_mixin.py:188} INFO - [2026-08-24T13:51:43.044+0000] {dag.py:3954} INFO - Setting next_dagrun for example_complex to None, run_after=None
[2026-08-24T13:51:43.068+0000] {processor.py:183} INFO - Processing /home/airflow/.local/lib/python3.12/site-packages/airflow/example_dags/example_complex.py took 0.117 seconds
[2026-08-24T13:52:13.648+0000] {processor.py:161} INFO - Started process (PID=140) to work on /home/airflow/.local/lib/python3.12/site-packages/airflow/example_dags/example_complex.py
[2026-08-24T13:52:13.649+0000] {processor.py:830} INFO - Processing file /home/airflow/.local/lib/python3.12/site-packages/airflow/example_dags/example_complex.py for tasks to queue
[2026-08-24T13:52:13.652+0000] {logging_mixin.py:188} INFO - [2026-08-24T13:52:13.651+0000] {dagbag.py:545} INFO - Filling up the DagBag from /home/airflow/.local/lib/python3.12/site-packages/airflow/example_dags/example_complex.py
[2026-08-24T13:52:13.666+0000] {processor.py:840} INFO - DAG(s) 'example_complex' retrieved from /home/airflow/.local/lib/python3.12/site-packages/airflow/example_dags/example_complex.py
[2026-08-24T13:52:13.715+0000] {logging_mixin.py:188} INFO - [2026-08-24T13:52:13.715+0000] {dag.py:3096} INFO - Sync 1 DAGs
[2026-08-24T13:52:13.732+0000] {logging_mixin.py:188} INFO - [2026-08-24T13:52:13.732+0000] {dag.py:3954} INFO - Setting next_dagrun for example_complex to None, run_after=None
[2026-08-24T13:52:13.758+0000] {processor.py:183} INFO - Processing /home/airflow/.local/lib/python3.12/site-packages/airflow/example_dags/example_complex.py took 0.117 seconds
[2026-08-24T13:52:43.890+0000] {processor.py:161} INFO - Started process (PID=199) to work on /home/airflow/.local/lib/python3.12/site-packages/airflow/example_dags/example_complex.py
[2026-08-24T13:52:43.891+0000] {processor.py:830} INFO - Processing file /home/airflow/.local/lib/python3.12/site-packages/airflow/example_dags/example_complex.py for tasks to queue
[2026-08-24T13:52:43.893+0000] {logging_mixin.py:188} INFO - [2026-08-24T13:52:43.893+0000] {dagbag.py:545} INFO - Filling up the DagBag from /home/airflow/.local/lib/python3.12/site-packages/airflow/example_dags/example_complex.py
[2026-08-24T13:52:43.907+0000] {processor.py:840} INFO - DAG(s) 'example_complex' retrieved from /home/airflow/.local/lib/python3.12/site-packages/airflow/example_dags/example_complex.py
[2026-08-24T13:52:43.952+0000] {logging_mixin.py:188} INFO - [2026-08-24T13:52:43.952+0000] {dag.py:3096} INFO - Sync 1 DAGs
[2026-08-24T13:52:43.969+0000] {logging_mixin.py:188} INFO - [2026-08-24T13:52:43.969+0000] {dag.py:3954} INFO - Setting next_dagrun for example_complex to None, run_after=None
[2026-08-24T13:52:43.997+0000] {processor.py:183} INFO - Processing /home/airflow/.local/lib/python3.12/site-packages/airflow/example_dags/example_complex.py took 0.117 seconds
[2026-08-24T13:53:14.228+0000] {processor.py:161} INFO - Started process (PID=258) to work on /home/airflow/.local/lib/python3.12/site-packages/airflow/example_dags/example_complex.py
[2026-08-24T13:53:14.229+0000] {processor.py:830} INFO - Processing file /home/airflow/.local/lib/python3.12/site-packages/airflow/example_dags/example_complex.py for tasks to queue
[2026-08-24T13:53:14.232+0000] {logging_mixin.py:188} INFO - [2026-08-24T13:53:14.231+0000] {dagbag.py:545} INFO - Filling up the DagBag from /home/airflow/.local/lib/python3.12/site-packages/airflow/example_dags/example_complex.py
[2026-08-24T13:53:14.246+0000] {processor.py:840} INFO - DAG(s) 'example_complex' retrieved from /home/airflow/.local/lib/python3.12/site-packages/airflow/example_dags/example_complex.py
[2026-08-24T13:53:14.286+0000] {logging_mixin.py:188} INFO - [2026-08-24T13:53:14.286+0000] {dag.py:3096} INFO - Sync 1 DAGs
[2026-08-24T13:53:14.302+0000] {logging_mixin.py:188} INFO - [2026-08-24T13:53:14.302+0000] {dag.py:3954} INFO - Setting next_dagrun for example_complex to None, run_after=None
[2026-08-24T13:53:14.324+0000] {processor.py:183} INFO - Processing /home/airflow/.local/lib/python3.12/site-packages/airflow/example_dags/example_complex.py took 0.103 seconds
[2026-08-24T13:53:44.409+0000] {processor.py:161} INFO - Started process (PID=317) to work on /home/airflow/.local/lib/python3.12/site-packages/airflow/example_dags/example_complex.py
[2026-08-24T13:53:44.411+0000] {processor.py:830} INFO - Processing file /home/airflow/.local/lib/python3.12/site-packages/airflow/example_dags/example_complex.py for tasks to queue
[2026-08-24T13:53:44.413+0000] {logging_mixin.py:188} INFO - [2026-08-24T13:53:44.413+0000] {dagbag.py:545} INFO - Filling up the DagBag from /home/airflow/.local/lib/python3.12/site-packages/airflow/example_dags/example_complex.py
[2026-08-24T13:53:44.425+0000] {processor.py:840} INFO - DAG(s) 'example_complex' retrieved from /home/airflow/.local/lib/python3.12/site-packages/airflow/example_dags/example_complex.py
[2026-08-24T13:53:44.462+0000] {logging_mixin.py:188} INFO - [2026-08-24T13:53:44.462+0000] {dag.py:3096} INFO - Sync 1 DAGs
[2026-08-24T13:53:44.480+0000] {logging_mixin.py:188} INFO - [2026-08-24T13:53:44.480+0000] {dag.py:3954} INFO - Setting next_dagrun for example_complex to None, run_after=None
[2026-08-24T13:53:44.505+0000] {processor.py:183} INFO - Processing /home/airflow/.local/lib/python3.12/site-packages/airflow/example_dags/example_complex.py took 0.103 seconds
[2026-08-24T13:54:14.883+0000] {processor.py:161} INFO - Started process (PID=375) to work on /home/airflow/.local/lib/python3.12/site-packages/airflow/example_dags/example_complex.py
[2026-08-24T13:54:14.885+0000] {processor.py:830} INFO - Processing file /home/airflow/.local/lib/python3.12/site-packages/airflow/example_dags/example_complex.py for tasks to queue
[2026-08-24T13:54:14.887+0000] {logging_mixin.py:188} INFO - [2026-08-24T13:54:14.887+0000] {dagbag.py:545} INFO - Filling up the DagBag from /home/airflow/.local/lib/python3.12/site-packages/airflow/example_dags/example_complex.py
[2026-08-24T13:54:14.901+0000] {processor.py:840} INFO - DAG(s) 'example_complex' retrieved from /home/airflow/.local/lib/python3.12/site-packages/airflow/example_dags/example_complex.py
[2026-08-24T13:54:14.956+0000] {logging_mixin.py:188} INFO - [2026-08-24T13:54:14.956+0000] {dag.py:3096} INFO - Sync 1 DAGs
[2026-08-24T13:54:14.976+0000] {logging_mixin.py:188} INFO - [2026-08-24T13:54:14.976+0000] {dag.py:3954} INFO - Setting next_dagrun for example_complex to None, run_after=None
[2026-08-24T13:54:15.014+0000] {processor.py:183} INFO - Processing /home/airflow/.local/lib/python3.12/site-packages/airflow/example_dags/example_complex.py took 0.139 seconds
[2026-08-24T13:54:45.634+0000] {processor.py:161} INFO - Started process (PID=440) to work on /home/airflow/.local/lib/python3.12/site-packages/airflow/example_dags/example_complex.py
[2026-08-24T13:54:45.636+0000] {processor.py:830} INFO - Processing file /home/airflow/.local/lib/python3.12/site-packages/airflow/example_dags/example_complex.py for tasks to queue
[2026-08-24T13:54:45.639+0000] {logging_mixin.py:188} INFO - [2026-08-24T13:54:45.638+0000] {dagbag.py:545} INFO - Filling up the DagBag from /home/airflow/.local/lib/python3.12/site-packages/airflow/example_dags/example_complex.py
[2026-08-24T13:54:45.665+0000] {processor.py:840} INFO - DAG(s) 'example_complex' retrieved from /home/airflow/.local/lib/python3.12/site-packages/airflow/example_dags/example_complex.py
[2026-08-24T13:54:45.687+0000] {logging_mixin.py:188} INFO - [2026-08-24T13:54:45.686+0000] {dag.py:3096} INFO - Sync 1 DAGs
[2026-08-24T13:54:45.727+0000] {logging_mixin.py:188} INFO - [2026-08-24T13:54:45.727+0000] {dag.py:3954} INFO - Setting next_dagrun for example_complex to None, run_after=None
[2026-08-24T13:54:45.802+0000] {processor.py:183} INFO - Processing /home/airflow/.local/lib/python3.12/site-packages/airflow/example_dags/example_complex.py took 0.182 seconds
[2026-08-24T13:55:18.621+0000] {processor.py:161} INFO - Started process (PID=499) to work on /home/airflow/.local/lib/python3.12/site-packages/airflow/example_dags/example_complex.py
[2026-08-24T13:55:18.623+0000] {processor.py:830} INFO - Processing file /home/airflow/.local/lib/python3.12/site-packages/airflow/example_dags/example_complex.py for tasks to queue
[2026-08-24T13:55:18.626+0000] {logging_mixin.py:188} INFO - [2026-08-24T13:55:18.626+0000] {dagbag.py:545} INFO - Filling up the DagBag from /home/airflow/.local/lib/python3.12/site-packages/airflow/example_dags/example_complex.py
[2026-08-24T13:55:18.650+0000] {processor.py:840} INFO - DAG(s) 'example_complex' retrieved from /home/airflow/.local/lib/python3.12/site-packages/airflow/example_dags/example_complex.py
[2026-08-24T13:55:18.906+0000] {logging_mixin.py:188} INFO - [2026-08-24T13:55:18.906+0000] {dag.py:3096} INFO - Sync 1 DAGs
[2026-08-24T13:55:18.927+0000] {logging_mixin.py:188} INFO - [2026-08-24T13:55:18.927+0000] {dag.py:3954} INFO - Setting next_dagrun for example_complex to None, run_after=None
[2026-08-24T13:55:19.096+0000] {processor.py:183} INFO - Processing /home/airflow/.local/lib/python3.12/site-packages/airflow/example_dags/example_complex.py took 0.487 seconds
[2026-08-24T13:55:50.068+0000] {processor.py:161} INFO - Started process (PID=558) to work on /home/airflow/.local/lib/python3.12/site-packages/airflow/example_dags/example_complex.py
[2026-08-24T13:55:50.070+0000] {processor.py:830} INFO - Processing file /home/airflow/.local/lib/python3.12/site-packages/airflow/example_dags/example_complex.py for tasks to queue
[2026-08-24T13:55:50.073+0000] {logging_mixin.py:188} INFO - [2026-08-24T13:55:50.073+0000] {dagbag.py:545} INFO - Filling up the DagBag from /home/airflow/.local/lib/python3.12/site-packages/airflow/example_dags/example_complex.py
[2026-08-24T13:55:50.092+0000] {processor.py:840} INFO - DAG(s) 'example_complex' retrieved from /home/airflow/.local/lib/python3.12/site-packages/airflow/example_dags/example_complex.py
[2026-08-24T13:55:50.136+0000] {logging_mixin.py:188} INFO - [2026-08-24T13:55:50.136+0000] {dag.py:3096} INFO - Sync 1 DAGs
[2026-08-24T13:55:50.153+0000] {logging_mixin.py:188} INFO - [2026-08-24T13:55:50.153+0000] {dag.py:3954} INFO - Setting next_dagrun for example_complex to None, run_after=None
[2026-08-24T13:55:50.178+0000] {processor.py:183} INFO - Processing /home/airflow/.local/lib/python3.12/site-packages/airflow/example_dags/example_complex.py took 0.122 seconds
[2026-08-24T13:56:20.495+0000] {processor.py:161} INFO - Started process (PID=617) to work on /home/airflow/.local/lib/python3.12/site-packages/airflow/example_dags/example_complex.py
[2026-08-24T13:56:20.496+0000] {processor.py:830} INFO - Processing file /home/airflow/.local/lib/python3.12/site-packages/airflow/example_dags/example_complex.py for tasks to queue
[2026-08-24T13:56:20.498+0000] {logging_mixin.py:188} INFO - [2026-08-24T13:56:20.498+0000] {dagbag.py:545} INFO - Filling up the DagBag from /home/airflow/.local/lib/python3.12/site-packages/airflow/example_dags/example_complex.py
[2026-08-24T13:56:20.511+0000] {processor.py:840} INFO - DAG(s) 'example_complex' retrieved from /home/airflow/.local/lib/python3.12/site-packages/airflow/example_dags/example_complex.py
[2026-08-24T13:56:20.558+0000] {logging_mixin.py:188} INFO - [2026-08-24T13:56:20.557+0000] {dag.py:3096} INFO - Sync 1 DAGs
[2026-08-24T13:56:20.580+0000] {logging_mixin.py:188} INFO - [2026-08-24T13:56:20.580+0000] {dag.py:3954} INFO - Setting next_dagrun for example_complex to None, run_after=None
[2026-08-24T13:56:20.607+0000] {processor.py:183} INFO - Processing /home/airflow/.local/lib/python3.12/site-packages/airflow/example_dags/example_complex.py took 0.119 seconds
[2026-08-24T13:56:51.351+0000] {processor.py:161} INFO - Started process (PID=676) to work on /home/airflow/.local/lib/python3.12/site-packages/airflow/example_dags/example_complex.py
[2026-08-24T13:56:51.353+0000] {processor.py:830} INFO - Processing file /home/airflow/.local/lib/python3.12/site-packages/airflow/example_dags/example_complex.py for tasks to queue
[2026-08-24T13:56:51.357+0000] {logging_mixin.py:188} INFO - [2026-08-24T13:56:51.356+0000] {dagbag.py:545} INFO - Filling up the DagBag from /home/airflow/.local/lib/python3.12/site-packages/airflow/example_dags/example_complex.py
[2026-08-24T13:56:51.375+0000] {processor.py:840} INFO - DAG(s) 'example_complex' retrieved from /home/airflow/.local/lib/python3.12/site-packages/airflow/example_dags/example_complex.py
[2026-08-24T13:56:51.429+0000] {logging_mixin.py:188} INFO - [2026-08-24T13:56:51.429+0000] {dag.py:3096} INFO - Sync 1 DAGs
[2026-08-24T13:56:51.452+0000] {logging_mixin.py:188} INFO - [2026-08-24T13:56:51.451+0000] {dag.py:3954} INFO - Setting next_dagrun for example_complex to None, run_after=None
[2026-08-24T13:56:51.484+0000] {processor.py:183} INFO - Processing /home/airflow/.local/lib/python3.12/site-packages/airflow/example_dags/example_complex.py took 0.140 seconds
[2026-08-24T13:57:22.305+0000] {processor.py:161} INFO - Started process (PID=736) to work on /home/airflow/.local/lib/python3.12/site-packages/airflow/example_dags/example_complex.py
[2026-08-24T13:57:22.306+0000] {processor.py:830} INFO - Processing file /home/airflow/.local/lib/python3.12/site-packages/airflow/example_dags/example_complex.py for tasks to queue
[2026-08-24T13:57:22.309+0000] {logging_mixin.py:188} INFO - [2026-08-24T13:57:22.309+0000] {dagbag.py:545} INFO - Filling up the DagBag from /home/airflow/.local/lib/python3.12/site-packages/airflow/example_dags/example_complex.py
[2026-08-24T13:57:22.322+0000] {processor.py:840} INFO - DAG(s) 'example_complex' retrieved from /home/airflow/.local/lib/python3.12/site-packages/airflow/example_dags/example_complex.py
[2026-08-24T13:57:22.362+0000] {logging_mixin.py:188} INFO - [2026-08-24T13:57:22.361+0000] {dag.py:3096} INFO - Sync 1 DAGs
[2026-08-24T13:57:22.379+0000] {logging_mixin.py:188} INFO - [2026-08-24T13:57:22.378+0000] {dag.py:3954} INFO - Setting next_dagrun for example_complex to None, run_after=None
[2026-08-24T13:57:22.403+0000] {processor.py:183} INFO - Processing /home/airflow/.local/lib/python3.12/site-packages/airflow/example_dags/example_complex.py took 0.106 seconds
[2026-08-24T13:57:52.765+0000] {processor.py:161} INFO - Started process (PID=795) to work on /home/airflow/.local/lib/python3.12/site-packages/airflow/example_dags/example_complex.py
[2026-08-24T13:57:52.766+0000] {processor.py:830} INFO - Processing file /home/airflow/.local/lib/python3.12/site-packages/airflow/example_dags/example_complex.py for tasks to queue
[2026-08-24T13:57:52.769+0000] {logging_mixin.py:188} INFO - [2026-08-24T13:57:52.769+0000] {dagbag.py:545} INFO - Filling up the DagBag from /home/airflow/.local/lib/python3.12/site-packages/airflow/example_dags/example_complex.py
[2026-08-24T13:57:52.783+0000] {processor.py:840} INFO - DAG(s) 'example_complex' retrieved from /home/airflow/.local/lib/python3.12/site-packages/airflow/example_dags/example_complex.py
[2026-08-24T13:57:52.837+0000] {logging_mixin.py:188} INFO - [2026-08-24T13:57:52.837+0000] {dag.py:3096} INFO - Sync 1 DAGs
[2026-08-24T13:57:52.862+0000] {logging_mixin.py:188} INFO - [2026-08-24T13:57:52.862+0000] {dag.py:3954} INFO - Setting next_dagrun for example_complex to None, run_after=None
[2026-08-24T13:57:52.966+0000] {processor.py:183} INFO - Processing /home/airflow/.local/lib/python3.12/site-packages/airflow/example_dags/example_complex.py took 0.210 seconds
[2026-08-24T13:58:23.436+0000] {processor.py:161} INFO - Started process (PID=855) to work on /home/airflow/.local/lib/python3.12/site-packages/airflow/example_dags/example_complex.py
[2026-08-24T13:58:23.437+0000] {processor.py:830} INFO - Processing file /home/airflow/.local/lib/python3.12/site-packages/airflow/example_dags/example_complex.py for tasks to queue
[2026-08-24T13:58:23.440+0000] {logging_mixin.py:188} INFO - [2026-08-24T13:58:23.440+0000] {dagbag.py:545} INFO - Filling up the DagBag from /home/airflow/.local/lib/python3.12/site-packages/airflow/example_dags/example_complex.py
[2026-08-24T13:58:23.452+0000] {processor.py:840} INFO - DAG(s) 'example_complex' retrieved from /home/airflow/.local/lib/python3.12/site-packages/airflow/example_dags/example_complex.py
[2026-08-24T13:58:23.490+0000] {logging_mixin.py:188} INFO - [2026-08-24T13:58:23.489+0000] {dag.py:3096} INFO - Sync 1 DAGs
[2026-08-24T13:58:23.506+0000] {logging_mixin.py:188} INFO - [2026-08-24T13:58:23.506+0000] {dag.py:3954} INFO - Setting next_dagrun for example_complex to None, run_after=None
[2026-08-24T13:58:23.529+0000] {processor.py:183} INFO - Processing /home/airflow/.local/lib/python3.12/site-packages/airflow/example_dags/example_complex.py took 0.099 seconds
[2026-08-24T13:58:54.520+0000] {processor.py:161} INFO - Started process (PID=914) to work on /home/airflow/.local/lib/python3.12/site-packages/airflow/example_dags/example_complex.py
[2026-08-24T13:58:54.521+0000] {processor.py:830} INFO - Processing file /home/airflow/.local/lib/python3.12/site-packages/airflow/example_dags/example_complex.py for tasks to queue
[2026-08-24T13:58:54.523+0000] {logging_mixin.py:188} INFO - [2026-08-24T13:58:54.523+0000] {dagbag.py:545} INFO - Filling up the DagBag from /home/airflow/.local/lib/python3.12/site-packages/airflow/example_dags/example_complex.py
[2026-08-24T13:58:54.536+0000] {processor.py:840} INFO - DAG(s) 'example_complex' retrieved from /home/airflow/.local/lib/python3.12/site-packages/airflow/example_dags/example_complex.py
[2026-08-24T13:58:54.575+0000] {logging_mixin.py:188} INFO - [2026-08-24T13:58:54.574+0000] {dag.py:3096} INFO - Sync 1 DAGs
[2026-08-24T13:58:54.591+0000] {logging_mixin.py:188} INFO - [2026-08-24T13:58:54.591+0000] {dag.py:3954} INFO - Setting next_dagrun for example_complex to None, run_after=None
[2026-08-24T13:58:54.618+0000] {processor.py:183} INFO - Processing /home/airflow/.local/lib/python3.12/site-packages/airflow/example_dags/example_complex.py took 0.107 seconds
[2026-08-24T14:00:35.567+0000] {processor.py:161} INFO - Started process (PID=99) to work on /home/airflow/.local/lib/python3.12/site-packages/airflow/example_dags/example_complex.py
[2026-08-24T14:00:35.569+0000] {processor.py:830} INFO - Processing file /home/airflow/.local/lib/python3.12/site-packages/airflow/example_dags/example_complex.py for tasks to queue
[2026-08-24T14:00:35.573+0000] {logging_mixin.py:188} INFO - [2026-08-24T14:00:35.572+0000] {dagbag.py:545} INFO - Filling up the DagBag from /home/airflow/.local/lib/python3.12/site-packages/airflow/example_dags/example_complex.py
[2026-08-24T14:00:35.593+0000] {processor.py:840} INFO - DAG(s) 'example_complex' retrieved from /home/airflow/.local/lib/python3.12/site-packages/airflow/example_dags/example_complex.py
[2026-08-24T14:00:35.794+0000] {logging_mixin.py:188} INFO - [2026-08-24T14:00:35.793+0000] {dag.py:3096} INFO - Sync 1 DAGs
[2026-08-24T14:00:35.811+0000] {logging_mixin.py:188} INFO - [2026-08-24T14:00:35.811+0000] {dag.py:3954} INFO - Setting next_dagrun for example_complex to None, run_after=None
[2026-08-24T14:00:35.844+0000] {processor.py:183} INFO - Processing /home/airflow/.local/lib/python3.12/site-packages/airflow/example_dags/example_complex.py took 0.287 seconds
[2026-08-24T14:01:05.928+0000] {processor.py:161} INFO - Started process (PID=158) to work on /home/airflow/.local/lib/python3.12/site-packages/airflow/example_dags/example_complex.py
[2026-08-24T14:01:05.929+0000] {processor.py:830} INFO - Processing file /home/airflow/.local/lib/python3.12/site-packages/airflow/example_dags/example_complex.py for tasks to queue
[2026-08-24T14:01:05.932+0000] {logging_mixin.py:188} INFO - [2026-08-24T14:01:05.931+0000] {dagbag.py:545} INFO - Filling up the DagBag from /home/airflow/.local/lib/python3.12/site-packages/airflow/example_dags/example_complex.py
[2026-08-24T14:01:05.945+0000] {processor.py:840} INFO - DAG(s) 'example_complex' retrieved from /home/airflow/.local/lib/python3.12/site-packages/airflow/example_dags/example_complex.py
[2026-08-24T14:01:05.986+0000] {logging_mixin.py:188} INFO - [2026-08-24T14:01:05.986+0000] {dag.py:3096} INFO - Sync 1 DAGs
[2026-08-24T14:01:06.003+0000] {logging_mixin.py:188} INFO - [2026-08-24T14:01:06.003+0000] {dag.py:3954} INFO - Setting next_dagrun for example_complex to None, run_after=None
[2026-08-24T14:01:06.028+0000] {processor.py:183} INFO - Processing /home/airflow/.local/lib/python3.12/site-packages/airflow/example_dags/example_complex.py took 0.108 seconds
[2026-08-24T14:01:36.319+0000] {processor.py:161} INFO - Started process (PID=217) to work on /home/airflow/.local/lib/python3.12/site-packages/airflow/example_dags/example_complex.py
[2026-08-24T14:01:36.321+0000] {processor.py:830} INFO - Processing file /home/airflow/.local/lib/python3.12/site-packages/airflow/example_dags/example_complex.py for tasks to queue
[2026-08-24T14:01:36.324+0000] {logging_mixin.py:188} INFO - [2026-08-24T14:01:36.323+0000] {dagbag.py:545} INFO - Filling up the DagBag from /home/airflow/.local/lib/python3.12/site-packages/airflow/example_dags/example_complex.py
[2026-08-24T14:01:36.337+0000] {processor.py:840} INFO - DAG(s) 'example_complex' retrieved from /home/airflow/.local/lib/python3.12/site-packages/airflow/example_dags/example_complex.py
[2026-08-24T14:01:36.387+0000] {logging_mixin.py:188} INFO - [2026-08-24T14:01:36.387+0000] {dag.py:3096} INFO - Sync 1 DAGs
[2026-08-24T14:01:36.404+0000] {logging_mixin.py:188} INFO - [2026-08-24T14:01:36.404+0000] {dag.py:3954} INFO - Setting next_dagrun for example_complex to None, run_after=None
[2026-08-24T14:01:36.430+0000] {processor.py:183} INFO - Processing /home/airflow/.local/lib/python3.12/site-packages/airflow/example_dags/example_complex.py took 0.118 seconds
[2026-08-24T14:02:07.185+0000] {processor.py:161} INFO - Started process (PID=276) to work on /home/airflow/.local/lib/python3.12/site-packages/airflow/example_dags/example_complex.py
[2026-08-24T14:02:07.186+0000] {processor.py:830} INFO - Processing file /home/airflow/.local/lib/python3.12/site-packages/airflow/example_dags/example_complex.py for tasks to queue
[2026-08-24T14:02:07.188+0000] {logging_mixin.py:188} INFO - [2026-08-24T14:02:07.188+0000] {dagbag.py:545} INFO - Filling up the DagBag from /home/airflow/.local/lib/python3.12/site-packages/airflow/example_dags/example_complex.py
[2026-08-24T14:02:07.201+0000] {processor.py:840} INFO - DAG(s) 'example_complex' retrieved from /home/airflow/.local/lib/python3.12/site-packages/airflow/example_dags/example_complex.py
[2026-08-24T14:02:07.239+0000] {logging_mixin.py:188} INFO - [2026-08-24T14:02:07.239+0000] {dag.py:3096} INFO - Sync 1 DAGs
[2026-08-24T14:02:07.257+0000] {logging_mixin.py:188} INFO - [2026-08-24T14:02:07.257+0000] {dag.py:3954} INFO - Setting next_dagrun for example_complex to None, run_after=None
[2026-08-24T14:02:07.283+0000] {processor.py:183} INFO - Processing /home/airflow/.local/lib/python3.12/site-packages/airflow/example_dags/example_complex.py took 0.107 seconds
[2026-08-24T14:02:37.338+0000] {processor.py:161} INFO - Started process (PID=335) to work on /home/airflow/.local/lib/python3.12/site-packages/airflow/example_dags/example_complex.py
[2026-08-24T14:02:37.340+0000] {processor.py:830} INFO - Processing file /home/airflow/.local/lib/python3.12/site-packages/airflow/example_dags/example_complex.py for tasks to queue
[2026-08-24T14:02:37.342+0000] {logging_mixin.py:188} INFO - [2026-08-24T14:02:37.342+0000] {dagbag.py:545} INFO - Filling up the DagBag from /home/airflow/.local/lib/python3.12/site-packages/airflow/example_dags/example_complex.py
[2026-08-24T14:02:37.355+0000] {processor.py:840} INFO - DAG(s) 'example_complex' retrieved from /home/airflow/.local/lib/python3.12/site-packages/airflow/example_dags/example_complex.py
[2026-08-24T14:02:37.396+0000] {logging_mixin.py:188} INFO - [2026-08-24T14:02:37.396+0000] {dag.py:3096} INFO - Sync 1 DAGs
[2026-08-24T14:02:37.412+0000] {logging_mixin.py:188} INFO - [2026-08-24T14:02:37.412+0000] {dag.py:3954} INFO - Setting next_dagrun for example_complex to None, run_after=None
[2026-08-24T14:02:37.436+0000] {processor.py:183} INFO - Processing /home/airflow/.local/lib/python3.12/site-packages/airflow/example_dags/example_complex.py took 0.105 seconds
[2026-08-24T14:03:07.682+0000] {processor.py:161} INFO - Started process (PID=394) to work on /home/airflow/.local/lib/python3.12/site-packages/airflow/example_dags/example_complex.py
[2026-08-24T14:03:07.684+0000] {processor.py:830} INFO - Processing file /home/airflow/.local/lib/python3.12/site-packages/airflow/example_dags/example_complex.py for tasks to queue
[2026-08-24T14:03:07.687+0000] {logging_mixin.py:188} INFO - [2026-08-24T14:03:07.686+0000] {dagbag.py:545} INFO - Filling up the DagBag from /home/airflow/.local/lib/python3.12/site-packages/airflow/example_dags/example_complex.py
[2026-08-24T14:03:07.699+0000] {processor.py:840} INFO - DAG(s) 'example_complex' retrieved from /home/airflow/.local/lib/python3.12/site-packages/airflow/example_dags/example_complex.py
[2026-08-24T14:03:07.739+0000] {logging_mixin.py:188} INFO - [2026-08-24T14:03:07.739+0000] {dag.py:3096} INFO - Sync 1 DAGs
[2026-08-24T14:03:07.757+0000] {logging_mixin.py:188} INFO - [2026-08-24T14:03:07.756+0000] {dag.py:3954} INFO - Setting next_dagrun for example_complex to None, run_after=None
[2026-08-24T14:03:07.785+0000] {processor.py:183} INFO - Processing /home/airflow/.local/lib/python3.12/site-packages/airflow/example_dags/example_complex.py took 0.112 seconds
[2026-08-24T14:07:39.402+0000] {processor.py:161} INFO - Started process (PID=105) to work on /home/airflow/.local/lib/python3.12/site-packages/airflow/example_dags/example_complex.py
[2026-08-24T14:07:39.403+0000] {processor.py:830} INFO - Processing file /home/airflow/.local/lib/python3.12/site-packages/airflow/example_dags/example_complex.py for tasks to queue
[2026-08-24T14:07:39.406+0000] {logging_mixin.py:188} INFO - [2026-08-24T14:07:39.405+0000] {dagbag.py:545} INFO - Filling up the DagBag from /home/airflow/.local/lib/python3.12/site-packages/airflow/example_dags/example_complex.py
[2026-08-24T14:07:39.423+0000] {processor.py:840} INFO - DAG(s) 'example_complex' retrieved from /home/airflow/.local/lib/python3.12/site-packages/airflow/example_dags/example_complex.py
[2026-08-24T14:07:39.665+0000] {logging_mixin.py:188} INFO - [2026-08-24T14:07:39.664+0000] {dag.py:3096} INFO - Sync 1 DAGs
[2026-08-24T14:07:39.689+0000] {logging_mixin.py:188} INFO - [2026-08-24T14:07:39.689+0000] {dag.py:3954} INFO - Setting next_dagrun for example_complex to None, run_after=None
[2026-08-24T14:07:39.729+0000] {processor.py:183} INFO - Processing /home/airflow/.local/lib/python3.12/site-packages/airflow/example_dags/example_complex.py took 0.336 seconds
[2026-08-24T14:08:10.235+0000] {processor.py:161} INFO - Started process (PID=164) to work on /home/airflow/.local/lib/python3.12/site-packages/airflow/example_dags/example_complex.py
[2026-08-24T14:08:10.237+0000] {processor.py:830} INFO - Processing file /home/airflow/.local/lib/python3.12/site-packages/airflow/example_dags/example_complex.py for tasks to queue
[2026-08-24T14:08:10.239+0000] {logging_mixin.py:188} INFO - [2026-08-24T14:08:10.239+0000] {dagbag.py:545} INFO - Filling up the DagBag from /home/airflow/.local/lib/python3.12/site-packages/airflow/example_dags/example_complex.py
[2026-08-24T14:08:10.253+0000] {processor.py:840} INFO - DAG(s) 'example_complex' retrieved from /home/airflow/.local/lib/python3.12/site-packages/airflow/example_dags/example_complex.py
[2026-08-24T14:08:10.302+0000] {logging_mixin.py:188} INFO - [2026-08-24T14:08:10.302+0000] {dag.py:3096} INFO - Sync 1 DAGs
[2026-08-24T14:08:10.319+0000] {logging_mixin.py:188} INFO - [2026-08-24T14:08:10.319+0000] {dag.py:3954} INFO - Setting next_dagrun for example_complex to None, run_after=None
[2026-08-24T14:08:10.350+0000] {processor.py:183} INFO - Processing /home/airflow/.local/lib/python3.12/site-packages/airflow/example_dags/example_complex.py took 0.122 seconds
[2026-08-24T14:08:41.166+0000] {processor.py:161} INFO - Started process (PID=223) to work on /home/airflow/.local/lib/python3.12/site-packages/airflow/example_dags/example_complex.py
[2026-08-24T14:08:41.167+0000] {processor.py:830} INFO - Processing file /home/airflow/.local/lib/python3.12/site-packages/airflow/example_dags/example_complex.py for tasks to queue
[2026-08-24T14:08:41.170+0000] {logging_mixin.py:188} INFO - [2026-08-24T14:08:41.169+0000] {dagbag.py:545} INFO - Filling up the DagBag from /home/airflow/.local/lib/python3.12/site-packages/airflow/example_dags/example_complex.py
[2026-08-24T14:08:41.186+0000] {processor.py:840} INFO - DAG(s) 'example_complex' retrieved from /home/airflow/.local/lib/python3.12/site-packages/airflow/example_dags/example_complex.py
[2026-08-24T14:08:41.234+0000] {logging_mixin.py:188} INFO - [2026-08-24T14:08:41.234+0000] {dag.py:3096} INFO - Sync 1 DAGs
[2026-08-24T14:08:41.262+0000] {logging_mixin.py:188} INFO - [2026-08-24T14:08:41.262+0000] {dag.py:3954} INFO - Setting next_dagrun for example_complex to None, run_after=None
[2026-08-24T14:08:41.291+0000] {processor.py:183} INFO - Processing /home/airflow/.local/lib/python3.12/site-packages/airflow/example_dags/example_complex.py took 0.134 seconds
[2026-08-24T14:09:11.342+0000] {processor.py:161} INFO - Started process (PID=282) to work on /home/airflow/.local/lib/python3.12/site-packages/airflow/example_dags/example_complex.py
[2026-08-24T14:09:11.344+0000] {processor.py:830} INFO - Processing file /home/airflow/.local/lib/python3.12/site-packages/airflow/example_dags/example_complex.py for tasks to queue
[2026-08-24T14:09:11.346+0000] {logging_mixin.py:188} INFO - [2026-08-24T14:09:11.346+0000] {dagbag.py:545} INFO - Filling up the DagBag from /home/airflow/.local/lib/python3.12/site-packages/airflow/example_dags/example_complex.py
[2026-08-24T14:09:11.359+0000] {processor.py:840} INFO - DAG(s) 'example_complex' retrieved from /home/airflow/.local/lib/python3.12/site-packages/airflow/example_dags/example_complex.py
[2026-08-24T14:09:11.413+0000] {logging_mixin.py:188} INFO - [2026-08-24T14:09:11.413+0000] {dag.py:3096} INFO - Sync 1 DAGs
[2026-08-24T14:09:11.434+0000] {logging_mixin.py:188} INFO - [2026-08-24T14:09:11.433+0000] {dag.py:3954} INFO - Setting next_dagrun for example_complex to None, run_after=None
[2026-08-24T14:09:11.466+0000] {processor.py:183} INFO - Processing /home/airflow/.local/lib/python3.12/site-packages/airflow/example_dags/example_complex.py took 0.132 seconds
[2026-08-24T14:09:41.819+0000] {processor.py:161} INFO - Started process (PID=340) to work on /home/airflow/.local/lib/python3.12/site-packages/airflow/example_dags/example_complex.py
[2026-08-24T14:09:41.820+0000] {processor.py:830} INFO - Processing file /home/airflow/.local/lib/python3.12/site-packages/airflow/example_dags/example_complex.py for tasks to queue
[2026-08-24T14:09:41.823+0000] {logging_mixin.py:188} INFO - [2026-08-24T14:09:41.823+0000] {dagbag.py:545} INFO - Filling up the DagBag from /home/airflow/.local/lib/python3.12/site-packages/airflow/example_dags/example_complex.py
[2026-08-24T14:09:41.837+0000] {processor.py:840} INFO - DAG(s) 'example_complex' retrieved from /home/airflow/.local/lib/python3.12/site-packages/airflow/example_dags/example_complex.py
[2026-08-24T14:09:41.878+0000] {logging_mixin.py:188} INFO - [2026-08-24T14:09:41.877+0000] {dag.py:3096} INFO - Sync 1 DAGs
[2026-08-24T14:09:41.894+0000] {logging_mixin.py:188} INFO - [2026-08-24T14:09:41.894+0000] {dag.py:3954} INFO - Setting next_dagrun for example_complex to None, run_after=None
[2026-08-24T14:09:41.920+0000] {processor.py:183} INFO - Processing /home/airflow/.local/lib/python3.12/site-packages/airflow/example_dags/example_complex.py took 0.108 seconds
[2026-08-24T14:10:12.568+0000] {processor.py:161} INFO - Started process (PID=400) to work on /home/airflow/.local/lib/python3.12/site-packages/airflow/example_dags/example_complex.py
[2026-08-24T14:10:12.570+0000] {processor.py:830} INFO - Processing file /home/airflow/.local/lib/python3.12/site-packages/airflow/example_dags/example_complex.py for tasks to queue
[2026-08-24T14:10:12.572+0000] {logging_mixin.py:188} INFO - [2026-08-24T14:10:12.572+0000] {dagbag.py:545} INFO - Filling up the DagBag from /home/airflow/.local/lib/python3.12/site-packages/airflow/example_dags/example_complex.py
[2026-08-24T14:10:12.587+0000] {processor.py:840} INFO - DAG(s) 'example_complex' retrieved from /home/airflow/.local/lib/python3.12/site-packages/airflow/example_dags/example_complex.py
[2026-08-24T14:10:12.628+0000] {logging_mixin.py:188} INFO - [2026-08-24T14:10:12.628+0000] {dag.py:3096} INFO - Sync 1 DAGs
[2026-08-24T14:10:12.645+0000] {logging_mixin.py:188} INFO - [2026-08-24T14:10:12.645+0000] {dag.py:3954} INFO - Setting next_dagrun for example_complex to None, run_after=None
[2026-08-24T14:10:12.672+0000] {processor.py:183} INFO - Processing /home/airflow/.local/lib/python3.12/site-packages/airflow/example_dags/example_complex.py took 0.112 seconds
[2026-08-24T14:10:43.156+0000] {processor.py:161} INFO - Started process (PID=459) to work on /home/airflow/.local/lib/python3.12/site-packages/airflow/example_dags/example_complex.py
[2026-08-24T14:10:43.158+0000] {processor.py:830} INFO - Processing file /home/airflow/.local/lib/python3.12/site-packages/airflow/example_dags/example_complex.py for tasks to queue
[2026-08-24T14:10:43.160+0000] {logging_mixin.py:188} INFO - [2026-08-24T14:10:43.160+0000] {dagbag.py:545} INFO - Filling up the DagBag from /home/airflow/.local/lib/python3.12/site-packages/airflow/example_dags/example_complex.py
[2026-08-24T14:10:43.174+0000] {processor.py:840} INFO - DAG(s) 'example_complex' retrieved from /home/airflow/.local/lib/python3.12/site-packages/airflow/example_dags/example_complex.py
[2026-08-24T14:10:43.213+0000] {logging_mixin.py:188} INFO - [2026-08-24T14:10:43.213+0000] {dag.py:3096} INFO - Sync 1 DAGs
[2026-08-24T14:10:43.230+0000] {logging_mixin.py:188} INFO - [2026-08-24T14:10:43.230+0000] {dag.py:3954} INFO - Setting next_dagrun for example_complex to None, run_after=None
[2026-08-24T14:10:43.254+0000] {processor.py:183} INFO - Processing /home/airflow/.local/lib/python3.12/site-packages/airflow/example_dags/example_complex.py took 0.107 seconds
[2026-08-24T14:13:26.261+0000] {processor.py:161} INFO - Started process (PID=109) to work on /home/airflow/.local/lib/python3.12/site-packages/airflow/example_dags/example_complex.py
[2026-08-24T14:13:26.263+0000] {processor.py:830} INFO - Processing file /home/airflow/.local/lib/python3.12/site-packages/airflow/example_dags/example_complex.py for tasks to queue
[2026-08-24T14:13:26.265+0000] {logging_mixin.py:188} INFO - [2026-08-24T14:13:26.265+0000] {dagbag.py:545} INFO - Filling up the DagBag from /home/airflow/.local/lib/python3.12/site-packages/airflow/example_dags/example_complex.py
[2026-08-24T14:13:26.282+0000] {processor.py:840} INFO - DAG(s) 'example_complex' retrieved from /home/airflow/.local/lib/python3.12/site-packages/airflow/example_dags/example_complex.py
[2026-08-24T14:13:26.456+0000] {logging_mixin.py:188} INFO - [2026-08-24T14:13:26.456+0000] {dag.py:3096} INFO - Sync 1 DAGs
[2026-08-24T14:13:26.475+0000] {logging_mixin.py:188} INFO - [2026-08-24T14:13:26.475+0000] {dag.py:3954} INFO - Setting next_dagrun for example_complex to None, run_after=None
[2026-08-24T14:13:26.501+0000] {processor.py:183} INFO - Processing /home/airflow/.local/lib/python3.12/site-packages/airflow/example_dags/example_complex.py took 0.247 seconds
[2026-08-24T14:13:56.685+0000] {processor.py:161} INFO - Started process (PID=168) to work on /home/airflow/.local/lib/python3.12/site-packages/airflow/example_dags/example_complex.py
[2026-08-24T14:13:56.686+0000] {processor.py:830} INFO - Processing file /home/airflow/.local/lib/python3.12/site-packages/airflow/example_dags/example_complex.py for tasks to queue
[2026-08-24T14:13:56.689+0000] {logging_mixin.py:188} INFO - [2026-08-24T14:13:56.688+0000] {dagbag.py:545} INFO - Filling up the DagBag from /home/airflow/.local/lib/python3.12/site-packages/airflow/example_dags/example_complex.py
[2026-08-24T14:13:56.702+0000] {processor.py:840} INFO - DAG(s) 'example_complex' retrieved from /home/airflow/.local/lib/python3.12/site-packages/airflow/example_dags/example_complex.py
[2026-08-24T14:13:56.745+0000] {logging_mixin.py:188} INFO - [2026-08-24T14:13:56.744+0000] {dag.py:3096} INFO - Sync 1 DAGs
[2026-08-24T14:13:56.761+0000] {logging_mixin.py:188} INFO - [2026-08-24T14:13:56.761+0000] {dag.py:3954} INFO - Setting next_dagrun for example_complex to None, run_after=None
[2026-08-24T14:13:56.782+0000] {processor.py:183} INFO - Processing /home/airflow/.local/lib/python3.12/site-packages/airflow/example_dags/example_complex.py took 0.105 seconds
[2026-08-24T14:14:27.231+0000] {processor.py:161} INFO - Started process (PID=227) to work on /home/airflow/.local/lib/python3.12/site-packages/airflow/example_dags/example_complex.py
[2026-08-24T14:14:27.233+0000] {processor.py:830} INFO - Processing file /home/airflow/.local/lib/python3.12/site-packages/airflow/example_dags/example_complex.py for tasks to queue
[2026-08-24T14:14:27.235+0000] {logging_mixin.py:188} INFO - [2026-08-24T14:14:27.235+0000] {dagbag.py:545} INFO - Filling up the DagBag from /home/airflow/.local/lib/python3.12/site-packages/airflow/example_dags/example_complex.py
[2026-08-24T14:14:27.248+0000] {processor.py:840} INFO - DAG(s) 'example_complex' retrieved from /home/airflow/.local/lib/python3.12/site-packages/airflow/example_dags/example_complex.py
[2026-08-24T14:14:27.287+0000] {logging_mixin.py:188} INFO - [2026-08-24T14:14:27.286+0000] {dag.py:3096} INFO - Sync 1 DAGs
[2026-08-24T14:14:27.303+0000] {logging_mixin.py:188} INFO - [2026-08-24T14:14:27.303+0000] {dag.py:3954} INFO - Setting next_dagrun for example_complex to None, run_after=None
[2026-08-24T14:14:27.327+0000] {processor.py:183} INFO - Processing /home/airflow/.local/lib/python3.12/site-packages/airflow/example_dags/example_complex.py took 0.103 seconds
[2026-08-24T14:14:57.805+0000] {processor.py:161} INFO - Started process (PID=286) to work on /home/airflow/.local/lib/python3.12/site-packages/airflow/example_dags/example_complex.py
[2026-08-24T14:14:57.807+0000] {processor.py:830} INFO - Processing file /home/airflow/.local/lib/python3.12/site-packages/airflow/example_dags/example_complex.py for tasks to queue
[2026-08-24T14:14:57.810+0000] {logging_mixin.py:188} INFO - [2026-08-24T14:14:57.809+0000] {dagbag.py:545} INFO - Filling up the DagBag from /home/airflow/.local/lib/python3.12/site-packages/airflow/example_dags/example_complex.py
[2026-08-24T14:14:57.824+0000] {processor.py:840} INFO - DAG(s) 'example_complex' retrieved from /home/airflow/.local/lib/python3.12/site-packages/airflow/example_dags/example_complex.py
[2026-08-24T14:14:57.865+0000] {logging_mixin.py:188} INFO - [2026-08-24T14:14:57.864+0000] {dag.py:3096} INFO - Sync 1 DAGs
[2026-08-24T14:14:57.881+0000] {logging_mixin.py:188} INFO - [2026-08-24T14:14:57.881+0000] {dag.py:3954} INFO - Setting next_dagrun for example_complex to None, run_after=None
[2026-08-24T14:14:57.904+0000] {processor.py:183} INFO - Processing /home/airflow/.local/lib/python3.12/site-packages/airflow/example_dags/example_complex.py took 0.108 seconds
[2026-08-24T14:15:28.489+0000] {processor.py:161} INFO - Started process (PID=345) to work on /home/airflow/.local/lib/python3.12/site-packages/airflow/example_dags/example_complex.py
[2026-08-24T14:15:28.490+0000] {processor.py:830} INFO - Processing file /home/airflow/.local/lib/python3.12/site-packages/airflow/example_dags/example_complex.py for tasks to queue
[2026-08-24T14:15:28.493+0000] {logging_mixin.py:188} INFO - [2026-08-24T14:15:28.492+0000] {dagbag.py:545} INFO - Filling up the DagBag from /home/airflow/.local/lib/python3.12/site-packages/airflow/example_dags/example_complex.py
[2026-08-24T14:15:28.506+0000] {processor.py:840} INFO - DAG(s) 'example_complex' retrieved from /home/airflow/.local/lib/python3.12/site-packages/airflow/example_dags/example_complex.py
[2026-08-24T14:15:28.546+0000] {logging_mixin.py:188} INFO - [2026-08-24T14:15:28.545+0000] {dag.py:3096} INFO - Sync 1 DAGs
[2026-08-24T14:15:28.562+0000] {logging_mixin.py:188} INFO - [2026-08-24T14:15:28.561+0000] {dag.py:3954} INFO - Setting next_dagrun for example_complex to None, run_after=None
[2026-08-24T14:15:28.587+0000] {processor.py:183} INFO - Processing /home/airflow/.local/lib/python3.12/site-packages/airflow/example_dags/example_complex.py took 0.109 seconds
[2026-08-24T14:15:59.090+0000] {processor.py:161} INFO - Started process (PID=404) to work on /home/airflow/.local/lib/python3.12/site-packages/airflow/example_dags/example_complex.py
[2026-08-24T14:15:59.091+0000] {processor.py:830} INFO - Processing file /home/airflow/.local/lib/python3.12/site-packages/airflow/example_dags/example_complex.py for tasks to queue
[2026-08-24T14:15:59.094+0000] {logging_mixin.py:188} INFO - [2026-08-24T14:15:59.093+0000] {dagbag.py:545} INFO - Filling up the DagBag from /home/airflow/.local/lib/python3.12/site-packages/airflow/example_dags/example_complex.py
[2026-08-24T14:15:59.109+0000] {processor.py:840} INFO - DAG(s) 'example_complex' retrieved from /home/airflow/.local/lib/python3.12/site-packages/airflow/example_dags/example_complex.py
[2026-08-24T14:15:59.152+0000] {logging_mixin.py:188} INFO - [2026-08-24T14:15:59.151+0000] {dag.py:3096} INFO - Sync 1 DAGs
[2026-08-24T14:15:59.174+0000] {logging_mixin.py:188} INFO - [2026-08-24T14:15:59.174+0000] {dag.py:3954} INFO - Setting next_dagrun for example_complex to None, run_after=None
[2026-08-24T14:15:59.201+0000] {processor.py:183} INFO - Processing /home/airflow/.local/lib/python3.12/site-packages/airflow/example_dags/example_complex.py took 0.120 seconds
[2026-08-24T14:16:29.265+0000] {processor.py:161} INFO - Started process (PID=462) to work on /home/airflow/.local/lib/python3.12/site-packages/airflow/example_dags/example_complex.py
[2026-08-24T14:16:29.266+0000] {processor.py:830} INFO - Processing file /home/airflow/.local/lib/python3.12/site-packages/airflow/example_dags/example_complex.py for tasks to queue
[2026-08-24T14:16:29.268+0000] {logging_mixin.py:188} INFO - [2026-08-24T14:16:29.268+0000] {dagbag.py:545} INFO - Filling up the DagBag from /home/airflow/.local/lib/python3.12/site-packages/airflow/example_dags/example_complex.py
[2026-08-24T14:16:29.284+0000] {processor.py:840} INFO - DAG(s) 'example_complex' retrieved from /home/airflow/.local/lib/python3.12/site-packages/airflow/example_dags/example_complex.py
[2026-08-24T14:16:29.331+0000] {logging_mixin.py:188} INFO - [2026-08-24T14:16:29.331+0000] {dag.py:3096} INFO - Sync 1 DAGs
[2026-08-24T14:16:29.352+0000] {logging_mixin.py:188} INFO - [2026-08-24T14:16:29.351+0000] {dag.py:3954} INFO - Setting next_dagrun for example_complex to None, run_after=None
[2026-08-24T14:16:29.379+0000] {processor.py:183} INFO - Processing /home/airflow/.local/lib/python3.12/site-packages/airflow/example_dags/example_complex.py took 0.124 seconds
[2026-08-24T14:16:59.880+0000] {processor.py:161} INFO - Started process (PID=522) to work on /home/airflow/.local/lib/python3.12/site-packages/airflow/example_dags/example_complex.py
[2026-08-24T14:16:59.882+0000] {processor.py:830} INFO - Processing file /home/airflow/.local/lib/python3.12/site-packages/airflow/example_dags/example_complex.py for tasks to queue
[2026-08-24T14:16:59.884+0000] {logging_mixin.py:188} INFO - [2026-08-24T14:16:59.884+0000] {dagbag.py:545} INFO - Filling up the DagBag from /home/airflow/.local/lib/python3.12/site-packages/airflow/example_dags/example_complex.py
[2026-08-24T14:16:59.898+0000] {processor.py:840} INFO - DAG(s) 'example_complex' retrieved from /home/airflow/.local/lib/python3.12/site-packages/airflow/example_dags/example_complex.py
[2026-08-24T14:16:59.945+0000] {logging_mixin.py:188} INFO - [2026-08-24T14:16:59.945+0000] {dag.py:3096} INFO - Sync 1 DAGs
[2026-08-24T14:16:59.961+0000] {logging_mixin.py:188} INFO - [2026-08-24T14:16:59.961+0000] {dag.py:3954} INFO - Setting next_dagrun for example_complex to None, run_after=None
[2026-08-24T14:16:59.988+0000] {processor.py:183} INFO - Processing /home/airflow/.local/lib/python3.12/site-packages/airflow/example_dags/example_complex.py took 0.115 seconds
[2026-08-24T14:17:30.585+0000] {processor.py:161} INFO - Started process (PID=581) to work on /home/airflow/.local/lib/python3.12/site-packages/airflow/example_dags/example_complex.py
[2026-08-24T14:17:30.586+0000] {processor.py:830} INFO - Processing file /home/airflow/.local/lib/python3.12/site-packages/airflow/example_dags/example_complex.py for tasks to queue
[2026-08-24T14:17:30.589+0000] {logging_mixin.py:188} INFO - [2026-08-24T14:17:30.588+0000] {dagbag.py:545} INFO - Filling up the DagBag from /home/airflow/.local/lib/python3.12/site-packages/airflow/example_dags/example_complex.py
[2026-08-24T14:17:30.606+0000] {processor.py:840} INFO - DAG(s) 'example_complex' retrieved from /home/airflow/.local/lib/python3.12/site-packages/airflow/example_dags/example_complex.py
[2026-08-24T14:17:30.704+0000] {logging_mixin.py:188} INFO - [2026-08-24T14:17:30.704+0000] {dag.py:3096} INFO - Sync 1 DAGs
[2026-08-24T14:17:30.741+0000] {logging_mixin.py:188} INFO - [2026-08-24T14:17:30.741+0000] {dag.py:3954} INFO - Setting next_dagrun for example_complex to None, run_after=None
[2026-08-24T14:17:30.786+0000] {processor.py:183} INFO - Processing /home/airflow/.local/lib/python3.12/site-packages/airflow/example_dags/example_complex.py took 0.209 seconds
[2026-08-24T14:18:01.517+0000] {processor.py:161} INFO - Started process (PID=640) to work on /home/airflow/.local/lib/python3.12/site-packages/airflow/example_dags/example_complex.py
[2026-08-24T14:18:01.518+0000] {processor.py:830} INFO - Processing file /home/airflow/.local/lib/python3.12/site-packages/airflow/example_dags/example_complex.py for tasks to queue
[2026-08-24T14:18:01.521+0000] {logging_mixin.py:188} INFO - [2026-08-24T14:18:01.521+0000] {dagbag.py:545} INFO - Filling up the DagBag from /home/airflow/.local/lib/python3.12/site-packages/airflow/example_dags/example_complex.py
[2026-08-24T14:18:01.537+0000] {processor.py:840} INFO - DAG(s) 'example_complex' retrieved from /home/airflow/.local/lib/python3.12/site-packages/airflow/example_dags/example_complex.py
[2026-08-24T14:18:01.585+0000] {logging_mixin.py:188} INFO - [2026-08-24T14:18:01.585+0000] {dag.py:3096} INFO - Sync 1 DAGs
[2026-08-24T14:18:01.605+0000] {logging_mixin.py:188} INFO - [2026-08-24T14:18:01.605+0000] {dag.py:3954} INFO - Setting next_dagrun for example_complex to None, run_after=None
[2026-08-24T14:18:01.636+0000] {processor.py:183} INFO - Processing /home/airflow/.local/lib/python3.12/site-packages/airflow/example_dags/example_complex.py took 0.127 seconds
[2026-08-24T14:18:32.916+0000] {processor.py:161} INFO - Started process (PID=700) to work on /home/airflow/.local/lib/python3.12/site-packages/airflow/example_dags/example_complex.py
[2026-08-24T14:18:32.918+0000] {processor.py:830} INFO - Processing file /home/airflow/.local/lib/python3.12/site-packages/airflow/example_dags/example_complex.py for tasks to queue
[2026-08-24T14:18:32.922+0000] {logging_mixin.py:188} INFO - [2026-08-24T14:18:32.921+0000] {dagbag.py:545} INFO - Filling up the DagBag from /home/airflow/.local/lib/python3.12/site-packages/airflow/example_dags/example_complex.py
[2026-08-24T14:18:32.937+0000] {processor.py:840} INFO - DAG(s) 'example_complex' retrieved from /home/airflow/.local/lib/python3.12/site-packages/airflow/example_dags/example_complex.py
[2026-08-24T14:18:32.985+0000] {logging_mixin.py:188} INFO - [2026-08-24T14:18:32.984+0000] {dag.py:3096} INFO - Sync 1 DAGs
[2026-08-24T14:18:33.004+0000] {logging_mixin.py:188} INFO - [2026-08-24T14:18:33.004+0000] {dag.py:3954} INFO - Setting next_dagrun for example_complex to None, run_after=None
[2026-08-24T14:18:33.032+0000] {processor.py:183} INFO - Processing /home/airflow/.local/lib/python3.12/site-packages/airflow/example_dags/example_complex.py took 0.126 seconds
[2026-08-24T14:19:03.310+0000] {processor.py:161} INFO - Started process (PID=759) to work on /home/airflow/.local/lib/python3.12/site-packages/airflow/example_dags/example_complex.py
[2026-08-24T14:19:03.312+0000] {processor.py:830} INFO - Processing file /home/airflow/.local/lib/python3.12/site-packages/airflow/example_dags/example_complex.py for tasks to queue
[2026-08-24T14:19:03.315+0000] {logging_mixin.py:188} INFO - [2026-08-24T14:19:03.315+0000] {dagbag.py:545} INFO - Filling up the DagBag from /home/airflow/.local/lib/python3.12/site-packages/airflow/example_dags/example_complex.py
[2026-08-24T14:19:03.335+0000] {processor.py:840} INFO - DAG(s) 'example_complex' retrieved from /home/airflow/.local/lib/python3.12/site-packages/airflow/example_dags/example_complex.py
[2026-08-24T14:19:03.386+0000] {logging_mixin.py:188} INFO - [2026-08-24T14:19:03.386+0000] {dag.py:3096} INFO - Sync 1 DAGs
[2026-08-24T14:19:03.408+0000] {logging_mixin.py:188} INFO - [2026-08-24T14:19:03.408+0000] {dag.py:3954} INFO - Setting next_dagrun for example_complex to None, run_after=None
[2026-08-24T14:19:03.444+0000] {processor.py:183} INFO - Processing /home/airflow/.local/lib/python3.12/site-packages/airflow/example_dags/example_complex.py took 0.149 seconds
[2026-08-24T14:19:33.893+0000] {processor.py:161} INFO - Started process (PID=818) to work on /home/airflow/.local/lib/python3.12/site-packages/airflow/example_dags/example_complex.py
[2026-08-24T14:19:33.895+0000] {processor.py:830} INFO - Processing file /home/airflow/.local/lib/python3.12/site-packages/airflow/example_dags/example_complex.py for tasks to queue
[2026-08-24T14:19:33.897+0000] {logging_mixin.py:188} INFO - [2026-08-24T14:19:33.897+0000] {dagbag.py:545} INFO - Filling up the DagBag from /home/airflow/.local/lib/python3.12/site-packages/airflow/example_dags/example_complex.py
[2026-08-24T14:19:33.912+0000] {processor.py:840} INFO - DAG(s) 'example_complex' retrieved from /home/airflow/.local/lib/python3.12/site-packages/airflow/example_dags/example_complex.py
[2026-08-24T14:19:33.966+0000] {logging_mixin.py:188} INFO - [2026-08-24T14:19:33.965+0000] {dag.py:3096} INFO - Sync 1 DAGs
[2026-08-24T14:19:33.983+0000] {logging_mixin.py:188} INFO - [2026-08-24T14:19:33.983+0000] {dag.py:3954} INFO - Setting next_dagrun for example_complex to None, run_after=None
[2026-08-24T14:19:34.006+0000] {processor.py:183} INFO - Processing /home/airflow/.local/lib/python3.12/site-packages/airflow/example_dags/example_complex.py took 0.121 seconds
[2026-08-24T14:20:04.613+0000] {processor.py:161} INFO - Started process (PID=878) to work on /home/airflow/.local/lib/python3.12/site-packages/airflow/example_dags/example_complex.py
[2026-08-24T14:20:04.614+0000] {processor.py:830} INFO - Processing file /home/airflow/.local/lib/python3.12/site-packages/airflow/example_dags/example_complex.py for tasks to queue
[2026-08-24T14:20:04.617+0000] {logging_mixin.py:188} INFO - [2026-08-24T14:20:04.616+0000] {dagbag.py:545} INFO - Filling up the DagBag from /home/airflow/.local/lib/python3.12/site-packages/airflow/example_dags/example_complex.py
[2026-08-24T14:20:04.630+0000] {processor.py:840} INFO - DAG(s) 'example_complex' retrieved from /home/airflow/.local/lib/python3.12/site-packages/airflow/example_dags/example_complex.py
[2026-08-24T14:20:04.673+0000] {logging_mixin.py:188} INFO - [2026-08-24T14:20:04.673+0000] {dag.py:3096} INFO - Sync 1 DAGs
[2026-08-24T14:20:04.691+0000] {logging_mixin.py:188} INFO - [2026-08-24T14:20:04.691+0000] {dag.py:3954} INFO - Setting next_dagrun for example_complex to None, run_after=None
[2026-08-24T14:20:04.714+0000] {processor.py:183} INFO - Processing /home/airflow/.local/lib/python3.12/site-packages/airflow/example_dags/example_complex.py took 0.110 seconds
[2026-08-24T14:22:16.271+0000] {processor.py:161} INFO - Started process (PID=109) to work on /home/airflow/.local/lib/python3.12/site-packages/airflow/example_dags/example_complex.py
[2026-08-24T14:22:16.272+0000] {processor.py:830} INFO - Processing file /home/airflow/.local/lib/python3.12/site-packages/airflow/example_dags/example_complex.py for tasks to queue
[2026-08-24T14:22:16.274+0000] {logging_mixin.py:188} INFO - [2026-08-24T14:22:16.274+0000] {dagbag.py:545} INFO - Filling up the DagBag from /home/airflow/.local/lib/python3.12/site-packages/airflow/example_dags/example_complex.py
[2026-08-24T14:22:16.299+0000] {processor.py:840} INFO - DAG(s) 'example_complex' retrieved from /home/airflow/.local/lib/python3.12/site-packages/airflow/example_dags/example_complex.py
[2026-08-24T14:22:16.465+0000] {logging_mixin.py:188} INFO - [2026-08-24T14:22:16.465+0000] {dag.py:3096} INFO - Sync 1 DAGs
[2026-08-24T14:22:16.483+0000] {logging_mixin.py:188} INFO - [2026-08-24T14:22:16.482+0000] {dag.py:3954} INFO - Setting next_dagrun for example_complex to None, run_after=None
[2026-08-24T14:22:16.508+0000] {processor.py:183} INFO - Processing /home/airflow/.local/lib/python3.12/site-packages/airflow/example_dags/example_complex.py took 0.245 seconds
[2026-08-24T14:23:00.748+0000] {processor.py:161} INFO - Started process (PID=88) to work on /home/airflow/.local/lib/python3.12/site-packages/airflow/example_dags/example_complex.py
[2026-08-24T14:23:00.750+0000] {processor.py:830} INFO - Processing file /home/airflow/.local/lib/python3.12/site-packages/airflow/example_dags/example_complex.py for tasks to queue
[2026-08-24T14:23:00.753+0000] {logging_mixin.py:188} INFO - [2026-08-24T14:23:00.752+0000] {dagbag.py:545} INFO - Filling up the DagBag from /home/airflow/.local/lib/python3.12/site-packages/airflow/example_dags/example_complex.py
[2026-08-24T14:23:00.771+0000] {processor.py:840} INFO - DAG(s) 'example_complex' retrieved from /home/airflow/.local/lib/python3.12/site-packages/airflow/example_dags/example_complex.py
[2026-08-24T14:23:00.825+0000] {logging_mixin.py:188} INFO - [2026-08-24T14:23:00.824+0000] {dag.py:3096} INFO - Sync 1 DAGs
[2026-08-24T14:23:00.844+0000] {logging_mixin.py:188} INFO - [2026-08-24T14:23:00.844+0000] {dag.py:3954} INFO - Setting next_dagrun for example_complex to None, run_after=None
[2026-08-24T14:23:00.871+0000] {processor.py:183} INFO - Processing /home/airflow/.local/lib/python3.12/site-packages/airflow/example_dags/example_complex.py took 0.130 seconds
[2026-08-24T14:23:31.500+0000] {processor.py:161} INFO - Started process (PID=148) to work on /home/airflow/.local/lib/python3.12/site-packages/airflow/example_dags/example_complex.py
[2026-08-24T14:23:31.501+0000] {processor.py:830} INFO - Processing file /home/airflow/.local/lib/python3.12/site-packages/airflow/example_dags/example_complex.py for tasks to queue
[2026-08-24T14:23:31.504+0000] {logging_mixin.py:188} INFO - [2026-08-24T14:23:31.503+0000] {dagbag.py:545} INFO - Filling up the DagBag from /home/airflow/.local/lib/python3.12/site-packages/airflow/example_dags/example_complex.py
[2026-08-24T14:23:31.518+0000] {processor.py:840} INFO - DAG(s) 'example_complex' retrieved from /home/airflow/.local/lib/python3.12/site-packages/airflow/example_dags/example_complex.py
[2026-08-24T14:23:31.562+0000] {logging_mixin.py:188} INFO - [2026-08-24T14:23:31.561+0000] {dag.py:3096} INFO - Sync 1 DAGs
[2026-08-24T14:23:31.579+0000] {logging_mixin.py:188} INFO - [2026-08-24T14:23:31.579+0000] {dag.py:3954} INFO - Setting next_dagrun for example_complex to None, run_after=None
[2026-08-24T14:23:31.614+0000] {processor.py:183} INFO - Processing /home/airflow/.local/lib/python3.12/site-packages/airflow/example_dags/example_complex.py took 0.122 seconds
[2026-08-24T14:24:04.103+0000] {processor.py:161} INFO - Started process (PID=214) to work on /home/airflow/.local/lib/python3.12/site-packages/airflow/example_dags/example_complex.py
[2026-08-24T14:24:04.104+0000] {processor.py:830} INFO - Processing file /home/airflow/.local/lib/python3.12/site-packages/airflow/example_dags/example_complex.py for tasks to queue
[2026-08-24T14:24:04.107+0000] {logging_mixin.py:188} INFO - [2026-08-24T14:24:04.106+0000] {dagbag.py:545} INFO - Filling up the DagBag from /home/airflow/.local/lib/python3.12/site-packages/airflow/example_dags/example_complex.py
[2026-08-24T14:24:04.121+0000] {processor.py:840} INFO - DAG(s) 'example_complex' retrieved from /home/airflow/.local/lib/python3.12/site-packages/airflow/example_dags/example_complex.py
[2026-08-24T14:24:04.163+0000] {logging_mixin.py:188} INFO - [2026-08-24T14:24:04.163+0000] {dag.py:3096} INFO - Sync 1 DAGs
[2026-08-24T14:24:04.184+0000] {logging_mixin.py:188} INFO - [2026-08-24T14:24:04.184+0000] {dag.py:3954} INFO - Setting next_dagrun for example_complex to None, run_after=None
[2026-08-24T14:24:04.218+0000] {processor.py:183} INFO - Processing /home/airflow/.local/lib/python3.12/site-packages/airflow/example_dags/example_complex.py took 0.123 seconds
[2026-08-24T14:24:35.186+0000] {processor.py:161} INFO - Started process (PID=274) to work on /home/airflow/.local/lib/python3.12/site-packages/airflow/example_dags/example_complex.py
[2026-08-24T14:24:35.187+0000] {processor.py:830} INFO - Processing file /home/airflow/.local/lib/python3.12/site-packages/airflow/example_dags/example_complex.py for tasks to queue
[2026-08-24T14:24:35.190+0000] {logging_mixin.py:188} INFO - [2026-08-24T14:24:35.189+0000] {dagbag.py:545} INFO - Filling up the DagBag from /home/airflow/.local/lib/python3.12/site-packages/airflow/example_dags/example_complex.py
[2026-08-24T14:24:35.203+0000] {processor.py:840} INFO - DAG(s) 'example_complex' retrieved from /home/airflow/.local/lib/python3.12/site-packages/airflow/example_dags/example_complex.py
[2026-08-24T14:24:35.243+0000] {logging_mixin.py:188} INFO - [2026-08-24T14:24:35.242+0000] {dag.py:3096} INFO - Sync 1 DAGs
[2026-08-24T14:24:35.259+0000] {logging_mixin.py:188} INFO - [2026-08-24T14:24:35.259+0000] {dag.py:3954} INFO - Setting next_dagrun for example_complex to None, run_after=None
[2026-08-24T14:24:35.284+0000] {processor.py:183} INFO - Processing /home/airflow/.local/lib/python3.12/site-packages/airflow/example_dags/example_complex.py took 0.108 seconds
[2026-08-24T14:25:05.988+0000] {processor.py:161} INFO - Started process (PID=334) to work on /home/airflow/.local/lib/python3.12/site-packages/airflow/example_dags/example_complex.py
[2026-08-24T14:25:05.990+0000] {processor.py:830} INFO - Processing file /home/airflow/.local/lib/python3.12/site-packages/airflow/example_dags/example_complex.py for tasks to queue
[2026-08-24T14:25:05.994+0000] {logging_mixin.py:188} INFO - [2026-08-24T14:25:05.994+0000] {dagbag.py:545} INFO - Filling up the DagBag from /home/airflow/.local/lib/python3.12/site-packages/airflow/example_dags/example_complex.py
[2026-08-24T14:25:06.015+0000] {processor.py:840} INFO - DAG(s) 'example_complex' retrieved from /home/airflow/.local/lib/python3.12/site-packages/airflow/example_dags/example_complex.py
[2026-08-24T14:25:06.062+0000] {logging_mixin.py:188} INFO - [2026-08-24T14:25:06.062+0000] {dag.py:3096} INFO - Sync 1 DAGs
[2026-08-24T14:25:06.078+0000] {logging_mixin.py:188} INFO - [2026-08-24T14:25:06.078+0000] {dag.py:3954} INFO - Setting next_dagrun for example_complex to None, run_after=None
[2026-08-24T14:25:06.103+0000] {processor.py:183} INFO - Processing /home/airflow/.local/lib/python3.12/site-packages/airflow/example_dags/example_complex.py took 0.125 seconds
[2026-08-24T14:25:36.944+0000] {processor.py:161} INFO - Started process (PID=394) to work on /home/airflow/.local/lib/python3.12/site-packages/airflow/example_dags/example_complex.py
[2026-08-24T14:25:36.946+0000] {processor.py:830} INFO - Processing file /home/airflow/.local/lib/python3.12/site-packages/airflow/example_dags/example_complex.py for tasks to queue
[2026-08-24T14:25:36.948+0000] {logging_mixin.py:188} INFO - [2026-08-24T14:25:36.948+0000] {dagbag.py:545} INFO - Filling up the DagBag from /home/airflow/.local/lib/python3.12/site-packages/airflow/example_dags/example_complex.py
[2026-08-24T14:25:36.962+0000] {processor.py:840} INFO - DAG(s) 'example_complex' retrieved from /home/airflow/.local/lib/python3.12/site-packages/airflow/example_dags/example_complex.py
[2026-08-24T14:25:37.007+0000] {logging_mixin.py:188} INFO - [2026-08-24T14:25:37.007+0000] {dag.py:3096} INFO - Sync 1 DAGs
[2026-08-24T14:25:37.026+0000] {logging_mixin.py:188} INFO - [2026-08-24T14:25:37.025+0000] {dag.py:3954} INFO - Setting next_dagrun for example_complex to None, run_after=None
[2026-08-24T14:25:37.051+0000] {processor.py:183} INFO - Processing /home/airflow/.local/lib/python3.12/site-packages/airflow/example_dags/example_complex.py took 0.116 seconds
[2026-08-24T14:26:07.118+0000] {processor.py:161} INFO - Started process (PID=452) to work on /home/airflow/.local/lib/python3.12/site-packages/airflow/example_dags/example_complex.py
[2026-08-24T14:26:07.120+0000] {processor.py:830} INFO - Processing file /home/airflow/.local/lib/python3.12/site-packages/airflow/example_dags/example_complex.py for tasks to queue
[2026-08-24T14:26:07.123+0000] {logging_mixin.py:188} INFO - [2026-08-24T14:26:07.122+0000] {dagbag.py:545} INFO - Filling up the DagBag from /home/airflow/.local/lib/python3.12/site-packages/airflow/example_dags/example_complex.py
[2026-08-24T14:26:07.136+0000] {processor.py:840} INFO - DAG(s) 'example_complex' retrieved from /home/airflow/.local/lib/python3.12/site-packages/airflow/example_dags/example_complex.py
[2026-08-24T14:26:07.178+0000] {logging_mixin.py:188} INFO - [2026-08-24T14:26:07.178+0000] {dag.py:3096} INFO - Sync 1 DAGs
[2026-08-24T14:26:07.196+0000] {logging_mixin.py:188} INFO - [2026-08-24T14:26:07.196+0000] {dag.py:3954} INFO - Setting next_dagrun for example_complex to None, run_after=None
[2026-08-24T14:26:07.221+0000] {processor.py:183} INFO - Processing /home/airflow/.local/lib/python3.12/site-packages/airflow/example_dags/example_complex.py took 0.110 seconds
[2026-08-24T14:26:37.429+0000] {processor.py:161} INFO - Started process (PID=512) to work on /home/airflow/.local/lib/python3.12/site-packages/airflow/example_dags/example_complex.py
[2026-08-24T14:26:37.430+0000] {processor.py:830} INFO - Processing file /home/airflow/.local/lib/python3.12/site-packages/airflow/example_dags/example_complex.py for tasks to queue
[2026-08-24T14:26:37.433+0000] {logging_mixin.py:188} INFO - [2026-08-24T14:26:37.432+0000] {dagbag.py:545} INFO - Filling up the DagBag from /home/airflow/.local/lib/python3.12/site-packages/airflow/example_dags/example_complex.py
[2026-08-24T14:26:37.446+0000] {processor.py:840} INFO - DAG(s) 'example_complex' retrieved from /home/airflow/.local/lib/python3.12/site-packages/airflow/example_dags/example_complex.py
[2026-08-24T14:26:37.492+0000] {logging_mixin.py:188} INFO - [2026-08-24T14:26:37.491+0000] {dag.py:3096} INFO - Sync 1 DAGs
[2026-08-24T14:26:37.509+0000] {logging_mixin.py:188} INFO - [2026-08-24T14:26:37.509+0000] {dag.py:3954} INFO - Setting next_dagrun for example_complex to None, run_after=None
[2026-08-24T14:26:37.534+0000] {processor.py:183} INFO - Processing /home/airflow/.local/lib/python3.12/site-packages/airflow/example_dags/example_complex.py took 0.113 seconds
[2026-08-24T14:27:08.093+0000] {processor.py:161} INFO - Started process (PID=572) to work on /home/airflow/.local/lib/python3.12/site-packages/airflow/example_dags/example_complex.py
[2026-08-24T14:27:08.094+0000] {processor.py:830} INFO - Processing file /home/airflow/.local/lib/python3.12/site-packages/airflow/example_dags/example_complex.py for tasks to queue
[2026-08-24T14:27:08.098+0000] {logging_mixin.py:188} INFO - [2026-08-24T14:27:08.097+0000] {dagbag.py:545} INFO - Filling up the DagBag from /home/airflow/.local/lib/python3.12/site-packages/airflow/example_dags/example_complex.py
[2026-08-24T14:27:08.113+0000] {processor.py:840} INFO - DAG(s) 'example_complex' retrieved from /home/airflow/.local/lib/python3.12/site-packages/airflow/example_dags/example_complex.py
[2026-08-24T14:27:08.160+0000] {logging_mixin.py:188} INFO - [2026-08-24T14:27:08.159+0000] {dag.py:3096} INFO - Sync 1 DAGs
[2026-08-24T14:27:08.176+0000] {logging_mixin.py:188} INFO - [2026-08-24T14:27:08.176+0000] {dag.py:3954} INFO - Setting next_dagrun for example_complex to None, run_after=None
[2026-08-24T14:27:08.204+0000] {processor.py:183} INFO - Processing /home/airflow/.local/lib/python3.12/site-packages/airflow/example_dags/example_complex.py took 0.120 seconds
[2026-08-24T14:27:38.509+0000] {processor.py:161} INFO - Started process (PID=632) to work on /home/airflow/.local/lib/python3.12/site-packages/airflow/example_dags/example_complex.py
[2026-08-24T14:27:38.510+0000] {processor.py:830} INFO - Processing file /home/airflow/.local/lib/python3.12/site-packages/airflow/example_dags/example_complex.py for tasks to queue
[2026-08-24T14:27:38.514+0000] {logging_mixin.py:188} INFO - [2026-08-24T14:27:38.513+0000] {dagbag.py:545} INFO - Filling up the DagBag from /home/airflow/.local/lib/python3.12/site-packages/airflow/example_dags/example_complex.py
[2026-08-24T14:27:38.526+0000] {processor.py:840} INFO - DAG(s) 'example_complex' retrieved from /home/airflow/.local/lib/python3.12/site-packages/airflow/example_dags/example_complex.py
[2026-08-24T14:27:38.570+0000] {logging_mixin.py:188} INFO - [2026-08-24T14:27:38.569+0000] {dag.py:3096} INFO - Sync 1 DAGs
[2026-08-24T14:27:38.586+0000] {logging_mixin.py:188} INFO - [2026-08-24T14:27:38.585+0000] {dag.py:3954} INFO - Setting next_dagrun for example_complex to None, run_after=None
[2026-08-24T14:27:38.613+0000] {processor.py:183} INFO - Processing /home/airflow/.local/lib/python3.12/site-packages/airflow/example_dags/example_complex.py took 0.112 seconds
[2026-08-24T14:28:08.683+0000] {processor.py:161} INFO - Started process (PID=691) to work on /home/airflow/.local/lib/python3.12/site-packages/airflow/example_dags/example_complex.py
[2026-08-24T14:28:08.684+0000] {processor.py:830} INFO - Processing file /home/airflow/.local/lib/python3.12/site-packages/airflow/example_dags/example_complex.py for tasks to queue
[2026-08-24T14:28:08.687+0000] {logging_mixin.py:188} INFO - [2026-08-24T14:28:08.687+0000] {dagbag.py:545} INFO - Filling up the DagBag from /home/airflow/.local/lib/python3.12/site-packages/airflow/example_dags/example_complex.py
[2026-08-24T14:28:08.700+0000] {processor.py:840} INFO - DAG(s) 'example_complex' retrieved from /home/airflow/.local/lib/python3.12/site-packages/airflow/example_dags/example_complex.py
[2026-08-24T14:28:08.739+0000] {logging_mixin.py:188} INFO - [2026-08-24T14:28:08.739+0000] {dag.py:3096} INFO - Sync 1 DAGs
[2026-08-24T14:28:08.756+0000] {logging_mixin.py:188} INFO - [2026-08-24T14:28:08.756+0000] {dag.py:3954} INFO - Setting next_dagrun for example_complex to None, run_after=None
[2026-08-24T14:28:08.780+0000] {processor.py:183} INFO - Processing /home/airflow/.local/lib/python3.12/site-packages/airflow/example_dags/example_complex.py took 0.104 seconds
[2026-08-24T14:28:39.012+0000] {processor.py:161} INFO - Started process (PID=751) to work on /home/airflow/.local/lib/python3.12/site-packages/airflow/example_dags/example_complex.py
[2026-08-24T14:28:39.013+0000] {processor.py:830} INFO - Processing file /home/airflow/.local/lib/python3.12/site-packages/airflow/example_dags/example_complex.py for tasks to queue
[2026-08-24T14:28:39.016+0000] {logging_mixin.py:188} INFO - [2026-08-24T14:28:39.015+0000] {dagbag.py:545} INFO - Filling up the DagBag from /home/airflow/.local/lib/python3.12/site-packages/airflow/example_dags/example_complex.py
[2026-08-24T14:28:39.029+0000] {processor.py:840} INFO - DAG(s) 'example_complex' retrieved from /home/airflow/.local/lib/python3.12/site-packages/airflow/example_dags/example_complex.py
[2026-08-24T14:28:39.068+0000] {logging_mixin.py:188} INFO - [2026-08-24T14:28:39.068+0000] {dag.py:3096} INFO - Sync 1 DAGs
[2026-08-24T14:28:39.084+0000] {logging_mixin.py:188} INFO - [2026-08-24T14:28:39.084+0000] {dag.py:3954} INFO - Setting next_dagrun for example_complex to None, run_after=None
[2026-08-24T14:28:39.107+0000] {processor.py:183} INFO - Processing /home/airflow/.local/lib/python3.12/site-packages/airflow/example_dags/example_complex.py took 0.101 seconds
[2026-08-24T14:29:09.728+0000] {processor.py:161} INFO - Started process (PID=811) to work on /home/airflow/.local/lib/python3.12/site-packages/airflow/example_dags/example_complex.py
[2026-08-24T14:29:09.730+0000] {processor.py:830} INFO - Processing file /home/airflow/.local/lib/python3.12/site-packages/airflow/example_dags/example_complex.py for tasks to queue
[2026-08-24T14:29:09.740+0000] {logging_mixin.py:188} INFO - [2026-08-24T14:29:09.739+0000] {dagbag.py:545} INFO - Filling up the DagBag from /home/airflow/.local/lib/python3.12/site-packages/airflow/example_dags/example_complex.py
[2026-08-24T14:29:09.769+0000] {processor.py:840} INFO - DAG(s) 'example_complex' retrieved from /home/airflow/.local/lib/python3.12/site-packages/airflow/example_dags/example_complex.py
[2026-08-24T14:29:09.840+0000] {logging_mixin.py:188} INFO - [2026-08-24T14:29:09.839+0000] {dag.py:3096} INFO - Sync 1 DAGs
[2026-08-24T14:29:09.862+0000] {logging_mixin.py:188} INFO - [2026-08-24T14:29:09.862+0000] {dag.py:3954} INFO - Setting next_dagrun for example_complex to None, run_after=None
[2026-08-24T14:29:09.895+0000] {processor.py:183} INFO - Processing /home/airflow/.local/lib/python3.12/site-packages/airflow/example_dags/example_complex.py took 0.178 seconds
[2026-08-24T14:29:40.203+0000] {processor.py:161} INFO - Started process (PID=872) to work on /home/airflow/.local/lib/python3.12/site-packages/airflow/example_dags/example_complex.py
[2026-08-24T14:29:40.204+0000] {processor.py:830} INFO - Processing file /home/airflow/.local/lib/python3.12/site-packages/airflow/example_dags/example_complex.py for tasks to queue
[2026-08-24T14:29:40.207+0000] {logging_mixin.py:188} INFO - [2026-08-24T14:29:40.207+0000] {dagbag.py:545} INFO - Filling up the DagBag from /home/airflow/.local/lib/python3.12/site-packages/airflow/example_dags/example_complex.py
[2026-08-24T14:29:40.223+0000] {processor.py:840} INFO - DAG(s) 'example_complex' retrieved from /home/airflow/.local/lib/python3.12/site-packages/airflow/example_dags/example_complex.py
[2026-08-24T14:29:40.268+0000] {logging_mixin.py:188} INFO - [2026-08-24T14:29:40.268+0000] {dag.py:3096} INFO - Sync 1 DAGs
[2026-08-24T14:29:40.290+0000] {logging_mixin.py:188} INFO - [2026-08-24T14:29:40.289+0000] {dag.py:3954} INFO - Setting next_dagrun for example_complex to None, run_after=None
[2026-08-24T14:29:40.321+0000] {processor.py:183} INFO - Processing /home/airflow/.local/lib/python3.12/site-packages/airflow/example_dags/example_complex.py took 0.125 seconds
[2026-08-24T14:30:10.425+0000] {processor.py:161} INFO - Started process (PID=932) to work on /home/airflow/.local/lib/python3.12/site-packages/airflow/example_dags/example_complex.py
[2026-08-24T14:30:10.426+0000] {processor.py:830} INFO - Processing file /home/airflow/.local/lib/python3.12/site-packages/airflow/example_dags/example_complex.py for tasks to queue
[2026-08-24T14:30:10.429+0000] {logging_mixin.py:188} INFO - [2026-08-24T14:30:10.429+0000] {dagbag.py:545} INFO - Filling up the DagBag from /home/airflow/.local/lib/python3.12/site-packages/airflow/example_dags/example_complex.py
[2026-08-24T14:30:10.443+0000] {processor.py:840} INFO - DAG(s) 'example_complex' retrieved from /home/airflow/.local/lib/python3.12/site-packages/airflow/example_dags/example_complex.py
[2026-08-24T14:30:10.489+0000] {logging_mixin.py:188} INFO - [2026-08-24T14:30:10.489+0000] {dag.py:3096} INFO - Sync 1 DAGs
[2026-08-24T14:30:10.506+0000] {logging_mixin.py:188} INFO - [2026-08-24T14:30:10.506+0000] {dag.py:3954} INFO - Setting next_dagrun for example_complex to None, run_after=None
[2026-08-24T14:30:10.533+0000] {processor.py:183} INFO - Processing /home/airflow/.local/lib/python3.12/site-packages/airflow/example_dags/example_complex.py took 0.117 seconds
[2026-08-24T14:30:41.435+0000] {processor.py:161} INFO - Started process (PID=993) to work on /home/airflow/.local/lib/python3.12/site-packages/airflow/example_dags/example_complex.py
[2026-08-24T14:30:41.436+0000] {processor.py:830} INFO - Processing file /home/airflow/.local/lib/python3.12/site-packages/airflow/example_dags/example_complex.py for tasks to queue
[2026-08-24T14:30:41.438+0000] {logging_mixin.py:188} INFO - [2026-08-24T14:30:41.438+0000] {dagbag.py:545} INFO - Filling up the DagBag from /home/airflow/.local/lib/python3.12/site-packages/airflow/example_dags/example_complex.py
[2026-08-24T14:30:41.451+0000] {processor.py:840} INFO - DAG(s) 'example_complex' retrieved from /home/airflow/.local/lib/python3.12/site-packages/airflow/example_dags/example_complex.py
[2026-08-24T14:30:41.488+0000] {logging_mixin.py:188} INFO - [2026-08-24T14:30:41.488+0000] {dag.py:3096} INFO - Sync 1 DAGs
[2026-08-24T14:30:41.503+0000] {logging_mixin.py:188} INFO - [2026-08-24T14:30:41.503+0000] {dag.py:3954} INFO - Setting next_dagrun for example_complex to None, run_after=None
[2026-08-24T14:30:41.527+0000] {processor.py:183} INFO - Processing /home/airflow/.local/lib/python3.12/site-packages/airflow/example_dags/example_complex.py took 0.099 seconds
[2026-08-24T14:31:12.151+0000] {processor.py:161} INFO - Started process (PID=1053) to work on /home/airflow/.local/lib/python3.12/site-packages/airflow/example_dags/example_complex.py
[2026-08-24T14:31:12.152+0000] {processor.py:830} INFO - Processing file /home/airflow/.local/lib/python3.12/site-packages/airflow/example_dags/example_complex.py for tasks to queue
[2026-08-24T14:31:12.155+0000] {logging_mixin.py:188} INFO - [2026-08-24T14:31:12.154+0000] {dagbag.py:545} INFO - Filling up the DagBag from /home/airflow/.local/lib/python3.12/site-packages/airflow/example_dags/example_complex.py
[2026-08-24T14:31:12.168+0000] {processor.py:840} INFO - DAG(s) 'example_complex' retrieved from /home/airflow/.local/lib/python3.12/site-packages/airflow/example_dags/example_complex.py
[2026-08-24T14:31:12.208+0000] {logging_mixin.py:188} INFO - [2026-08-24T14:31:12.208+0000] {dag.py:3096} INFO - Sync 1 DAGs
[2026-08-24T14:31:12.225+0000] {logging_mixin.py:188} INFO - [2026-08-24T14:31:12.224+0000] {dag.py:3954} INFO - Setting next_dagrun for example_complex to None, run_after=None
[2026-08-24T14:31:12.249+0000] {processor.py:183} INFO - Processing /home/airflow/.local/lib/python3.12/site-packages/airflow/example_dags/example_complex.py took 0.105 seconds
[2026-08-24T14:35:24.340+0000] {processor.py:161} INFO - Started process (PID=111) to work on /home/airflow/.local/lib/python3.12/site-packages/airflow/example_dags/example_complex.py
[2026-08-24T14:35:24.342+0000] {processor.py:830} INFO - Processing file /home/airflow/.local/lib/python3.12/site-packages/airflow/example_dags/example_complex.py for tasks to queue
[2026-08-24T14:35:24.345+0000] {logging_mixin.py:188} INFO - [2026-08-24T14:35:24.344+0000] {dagbag.py:545} INFO - Filling up the DagBag from /home/airflow/.local/lib/python3.12/site-packages/airflow/example_dags/example_complex.py
[2026-08-24T14:35:24.371+0000] {processor.py:840} INFO - DAG(s) 'example_complex' retrieved from /home/airflow/.local/lib/python3.12/site-packages/airflow/example_dags/example_complex.py
[2026-08-24T14:35:24.589+0000] {logging_mixin.py:188} INFO - [2026-08-24T14:35:24.589+0000] {dag.py:3096} INFO - Sync 1 DAGs
[2026-08-24T14:35:24.604+0000] {logging_mixin.py:188} INFO - [2026-08-24T14:35:24.604+0000] {dag.py:3954} INFO - Setting next_dagrun for example_complex to None, run_after=None
[2026-08-24T14:35:24.633+0000] {processor.py:183} INFO - Processing /home/airflow/.local/lib/python3.12/site-packages/airflow/example_dags/example_complex.py took 0.304 seconds
[2026-08-24T14:35:55.120+0000] {processor.py:161} INFO - Started process (PID=171) to work on /home/airflow/.local/lib/python3.12/site-packages/airflow/example_dags/example_complex.py
[2026-08-24T14:35:55.121+0000] {processor.py:830} INFO - Processing file /home/airflow/.local/lib/python3.12/site-packages/airflow/example_dags/example_complex.py for tasks to queue
[2026-08-24T14:35:55.123+0000] {logging_mixin.py:188} INFO - [2026-08-24T14:35:55.123+0000] {dagbag.py:545} INFO - Filling up the DagBag from /home/airflow/.local/lib/python3.12/site-packages/airflow/example_dags/example_complex.py
[2026-08-24T14:35:55.138+0000] {processor.py:840} INFO - DAG(s) 'example_complex' retrieved from /home/airflow/.local/lib/python3.12/site-packages/airflow/example_dags/example_complex.py
[2026-08-24T14:35:55.181+0000] {logging_mixin.py:188} INFO - [2026-08-24T14:35:55.181+0000] {dag.py:3096} INFO - Sync 1 DAGs
[2026-08-24T14:35:55.199+0000] {logging_mixin.py:188} INFO - [2026-08-24T14:35:55.199+0000] {dag.py:3954} INFO - Setting next_dagrun for example_complex to None, run_after=None
[2026-08-24T14:35:55.223+0000] {processor.py:183} INFO - Processing /home/airflow/.local/lib/python3.12/site-packages/airflow/example_dags/example_complex.py took 0.111 seconds
[2026-08-24T14:36:26.360+0000] {processor.py:161} INFO - Started process (PID=231) to work on /home/airflow/.local/lib/python3.12/site-packages/airflow/example_dags/example_complex.py
[2026-08-24T14:36:26.361+0000] {processor.py:830} INFO - Processing file /home/airflow/.local/lib/python3.12/site-packages/airflow/example_dags/example_complex.py for tasks to queue
[2026-08-24T14:36:26.364+0000] {logging_mixin.py:188} INFO - [2026-08-24T14:36:26.363+0000] {dagbag.py:545} INFO - Filling up the DagBag from /home/airflow/.local/lib/python3.12/site-packages/airflow/example_dags/example_complex.py
[2026-08-24T14:36:26.376+0000] {processor.py:840} INFO - DAG(s) 'example_complex' retrieved from /home/airflow/.local/lib/python3.12/site-packages/airflow/example_dags/example_complex.py
[2026-08-24T14:36:26.425+0000] {logging_mixin.py:188} INFO - [2026-08-24T14:36:26.425+0000] {dag.py:3096} INFO - Sync 1 DAGs
[2026-08-24T14:36:26.444+0000] {logging_mixin.py:188} INFO - [2026-08-24T14:36:26.444+0000] {dag.py:3954} INFO - Setting next_dagrun for example_complex to None, run_after=None
[2026-08-24T14:36:26.471+0000] {processor.py:183} INFO - Processing /home/airflow/.local/lib/python3.12/site-packages/airflow/example_dags/example_complex.py took 0.119 seconds
[2026-08-24T14:36:57.177+0000] {processor.py:161} INFO - Started process (PID=291) to work on /home/airflow/.local/lib/python3.12/site-packages/airflow/example_dags/example_complex.py
[2026-08-24T14:36:57.178+0000] {processor.py:830} INFO - Processing file /home/airflow/.local/lib/python3.12/site-packages/airflow/example_dags/example_complex.py for tasks to queue
[2026-08-24T14:36:57.182+0000] {logging_mixin.py:188} INFO - [2026-08-24T14:36:57.181+0000] {dagbag.py:545} INFO - Filling up the DagBag from /home/airflow/.local/lib/python3.12/site-packages/airflow/example_dags/example_complex.py
[2026-08-24T14:36:57.196+0000] {processor.py:840} INFO - DAG(s) 'example_complex' retrieved from /home/airflow/.local/lib/python3.12/site-packages/airflow/example_dags/example_complex.py
[2026-08-24T14:36:57.245+0000] {logging_mixin.py:188} INFO - [2026-08-24T14:36:57.245+0000] {dag.py:3096} INFO - Sync 1 DAGs
[2026-08-24T14:36:57.266+0000] {logging_mixin.py:188} INFO - [2026-08-24T14:36:57.266+0000] {dag.py:3954} INFO - Setting next_dagrun for example_complex to None, run_after=None
[2026-08-24T14:36:57.303+0000] {processor.py:183} INFO - Processing /home/airflow/.local/lib/python3.12/site-packages/airflow/example_dags/example_complex.py took 0.137 seconds
[2026-08-24T14:37:27.508+0000] {processor.py:161} INFO - Started process (PID=350) to work on /home/airflow/.local/lib/python3.12/site-packages/airflow/example_dags/example_complex.py
[2026-08-24T14:37:27.511+0000] {processor.py:830} INFO - Processing file /home/airflow/.local/lib/python3.12/site-packages/airflow/example_dags/example_complex.py for tasks to queue
[2026-08-24T14:37:27.515+0000] {logging_mixin.py:188} INFO - [2026-08-24T14:37:27.514+0000] {dagbag.py:545} INFO - Filling up the DagBag from /home/airflow/.local/lib/python3.12/site-packages/airflow/example_dags/example_complex.py
[2026-08-24T14:37:27.534+0000] {processor.py:840} INFO - DAG(s) 'example_complex' retrieved from /home/airflow/.local/lib/python3.12/site-packages/airflow/example_dags/example_complex.py
[2026-08-24T14:37:27.589+0000] {logging_mixin.py:188} INFO - [2026-08-24T14:37:27.588+0000] {dag.py:3096} INFO - Sync 1 DAGs
[2026-08-24T14:37:27.613+0000] {logging_mixin.py:188} INFO - [2026-08-24T14:37:27.612+0000] {dag.py:3954} INFO - Setting next_dagrun for example_complex to None, run_after=None
[2026-08-24T14:37:27.651+0000] {processor.py:183} INFO - Processing /home/airflow/.local/lib/python3.12/site-packages/airflow/example_dags/example_complex.py took 0.153 seconds
[2026-08-24T14:37:57.850+0000] {processor.py:161} INFO - Started process (PID=410) to work on /home/airflow/.local/lib/python3.12/site-packages/airflow/example_dags/example_complex.py
[2026-08-24T14:37:57.851+0000] {processor.py:830} INFO - Processing file /home/airflow/.local/lib/python3.12/site-packages/airflow/example_dags/example_complex.py for tasks to queue
[2026-08-24T14:37:57.853+0000] {logging_mixin.py:188} INFO - [2026-08-24T14:37:57.853+0000] {dagbag.py:545} INFO - Filling up the DagBag from /home/airflow/.local/lib/python3.12/site-packages/airflow/example_dags/example_complex.py
[2026-08-24T14:37:57.868+0000] {processor.py:840} INFO - DAG(s) 'example_complex' retrieved from /home/airflow/.local/lib/python3.12/site-packages/airflow/example_dags/example_complex.py
[2026-08-24T14:37:57.906+0000] {logging_mixin.py:188} INFO - [2026-08-24T14:37:57.906+0000] {dag.py:3096} INFO - Sync 1 DAGs
[2026-08-24T14:37:57.923+0000] {logging_mixin.py:188} INFO - [2026-08-24T14:37:57.923+0000] {dag.py:3954} INFO - Setting next_dagrun for example_complex to None, run_after=None
[2026-08-24T14:37:57.950+0000] {processor.py:183} INFO - Processing /home/airflow/.local/lib/python3.12/site-packages/airflow/example_dags/example_complex.py took 0.107 seconds
[2026-08-24T14:38:28.256+0000] {processor.py:161} INFO - Started process (PID=471) to work on /home/airflow/.local/lib/python3.12/site-packages/airflow/example_dags/example_complex.py
[2026-08-24T14:38:28.258+0000] {processor.py:830} INFO - Processing file /home/airflow/.local/lib/python3.12/site-packages/airflow/example_dags/example_complex.py for tasks to queue
[2026-08-24T14:38:28.262+0000] {logging_mixin.py:188} INFO - [2026-08-24T14:38:28.261+0000] {dagbag.py:545} INFO - Filling up the DagBag from /home/airflow/.local/lib/python3.12/site-packages/airflow/example_dags/example_complex.py
[2026-08-24T14:38:28.279+0000] {processor.py:840} INFO - DAG(s) 'example_complex' retrieved from /home/airflow/.local/lib/python3.12/site-packages/airflow/example_dags/example_complex.py
[2026-08-24T14:38:28.320+0000] {logging_mixin.py:188} INFO - [2026-08-24T14:38:28.320+0000] {dag.py:3096} INFO - Sync 1 DAGs
[2026-08-24T14:38:28.338+0000] {logging_mixin.py:188} INFO - [2026-08-24T14:38:28.338+0000] {dag.py:3954} INFO - Setting next_dagrun for example_complex to None, run_after=None
[2026-08-24T14:38:28.370+0000] {processor.py:183} INFO - Processing /home/airflow/.local/lib/python3.12/site-packages/airflow/example_dags/example_complex.py took 0.122 seconds
[2026-08-24T14:38:58.674+0000] {processor.py:161} INFO - Started process (PID=531) to work on /home/airflow/.local/lib/python3.12/site-packages/airflow/example_dags/example_complex.py
[2026-08-24T14:38:58.676+0000] {processor.py:830} INFO - Processing file /home/airflow/.local/lib/python3.12/site-packages/airflow/example_dags/example_complex.py for tasks to queue
[2026-08-24T14:38:58.679+0000] {logging_mixin.py:188} INFO - [2026-08-24T14:38:58.679+0000] {dagbag.py:545} INFO - Filling up the DagBag from /home/airflow/.local/lib/python3.12/site-packages/airflow/example_dags/example_complex.py
[2026-08-24T14:38:58.698+0000] {processor.py:840} INFO - DAG(s) 'example_complex' retrieved from /home/airflow/.local/lib/python3.12/site-packages/airflow/example_dags/example_complex.py
[2026-08-24T14:38:58.742+0000] {logging_mixin.py:188} INFO - [2026-08-24T14:38:58.742+0000] {dag.py:3096} INFO - Sync 1 DAGs
[2026-08-24T14:38:58.759+0000] {logging_mixin.py:188} INFO - [2026-08-24T14:38:58.759+0000] {dag.py:3954} INFO - Setting next_dagrun for example_complex to None, run_after=None
[2026-08-24T14:38:58.783+0000] {processor.py:183} INFO - Processing /home/airflow/.local/lib/python3.12/site-packages/airflow/example_dags/example_complex.py took 0.118 seconds
[2026-08-24T14:41:17.132+0000] {processor.py:161} INFO - Started process (PID=116) to work on /home/airflow/.local/lib/python3.12/site-packages/airflow/example_dags/example_complex.py
[2026-08-24T14:41:17.134+0000] {processor.py:830} INFO - Processing file /home/airflow/.local/lib/python3.12/site-packages/airflow/example_dags/example_complex.py for tasks to queue
[2026-08-24T14:41:17.137+0000] {logging_mixin.py:188} INFO - [2026-08-24T14:41:17.136+0000] {dagbag.py:545} INFO - Filling up the DagBag from /home/airflow/.local/lib/python3.12/site-packages/airflow/example_dags/example_complex.py
[2026-08-24T14:41:17.162+0000] {processor.py:840} INFO - DAG(s) 'example_complex' retrieved from /home/airflow/.local/lib/python3.12/site-packages/airflow/example_dags/example_complex.py
[2026-08-24T14:41:17.369+0000] {logging_mixin.py:188} INFO - [2026-08-24T14:41:17.369+0000] {dag.py:3096} INFO - Sync 1 DAGs
[2026-08-24T14:41:17.384+0000] {logging_mixin.py:188} INFO - [2026-08-24T14:41:17.384+0000] {dag.py:3954} INFO - Setting next_dagrun for example_complex to None, run_after=None
[2026-08-24T14:41:17.419+0000] {processor.py:183} INFO - Processing /home/airflow/.local/lib/python3.12/site-packages/airflow/example_dags/example_complex.py took 0.295 seconds
[2026-08-24T14:41:48.158+0000] {processor.py:161} INFO - Started process (PID=176) to work on /home/airflow/.local/lib/python3.12/site-packages/airflow/example_dags/example_complex.py
[2026-08-24T14:41:48.159+0000] {processor.py:830} INFO - Processing file /home/airflow/.local/lib/python3.12/site-packages/airflow/example_dags/example_complex.py for tasks to queue
[2026-08-24T14:41:48.162+0000] {logging_mixin.py:188} INFO - [2026-08-24T14:41:48.161+0000] {dagbag.py:545} INFO - Filling up the DagBag from /home/airflow/.local/lib/python3.12/site-packages/airflow/example_dags/example_complex.py
[2026-08-24T14:41:48.179+0000] {processor.py:840} INFO - DAG(s) 'example_complex' retrieved from /home/airflow/.local/lib/python3.12/site-packages/airflow/example_dags/example_complex.py
[2026-08-24T14:41:48.226+0000] {logging_mixin.py:188} INFO - [2026-08-24T14:41:48.226+0000] {dag.py:3096} INFO - Sync 1 DAGs
[2026-08-24T14:41:48.243+0000] {logging_mixin.py:188} INFO - [2026-08-24T14:41:48.243+0000] {dag.py:3954} INFO - Setting next_dagrun for example_complex to None, run_after=None
[2026-08-24T14:41:48.269+0000] {processor.py:183} INFO - Processing /home/airflow/.local/lib/python3.12/site-packages/airflow/example_dags/example_complex.py took 0.118 seconds
[2026-08-24T14:42:18.753+0000] {processor.py:161} INFO - Started process (PID=235) to work on /home/airflow/.local/lib/python3.12/site-packages/airflow/example_dags/example_complex.py
[2026-08-24T14:42:18.757+0000] {processor.py:830} INFO - Processing file /home/airflow/.local/lib/python3.12/site-packages/airflow/example_dags/example_complex.py for tasks to queue
[2026-08-24T14:42:18.766+0000] {logging_mixin.py:188} INFO - [2026-08-24T14:42:18.765+0000] {dagbag.py:545} INFO - Filling up the DagBag from /home/airflow/.local/lib/python3.12/site-packages/airflow/example_dags/example_complex.py
[2026-08-24T14:42:18.794+0000] {processor.py:840} INFO - DAG(s) 'example_complex' retrieved from /home/airflow/.local/lib/python3.12/site-packages/airflow/example_dags/example_complex.py
[2026-08-24T14:42:18.903+0000] {logging_mixin.py:188} INFO - [2026-08-24T14:42:18.903+0000] {dag.py:3096} INFO - Sync 1 DAGs
[2026-08-24T14:42:18.930+0000] {logging_mixin.py:188} INFO - [2026-08-24T14:42:18.930+0000] {dag.py:3954} INFO - Setting next_dagrun for example_complex to None, run_after=None
[2026-08-24T14:42:18.967+0000] {processor.py:183} INFO - Processing /home/airflow/.local/lib/python3.12/site-packages/airflow/example_dags/example_complex.py took 0.239 seconds
[2026-08-24T14:42:49.270+0000] {processor.py:161} INFO - Started process (PID=294) to work on /home/airflow/.local/lib/python3.12/site-packages/airflow/example_dags/example_complex.py
[2026-08-24T14:42:49.272+0000] {processor.py:830} INFO - Processing file /home/airflow/.local/lib/python3.12/site-packages/airflow/example_dags/example_complex.py for tasks to queue
[2026-08-24T14:42:49.276+0000] {logging_mixin.py:188} INFO - [2026-08-24T14:42:49.276+0000] {dagbag.py:545} INFO - Filling up the DagBag from /home/airflow/.local/lib/python3.12/site-packages/airflow/example_dags/example_complex.py
[2026-08-24T14:42:49.299+0000] {processor.py:840} INFO - DAG(s) 'example_complex' retrieved from /home/airflow/.local/lib/python3.12/site-packages/airflow/example_dags/example_complex.py
[2026-08-24T14:42:49.372+0000] {logging_mixin.py:188} INFO - [2026-08-24T14:42:49.371+0000] {dag.py:3096} INFO - Sync 1 DAGs
[2026-08-24T14:42:49.399+0000] {logging_mixin.py:188} INFO - [2026-08-24T14:42:49.398+0000] {dag.py:3954} INFO - Setting next_dagrun for example_complex to None, run_after=None
[2026-08-24T14:42:49.485+0000] {processor.py:183} INFO - Processing /home/airflow/.local/lib/python3.12/site-packages/airflow/example_dags/example_complex.py took 0.228 seconds
[2026-08-24T14:43:19.794+0000] {processor.py:161} INFO - Started process (PID=354) to work on /home/airflow/.local/lib/python3.12/site-packages/airflow/example_dags/example_complex.py
[2026-08-24T14:43:19.796+0000] {processor.py:830} INFO - Processing file /home/airflow/.local/lib/python3.12/site-packages/airflow/example_dags/example_complex.py for tasks to queue
[2026-08-24T14:43:19.800+0000] {logging_mixin.py:188} INFO - [2026-08-24T14:43:19.799+0000] {dagbag.py:545} INFO - Filling up the DagBag from /home/airflow/.local/lib/python3.12/site-packages/airflow/example_dags/example_complex.py
[2026-08-24T14:43:19.813+0000] {processor.py:840} INFO - DAG(s) 'example_complex' retrieved from /home/airflow/.local/lib/python3.12/site-packages/airflow/example_dags/example_complex.py
[2026-08-24T14:43:19.856+0000] {logging_mixin.py:188} INFO - [2026-08-24T14:43:19.856+0000] {dag.py:3096} INFO - Sync 1 DAGs
[2026-08-24T14:43:19.873+0000] {logging_mixin.py:188} INFO - [2026-08-24T14:43:19.873+0000] {dag.py:3954} INFO - Setting next_dagrun for example_complex to None, run_after=None
[2026-08-24T14:43:19.899+0000] {processor.py:183} INFO - Processing /home/airflow/.local/lib/python3.12/site-packages/airflow/example_dags/example_complex.py took 0.113 seconds
[2026-08-24T14:43:50.125+0000] {processor.py:161} INFO - Started process (PID=414) to work on /home/airflow/.local/lib/python3.12/site-packages/airflow/example_dags/example_complex.py
[2026-08-24T14:43:50.126+0000] {processor.py:830} INFO - Processing file /home/airflow/.local/lib/python3.12/site-packages/airflow/example_dags/example_complex.py for tasks to queue
[2026-08-24T14:43:50.129+0000] {logging_mixin.py:188} INFO - [2026-08-24T14:43:50.129+0000] {dagbag.py:545} INFO - Filling up the DagBag from /home/airflow/.local/lib/python3.12/site-packages/airflow/example_dags/example_complex.py
[2026-08-24T14:43:50.143+0000] {processor.py:840} INFO - DAG(s) 'example_complex' retrieved from /home/airflow/.local/lib/python3.12/site-packages/airflow/example_dags/example_complex.py
[2026-08-24T14:43:50.186+0000] {logging_mixin.py:188} INFO - [2026-08-24T14:43:50.185+0000] {dag.py:3096} INFO - Sync 1 DAGs
[2026-08-24T14:43:50.203+0000] {logging_mixin.py:188} INFO - [2026-08-24T14:43:50.203+0000] {dag.py:3954} INFO - Setting next_dagrun for example_complex to None, run_after=None
[2026-08-24T14:43:50.227+0000] {processor.py:183} INFO - Processing /home/airflow/.local/lib/python3.12/site-packages/airflow/example_dags/example_complex.py took 0.109 seconds
[2026-08-24T14:44:20.678+0000] {processor.py:161} INFO - Started process (PID=474) to work on /home/airflow/.local/lib/python3.12/site-packages/airflow/example_dags/example_complex.py
[2026-08-24T14:44:20.679+0000] {processor.py:830} INFO - Processing file /home/airflow/.local/lib/python3.12/site-packages/airflow/example_dags/example_complex.py for tasks to queue
[2026-08-24T14:44:20.683+0000] {logging_mixin.py:188} INFO - [2026-08-24T14:44:20.682+0000] {dagbag.py:545} INFO - Filling up the DagBag from /home/airflow/.local/lib/python3.12/site-packages/airflow/example_dags/example_complex.py
[2026-08-24T14:44:20.702+0000] {processor.py:840} INFO - DAG(s) 'example_complex' retrieved from /home/airflow/.local/lib/python3.12/site-packages/airflow/example_dags/example_complex.py
[2026-08-24T14:44:20.748+0000] {logging_mixin.py:188} INFO - [2026-08-24T14:44:20.747+0000] {dag.py:3096} INFO - Sync 1 DAGs
[2026-08-24T14:44:20.766+0000] {logging_mixin.py:188} INFO - [2026-08-24T14:44:20.766+0000] {dag.py:3954} INFO - Setting next_dagrun for example_complex to None, run_after=None
[2026-08-24T14:44:20.794+0000] {processor.py:183} INFO - Processing /home/airflow/.local/lib/python3.12/site-packages/airflow/example_dags/example_complex.py took 0.123 seconds
[2026-08-24T14:44:51.440+0000] {processor.py:161} INFO - Started process (PID=534) to work on /home/airflow/.local/lib/python3.12/site-packages/airflow/example_dags/example_complex.py
[2026-08-24T14:44:51.442+0000] {processor.py:830} INFO - Processing file /home/airflow/.local/lib/python3.12/site-packages/airflow/example_dags/example_complex.py for tasks to queue
[2026-08-24T14:44:51.447+0000] {logging_mixin.py:188} INFO - [2026-08-24T14:44:51.446+0000] {dagbag.py:545} INFO - Filling up the DagBag from /home/airflow/.local/lib/python3.12/site-packages/airflow/example_dags/example_complex.py
[2026-08-24T14:44:51.462+0000] {processor.py:840} INFO - DAG(s) 'example_complex' retrieved from /home/airflow/.local/lib/python3.12/site-packages/airflow/example_dags/example_complex.py
[2026-08-24T14:44:51.512+0000] {logging_mixin.py:188} INFO - [2026-08-24T14:44:51.511+0000] {dag.py:3096} INFO - Sync 1 DAGs
[2026-08-24T14:44:51.532+0000] {logging_mixin.py:188} INFO - [2026-08-24T14:44:51.532+0000] {dag.py:3954} INFO - Setting next_dagrun for example_complex to None, run_after=None
[2026-08-24T14:44:51.565+0000] {processor.py:183} INFO - Processing /home/airflow/.local/lib/python3.12/site-packages/airflow/example_dags/example_complex.py took 0.133 seconds
[2026-08-24T14:49:19.476+0000] {processor.py:161} INFO - Started process (PID=115) to work on /home/airflow/.local/lib/python3.12/site-packages/airflow/example_dags/example_complex.py
[2026-08-24T14:49:19.478+0000] {processor.py:830} INFO - Processing file /home/airflow/.local/lib/python3.12/site-packages/airflow/example_dags/example_complex.py for tasks to queue
[2026-08-24T14:49:19.481+0000] {logging_mixin.py:188} INFO - [2026-08-24T14:49:19.480+0000] {dagbag.py:545} INFO - Filling up the DagBag from /home/airflow/.local/lib/python3.12/site-packages/airflow/example_dags/example_complex.py
[2026-08-24T14:49:19.509+0000] {processor.py:840} INFO - DAG(s) 'example_complex' retrieved from /home/airflow/.local/lib/python3.12/site-packages/airflow/example_dags/example_complex.py
[2026-08-24T14:49:19.759+0000] {logging_mixin.py:188} INFO - [2026-08-24T14:49:19.758+0000] {dag.py:3096} INFO - Sync 1 DAGs
[2026-08-24T14:49:19.784+0000] {logging_mixin.py:188} INFO - [2026-08-24T14:49:19.783+0000] {dag.py:3954} INFO - Setting next_dagrun for example_complex to None, run_after=None
[2026-08-24T14:49:19.822+0000] {processor.py:183} INFO - Processing /home/airflow/.local/lib/python3.12/site-packages/airflow/example_dags/example_complex.py took 0.356 seconds
[2026-08-24T14:50:15.598+0000] {processor.py:161} INFO - Started process (PID=95) to work on /home/airflow/.local/lib/python3.12/site-packages/airflow/example_dags/example_complex.py
[2026-08-24T14:50:15.599+0000] {processor.py:830} INFO - Processing file /home/airflow/.local/lib/python3.12/site-packages/airflow/example_dags/example_complex.py for tasks to queue
[2026-08-24T14:50:15.603+0000] {logging_mixin.py:188} INFO - [2026-08-24T14:50:15.602+0000] {dagbag.py:545} INFO - Filling up the DagBag from /home/airflow/.local/lib/python3.12/site-packages/airflow/example_dags/example_complex.py
[2026-08-24T14:50:15.619+0000] {processor.py:840} INFO - DAG(s) 'example_complex' retrieved from /home/airflow/.local/lib/python3.12/site-packages/airflow/example_dags/example_complex.py
[2026-08-24T14:50:15.679+0000] {logging_mixin.py:188} INFO - [2026-08-24T14:50:15.678+0000] {dag.py:3096} INFO - Sync 1 DAGs
[2026-08-24T14:50:15.698+0000] {logging_mixin.py:188} INFO - [2026-08-24T14:50:15.698+0000] {dag.py:3954} INFO - Setting next_dagrun for example_complex to None, run_after=None
[2026-08-24T14:50:15.725+0000] {processor.py:183} INFO - Processing /home/airflow/.local/lib/python3.12/site-packages/airflow/example_dags/example_complex.py took 0.136 seconds
[2026-08-24T14:50:46.901+0000] {processor.py:161} INFO - Started process (PID=155) to work on /home/airflow/.local/lib/python3.12/site-packages/airflow/example_dags/example_complex.py
[2026-08-24T14:50:46.903+0000] {processor.py:830} INFO - Processing file /home/airflow/.local/lib/python3.12/site-packages/airflow/example_dags/example_complex.py for tasks to queue
[2026-08-24T14:50:46.906+0000] {logging_mixin.py:188} INFO - [2026-08-24T14:50:46.905+0000] {dagbag.py:545} INFO - Filling up the DagBag from /home/airflow/.local/lib/python3.12/site-packages/airflow/example_dags/example_complex.py
[2026-08-24T14:50:46.920+0000] {processor.py:840} INFO - DAG(s) 'example_complex' retrieved from /home/airflow/.local/lib/python3.12/site-packages/airflow/example_dags/example_complex.py
[2026-08-24T14:50:46.961+0000] {logging_mixin.py:188} INFO - [2026-08-24T14:50:46.961+0000] {dag.py:3096} INFO - Sync 1 DAGs
[2026-08-24T14:50:46.978+0000] {logging_mixin.py:188} INFO - [2026-08-24T14:50:46.978+0000] {dag.py:3954} INFO - Setting next_dagrun for example_complex to None, run_after=None
[2026-08-24T14:50:47.010+0000] {processor.py:183} INFO - Processing /home/airflow/.local/lib/python3.12/site-packages/airflow/example_dags/example_complex.py took 0.117 seconds
[2026-08-24T14:51:17.993+0000] {processor.py:161} INFO - Started process (PID=215) to work on /home/airflow/.local/lib/python3.12/site-packages/airflow/example_dags/example_complex.py
[2026-08-24T14:51:17.994+0000] {processor.py:830} INFO - Processing file /home/airflow/.local/lib/python3.12/site-packages/airflow/example_dags/example_complex.py for tasks to queue
[2026-08-24T14:51:17.996+0000] {logging_mixin.py:188} INFO - [2026-08-24T14:51:17.996+0000] {dagbag.py:545} INFO - Filling up the DagBag from /home/airflow/.local/lib/python3.12/site-packages/airflow/example_dags/example_complex.py
[2026-08-24T14:51:18.010+0000] {processor.py:840} INFO - DAG(s) 'example_complex' retrieved from /home/airflow/.local/lib/python3.12/site-packages/airflow/example_dags/example_complex.py
[2026-08-24T14:51:18.055+0000] {logging_mixin.py:188} INFO - [2026-08-24T14:51:18.055+0000] {dag.py:3096} INFO - Sync 1 DAGs
[2026-08-24T14:51:18.072+0000] {logging_mixin.py:188} INFO - [2026-08-24T14:51:18.071+0000] {dag.py:3954} INFO - Setting next_dagrun for example_complex to None, run_after=None
[2026-08-24T14:51:18.096+0000] {processor.py:183} INFO - Processing /home/airflow/.local/lib/python3.12/site-packages/airflow/example_dags/example_complex.py took 0.111 seconds
[2026-08-24T14:51:48.825+0000] {processor.py:161} INFO - Started process (PID=275) to work on /home/airflow/.local/lib/python3.12/site-packages/airflow/example_dags/example_complex.py
[2026-08-24T14:51:48.826+0000] {processor.py:830} INFO - Processing file /home/airflow/.local/lib/python3.12/site-packages/airflow/example_dags/example_complex.py for tasks to queue
[2026-08-24T14:51:48.829+0000] {logging_mixin.py:188} INFO - [2026-08-24T14:51:48.829+0000] {dagbag.py:545} INFO - Filling up the DagBag from /home/airflow/.local/lib/python3.12/site-packages/airflow/example_dags/example_complex.py
[2026-08-24T14:51:48.844+0000] {processor.py:840} INFO - DAG(s) 'example_complex' retrieved from /home/airflow/.local/lib/python3.12/site-packages/airflow/example_dags/example_complex.py
[2026-08-24T14:51:48.898+0000] {logging_mixin.py:188} INFO - [2026-08-24T14:51:48.898+0000] {dag.py:3096} INFO - Sync 1 DAGs
[2026-08-24T14:51:48.919+0000] {logging_mixin.py:188} INFO - [2026-08-24T14:51:48.918+0000] {dag.py:3954} INFO - Setting next_dagrun for example_complex to None, run_after=None
[2026-08-24T14:51:48.952+0000] {processor.py:183} INFO - Processing /home/airflow/.local/lib/python3.12/site-packages/airflow/example_dags/example_complex.py took 0.134 seconds
[2026-08-24T14:52:19.479+0000] {processor.py:161} INFO - Started process (PID=333) to work on /home/airflow/.local/lib/python3.12/site-packages/airflow/example_dags/example_complex.py
[2026-08-24T14:52:19.507+0000] {processor.py:830} INFO - Processing file /home/airflow/.local/lib/python3.12/site-packages/airflow/example_dags/example_complex.py for tasks to queue
[2026-08-24T14:52:19.511+0000] {logging_mixin.py:188} INFO - [2026-08-24T14:52:19.510+0000] {dagbag.py:545} INFO - Filling up the DagBag from /home/airflow/.local/lib/python3.12/site-packages/airflow/example_dags/example_complex.py
[2026-08-24T14:52:19.528+0000] {processor.py:840} INFO - DAG(s) 'example_complex' retrieved from /home/airflow/.local/lib/python3.12/site-packages/airflow/example_dags/example_complex.py
[2026-08-24T14:52:19.566+0000] {logging_mixin.py:188} INFO - [2026-08-24T14:52:19.565+0000] {dag.py:3096} INFO - Sync 1 DAGs
[2026-08-24T14:52:19.584+0000] {logging_mixin.py:188} INFO - [2026-08-24T14:52:19.584+0000] {dag.py:3954} INFO - Setting next_dagrun for example_complex to None, run_after=None
[2026-08-24T14:52:19.634+0000] {processor.py:183} INFO - Processing /home/airflow/.local/lib/python3.12/site-packages/airflow/example_dags/example_complex.py took 0.163 seconds
[2026-08-24T14:52:49.867+0000] {processor.py:161} INFO - Started process (PID=393) to work on /home/airflow/.local/lib/python3.12/site-packages/airflow/example_dags/example_complex.py
[2026-08-24T14:52:49.868+0000] {processor.py:830} INFO - Processing file /home/airflow/.local/lib/python3.12/site-packages/airflow/example_dags/example_complex.py for tasks to queue
[2026-08-24T14:52:49.871+0000] {logging_mixin.py:188} INFO - [2026-08-24T14:52:49.870+0000] {dagbag.py:545} INFO - Filling up the DagBag from /home/airflow/.local/lib/python3.12/site-packages/airflow/example_dags/example_complex.py
[2026-08-24T14:52:49.884+0000] {processor.py:840} INFO - DAG(s) 'example_complex' retrieved from /home/airflow/.local/lib/python3.12/site-packages/airflow/example_dags/example_complex.py
[2026-08-24T14:52:49.932+0000] {logging_mixin.py:188} INFO - [2026-08-24T14:52:49.932+0000] {dag.py:3096} INFO - Sync 1 DAGs
[2026-08-24T14:52:49.950+0000] {logging_mixin.py:188} INFO - [2026-08-24T14:52:49.950+0000] {dag.py:3954} INFO - Setting next_dagrun for example_complex to None, run_after=None
[2026-08-24T14:52:49.977+0000] {processor.py:183} INFO - Processing /home/airflow/.local/lib/python3.12/site-packages/airflow/example_dags/example_complex.py took 0.118 seconds
[2026-08-24T14:53:20.560+0000] {processor.py:161} INFO - Started process (PID=453) to work on /home/airflow/.local/lib/python3.12/site-packages/airflow/example_dags/example_complex.py
[2026-08-24T14:53:20.562+0000] {processor.py:830} INFO - Processing file /home/airflow/.local/lib/python3.12/site-packages/airflow/example_dags/example_complex.py for tasks to queue
[2026-08-24T14:53:20.564+0000] {logging_mixin.py:188} INFO - [2026-08-24T14:53:20.564+0000] {dagbag.py:545} INFO - Filling up the DagBag from /home/airflow/.local/lib/python3.12/site-packages/airflow/example_dags/example_complex.py
[2026-08-24T14:53:20.579+0000] {processor.py:840} INFO - DAG(s) 'example_complex' retrieved from /home/airflow/.local/lib/python3.12/site-packages/airflow/example_dags/example_complex.py
[2026-08-24T14:53:20.621+0000] {logging_mixin.py:188} INFO - [2026-08-24T14:53:20.620+0000] {dag.py:3096} INFO - Sync 1 DAGs
[2026-08-24T14:53:20.639+0000] {logging_mixin.py:188} INFO - [2026-08-24T14:53:20.639+0000] {dag.py:3954} INFO - Setting next_dagrun for example_complex to None, run_after=None
[2026-08-24T14:53:20.661+0000] {processor.py:183} INFO - Processing /home/airflow/.local/lib/python3.12/site-packages/airflow/example_dags/example_complex.py took 0.108 seconds
[2026-08-24T14:53:50.716+0000] {processor.py:161} INFO - Started process (PID=513) to work on /home/airflow/.local/lib/python3.12/site-packages/airflow/example_dags/example_complex.py
[2026-08-24T14:53:50.717+0000] {processor.py:830} INFO - Processing file /home/airflow/.local/lib/python3.12/site-packages/airflow/example_dags/example_complex.py for tasks to queue
[2026-08-24T14:53:50.720+0000] {logging_mixin.py:188} INFO - [2026-08-24T14:53:50.719+0000] {dagbag.py:545} INFO - Filling up the DagBag from /home/airflow/.local/lib/python3.12/site-packages/airflow/example_dags/example_complex.py
[2026-08-24T14:53:50.732+0000] {processor.py:840} INFO - DAG(s) 'example_complex' retrieved from /home/airflow/.local/lib/python3.12/site-packages/airflow/example_dags/example_complex.py
[2026-08-24T14:53:50.771+0000] {logging_mixin.py:188} INFO - [2026-08-24T14:53:50.771+0000] {dag.py:3096} INFO - Sync 1 DAGs
[2026-08-24T14:53:50.792+0000] {logging_mixin.py:188} INFO - [2026-08-24T14:53:50.792+0000] {dag.py:3954} INFO - Setting next_dagrun for example_complex to None, run_after=None
[2026-08-24T14:53:50.830+0000] {processor.py:183} INFO - Processing /home/airflow/.local/lib/python3.12/site-packages/airflow/example_dags/example_complex.py took 0.122 seconds
[2026-08-24T14:54:20.949+0000] {processor.py:161} INFO - Started process (PID=572) to work on /home/airflow/.local/lib/python3.12/site-packages/airflow/example_dags/example_complex.py
[2026-08-24T14:54:20.950+0000] {processor.py:830} INFO - Processing file /home/airflow/.local/lib/python3.12/site-packages/airflow/example_dags/example_complex.py for tasks to queue
[2026-08-24T14:54:20.953+0000] {logging_mixin.py:188} INFO - [2026-08-24T14:54:20.953+0000] {dagbag.py:545} INFO - Filling up the DagBag from /home/airflow/.local/lib/python3.12/site-packages/airflow/example_dags/example_complex.py
[2026-08-24T14:54:20.968+0000] {processor.py:840} INFO - DAG(s) 'example_complex' retrieved from /home/airflow/.local/lib/python3.12/site-packages/airflow/example_dags/example_complex.py
[2026-08-24T14:54:21.007+0000] {logging_mixin.py:188} INFO - [2026-08-24T14:54:21.007+0000] {dag.py:3096} INFO - Sync 1 DAGs
[2026-08-24T14:54:21.024+0000] {logging_mixin.py:188} INFO - [2026-08-24T14:54:21.023+0000] {dag.py:3954} INFO - Setting next_dagrun for example_complex to None, run_after=None
[2026-08-24T14:54:21.048+0000] {processor.py:183} INFO - Processing /home/airflow/.local/lib/python3.12/site-packages/airflow/example_dags/example_complex.py took 0.107 seconds
[2026-08-24T14:54:51.281+0000] {processor.py:161} INFO - Started process (PID=632) to work on /home/airflow/.local/lib/python3.12/site-packages/airflow/example_dags/example_complex.py
[2026-08-24T14:54:51.282+0000] {processor.py:830} INFO - Processing file /home/airflow/.local/lib/python3.12/site-packages/airflow/example_dags/example_complex.py for tasks to queue
[2026-08-24T14:54:51.285+0000] {logging_mixin.py:188} INFO - [2026-08-24T14:54:51.284+0000] {dagbag.py:545} INFO - Filling up the DagBag from /home/airflow/.local/lib/python3.12/site-packages/airflow/example_dags/example_complex.py
[2026-08-24T14:54:51.297+0000] {processor.py:840} INFO - DAG(s) 'example_complex' retrieved from /home/airflow/.local/lib/python3.12/site-packages/airflow/example_dags/example_complex.py
[2026-08-24T14:54:51.334+0000] {logging_mixin.py:188} INFO - [2026-08-24T14:54:51.333+0000] {dag.py:3096} INFO - Sync 1 DAGs
[2026-08-24T14:54:51.349+0000] {logging_mixin.py:188} INFO - [2026-08-24T14:54:51.349+0000] {dag.py:3954} INFO - Setting next_dagrun for example_complex to None, run_after=None
[2026-08-24T14:54:51.370+0000] {processor.py:183} INFO - Processing /home/airflow/.local/lib/python3.12/site-packages/airflow/example_dags/example_complex.py took 0.097 seconds
[2026-08-24T14:55:21.822+0000] {processor.py:161} INFO - Started process (PID=692) to work on /home/airflow/.local/lib/python3.12/site-packages/airflow/example_dags/example_complex.py
[2026-08-24T14:55:21.824+0000] {processor.py:830} INFO - Processing file /home/airflow/.local/lib/python3.12/site-packages/airflow/example_dags/example_complex.py for tasks to queue
[2026-08-24T14:55:21.827+0000] {logging_mixin.py:188} INFO - [2026-08-24T14:55:21.826+0000] {dagbag.py:545} INFO - Filling up the DagBag from /home/airflow/.local/lib/python3.12/site-packages/airflow/example_dags/example_complex.py
[2026-08-24T14:55:21.842+0000] {processor.py:840} INFO - DAG(s) 'example_complex' retrieved from /home/airflow/.local/lib/python3.12/site-packages/airflow/example_dags/example_complex.py
[2026-08-24T14:55:21.879+0000] {logging_mixin.py:188} INFO - [2026-08-24T14:55:21.879+0000] {dag.py:3096} INFO - Sync 1 DAGs
[2026-08-24T14:55:21.895+0000] {logging_mixin.py:188} INFO - [2026-08-24T14:55:21.894+0000] {dag.py:3954} INFO - Setting next_dagrun for example_complex to None, run_after=None
[2026-08-24T14:55:21.917+0000] {processor.py:183} INFO - Processing /home/airflow/.local/lib/python3.12/site-packages/airflow/example_dags/example_complex.py took 0.104 seconds
[2026-08-24T14:55:53.106+0000] {processor.py:161} INFO - Started process (PID=753) to work on /home/airflow/.local/lib/python3.12/site-packages/airflow/example_dags/example_complex.py
[2026-08-24T14:55:53.108+0000] {processor.py:830} INFO - Processing file /home/airflow/.local/lib/python3.12/site-packages/airflow/example_dags/example_complex.py for tasks to queue
[2026-08-24T14:55:53.110+0000] {logging_mixin.py:188} INFO - [2026-08-24T14:55:53.110+0000] {dagbag.py:545} INFO - Filling up the DagBag from /home/airflow/.local/lib/python3.12/site-packages/airflow/example_dags/example_complex.py
[2026-08-24T14:55:53.123+0000] {processor.py:840} INFO - DAG(s) 'example_complex' retrieved from /home/airflow/.local/lib/python3.12/site-packages/airflow/example_dags/example_complex.py
[2026-08-24T14:55:53.160+0000] {logging_mixin.py:188} INFO - [2026-08-24T14:55:53.159+0000] {dag.py:3096} INFO - Sync 1 DAGs
[2026-08-24T14:55:53.175+0000] {logging_mixin.py:188} INFO - [2026-08-24T14:55:53.175+0000] {dag.py:3954} INFO - Setting next_dagrun for example_complex to None, run_after=None
[2026-08-24T14:55:53.220+0000] {processor.py:183} INFO - Processing /home/airflow/.local/lib/python3.12/site-packages/airflow/example_dags/example_complex.py took 0.121 seconds
[2026-08-24T14:56:26.188+0000] {processor.py:161} INFO - Started process (PID=813) to work on /home/airflow/.local/lib/python3.12/site-packages/airflow/example_dags/example_complex.py
[2026-08-24T14:56:26.195+0000] {processor.py:830} INFO - Processing file /home/airflow/.local/lib/python3.12/site-packages/airflow/example_dags/example_complex.py for tasks to queue
[2026-08-24T14:56:26.202+0000] {logging_mixin.py:188} INFO - [2026-08-24T14:56:26.201+0000] {dagbag.py:545} INFO - Filling up the DagBag from /home/airflow/.local/lib/python3.12/site-packages/airflow/example_dags/example_complex.py
[2026-08-24T14:56:26.233+0000] {processor.py:840} INFO - DAG(s) 'example_complex' retrieved from /home/airflow/.local/lib/python3.12/site-packages/airflow/example_dags/example_complex.py
[2026-08-24T14:56:26.334+0000] {logging_mixin.py:188} INFO - [2026-08-24T14:56:26.333+0000] {dag.py:3096} INFO - Sync 1 DAGs
[2026-08-24T14:56:26.376+0000] {logging_mixin.py:188} INFO - [2026-08-24T14:56:26.375+0000] {dag.py:3954} INFO - Setting next_dagrun for example_complex to None, run_after=None
[2026-08-24T14:56:26.431+0000] {processor.py:183} INFO - Processing /home/airflow/.local/lib/python3.12/site-packages/airflow/example_dags/example_complex.py took 0.256 seconds
