[2026-08-24T13:51:00.187+0000] {processor.py:161} INFO - Started process (PID=92) to work on /home/airflow/.local/lib/python3.12/site-packages/airflow/example_dags/example_branch_labels.py
[2026-08-24T13:51:00.189+0000] {processor.py:830} INFO - Processing file /home/airflow/.local/lib/python3.12/site-packages/airflow/example_dags/example_branch_labels.py for tasks to queue
[2026-08-24T13:51:00.192+0000] {logging_mixin.py:188} INFO - [2026-08-24T13:51:00.191+0000] {dagbag.py:545} INFO - Filling up the DagBag from /home/airflow/.local/lib/python3.12/site-packages/airflow/example_dags/example_branch_labels.py
[2026-08-24T13:51:00.209+0000] {processor.py:840} INFO - DAG(s) 'example_branch_labels' retrieved from /home/airflow/.local/lib/python3.12/site-packages/airflow/example_dags/example_branch_labels.py
[2026-08-24T13:51:00.409+0000] {logging_mixin.py:188} INFO - [2026-08-24T13:51:00.408+0000] {dag.py:3096} INFO - Sync 1 DAGs
[2026-08-24T13:51:00.443+0000] {logging_mixin.py:188} INFO - [2026-08-24T13:51:00.443+0000] {dag.py:3954} INFO - Setting next_dagrun for example_branch_labels to 2026-08-23 00:00:00+00:00, run_after=2026-08-24 00:00:00+00:00
[2026-08-24T13:51:00.475+0000] {processor.py:183} INFO - Processing /home/airflow/.local/lib/python3.12/site-packages/airflow/example_dags/example_branch_labels.py took 0.298 seconds
[2026-08-24T13:51:42.206+0000] {processor.py:161} INFO - Started process (PID=73) to work on /home/airflow/.local/lib/python3.12/site-packages/airflow/example_dags/example_branch_labels.py
[2026-08-24T13:51:42.207+0000] {processor.py:830} INFO - Processing file /home/airflow/.local/lib/python3.12/site-packages/airflow/example_dags/example_branch_labels.py for tasks to queue
[2026-08-24T13:51:42.209+0000] {logging_mixin.py:188} INFO - [2026-08-24T13:51:42.209+0000] {dagbag.py:545} INFO - Filling up the DagBag from /home/airflow/.local/lib/python3.12/site-packages/airflow/example_dags/example_branch_labels.py
[2026-08-24T13:51:42.221+0000] {processor.py:840} INFO - DAG(s) 'example_branch_labels' retrieved from /home/airflow/.local/lib/python3.12/site-packages/airflow/example_dags/example_branch_labels.py
[2026-08-24T13:51:42.256+0000] {logging_mixin.py:188} INFO - [2026-08-24T13:51:42.255+0000] {dag.py:3096} INFO - Sync 1 DAGs
[2026-08-24T13:51:42.285+0000] {logging_mixin.py:188} INFO - [2026-08-24T13:51:42.284+0000] {dag.py:3954} INFO - Setting next_dagrun for example_branch_labels to 2026-08-23 00:00:00+00:00, run_after=2026-08-24 00:00:00+00:00
[2026-08-24T13:51:42.308+0000] {processor.py:183} INFO - Processing /home/airflow/.local/lib/python3.12/site-packages/airflow/example_dags/example_branch_labels.py took 0.109 seconds
[2026-08-24T13:52:12.638+0000] {processor.py:161} INFO - Started process (PID=132) to work on /home/airflow/.local/lib/python3.12/site-packages/airflow/example_dags/example_branch_labels.py
[2026-08-24T13:52:12.640+0000] {processor.py:830} INFO - Processing file /home/airflow/.local/lib/python3.12/site-packages/airflow/example_dags/example_branch_labels.py for tasks to queue
[2026-08-24T13:52:12.644+0000] {logging_mixin.py:188} INFO - [2026-08-24T13:52:12.643+0000] {dagbag.py:545} INFO - Filling up the DagBag from /home/airflow/.local/lib/python3.12/site-packages/airflow/example_dags/example_branch_labels.py
[2026-08-24T13:52:12.658+0000] {processor.py:840} INFO - DAG(s) 'example_branch_labels' retrieved from /home/airflow/.local/lib/python3.12/site-packages/airflow/example_dags/example_branch_labels.py
[2026-08-24T13:52:12.699+0000] {logging_mixin.py:188} INFO - [2026-08-24T13:52:12.699+0000] {dag.py:3096} INFO - Sync 1 DAGs
[2026-08-24T13:52:12.737+0000] {logging_mixin.py:188} INFO - [2026-08-24T13:52:12.737+0000] {dag.py:3954} INFO - Setting next_dagrun for example_branch_labels to 2026-08-23 00:00:00+00:00, run_after=2026-08-24 00:00:00+00:00
[2026-08-24T13:52:12.775+0000] {processor.py:183} INFO - Processing /home/airflow/.local/lib/python3.12/site-packages/airflow/example_dags/example_branch_labels.py took 0.146 seconds
[2026-08-24T13:52:43.180+0000] {processor.py:161} INFO - Started process (PID=191) to work on /home/airflow/.local/lib/python3.12/site-packages/airflow/example_dags/example_branch_labels.py
[2026-08-24T13:52:43.182+0000] {processor.py:830} INFO - Processing file /home/airflow/.local/lib/python3.12/site-packages/airflow/example_dags/example_branch_labels.py for tasks to queue
[2026-08-24T13:52:43.185+0000] {logging_mixin.py:188} INFO - [2026-08-24T13:52:43.184+0000] {dagbag.py:545} INFO - Filling up the DagBag from /home/airflow/.local/lib/python3.12/site-packages/airflow/example_dags/example_branch_labels.py
[2026-08-24T13:52:43.197+0000] {processor.py:840} INFO - DAG(s) 'example_branch_labels' retrieved from /home/airflow/.local/lib/python3.12/site-packages/airflow/example_dags/example_branch_labels.py
[2026-08-24T13:52:43.229+0000] {logging_mixin.py:188} INFO - [2026-08-24T13:52:43.229+0000] {dag.py:3096} INFO - Sync 1 DAGs
[2026-08-24T13:52:43.267+0000] {logging_mixin.py:188} INFO - [2026-08-24T13:52:43.267+0000] {dag.py:3954} INFO - Setting next_dagrun for example_branch_labels to 2026-08-23 00:00:00+00:00, run_after=2026-08-24 00:00:00+00:00
[2026-08-24T13:52:43.298+0000] {processor.py:183} INFO - Processing /home/airflow/.local/lib/python3.12/site-packages/airflow/example_dags/example_branch_labels.py took 0.131 seconds
[2026-08-24T13:53:13.398+0000] {processor.py:161} INFO - Started process (PID=250) to work on /home/airflow/.local/lib/python3.12/site-packages/airflow/example_dags/example_branch_labels.py
[2026-08-24T13:53:13.399+0000] {processor.py:830} INFO - Processing file /home/airflow/.local/lib/python3.12/site-packages/airflow/example_dags/example_branch_labels.py for tasks to queue
[2026-08-24T13:53:13.401+0000] {logging_mixin.py:188} INFO - [2026-08-24T13:53:13.401+0000] {dagbag.py:545} INFO - Filling up the DagBag from /home/airflow/.local/lib/python3.12/site-packages/airflow/example_dags/example_branch_labels.py
[2026-08-24T13:53:13.410+0000] {processor.py:840} INFO - DAG(s) 'example_branch_labels' retrieved from /home/airflow/.local/lib/python3.12/site-packages/airflow/example_dags/example_branch_labels.py
[2026-08-24T13:53:13.435+0000] {logging_mixin.py:188} INFO - [2026-08-24T13:53:13.435+0000] {dag.py:3096} INFO - Sync 1 DAGs
[2026-08-24T13:53:13.463+0000] {logging_mixin.py:188} INFO - [2026-08-24T13:53:13.462+0000] {dag.py:3954} INFO - Setting next_dagrun for example_branch_labels to 2026-08-23 00:00:00+00:00, run_after=2026-08-24 00:00:00+00:00
[2026-08-24T13:53:13.484+0000] {processor.py:183} INFO - Processing /home/airflow/.local/lib/python3.12/site-packages/airflow/example_dags/example_branch_labels.py took 0.093 seconds
[2026-08-24T13:53:43.830+0000] {processor.py:161} INFO - Started process (PID=309) to work on /home/airflow/.local/lib/python3.12/site-packages/airflow/example_dags/example_branch_labels.py
[2026-08-24T13:53:43.831+0000] {processor.py:830} INFO - Processing file /home/airflow/.local/lib/python3.12/site-packages/airflow/example_dags/example_branch_labels.py for tasks to queue
[2026-08-24T13:53:43.833+0000] {logging_mixin.py:188} INFO - [2026-08-24T13:53:43.833+0000] {dagbag.py:545} INFO - Filling up the DagBag from /home/airflow/.local/lib/python3.12/site-packages/airflow/example_dags/example_branch_labels.py
[2026-08-24T13:53:43.846+0000] {processor.py:840} INFO - DAG(s) 'example_branch_labels' retrieved from /home/airflow/.local/lib/python3.12/site-packages/airflow/example_dags/example_branch_labels.py
[2026-08-24T13:53:43.873+0000] {logging_mixin.py:188} INFO - [2026-08-24T13:53:43.873+0000] {dag.py:3096} INFO - Sync 1 DAGs
[2026-08-24T13:53:43.905+0000] {logging_mixin.py:188} INFO - [2026-08-24T13:53:43.904+0000] {dag.py:3954} INFO - Setting next_dagrun for example_branch_labels to 2026-08-23 00:00:00+00:00, run_after=2026-08-24 00:00:00+00:00
[2026-08-24T13:53:43.930+0000] {processor.py:183} INFO - Processing /home/airflow/.local/lib/python3.12/site-packages/airflow/example_dags/example_branch_labels.py took 0.108 seconds
[2026-08-24T13:54:14.177+0000] {processor.py:161} INFO - Started process (PID=368) to work on /home/airflow/.local/lib/python3.12/site-packages/airflow/example_dags/example_branch_labels.py
[2026-08-24T13:54:14.178+0000] {processor.py:830} INFO - Processing file /home/airflow/.local/lib/python3.12/site-packages/airflow/example_dags/example_branch_labels.py for tasks to queue
[2026-08-24T13:54:14.181+0000] {logging_mixin.py:188} INFO - [2026-08-24T13:54:14.180+0000] {dagbag.py:545} INFO - Filling up the DagBag from /home/airflow/.local/lib/python3.12/site-packages/airflow/example_dags/example_branch_labels.py
[2026-08-24T13:54:14.192+0000] {processor.py:840} INFO - DAG(s) 'example_branch_labels' retrieved from /home/airflow/.local/lib/python3.12/site-packages/airflow/example_dags/example_branch_labels.py
[2026-08-24T13:54:14.217+0000] {logging_mixin.py:188} INFO - [2026-08-24T13:54:14.217+0000] {dag.py:3096} INFO - Sync 1 DAGs
[2026-08-24T13:54:14.245+0000] {logging_mixin.py:188} INFO - [2026-08-24T13:54:14.245+0000] {dag.py:3954} INFO - Setting next_dagrun for example_branch_labels to 2026-08-23 00:00:00+00:00, run_after=2026-08-24 00:00:00+00:00
[2026-08-24T13:54:14.268+0000] {processor.py:183} INFO - Processing /home/airflow/.local/lib/python3.12/site-packages/airflow/example_dags/example_branch_labels.py took 0.100 seconds
[2026-08-24T13:54:44.779+0000] {processor.py:161} INFO - Started process (PID=427) to work on /home/airflow/.local/lib/python3.12/site-packages/airflow/example_dags/example_branch_labels.py
[2026-08-24T13:54:44.780+0000] {processor.py:830} INFO - Processing file /home/airflow/.local/lib/python3.12/site-packages/airflow/example_dags/example_branch_labels.py for tasks to queue
[2026-08-24T13:54:44.784+0000] {logging_mixin.py:188} INFO - [2026-08-24T13:54:44.783+0000] {dagbag.py:545} INFO - Filling up the DagBag from /home/airflow/.local/lib/python3.12/site-packages/airflow/example_dags/example_branch_labels.py
[2026-08-24T13:54:44.802+0000] {processor.py:840} INFO - DAG(s) 'example_branch_labels' retrieved from /home/airflow/.local/lib/python3.12/site-packages/airflow/example_dags/example_branch_labels.py
[2026-08-24T13:54:44.827+0000] {logging_mixin.py:188} INFO - [2026-08-24T13:54:44.827+0000] {dag.py:3096} INFO - Sync 1 DAGs
[2026-08-24T13:54:44.884+0000] {logging_mixin.py:188} INFO - [2026-08-24T13:54:44.883+0000] {dag.py:3954} INFO - Setting next_dagrun for example_branch_labels to 2026-08-23 00:00:00+00:00, run_after=2026-08-24 00:00:00+00:00
[2026-08-24T13:54:44.928+0000] {processor.py:183} INFO - Processing /home/airflow/.local/lib/python3.12/site-packages/airflow/example_dags/example_branch_labels.py took 0.159 seconds
[2026-08-24T13:55:16.777+0000] {processor.py:161} INFO - Started process (PID=492) to work on /home/airflow/.local/lib/python3.12/site-packages/airflow/example_dags/example_branch_labels.py
[2026-08-24T13:55:16.779+0000] {processor.py:830} INFO - Processing file /home/airflow/.local/lib/python3.12/site-packages/airflow/example_dags/example_branch_labels.py for tasks to queue
[2026-08-24T13:55:16.782+0000] {logging_mixin.py:188} INFO - [2026-08-24T13:55:16.781+0000] {dagbag.py:545} INFO - Filling up the DagBag from /home/airflow/.local/lib/python3.12/site-packages/airflow/example_dags/example_branch_labels.py
[2026-08-24T13:55:16.793+0000] {processor.py:840} INFO - DAG(s) 'example_branch_labels' retrieved from /home/airflow/.local/lib/python3.12/site-packages/airflow/example_dags/example_branch_labels.py
[2026-08-24T13:55:16.942+0000] {logging_mixin.py:188} INFO - [2026-08-24T13:55:16.942+0000] {dag.py:3096} INFO - Sync 1 DAGs
[2026-08-24T13:55:16.967+0000] {logging_mixin.py:188} INFO - [2026-08-24T13:55:16.966+0000] {dag.py:3954} INFO - Setting next_dagrun for example_branch_labels to 2026-08-23 00:00:00+00:00, run_after=2026-08-24 00:00:00+00:00
[2026-08-24T13:55:17.022+0000] {processor.py:183} INFO - Processing /home/airflow/.local/lib/python3.12/site-packages/airflow/example_dags/example_branch_labels.py took 0.254 seconds
[2026-08-24T13:55:47.483+0000] {processor.py:161} INFO - Started process (PID=551) to work on /home/airflow/.local/lib/python3.12/site-packages/airflow/example_dags/example_branch_labels.py
[2026-08-24T13:55:47.485+0000] {processor.py:830} INFO - Processing file /home/airflow/.local/lib/python3.12/site-packages/airflow/example_dags/example_branch_labels.py for tasks to queue
[2026-08-24T13:55:47.487+0000] {logging_mixin.py:188} INFO - [2026-08-24T13:55:47.486+0000] {dagbag.py:545} INFO - Filling up the DagBag from /home/airflow/.local/lib/python3.12/site-packages/airflow/example_dags/example_branch_labels.py
[2026-08-24T13:55:47.496+0000] {processor.py:840} INFO - DAG(s) 'example_branch_labels' retrieved from /home/airflow/.local/lib/python3.12/site-packages/airflow/example_dags/example_branch_labels.py
[2026-08-24T13:55:47.523+0000] {logging_mixin.py:188} INFO - [2026-08-24T13:55:47.523+0000] {dag.py:3096} INFO - Sync 1 DAGs
[2026-08-24T13:55:47.552+0000] {logging_mixin.py:188} INFO - [2026-08-24T13:55:47.551+0000] {dag.py:3954} INFO - Setting next_dagrun for example_branch_labels to 2026-08-23 00:00:00+00:00, run_after=2026-08-24 00:00:00+00:00
[2026-08-24T13:55:47.573+0000] {processor.py:183} INFO - Processing /home/airflow/.local/lib/python3.12/site-packages/airflow/example_dags/example_branch_labels.py took 0.097 seconds
[2026-08-24T13:56:17.928+0000] {processor.py:161} INFO - Started process (PID=610) to work on /home/airflow/.local/lib/python3.12/site-packages/airflow/example_dags/example_branch_labels.py
[2026-08-24T13:56:17.929+0000] {processor.py:830} INFO - Processing file /home/airflow/.local/lib/python3.12/site-packages/airflow/example_dags/example_branch_labels.py for tasks to queue
[2026-08-24T13:56:17.931+0000] {logging_mixin.py:188} INFO - [2026-08-24T13:56:17.931+0000] {dagbag.py:545} INFO - Filling up the DagBag from /home/airflow/.local/lib/python3.12/site-packages/airflow/example_dags/example_branch_labels.py
[2026-08-24T13:56:17.940+0000] {processor.py:840} INFO - DAG(s) 'example_branch_labels' retrieved from /home/airflow/.local/lib/python3.12/site-packages/airflow/example_dags/example_branch_labels.py
[2026-08-24T13:56:17.965+0000] {logging_mixin.py:188} INFO - [2026-08-24T13:56:17.965+0000] {dag.py:3096} INFO - Sync 1 DAGs
[2026-08-24T13:56:18.006+0000] {logging_mixin.py:188} INFO - [2026-08-24T13:56:18.005+0000] {dag.py:3954} INFO - Setting next_dagrun for example_branch_labels to 2026-08-23 00:00:00+00:00, run_after=2026-08-24 00:00:00+00:00
[2026-08-24T13:56:18.030+0000] {processor.py:183} INFO - Processing /home/airflow/.local/lib/python3.12/site-packages/airflow/example_dags/example_branch_labels.py took 0.109 seconds
[2026-08-24T13:56:48.589+0000] {processor.py:161} INFO - Started process (PID=669) to work on /home/airflow/.local/lib/python3.12/site-packages/airflow/example_dags/example_branch_labels.py
[2026-08-24T13:56:48.590+0000] {processor.py:830} INFO - Processing file /home/airflow/.local/lib/python3.12/site-packages/airflow/example_dags/example_branch_labels.py for tasks to queue
[2026-08-24T13:56:48.595+0000] {logging_mixin.py:188} INFO - [2026-08-24T13:56:48.594+0000] {dagbag.py:545} INFO - Filling up the DagBag from /home/airflow/.local/lib/python3.12/site-packages/airflow/example_dags/example_branch_labels.py
[2026-08-24T13:56:48.608+0000] {processor.py:840} INFO - DAG(s) 'example_branch_labels' retrieved from /home/airflow/.local/lib/python3.12/site-packages/airflow/example_dags/example_branch_labels.py
[2026-08-24T13:56:48.642+0000] {logging_mixin.py:188} INFO - [2026-08-24T13:56:48.641+0000] {dag.py:3096} INFO - Sync 1 DAGs
[2026-08-24T13:56:48.680+0000] {logging_mixin.py:188} INFO - [2026-08-24T13:56:48.680+0000] {dag.py:3954} INFO - Setting next_dagrun for example_branch_labels to 2026-08-23 00:00:00+00:00, run_after=2026-08-24 00:00:00+00:00
[2026-08-24T13:56:48.714+0000] {processor.py:183} INFO - Processing /home/airflow/.local/lib/python3.12/site-packages/airflow/example_dags/example_branch_labels.py took 0.135 seconds
[2026-08-24T13:57:19.642+0000] {processor.py:161} INFO - Started process (PID=729) to work on /home/airflow/.local/lib/python3.12/site-packages/airflow/example_dags/example_branch_labels.py
[2026-08-24T13:57:19.645+0000] {processor.py:830} INFO - Processing file /home/airflow/.local/lib/python3.12/site-packages/airflow/example_dags/example_branch_labels.py for tasks to queue
[2026-08-24T13:57:19.648+0000] {logging_mixin.py:188} INFO - [2026-08-24T13:57:19.648+0000] {dagbag.py:545} INFO - Filling up the DagBag from /home/airflow/.local/lib/python3.12/site-packages/airflow/example_dags/example_branch_labels.py
[2026-08-24T13:57:19.659+0000] {processor.py:840} INFO - DAG(s) 'example_branch_labels' retrieved from /home/airflow/.local/lib/python3.12/site-packages/airflow/example_dags/example_branch_labels.py
[2026-08-24T13:57:19.693+0000] {logging_mixin.py:188} INFO - [2026-08-24T13:57:19.693+0000] {dag.py:3096} INFO - Sync 1 DAGs
[2026-08-24T13:57:19.725+0000] {logging_mixin.py:188} INFO - [2026-08-24T13:57:19.724+0000] {dag.py:3954} INFO - Setting next_dagrun for example_branch_labels to 2026-08-23 00:00:00+00:00, run_after=2026-08-24 00:00:00+00:00
[2026-08-24T13:57:19.771+0000] {processor.py:183} INFO - Processing /home/airflow/.local/lib/python3.12/site-packages/airflow/example_dags/example_branch_labels.py took 0.140 seconds
[2026-08-24T13:57:50.249+0000] {processor.py:161} INFO - Started process (PID=788) to work on /home/airflow/.local/lib/python3.12/site-packages/airflow/example_dags/example_branch_labels.py
[2026-08-24T13:57:50.250+0000] {processor.py:830} INFO - Processing file /home/airflow/.local/lib/python3.12/site-packages/airflow/example_dags/example_branch_labels.py for tasks to queue
[2026-08-24T13:57:50.253+0000] {logging_mixin.py:188} INFO - [2026-08-24T13:57:50.252+0000] {dagbag.py:545} INFO - Filling up the DagBag from /home/airflow/.local/lib/python3.12/site-packages/airflow/example_dags/example_branch_labels.py
[2026-08-24T13:57:50.263+0000] {processor.py:840} INFO - DAG(s) 'example_branch_labels' retrieved from /home/airflow/.local/lib/python3.12/site-packages/airflow/example_dags/example_branch_labels.py
[2026-08-24T13:57:50.288+0000] {logging_mixin.py:188} INFO - [2026-08-24T13:57:50.288+0000] {dag.py:3096} INFO - Sync 1 DAGs
[2026-08-24T13:57:50.315+0000] {logging_mixin.py:188} INFO - [2026-08-24T13:57:50.314+0000] {dag.py:3954} INFO - Setting next_dagrun for example_branch_labels to 2026-08-23 00:00:00+00:00, run_after=2026-08-24 00:00:00+00:00
[2026-08-24T13:57:50.590+0000] {processor.py:183} INFO - Processing /home/airflow/.local/lib/python3.12/site-packages/airflow/example_dags/example_branch_labels.py took 0.349 seconds
[2026-08-24T13:58:20.763+0000] {processor.py:161} INFO - Started process (PID=848) to work on /home/airflow/.local/lib/python3.12/site-packages/airflow/example_dags/example_branch_labels.py
[2026-08-24T13:58:20.765+0000] {processor.py:830} INFO - Processing file /home/airflow/.local/lib/python3.12/site-packages/airflow/example_dags/example_branch_labels.py for tasks to queue
[2026-08-24T13:58:20.767+0000] {logging_mixin.py:188} INFO - [2026-08-24T13:58:20.767+0000] {dagbag.py:545} INFO - Filling up the DagBag from /home/airflow/.local/lib/python3.12/site-packages/airflow/example_dags/example_branch_labels.py
[2026-08-24T13:58:20.777+0000] {processor.py:840} INFO - DAG(s) 'example_branch_labels' retrieved from /home/airflow/.local/lib/python3.12/site-packages/airflow/example_dags/example_branch_labels.py
[2026-08-24T13:58:20.804+0000] {logging_mixin.py:188} INFO - [2026-08-24T13:58:20.803+0000] {dag.py:3096} INFO - Sync 1 DAGs
[2026-08-24T13:58:20.832+0000] {logging_mixin.py:188} INFO - [2026-08-24T13:58:20.831+0000] {dag.py:3954} INFO - Setting next_dagrun for example_branch_labels to 2026-08-23 00:00:00+00:00, run_after=2026-08-24 00:00:00+00:00
[2026-08-24T13:58:21.001+0000] {processor.py:183} INFO - Processing /home/airflow/.local/lib/python3.12/site-packages/airflow/example_dags/example_branch_labels.py took 0.247 seconds
[2026-08-24T13:58:51.819+0000] {processor.py:161} INFO - Started process (PID=907) to work on /home/airflow/.local/lib/python3.12/site-packages/airflow/example_dags/example_branch_labels.py
[2026-08-24T13:58:51.820+0000] {processor.py:830} INFO - Processing file /home/airflow/.local/lib/python3.12/site-packages/airflow/example_dags/example_branch_labels.py for tasks to queue
[2026-08-24T13:58:51.823+0000] {logging_mixin.py:188} INFO - [2026-08-24T13:58:51.822+0000] {dagbag.py:545} INFO - Filling up the DagBag from /home/airflow/.local/lib/python3.12/site-packages/airflow/example_dags/example_branch_labels.py
[2026-08-24T13:58:51.832+0000] {processor.py:840} INFO - DAG(s) 'example_branch_labels' retrieved from /home/airflow/.local/lib/python3.12/site-packages/airflow/example_dags/example_branch_labels.py
[2026-08-24T13:58:51.857+0000] {logging_mixin.py:188} INFO - [2026-08-24T13:58:51.857+0000] {dag.py:3096} INFO - Sync 1 DAGs
[2026-08-24T13:58:51.884+0000] {logging_mixin.py:188} INFO - [2026-08-24T13:58:51.884+0000] {dag.py:3954} INFO - Setting next_dagrun for example_branch_labels to 2026-08-23 00:00:00+00:00, run_after=2026-08-24 00:00:00+00:00
[2026-08-24T13:58:51.906+0000] {processor.py:183} INFO - Processing /home/airflow/.local/lib/python3.12/site-packages/airflow/example_dags/example_branch_labels.py took 0.094 seconds
[2026-08-24T14:00:34.001+0000] {processor.py:161} INFO - Started process (PID=91) to work on /home/airflow/.local/lib/python3.12/site-packages/airflow/example_dags/example_branch_labels.py
[2026-08-24T14:00:34.003+0000] {processor.py:830} INFO - Processing file /home/airflow/.local/lib/python3.12/site-packages/airflow/example_dags/example_branch_labels.py for tasks to queue
[2026-08-24T14:00:34.007+0000] {logging_mixin.py:188} INFO - [2026-08-24T14:00:34.006+0000] {dagbag.py:545} INFO - Filling up the DagBag from /home/airflow/.local/lib/python3.12/site-packages/airflow/example_dags/example_branch_labels.py
[2026-08-24T14:00:34.028+0000] {processor.py:840} INFO - DAG(s) 'example_branch_labels' retrieved from /home/airflow/.local/lib/python3.12/site-packages/airflow/example_dags/example_branch_labels.py
[2026-08-24T14:00:34.247+0000] {logging_mixin.py:188} INFO - [2026-08-24T14:00:34.247+0000] {dag.py:3096} INFO - Sync 1 DAGs
[2026-08-24T14:00:34.289+0000] {logging_mixin.py:188} INFO - [2026-08-24T14:00:34.289+0000] {dag.py:3954} INFO - Setting next_dagrun for example_branch_labels to 2026-08-23 00:00:00+00:00, run_after=2026-08-24 00:00:00+00:00
[2026-08-24T14:00:34.334+0000] {processor.py:183} INFO - Processing /home/airflow/.local/lib/python3.12/site-packages/airflow/example_dags/example_branch_labels.py took 0.341 seconds
[2026-08-24T14:01:05.163+0000] {processor.py:161} INFO - Started process (PID=150) to work on /home/airflow/.local/lib/python3.12/site-packages/airflow/example_dags/example_branch_labels.py
[2026-08-24T14:01:05.165+0000] {processor.py:830} INFO - Processing file /home/airflow/.local/lib/python3.12/site-packages/airflow/example_dags/example_branch_labels.py for tasks to queue
[2026-08-24T14:01:05.167+0000] {logging_mixin.py:188} INFO - [2026-08-24T14:01:05.167+0000] {dagbag.py:545} INFO - Filling up the DagBag from /home/airflow/.local/lib/python3.12/site-packages/airflow/example_dags/example_branch_labels.py
[2026-08-24T14:01:05.176+0000] {processor.py:840} INFO - DAG(s) 'example_branch_labels' retrieved from /home/airflow/.local/lib/python3.12/site-packages/airflow/example_dags/example_branch_labels.py
[2026-08-24T14:01:05.206+0000] {logging_mixin.py:188} INFO - [2026-08-24T14:01:05.206+0000] {dag.py:3096} INFO - Sync 1 DAGs
[2026-08-24T14:01:05.245+0000] {logging_mixin.py:188} INFO - [2026-08-24T14:01:05.245+0000] {dag.py:3954} INFO - Setting next_dagrun for example_branch_labels to 2026-08-23 00:00:00+00:00, run_after=2026-08-24 00:00:00+00:00
[2026-08-24T14:01:05.279+0000] {processor.py:183} INFO - Processing /home/airflow/.local/lib/python3.12/site-packages/airflow/example_dags/example_branch_labels.py took 0.123 seconds
[2026-08-24T14:01:35.410+0000] {processor.py:161} INFO - Started process (PID=209) to work on /home/airflow/.local/lib/python3.12/site-packages/airflow/example_dags/example_branch_labels.py
[2026-08-24T14:01:35.412+0000] {processor.py:830} INFO - Processing file /home/airflow/.local/lib/python3.12/site-packages/airflow/example_dags/example_branch_labels.py for tasks to queue
[2026-08-24T14:01:35.415+0000] {logging_mixin.py:188} INFO - [2026-08-24T14:01:35.414+0000] {dagbag.py:545} INFO - Filling up the DagBag from /home/airflow/.local/lib/python3.12/site-packages/airflow/example_dags/example_branch_labels.py
[2026-08-24T14:01:35.426+0000] {processor.py:840} INFO - DAG(s) 'example_branch_labels' retrieved from /home/airflow/.local/lib/python3.12/site-packages/airflow/example_dags/example_branch_labels.py
[2026-08-24T14:01:35.457+0000] {logging_mixin.py:188} INFO - [2026-08-24T14:01:35.457+0000] {dag.py:3096} INFO - Sync 1 DAGs
[2026-08-24T14:01:35.487+0000] {logging_mixin.py:188} INFO - [2026-08-24T14:01:35.487+0000] {dag.py:3954} INFO - Setting next_dagrun for example_branch_labels to 2026-08-23 00:00:00+00:00, run_after=2026-08-24 00:00:00+00:00
[2026-08-24T14:01:35.514+0000] {processor.py:183} INFO - Processing /home/airflow/.local/lib/python3.12/site-packages/airflow/example_dags/example_branch_labels.py took 0.112 seconds
[2026-08-24T14:02:05.619+0000] {processor.py:161} INFO - Started process (PID=268) to work on /home/airflow/.local/lib/python3.12/site-packages/airflow/example_dags/example_branch_labels.py
[2026-08-24T14:02:05.620+0000] {processor.py:830} INFO - Processing file /home/airflow/.local/lib/python3.12/site-packages/airflow/example_dags/example_branch_labels.py for tasks to queue
[2026-08-24T14:02:05.623+0000] {logging_mixin.py:188} INFO - [2026-08-24T14:02:05.622+0000] {dagbag.py:545} INFO - Filling up the DagBag from /home/airflow/.local/lib/python3.12/site-packages/airflow/example_dags/example_branch_labels.py
[2026-08-24T14:02:05.632+0000] {processor.py:840} INFO - DAG(s) 'example_branch_labels' retrieved from /home/airflow/.local/lib/python3.12/site-packages/airflow/example_dags/example_branch_labels.py
[2026-08-24T14:02:05.657+0000] {logging_mixin.py:188} INFO - [2026-08-24T14:02:05.657+0000] {dag.py:3096} INFO - Sync 1 DAGs
[2026-08-24T14:02:05.684+0000] {logging_mixin.py:188} INFO - [2026-08-24T14:02:05.684+0000] {dag.py:3954} INFO - Setting next_dagrun for example_branch_labels to 2026-08-23 00:00:00+00:00, run_after=2026-08-24 00:00:00+00:00
[2026-08-24T14:02:05.708+0000] {processor.py:183} INFO - Processing /home/airflow/.local/lib/python3.12/site-packages/airflow/example_dags/example_branch_labels.py took 0.096 seconds
[2026-08-24T14:02:35.910+0000] {processor.py:161} INFO - Started process (PID=328) to work on /home/airflow/.local/lib/python3.12/site-packages/airflow/example_dags/example_branch_labels.py
[2026-08-24T14:02:35.911+0000] {processor.py:830} INFO - Processing file /home/airflow/.local/lib/python3.12/site-packages/airflow/example_dags/example_branch_labels.py for tasks to queue
[2026-08-24T14:02:35.914+0000] {logging_mixin.py:188} INFO - [2026-08-24T14:02:35.913+0000] {dagbag.py:545} INFO - Filling up the DagBag from /home/airflow/.local/lib/python3.12/site-packages/airflow/example_dags/example_branch_labels.py
[2026-08-24T14:02:35.923+0000] {processor.py:840} INFO - DAG(s) 'example_branch_labels' retrieved from /home/airflow/.local/lib/python3.12/site-packages/airflow/example_dags/example_branch_labels.py
[2026-08-24T14:02:35.948+0000] {logging_mixin.py:188} INFO - [2026-08-24T14:02:35.948+0000] {dag.py:3096} INFO - Sync 1 DAGs
[2026-08-24T14:02:35.979+0000] {logging_mixin.py:188} INFO - [2026-08-24T14:02:35.978+0000] {dag.py:3954} INFO - Setting next_dagrun for example_branch_labels to 2026-08-23 00:00:00+00:00, run_after=2026-08-24 00:00:00+00:00
[2026-08-24T14:02:36.003+0000] {processor.py:183} INFO - Processing /home/airflow/.local/lib/python3.12/site-packages/airflow/example_dags/example_branch_labels.py took 0.100 seconds
[2026-08-24T14:03:06.270+0000] {processor.py:161} INFO - Started process (PID=387) to work on /home/airflow/.local/lib/python3.12/site-packages/airflow/example_dags/example_branch_labels.py
[2026-08-24T14:03:06.271+0000] {processor.py:830} INFO - Processing file /home/airflow/.local/lib/python3.12/site-packages/airflow/example_dags/example_branch_labels.py for tasks to queue
[2026-08-24T14:03:06.274+0000] {logging_mixin.py:188} INFO - [2026-08-24T14:03:06.273+0000] {dagbag.py:545} INFO - Filling up the DagBag from /home/airflow/.local/lib/python3.12/site-packages/airflow/example_dags/example_branch_labels.py
[2026-08-24T14:03:06.283+0000] {processor.py:840} INFO - DAG(s) 'example_branch_labels' retrieved from /home/airflow/.local/lib/python3.12/site-packages/airflow/example_dags/example_branch_labels.py
[2026-08-24T14:03:06.310+0000] {logging_mixin.py:188} INFO - [2026-08-24T14:03:06.310+0000] {dag.py:3096} INFO - Sync 1 DAGs
[2026-08-24T14:03:06.339+0000] {logging_mixin.py:188} INFO - [2026-08-24T14:03:06.339+0000] {dag.py:3954} INFO - Setting next_dagrun for example_branch_labels to 2026-08-23 00:00:00+00:00, run_after=2026-08-24 00:00:00+00:00
[2026-08-24T14:03:06.367+0000] {processor.py:183} INFO - Processing /home/airflow/.local/lib/python3.12/site-packages/airflow/example_dags/example_branch_labels.py took 0.104 seconds
[2026-08-24T14:07:37.451+0000] {processor.py:161} INFO - Started process (PID=97) to work on /home/airflow/.local/lib/python3.12/site-packages/airflow/example_dags/example_branch_labels.py
[2026-08-24T14:07:37.453+0000] {processor.py:830} INFO - Processing file /home/airflow/.local/lib/python3.12/site-packages/airflow/example_dags/example_branch_labels.py for tasks to queue
[2026-08-24T14:07:37.456+0000] {logging_mixin.py:188} INFO - [2026-08-24T14:07:37.455+0000] {dagbag.py:545} INFO - Filling up the DagBag from /home/airflow/.local/lib/python3.12/site-packages/airflow/example_dags/example_branch_labels.py
[2026-08-24T14:07:37.477+0000] {processor.py:840} INFO - DAG(s) 'example_branch_labels' retrieved from /home/airflow/.local/lib/python3.12/site-packages/airflow/example_dags/example_branch_labels.py
[2026-08-24T14:07:37.699+0000] {logging_mixin.py:188} INFO - [2026-08-24T14:07:37.699+0000] {dag.py:3096} INFO - Sync 1 DAGs
[2026-08-24T14:07:37.740+0000] {logging_mixin.py:188} INFO - [2026-08-24T14:07:37.739+0000] {dag.py:3954} INFO - Setting next_dagrun for example_branch_labels to 2026-08-23 00:00:00+00:00, run_after=2026-08-24 00:00:00+00:00
[2026-08-24T14:07:37.783+0000] {processor.py:183} INFO - Processing /home/airflow/.local/lib/python3.12/site-packages/airflow/example_dags/example_branch_labels.py took 0.342 seconds
[2026-08-24T14:08:08.669+0000] {processor.py:161} INFO - Started process (PID=156) to work on /home/airflow/.local/lib/python3.12/site-packages/airflow/example_dags/example_branch_labels.py
[2026-08-24T14:08:08.676+0000] {processor.py:830} INFO - Processing file /home/airflow/.local/lib/python3.12/site-packages/airflow/example_dags/example_branch_labels.py for tasks to queue
[2026-08-24T14:08:08.680+0000] {logging_mixin.py:188} INFO - [2026-08-24T14:08:08.679+0000] {dagbag.py:545} INFO - Filling up the DagBag from /home/airflow/.local/lib/python3.12/site-packages/airflow/example_dags/example_branch_labels.py
[2026-08-24T14:08:08.694+0000] {processor.py:840} INFO - DAG(s) 'example_branch_labels' retrieved from /home/airflow/.local/lib/python3.12/site-packages/airflow/example_dags/example_branch_labels.py
[2026-08-24T14:08:08.728+0000] {logging_mixin.py:188} INFO - [2026-08-24T14:08:08.727+0000] {dag.py:3096} INFO - Sync 1 DAGs
[2026-08-24T14:08:08.757+0000] {logging_mixin.py:188} INFO - [2026-08-24T14:08:08.757+0000] {dag.py:3954} INFO - Setting next_dagrun for example_branch_labels to 2026-08-23 00:00:00+00:00, run_after=2026-08-24 00:00:00+00:00
[2026-08-24T14:08:08.781+0000] {processor.py:183} INFO - Processing /home/airflow/.local/lib/python3.12/site-packages/airflow/example_dags/example_branch_labels.py took 0.125 seconds
[2026-08-24T14:08:39.360+0000] {processor.py:161} INFO - Started process (PID=215) to work on /home/airflow/.local/lib/python3.12/site-packages/airflow/example_dags/example_branch_labels.py
[2026-08-24T14:08:39.362+0000] {processor.py:830} INFO - Processing file /home/airflow/.local/lib/python3.12/site-packages/airflow/example_dags/example_branch_labels.py for tasks to queue
[2026-08-24T14:08:39.366+0000] {logging_mixin.py:188} INFO - [2026-08-24T14:08:39.365+0000] {dagbag.py:545} INFO - Filling up the DagBag from /home/airflow/.local/lib/python3.12/site-packages/airflow/example_dags/example_branch_labels.py
[2026-08-24T14:08:39.377+0000] {processor.py:840} INFO - DAG(s) 'example_branch_labels' retrieved from /home/airflow/.local/lib/python3.12/site-packages/airflow/example_dags/example_branch_labels.py
[2026-08-24T14:08:39.408+0000] {logging_mixin.py:188} INFO - [2026-08-24T14:08:39.408+0000] {dag.py:3096} INFO - Sync 1 DAGs
[2026-08-24T14:08:39.446+0000] {logging_mixin.py:188} INFO - [2026-08-24T14:08:39.445+0000] {dag.py:3954} INFO - Setting next_dagrun for example_branch_labels to 2026-08-23 00:00:00+00:00, run_after=2026-08-24 00:00:00+00:00
[2026-08-24T14:08:39.476+0000] {processor.py:183} INFO - Processing /home/airflow/.local/lib/python3.12/site-packages/airflow/example_dags/example_branch_labels.py took 0.125 seconds
[2026-08-24T14:09:09.829+0000] {processor.py:161} INFO - Started process (PID=274) to work on /home/airflow/.local/lib/python3.12/site-packages/airflow/example_dags/example_branch_labels.py
[2026-08-24T14:09:09.832+0000] {processor.py:830} INFO - Processing file /home/airflow/.local/lib/python3.12/site-packages/airflow/example_dags/example_branch_labels.py for tasks to queue
[2026-08-24T14:09:09.834+0000] {logging_mixin.py:188} INFO - [2026-08-24T14:09:09.834+0000] {dagbag.py:545} INFO - Filling up the DagBag from /home/airflow/.local/lib/python3.12/site-packages/airflow/example_dags/example_branch_labels.py
[2026-08-24T14:09:09.848+0000] {processor.py:840} INFO - DAG(s) 'example_branch_labels' retrieved from /home/airflow/.local/lib/python3.12/site-packages/airflow/example_dags/example_branch_labels.py
[2026-08-24T14:09:09.880+0000] {logging_mixin.py:188} INFO - [2026-08-24T14:09:09.879+0000] {dag.py:3096} INFO - Sync 1 DAGs
[2026-08-24T14:09:09.916+0000] {logging_mixin.py:188} INFO - [2026-08-24T14:09:09.916+0000] {dag.py:3954} INFO - Setting next_dagrun for example_branch_labels to 2026-08-23 00:00:00+00:00, run_after=2026-08-24 00:00:00+00:00
[2026-08-24T14:09:09.949+0000] {processor.py:183} INFO - Processing /home/airflow/.local/lib/python3.12/site-packages/airflow/example_dags/example_branch_labels.py took 0.128 seconds
[2026-08-24T14:09:40.355+0000] {processor.py:161} INFO - Started process (PID=333) to work on /home/airflow/.local/lib/python3.12/site-packages/airflow/example_dags/example_branch_labels.py
[2026-08-24T14:09:40.357+0000] {processor.py:830} INFO - Processing file /home/airflow/.local/lib/python3.12/site-packages/airflow/example_dags/example_branch_labels.py for tasks to queue
[2026-08-24T14:09:40.359+0000] {logging_mixin.py:188} INFO - [2026-08-24T14:09:40.359+0000] {dagbag.py:545} INFO - Filling up the DagBag from /home/airflow/.local/lib/python3.12/site-packages/airflow/example_dags/example_branch_labels.py
[2026-08-24T14:09:40.369+0000] {processor.py:840} INFO - DAG(s) 'example_branch_labels' retrieved from /home/airflow/.local/lib/python3.12/site-packages/airflow/example_dags/example_branch_labels.py
[2026-08-24T14:09:40.398+0000] {logging_mixin.py:188} INFO - [2026-08-24T14:09:40.398+0000] {dag.py:3096} INFO - Sync 1 DAGs
[2026-08-24T14:09:40.434+0000] {logging_mixin.py:188} INFO - [2026-08-24T14:09:40.434+0000] {dag.py:3954} INFO - Setting next_dagrun for example_branch_labels to 2026-08-23 00:00:00+00:00, run_after=2026-08-24 00:00:00+00:00
[2026-08-24T14:09:40.462+0000] {processor.py:183} INFO - Processing /home/airflow/.local/lib/python3.12/site-packages/airflow/example_dags/example_branch_labels.py took 0.115 seconds
[2026-08-24T14:10:10.953+0000] {processor.py:161} INFO - Started process (PID=392) to work on /home/airflow/.local/lib/python3.12/site-packages/airflow/example_dags/example_branch_labels.py
[2026-08-24T14:10:10.954+0000] {processor.py:830} INFO - Processing file /home/airflow/.local/lib/python3.12/site-packages/airflow/example_dags/example_branch_labels.py for tasks to queue
[2026-08-24T14:10:10.957+0000] {logging_mixin.py:188} INFO - [2026-08-24T14:10:10.956+0000] {dagbag.py:545} INFO - Filling up the DagBag from /home/airflow/.local/lib/python3.12/site-packages/airflow/example_dags/example_branch_labels.py
[2026-08-24T14:10:10.967+0000] {processor.py:840} INFO - DAG(s) 'example_branch_labels' retrieved from /home/airflow/.local/lib/python3.12/site-packages/airflow/example_dags/example_branch_labels.py
[2026-08-24T14:10:10.998+0000] {logging_mixin.py:188} INFO - [2026-08-24T14:10:10.997+0000] {dag.py:3096} INFO - Sync 1 DAGs
[2026-08-24T14:10:11.032+0000] {logging_mixin.py:188} INFO - [2026-08-24T14:10:11.031+0000] {dag.py:3954} INFO - Setting next_dagrun for example_branch_labels to 2026-08-23 00:00:00+00:00, run_after=2026-08-24 00:00:00+00:00
[2026-08-24T14:10:11.058+0000] {processor.py:183} INFO - Processing /home/airflow/.local/lib/python3.12/site-packages/airflow/example_dags/example_branch_labels.py took 0.116 seconds
[2026-08-24T14:10:41.488+0000] {processor.py:161} INFO - Started process (PID=451) to work on /home/airflow/.local/lib/python3.12/site-packages/airflow/example_dags/example_branch_labels.py
[2026-08-24T14:10:41.489+0000] {processor.py:830} INFO - Processing file /home/airflow/.local/lib/python3.12/site-packages/airflow/example_dags/example_branch_labels.py for tasks to queue
[2026-08-24T14:10:41.492+0000] {logging_mixin.py:188} INFO - [2026-08-24T14:10:41.492+0000] {dagbag.py:545} INFO - Filling up the DagBag from /home/airflow/.local/lib/python3.12/site-packages/airflow/example_dags/example_branch_labels.py
[2026-08-24T14:10:41.503+0000] {processor.py:840} INFO - DAG(s) 'example_branch_labels' retrieved from /home/airflow/.local/lib/python3.12/site-packages/airflow/example_dags/example_branch_labels.py
[2026-08-24T14:10:41.539+0000] {logging_mixin.py:188} INFO - [2026-08-24T14:10:41.539+0000] {dag.py:3096} INFO - Sync 1 DAGs
[2026-08-24T14:10:41.576+0000] {logging_mixin.py:188} INFO - [2026-08-24T14:10:41.575+0000] {dag.py:3954} INFO - Setting next_dagrun for example_branch_labels to 2026-08-23 00:00:00+00:00, run_after=2026-08-24 00:00:00+00:00
[2026-08-24T14:10:41.616+0000] {processor.py:183} INFO - Processing /home/airflow/.local/lib/python3.12/site-packages/airflow/example_dags/example_branch_labels.py took 0.136 seconds
[2026-08-24T14:13:24.843+0000] {processor.py:161} INFO - Started process (PID=101) to work on /home/airflow/.local/lib/python3.12/site-packages/airflow/example_dags/example_branch_labels.py
[2026-08-24T14:13:24.845+0000] {processor.py:830} INFO - Processing file /home/airflow/.local/lib/python3.12/site-packages/airflow/example_dags/example_branch_labels.py for tasks to queue
[2026-08-24T14:13:24.849+0000] {logging_mixin.py:188} INFO - [2026-08-24T14:13:24.848+0000] {dagbag.py:545} INFO - Filling up the DagBag from /home/airflow/.local/lib/python3.12/site-packages/airflow/example_dags/example_branch_labels.py
[2026-08-24T14:13:24.871+0000] {processor.py:840} INFO - DAG(s) 'example_branch_labels' retrieved from /home/airflow/.local/lib/python3.12/site-packages/airflow/example_dags/example_branch_labels.py
[2026-08-24T14:13:25.068+0000] {logging_mixin.py:188} INFO - [2026-08-24T14:13:25.068+0000] {dag.py:3096} INFO - Sync 1 DAGs
[2026-08-24T14:13:25.101+0000] {logging_mixin.py:188} INFO - [2026-08-24T14:13:25.100+0000] {dag.py:3954} INFO - Setting next_dagrun for example_branch_labels to 2026-08-23 00:00:00+00:00, run_after=2026-08-24 00:00:00+00:00
[2026-08-24T14:13:25.127+0000] {processor.py:183} INFO - Processing /home/airflow/.local/lib/python3.12/site-packages/airflow/example_dags/example_branch_labels.py took 0.298 seconds
[2026-08-24T14:13:56.034+0000] {processor.py:161} INFO - Started process (PID=160) to work on /home/airflow/.local/lib/python3.12/site-packages/airflow/example_dags/example_branch_labels.py
[2026-08-24T14:13:56.035+0000] {processor.py:830} INFO - Processing file /home/airflow/.local/lib/python3.12/site-packages/airflow/example_dags/example_branch_labels.py for tasks to queue
[2026-08-24T14:13:56.037+0000] {logging_mixin.py:188} INFO - [2026-08-24T14:13:56.037+0000] {dagbag.py:545} INFO - Filling up the DagBag from /home/airflow/.local/lib/python3.12/site-packages/airflow/example_dags/example_branch_labels.py
[2026-08-24T14:13:56.047+0000] {processor.py:840} INFO - DAG(s) 'example_branch_labels' retrieved from /home/airflow/.local/lib/python3.12/site-packages/airflow/example_dags/example_branch_labels.py
[2026-08-24T14:13:56.073+0000] {logging_mixin.py:188} INFO - [2026-08-24T14:13:56.073+0000] {dag.py:3096} INFO - Sync 1 DAGs
[2026-08-24T14:13:56.103+0000] {logging_mixin.py:188} INFO - [2026-08-24T14:13:56.103+0000] {dag.py:3954} INFO - Setting next_dagrun for example_branch_labels to 2026-08-23 00:00:00+00:00, run_after=2026-08-24 00:00:00+00:00
[2026-08-24T14:13:56.135+0000] {processor.py:183} INFO - Processing /home/airflow/.local/lib/python3.12/site-packages/airflow/example_dags/example_branch_labels.py took 0.109 seconds
[2026-08-24T14:14:26.669+0000] {processor.py:161} INFO - Started process (PID=219) to work on /home/airflow/.local/lib/python3.12/site-packages/airflow/example_dags/example_branch_labels.py
[2026-08-24T14:14:26.670+0000] {processor.py:830} INFO - Processing file /home/airflow/.local/lib/python3.12/site-packages/airflow/example_dags/example_branch_labels.py for tasks to queue
[2026-08-24T14:14:26.673+0000] {logging_mixin.py:188} INFO - [2026-08-24T14:14:26.673+0000] {dagbag.py:545} INFO - Filling up the DagBag from /home/airflow/.local/lib/python3.12/site-packages/airflow/example_dags/example_branch_labels.py
[2026-08-24T14:14:26.682+0000] {processor.py:840} INFO - DAG(s) 'example_branch_labels' retrieved from /home/airflow/.local/lib/python3.12/site-packages/airflow/example_dags/example_branch_labels.py
[2026-08-24T14:14:26.710+0000] {logging_mixin.py:188} INFO - [2026-08-24T14:14:26.710+0000] {dag.py:3096} INFO - Sync 1 DAGs
[2026-08-24T14:14:26.739+0000] {logging_mixin.py:188} INFO - [2026-08-24T14:14:26.739+0000] {dag.py:3954} INFO - Setting next_dagrun for example_branch_labels to 2026-08-23 00:00:00+00:00, run_after=2026-08-24 00:00:00+00:00
[2026-08-24T14:14:26.762+0000] {processor.py:183} INFO - Processing /home/airflow/.local/lib/python3.12/site-packages/airflow/example_dags/example_branch_labels.py took 0.101 seconds
[2026-08-24T14:14:57.286+0000] {processor.py:161} INFO - Started process (PID=278) to work on /home/airflow/.local/lib/python3.12/site-packages/airflow/example_dags/example_branch_labels.py
[2026-08-24T14:14:57.287+0000] {processor.py:830} INFO - Processing file /home/airflow/.local/lib/python3.12/site-packages/airflow/example_dags/example_branch_labels.py for tasks to queue
[2026-08-24T14:14:57.289+0000] {logging_mixin.py:188} INFO - [2026-08-24T14:14:57.289+0000] {dagbag.py:545} INFO - Filling up the DagBag from /home/airflow/.local/lib/python3.12/site-packages/airflow/example_dags/example_branch_labels.py
[2026-08-24T14:14:57.299+0000] {processor.py:840} INFO - DAG(s) 'example_branch_labels' retrieved from /home/airflow/.local/lib/python3.12/site-packages/airflow/example_dags/example_branch_labels.py
[2026-08-24T14:14:57.325+0000] {logging_mixin.py:188} INFO - [2026-08-24T14:14:57.324+0000] {dag.py:3096} INFO - Sync 1 DAGs
[2026-08-24T14:14:57.356+0000] {logging_mixin.py:188} INFO - [2026-08-24T14:14:57.355+0000] {dag.py:3954} INFO - Setting next_dagrun for example_branch_labels to 2026-08-23 00:00:00+00:00, run_after=2026-08-24 00:00:00+00:00
[2026-08-24T14:14:57.379+0000] {processor.py:183} INFO - Processing /home/airflow/.local/lib/python3.12/site-packages/airflow/example_dags/example_branch_labels.py took 0.103 seconds
[2026-08-24T14:15:27.825+0000] {processor.py:161} INFO - Started process (PID=337) to work on /home/airflow/.local/lib/python3.12/site-packages/airflow/example_dags/example_branch_labels.py
[2026-08-24T14:15:27.826+0000] {processor.py:830} INFO - Processing file /home/airflow/.local/lib/python3.12/site-packages/airflow/example_dags/example_branch_labels.py for tasks to queue
[2026-08-24T14:15:27.829+0000] {logging_mixin.py:188} INFO - [2026-08-24T14:15:27.829+0000] {dagbag.py:545} INFO - Filling up the DagBag from /home/airflow/.local/lib/python3.12/site-packages/airflow/example_dags/example_branch_labels.py
[2026-08-24T14:15:27.841+0000] {processor.py:840} INFO - DAG(s) 'example_branch_labels' retrieved from /home/airflow/.local/lib/python3.12/site-packages/airflow/example_dags/example_branch_labels.py
[2026-08-24T14:15:27.867+0000] {logging_mixin.py:188} INFO - [2026-08-24T14:15:27.867+0000] {dag.py:3096} INFO - Sync 1 DAGs
[2026-08-24T14:15:27.897+0000] {logging_mixin.py:188} INFO - [2026-08-24T14:15:27.897+0000] {dag.py:3954} INFO - Setting next_dagrun for example_branch_labels to 2026-08-23 00:00:00+00:00, run_after=2026-08-24 00:00:00+00:00
[2026-08-24T14:15:27.922+0000] {processor.py:183} INFO - Processing /home/airflow/.local/lib/python3.12/site-packages/airflow/example_dags/example_branch_labels.py took 0.104 seconds
[2026-08-24T14:15:58.274+0000] {processor.py:161} INFO - Started process (PID=396) to work on /home/airflow/.local/lib/python3.12/site-packages/airflow/example_dags/example_branch_labels.py
[2026-08-24T14:15:58.277+0000] {processor.py:830} INFO - Processing file /home/airflow/.local/lib/python3.12/site-packages/airflow/example_dags/example_branch_labels.py for tasks to queue
[2026-08-24T14:15:58.283+0000] {logging_mixin.py:188} INFO - [2026-08-24T14:15:58.282+0000] {dagbag.py:545} INFO - Filling up the DagBag from /home/airflow/.local/lib/python3.12/site-packages/airflow/example_dags/example_branch_labels.py
[2026-08-24T14:15:58.306+0000] {processor.py:840} INFO - DAG(s) 'example_branch_labels' retrieved from /home/airflow/.local/lib/python3.12/site-packages/airflow/example_dags/example_branch_labels.py
[2026-08-24T14:15:58.363+0000] {logging_mixin.py:188} INFO - [2026-08-24T14:15:58.362+0000] {dag.py:3096} INFO - Sync 1 DAGs
[2026-08-24T14:15:58.425+0000] {logging_mixin.py:188} INFO - [2026-08-24T14:15:58.424+0000] {dag.py:3954} INFO - Setting next_dagrun for example_branch_labels to 2026-08-23 00:00:00+00:00, run_after=2026-08-24 00:00:00+00:00
[2026-08-24T14:15:58.486+0000] {processor.py:183} INFO - Processing /home/airflow/.local/lib/python3.12/site-packages/airflow/example_dags/example_branch_labels.py took 0.224 seconds
[2026-08-24T14:16:28.670+0000] {processor.py:161} INFO - Started process (PID=456) to work on /home/airflow/.local/lib/python3.12/site-packages/airflow/example_dags/example_branch_labels.py
[2026-08-24T14:16:28.671+0000] {processor.py:830} INFO - Processing file /home/airflow/.local/lib/python3.12/site-packages/airflow/example_dags/example_branch_labels.py for tasks to queue
[2026-08-24T14:16:28.674+0000] {logging_mixin.py:188} INFO - [2026-08-24T14:16:28.673+0000] {dagbag.py:545} INFO - Filling up the DagBag from /home/airflow/.local/lib/python3.12/site-packages/airflow/example_dags/example_branch_labels.py
[2026-08-24T14:16:28.685+0000] {processor.py:840} INFO - DAG(s) 'example_branch_labels' retrieved from /home/airflow/.local/lib/python3.12/site-packages/airflow/example_dags/example_branch_labels.py
[2026-08-24T14:16:28.711+0000] {logging_mixin.py:188} INFO - [2026-08-24T14:16:28.711+0000] {dag.py:3096} INFO - Sync 1 DAGs
[2026-08-24T14:16:28.743+0000] {logging_mixin.py:188} INFO - [2026-08-24T14:16:28.743+0000] {dag.py:3954} INFO - Setting next_dagrun for example_branch_labels to 2026-08-23 00:00:00+00:00, run_after=2026-08-24 00:00:00+00:00
[2026-08-24T14:16:28.765+0000] {processor.py:183} INFO - Processing /home/airflow/.local/lib/python3.12/site-packages/airflow/example_dags/example_branch_labels.py took 0.104 seconds
[2026-08-24T14:16:58.904+0000] {processor.py:161} INFO - Started process (PID=515) to work on /home/airflow/.local/lib/python3.12/site-packages/airflow/example_dags/example_branch_labels.py
[2026-08-24T14:16:58.906+0000] {processor.py:830} INFO - Processing file /home/airflow/.local/lib/python3.12/site-packages/airflow/example_dags/example_branch_labels.py for tasks to queue
[2026-08-24T14:16:58.909+0000] {logging_mixin.py:188} INFO - [2026-08-24T14:16:58.908+0000] {dagbag.py:545} INFO - Filling up the DagBag from /home/airflow/.local/lib/python3.12/site-packages/airflow/example_dags/example_branch_labels.py
[2026-08-24T14:16:58.922+0000] {processor.py:840} INFO - DAG(s) 'example_branch_labels' retrieved from /home/airflow/.local/lib/python3.12/site-packages/airflow/example_dags/example_branch_labels.py
[2026-08-24T14:16:58.960+0000] {logging_mixin.py:188} INFO - [2026-08-24T14:16:58.959+0000] {dag.py:3096} INFO - Sync 1 DAGs
[2026-08-24T14:16:59.007+0000] {logging_mixin.py:188} INFO - [2026-08-24T14:16:59.006+0000] {dag.py:3954} INFO - Setting next_dagrun for example_branch_labels to 2026-08-23 00:00:00+00:00, run_after=2026-08-24 00:00:00+00:00
[2026-08-24T14:16:59.035+0000] {processor.py:183} INFO - Processing /home/airflow/.local/lib/python3.12/site-packages/airflow/example_dags/example_branch_labels.py took 0.143 seconds
[2026-08-24T14:17:29.297+0000] {processor.py:161} INFO - Started process (PID=572) to work on /home/airflow/.local/lib/python3.12/site-packages/airflow/example_dags/example_branch_labels.py
[2026-08-24T14:17:29.299+0000] {processor.py:830} INFO - Processing file /home/airflow/.local/lib/python3.12/site-packages/airflow/example_dags/example_branch_labels.py for tasks to queue
[2026-08-24T14:17:29.301+0000] {logging_mixin.py:188} INFO - [2026-08-24T14:17:29.301+0000] {dagbag.py:545} INFO - Filling up the DagBag from /home/airflow/.local/lib/python3.12/site-packages/airflow/example_dags/example_branch_labels.py
[2026-08-24T14:17:29.311+0000] {processor.py:840} INFO - DAG(s) 'example_branch_labels' retrieved from /home/airflow/.local/lib/python3.12/site-packages/airflow/example_dags/example_branch_labels.py
[2026-08-24T14:17:29.353+0000] {logging_mixin.py:188} INFO - [2026-08-24T14:17:29.352+0000] {dag.py:3096} INFO - Sync 1 DAGs
[2026-08-24T14:17:29.393+0000] {logging_mixin.py:188} INFO - [2026-08-24T14:17:29.393+0000] {dag.py:3954} INFO - Setting next_dagrun for example_branch_labels to 2026-08-23 00:00:00+00:00, run_after=2026-08-24 00:00:00+00:00
[2026-08-24T14:17:29.427+0000] {processor.py:183} INFO - Processing /home/airflow/.local/lib/python3.12/site-packages/airflow/example_dags/example_branch_labels.py took 0.138 seconds
[2026-08-24T14:17:59.471+0000] {processor.py:161} INFO - Started process (PID=631) to work on /home/airflow/.local/lib/python3.12/site-packages/airflow/example_dags/example_branch_labels.py
[2026-08-24T14:17:59.472+0000] {processor.py:830} INFO - Processing file /home/airflow/.local/lib/python3.12/site-packages/airflow/example_dags/example_branch_labels.py for tasks to queue
[2026-08-24T14:17:59.474+0000] {logging_mixin.py:188} INFO - [2026-08-24T14:17:59.474+0000] {dagbag.py:545} INFO - Filling up the DagBag from /home/airflow/.local/lib/python3.12/site-packages/airflow/example_dags/example_branch_labels.py
[2026-08-24T14:17:59.485+0000] {processor.py:840} INFO - DAG(s) 'example_branch_labels' retrieved from /home/airflow/.local/lib/python3.12/site-packages/airflow/example_dags/example_branch_labels.py
[2026-08-24T14:17:59.513+0000] {logging_mixin.py:188} INFO - [2026-08-24T14:17:59.513+0000] {dag.py:3096} INFO - Sync 1 DAGs
[2026-08-24T14:17:59.544+0000] {logging_mixin.py:188} INFO - [2026-08-24T14:17:59.543+0000] {dag.py:3954} INFO - Setting next_dagrun for example_branch_labels to 2026-08-23 00:00:00+00:00, run_after=2026-08-24 00:00:00+00:00
[2026-08-24T14:17:59.571+0000] {processor.py:183} INFO - Processing /home/airflow/.local/lib/python3.12/site-packages/airflow/example_dags/example_branch_labels.py took 0.109 seconds
[2026-08-24T14:18:30.246+0000] {processor.py:161} INFO - Started process (PID=690) to work on /home/airflow/.local/lib/python3.12/site-packages/airflow/example_dags/example_branch_labels.py
[2026-08-24T14:18:30.248+0000] {processor.py:830} INFO - Processing file /home/airflow/.local/lib/python3.12/site-packages/airflow/example_dags/example_branch_labels.py for tasks to queue
[2026-08-24T14:18:30.252+0000] {logging_mixin.py:188} INFO - [2026-08-24T14:18:30.251+0000] {dagbag.py:545} INFO - Filling up the DagBag from /home/airflow/.local/lib/python3.12/site-packages/airflow/example_dags/example_branch_labels.py
[2026-08-24T14:18:30.263+0000] {processor.py:840} INFO - DAG(s) 'example_branch_labels' retrieved from /home/airflow/.local/lib/python3.12/site-packages/airflow/example_dags/example_branch_labels.py
[2026-08-24T14:18:30.299+0000] {logging_mixin.py:188} INFO - [2026-08-24T14:18:30.299+0000] {dag.py:3096} INFO - Sync 1 DAGs
[2026-08-24T14:18:30.339+0000] {logging_mixin.py:188} INFO - [2026-08-24T14:18:30.339+0000] {dag.py:3954} INFO - Setting next_dagrun for example_branch_labels to 2026-08-23 00:00:00+00:00, run_after=2026-08-24 00:00:00+00:00
[2026-08-24T14:18:30.370+0000] {processor.py:183} INFO - Processing /home/airflow/.local/lib/python3.12/site-packages/airflow/example_dags/example_branch_labels.py took 0.135 seconds
[2026-08-24T14:19:00.832+0000] {processor.py:161} INFO - Started process (PID=750) to work on /home/airflow/.local/lib/python3.12/site-packages/airflow/example_dags/example_branch_labels.py
[2026-08-24T14:19:00.833+0000] {processor.py:830} INFO - Processing file /home/airflow/.local/lib/python3.12/site-packages/airflow/example_dags/example_branch_labels.py for tasks to queue
[2026-08-24T14:19:00.838+0000] {logging_mixin.py:188} INFO - [2026-08-24T14:19:00.836+0000] {dagbag.py:545} INFO - Filling up the DagBag from /home/airflow/.local/lib/python3.12/site-packages/airflow/example_dags/example_branch_labels.py
[2026-08-24T14:19:00.857+0000] {processor.py:840} INFO - DAG(s) 'example_branch_labels' retrieved from /home/airflow/.local/lib/python3.12/site-packages/airflow/example_dags/example_branch_labels.py
[2026-08-24T14:19:00.899+0000] {logging_mixin.py:188} INFO - [2026-08-24T14:19:00.899+0000] {dag.py:3096} INFO - Sync 1 DAGs
[2026-08-24T14:19:00.939+0000] {logging_mixin.py:188} INFO - [2026-08-24T14:19:00.939+0000] {dag.py:3954} INFO - Setting next_dagrun for example_branch_labels to 2026-08-23 00:00:00+00:00, run_after=2026-08-24 00:00:00+00:00
[2026-08-24T14:19:00.971+0000] {processor.py:183} INFO - Processing /home/airflow/.local/lib/python3.12/site-packages/airflow/example_dags/example_branch_labels.py took 0.150 seconds
[2026-08-24T14:19:31.172+0000] {processor.py:161} INFO - Started process (PID=810) to work on /home/airflow/.local/lib/python3.12/site-packages/airflow/example_dags/example_branch_labels.py
[2026-08-24T14:19:31.173+0000] {processor.py:830} INFO - Processing file /home/airflow/.local/lib/python3.12/site-packages/airflow/example_dags/example_branch_labels.py for tasks to queue
[2026-08-24T14:19:31.175+0000] {logging_mixin.py:188} INFO - [2026-08-24T14:19:31.175+0000] {dagbag.py:545} INFO - Filling up the DagBag from /home/airflow/.local/lib/python3.12/site-packages/airflow/example_dags/example_branch_labels.py
[2026-08-24T14:19:31.186+0000] {processor.py:840} INFO - DAG(s) 'example_branch_labels' retrieved from /home/airflow/.local/lib/python3.12/site-packages/airflow/example_dags/example_branch_labels.py
[2026-08-24T14:19:31.215+0000] {logging_mixin.py:188} INFO - [2026-08-24T14:19:31.215+0000] {dag.py:3096} INFO - Sync 1 DAGs
[2026-08-24T14:19:31.245+0000] {logging_mixin.py:188} INFO - [2026-08-24T14:19:31.245+0000] {dag.py:3954} INFO - Setting next_dagrun for example_branch_labels to 2026-08-23 00:00:00+00:00, run_after=2026-08-24 00:00:00+00:00
[2026-08-24T14:19:31.267+0000] {processor.py:183} INFO - Processing /home/airflow/.local/lib/python3.12/site-packages/airflow/example_dags/example_branch_labels.py took 0.105 seconds
[2026-08-24T14:20:01.899+0000] {processor.py:161} INFO - Started process (PID=870) to work on /home/airflow/.local/lib/python3.12/site-packages/airflow/example_dags/example_branch_labels.py
[2026-08-24T14:20:01.901+0000] {processor.py:830} INFO - Processing file /home/airflow/.local/lib/python3.12/site-packages/airflow/example_dags/example_branch_labels.py for tasks to queue
[2026-08-24T14:20:01.903+0000] {logging_mixin.py:188} INFO - [2026-08-24T14:20:01.903+0000] {dagbag.py:545} INFO - Filling up the DagBag from /home/airflow/.local/lib/python3.12/site-packages/airflow/example_dags/example_branch_labels.py
[2026-08-24T14:20:01.913+0000] {processor.py:840} INFO - DAG(s) 'example_branch_labels' retrieved from /home/airflow/.local/lib/python3.12/site-packages/airflow/example_dags/example_branch_labels.py
[2026-08-24T14:20:01.940+0000] {logging_mixin.py:188} INFO - [2026-08-24T14:20:01.939+0000] {dag.py:3096} INFO - Sync 1 DAGs
[2026-08-24T14:20:01.972+0000] {logging_mixin.py:188} INFO - [2026-08-24T14:20:01.972+0000] {dag.py:3954} INFO - Setting next_dagrun for example_branch_labels to 2026-08-23 00:00:00+00:00, run_after=2026-08-24 00:00:00+00:00
[2026-08-24T14:20:02.004+0000] {processor.py:183} INFO - Processing /home/airflow/.local/lib/python3.12/site-packages/airflow/example_dags/example_branch_labels.py took 0.112 seconds
[2026-08-24T14:22:14.894+0000] {processor.py:161} INFO - Started process (PID=101) to work on /home/airflow/.local/lib/python3.12/site-packages/airflow/example_dags/example_branch_labels.py
[2026-08-24T14:22:14.895+0000] {processor.py:830} INFO - Processing file /home/airflow/.local/lib/python3.12/site-packages/airflow/example_dags/example_branch_labels.py for tasks to queue
[2026-08-24T14:22:14.898+0000] {logging_mixin.py:188} INFO - [2026-08-24T14:22:14.897+0000] {dagbag.py:545} INFO - Filling up the DagBag from /home/airflow/.local/lib/python3.12/site-packages/airflow/example_dags/example_branch_labels.py
[2026-08-24T14:22:14.912+0000] {processor.py:840} INFO - DAG(s) 'example_branch_labels' retrieved from /home/airflow/.local/lib/python3.12/site-packages/airflow/example_dags/example_branch_labels.py
[2026-08-24T14:22:15.067+0000] {logging_mixin.py:188} INFO - [2026-08-24T14:22:15.067+0000] {dag.py:3096} INFO - Sync 1 DAGs
[2026-08-24T14:22:15.096+0000] {logging_mixin.py:188} INFO - [2026-08-24T14:22:15.096+0000] {dag.py:3954} INFO - Setting next_dagrun for example_branch_labels to 2026-08-23 00:00:00+00:00, run_after=2026-08-24 00:00:00+00:00
[2026-08-24T14:22:15.124+0000] {processor.py:183} INFO - Processing /home/airflow/.local/lib/python3.12/site-packages/airflow/example_dags/example_branch_labels.py took 0.237 seconds
[2026-08-24T14:23:00.016+0000] {processor.py:161} INFO - Started process (PID=80) to work on /home/airflow/.local/lib/python3.12/site-packages/airflow/example_dags/example_branch_labels.py
[2026-08-24T14:23:00.018+0000] {processor.py:830} INFO - Processing file /home/airflow/.local/lib/python3.12/site-packages/airflow/example_dags/example_branch_labels.py for tasks to queue
[2026-08-24T14:23:00.020+0000] {logging_mixin.py:188} INFO - [2026-08-24T14:23:00.019+0000] {dagbag.py:545} INFO - Filling up the DagBag from /home/airflow/.local/lib/python3.12/site-packages/airflow/example_dags/example_branch_labels.py
[2026-08-24T14:23:00.033+0000] {processor.py:840} INFO - DAG(s) 'example_branch_labels' retrieved from /home/airflow/.local/lib/python3.12/site-packages/airflow/example_dags/example_branch_labels.py
[2026-08-24T14:23:00.070+0000] {logging_mixin.py:188} INFO - [2026-08-24T14:23:00.070+0000] {dag.py:3096} INFO - Sync 1 DAGs
[2026-08-24T14:23:00.104+0000] {logging_mixin.py:188} INFO - [2026-08-24T14:23:00.104+0000] {dag.py:3954} INFO - Setting next_dagrun for example_branch_labels to 2026-08-23 00:00:00+00:00, run_after=2026-08-24 00:00:00+00:00
[2026-08-24T14:23:00.129+0000] {processor.py:183} INFO - Processing /home/airflow/.local/lib/python3.12/site-packages/airflow/example_dags/example_branch_labels.py took 0.121 seconds
[2026-08-24T14:23:30.401+0000] {processor.py:161} INFO - Started process (PID=139) to work on /home/airflow/.local/lib/python3.12/site-packages/airflow/example_dags/example_branch_labels.py
[2026-08-24T14:23:30.403+0000] {processor.py:830} INFO - Processing file /home/airflow/.local/lib/python3.12/site-packages/airflow/example_dags/example_branch_labels.py for tasks to queue
[2026-08-24T14:23:30.406+0000] {logging_mixin.py:188} INFO - [2026-08-24T14:23:30.406+0000] {dagbag.py:545} INFO - Filling up the DagBag from /home/airflow/.local/lib/python3.12/site-packages/airflow/example_dags/example_branch_labels.py
[2026-08-24T14:23:30.422+0000] {processor.py:840} INFO - DAG(s) 'example_branch_labels' retrieved from /home/airflow/.local/lib/python3.12/site-packages/airflow/example_dags/example_branch_labels.py
[2026-08-24T14:23:30.457+0000] {logging_mixin.py:188} INFO - [2026-08-24T14:23:30.457+0000] {dag.py:3096} INFO - Sync 1 DAGs
[2026-08-24T14:23:30.490+0000] {logging_mixin.py:188} INFO - [2026-08-24T14:23:30.490+0000] {dag.py:3954} INFO - Setting next_dagrun for example_branch_labels to 2026-08-23 00:00:00+00:00, run_after=2026-08-24 00:00:00+00:00
[2026-08-24T14:23:30.516+0000] {processor.py:183} INFO - Processing /home/airflow/.local/lib/python3.12/site-packages/airflow/example_dags/example_branch_labels.py took 0.124 seconds
[2026-08-24T14:24:03.219+0000] {processor.py:161} INFO - Started process (PID=206) to work on /home/airflow/.local/lib/python3.12/site-packages/airflow/example_dags/example_branch_labels.py
[2026-08-24T14:24:03.220+0000] {processor.py:830} INFO - Processing file /home/airflow/.local/lib/python3.12/site-packages/airflow/example_dags/example_branch_labels.py for tasks to queue
[2026-08-24T14:24:03.222+0000] {logging_mixin.py:188} INFO - [2026-08-24T14:24:03.222+0000] {dagbag.py:545} INFO - Filling up the DagBag from /home/airflow/.local/lib/python3.12/site-packages/airflow/example_dags/example_branch_labels.py
[2026-08-24T14:24:03.232+0000] {processor.py:840} INFO - DAG(s) 'example_branch_labels' retrieved from /home/airflow/.local/lib/python3.12/site-packages/airflow/example_dags/example_branch_labels.py
[2026-08-24T14:24:03.260+0000] {logging_mixin.py:188} INFO - [2026-08-24T14:24:03.260+0000] {dag.py:3096} INFO - Sync 1 DAGs
[2026-08-24T14:24:03.289+0000] {logging_mixin.py:188} INFO - [2026-08-24T14:24:03.289+0000] {dag.py:3954} INFO - Setting next_dagrun for example_branch_labels to 2026-08-23 00:00:00+00:00, run_after=2026-08-24 00:00:00+00:00
[2026-08-24T14:24:03.314+0000] {processor.py:183} INFO - Processing /home/airflow/.local/lib/python3.12/site-packages/airflow/example_dags/example_branch_labels.py took 0.102 seconds
[2026-08-24T14:24:33.412+0000] {processor.py:161} INFO - Started process (PID=264) to work on /home/airflow/.local/lib/python3.12/site-packages/airflow/example_dags/example_branch_labels.py
[2026-08-24T14:24:33.413+0000] {processor.py:830} INFO - Processing file /home/airflow/.local/lib/python3.12/site-packages/airflow/example_dags/example_branch_labels.py for tasks to queue
[2026-08-24T14:24:33.416+0000] {logging_mixin.py:188} INFO - [2026-08-24T14:24:33.415+0000] {dagbag.py:545} INFO - Filling up the DagBag from /home/airflow/.local/lib/python3.12/site-packages/airflow/example_dags/example_branch_labels.py
[2026-08-24T14:24:33.426+0000] {processor.py:840} INFO - DAG(s) 'example_branch_labels' retrieved from /home/airflow/.local/lib/python3.12/site-packages/airflow/example_dags/example_branch_labels.py
[2026-08-24T14:24:33.454+0000] {logging_mixin.py:188} INFO - [2026-08-24T14:24:33.454+0000] {dag.py:3096} INFO - Sync 1 DAGs
[2026-08-24T14:24:33.485+0000] {logging_mixin.py:188} INFO - [2026-08-24T14:24:33.484+0000] {dag.py:3954} INFO - Setting next_dagrun for example_branch_labels to 2026-08-23 00:00:00+00:00, run_after=2026-08-24 00:00:00+00:00
[2026-08-24T14:24:33.508+0000] {processor.py:183} INFO - Processing /home/airflow/.local/lib/python3.12/site-packages/airflow/example_dags/example_branch_labels.py took 0.103 seconds
[2026-08-24T14:25:03.618+0000] {processor.py:161} INFO - Started process (PID=324) to work on /home/airflow/.local/lib/python3.12/site-packages/airflow/example_dags/example_branch_labels.py
[2026-08-24T14:25:03.620+0000] {processor.py:830} INFO - Processing file /home/airflow/.local/lib/python3.12/site-packages/airflow/example_dags/example_branch_labels.py for tasks to queue
[2026-08-24T14:25:03.623+0000] {logging_mixin.py:188} INFO - [2026-08-24T14:25:03.622+0000] {dagbag.py:545} INFO - Filling up the DagBag from /home/airflow/.local/lib/python3.12/site-packages/airflow/example_dags/example_branch_labels.py
[2026-08-24T14:25:03.632+0000] {processor.py:840} INFO - DAG(s) 'example_branch_labels' retrieved from /home/airflow/.local/lib/python3.12/site-packages/airflow/example_dags/example_branch_labels.py
[2026-08-24T14:25:03.658+0000] {logging_mixin.py:188} INFO - [2026-08-24T14:25:03.658+0000] {dag.py:3096} INFO - Sync 1 DAGs
[2026-08-24T14:25:03.685+0000] {logging_mixin.py:188} INFO - [2026-08-24T14:25:03.685+0000] {dag.py:3954} INFO - Setting next_dagrun for example_branch_labels to 2026-08-23 00:00:00+00:00, run_after=2026-08-24 00:00:00+00:00
[2026-08-24T14:25:03.706+0000] {processor.py:183} INFO - Processing /home/airflow/.local/lib/python3.12/site-packages/airflow/example_dags/example_branch_labels.py took 0.095 seconds
[2026-08-24T14:25:33.840+0000] {processor.py:161} INFO - Started process (PID=384) to work on /home/airflow/.local/lib/python3.12/site-packages/airflow/example_dags/example_branch_labels.py
[2026-08-24T14:25:33.841+0000] {processor.py:830} INFO - Processing file /home/airflow/.local/lib/python3.12/site-packages/airflow/example_dags/example_branch_labels.py for tasks to queue
[2026-08-24T14:25:33.844+0000] {logging_mixin.py:188} INFO - [2026-08-24T14:25:33.844+0000] {dagbag.py:545} INFO - Filling up the DagBag from /home/airflow/.local/lib/python3.12/site-packages/airflow/example_dags/example_branch_labels.py
[2026-08-24T14:25:33.854+0000] {processor.py:840} INFO - DAG(s) 'example_branch_labels' retrieved from /home/airflow/.local/lib/python3.12/site-packages/airflow/example_dags/example_branch_labels.py
[2026-08-24T14:25:33.879+0000] {logging_mixin.py:188} INFO - [2026-08-24T14:25:33.878+0000] {dag.py:3096} INFO - Sync 1 DAGs
[2026-08-24T14:25:33.906+0000] {logging_mixin.py:188} INFO - [2026-08-24T14:25:33.906+0000] {dag.py:3954} INFO - Setting next_dagrun for example_branch_labels to 2026-08-23 00:00:00+00:00, run_after=2026-08-24 00:00:00+00:00
[2026-08-24T14:25:33.932+0000] {processor.py:183} INFO - Processing /home/airflow/.local/lib/python3.12/site-packages/airflow/example_dags/example_branch_labels.py took 0.099 seconds
[2026-08-24T14:26:04.367+0000] {processor.py:161} INFO - Started process (PID=444) to work on /home/airflow/.local/lib/python3.12/site-packages/airflow/example_dags/example_branch_labels.py
[2026-08-24T14:26:04.368+0000] {processor.py:830} INFO - Processing file /home/airflow/.local/lib/python3.12/site-packages/airflow/example_dags/example_branch_labels.py for tasks to queue
[2026-08-24T14:26:04.371+0000] {logging_mixin.py:188} INFO - [2026-08-24T14:26:04.370+0000] {dagbag.py:545} INFO - Filling up the DagBag from /home/airflow/.local/lib/python3.12/site-packages/airflow/example_dags/example_branch_labels.py
[2026-08-24T14:26:04.383+0000] {processor.py:840} INFO - DAG(s) 'example_branch_labels' retrieved from /home/airflow/.local/lib/python3.12/site-packages/airflow/example_dags/example_branch_labels.py
[2026-08-24T14:26:04.420+0000] {logging_mixin.py:188} INFO - [2026-08-24T14:26:04.420+0000] {dag.py:3096} INFO - Sync 1 DAGs
[2026-08-24T14:26:04.452+0000] {logging_mixin.py:188} INFO - [2026-08-24T14:26:04.451+0000] {dag.py:3954} INFO - Setting next_dagrun for example_branch_labels to 2026-08-23 00:00:00+00:00, run_after=2026-08-24 00:00:00+00:00
[2026-08-24T14:26:04.485+0000] {processor.py:183} INFO - Processing /home/airflow/.local/lib/python3.12/site-packages/airflow/example_dags/example_branch_labels.py took 0.127 seconds
[2026-08-24T14:26:34.638+0000] {processor.py:161} INFO - Started process (PID=504) to work on /home/airflow/.local/lib/python3.12/site-packages/airflow/example_dags/example_branch_labels.py
[2026-08-24T14:26:34.639+0000] {processor.py:830} INFO - Processing file /home/airflow/.local/lib/python3.12/site-packages/airflow/example_dags/example_branch_labels.py for tasks to queue
[2026-08-24T14:26:34.642+0000] {logging_mixin.py:188} INFO - [2026-08-24T14:26:34.641+0000] {dagbag.py:545} INFO - Filling up the DagBag from /home/airflow/.local/lib/python3.12/site-packages/airflow/example_dags/example_branch_labels.py
[2026-08-24T14:26:34.653+0000] {processor.py:840} INFO - DAG(s) 'example_branch_labels' retrieved from /home/airflow/.local/lib/python3.12/site-packages/airflow/example_dags/example_branch_labels.py
[2026-08-24T14:26:34.681+0000] {logging_mixin.py:188} INFO - [2026-08-24T14:26:34.680+0000] {dag.py:3096} INFO - Sync 1 DAGs
[2026-08-24T14:26:34.711+0000] {logging_mixin.py:188} INFO - [2026-08-24T14:26:34.711+0000] {dag.py:3954} INFO - Setting next_dagrun for example_branch_labels to 2026-08-23 00:00:00+00:00, run_after=2026-08-24 00:00:00+00:00
[2026-08-24T14:26:34.738+0000] {processor.py:183} INFO - Processing /home/airflow/.local/lib/python3.12/site-packages/airflow/example_dags/example_branch_labels.py took 0.110 seconds
[2026-08-24T14:27:05.415+0000] {processor.py:161} INFO - Started process (PID=564) to work on /home/airflow/.local/lib/python3.12/site-packages/airflow/example_dags/example_branch_labels.py
[2026-08-24T14:27:05.416+0000] {processor.py:830} INFO - Processing file /home/airflow/.local/lib/python3.12/site-packages/airflow/example_dags/example_branch_labels.py for tasks to queue
[2026-08-24T14:27:05.419+0000] {logging_mixin.py:188} INFO - [2026-08-24T14:27:05.419+0000] {dagbag.py:545} INFO - Filling up the DagBag from /home/airflow/.local/lib/python3.12/site-packages/airflow/example_dags/example_branch_labels.py
[2026-08-24T14:27:05.430+0000] {processor.py:840} INFO - DAG(s) 'example_branch_labels' retrieved from /home/airflow/.local/lib/python3.12/site-packages/airflow/example_dags/example_branch_labels.py
[2026-08-24T14:27:05.462+0000] {logging_mixin.py:188} INFO - [2026-08-24T14:27:05.461+0000] {dag.py:3096} INFO - Sync 1 DAGs
[2026-08-24T14:27:05.499+0000] {logging_mixin.py:188} INFO - [2026-08-24T14:27:05.499+0000] {dag.py:3954} INFO - Setting next_dagrun for example_branch_labels to 2026-08-23 00:00:00+00:00, run_after=2026-08-24 00:00:00+00:00
[2026-08-24T14:27:05.532+0000] {processor.py:183} INFO - Processing /home/airflow/.local/lib/python3.12/site-packages/airflow/example_dags/example_branch_labels.py took 0.128 seconds
[2026-08-24T14:27:35.897+0000] {processor.py:161} INFO - Started process (PID=624) to work on /home/airflow/.local/lib/python3.12/site-packages/airflow/example_dags/example_branch_labels.py
[2026-08-24T14:27:35.899+0000] {processor.py:830} INFO - Processing file /home/airflow/.local/lib/python3.12/site-packages/airflow/example_dags/example_branch_labels.py for tasks to queue
[2026-08-24T14:27:35.902+0000] {logging_mixin.py:188} INFO - [2026-08-24T14:27:35.902+0000] {dagbag.py:545} INFO - Filling up the DagBag from /home/airflow/.local/lib/python3.12/site-packages/airflow/example_dags/example_branch_labels.py
[2026-08-24T14:27:35.913+0000] {processor.py:840} INFO - DAG(s) 'example_branch_labels' retrieved from /home/airflow/.local/lib/python3.12/site-packages/airflow/example_dags/example_branch_labels.py
[2026-08-24T14:27:35.947+0000] {logging_mixin.py:188} INFO - [2026-08-24T14:27:35.947+0000] {dag.py:3096} INFO - Sync 1 DAGs
[2026-08-24T14:27:35.988+0000] {logging_mixin.py:188} INFO - [2026-08-24T14:27:35.987+0000] {dag.py:3954} INFO - Setting next_dagrun for example_branch_labels to 2026-08-23 00:00:00+00:00, run_after=2026-08-24 00:00:00+00:00
[2026-08-24T14:27:36.019+0000] {processor.py:183} INFO - Processing /home/airflow/.local/lib/python3.12/site-packages/airflow/example_dags/example_branch_labels.py took 0.132 seconds
[2026-08-24T14:28:06.124+0000] {processor.py:161} INFO - Started process (PID=684) to work on /home/airflow/.local/lib/python3.12/site-packages/airflow/example_dags/example_branch_labels.py
[2026-08-24T14:28:06.125+0000] {processor.py:830} INFO - Processing file /home/airflow/.local/lib/python3.12/site-packages/airflow/example_dags/example_branch_labels.py for tasks to queue
[2026-08-24T14:28:06.128+0000] {logging_mixin.py:188} INFO - [2026-08-24T14:28:06.128+0000] {dagbag.py:545} INFO - Filling up the DagBag from /home/airflow/.local/lib/python3.12/site-packages/airflow/example_dags/example_branch_labels.py
[2026-08-24T14:28:06.138+0000] {processor.py:840} INFO - DAG(s) 'example_branch_labels' retrieved from /home/airflow/.local/lib/python3.12/site-packages/airflow/example_dags/example_branch_labels.py
[2026-08-24T14:28:06.164+0000] {logging_mixin.py:188} INFO - [2026-08-24T14:28:06.164+0000] {dag.py:3096} INFO - Sync 1 DAGs
[2026-08-24T14:28:06.194+0000] {logging_mixin.py:188} INFO - [2026-08-24T14:28:06.194+0000] {dag.py:3954} INFO - Setting next_dagrun for example_branch_labels to 2026-08-23 00:00:00+00:00, run_after=2026-08-24 00:00:00+00:00
[2026-08-24T14:28:06.220+0000] {processor.py:183} INFO - Processing /home/airflow/.local/lib/python3.12/site-packages/airflow/example_dags/example_branch_labels.py took 0.104 seconds
[2026-08-24T14:28:36.609+0000] {processor.py:161} INFO - Started process (PID=744) to work on /home/airflow/.local/lib/python3.12/site-packages/airflow/example_dags/example_branch_labels.py
[2026-08-24T14:28:36.610+0000] {processor.py:830} INFO - Processing file /home/airflow/.local/lib/python3.12/site-packages/airflow/example_dags/example_branch_labels.py for tasks to queue
[2026-08-24T14:28:36.614+0000] {logging_mixin.py:188} INFO - [2026-08-24T14:28:36.613+0000] {dagbag.py:545} INFO - Filling up the DagBag from /home/airflow/.local/lib/python3.12/site-packages/airflow/example_dags/example_branch_labels.py
[2026-08-24T14:28:36.626+0000] {processor.py:840} INFO - DAG(s) 'example_branch_labels' retrieved from /home/airflow/.local/lib/python3.12/site-packages/airflow/example_dags/example_branch_labels.py
[2026-08-24T14:28:36.657+0000] {logging_mixin.py:188} INFO - [2026-08-24T14:28:36.657+0000] {dag.py:3096} INFO - Sync 1 DAGs
[2026-08-24T14:28:36.687+0000] {logging_mixin.py:188} INFO - [2026-08-24T14:28:36.687+0000] {dag.py:3954} INFO - Setting next_dagrun for example_branch_labels to 2026-08-23 00:00:00+00:00, run_after=2026-08-24 00:00:00+00:00
[2026-08-24T14:28:36.716+0000] {processor.py:183} INFO - Processing /home/airflow/.local/lib/python3.12/site-packages/airflow/example_dags/example_branch_labels.py took 0.114 seconds
[2026-08-24T14:29:07.223+0000] {processor.py:161} INFO - Started process (PID=804) to work on /home/airflow/.local/lib/python3.12/site-packages/airflow/example_dags/example_branch_labels.py
[2026-08-24T14:29:07.225+0000] {processor.py:830} INFO - Processing file /home/airflow/.local/lib/python3.12/site-packages/airflow/example_dags/example_branch_labels.py for tasks to queue
[2026-08-24T14:29:07.228+0000] {logging_mixin.py:188} INFO - [2026-08-24T14:29:07.227+0000] {dagbag.py:545} INFO - Filling up the DagBag from /home/airflow/.local/lib/python3.12/site-packages/airflow/example_dags/example_branch_labels.py
[2026-08-24T14:29:07.238+0000] {processor.py:840} INFO - DAG(s) 'example_branch_labels' retrieved from /home/airflow/.local/lib/python3.12/site-packages/airflow/example_dags/example_branch_labels.py
[2026-08-24T14:29:07.268+0000] {logging_mixin.py:188} INFO - [2026-08-24T14:29:07.268+0000] {dag.py:3096} INFO - Sync 1 DAGs
[2026-08-24T14:29:07.303+0000] {logging_mixin.py:188} INFO - [2026-08-24T14:29:07.302+0000] {dag.py:3954} INFO - Setting next_dagrun for example_branch_labels to 2026-08-23 00:00:00+00:00, run_after=2026-08-24 00:00:00+00:00
[2026-08-24T14:29:07.330+0000] {processor.py:183} INFO - Processing /home/airflow/.local/lib/python3.12/site-packages/airflow/example_dags/example_branch_labels.py took 0.113 seconds
[2026-08-24T14:29:37.741+0000] {processor.py:161} INFO - Started process (PID=865) to work on /home/airflow/.local/lib/python3.12/site-packages/airflow/example_dags/example_branch_labels.py
[2026-08-24T14:29:37.743+0000] {processor.py:830} INFO - Processing file /home/airflow/.local/lib/python3.12/site-packages/airflow/example_dags/example_branch_labels.py for tasks to queue
[2026-08-24T14:29:37.746+0000] {logging_mixin.py:188} INFO - [2026-08-24T14:29:37.745+0000] {dagbag.py:545} INFO - Filling up the DagBag from /home/airflow/.local/lib/python3.12/site-packages/airflow/example_dags/example_branch_labels.py
[2026-08-24T14:29:37.756+0000] {processor.py:840} INFO - DAG(s) 'example_branch_labels' retrieved from /home/airflow/.local/lib/python3.12/site-packages/airflow/example_dags/example_branch_labels.py
[2026-08-24T14:29:37.786+0000] {logging_mixin.py:188} INFO - [2026-08-24T14:29:37.786+0000] {dag.py:3096} INFO - Sync 1 DAGs
[2026-08-24T14:29:37.818+0000] {logging_mixin.py:188} INFO - [2026-08-24T14:29:37.818+0000] {dag.py:3954} INFO - Setting next_dagrun for example_branch_labels to 2026-08-23 00:00:00+00:00, run_after=2026-08-24 00:00:00+00:00
[2026-08-24T14:29:37.843+0000] {processor.py:183} INFO - Processing /home/airflow/.local/lib/python3.12/site-packages/airflow/example_dags/example_branch_labels.py took 0.109 seconds
[2026-08-24T14:30:07.922+0000] {processor.py:161} INFO - Started process (PID=925) to work on /home/airflow/.local/lib/python3.12/site-packages/airflow/example_dags/example_branch_labels.py
[2026-08-24T14:30:07.923+0000] {processor.py:830} INFO - Processing file /home/airflow/.local/lib/python3.12/site-packages/airflow/example_dags/example_branch_labels.py for tasks to queue
[2026-08-24T14:30:07.926+0000] {logging_mixin.py:188} INFO - [2026-08-24T14:30:07.926+0000] {dagbag.py:545} INFO - Filling up the DagBag from /home/airflow/.local/lib/python3.12/site-packages/airflow/example_dags/example_branch_labels.py
[2026-08-24T14:30:07.937+0000] {processor.py:840} INFO - DAG(s) 'example_branch_labels' retrieved from /home/airflow/.local/lib/python3.12/site-packages/airflow/example_dags/example_branch_labels.py
[2026-08-24T14:30:07.966+0000] {logging_mixin.py:188} INFO - [2026-08-24T14:30:07.966+0000] {dag.py:3096} INFO - Sync 1 DAGs
[2026-08-24T14:30:07.997+0000] {logging_mixin.py:188} INFO - [2026-08-24T14:30:07.997+0000] {dag.py:3954} INFO - Setting next_dagrun for example_branch_labels to 2026-08-23 00:00:00+00:00, run_after=2026-08-24 00:00:00+00:00
[2026-08-24T14:30:08.019+0000] {processor.py:183} INFO - Processing /home/airflow/.local/lib/python3.12/site-packages/airflow/example_dags/example_branch_labels.py took 0.106 seconds
[2026-08-24T14:30:38.146+0000] {processor.py:161} INFO - Started process (PID=986) to work on /home/airflow/.local/lib/python3.12/site-packages/airflow/example_dags/example_branch_labels.py
[2026-08-24T14:30:38.147+0000] {processor.py:830} INFO - Processing file /home/airflow/.local/lib/python3.12/site-packages/airflow/example_dags/example_branch_labels.py for tasks to queue
[2026-08-24T14:30:38.150+0000] {logging_mixin.py:188} INFO - [2026-08-24T14:30:38.149+0000] {dagbag.py:545} INFO - Filling up the DagBag from /home/airflow/.local/lib/python3.12/site-packages/airflow/example_dags/example_branch_labels.py
[2026-08-24T14:30:38.161+0000] {processor.py:840} INFO - DAG(s) 'example_branch_labels' retrieved from /home/airflow/.local/lib/python3.12/site-packages/airflow/example_dags/example_branch_labels.py
[2026-08-24T14:30:38.188+0000] {logging_mixin.py:188} INFO - [2026-08-24T14:30:38.188+0000] {dag.py:3096} INFO - Sync 1 DAGs
[2026-08-24T14:30:38.216+0000] {logging_mixin.py:188} INFO - [2026-08-24T14:30:38.215+0000] {dag.py:3954} INFO - Setting next_dagrun for example_branch_labels to 2026-08-23 00:00:00+00:00, run_after=2026-08-24 00:00:00+00:00
[2026-08-24T14:30:38.239+0000] {processor.py:183} INFO - Processing /home/airflow/.local/lib/python3.12/site-packages/airflow/example_dags/example_branch_labels.py took 0.100 seconds
[2026-08-24T14:31:08.840+0000] {processor.py:161} INFO - Started process (PID=1046) to work on /home/airflow/.local/lib/python3.12/site-packages/airflow/example_dags/example_branch_labels.py
[2026-08-24T14:31:08.842+0000] {processor.py:830} INFO - Processing file /home/airflow/.local/lib/python3.12/site-packages/airflow/example_dags/example_branch_labels.py for tasks to queue
[2026-08-24T14:31:08.845+0000] {logging_mixin.py:188} INFO - [2026-08-24T14:31:08.844+0000] {dagbag.py:545} INFO - Filling up the DagBag from /home/airflow/.local/lib/python3.12/site-packages/airflow/example_dags/example_branch_labels.py
[2026-08-24T14:31:08.855+0000] {processor.py:840} INFO - DAG(s) 'example_branch_labels' retrieved from /home/airflow/.local/lib/python3.12/site-packages/airflow/example_dags/example_branch_labels.py
[2026-08-24T14:31:08.880+0000] {logging_mixin.py:188} INFO - [2026-08-24T14:31:08.880+0000] {dag.py:3096} INFO - Sync 1 DAGs
[2026-08-24T14:31:08.909+0000] {logging_mixin.py:188} INFO - [2026-08-24T14:31:08.909+0000] {dag.py:3954} INFO - Setting next_dagrun for example_branch_labels to 2026-08-23 00:00:00+00:00, run_after=2026-08-24 00:00:00+00:00
[2026-08-24T14:31:08.933+0000] {processor.py:183} INFO - Processing /home/airflow/.local/lib/python3.12/site-packages/airflow/example_dags/example_branch_labels.py took 0.100 seconds
[2026-08-24T14:35:22.913+0000] {processor.py:161} INFO - Started process (PID=103) to work on /home/airflow/.local/lib/python3.12/site-packages/airflow/example_dags/example_branch_labels.py
[2026-08-24T14:35:22.914+0000] {processor.py:830} INFO - Processing file /home/airflow/.local/lib/python3.12/site-packages/airflow/example_dags/example_branch_labels.py for tasks to queue
[2026-08-24T14:35:22.917+0000] {logging_mixin.py:188} INFO - [2026-08-24T14:35:22.916+0000] {dagbag.py:545} INFO - Filling up the DagBag from /home/airflow/.local/lib/python3.12/site-packages/airflow/example_dags/example_branch_labels.py
[2026-08-24T14:35:22.932+0000] {processor.py:840} INFO - DAG(s) 'example_branch_labels' retrieved from /home/airflow/.local/lib/python3.12/site-packages/airflow/example_dags/example_branch_labels.py
[2026-08-24T14:35:23.091+0000] {logging_mixin.py:188} INFO - [2026-08-24T14:35:23.091+0000] {dag.py:3096} INFO - Sync 1 DAGs
[2026-08-24T14:35:23.124+0000] {logging_mixin.py:188} INFO - [2026-08-24T14:35:23.124+0000] {dag.py:3954} INFO - Setting next_dagrun for example_branch_labels to 2026-08-23 00:00:00+00:00, run_after=2026-08-24 00:00:00+00:00
[2026-08-24T14:35:23.155+0000] {processor.py:183} INFO - Processing /home/airflow/.local/lib/python3.12/site-packages/airflow/example_dags/example_branch_labels.py took 0.250 seconds
[2026-08-24T14:35:53.976+0000] {processor.py:161} INFO - Started process (PID=162) to work on /home/airflow/.local/lib/python3.12/site-packages/airflow/example_dags/example_branch_labels.py
[2026-08-24T14:35:53.977+0000] {processor.py:830} INFO - Processing file /home/airflow/.local/lib/python3.12/site-packages/airflow/example_dags/example_branch_labels.py for tasks to queue
[2026-08-24T14:35:53.980+0000] {logging_mixin.py:188} INFO - [2026-08-24T14:35:53.980+0000] {dagbag.py:545} INFO - Filling up the DagBag from /home/airflow/.local/lib/python3.12/site-packages/airflow/example_dags/example_branch_labels.py
[2026-08-24T14:35:53.990+0000] {processor.py:840} INFO - DAG(s) 'example_branch_labels' retrieved from /home/airflow/.local/lib/python3.12/site-packages/airflow/example_dags/example_branch_labels.py
[2026-08-24T14:35:54.019+0000] {logging_mixin.py:188} INFO - [2026-08-24T14:35:54.019+0000] {dag.py:3096} INFO - Sync 1 DAGs
[2026-08-24T14:35:54.072+0000] {logging_mixin.py:188} INFO - [2026-08-24T14:35:54.071+0000] {dag.py:3954} INFO - Setting next_dagrun for example_branch_labels to 2026-08-23 00:00:00+00:00, run_after=2026-08-24 00:00:00+00:00
[2026-08-24T14:35:54.100+0000] {processor.py:183} INFO - Processing /home/airflow/.local/lib/python3.12/site-packages/airflow/example_dags/example_branch_labels.py took 0.131 seconds
[2026-08-24T14:36:24.231+0000] {processor.py:161} INFO - Started process (PID=221) to work on /home/airflow/.local/lib/python3.12/site-packages/airflow/example_dags/example_branch_labels.py
[2026-08-24T14:36:24.233+0000] {processor.py:830} INFO - Processing file /home/airflow/.local/lib/python3.12/site-packages/airflow/example_dags/example_branch_labels.py for tasks to queue
[2026-08-24T14:36:24.235+0000] {logging_mixin.py:188} INFO - [2026-08-24T14:36:24.235+0000] {dagbag.py:545} INFO - Filling up the DagBag from /home/airflow/.local/lib/python3.12/site-packages/airflow/example_dags/example_branch_labels.py
[2026-08-24T14:36:24.244+0000] {processor.py:840} INFO - DAG(s) 'example_branch_labels' retrieved from /home/airflow/.local/lib/python3.12/site-packages/airflow/example_dags/example_branch_labels.py
[2026-08-24T14:36:24.270+0000] {logging_mixin.py:188} INFO - [2026-08-24T14:36:24.269+0000] {dag.py:3096} INFO - Sync 1 DAGs
[2026-08-24T14:36:24.299+0000] {logging_mixin.py:188} INFO - [2026-08-24T14:36:24.298+0000] {dag.py:3954} INFO - Setting next_dagrun for example_branch_labels to 2026-08-23 00:00:00+00:00, run_after=2026-08-24 00:00:00+00:00
[2026-08-24T14:36:24.321+0000] {processor.py:183} INFO - Processing /home/airflow/.local/lib/python3.12/site-packages/airflow/example_dags/example_branch_labels.py took 0.097 seconds
[2026-08-24T14:36:54.998+0000] {processor.py:161} INFO - Started process (PID=282) to work on /home/airflow/.local/lib/python3.12/site-packages/airflow/example_dags/example_branch_labels.py
[2026-08-24T14:36:54.999+0000] {processor.py:830} INFO - Processing file /home/airflow/.local/lib/python3.12/site-packages/airflow/example_dags/example_branch_labels.py for tasks to queue
[2026-08-24T14:36:55.003+0000] {logging_mixin.py:188} INFO - [2026-08-24T14:36:55.002+0000] {dagbag.py:545} INFO - Filling up the DagBag from /home/airflow/.local/lib/python3.12/site-packages/airflow/example_dags/example_branch_labels.py
[2026-08-24T14:36:55.018+0000] {processor.py:840} INFO - DAG(s) 'example_branch_labels' retrieved from /home/airflow/.local/lib/python3.12/site-packages/airflow/example_dags/example_branch_labels.py
[2026-08-24T14:36:55.052+0000] {logging_mixin.py:188} INFO - [2026-08-24T14:36:55.052+0000] {dag.py:3096} INFO - Sync 1 DAGs
[2026-08-24T14:36:55.088+0000] {logging_mixin.py:188} INFO - [2026-08-24T14:36:55.088+0000] {dag.py:3954} INFO - Setting next_dagrun for example_branch_labels to 2026-08-23 00:00:00+00:00, run_after=2026-08-24 00:00:00+00:00
[2026-08-24T14:36:55.116+0000] {processor.py:183} INFO - Processing /home/airflow/.local/lib/python3.12/site-packages/airflow/example_dags/example_branch_labels.py took 0.128 seconds
[2026-08-24T14:37:25.507+0000] {processor.py:161} INFO - Started process (PID=342) to work on /home/airflow/.local/lib/python3.12/site-packages/airflow/example_dags/example_branch_labels.py
[2026-08-24T14:37:25.509+0000] {processor.py:830} INFO - Processing file /home/airflow/.local/lib/python3.12/site-packages/airflow/example_dags/example_branch_labels.py for tasks to queue
[2026-08-24T14:37:25.512+0000] {logging_mixin.py:188} INFO - [2026-08-24T14:37:25.512+0000] {dagbag.py:545} INFO - Filling up the DagBag from /home/airflow/.local/lib/python3.12/site-packages/airflow/example_dags/example_branch_labels.py
[2026-08-24T14:37:25.521+0000] {processor.py:840} INFO - DAG(s) 'example_branch_labels' retrieved from /home/airflow/.local/lib/python3.12/site-packages/airflow/example_dags/example_branch_labels.py
[2026-08-24T14:37:25.551+0000] {logging_mixin.py:188} INFO - [2026-08-24T14:37:25.551+0000] {dag.py:3096} INFO - Sync 1 DAGs
[2026-08-24T14:37:25.591+0000] {logging_mixin.py:188} INFO - [2026-08-24T14:37:25.590+0000] {dag.py:3954} INFO - Setting next_dagrun for example_branch_labels to 2026-08-23 00:00:00+00:00, run_after=2026-08-24 00:00:00+00:00
[2026-08-24T14:37:25.617+0000] {processor.py:183} INFO - Processing /home/airflow/.local/lib/python3.12/site-packages/airflow/example_dags/example_branch_labels.py took 0.117 seconds
[2026-08-24T14:37:56.057+0000] {processor.py:161} INFO - Started process (PID=402) to work on /home/airflow/.local/lib/python3.12/site-packages/airflow/example_dags/example_branch_labels.py
[2026-08-24T14:37:56.059+0000] {processor.py:830} INFO - Processing file /home/airflow/.local/lib/python3.12/site-packages/airflow/example_dags/example_branch_labels.py for tasks to queue
[2026-08-24T14:37:56.061+0000] {logging_mixin.py:188} INFO - [2026-08-24T14:37:56.061+0000] {dagbag.py:545} INFO - Filling up the DagBag from /home/airflow/.local/lib/python3.12/site-packages/airflow/example_dags/example_branch_labels.py
[2026-08-24T14:37:56.073+0000] {processor.py:840} INFO - DAG(s) 'example_branch_labels' retrieved from /home/airflow/.local/lib/python3.12/site-packages/airflow/example_dags/example_branch_labels.py
[2026-08-24T14:37:56.103+0000] {logging_mixin.py:188} INFO - [2026-08-24T14:37:56.103+0000] {dag.py:3096} INFO - Sync 1 DAGs
[2026-08-24T14:37:56.135+0000] {logging_mixin.py:188} INFO - [2026-08-24T14:37:56.135+0000] {dag.py:3954} INFO - Setting next_dagrun for example_branch_labels to 2026-08-23 00:00:00+00:00, run_after=2026-08-24 00:00:00+00:00
[2026-08-24T14:37:56.162+0000] {processor.py:183} INFO - Processing /home/airflow/.local/lib/python3.12/site-packages/airflow/example_dags/example_branch_labels.py took 0.114 seconds
[2026-08-24T14:38:26.627+0000] {processor.py:161} INFO - Started process (PID=463) to work on /home/airflow/.local/lib/python3.12/site-packages/airflow/example_dags/example_branch_labels.py
[2026-08-24T14:38:26.631+0000] {processor.py:830} INFO - Processing file /home/airflow/.local/lib/python3.12/site-packages/airflow/example_dags/example_branch_labels.py for tasks to queue
[2026-08-24T14:38:26.634+0000] {logging_mixin.py:188} INFO - [2026-08-24T14:38:26.633+0000] {dagbag.py:545} INFO - Filling up the DagBag from /home/airflow/.local/lib/python3.12/site-packages/airflow/example_dags/example_branch_labels.py
[2026-08-24T14:38:26.647+0000] {processor.py:840} INFO - DAG(s) 'example_branch_labels' retrieved from /home/airflow/.local/lib/python3.12/site-packages/airflow/example_dags/example_branch_labels.py
[2026-08-24T14:38:26.682+0000] {logging_mixin.py:188} INFO - [2026-08-24T14:38:26.681+0000] {dag.py:3096} INFO - Sync 1 DAGs
[2026-08-24T14:38:26.723+0000] {logging_mixin.py:188} INFO - [2026-08-24T14:38:26.723+0000] {dag.py:3954} INFO - Setting next_dagrun for example_branch_labels to 2026-08-23 00:00:00+00:00, run_after=2026-08-24 00:00:00+00:00
[2026-08-24T14:38:26.756+0000] {processor.py:183} INFO - Processing /home/airflow/.local/lib/python3.12/site-packages/airflow/example_dags/example_branch_labels.py took 0.141 seconds
[2026-08-24T14:38:56.855+0000] {processor.py:161} INFO - Started process (PID=523) to work on /home/airflow/.local/lib/python3.12/site-packages/airflow/example_dags/example_branch_labels.py
[2026-08-24T14:38:56.856+0000] {processor.py:830} INFO - Processing file /home/airflow/.local/lib/python3.12/site-packages/airflow/example_dags/example_branch_labels.py for tasks to queue
[2026-08-24T14:38:56.859+0000] {logging_mixin.py:188} INFO - [2026-08-24T14:38:56.858+0000] {dagbag.py:545} INFO - Filling up the DagBag from /home/airflow/.local/lib/python3.12/site-packages/airflow/example_dags/example_branch_labels.py
[2026-08-24T14:38:56.872+0000] {processor.py:840} INFO - DAG(s) 'example_branch_labels' retrieved from /home/airflow/.local/lib/python3.12/site-packages/airflow/example_dags/example_branch_labels.py
[2026-08-24T14:38:56.901+0000] {logging_mixin.py:188} INFO - [2026-08-24T14:38:56.901+0000] {dag.py:3096} INFO - Sync 1 DAGs
[2026-08-24T14:38:56.932+0000] {logging_mixin.py:188} INFO - [2026-08-24T14:38:56.931+0000] {dag.py:3954} INFO - Setting next_dagrun for example_branch_labels to 2026-08-23 00:00:00+00:00, run_after=2026-08-24 00:00:00+00:00
[2026-08-24T14:38:56.958+0000] {processor.py:183} INFO - Processing /home/airflow/.local/lib/python3.12/site-packages/airflow/example_dags/example_branch_labels.py took 0.112 seconds
[2026-08-24T14:41:14.912+0000] {processor.py:161} INFO - Started process (PID=102) to work on /home/airflow/.local/lib/python3.12/site-packages/airflow/example_dags/example_branch_labels.py
[2026-08-24T14:41:14.913+0000] {processor.py:830} INFO - Processing file /home/airflow/.local/lib/python3.12/site-packages/airflow/example_dags/example_branch_labels.py for tasks to queue
[2026-08-24T14:41:14.916+0000] {logging_mixin.py:188} INFO - [2026-08-24T14:41:14.915+0000] {dagbag.py:545} INFO - Filling up the DagBag from /home/airflow/.local/lib/python3.12/site-packages/airflow/example_dags/example_branch_labels.py
[2026-08-24T14:41:14.934+0000] {processor.py:840} INFO - DAG(s) 'example_branch_labels' retrieved from /home/airflow/.local/lib/python3.12/site-packages/airflow/example_dags/example_branch_labels.py
[2026-08-24T14:41:14.949+0000] {logging_mixin.py:188} INFO - [2026-08-24T14:41:14.948+0000] {dag.py:3096} INFO - Sync 1 DAGs
[2026-08-24T14:41:14.986+0000] {logging_mixin.py:188} INFO - [2026-08-24T14:41:14.986+0000] {dag.py:3954} INFO - Setting next_dagrun for example_branch_labels to 2026-08-23 00:00:00+00:00, run_after=2026-08-24 00:00:00+00:00
[2026-08-24T14:41:15.013+0000] {processor.py:183} INFO - Processing /home/airflow/.local/lib/python3.12/site-packages/airflow/example_dags/example_branch_labels.py took 0.109 seconds
[2026-08-24T14:41:45.085+0000] {processor.py:161} INFO - Started process (PID=160) to work on /home/airflow/.local/lib/python3.12/site-packages/airflow/example_dags/example_branch_labels.py
[2026-08-24T14:41:45.087+0000] {processor.py:830} INFO - Processing file /home/airflow/.local/lib/python3.12/site-packages/airflow/example_dags/example_branch_labels.py for tasks to queue
[2026-08-24T14:41:45.089+0000] {logging_mixin.py:188} INFO - [2026-08-24T14:41:45.089+0000] {dagbag.py:545} INFO - Filling up the DagBag from /home/airflow/.local/lib/python3.12/site-packages/airflow/example_dags/example_branch_labels.py
[2026-08-24T14:41:45.099+0000] {processor.py:840} INFO - DAG(s) 'example_branch_labels' retrieved from /home/airflow/.local/lib/python3.12/site-packages/airflow/example_dags/example_branch_labels.py
[2026-08-24T14:41:45.225+0000] {logging_mixin.py:188} INFO - [2026-08-24T14:41:45.225+0000] {dag.py:3096} INFO - Sync 1 DAGs
[2026-08-24T14:41:45.251+0000] {logging_mixin.py:188} INFO - [2026-08-24T14:41:45.250+0000] {dag.py:3954} INFO - Setting next_dagrun for example_branch_labels to 2026-08-23 00:00:00+00:00, run_after=2026-08-24 00:00:00+00:00
[2026-08-24T14:41:45.275+0000] {processor.py:183} INFO - Processing /home/airflow/.local/lib/python3.12/site-packages/airflow/example_dags/example_branch_labels.py took 0.198 seconds
[2026-08-24T14:42:15.389+0000] {processor.py:161} INFO - Started process (PID=220) to work on /home/airflow/.local/lib/python3.12/site-packages/airflow/example_dags/example_branch_labels.py
[2026-08-24T14:42:15.390+0000] {processor.py:830} INFO - Processing file /home/airflow/.local/lib/python3.12/site-packages/airflow/example_dags/example_branch_labels.py for tasks to queue
[2026-08-24T14:42:15.393+0000] {logging_mixin.py:188} INFO - [2026-08-24T14:42:15.392+0000] {dagbag.py:545} INFO - Filling up the DagBag from /home/airflow/.local/lib/python3.12/site-packages/airflow/example_dags/example_branch_labels.py
[2026-08-24T14:42:15.405+0000] {processor.py:840} INFO - DAG(s) 'example_branch_labels' retrieved from /home/airflow/.local/lib/python3.12/site-packages/airflow/example_dags/example_branch_labels.py
[2026-08-24T14:42:15.436+0000] {logging_mixin.py:188} INFO - [2026-08-24T14:42:15.436+0000] {dag.py:3096} INFO - Sync 1 DAGs
[2026-08-24T14:42:15.469+0000] {logging_mixin.py:188} INFO - [2026-08-24T14:42:15.469+0000] {dag.py:3954} INFO - Setting next_dagrun for example_branch_labels to 2026-08-23 00:00:00+00:00, run_after=2026-08-24 00:00:00+00:00
[2026-08-24T14:42:15.509+0000] {processor.py:183} INFO - Processing /home/airflow/.local/lib/python3.12/site-packages/airflow/example_dags/example_branch_labels.py took 0.130 seconds
[2026-08-24T14:42:45.597+0000] {processor.py:161} INFO - Started process (PID=280) to work on /home/airflow/.local/lib/python3.12/site-packages/airflow/example_dags/example_branch_labels.py
[2026-08-24T14:42:45.598+0000] {processor.py:830} INFO - Processing file /home/airflow/.local/lib/python3.12/site-packages/airflow/example_dags/example_branch_labels.py for tasks to queue
[2026-08-24T14:42:45.601+0000] {logging_mixin.py:188} INFO - [2026-08-24T14:42:45.600+0000] {dagbag.py:545} INFO - Filling up the DagBag from /home/airflow/.local/lib/python3.12/site-packages/airflow/example_dags/example_branch_labels.py
[2026-08-24T14:42:45.612+0000] {processor.py:840} INFO - DAG(s) 'example_branch_labels' retrieved from /home/airflow/.local/lib/python3.12/site-packages/airflow/example_dags/example_branch_labels.py
[2026-08-24T14:42:45.642+0000] {logging_mixin.py:188} INFO - [2026-08-24T14:42:45.642+0000] {dag.py:3096} INFO - Sync 1 DAGs
[2026-08-24T14:42:45.679+0000] {logging_mixin.py:188} INFO - [2026-08-24T14:42:45.679+0000] {dag.py:3954} INFO - Setting next_dagrun for example_branch_labels to 2026-08-23 00:00:00+00:00, run_after=2026-08-24 00:00:00+00:00
[2026-08-24T14:42:45.707+0000] {processor.py:183} INFO - Processing /home/airflow/.local/lib/python3.12/site-packages/airflow/example_dags/example_branch_labels.py took 0.119 seconds
[2026-08-24T14:43:16.006+0000] {processor.py:161} INFO - Started process (PID=340) to work on /home/airflow/.local/lib/python3.12/site-packages/airflow/example_dags/example_branch_labels.py
[2026-08-24T14:43:16.009+0000] {processor.py:830} INFO - Processing file /home/airflow/.local/lib/python3.12/site-packages/airflow/example_dags/example_branch_labels.py for tasks to queue
[2026-08-24T14:43:16.012+0000] {logging_mixin.py:188} INFO - [2026-08-24T14:43:16.011+0000] {dagbag.py:545} INFO - Filling up the DagBag from /home/airflow/.local/lib/python3.12/site-packages/airflow/example_dags/example_branch_labels.py
[2026-08-24T14:43:16.023+0000] {processor.py:840} INFO - DAG(s) 'example_branch_labels' retrieved from /home/airflow/.local/lib/python3.12/site-packages/airflow/example_dags/example_branch_labels.py
[2026-08-24T14:43:16.051+0000] {logging_mixin.py:188} INFO - [2026-08-24T14:43:16.051+0000] {dag.py:3096} INFO - Sync 1 DAGs
[2026-08-24T14:43:16.088+0000] {logging_mixin.py:188} INFO - [2026-08-24T14:43:16.088+0000] {dag.py:3954} INFO - Setting next_dagrun for example_branch_labels to 2026-08-23 00:00:00+00:00, run_after=2026-08-24 00:00:00+00:00
[2026-08-24T14:43:16.112+0000] {processor.py:183} INFO - Processing /home/airflow/.local/lib/python3.12/site-packages/airflow/example_dags/example_branch_labels.py took 0.113 seconds
[2026-08-24T14:43:46.533+0000] {processor.py:161} INFO - Started process (PID=406) to work on /home/airflow/.local/lib/python3.12/site-packages/airflow/example_dags/example_branch_labels.py
[2026-08-24T14:43:46.534+0000] {processor.py:830} INFO - Processing file /home/airflow/.local/lib/python3.12/site-packages/airflow/example_dags/example_branch_labels.py for tasks to queue
[2026-08-24T14:43:46.537+0000] {logging_mixin.py:188} INFO - [2026-08-24T14:43:46.536+0000] {dagbag.py:545} INFO - Filling up the DagBag from /home/airflow/.local/lib/python3.12/site-packages/airflow/example_dags/example_branch_labels.py
[2026-08-24T14:43:46.548+0000] {processor.py:840} INFO - DAG(s) 'example_branch_labels' retrieved from /home/airflow/.local/lib/python3.12/site-packages/airflow/example_dags/example_branch_labels.py
[2026-08-24T14:43:46.575+0000] {logging_mixin.py:188} INFO - [2026-08-24T14:43:46.574+0000] {dag.py:3096} INFO - Sync 1 DAGs
[2026-08-24T14:43:46.604+0000] {logging_mixin.py:188} INFO - [2026-08-24T14:43:46.604+0000] {dag.py:3954} INFO - Setting next_dagrun for example_branch_labels to 2026-08-23 00:00:00+00:00, run_after=2026-08-24 00:00:00+00:00
[2026-08-24T14:43:46.629+0000] {processor.py:183} INFO - Processing /home/airflow/.local/lib/python3.12/site-packages/airflow/example_dags/example_branch_labels.py took 0.103 seconds
[2026-08-24T14:44:16.988+0000] {processor.py:161} INFO - Started process (PID=466) to work on /home/airflow/.local/lib/python3.12/site-packages/airflow/example_dags/example_branch_labels.py
[2026-08-24T14:44:16.989+0000] {processor.py:830} INFO - Processing file /home/airflow/.local/lib/python3.12/site-packages/airflow/example_dags/example_branch_labels.py for tasks to queue
[2026-08-24T14:44:16.992+0000] {logging_mixin.py:188} INFO - [2026-08-24T14:44:16.992+0000] {dagbag.py:545} INFO - Filling up the DagBag from /home/airflow/.local/lib/python3.12/site-packages/airflow/example_dags/example_branch_labels.py
[2026-08-24T14:44:17.003+0000] {processor.py:840} INFO - DAG(s) 'example_branch_labels' retrieved from /home/airflow/.local/lib/python3.12/site-packages/airflow/example_dags/example_branch_labels.py
[2026-08-24T14:44:17.031+0000] {logging_mixin.py:188} INFO - [2026-08-24T14:44:17.031+0000] {dag.py:3096} INFO - Sync 1 DAGs
[2026-08-24T14:44:17.064+0000] {logging_mixin.py:188} INFO - [2026-08-24T14:44:17.064+0000] {dag.py:3954} INFO - Setting next_dagrun for example_branch_labels to 2026-08-23 00:00:00+00:00, run_after=2026-08-24 00:00:00+00:00
[2026-08-24T14:44:17.091+0000] {processor.py:183} INFO - Processing /home/airflow/.local/lib/python3.12/site-packages/airflow/example_dags/example_branch_labels.py took 0.110 seconds
[2026-08-24T14:44:47.411+0000] {processor.py:161} INFO - Started process (PID=526) to work on /home/airflow/.local/lib/python3.12/site-packages/airflow/example_dags/example_branch_labels.py
[2026-08-24T14:44:47.412+0000] {processor.py:830} INFO - Processing file /home/airflow/.local/lib/python3.12/site-packages/airflow/example_dags/example_branch_labels.py for tasks to queue
[2026-08-24T14:44:47.414+0000] {logging_mixin.py:188} INFO - [2026-08-24T14:44:47.414+0000] {dagbag.py:545} INFO - Filling up the DagBag from /home/airflow/.local/lib/python3.12/site-packages/airflow/example_dags/example_branch_labels.py
[2026-08-24T14:44:47.424+0000] {processor.py:840} INFO - DAG(s) 'example_branch_labels' retrieved from /home/airflow/.local/lib/python3.12/site-packages/airflow/example_dags/example_branch_labels.py
[2026-08-24T14:44:47.450+0000] {logging_mixin.py:188} INFO - [2026-08-24T14:44:47.449+0000] {dag.py:3096} INFO - Sync 1 DAGs
[2026-08-24T14:44:47.478+0000] {logging_mixin.py:188} INFO - [2026-08-24T14:44:47.478+0000] {dag.py:3954} INFO - Setting next_dagrun for example_branch_labels to 2026-08-23 00:00:00+00:00, run_after=2026-08-24 00:00:00+00:00
[2026-08-24T14:44:47.502+0000] {processor.py:183} INFO - Processing /home/airflow/.local/lib/python3.12/site-packages/airflow/example_dags/example_branch_labels.py took 0.098 seconds
[2026-08-24T14:49:17.675+0000] {processor.py:161} INFO - Started process (PID=103) to work on /home/airflow/.local/lib/python3.12/site-packages/airflow/example_dags/example_branch_labels.py
[2026-08-24T14:49:17.677+0000] {processor.py:830} INFO - Processing file /home/airflow/.local/lib/python3.12/site-packages/airflow/example_dags/example_branch_labels.py for tasks to queue
[2026-08-24T14:49:17.681+0000] {logging_mixin.py:188} INFO - [2026-08-24T14:49:17.680+0000] {dagbag.py:545} INFO - Filling up the DagBag from /home/airflow/.local/lib/python3.12/site-packages/airflow/example_dags/example_branch_labels.py
[2026-08-24T14:49:17.702+0000] {processor.py:840} INFO - DAG(s) 'example_branch_labels' retrieved from /home/airflow/.local/lib/python3.12/site-packages/airflow/example_dags/example_branch_labels.py
[2026-08-24T14:49:17.915+0000] {logging_mixin.py:188} INFO - [2026-08-24T14:49:17.914+0000] {dag.py:3096} INFO - Sync 1 DAGs
[2026-08-24T14:49:17.953+0000] {logging_mixin.py:188} INFO - [2026-08-24T14:49:17.953+0000] {dag.py:3954} INFO - Setting next_dagrun for example_branch_labels to 2026-08-23 00:00:00+00:00, run_after=2026-08-24 00:00:00+00:00
[2026-08-24T14:49:18.067+0000] {processor.py:183} INFO - Processing /home/airflow/.local/lib/python3.12/site-packages/airflow/example_dags/example_branch_labels.py took 0.404 seconds
[2026-08-24T14:50:14.897+0000] {processor.py:161} INFO - Started process (PID=87) to work on /home/airflow/.local/lib/python3.12/site-packages/airflow/example_dags/example_branch_labels.py
[2026-08-24T14:50:14.899+0000] {processor.py:830} INFO - Processing file /home/airflow/.local/lib/python3.12/site-packages/airflow/example_dags/example_branch_labels.py for tasks to queue
[2026-08-24T14:50:14.903+0000] {logging_mixin.py:188} INFO - [2026-08-24T14:50:14.902+0000] {dagbag.py:545} INFO - Filling up the DagBag from /home/airflow/.local/lib/python3.12/site-packages/airflow/example_dags/example_branch_labels.py
[2026-08-24T14:50:14.924+0000] {processor.py:840} INFO - DAG(s) 'example_branch_labels' retrieved from /home/airflow/.local/lib/python3.12/site-packages/airflow/example_dags/example_branch_labels.py
[2026-08-24T14:50:14.967+0000] {logging_mixin.py:188} INFO - [2026-08-24T14:50:14.967+0000] {dag.py:3096} INFO - Sync 1 DAGs
[2026-08-24T14:50:15.003+0000] {logging_mixin.py:188} INFO - [2026-08-24T14:50:15.003+0000] {dag.py:3954} INFO - Setting next_dagrun for example_branch_labels to 2026-08-23 00:00:00+00:00, run_after=2026-08-24 00:00:00+00:00
[2026-08-24T14:50:15.027+0000] {processor.py:183} INFO - Processing /home/airflow/.local/lib/python3.12/site-packages/airflow/example_dags/example_branch_labels.py took 0.140 seconds
[2026-08-24T14:50:45.917+0000] {processor.py:161} INFO - Started process (PID=147) to work on /home/airflow/.local/lib/python3.12/site-packages/airflow/example_dags/example_branch_labels.py
[2026-08-24T14:50:45.919+0000] {processor.py:830} INFO - Processing file /home/airflow/.local/lib/python3.12/site-packages/airflow/example_dags/example_branch_labels.py for tasks to queue
[2026-08-24T14:50:45.921+0000] {logging_mixin.py:188} INFO - [2026-08-24T14:50:45.921+0000] {dagbag.py:545} INFO - Filling up the DagBag from /home/airflow/.local/lib/python3.12/site-packages/airflow/example_dags/example_branch_labels.py
[2026-08-24T14:50:45.936+0000] {processor.py:840} INFO - DAG(s) 'example_branch_labels' retrieved from /home/airflow/.local/lib/python3.12/site-packages/airflow/example_dags/example_branch_labels.py
[2026-08-24T14:50:45.964+0000] {logging_mixin.py:188} INFO - [2026-08-24T14:50:45.964+0000] {dag.py:3096} INFO - Sync 1 DAGs
[2026-08-24T14:50:45.995+0000] {logging_mixin.py:188} INFO - [2026-08-24T14:50:45.995+0000] {dag.py:3954} INFO - Setting next_dagrun for example_branch_labels to 2026-08-23 00:00:00+00:00, run_after=2026-08-24 00:00:00+00:00
[2026-08-24T14:50:46.029+0000] {processor.py:183} INFO - Processing /home/airflow/.local/lib/python3.12/site-packages/airflow/example_dags/example_branch_labels.py took 0.120 seconds
[2026-08-24T14:51:16.148+0000] {processor.py:161} INFO - Started process (PID=205) to work on /home/airflow/.local/lib/python3.12/site-packages/airflow/example_dags/example_branch_labels.py
[2026-08-24T14:51:16.150+0000] {processor.py:830} INFO - Processing file /home/airflow/.local/lib/python3.12/site-packages/airflow/example_dags/example_branch_labels.py for tasks to queue
[2026-08-24T14:51:16.152+0000] {logging_mixin.py:188} INFO - [2026-08-24T14:51:16.152+0000] {dagbag.py:545} INFO - Filling up the DagBag from /home/airflow/.local/lib/python3.12/site-packages/airflow/example_dags/example_branch_labels.py
[2026-08-24T14:51:16.161+0000] {processor.py:840} INFO - DAG(s) 'example_branch_labels' retrieved from /home/airflow/.local/lib/python3.12/site-packages/airflow/example_dags/example_branch_labels.py
[2026-08-24T14:51:16.188+0000] {logging_mixin.py:188} INFO - [2026-08-24T14:51:16.188+0000] {dag.py:3096} INFO - Sync 1 DAGs
[2026-08-24T14:51:16.217+0000] {logging_mixin.py:188} INFO - [2026-08-24T14:51:16.217+0000] {dag.py:3954} INFO - Setting next_dagrun for example_branch_labels to 2026-08-23 00:00:00+00:00, run_after=2026-08-24 00:00:00+00:00
[2026-08-24T14:51:16.239+0000] {processor.py:183} INFO - Processing /home/airflow/.local/lib/python3.12/site-packages/airflow/example_dags/example_branch_labels.py took 0.099 seconds
[2026-08-24T14:51:46.352+0000] {processor.py:161} INFO - Started process (PID=265) to work on /home/airflow/.local/lib/python3.12/site-packages/airflow/example_dags/example_branch_labels.py
[2026-08-24T14:51:46.353+0000] {processor.py:830} INFO - Processing file /home/airflow/.local/lib/python3.12/site-packages/airflow/example_dags/example_branch_labels.py for tasks to queue
[2026-08-24T14:51:46.355+0000] {logging_mixin.py:188} INFO - [2026-08-24T14:51:46.355+0000] {dagbag.py:545} INFO - Filling up the DagBag from /home/airflow/.local/lib/python3.12/site-packages/airflow/example_dags/example_branch_labels.py
[2026-08-24T14:51:46.369+0000] {processor.py:840} INFO - DAG(s) 'example_branch_labels' retrieved from /home/airflow/.local/lib/python3.12/site-packages/airflow/example_dags/example_branch_labels.py
[2026-08-24T14:51:46.406+0000] {logging_mixin.py:188} INFO - [2026-08-24T14:51:46.406+0000] {dag.py:3096} INFO - Sync 1 DAGs
[2026-08-24T14:51:46.453+0000] {logging_mixin.py:188} INFO - [2026-08-24T14:51:46.453+0000] {dag.py:3954} INFO - Setting next_dagrun for example_branch_labels to 2026-08-23 00:00:00+00:00, run_after=2026-08-24 00:00:00+00:00
[2026-08-24T14:51:46.482+0000] {processor.py:183} INFO - Processing /home/airflow/.local/lib/python3.12/site-packages/airflow/example_dags/example_branch_labels.py took 0.139 seconds
[2026-08-24T14:52:16.642+0000] {processor.py:161} INFO - Started process (PID=325) to work on /home/airflow/.local/lib/python3.12/site-packages/airflow/example_dags/example_branch_labels.py
[2026-08-24T14:52:16.644+0000] {processor.py:830} INFO - Processing file /home/airflow/.local/lib/python3.12/site-packages/airflow/example_dags/example_branch_labels.py for tasks to queue
[2026-08-24T14:52:16.647+0000] {logging_mixin.py:188} INFO - [2026-08-24T14:52:16.646+0000] {dagbag.py:545} INFO - Filling up the DagBag from /home/airflow/.local/lib/python3.12/site-packages/airflow/example_dags/example_branch_labels.py
[2026-08-24T14:52:16.657+0000] {processor.py:840} INFO - DAG(s) 'example_branch_labels' retrieved from /home/airflow/.local/lib/python3.12/site-packages/airflow/example_dags/example_branch_labels.py
[2026-08-24T14:52:16.684+0000] {logging_mixin.py:188} INFO - [2026-08-24T14:52:16.684+0000] {dag.py:3096} INFO - Sync 1 DAGs
[2026-08-24T14:52:16.717+0000] {logging_mixin.py:188} INFO - [2026-08-24T14:52:16.716+0000] {dag.py:3954} INFO - Setting next_dagrun for example_branch_labels to 2026-08-23 00:00:00+00:00, run_after=2026-08-24 00:00:00+00:00
[2026-08-24T14:52:16.885+0000] {processor.py:183} INFO - Processing /home/airflow/.local/lib/python3.12/site-packages/airflow/example_dags/example_branch_labels.py took 0.251 seconds
[2026-08-24T14:52:47.171+0000] {processor.py:161} INFO - Started process (PID=385) to work on /home/airflow/.local/lib/python3.12/site-packages/airflow/example_dags/example_branch_labels.py
[2026-08-24T14:52:47.172+0000] {processor.py:830} INFO - Processing file /home/airflow/.local/lib/python3.12/site-packages/airflow/example_dags/example_branch_labels.py for tasks to queue
[2026-08-24T14:52:47.175+0000] {logging_mixin.py:188} INFO - [2026-08-24T14:52:47.174+0000] {dagbag.py:545} INFO - Filling up the DagBag from /home/airflow/.local/lib/python3.12/site-packages/airflow/example_dags/example_branch_labels.py
[2026-08-24T14:52:47.185+0000] {processor.py:840} INFO - DAG(s) 'example_branch_labels' retrieved from /home/airflow/.local/lib/python3.12/site-packages/airflow/example_dags/example_branch_labels.py
[2026-08-24T14:52:47.213+0000] {logging_mixin.py:188} INFO - [2026-08-24T14:52:47.213+0000] {dag.py:3096} INFO - Sync 1 DAGs
[2026-08-24T14:52:47.243+0000] {logging_mixin.py:188} INFO - [2026-08-24T14:52:47.243+0000] {dag.py:3954} INFO - Setting next_dagrun for example_branch_labels to 2026-08-23 00:00:00+00:00, run_after=2026-08-24 00:00:00+00:00
[2026-08-24T14:52:47.273+0000] {processor.py:183} INFO - Processing /home/airflow/.local/lib/python3.12/site-packages/airflow/example_dags/example_branch_labels.py took 0.110 seconds
[2026-08-24T14:53:17.869+0000] {processor.py:161} INFO - Started process (PID=445) to work on /home/airflow/.local/lib/python3.12/site-packages/airflow/example_dags/example_branch_labels.py
[2026-08-24T14:53:17.872+0000] {processor.py:830} INFO - Processing file /home/airflow/.local/lib/python3.12/site-packages/airflow/example_dags/example_branch_labels.py for tasks to queue
[2026-08-24T14:53:17.875+0000] {logging_mixin.py:188} INFO - [2026-08-24T14:53:17.875+0000] {dagbag.py:545} INFO - Filling up the DagBag from /home/airflow/.local/lib/python3.12/site-packages/airflow/example_dags/example_branch_labels.py
[2026-08-24T14:53:17.895+0000] {processor.py:840} INFO - DAG(s) 'example_branch_labels' retrieved from /home/airflow/.local/lib/python3.12/site-packages/airflow/example_dags/example_branch_labels.py
[2026-08-24T14:53:17.927+0000] {logging_mixin.py:188} INFO - [2026-08-24T14:53:17.927+0000] {dag.py:3096} INFO - Sync 1 DAGs
[2026-08-24T14:53:17.958+0000] {logging_mixin.py:188} INFO - [2026-08-24T14:53:17.958+0000] {dag.py:3954} INFO - Setting next_dagrun for example_branch_labels to 2026-08-23 00:00:00+00:00, run_after=2026-08-24 00:00:00+00:00
[2026-08-24T14:53:17.983+0000] {processor.py:183} INFO - Processing /home/airflow/.local/lib/python3.12/site-packages/airflow/example_dags/example_branch_labels.py took 0.129 seconds
[2026-08-24T14:53:48.162+0000] {processor.py:161} INFO - Started process (PID=505) to work on /home/airflow/.local/lib/python3.12/site-packages/airflow/example_dags/example_branch_labels.py
[2026-08-24T14:53:48.164+0000] {processor.py:830} INFO - Processing file /home/airflow/.local/lib/python3.12/site-packages/airflow/example_dags/example_branch_labels.py for tasks to queue
[2026-08-24T14:53:48.167+0000] {logging_mixin.py:188} INFO - [2026-08-24T14:53:48.166+0000] {dagbag.py:545} INFO - Filling up the DagBag from /home/airflow/.local/lib/python3.12/site-packages/airflow/example_dags/example_branch_labels.py
[2026-08-24T14:53:48.180+0000] {processor.py:840} INFO - DAG(s) 'example_branch_labels' retrieved from /home/airflow/.local/lib/python3.12/site-packages/airflow/example_dags/example_branch_labels.py
[2026-08-24T14:53:48.210+0000] {logging_mixin.py:188} INFO - [2026-08-24T14:53:48.210+0000] {dag.py:3096} INFO - Sync 1 DAGs
[2026-08-24T14:53:48.243+0000] {logging_mixin.py:188} INFO - [2026-08-24T14:53:48.242+0000] {dag.py:3954} INFO - Setting next_dagrun for example_branch_labels to 2026-08-23 00:00:00+00:00, run_after=2026-08-24 00:00:00+00:00
[2026-08-24T14:53:48.277+0000] {processor.py:183} INFO - Processing /home/airflow/.local/lib/python3.12/site-packages/airflow/example_dags/example_branch_labels.py took 0.123 seconds
[2026-08-24T14:54:18.435+0000] {processor.py:161} INFO - Started process (PID=565) to work on /home/airflow/.local/lib/python3.12/site-packages/airflow/example_dags/example_branch_labels.py
[2026-08-24T14:54:18.436+0000] {processor.py:830} INFO - Processing file /home/airflow/.local/lib/python3.12/site-packages/airflow/example_dags/example_branch_labels.py for tasks to queue
[2026-08-24T14:54:18.439+0000] {logging_mixin.py:188} INFO - [2026-08-24T14:54:18.438+0000] {dagbag.py:545} INFO - Filling up the DagBag from /home/airflow/.local/lib/python3.12/site-packages/airflow/example_dags/example_branch_labels.py
[2026-08-24T14:54:18.449+0000] {processor.py:840} INFO - DAG(s) 'example_branch_labels' retrieved from /home/airflow/.local/lib/python3.12/site-packages/airflow/example_dags/example_branch_labels.py
[2026-08-24T14:54:18.479+0000] {logging_mixin.py:188} INFO - [2026-08-24T14:54:18.479+0000] {dag.py:3096} INFO - Sync 1 DAGs
[2026-08-24T14:54:18.514+0000] {logging_mixin.py:188} INFO - [2026-08-24T14:54:18.514+0000] {dag.py:3954} INFO - Setting next_dagrun for example_branch_labels to 2026-08-23 00:00:00+00:00, run_after=2026-08-24 00:00:00+00:00
[2026-08-24T14:54:18.539+0000] {processor.py:183} INFO - Processing /home/airflow/.local/lib/python3.12/site-packages/airflow/example_dags/example_branch_labels.py took 0.112 seconds
[2026-08-24T14:54:48.793+0000] {processor.py:161} INFO - Started process (PID=625) to work on /home/airflow/.local/lib/python3.12/site-packages/airflow/example_dags/example_branch_labels.py
[2026-08-24T14:54:48.794+0000] {processor.py:830} INFO - Processing file /home/airflow/.local/lib/python3.12/site-packages/airflow/example_dags/example_branch_labels.py for tasks to queue
[2026-08-24T14:54:48.797+0000] {logging_mixin.py:188} INFO - [2026-08-24T14:54:48.796+0000] {dagbag.py:545} INFO - Filling up the DagBag from /home/airflow/.local/lib/python3.12/site-packages/airflow/example_dags/example_branch_labels.py
[2026-08-24T14:54:48.806+0000] {processor.py:840} INFO - DAG(s) 'example_branch_labels' retrieved from /home/airflow/.local/lib/python3.12/site-packages/airflow/example_dags/example_branch_labels.py
[2026-08-24T14:54:48.836+0000] {logging_mixin.py:188} INFO - [2026-08-24T14:54:48.835+0000] {dag.py:3096} INFO - Sync 1 DAGs
[2026-08-24T14:54:48.868+0000] {logging_mixin.py:188} INFO - [2026-08-24T14:54:48.868+0000] {dag.py:3954} INFO - Setting next_dagrun for example_branch_labels to 2026-08-23 00:00:00+00:00, run_after=2026-08-24 00:00:00+00:00
[2026-08-24T14:54:48.897+0000] {processor.py:183} INFO - Processing /home/airflow/.local/lib/python3.12/site-packages/airflow/example_dags/example_branch_labels.py took 0.113 seconds
[2026-08-24T14:55:19.385+0000] {processor.py:161} INFO - Started process (PID=685) to work on /home/airflow/.local/lib/python3.12/site-packages/airflow/example_dags/example_branch_labels.py
[2026-08-24T14:55:19.387+0000] {processor.py:830} INFO - Processing file /home/airflow/.local/lib/python3.12/site-packages/airflow/example_dags/example_branch_labels.py for tasks to queue
[2026-08-24T14:55:19.390+0000] {logging_mixin.py:188} INFO - [2026-08-24T14:55:19.389+0000] {dagbag.py:545} INFO - Filling up the DagBag from /home/airflow/.local/lib/python3.12/site-packages/airflow/example_dags/example_branch_labels.py
[2026-08-24T14:55:19.401+0000] {processor.py:840} INFO - DAG(s) 'example_branch_labels' retrieved from /home/airflow/.local/lib/python3.12/site-packages/airflow/example_dags/example_branch_labels.py
[2026-08-24T14:55:19.429+0000] {logging_mixin.py:188} INFO - [2026-08-24T14:55:19.428+0000] {dag.py:3096} INFO - Sync 1 DAGs
[2026-08-24T14:55:19.457+0000] {logging_mixin.py:188} INFO - [2026-08-24T14:55:19.456+0000] {dag.py:3954} INFO - Setting next_dagrun for example_branch_labels to 2026-08-23 00:00:00+00:00, run_after=2026-08-24 00:00:00+00:00
[2026-08-24T14:55:19.477+0000] {processor.py:183} INFO - Processing /home/airflow/.local/lib/python3.12/site-packages/airflow/example_dags/example_branch_labels.py took 0.099 seconds
[2026-08-24T14:55:50.260+0000] {processor.py:161} INFO - Started process (PID=745) to work on /home/airflow/.local/lib/python3.12/site-packages/airflow/example_dags/example_branch_labels.py
[2026-08-24T14:55:50.261+0000] {processor.py:830} INFO - Processing file /home/airflow/.local/lib/python3.12/site-packages/airflow/example_dags/example_branch_labels.py for tasks to queue
[2026-08-24T14:55:50.264+0000] {logging_mixin.py:188} INFO - [2026-08-24T14:55:50.263+0000] {dagbag.py:545} INFO - Filling up the DagBag from /home/airflow/.local/lib/python3.12/site-packages/airflow/example_dags/example_branch_labels.py
[2026-08-24T14:55:50.274+0000] {processor.py:840} INFO - DAG(s) 'example_branch_labels' retrieved from /home/airflow/.local/lib/python3.12/site-packages/airflow/example_dags/example_branch_labels.py
[2026-08-24T14:55:50.303+0000] {logging_mixin.py:188} INFO - [2026-08-24T14:55:50.303+0000] {dag.py:3096} INFO - Sync 1 DAGs
[2026-08-24T14:55:50.331+0000] {logging_mixin.py:188} INFO - [2026-08-24T14:55:50.330+0000] {dag.py:3954} INFO - Setting next_dagrun for example_branch_labels to 2026-08-23 00:00:00+00:00, run_after=2026-08-24 00:00:00+00:00
[2026-08-24T14:55:50.427+0000] {processor.py:183} INFO - Processing /home/airflow/.local/lib/python3.12/site-packages/airflow/example_dags/example_branch_labels.py took 0.175 seconds
[2026-08-24T14:56:22.265+0000] {processor.py:161} INFO - Started process (PID=805) to work on /home/airflow/.local/lib/python3.12/site-packages/airflow/example_dags/example_branch_labels.py
[2026-08-24T14:56:22.267+0000] {processor.py:830} INFO - Processing file /home/airflow/.local/lib/python3.12/site-packages/airflow/example_dags/example_branch_labels.py for tasks to queue
[2026-08-24T14:56:22.283+0000] {logging_mixin.py:188} INFO - [2026-08-24T14:56:22.281+0000] {dagbag.py:545} INFO - Filling up the DagBag from /home/airflow/.local/lib/python3.12/site-packages/airflow/example_dags/example_branch_labels.py
[2026-08-24T14:56:22.326+0000] {processor.py:840} INFO - DAG(s) 'example_branch_labels' retrieved from /home/airflow/.local/lib/python3.12/site-packages/airflow/example_dags/example_branch_labels.py
[2026-08-24T14:56:22.469+0000] {logging_mixin.py:188} INFO - [2026-08-24T14:56:22.468+0000] {dag.py:3096} INFO - Sync 1 DAGs
[2026-08-24T14:56:22.625+0000] {logging_mixin.py:188} INFO - [2026-08-24T14:56:22.625+0000] {dag.py:3954} INFO - Setting next_dagrun for example_branch_labels to 2026-08-23 00:00:00+00:00, run_after=2026-08-24 00:00:00+00:00
[2026-08-24T14:56:22.737+0000] {processor.py:183} INFO - Processing /home/airflow/.local/lib/python3.12/site-packages/airflow/example_dags/example_branch_labels.py took 0.496 seconds
