[2026-08-24T13:51:02.302+0000] {processor.py:161} INFO - Started process (PID=103) to work on /home/airflow/.local/lib/python3.12/site-packages/airflow/example_dags/example_python_operator.py
[2026-08-24T13:51:02.304+0000] {processor.py:830} INFO - Processing file /home/airflow/.local/lib/python3.12/site-packages/airflow/example_dags/example_python_operator.py for tasks to queue
[2026-08-24T13:51:02.308+0000] {logging_mixin.py:188} INFO - [2026-08-24T13:51:02.307+0000] {dagbag.py:545} INFO - Filling up the DagBag from /home/airflow/.local/lib/python3.12/site-packages/airflow/example_dags/example_python_operator.py
[2026-08-24T13:51:02.337+0000] {processor.py:840} INFO - DAG(s) 'example_python_operator' retrieved from /home/airflow/.local/lib/python3.12/site-packages/airflow/example_dags/example_python_operator.py
[2026-08-24T13:51:02.493+0000] {logging_mixin.py:188} INFO - [2026-08-24T13:51:02.492+0000] {dag.py:3096} INFO - Sync 1 DAGs
[2026-08-24T13:51:02.512+0000] {logging_mixin.py:188} INFO - [2026-08-24T13:51:02.512+0000] {dag.py:3954} INFO - Setting next_dagrun for example_python_operator to None, run_after=None
[2026-08-24T13:51:02.560+0000] {processor.py:183} INFO - Processing /home/airflow/.local/lib/python3.12/site-packages/airflow/example_dags/example_python_operator.py took 0.269 seconds
[2026-08-24T13:51:43.207+0000] {processor.py:161} INFO - Started process (PID=84) to work on /home/airflow/.local/lib/python3.12/site-packages/airflow/example_dags/example_python_operator.py
[2026-08-24T13:51:43.208+0000] {processor.py:830} INFO - Processing file /home/airflow/.local/lib/python3.12/site-packages/airflow/example_dags/example_python_operator.py for tasks to queue
[2026-08-24T13:51:43.211+0000] {logging_mixin.py:188} INFO - [2026-08-24T13:51:43.210+0000] {dagbag.py:545} INFO - Filling up the DagBag from /home/airflow/.local/lib/python3.12/site-packages/airflow/example_dags/example_python_operator.py
[2026-08-24T13:51:43.228+0000] {processor.py:840} INFO - DAG(s) 'example_python_operator' retrieved from /home/airflow/.local/lib/python3.12/site-packages/airflow/example_dags/example_python_operator.py
[2026-08-24T13:51:43.355+0000] {logging_mixin.py:188} INFO - [2026-08-24T13:51:43.355+0000] {dag.py:3096} INFO - Sync 1 DAGs
[2026-08-24T13:51:43.368+0000] {logging_mixin.py:188} INFO - [2026-08-24T13:51:43.368+0000] {dag.py:3954} INFO - Setting next_dagrun for example_python_operator to None, run_after=None
[2026-08-24T13:51:43.391+0000] {processor.py:183} INFO - Processing /home/airflow/.local/lib/python3.12/site-packages/airflow/example_dags/example_python_operator.py took 0.191 seconds
[2026-08-24T13:52:13.925+0000] {processor.py:161} INFO - Started process (PID=143) to work on /home/airflow/.local/lib/python3.12/site-packages/airflow/example_dags/example_python_operator.py
[2026-08-24T13:52:13.927+0000] {processor.py:830} INFO - Processing file /home/airflow/.local/lib/python3.12/site-packages/airflow/example_dags/example_python_operator.py for tasks to queue
[2026-08-24T13:52:13.929+0000] {logging_mixin.py:188} INFO - [2026-08-24T13:52:13.929+0000] {dagbag.py:545} INFO - Filling up the DagBag from /home/airflow/.local/lib/python3.12/site-packages/airflow/example_dags/example_python_operator.py
[2026-08-24T13:52:13.942+0000] {processor.py:840} INFO - DAG(s) 'example_python_operator' retrieved from /home/airflow/.local/lib/python3.12/site-packages/airflow/example_dags/example_python_operator.py
[2026-08-24T13:52:13.970+0000] {logging_mixin.py:188} INFO - [2026-08-24T13:52:13.970+0000] {dag.py:3096} INFO - Sync 1 DAGs
[2026-08-24T13:52:13.988+0000] {logging_mixin.py:188} INFO - [2026-08-24T13:52:13.988+0000] {dag.py:3954} INFO - Setting next_dagrun for example_python_operator to None, run_after=None
[2026-08-24T13:52:14.013+0000] {processor.py:183} INFO - Processing /home/airflow/.local/lib/python3.12/site-packages/airflow/example_dags/example_python_operator.py took 0.094 seconds
[2026-08-24T13:52:44.163+0000] {processor.py:161} INFO - Started process (PID=202) to work on /home/airflow/.local/lib/python3.12/site-packages/airflow/example_dags/example_python_operator.py
[2026-08-24T13:52:44.164+0000] {processor.py:830} INFO - Processing file /home/airflow/.local/lib/python3.12/site-packages/airflow/example_dags/example_python_operator.py for tasks to queue
[2026-08-24T13:52:44.166+0000] {logging_mixin.py:188} INFO - [2026-08-24T13:52:44.166+0000] {dagbag.py:545} INFO - Filling up the DagBag from /home/airflow/.local/lib/python3.12/site-packages/airflow/example_dags/example_python_operator.py
[2026-08-24T13:52:44.179+0000] {processor.py:840} INFO - DAG(s) 'example_python_operator' retrieved from /home/airflow/.local/lib/python3.12/site-packages/airflow/example_dags/example_python_operator.py
[2026-08-24T13:52:44.207+0000] {logging_mixin.py:188} INFO - [2026-08-24T13:52:44.207+0000] {dag.py:3096} INFO - Sync 1 DAGs
[2026-08-24T13:52:44.223+0000] {logging_mixin.py:188} INFO - [2026-08-24T13:52:44.223+0000] {dag.py:3954} INFO - Setting next_dagrun for example_python_operator to None, run_after=None
[2026-08-24T13:52:44.247+0000] {processor.py:183} INFO - Processing /home/airflow/.local/lib/python3.12/site-packages/airflow/example_dags/example_python_operator.py took 0.092 seconds
[2026-08-24T13:53:14.397+0000] {processor.py:161} INFO - Started process (PID=261) to work on /home/airflow/.local/lib/python3.12/site-packages/airflow/example_dags/example_python_operator.py
[2026-08-24T13:53:14.398+0000] {processor.py:830} INFO - Processing file /home/airflow/.local/lib/python3.12/site-packages/airflow/example_dags/example_python_operator.py for tasks to queue
[2026-08-24T13:53:14.400+0000] {logging_mixin.py:188} INFO - [2026-08-24T13:53:14.400+0000] {dagbag.py:545} INFO - Filling up the DagBag from /home/airflow/.local/lib/python3.12/site-packages/airflow/example_dags/example_python_operator.py
[2026-08-24T13:53:14.413+0000] {processor.py:840} INFO - DAG(s) 'example_python_operator' retrieved from /home/airflow/.local/lib/python3.12/site-packages/airflow/example_dags/example_python_operator.py
[2026-08-24T13:53:14.445+0000] {logging_mixin.py:188} INFO - [2026-08-24T13:53:14.444+0000] {dag.py:3096} INFO - Sync 1 DAGs
[2026-08-24T13:53:14.462+0000] {logging_mixin.py:188} INFO - [2026-08-24T13:53:14.462+0000] {dag.py:3954} INFO - Setting next_dagrun for example_python_operator to None, run_after=None
[2026-08-24T13:53:14.487+0000] {processor.py:183} INFO - Processing /home/airflow/.local/lib/python3.12/site-packages/airflow/example_dags/example_python_operator.py took 0.098 seconds
[2026-08-24T13:53:44.799+0000] {processor.py:161} INFO - Started process (PID=320) to work on /home/airflow/.local/lib/python3.12/site-packages/airflow/example_dags/example_python_operator.py
[2026-08-24T13:53:44.803+0000] {processor.py:830} INFO - Processing file /home/airflow/.local/lib/python3.12/site-packages/airflow/example_dags/example_python_operator.py for tasks to queue
[2026-08-24T13:53:44.821+0000] {logging_mixin.py:188} INFO - [2026-08-24T13:53:44.820+0000] {dagbag.py:545} INFO - Filling up the DagBag from /home/airflow/.local/lib/python3.12/site-packages/airflow/example_dags/example_python_operator.py
[2026-08-24T13:53:44.840+0000] {processor.py:840} INFO - DAG(s) 'example_python_operator' retrieved from /home/airflow/.local/lib/python3.12/site-packages/airflow/example_dags/example_python_operator.py
[2026-08-24T13:53:44.879+0000] {logging_mixin.py:188} INFO - [2026-08-24T13:53:44.879+0000] {dag.py:3096} INFO - Sync 1 DAGs
[2026-08-24T13:53:44.902+0000] {logging_mixin.py:188} INFO - [2026-08-24T13:53:44.902+0000] {dag.py:3954} INFO - Setting next_dagrun for example_python_operator to None, run_after=None
[2026-08-24T13:53:44.937+0000] {processor.py:183} INFO - Processing /home/airflow/.local/lib/python3.12/site-packages/airflow/example_dags/example_python_operator.py took 0.157 seconds
[2026-08-24T13:54:15.422+0000] {processor.py:161} INFO - Started process (PID=385) to work on /home/airflow/.local/lib/python3.12/site-packages/airflow/example_dags/example_python_operator.py
[2026-08-24T13:54:15.424+0000] {processor.py:830} INFO - Processing file /home/airflow/.local/lib/python3.12/site-packages/airflow/example_dags/example_python_operator.py for tasks to queue
[2026-08-24T13:54:15.428+0000] {logging_mixin.py:188} INFO - [2026-08-24T13:54:15.427+0000] {dagbag.py:545} INFO - Filling up the DagBag from /home/airflow/.local/lib/python3.12/site-packages/airflow/example_dags/example_python_operator.py
[2026-08-24T13:54:15.447+0000] {processor.py:840} INFO - DAG(s) 'example_python_operator' retrieved from /home/airflow/.local/lib/python3.12/site-packages/airflow/example_dags/example_python_operator.py
[2026-08-24T13:54:15.492+0000] {logging_mixin.py:188} INFO - [2026-08-24T13:54:15.492+0000] {dag.py:3096} INFO - Sync 1 DAGs
[2026-08-24T13:54:15.522+0000] {logging_mixin.py:188} INFO - [2026-08-24T13:54:15.522+0000] {dag.py:3954} INFO - Setting next_dagrun for example_python_operator to None, run_after=None
[2026-08-24T13:54:15.565+0000] {processor.py:183} INFO - Processing /home/airflow/.local/lib/python3.12/site-packages/airflow/example_dags/example_python_operator.py took 0.154 seconds
[2026-08-24T13:54:46.269+0000] {processor.py:161} INFO - Started process (PID=444) to work on /home/airflow/.local/lib/python3.12/site-packages/airflow/example_dags/example_python_operator.py
[2026-08-24T13:54:46.271+0000] {processor.py:830} INFO - Processing file /home/airflow/.local/lib/python3.12/site-packages/airflow/example_dags/example_python_operator.py for tasks to queue
[2026-08-24T13:54:46.275+0000] {logging_mixin.py:188} INFO - [2026-08-24T13:54:46.275+0000] {dagbag.py:545} INFO - Filling up the DagBag from /home/airflow/.local/lib/python3.12/site-packages/airflow/example_dags/example_python_operator.py
[2026-08-24T13:54:46.300+0000] {processor.py:840} INFO - DAG(s) 'example_python_operator' retrieved from /home/airflow/.local/lib/python3.12/site-packages/airflow/example_dags/example_python_operator.py
[2026-08-24T13:54:46.323+0000] {logging_mixin.py:188} INFO - [2026-08-24T13:54:46.323+0000] {dag.py:3096} INFO - Sync 1 DAGs
[2026-08-24T13:54:46.356+0000] {logging_mixin.py:188} INFO - [2026-08-24T13:54:46.356+0000] {dag.py:3954} INFO - Setting next_dagrun for example_python_operator to None, run_after=None
[2026-08-24T13:54:46.419+0000] {processor.py:183} INFO - Processing /home/airflow/.local/lib/python3.12/site-packages/airflow/example_dags/example_python_operator.py took 0.160 seconds
[2026-08-24T13:55:21.043+0000] {processor.py:161} INFO - Started process (PID=503) to work on /home/airflow/.local/lib/python3.12/site-packages/airflow/example_dags/example_python_operator.py
[2026-08-24T13:55:21.045+0000] {processor.py:830} INFO - Processing file /home/airflow/.local/lib/python3.12/site-packages/airflow/example_dags/example_python_operator.py for tasks to queue
[2026-08-24T13:55:21.048+0000] {logging_mixin.py:188} INFO - [2026-08-24T13:55:21.047+0000] {dagbag.py:545} INFO - Filling up the DagBag from /home/airflow/.local/lib/python3.12/site-packages/airflow/example_dags/example_python_operator.py
[2026-08-24T13:55:21.065+0000] {processor.py:840} INFO - DAG(s) 'example_python_operator' retrieved from /home/airflow/.local/lib/python3.12/site-packages/airflow/example_dags/example_python_operator.py
[2026-08-24T13:55:21.218+0000] {logging_mixin.py:188} INFO - [2026-08-24T13:55:21.217+0000] {dag.py:3096} INFO - Sync 1 DAGs
[2026-08-24T13:55:21.235+0000] {logging_mixin.py:188} INFO - [2026-08-24T13:55:21.234+0000] {dag.py:3954} INFO - Setting next_dagrun for example_python_operator to None, run_after=None
[2026-08-24T13:55:21.478+0000] {processor.py:183} INFO - Processing /home/airflow/.local/lib/python3.12/site-packages/airflow/example_dags/example_python_operator.py took 0.445 seconds
[2026-08-24T13:55:51.539+0000] {processor.py:161} INFO - Started process (PID=562) to work on /home/airflow/.local/lib/python3.12/site-packages/airflow/example_dags/example_python_operator.py
[2026-08-24T13:55:51.540+0000] {processor.py:830} INFO - Processing file /home/airflow/.local/lib/python3.12/site-packages/airflow/example_dags/example_python_operator.py for tasks to queue
[2026-08-24T13:55:51.543+0000] {logging_mixin.py:188} INFO - [2026-08-24T13:55:51.543+0000] {dagbag.py:545} INFO - Filling up the DagBag from /home/airflow/.local/lib/python3.12/site-packages/airflow/example_dags/example_python_operator.py
[2026-08-24T13:55:51.557+0000] {processor.py:840} INFO - DAG(s) 'example_python_operator' retrieved from /home/airflow/.local/lib/python3.12/site-packages/airflow/example_dags/example_python_operator.py
[2026-08-24T13:55:51.592+0000] {logging_mixin.py:188} INFO - [2026-08-24T13:55:51.592+0000] {dag.py:3096} INFO - Sync 1 DAGs
[2026-08-24T13:55:51.609+0000] {logging_mixin.py:188} INFO - [2026-08-24T13:55:51.608+0000] {dag.py:3954} INFO - Setting next_dagrun for example_python_operator to None, run_after=None
[2026-08-24T13:55:51.633+0000] {processor.py:183} INFO - Processing /home/airflow/.local/lib/python3.12/site-packages/airflow/example_dags/example_python_operator.py took 0.101 seconds
[2026-08-24T13:56:21.751+0000] {processor.py:161} INFO - Started process (PID=621) to work on /home/airflow/.local/lib/python3.12/site-packages/airflow/example_dags/example_python_operator.py
[2026-08-24T13:56:21.752+0000] {processor.py:830} INFO - Processing file /home/airflow/.local/lib/python3.12/site-packages/airflow/example_dags/example_python_operator.py for tasks to queue
[2026-08-24T13:56:21.755+0000] {logging_mixin.py:188} INFO - [2026-08-24T13:56:21.755+0000] {dagbag.py:545} INFO - Filling up the DagBag from /home/airflow/.local/lib/python3.12/site-packages/airflow/example_dags/example_python_operator.py
[2026-08-24T13:56:21.771+0000] {processor.py:840} INFO - DAG(s) 'example_python_operator' retrieved from /home/airflow/.local/lib/python3.12/site-packages/airflow/example_dags/example_python_operator.py
[2026-08-24T13:56:21.811+0000] {logging_mixin.py:188} INFO - [2026-08-24T13:56:21.810+0000] {dag.py:3096} INFO - Sync 1 DAGs
[2026-08-24T13:56:21.829+0000] {logging_mixin.py:188} INFO - [2026-08-24T13:56:21.829+0000] {dag.py:3954} INFO - Setting next_dagrun for example_python_operator to None, run_after=None
[2026-08-24T13:56:21.854+0000] {processor.py:183} INFO - Processing /home/airflow/.local/lib/python3.12/site-packages/airflow/example_dags/example_python_operator.py took 0.111 seconds
[2026-08-24T13:56:52.683+0000] {processor.py:161} INFO - Started process (PID=680) to work on /home/airflow/.local/lib/python3.12/site-packages/airflow/example_dags/example_python_operator.py
[2026-08-24T13:56:52.685+0000] {processor.py:830} INFO - Processing file /home/airflow/.local/lib/python3.12/site-packages/airflow/example_dags/example_python_operator.py for tasks to queue
[2026-08-24T13:56:52.689+0000] {logging_mixin.py:188} INFO - [2026-08-24T13:56:52.687+0000] {dagbag.py:545} INFO - Filling up the DagBag from /home/airflow/.local/lib/python3.12/site-packages/airflow/example_dags/example_python_operator.py
[2026-08-24T13:56:52.709+0000] {processor.py:840} INFO - DAG(s) 'example_python_operator' retrieved from /home/airflow/.local/lib/python3.12/site-packages/airflow/example_dags/example_python_operator.py
[2026-08-24T13:56:52.750+0000] {logging_mixin.py:188} INFO - [2026-08-24T13:56:52.750+0000] {dag.py:3096} INFO - Sync 1 DAGs
[2026-08-24T13:56:52.786+0000] {logging_mixin.py:188} INFO - [2026-08-24T13:56:52.786+0000] {dag.py:3954} INFO - Setting next_dagrun for example_python_operator to None, run_after=None
[2026-08-24T13:56:52.837+0000] {processor.py:183} INFO - Processing /home/airflow/.local/lib/python3.12/site-packages/airflow/example_dags/example_python_operator.py took 0.163 seconds
[2026-08-24T13:57:23.684+0000] {processor.py:161} INFO - Started process (PID=740) to work on /home/airflow/.local/lib/python3.12/site-packages/airflow/example_dags/example_python_operator.py
[2026-08-24T13:57:23.686+0000] {processor.py:830} INFO - Processing file /home/airflow/.local/lib/python3.12/site-packages/airflow/example_dags/example_python_operator.py for tasks to queue
[2026-08-24T13:57:23.689+0000] {logging_mixin.py:188} INFO - [2026-08-24T13:57:23.689+0000] {dagbag.py:545} INFO - Filling up the DagBag from /home/airflow/.local/lib/python3.12/site-packages/airflow/example_dags/example_python_operator.py
[2026-08-24T13:57:23.706+0000] {processor.py:840} INFO - DAG(s) 'example_python_operator' retrieved from /home/airflow/.local/lib/python3.12/site-packages/airflow/example_dags/example_python_operator.py
[2026-08-24T13:57:23.744+0000] {logging_mixin.py:188} INFO - [2026-08-24T13:57:23.744+0000] {dag.py:3096} INFO - Sync 1 DAGs
[2026-08-24T13:57:23.761+0000] {logging_mixin.py:188} INFO - [2026-08-24T13:57:23.761+0000] {dag.py:3954} INFO - Setting next_dagrun for example_python_operator to None, run_after=None
[2026-08-24T13:57:23.784+0000] {processor.py:183} INFO - Processing /home/airflow/.local/lib/python3.12/site-packages/airflow/example_dags/example_python_operator.py took 0.110 seconds
[2026-08-24T13:57:53.993+0000] {processor.py:161} INFO - Started process (PID=798) to work on /home/airflow/.local/lib/python3.12/site-packages/airflow/example_dags/example_python_operator.py
[2026-08-24T13:57:53.995+0000] {processor.py:830} INFO - Processing file /home/airflow/.local/lib/python3.12/site-packages/airflow/example_dags/example_python_operator.py for tasks to queue
[2026-08-24T13:57:54.000+0000] {logging_mixin.py:188} INFO - [2026-08-24T13:57:53.999+0000] {dagbag.py:545} INFO - Filling up the DagBag from /home/airflow/.local/lib/python3.12/site-packages/airflow/example_dags/example_python_operator.py
[2026-08-24T13:57:54.031+0000] {processor.py:840} INFO - DAG(s) 'example_python_operator' retrieved from /home/airflow/.local/lib/python3.12/site-packages/airflow/example_dags/example_python_operator.py
[2026-08-24T13:57:54.090+0000] {logging_mixin.py:188} INFO - [2026-08-24T13:57:54.089+0000] {dag.py:3096} INFO - Sync 1 DAGs
[2026-08-24T13:57:54.115+0000] {logging_mixin.py:188} INFO - [2026-08-24T13:57:54.115+0000] {dag.py:3954} INFO - Setting next_dagrun for example_python_operator to None, run_after=None
[2026-08-24T13:57:54.144+0000] {processor.py:183} INFO - Processing /home/airflow/.local/lib/python3.12/site-packages/airflow/example_dags/example_python_operator.py took 0.163 seconds
[2026-08-24T13:58:24.455+0000] {processor.py:161} INFO - Started process (PID=858) to work on /home/airflow/.local/lib/python3.12/site-packages/airflow/example_dags/example_python_operator.py
[2026-08-24T13:58:24.456+0000] {processor.py:830} INFO - Processing file /home/airflow/.local/lib/python3.12/site-packages/airflow/example_dags/example_python_operator.py for tasks to queue
[2026-08-24T13:58:24.459+0000] {logging_mixin.py:188} INFO - [2026-08-24T13:58:24.458+0000] {dagbag.py:545} INFO - Filling up the DagBag from /home/airflow/.local/lib/python3.12/site-packages/airflow/example_dags/example_python_operator.py
[2026-08-24T13:58:24.472+0000] {processor.py:840} INFO - DAG(s) 'example_python_operator' retrieved from /home/airflow/.local/lib/python3.12/site-packages/airflow/example_dags/example_python_operator.py
[2026-08-24T13:58:24.500+0000] {logging_mixin.py:188} INFO - [2026-08-24T13:58:24.500+0000] {dag.py:3096} INFO - Sync 1 DAGs
[2026-08-24T13:58:24.516+0000] {logging_mixin.py:188} INFO - [2026-08-24T13:58:24.515+0000] {dag.py:3954} INFO - Setting next_dagrun for example_python_operator to None, run_after=None
[2026-08-24T13:58:24.539+0000] {processor.py:183} INFO - Processing /home/airflow/.local/lib/python3.12/site-packages/airflow/example_dags/example_python_operator.py took 0.091 seconds
[2026-08-24T13:58:54.662+0000] {processor.py:161} INFO - Started process (PID=917) to work on /home/airflow/.local/lib/python3.12/site-packages/airflow/example_dags/example_python_operator.py
[2026-08-24T13:58:54.663+0000] {processor.py:830} INFO - Processing file /home/airflow/.local/lib/python3.12/site-packages/airflow/example_dags/example_python_operator.py for tasks to queue
[2026-08-24T13:58:54.665+0000] {logging_mixin.py:188} INFO - [2026-08-24T13:58:54.665+0000] {dagbag.py:545} INFO - Filling up the DagBag from /home/airflow/.local/lib/python3.12/site-packages/airflow/example_dags/example_python_operator.py
[2026-08-24T13:58:54.680+0000] {processor.py:840} INFO - DAG(s) 'example_python_operator' retrieved from /home/airflow/.local/lib/python3.12/site-packages/airflow/example_dags/example_python_operator.py
[2026-08-24T13:58:54.708+0000] {logging_mixin.py:188} INFO - [2026-08-24T13:58:54.708+0000] {dag.py:3096} INFO - Sync 1 DAGs
[2026-08-24T13:58:54.724+0000] {logging_mixin.py:188} INFO - [2026-08-24T13:58:54.724+0000] {dag.py:3954} INFO - Setting next_dagrun for example_python_operator to None, run_after=None
[2026-08-24T13:58:54.751+0000] {processor.py:183} INFO - Processing /home/airflow/.local/lib/python3.12/site-packages/airflow/example_dags/example_python_operator.py took 0.098 seconds
[2026-08-24T14:00:36.192+0000] {processor.py:161} INFO - Started process (PID=102) to work on /home/airflow/.local/lib/python3.12/site-packages/airflow/example_dags/example_python_operator.py
[2026-08-24T14:00:36.194+0000] {processor.py:830} INFO - Processing file /home/airflow/.local/lib/python3.12/site-packages/airflow/example_dags/example_python_operator.py for tasks to queue
[2026-08-24T14:00:36.198+0000] {logging_mixin.py:188} INFO - [2026-08-24T14:00:36.197+0000] {dagbag.py:545} INFO - Filling up the DagBag from /home/airflow/.local/lib/python3.12/site-packages/airflow/example_dags/example_python_operator.py
[2026-08-24T14:00:36.226+0000] {processor.py:840} INFO - DAG(s) 'example_python_operator' retrieved from /home/airflow/.local/lib/python3.12/site-packages/airflow/example_dags/example_python_operator.py
[2026-08-24T14:00:36.447+0000] {logging_mixin.py:188} INFO - [2026-08-24T14:00:36.446+0000] {dag.py:3096} INFO - Sync 1 DAGs
[2026-08-24T14:00:36.470+0000] {logging_mixin.py:188} INFO - [2026-08-24T14:00:36.470+0000] {dag.py:3954} INFO - Setting next_dagrun for example_python_operator to None, run_after=None
[2026-08-24T14:00:36.499+0000] {processor.py:183} INFO - Processing /home/airflow/.local/lib/python3.12/site-packages/airflow/example_dags/example_python_operator.py took 0.318 seconds
[2026-08-24T14:01:07.373+0000] {processor.py:161} INFO - Started process (PID=161) to work on /home/airflow/.local/lib/python3.12/site-packages/airflow/example_dags/example_python_operator.py
[2026-08-24T14:01:07.374+0000] {processor.py:830} INFO - Processing file /home/airflow/.local/lib/python3.12/site-packages/airflow/example_dags/example_python_operator.py for tasks to queue
[2026-08-24T14:01:07.377+0000] {logging_mixin.py:188} INFO - [2026-08-24T14:01:07.376+0000] {dagbag.py:545} INFO - Filling up the DagBag from /home/airflow/.local/lib/python3.12/site-packages/airflow/example_dags/example_python_operator.py
[2026-08-24T14:01:07.389+0000] {processor.py:840} INFO - DAG(s) 'example_python_operator' retrieved from /home/airflow/.local/lib/python3.12/site-packages/airflow/example_dags/example_python_operator.py
[2026-08-24T14:01:07.415+0000] {logging_mixin.py:188} INFO - [2026-08-24T14:01:07.415+0000] {dag.py:3096} INFO - Sync 1 DAGs
[2026-08-24T14:01:07.431+0000] {logging_mixin.py:188} INFO - [2026-08-24T14:01:07.430+0000] {dag.py:3954} INFO - Setting next_dagrun for example_python_operator to None, run_after=None
[2026-08-24T14:01:07.452+0000] {processor.py:183} INFO - Processing /home/airflow/.local/lib/python3.12/site-packages/airflow/example_dags/example_python_operator.py took 0.086 seconds
[2026-08-24T14:01:37.613+0000] {processor.py:161} INFO - Started process (PID=220) to work on /home/airflow/.local/lib/python3.12/site-packages/airflow/example_dags/example_python_operator.py
[2026-08-24T14:01:37.615+0000] {processor.py:830} INFO - Processing file /home/airflow/.local/lib/python3.12/site-packages/airflow/example_dags/example_python_operator.py for tasks to queue
[2026-08-24T14:01:37.617+0000] {logging_mixin.py:188} INFO - [2026-08-24T14:01:37.617+0000] {dagbag.py:545} INFO - Filling up the DagBag from /home/airflow/.local/lib/python3.12/site-packages/airflow/example_dags/example_python_operator.py
[2026-08-24T14:01:37.630+0000] {processor.py:840} INFO - DAG(s) 'example_python_operator' retrieved from /home/airflow/.local/lib/python3.12/site-packages/airflow/example_dags/example_python_operator.py
[2026-08-24T14:01:37.657+0000] {logging_mixin.py:188} INFO - [2026-08-24T14:01:37.657+0000] {dag.py:3096} INFO - Sync 1 DAGs
[2026-08-24T14:01:37.673+0000] {logging_mixin.py:188} INFO - [2026-08-24T14:01:37.673+0000] {dag.py:3954} INFO - Setting next_dagrun for example_python_operator to None, run_after=None
[2026-08-24T14:01:37.696+0000] {processor.py:183} INFO - Processing /home/airflow/.local/lib/python3.12/site-packages/airflow/example_dags/example_python_operator.py took 0.091 seconds
[2026-08-24T14:02:08.452+0000] {processor.py:161} INFO - Started process (PID=279) to work on /home/airflow/.local/lib/python3.12/site-packages/airflow/example_dags/example_python_operator.py
[2026-08-24T14:02:08.453+0000] {processor.py:830} INFO - Processing file /home/airflow/.local/lib/python3.12/site-packages/airflow/example_dags/example_python_operator.py for tasks to queue
[2026-08-24T14:02:08.456+0000] {logging_mixin.py:188} INFO - [2026-08-24T14:02:08.455+0000] {dagbag.py:545} INFO - Filling up the DagBag from /home/airflow/.local/lib/python3.12/site-packages/airflow/example_dags/example_python_operator.py
[2026-08-24T14:02:08.471+0000] {processor.py:840} INFO - DAG(s) 'example_python_operator' retrieved from /home/airflow/.local/lib/python3.12/site-packages/airflow/example_dags/example_python_operator.py
[2026-08-24T14:02:08.500+0000] {logging_mixin.py:188} INFO - [2026-08-24T14:02:08.499+0000] {dag.py:3096} INFO - Sync 1 DAGs
[2026-08-24T14:02:08.518+0000] {logging_mixin.py:188} INFO - [2026-08-24T14:02:08.518+0000] {dag.py:3954} INFO - Setting next_dagrun for example_python_operator to None, run_after=None
[2026-08-24T14:02:08.543+0000] {processor.py:183} INFO - Processing /home/airflow/.local/lib/python3.12/site-packages/airflow/example_dags/example_python_operator.py took 0.099 seconds
[2026-08-24T14:02:38.615+0000] {processor.py:161} INFO - Started process (PID=339) to work on /home/airflow/.local/lib/python3.12/site-packages/airflow/example_dags/example_python_operator.py
[2026-08-24T14:02:38.616+0000] {processor.py:830} INFO - Processing file /home/airflow/.local/lib/python3.12/site-packages/airflow/example_dags/example_python_operator.py for tasks to queue
[2026-08-24T14:02:38.618+0000] {logging_mixin.py:188} INFO - [2026-08-24T14:02:38.618+0000] {dagbag.py:545} INFO - Filling up the DagBag from /home/airflow/.local/lib/python3.12/site-packages/airflow/example_dags/example_python_operator.py
[2026-08-24T14:02:38.631+0000] {processor.py:840} INFO - DAG(s) 'example_python_operator' retrieved from /home/airflow/.local/lib/python3.12/site-packages/airflow/example_dags/example_python_operator.py
[2026-08-24T14:02:38.660+0000] {logging_mixin.py:188} INFO - [2026-08-24T14:02:38.659+0000] {dag.py:3096} INFO - Sync 1 DAGs
[2026-08-24T14:02:38.676+0000] {logging_mixin.py:188} INFO - [2026-08-24T14:02:38.675+0000] {dag.py:3954} INFO - Setting next_dagrun for example_python_operator to None, run_after=None
[2026-08-24T14:02:38.697+0000] {processor.py:183} INFO - Processing /home/airflow/.local/lib/python3.12/site-packages/airflow/example_dags/example_python_operator.py took 0.090 seconds
[2026-08-24T14:03:09.070+0000] {processor.py:161} INFO - Started process (PID=398) to work on /home/airflow/.local/lib/python3.12/site-packages/airflow/example_dags/example_python_operator.py
[2026-08-24T14:03:09.072+0000] {processor.py:830} INFO - Processing file /home/airflow/.local/lib/python3.12/site-packages/airflow/example_dags/example_python_operator.py for tasks to queue
[2026-08-24T14:03:09.075+0000] {logging_mixin.py:188} INFO - [2026-08-24T14:03:09.074+0000] {dagbag.py:545} INFO - Filling up the DagBag from /home/airflow/.local/lib/python3.12/site-packages/airflow/example_dags/example_python_operator.py
[2026-08-24T14:03:09.088+0000] {processor.py:840} INFO - DAG(s) 'example_python_operator' retrieved from /home/airflow/.local/lib/python3.12/site-packages/airflow/example_dags/example_python_operator.py
[2026-08-24T14:03:09.118+0000] {logging_mixin.py:188} INFO - [2026-08-24T14:03:09.118+0000] {dag.py:3096} INFO - Sync 1 DAGs
[2026-08-24T14:03:09.133+0000] {logging_mixin.py:188} INFO - [2026-08-24T14:03:09.133+0000] {dag.py:3954} INFO - Setting next_dagrun for example_python_operator to None, run_after=None
[2026-08-24T14:03:09.159+0000] {processor.py:183} INFO - Processing /home/airflow/.local/lib/python3.12/site-packages/airflow/example_dags/example_python_operator.py took 0.097 seconds
[2026-08-24T14:07:40.057+0000] {processor.py:161} INFO - Started process (PID=108) to work on /home/airflow/.local/lib/python3.12/site-packages/airflow/example_dags/example_python_operator.py
[2026-08-24T14:07:40.058+0000] {processor.py:830} INFO - Processing file /home/airflow/.local/lib/python3.12/site-packages/airflow/example_dags/example_python_operator.py for tasks to queue
[2026-08-24T14:07:40.061+0000] {logging_mixin.py:188} INFO - [2026-08-24T14:07:40.060+0000] {dagbag.py:545} INFO - Filling up the DagBag from /home/airflow/.local/lib/python3.12/site-packages/airflow/example_dags/example_python_operator.py
[2026-08-24T14:07:40.090+0000] {processor.py:840} INFO - DAG(s) 'example_python_operator' retrieved from /home/airflow/.local/lib/python3.12/site-packages/airflow/example_dags/example_python_operator.py
[2026-08-24T14:07:40.240+0000] {logging_mixin.py:188} INFO - [2026-08-24T14:07:40.240+0000] {dag.py:3096} INFO - Sync 1 DAGs
[2026-08-24T14:07:40.255+0000] {logging_mixin.py:188} INFO - [2026-08-24T14:07:40.255+0000] {dag.py:3954} INFO - Setting next_dagrun for example_python_operator to None, run_after=None
[2026-08-24T14:07:40.284+0000] {processor.py:183} INFO - Processing /home/airflow/.local/lib/python3.12/site-packages/airflow/example_dags/example_python_operator.py took 0.240 seconds
[2026-08-24T14:08:10.442+0000] {processor.py:161} INFO - Started process (PID=167) to work on /home/airflow/.local/lib/python3.12/site-packages/airflow/example_dags/example_python_operator.py
[2026-08-24T14:08:10.443+0000] {processor.py:830} INFO - Processing file /home/airflow/.local/lib/python3.12/site-packages/airflow/example_dags/example_python_operator.py for tasks to queue
[2026-08-24T14:08:10.446+0000] {logging_mixin.py:188} INFO - [2026-08-24T14:08:10.445+0000] {dagbag.py:545} INFO - Filling up the DagBag from /home/airflow/.local/lib/python3.12/site-packages/airflow/example_dags/example_python_operator.py
[2026-08-24T14:08:10.459+0000] {processor.py:840} INFO - DAG(s) 'example_python_operator' retrieved from /home/airflow/.local/lib/python3.12/site-packages/airflow/example_dags/example_python_operator.py
[2026-08-24T14:08:10.488+0000] {logging_mixin.py:188} INFO - [2026-08-24T14:08:10.488+0000] {dag.py:3096} INFO - Sync 1 DAGs
[2026-08-24T14:08:10.504+0000] {logging_mixin.py:188} INFO - [2026-08-24T14:08:10.504+0000] {dag.py:3954} INFO - Setting next_dagrun for example_python_operator to None, run_after=None
[2026-08-24T14:08:10.527+0000] {processor.py:183} INFO - Processing /home/airflow/.local/lib/python3.12/site-packages/airflow/example_dags/example_python_operator.py took 0.092 seconds
[2026-08-24T14:08:41.373+0000] {processor.py:161} INFO - Started process (PID=226) to work on /home/airflow/.local/lib/python3.12/site-packages/airflow/example_dags/example_python_operator.py
[2026-08-24T14:08:41.374+0000] {processor.py:830} INFO - Processing file /home/airflow/.local/lib/python3.12/site-packages/airflow/example_dags/example_python_operator.py for tasks to queue
[2026-08-24T14:08:41.377+0000] {logging_mixin.py:188} INFO - [2026-08-24T14:08:41.377+0000] {dagbag.py:545} INFO - Filling up the DagBag from /home/airflow/.local/lib/python3.12/site-packages/airflow/example_dags/example_python_operator.py
[2026-08-24T14:08:41.393+0000] {processor.py:840} INFO - DAG(s) 'example_python_operator' retrieved from /home/airflow/.local/lib/python3.12/site-packages/airflow/example_dags/example_python_operator.py
[2026-08-24T14:08:41.432+0000] {logging_mixin.py:188} INFO - [2026-08-24T14:08:41.432+0000] {dag.py:3096} INFO - Sync 1 DAGs
[2026-08-24T14:08:41.451+0000] {logging_mixin.py:188} INFO - [2026-08-24T14:08:41.451+0000] {dag.py:3954} INFO - Setting next_dagrun for example_python_operator to None, run_after=None
[2026-08-24T14:08:41.478+0000] {processor.py:183} INFO - Processing /home/airflow/.local/lib/python3.12/site-packages/airflow/example_dags/example_python_operator.py took 0.115 seconds
[2026-08-24T14:09:11.735+0000] {processor.py:161} INFO - Started process (PID=285) to work on /home/airflow/.local/lib/python3.12/site-packages/airflow/example_dags/example_python_operator.py
[2026-08-24T14:09:11.737+0000] {processor.py:830} INFO - Processing file /home/airflow/.local/lib/python3.12/site-packages/airflow/example_dags/example_python_operator.py for tasks to queue
[2026-08-24T14:09:11.740+0000] {logging_mixin.py:188} INFO - [2026-08-24T14:09:11.739+0000] {dagbag.py:545} INFO - Filling up the DagBag from /home/airflow/.local/lib/python3.12/site-packages/airflow/example_dags/example_python_operator.py
[2026-08-24T14:09:11.757+0000] {processor.py:840} INFO - DAG(s) 'example_python_operator' retrieved from /home/airflow/.local/lib/python3.12/site-packages/airflow/example_dags/example_python_operator.py
[2026-08-24T14:09:11.795+0000] {logging_mixin.py:188} INFO - [2026-08-24T14:09:11.794+0000] {dag.py:3096} INFO - Sync 1 DAGs
[2026-08-24T14:09:11.817+0000] {logging_mixin.py:188} INFO - [2026-08-24T14:09:11.817+0000] {dag.py:3954} INFO - Setting next_dagrun for example_python_operator to None, run_after=None
[2026-08-24T14:09:11.842+0000] {processor.py:183} INFO - Processing /home/airflow/.local/lib/python3.12/site-packages/airflow/example_dags/example_python_operator.py took 0.117 seconds
[2026-08-24T14:09:42.209+0000] {processor.py:161} INFO - Started process (PID=344) to work on /home/airflow/.local/lib/python3.12/site-packages/airflow/example_dags/example_python_operator.py
[2026-08-24T14:09:42.212+0000] {processor.py:830} INFO - Processing file /home/airflow/.local/lib/python3.12/site-packages/airflow/example_dags/example_python_operator.py for tasks to queue
[2026-08-24T14:09:42.216+0000] {logging_mixin.py:188} INFO - [2026-08-24T14:09:42.215+0000] {dagbag.py:545} INFO - Filling up the DagBag from /home/airflow/.local/lib/python3.12/site-packages/airflow/example_dags/example_python_operator.py
[2026-08-24T14:09:42.235+0000] {processor.py:840} INFO - DAG(s) 'example_python_operator' retrieved from /home/airflow/.local/lib/python3.12/site-packages/airflow/example_dags/example_python_operator.py
[2026-08-24T14:09:42.265+0000] {logging_mixin.py:188} INFO - [2026-08-24T14:09:42.265+0000] {dag.py:3096} INFO - Sync 1 DAGs
[2026-08-24T14:09:42.283+0000] {logging_mixin.py:188} INFO - [2026-08-24T14:09:42.282+0000] {dag.py:3954} INFO - Setting next_dagrun for example_python_operator to None, run_after=None
[2026-08-24T14:09:42.310+0000] {processor.py:183} INFO - Processing /home/airflow/.local/lib/python3.12/site-packages/airflow/example_dags/example_python_operator.py took 0.110 seconds
[2026-08-24T14:10:12.740+0000] {processor.py:161} INFO - Started process (PID=403) to work on /home/airflow/.local/lib/python3.12/site-packages/airflow/example_dags/example_python_operator.py
[2026-08-24T14:10:12.743+0000] {processor.py:830} INFO - Processing file /home/airflow/.local/lib/python3.12/site-packages/airflow/example_dags/example_python_operator.py for tasks to queue
[2026-08-24T14:10:12.746+0000] {logging_mixin.py:188} INFO - [2026-08-24T14:10:12.745+0000] {dagbag.py:545} INFO - Filling up the DagBag from /home/airflow/.local/lib/python3.12/site-packages/airflow/example_dags/example_python_operator.py
[2026-08-24T14:10:12.759+0000] {processor.py:840} INFO - DAG(s) 'example_python_operator' retrieved from /home/airflow/.local/lib/python3.12/site-packages/airflow/example_dags/example_python_operator.py
[2026-08-24T14:10:12.789+0000] {logging_mixin.py:188} INFO - [2026-08-24T14:10:12.788+0000] {dag.py:3096} INFO - Sync 1 DAGs
[2026-08-24T14:10:12.808+0000] {logging_mixin.py:188} INFO - [2026-08-24T14:10:12.808+0000] {dag.py:3954} INFO - Setting next_dagrun for example_python_operator to None, run_after=None
[2026-08-24T14:10:12.836+0000] {processor.py:183} INFO - Processing /home/airflow/.local/lib/python3.12/site-packages/airflow/example_dags/example_python_operator.py took 0.104 seconds
[2026-08-24T14:10:43.328+0000] {processor.py:161} INFO - Started process (PID=462) to work on /home/airflow/.local/lib/python3.12/site-packages/airflow/example_dags/example_python_operator.py
[2026-08-24T14:10:43.329+0000] {processor.py:830} INFO - Processing file /home/airflow/.local/lib/python3.12/site-packages/airflow/example_dags/example_python_operator.py for tasks to queue
[2026-08-24T14:10:43.332+0000] {logging_mixin.py:188} INFO - [2026-08-24T14:10:43.331+0000] {dagbag.py:545} INFO - Filling up the DagBag from /home/airflow/.local/lib/python3.12/site-packages/airflow/example_dags/example_python_operator.py
[2026-08-24T14:10:43.345+0000] {processor.py:840} INFO - DAG(s) 'example_python_operator' retrieved from /home/airflow/.local/lib/python3.12/site-packages/airflow/example_dags/example_python_operator.py
[2026-08-24T14:10:43.376+0000] {logging_mixin.py:188} INFO - [2026-08-24T14:10:43.376+0000] {dag.py:3096} INFO - Sync 1 DAGs
[2026-08-24T14:10:43.395+0000] {logging_mixin.py:188} INFO - [2026-08-24T14:10:43.395+0000] {dag.py:3954} INFO - Setting next_dagrun for example_python_operator to None, run_after=None
[2026-08-24T14:10:43.421+0000] {processor.py:183} INFO - Processing /home/airflow/.local/lib/python3.12/site-packages/airflow/example_dags/example_python_operator.py took 0.100 seconds
[2026-08-24T14:13:26.790+0000] {processor.py:161} INFO - Started process (PID=112) to work on /home/airflow/.local/lib/python3.12/site-packages/airflow/example_dags/example_python_operator.py
[2026-08-24T14:13:26.791+0000] {processor.py:830} INFO - Processing file /home/airflow/.local/lib/python3.12/site-packages/airflow/example_dags/example_python_operator.py for tasks to queue
[2026-08-24T14:13:26.794+0000] {logging_mixin.py:188} INFO - [2026-08-24T14:13:26.793+0000] {dagbag.py:545} INFO - Filling up the DagBag from /home/airflow/.local/lib/python3.12/site-packages/airflow/example_dags/example_python_operator.py
[2026-08-24T14:13:26.819+0000] {processor.py:840} INFO - DAG(s) 'example_python_operator' retrieved from /home/airflow/.local/lib/python3.12/site-packages/airflow/example_dags/example_python_operator.py
[2026-08-24T14:13:26.974+0000] {logging_mixin.py:188} INFO - [2026-08-24T14:13:26.973+0000] {dag.py:3096} INFO - Sync 1 DAGs
[2026-08-24T14:13:26.989+0000] {logging_mixin.py:188} INFO - [2026-08-24T14:13:26.989+0000] {dag.py:3954} INFO - Setting next_dagrun for example_python_operator to None, run_after=None
[2026-08-24T14:13:27.015+0000] {processor.py:183} INFO - Processing /home/airflow/.local/lib/python3.12/site-packages/airflow/example_dags/example_python_operator.py took 0.235 seconds
[2026-08-24T14:13:57.849+0000] {processor.py:161} INFO - Started process (PID=171) to work on /home/airflow/.local/lib/python3.12/site-packages/airflow/example_dags/example_python_operator.py
[2026-08-24T14:13:57.850+0000] {processor.py:830} INFO - Processing file /home/airflow/.local/lib/python3.12/site-packages/airflow/example_dags/example_python_operator.py for tasks to queue
[2026-08-24T14:13:57.854+0000] {logging_mixin.py:188} INFO - [2026-08-24T14:13:57.853+0000] {dagbag.py:545} INFO - Filling up the DagBag from /home/airflow/.local/lib/python3.12/site-packages/airflow/example_dags/example_python_operator.py
[2026-08-24T14:13:57.870+0000] {processor.py:840} INFO - DAG(s) 'example_python_operator' retrieved from /home/airflow/.local/lib/python3.12/site-packages/airflow/example_dags/example_python_operator.py
[2026-08-24T14:13:57.902+0000] {logging_mixin.py:188} INFO - [2026-08-24T14:13:57.902+0000] {dag.py:3096} INFO - Sync 1 DAGs
[2026-08-24T14:13:57.921+0000] {logging_mixin.py:188} INFO - [2026-08-24T14:13:57.920+0000] {dag.py:3954} INFO - Setting next_dagrun for example_python_operator to None, run_after=None
[2026-08-24T14:13:57.955+0000] {processor.py:183} INFO - Processing /home/airflow/.local/lib/python3.12/site-packages/airflow/example_dags/example_python_operator.py took 0.114 seconds
[2026-08-24T14:14:28.525+0000] {processor.py:161} INFO - Started process (PID=230) to work on /home/airflow/.local/lib/python3.12/site-packages/airflow/example_dags/example_python_operator.py
[2026-08-24T14:14:28.527+0000] {processor.py:830} INFO - Processing file /home/airflow/.local/lib/python3.12/site-packages/airflow/example_dags/example_python_operator.py for tasks to queue
[2026-08-24T14:14:28.529+0000] {logging_mixin.py:188} INFO - [2026-08-24T14:14:28.529+0000] {dagbag.py:545} INFO - Filling up the DagBag from /home/airflow/.local/lib/python3.12/site-packages/airflow/example_dags/example_python_operator.py
[2026-08-24T14:14:28.544+0000] {processor.py:840} INFO - DAG(s) 'example_python_operator' retrieved from /home/airflow/.local/lib/python3.12/site-packages/airflow/example_dags/example_python_operator.py
[2026-08-24T14:14:28.574+0000] {logging_mixin.py:188} INFO - [2026-08-24T14:14:28.574+0000] {dag.py:3096} INFO - Sync 1 DAGs
[2026-08-24T14:14:28.591+0000] {logging_mixin.py:188} INFO - [2026-08-24T14:14:28.590+0000] {dag.py:3954} INFO - Setting next_dagrun for example_python_operator to None, run_after=None
[2026-08-24T14:14:28.616+0000] {processor.py:183} INFO - Processing /home/airflow/.local/lib/python3.12/site-packages/airflow/example_dags/example_python_operator.py took 0.099 seconds
[2026-08-24T14:14:59.077+0000] {processor.py:161} INFO - Started process (PID=289) to work on /home/airflow/.local/lib/python3.12/site-packages/airflow/example_dags/example_python_operator.py
[2026-08-24T14:14:59.078+0000] {processor.py:830} INFO - Processing file /home/airflow/.local/lib/python3.12/site-packages/airflow/example_dags/example_python_operator.py for tasks to queue
[2026-08-24T14:14:59.080+0000] {logging_mixin.py:188} INFO - [2026-08-24T14:14:59.080+0000] {dagbag.py:545} INFO - Filling up the DagBag from /home/airflow/.local/lib/python3.12/site-packages/airflow/example_dags/example_python_operator.py
[2026-08-24T14:14:59.095+0000] {processor.py:840} INFO - DAG(s) 'example_python_operator' retrieved from /home/airflow/.local/lib/python3.12/site-packages/airflow/example_dags/example_python_operator.py
[2026-08-24T14:14:59.123+0000] {logging_mixin.py:188} INFO - [2026-08-24T14:14:59.123+0000] {dag.py:3096} INFO - Sync 1 DAGs
[2026-08-24T14:14:59.139+0000] {logging_mixin.py:188} INFO - [2026-08-24T14:14:59.139+0000] {dag.py:3954} INFO - Setting next_dagrun for example_python_operator to None, run_after=None
[2026-08-24T14:14:59.161+0000] {processor.py:183} INFO - Processing /home/airflow/.local/lib/python3.12/site-packages/airflow/example_dags/example_python_operator.py took 0.092 seconds
[2026-08-24T14:15:29.767+0000] {processor.py:161} INFO - Started process (PID=348) to work on /home/airflow/.local/lib/python3.12/site-packages/airflow/example_dags/example_python_operator.py
[2026-08-24T14:15:29.768+0000] {processor.py:830} INFO - Processing file /home/airflow/.local/lib/python3.12/site-packages/airflow/example_dags/example_python_operator.py for tasks to queue
[2026-08-24T14:15:29.770+0000] {logging_mixin.py:188} INFO - [2026-08-24T14:15:29.770+0000] {dagbag.py:545} INFO - Filling up the DagBag from /home/airflow/.local/lib/python3.12/site-packages/airflow/example_dags/example_python_operator.py
[2026-08-24T14:15:29.783+0000] {processor.py:840} INFO - DAG(s) 'example_python_operator' retrieved from /home/airflow/.local/lib/python3.12/site-packages/airflow/example_dags/example_python_operator.py
[2026-08-24T14:15:29.812+0000] {logging_mixin.py:188} INFO - [2026-08-24T14:15:29.811+0000] {dag.py:3096} INFO - Sync 1 DAGs
[2026-08-24T14:15:29.828+0000] {logging_mixin.py:188} INFO - [2026-08-24T14:15:29.828+0000] {dag.py:3954} INFO - Setting next_dagrun for example_python_operator to None, run_after=None
[2026-08-24T14:15:29.853+0000] {processor.py:183} INFO - Processing /home/airflow/.local/lib/python3.12/site-packages/airflow/example_dags/example_python_operator.py took 0.093 seconds
[2026-08-24T14:16:00.389+0000] {processor.py:161} INFO - Started process (PID=407) to work on /home/airflow/.local/lib/python3.12/site-packages/airflow/example_dags/example_python_operator.py
[2026-08-24T14:16:00.391+0000] {processor.py:830} INFO - Processing file /home/airflow/.local/lib/python3.12/site-packages/airflow/example_dags/example_python_operator.py for tasks to queue
[2026-08-24T14:16:00.394+0000] {logging_mixin.py:188} INFO - [2026-08-24T14:16:00.393+0000] {dagbag.py:545} INFO - Filling up the DagBag from /home/airflow/.local/lib/python3.12/site-packages/airflow/example_dags/example_python_operator.py
[2026-08-24T14:16:00.410+0000] {processor.py:840} INFO - DAG(s) 'example_python_operator' retrieved from /home/airflow/.local/lib/python3.12/site-packages/airflow/example_dags/example_python_operator.py
[2026-08-24T14:16:00.456+0000] {logging_mixin.py:188} INFO - [2026-08-24T14:16:00.455+0000] {dag.py:3096} INFO - Sync 1 DAGs
[2026-08-24T14:16:00.476+0000] {logging_mixin.py:188} INFO - [2026-08-24T14:16:00.476+0000] {dag.py:3954} INFO - Setting next_dagrun for example_python_operator to None, run_after=None
[2026-08-24T14:16:00.511+0000] {processor.py:183} INFO - Processing /home/airflow/.local/lib/python3.12/site-packages/airflow/example_dags/example_python_operator.py took 0.133 seconds
[2026-08-24T14:16:30.836+0000] {processor.py:161} INFO - Started process (PID=466) to work on /home/airflow/.local/lib/python3.12/site-packages/airflow/example_dags/example_python_operator.py
[2026-08-24T14:16:30.837+0000] {processor.py:830} INFO - Processing file /home/airflow/.local/lib/python3.12/site-packages/airflow/example_dags/example_python_operator.py for tasks to queue
[2026-08-24T14:16:30.839+0000] {logging_mixin.py:188} INFO - [2026-08-24T14:16:30.839+0000] {dagbag.py:545} INFO - Filling up the DagBag from /home/airflow/.local/lib/python3.12/site-packages/airflow/example_dags/example_python_operator.py
[2026-08-24T14:16:30.856+0000] {processor.py:840} INFO - DAG(s) 'example_python_operator' retrieved from /home/airflow/.local/lib/python3.12/site-packages/airflow/example_dags/example_python_operator.py
[2026-08-24T14:16:30.889+0000] {logging_mixin.py:188} INFO - [2026-08-24T14:16:30.889+0000] {dag.py:3096} INFO - Sync 1 DAGs
[2026-08-24T14:16:30.908+0000] {logging_mixin.py:188} INFO - [2026-08-24T14:16:30.908+0000] {dag.py:3954} INFO - Setting next_dagrun for example_python_operator to None, run_after=None
[2026-08-24T14:16:30.937+0000] {processor.py:183} INFO - Processing /home/airflow/.local/lib/python3.12/site-packages/airflow/example_dags/example_python_operator.py took 0.108 seconds
[2026-08-24T14:17:01.178+0000] {processor.py:161} INFO - Started process (PID=525) to work on /home/airflow/.local/lib/python3.12/site-packages/airflow/example_dags/example_python_operator.py
[2026-08-24T14:17:01.179+0000] {processor.py:830} INFO - Processing file /home/airflow/.local/lib/python3.12/site-packages/airflow/example_dags/example_python_operator.py for tasks to queue
[2026-08-24T14:17:01.182+0000] {logging_mixin.py:188} INFO - [2026-08-24T14:17:01.181+0000] {dagbag.py:545} INFO - Filling up the DagBag from /home/airflow/.local/lib/python3.12/site-packages/airflow/example_dags/example_python_operator.py
[2026-08-24T14:17:01.196+0000] {processor.py:840} INFO - DAG(s) 'example_python_operator' retrieved from /home/airflow/.local/lib/python3.12/site-packages/airflow/example_dags/example_python_operator.py
[2026-08-24T14:17:01.228+0000] {logging_mixin.py:188} INFO - [2026-08-24T14:17:01.228+0000] {dag.py:3096} INFO - Sync 1 DAGs
[2026-08-24T14:17:01.248+0000] {logging_mixin.py:188} INFO - [2026-08-24T14:17:01.247+0000] {dag.py:3954} INFO - Setting next_dagrun for example_python_operator to None, run_after=None
[2026-08-24T14:17:01.275+0000] {processor.py:183} INFO - Processing /home/airflow/.local/lib/python3.12/site-packages/airflow/example_dags/example_python_operator.py took 0.104 seconds
[2026-08-24T14:17:32.121+0000] {processor.py:161} INFO - Started process (PID=584) to work on /home/airflow/.local/lib/python3.12/site-packages/airflow/example_dags/example_python_operator.py
[2026-08-24T14:17:32.123+0000] {processor.py:830} INFO - Processing file /home/airflow/.local/lib/python3.12/site-packages/airflow/example_dags/example_python_operator.py for tasks to queue
[2026-08-24T14:17:32.126+0000] {logging_mixin.py:188} INFO - [2026-08-24T14:17:32.125+0000] {dagbag.py:545} INFO - Filling up the DagBag from /home/airflow/.local/lib/python3.12/site-packages/airflow/example_dags/example_python_operator.py
[2026-08-24T14:17:32.139+0000] {processor.py:840} INFO - DAG(s) 'example_python_operator' retrieved from /home/airflow/.local/lib/python3.12/site-packages/airflow/example_dags/example_python_operator.py
[2026-08-24T14:17:32.170+0000] {logging_mixin.py:188} INFO - [2026-08-24T14:17:32.170+0000] {dag.py:3096} INFO - Sync 1 DAGs
[2026-08-24T14:17:32.189+0000] {logging_mixin.py:188} INFO - [2026-08-24T14:17:32.188+0000] {dag.py:3954} INFO - Setting next_dagrun for example_python_operator to None, run_after=None
[2026-08-24T14:17:32.219+0000] {processor.py:183} INFO - Processing /home/airflow/.local/lib/python3.12/site-packages/airflow/example_dags/example_python_operator.py took 0.107 seconds
[2026-08-24T14:18:02.825+0000] {processor.py:161} INFO - Started process (PID=643) to work on /home/airflow/.local/lib/python3.12/site-packages/airflow/example_dags/example_python_operator.py
[2026-08-24T14:18:02.864+0000] {processor.py:830} INFO - Processing file /home/airflow/.local/lib/python3.12/site-packages/airflow/example_dags/example_python_operator.py for tasks to queue
[2026-08-24T14:18:02.868+0000] {logging_mixin.py:188} INFO - [2026-08-24T14:18:02.867+0000] {dagbag.py:545} INFO - Filling up the DagBag from /home/airflow/.local/lib/python3.12/site-packages/airflow/example_dags/example_python_operator.py
[2026-08-24T14:18:02.889+0000] {processor.py:840} INFO - DAG(s) 'example_python_operator' retrieved from /home/airflow/.local/lib/python3.12/site-packages/airflow/example_dags/example_python_operator.py
[2026-08-24T14:18:02.925+0000] {logging_mixin.py:188} INFO - [2026-08-24T14:18:02.925+0000] {dag.py:3096} INFO - Sync 1 DAGs
[2026-08-24T14:18:02.949+0000] {logging_mixin.py:188} INFO - [2026-08-24T14:18:02.949+0000] {dag.py:3954} INFO - Setting next_dagrun for example_python_operator to None, run_after=None
[2026-08-24T14:18:02.994+0000] {processor.py:183} INFO - Processing /home/airflow/.local/lib/python3.12/site-packages/airflow/example_dags/example_python_operator.py took 0.186 seconds
[2026-08-24T14:18:33.119+0000] {processor.py:161} INFO - Started process (PID=703) to work on /home/airflow/.local/lib/python3.12/site-packages/airflow/example_dags/example_python_operator.py
[2026-08-24T14:18:33.121+0000] {processor.py:830} INFO - Processing file /home/airflow/.local/lib/python3.12/site-packages/airflow/example_dags/example_python_operator.py for tasks to queue
[2026-08-24T14:18:33.124+0000] {logging_mixin.py:188} INFO - [2026-08-24T14:18:33.123+0000] {dagbag.py:545} INFO - Filling up the DagBag from /home/airflow/.local/lib/python3.12/site-packages/airflow/example_dags/example_python_operator.py
[2026-08-24T14:18:33.139+0000] {processor.py:840} INFO - DAG(s) 'example_python_operator' retrieved from /home/airflow/.local/lib/python3.12/site-packages/airflow/example_dags/example_python_operator.py
[2026-08-24T14:18:33.173+0000] {logging_mixin.py:188} INFO - [2026-08-24T14:18:33.173+0000] {dag.py:3096} INFO - Sync 1 DAGs
[2026-08-24T14:18:33.195+0000] {logging_mixin.py:188} INFO - [2026-08-24T14:18:33.195+0000] {dag.py:3954} INFO - Setting next_dagrun for example_python_operator to None, run_after=None
[2026-08-24T14:18:33.228+0000] {processor.py:183} INFO - Processing /home/airflow/.local/lib/python3.12/site-packages/airflow/example_dags/example_python_operator.py took 0.117 seconds
[2026-08-24T14:19:04.016+0000] {processor.py:161} INFO - Started process (PID=763) to work on /home/airflow/.local/lib/python3.12/site-packages/airflow/example_dags/example_python_operator.py
[2026-08-24T14:19:04.018+0000] {processor.py:830} INFO - Processing file /home/airflow/.local/lib/python3.12/site-packages/airflow/example_dags/example_python_operator.py for tasks to queue
[2026-08-24T14:19:04.023+0000] {logging_mixin.py:188} INFO - [2026-08-24T14:19:04.022+0000] {dagbag.py:545} INFO - Filling up the DagBag from /home/airflow/.local/lib/python3.12/site-packages/airflow/example_dags/example_python_operator.py
[2026-08-24T14:19:04.042+0000] {processor.py:840} INFO - DAG(s) 'example_python_operator' retrieved from /home/airflow/.local/lib/python3.12/site-packages/airflow/example_dags/example_python_operator.py
[2026-08-24T14:19:04.077+0000] {logging_mixin.py:188} INFO - [2026-08-24T14:19:04.076+0000] {dag.py:3096} INFO - Sync 1 DAGs
[2026-08-24T14:19:04.102+0000] {logging_mixin.py:188} INFO - [2026-08-24T14:19:04.102+0000] {dag.py:3954} INFO - Setting next_dagrun for example_python_operator to None, run_after=None
[2026-08-24T14:19:04.141+0000] {processor.py:183} INFO - Processing /home/airflow/.local/lib/python3.12/site-packages/airflow/example_dags/example_python_operator.py took 0.142 seconds
[2026-08-24T14:19:35.120+0000] {processor.py:161} INFO - Started process (PID=822) to work on /home/airflow/.local/lib/python3.12/site-packages/airflow/example_dags/example_python_operator.py
[2026-08-24T14:19:35.121+0000] {processor.py:830} INFO - Processing file /home/airflow/.local/lib/python3.12/site-packages/airflow/example_dags/example_python_operator.py for tasks to queue
[2026-08-24T14:19:35.124+0000] {logging_mixin.py:188} INFO - [2026-08-24T14:19:35.124+0000] {dagbag.py:545} INFO - Filling up the DagBag from /home/airflow/.local/lib/python3.12/site-packages/airflow/example_dags/example_python_operator.py
[2026-08-24T14:19:35.146+0000] {processor.py:840} INFO - DAG(s) 'example_python_operator' retrieved from /home/airflow/.local/lib/python3.12/site-packages/airflow/example_dags/example_python_operator.py
[2026-08-24T14:19:35.175+0000] {logging_mixin.py:188} INFO - [2026-08-24T14:19:35.175+0000] {dag.py:3096} INFO - Sync 1 DAGs
[2026-08-24T14:19:35.192+0000] {logging_mixin.py:188} INFO - [2026-08-24T14:19:35.192+0000] {dag.py:3954} INFO - Setting next_dagrun for example_python_operator to None, run_after=None
[2026-08-24T14:19:35.219+0000] {processor.py:183} INFO - Processing /home/airflow/.local/lib/python3.12/site-packages/airflow/example_dags/example_python_operator.py took 0.107 seconds
[2026-08-24T14:20:05.844+0000] {processor.py:161} INFO - Started process (PID=881) to work on /home/airflow/.local/lib/python3.12/site-packages/airflow/example_dags/example_python_operator.py
[2026-08-24T14:20:05.846+0000] {processor.py:830} INFO - Processing file /home/airflow/.local/lib/python3.12/site-packages/airflow/example_dags/example_python_operator.py for tasks to queue
[2026-08-24T14:20:05.851+0000] {logging_mixin.py:188} INFO - [2026-08-24T14:20:05.850+0000] {dagbag.py:545} INFO - Filling up the DagBag from /home/airflow/.local/lib/python3.12/site-packages/airflow/example_dags/example_python_operator.py
[2026-08-24T14:20:05.867+0000] {processor.py:840} INFO - DAG(s) 'example_python_operator' retrieved from /home/airflow/.local/lib/python3.12/site-packages/airflow/example_dags/example_python_operator.py
[2026-08-24T14:20:05.898+0000] {logging_mixin.py:188} INFO - [2026-08-24T14:20:05.897+0000] {dag.py:3096} INFO - Sync 1 DAGs
[2026-08-24T14:20:05.918+0000] {logging_mixin.py:188} INFO - [2026-08-24T14:20:05.917+0000] {dag.py:3954} INFO - Setting next_dagrun for example_python_operator to None, run_after=None
[2026-08-24T14:20:05.944+0000] {processor.py:183} INFO - Processing /home/airflow/.local/lib/python3.12/site-packages/airflow/example_dags/example_python_operator.py took 0.111 seconds
[2026-08-24T14:22:17.634+0000] {processor.py:161} INFO - Started process (PID=112) to work on /home/airflow/.local/lib/python3.12/site-packages/airflow/example_dags/example_python_operator.py
[2026-08-24T14:22:17.636+0000] {processor.py:830} INFO - Processing file /home/airflow/.local/lib/python3.12/site-packages/airflow/example_dags/example_python_operator.py for tasks to queue
[2026-08-24T14:22:17.638+0000] {logging_mixin.py:188} INFO - [2026-08-24T14:22:17.638+0000] {dagbag.py:545} INFO - Filling up the DagBag from /home/airflow/.local/lib/python3.12/site-packages/airflow/example_dags/example_python_operator.py
[2026-08-24T14:22:17.656+0000] {processor.py:840} INFO - DAG(s) 'example_python_operator' retrieved from /home/airflow/.local/lib/python3.12/site-packages/airflow/example_dags/example_python_operator.py
[2026-08-24T14:22:17.843+0000] {logging_mixin.py:188} INFO - [2026-08-24T14:22:17.843+0000] {dag.py:3096} INFO - Sync 1 DAGs
[2026-08-24T14:22:17.856+0000] {logging_mixin.py:188} INFO - [2026-08-24T14:22:17.856+0000] {dag.py:3954} INFO - Setting next_dagrun for example_python_operator to None, run_after=None
[2026-08-24T14:22:17.898+0000] {processor.py:183} INFO - Processing /home/airflow/.local/lib/python3.12/site-packages/airflow/example_dags/example_python_operator.py took 0.272 seconds
[2026-08-24T14:23:01.077+0000] {processor.py:161} INFO - Started process (PID=91) to work on /home/airflow/.local/lib/python3.12/site-packages/airflow/example_dags/example_python_operator.py
[2026-08-24T14:23:01.078+0000] {processor.py:830} INFO - Processing file /home/airflow/.local/lib/python3.12/site-packages/airflow/example_dags/example_python_operator.py for tasks to queue
[2026-08-24T14:23:01.081+0000] {logging_mixin.py:188} INFO - [2026-08-24T14:23:01.080+0000] {dagbag.py:545} INFO - Filling up the DagBag from /home/airflow/.local/lib/python3.12/site-packages/airflow/example_dags/example_python_operator.py
[2026-08-24T14:23:01.098+0000] {processor.py:840} INFO - DAG(s) 'example_python_operator' retrieved from /home/airflow/.local/lib/python3.12/site-packages/airflow/example_dags/example_python_operator.py
[2026-08-24T14:23:01.252+0000] {logging_mixin.py:188} INFO - [2026-08-24T14:23:01.251+0000] {dag.py:3096} INFO - Sync 1 DAGs
[2026-08-24T14:23:01.267+0000] {logging_mixin.py:188} INFO - [2026-08-24T14:23:01.267+0000] {dag.py:3954} INFO - Setting next_dagrun for example_python_operator to None, run_after=None
[2026-08-24T14:23:01.292+0000] {processor.py:183} INFO - Processing /home/airflow/.local/lib/python3.12/site-packages/airflow/example_dags/example_python_operator.py took 0.223 seconds
[2026-08-24T14:23:31.743+0000] {processor.py:161} INFO - Started process (PID=151) to work on /home/airflow/.local/lib/python3.12/site-packages/airflow/example_dags/example_python_operator.py
[2026-08-24T14:23:31.745+0000] {processor.py:830} INFO - Processing file /home/airflow/.local/lib/python3.12/site-packages/airflow/example_dags/example_python_operator.py for tasks to queue
[2026-08-24T14:23:31.748+0000] {logging_mixin.py:188} INFO - [2026-08-24T14:23:31.748+0000] {dagbag.py:545} INFO - Filling up the DagBag from /home/airflow/.local/lib/python3.12/site-packages/airflow/example_dags/example_python_operator.py
[2026-08-24T14:23:31.764+0000] {processor.py:840} INFO - DAG(s) 'example_python_operator' retrieved from /home/airflow/.local/lib/python3.12/site-packages/airflow/example_dags/example_python_operator.py
[2026-08-24T14:23:31.796+0000] {logging_mixin.py:188} INFO - [2026-08-24T14:23:31.795+0000] {dag.py:3096} INFO - Sync 1 DAGs
[2026-08-24T14:23:31.813+0000] {logging_mixin.py:188} INFO - [2026-08-24T14:23:31.812+0000] {dag.py:3954} INFO - Setting next_dagrun for example_python_operator to None, run_after=None
[2026-08-24T14:23:31.838+0000] {processor.py:183} INFO - Processing /home/airflow/.local/lib/python3.12/site-packages/airflow/example_dags/example_python_operator.py took 0.102 seconds
[2026-08-24T14:24:04.392+0000] {processor.py:161} INFO - Started process (PID=217) to work on /home/airflow/.local/lib/python3.12/site-packages/airflow/example_dags/example_python_operator.py
[2026-08-24T14:24:04.393+0000] {processor.py:830} INFO - Processing file /home/airflow/.local/lib/python3.12/site-packages/airflow/example_dags/example_python_operator.py for tasks to queue
[2026-08-24T14:24:04.396+0000] {logging_mixin.py:188} INFO - [2026-08-24T14:24:04.396+0000] {dagbag.py:545} INFO - Filling up the DagBag from /home/airflow/.local/lib/python3.12/site-packages/airflow/example_dags/example_python_operator.py
[2026-08-24T14:24:04.414+0000] {processor.py:840} INFO - DAG(s) 'example_python_operator' retrieved from /home/airflow/.local/lib/python3.12/site-packages/airflow/example_dags/example_python_operator.py
[2026-08-24T14:24:04.452+0000] {logging_mixin.py:188} INFO - [2026-08-24T14:24:04.452+0000] {dag.py:3096} INFO - Sync 1 DAGs
[2026-08-24T14:24:04.474+0000] {logging_mixin.py:188} INFO - [2026-08-24T14:24:04.473+0000] {dag.py:3954} INFO - Setting next_dagrun for example_python_operator to None, run_after=None
[2026-08-24T14:24:04.510+0000] {processor.py:183} INFO - Processing /home/airflow/.local/lib/python3.12/site-packages/airflow/example_dags/example_python_operator.py took 0.127 seconds
[2026-08-24T14:24:35.442+0000] {processor.py:161} INFO - Started process (PID=277) to work on /home/airflow/.local/lib/python3.12/site-packages/airflow/example_dags/example_python_operator.py
[2026-08-24T14:24:35.443+0000] {processor.py:830} INFO - Processing file /home/airflow/.local/lib/python3.12/site-packages/airflow/example_dags/example_python_operator.py for tasks to queue
[2026-08-24T14:24:35.446+0000] {logging_mixin.py:188} INFO - [2026-08-24T14:24:35.445+0000] {dagbag.py:545} INFO - Filling up the DagBag from /home/airflow/.local/lib/python3.12/site-packages/airflow/example_dags/example_python_operator.py
[2026-08-24T14:24:35.459+0000] {processor.py:840} INFO - DAG(s) 'example_python_operator' retrieved from /home/airflow/.local/lib/python3.12/site-packages/airflow/example_dags/example_python_operator.py
[2026-08-24T14:24:35.487+0000] {logging_mixin.py:188} INFO - [2026-08-24T14:24:35.486+0000] {dag.py:3096} INFO - Sync 1 DAGs
[2026-08-24T14:24:35.505+0000] {logging_mixin.py:188} INFO - [2026-08-24T14:24:35.504+0000] {dag.py:3954} INFO - Setting next_dagrun for example_python_operator to None, run_after=None
[2026-08-24T14:24:35.527+0000] {processor.py:183} INFO - Processing /home/airflow/.local/lib/python3.12/site-packages/airflow/example_dags/example_python_operator.py took 0.093 seconds
[2026-08-24T14:25:06.265+0000] {processor.py:161} INFO - Started process (PID=337) to work on /home/airflow/.local/lib/python3.12/site-packages/airflow/example_dags/example_python_operator.py
[2026-08-24T14:25:06.266+0000] {processor.py:830} INFO - Processing file /home/airflow/.local/lib/python3.12/site-packages/airflow/example_dags/example_python_operator.py for tasks to queue
[2026-08-24T14:25:06.269+0000] {logging_mixin.py:188} INFO - [2026-08-24T14:25:06.269+0000] {dagbag.py:545} INFO - Filling up the DagBag from /home/airflow/.local/lib/python3.12/site-packages/airflow/example_dags/example_python_operator.py
[2026-08-24T14:25:06.284+0000] {processor.py:840} INFO - DAG(s) 'example_python_operator' retrieved from /home/airflow/.local/lib/python3.12/site-packages/airflow/example_dags/example_python_operator.py
[2026-08-24T14:25:06.316+0000] {logging_mixin.py:188} INFO - [2026-08-24T14:25:06.315+0000] {dag.py:3096} INFO - Sync 1 DAGs
[2026-08-24T14:25:06.333+0000] {logging_mixin.py:188} INFO - [2026-08-24T14:25:06.333+0000] {dag.py:3954} INFO - Setting next_dagrun for example_python_operator to None, run_after=None
[2026-08-24T14:25:06.359+0000] {processor.py:183} INFO - Processing /home/airflow/.local/lib/python3.12/site-packages/airflow/example_dags/example_python_operator.py took 0.102 seconds
[2026-08-24T14:25:37.367+0000] {processor.py:161} INFO - Started process (PID=397) to work on /home/airflow/.local/lib/python3.12/site-packages/airflow/example_dags/example_python_operator.py
[2026-08-24T14:25:37.368+0000] {processor.py:830} INFO - Processing file /home/airflow/.local/lib/python3.12/site-packages/airflow/example_dags/example_python_operator.py for tasks to queue
[2026-08-24T14:25:37.371+0000] {logging_mixin.py:188} INFO - [2026-08-24T14:25:37.370+0000] {dagbag.py:545} INFO - Filling up the DagBag from /home/airflow/.local/lib/python3.12/site-packages/airflow/example_dags/example_python_operator.py
[2026-08-24T14:25:37.384+0000] {processor.py:840} INFO - DAG(s) 'example_python_operator' retrieved from /home/airflow/.local/lib/python3.12/site-packages/airflow/example_dags/example_python_operator.py
[2026-08-24T14:25:37.411+0000] {logging_mixin.py:188} INFO - [2026-08-24T14:25:37.410+0000] {dag.py:3096} INFO - Sync 1 DAGs
[2026-08-24T14:25:37.427+0000] {logging_mixin.py:188} INFO - [2026-08-24T14:25:37.427+0000] {dag.py:3954} INFO - Setting next_dagrun for example_python_operator to None, run_after=None
[2026-08-24T14:25:37.455+0000] {processor.py:183} INFO - Processing /home/airflow/.local/lib/python3.12/site-packages/airflow/example_dags/example_python_operator.py took 0.095 seconds
[2026-08-24T14:26:07.506+0000] {processor.py:161} INFO - Started process (PID=455) to work on /home/airflow/.local/lib/python3.12/site-packages/airflow/example_dags/example_python_operator.py
[2026-08-24T14:26:07.508+0000] {processor.py:830} INFO - Processing file /home/airflow/.local/lib/python3.12/site-packages/airflow/example_dags/example_python_operator.py for tasks to queue
[2026-08-24T14:26:07.511+0000] {logging_mixin.py:188} INFO - [2026-08-24T14:26:07.510+0000] {dagbag.py:545} INFO - Filling up the DagBag from /home/airflow/.local/lib/python3.12/site-packages/airflow/example_dags/example_python_operator.py
[2026-08-24T14:26:07.525+0000] {processor.py:840} INFO - DAG(s) 'example_python_operator' retrieved from /home/airflow/.local/lib/python3.12/site-packages/airflow/example_dags/example_python_operator.py
[2026-08-24T14:26:07.555+0000] {logging_mixin.py:188} INFO - [2026-08-24T14:26:07.555+0000] {dag.py:3096} INFO - Sync 1 DAGs
[2026-08-24T14:26:07.572+0000] {logging_mixin.py:188} INFO - [2026-08-24T14:26:07.571+0000] {dag.py:3954} INFO - Setting next_dagrun for example_python_operator to None, run_after=None
[2026-08-24T14:26:07.595+0000] {processor.py:183} INFO - Processing /home/airflow/.local/lib/python3.12/site-packages/airflow/example_dags/example_python_operator.py took 0.095 seconds
[2026-08-24T14:26:37.760+0000] {processor.py:161} INFO - Started process (PID=515) to work on /home/airflow/.local/lib/python3.12/site-packages/airflow/example_dags/example_python_operator.py
[2026-08-24T14:26:37.762+0000] {processor.py:830} INFO - Processing file /home/airflow/.local/lib/python3.12/site-packages/airflow/example_dags/example_python_operator.py for tasks to queue
[2026-08-24T14:26:37.764+0000] {logging_mixin.py:188} INFO - [2026-08-24T14:26:37.764+0000] {dagbag.py:545} INFO - Filling up the DagBag from /home/airflow/.local/lib/python3.12/site-packages/airflow/example_dags/example_python_operator.py
[2026-08-24T14:26:37.778+0000] {processor.py:840} INFO - DAG(s) 'example_python_operator' retrieved from /home/airflow/.local/lib/python3.12/site-packages/airflow/example_dags/example_python_operator.py
[2026-08-24T14:26:37.808+0000] {logging_mixin.py:188} INFO - [2026-08-24T14:26:37.807+0000] {dag.py:3096} INFO - Sync 1 DAGs
[2026-08-24T14:26:37.823+0000] {logging_mixin.py:188} INFO - [2026-08-24T14:26:37.823+0000] {dag.py:3954} INFO - Setting next_dagrun for example_python_operator to None, run_after=None
[2026-08-24T14:26:37.847+0000] {processor.py:183} INFO - Processing /home/airflow/.local/lib/python3.12/site-packages/airflow/example_dags/example_python_operator.py took 0.094 seconds
[2026-08-24T14:27:08.386+0000] {processor.py:161} INFO - Started process (PID=575) to work on /home/airflow/.local/lib/python3.12/site-packages/airflow/example_dags/example_python_operator.py
[2026-08-24T14:27:08.387+0000] {processor.py:830} INFO - Processing file /home/airflow/.local/lib/python3.12/site-packages/airflow/example_dags/example_python_operator.py for tasks to queue
[2026-08-24T14:27:08.390+0000] {logging_mixin.py:188} INFO - [2026-08-24T14:27:08.389+0000] {dagbag.py:545} INFO - Filling up the DagBag from /home/airflow/.local/lib/python3.12/site-packages/airflow/example_dags/example_python_operator.py
[2026-08-24T14:27:08.406+0000] {processor.py:840} INFO - DAG(s) 'example_python_operator' retrieved from /home/airflow/.local/lib/python3.12/site-packages/airflow/example_dags/example_python_operator.py
[2026-08-24T14:27:08.434+0000] {logging_mixin.py:188} INFO - [2026-08-24T14:27:08.434+0000] {dag.py:3096} INFO - Sync 1 DAGs
[2026-08-24T14:27:08.451+0000] {logging_mixin.py:188} INFO - [2026-08-24T14:27:08.450+0000] {dag.py:3954} INFO - Setting next_dagrun for example_python_operator to None, run_after=None
[2026-08-24T14:27:08.473+0000] {processor.py:183} INFO - Processing /home/airflow/.local/lib/python3.12/site-packages/airflow/example_dags/example_python_operator.py took 0.096 seconds
[2026-08-24T14:27:38.787+0000] {processor.py:161} INFO - Started process (PID=635) to work on /home/airflow/.local/lib/python3.12/site-packages/airflow/example_dags/example_python_operator.py
[2026-08-24T14:27:38.788+0000] {processor.py:830} INFO - Processing file /home/airflow/.local/lib/python3.12/site-packages/airflow/example_dags/example_python_operator.py for tasks to queue
[2026-08-24T14:27:38.791+0000] {logging_mixin.py:188} INFO - [2026-08-24T14:27:38.791+0000] {dagbag.py:545} INFO - Filling up the DagBag from /home/airflow/.local/lib/python3.12/site-packages/airflow/example_dags/example_python_operator.py
[2026-08-24T14:27:38.805+0000] {processor.py:840} INFO - DAG(s) 'example_python_operator' retrieved from /home/airflow/.local/lib/python3.12/site-packages/airflow/example_dags/example_python_operator.py
[2026-08-24T14:27:38.835+0000] {logging_mixin.py:188} INFO - [2026-08-24T14:27:38.835+0000] {dag.py:3096} INFO - Sync 1 DAGs
[2026-08-24T14:27:38.851+0000] {logging_mixin.py:188} INFO - [2026-08-24T14:27:38.851+0000] {dag.py:3954} INFO - Setting next_dagrun for example_python_operator to None, run_after=None
[2026-08-24T14:27:38.876+0000] {processor.py:183} INFO - Processing /home/airflow/.local/lib/python3.12/site-packages/airflow/example_dags/example_python_operator.py took 0.096 seconds
[2026-08-24T14:28:09.062+0000] {processor.py:161} INFO - Started process (PID=695) to work on /home/airflow/.local/lib/python3.12/site-packages/airflow/example_dags/example_python_operator.py
[2026-08-24T14:28:09.063+0000] {processor.py:830} INFO - Processing file /home/airflow/.local/lib/python3.12/site-packages/airflow/example_dags/example_python_operator.py for tasks to queue
[2026-08-24T14:28:09.065+0000] {logging_mixin.py:188} INFO - [2026-08-24T14:28:09.065+0000] {dagbag.py:545} INFO - Filling up the DagBag from /home/airflow/.local/lib/python3.12/site-packages/airflow/example_dags/example_python_operator.py
[2026-08-24T14:28:09.080+0000] {processor.py:840} INFO - DAG(s) 'example_python_operator' retrieved from /home/airflow/.local/lib/python3.12/site-packages/airflow/example_dags/example_python_operator.py
[2026-08-24T14:28:09.109+0000] {logging_mixin.py:188} INFO - [2026-08-24T14:28:09.108+0000] {dag.py:3096} INFO - Sync 1 DAGs
[2026-08-24T14:28:09.131+0000] {logging_mixin.py:188} INFO - [2026-08-24T14:28:09.131+0000] {dag.py:3954} INFO - Setting next_dagrun for example_python_operator to None, run_after=None
[2026-08-24T14:28:09.159+0000] {processor.py:183} INFO - Processing /home/airflow/.local/lib/python3.12/site-packages/airflow/example_dags/example_python_operator.py took 0.105 seconds
[2026-08-24T14:28:39.730+0000] {processor.py:161} INFO - Started process (PID=755) to work on /home/airflow/.local/lib/python3.12/site-packages/airflow/example_dags/example_python_operator.py
[2026-08-24T14:28:39.731+0000] {processor.py:830} INFO - Processing file /home/airflow/.local/lib/python3.12/site-packages/airflow/example_dags/example_python_operator.py for tasks to queue
[2026-08-24T14:28:39.734+0000] {logging_mixin.py:188} INFO - [2026-08-24T14:28:39.733+0000] {dagbag.py:545} INFO - Filling up the DagBag from /home/airflow/.local/lib/python3.12/site-packages/airflow/example_dags/example_python_operator.py
[2026-08-24T14:28:39.748+0000] {processor.py:840} INFO - DAG(s) 'example_python_operator' retrieved from /home/airflow/.local/lib/python3.12/site-packages/airflow/example_dags/example_python_operator.py
[2026-08-24T14:28:39.775+0000] {logging_mixin.py:188} INFO - [2026-08-24T14:28:39.775+0000] {dag.py:3096} INFO - Sync 1 DAGs
[2026-08-24T14:28:39.791+0000] {logging_mixin.py:188} INFO - [2026-08-24T14:28:39.791+0000] {dag.py:3954} INFO - Setting next_dagrun for example_python_operator to None, run_after=None
[2026-08-24T14:28:39.814+0000] {processor.py:183} INFO - Processing /home/airflow/.local/lib/python3.12/site-packages/airflow/example_dags/example_python_operator.py took 0.091 seconds
[2026-08-24T14:29:10.688+0000] {processor.py:161} INFO - Started process (PID=815) to work on /home/airflow/.local/lib/python3.12/site-packages/airflow/example_dags/example_python_operator.py
[2026-08-24T14:29:10.689+0000] {processor.py:830} INFO - Processing file /home/airflow/.local/lib/python3.12/site-packages/airflow/example_dags/example_python_operator.py for tasks to queue
[2026-08-24T14:29:10.693+0000] {logging_mixin.py:188} INFO - [2026-08-24T14:29:10.692+0000] {dagbag.py:545} INFO - Filling up the DagBag from /home/airflow/.local/lib/python3.12/site-packages/airflow/example_dags/example_python_operator.py
[2026-08-24T14:29:10.708+0000] {processor.py:840} INFO - DAG(s) 'example_python_operator' retrieved from /home/airflow/.local/lib/python3.12/site-packages/airflow/example_dags/example_python_operator.py
[2026-08-24T14:29:10.744+0000] {logging_mixin.py:188} INFO - [2026-08-24T14:29:10.744+0000] {dag.py:3096} INFO - Sync 1 DAGs
[2026-08-24T14:29:10.766+0000] {logging_mixin.py:188} INFO - [2026-08-24T14:29:10.765+0000] {dag.py:3954} INFO - Setting next_dagrun for example_python_operator to None, run_after=None
[2026-08-24T14:29:10.793+0000] {processor.py:183} INFO - Processing /home/airflow/.local/lib/python3.12/site-packages/airflow/example_dags/example_python_operator.py took 0.114 seconds
[2026-08-24T14:29:41.521+0000] {processor.py:161} INFO - Started process (PID=876) to work on /home/airflow/.local/lib/python3.12/site-packages/airflow/example_dags/example_python_operator.py
[2026-08-24T14:29:41.523+0000] {processor.py:830} INFO - Processing file /home/airflow/.local/lib/python3.12/site-packages/airflow/example_dags/example_python_operator.py for tasks to queue
[2026-08-24T14:29:41.525+0000] {logging_mixin.py:188} INFO - [2026-08-24T14:29:41.525+0000] {dagbag.py:545} INFO - Filling up the DagBag from /home/airflow/.local/lib/python3.12/site-packages/airflow/example_dags/example_python_operator.py
[2026-08-24T14:29:41.539+0000] {processor.py:840} INFO - DAG(s) 'example_python_operator' retrieved from /home/airflow/.local/lib/python3.12/site-packages/airflow/example_dags/example_python_operator.py
[2026-08-24T14:29:41.569+0000] {logging_mixin.py:188} INFO - [2026-08-24T14:29:41.569+0000] {dag.py:3096} INFO - Sync 1 DAGs
[2026-08-24T14:29:41.586+0000] {logging_mixin.py:188} INFO - [2026-08-24T14:29:41.586+0000] {dag.py:3954} INFO - Setting next_dagrun for example_python_operator to None, run_after=None
[2026-08-24T14:29:41.611+0000] {processor.py:183} INFO - Processing /home/airflow/.local/lib/python3.12/site-packages/airflow/example_dags/example_python_operator.py took 0.098 seconds
[2026-08-24T14:30:11.725+0000] {processor.py:161} INFO - Started process (PID=935) to work on /home/airflow/.local/lib/python3.12/site-packages/airflow/example_dags/example_python_operator.py
[2026-08-24T14:30:11.726+0000] {processor.py:830} INFO - Processing file /home/airflow/.local/lib/python3.12/site-packages/airflow/example_dags/example_python_operator.py for tasks to queue
[2026-08-24T14:30:11.730+0000] {logging_mixin.py:188} INFO - [2026-08-24T14:30:11.729+0000] {dagbag.py:545} INFO - Filling up the DagBag from /home/airflow/.local/lib/python3.12/site-packages/airflow/example_dags/example_python_operator.py
[2026-08-24T14:30:11.744+0000] {processor.py:840} INFO - DAG(s) 'example_python_operator' retrieved from /home/airflow/.local/lib/python3.12/site-packages/airflow/example_dags/example_python_operator.py
[2026-08-24T14:30:11.774+0000] {logging_mixin.py:188} INFO - [2026-08-24T14:30:11.774+0000] {dag.py:3096} INFO - Sync 1 DAGs
[2026-08-24T14:30:11.792+0000] {logging_mixin.py:188} INFO - [2026-08-24T14:30:11.792+0000] {dag.py:3954} INFO - Setting next_dagrun for example_python_operator to None, run_after=None
[2026-08-24T14:30:11.817+0000] {processor.py:183} INFO - Processing /home/airflow/.local/lib/python3.12/site-packages/airflow/example_dags/example_python_operator.py took 0.100 seconds
[2026-08-24T14:30:42.716+0000] {processor.py:161} INFO - Started process (PID=996) to work on /home/airflow/.local/lib/python3.12/site-packages/airflow/example_dags/example_python_operator.py
[2026-08-24T14:30:42.718+0000] {processor.py:830} INFO - Processing file /home/airflow/.local/lib/python3.12/site-packages/airflow/example_dags/example_python_operator.py for tasks to queue
[2026-08-24T14:30:42.720+0000] {logging_mixin.py:188} INFO - [2026-08-24T14:30:42.719+0000] {dagbag.py:545} INFO - Filling up the DagBag from /home/airflow/.local/lib/python3.12/site-packages/airflow/example_dags/example_python_operator.py
[2026-08-24T14:30:42.733+0000] {processor.py:840} INFO - DAG(s) 'example_python_operator' retrieved from /home/airflow/.local/lib/python3.12/site-packages/airflow/example_dags/example_python_operator.py
[2026-08-24T14:30:42.759+0000] {logging_mixin.py:188} INFO - [2026-08-24T14:30:42.759+0000] {dag.py:3096} INFO - Sync 1 DAGs
[2026-08-24T14:30:42.776+0000] {logging_mixin.py:188} INFO - [2026-08-24T14:30:42.775+0000] {dag.py:3954} INFO - Setting next_dagrun for example_python_operator to None, run_after=None
[2026-08-24T14:30:42.799+0000] {processor.py:183} INFO - Processing /home/airflow/.local/lib/python3.12/site-packages/airflow/example_dags/example_python_operator.py took 0.090 seconds
[2026-08-24T14:31:13.428+0000] {processor.py:161} INFO - Started process (PID=1056) to work on /home/airflow/.local/lib/python3.12/site-packages/airflow/example_dags/example_python_operator.py
[2026-08-24T14:31:13.434+0000] {processor.py:830} INFO - Processing file /home/airflow/.local/lib/python3.12/site-packages/airflow/example_dags/example_python_operator.py for tasks to queue
[2026-08-24T14:31:13.438+0000] {logging_mixin.py:188} INFO - [2026-08-24T14:31:13.437+0000] {dagbag.py:545} INFO - Filling up the DagBag from /home/airflow/.local/lib/python3.12/site-packages/airflow/example_dags/example_python_operator.py
[2026-08-24T14:31:13.477+0000] {processor.py:840} INFO - DAG(s) 'example_python_operator' retrieved from /home/airflow/.local/lib/python3.12/site-packages/airflow/example_dags/example_python_operator.py
[2026-08-24T14:31:13.526+0000] {logging_mixin.py:188} INFO - [2026-08-24T14:31:13.525+0000] {dag.py:3096} INFO - Sync 1 DAGs
[2026-08-24T14:31:13.555+0000] {logging_mixin.py:188} INFO - [2026-08-24T14:31:13.554+0000] {dag.py:3954} INFO - Setting next_dagrun for example_python_operator to None, run_after=None
[2026-08-24T14:31:13.601+0000] {processor.py:183} INFO - Processing /home/airflow/.local/lib/python3.12/site-packages/airflow/example_dags/example_python_operator.py took 0.183 seconds
[2026-08-24T14:35:24.960+0000] {processor.py:161} INFO - Started process (PID=114) to work on /home/airflow/.local/lib/python3.12/site-packages/airflow/example_dags/example_python_operator.py
[2026-08-24T14:35:24.962+0000] {processor.py:830} INFO - Processing file /home/airflow/.local/lib/python3.12/site-packages/airflow/example_dags/example_python_operator.py for tasks to queue
[2026-08-24T14:35:24.965+0000] {logging_mixin.py:188} INFO - [2026-08-24T14:35:24.965+0000] {dagbag.py:545} INFO - Filling up the DagBag from /home/airflow/.local/lib/python3.12/site-packages/airflow/example_dags/example_python_operator.py
[2026-08-24T14:35:24.997+0000] {processor.py:840} INFO - DAG(s) 'example_python_operator' retrieved from /home/airflow/.local/lib/python3.12/site-packages/airflow/example_dags/example_python_operator.py
[2026-08-24T14:35:25.155+0000] {logging_mixin.py:188} INFO - [2026-08-24T14:35:25.155+0000] {dag.py:3096} INFO - Sync 1 DAGs
[2026-08-24T14:35:25.171+0000] {logging_mixin.py:188} INFO - [2026-08-24T14:35:25.170+0000] {dag.py:3954} INFO - Setting next_dagrun for example_python_operator to None, run_after=None
[2026-08-24T14:35:25.202+0000] {processor.py:183} INFO - Processing /home/airflow/.local/lib/python3.12/site-packages/airflow/example_dags/example_python_operator.py took 0.249 seconds
[2026-08-24T14:35:55.316+0000] {processor.py:161} INFO - Started process (PID=174) to work on /home/airflow/.local/lib/python3.12/site-packages/airflow/example_dags/example_python_operator.py
[2026-08-24T14:35:55.317+0000] {processor.py:830} INFO - Processing file /home/airflow/.local/lib/python3.12/site-packages/airflow/example_dags/example_python_operator.py for tasks to queue
[2026-08-24T14:35:55.320+0000] {logging_mixin.py:188} INFO - [2026-08-24T14:35:55.319+0000] {dagbag.py:545} INFO - Filling up the DagBag from /home/airflow/.local/lib/python3.12/site-packages/airflow/example_dags/example_python_operator.py
[2026-08-24T14:35:55.334+0000] {processor.py:840} INFO - DAG(s) 'example_python_operator' retrieved from /home/airflow/.local/lib/python3.12/site-packages/airflow/example_dags/example_python_operator.py
[2026-08-24T14:35:55.363+0000] {logging_mixin.py:188} INFO - [2026-08-24T14:35:55.363+0000] {dag.py:3096} INFO - Sync 1 DAGs
[2026-08-24T14:35:55.379+0000] {logging_mixin.py:188} INFO - [2026-08-24T14:35:55.379+0000] {dag.py:3954} INFO - Setting next_dagrun for example_python_operator to None, run_after=None
[2026-08-24T14:35:55.401+0000] {processor.py:183} INFO - Processing /home/airflow/.local/lib/python3.12/site-packages/airflow/example_dags/example_python_operator.py took 0.092 seconds
[2026-08-24T14:36:26.651+0000] {processor.py:161} INFO - Started process (PID=234) to work on /home/airflow/.local/lib/python3.12/site-packages/airflow/example_dags/example_python_operator.py
[2026-08-24T14:36:26.653+0000] {processor.py:830} INFO - Processing file /home/airflow/.local/lib/python3.12/site-packages/airflow/example_dags/example_python_operator.py for tasks to queue
[2026-08-24T14:36:26.656+0000] {logging_mixin.py:188} INFO - [2026-08-24T14:36:26.656+0000] {dagbag.py:545} INFO - Filling up the DagBag from /home/airflow/.local/lib/python3.12/site-packages/airflow/example_dags/example_python_operator.py
[2026-08-24T14:36:26.675+0000] {processor.py:840} INFO - DAG(s) 'example_python_operator' retrieved from /home/airflow/.local/lib/python3.12/site-packages/airflow/example_dags/example_python_operator.py
[2026-08-24T14:36:26.704+0000] {logging_mixin.py:188} INFO - [2026-08-24T14:36:26.703+0000] {dag.py:3096} INFO - Sync 1 DAGs
[2026-08-24T14:36:26.720+0000] {logging_mixin.py:188} INFO - [2026-08-24T14:36:26.719+0000] {dag.py:3954} INFO - Setting next_dagrun for example_python_operator to None, run_after=None
[2026-08-24T14:36:26.744+0000] {processor.py:183} INFO - Processing /home/airflow/.local/lib/python3.12/site-packages/airflow/example_dags/example_python_operator.py took 0.104 seconds
[2026-08-24T14:36:57.736+0000] {processor.py:161} INFO - Started process (PID=295) to work on /home/airflow/.local/lib/python3.12/site-packages/airflow/example_dags/example_python_operator.py
[2026-08-24T14:36:57.738+0000] {processor.py:830} INFO - Processing file /home/airflow/.local/lib/python3.12/site-packages/airflow/example_dags/example_python_operator.py for tasks to queue
[2026-08-24T14:36:57.742+0000] {logging_mixin.py:188} INFO - [2026-08-24T14:36:57.742+0000] {dagbag.py:545} INFO - Filling up the DagBag from /home/airflow/.local/lib/python3.12/site-packages/airflow/example_dags/example_python_operator.py
[2026-08-24T14:36:57.763+0000] {processor.py:840} INFO - DAG(s) 'example_python_operator' retrieved from /home/airflow/.local/lib/python3.12/site-packages/airflow/example_dags/example_python_operator.py
[2026-08-24T14:36:57.803+0000] {logging_mixin.py:188} INFO - [2026-08-24T14:36:57.803+0000] {dag.py:3096} INFO - Sync 1 DAGs
[2026-08-24T14:36:57.822+0000] {logging_mixin.py:188} INFO - [2026-08-24T14:36:57.821+0000] {dag.py:3954} INFO - Setting next_dagrun for example_python_operator to None, run_after=None
[2026-08-24T14:36:57.851+0000] {processor.py:183} INFO - Processing /home/airflow/.local/lib/python3.12/site-packages/airflow/example_dags/example_python_operator.py took 0.124 seconds
[2026-08-24T14:37:28.893+0000] {processor.py:161} INFO - Started process (PID=354) to work on /home/airflow/.local/lib/python3.12/site-packages/airflow/example_dags/example_python_operator.py
[2026-08-24T14:37:28.894+0000] {processor.py:830} INFO - Processing file /home/airflow/.local/lib/python3.12/site-packages/airflow/example_dags/example_python_operator.py for tasks to queue
[2026-08-24T14:37:28.897+0000] {logging_mixin.py:188} INFO - [2026-08-24T14:37:28.897+0000] {dagbag.py:545} INFO - Filling up the DagBag from /home/airflow/.local/lib/python3.12/site-packages/airflow/example_dags/example_python_operator.py
[2026-08-24T14:37:28.913+0000] {processor.py:840} INFO - DAG(s) 'example_python_operator' retrieved from /home/airflow/.local/lib/python3.12/site-packages/airflow/example_dags/example_python_operator.py
[2026-08-24T14:37:28.946+0000] {logging_mixin.py:188} INFO - [2026-08-24T14:37:28.946+0000] {dag.py:3096} INFO - Sync 1 DAGs
[2026-08-24T14:37:28.966+0000] {logging_mixin.py:188} INFO - [2026-08-24T14:37:28.966+0000] {dag.py:3954} INFO - Setting next_dagrun for example_python_operator to None, run_after=None
[2026-08-24T14:37:28.992+0000] {processor.py:183} INFO - Processing /home/airflow/.local/lib/python3.12/site-packages/airflow/example_dags/example_python_operator.py took 0.108 seconds
[2026-08-24T14:37:59.127+0000] {processor.py:161} INFO - Started process (PID=413) to work on /home/airflow/.local/lib/python3.12/site-packages/airflow/example_dags/example_python_operator.py
[2026-08-24T14:37:59.128+0000] {processor.py:830} INFO - Processing file /home/airflow/.local/lib/python3.12/site-packages/airflow/example_dags/example_python_operator.py for tasks to queue
[2026-08-24T14:37:59.130+0000] {logging_mixin.py:188} INFO - [2026-08-24T14:37:59.130+0000] {dagbag.py:545} INFO - Filling up the DagBag from /home/airflow/.local/lib/python3.12/site-packages/airflow/example_dags/example_python_operator.py
[2026-08-24T14:37:59.144+0000] {processor.py:840} INFO - DAG(s) 'example_python_operator' retrieved from /home/airflow/.local/lib/python3.12/site-packages/airflow/example_dags/example_python_operator.py
[2026-08-24T14:37:59.172+0000] {logging_mixin.py:188} INFO - [2026-08-24T14:37:59.172+0000] {dag.py:3096} INFO - Sync 1 DAGs
[2026-08-24T14:37:59.190+0000] {logging_mixin.py:188} INFO - [2026-08-24T14:37:59.190+0000] {dag.py:3954} INFO - Setting next_dagrun for example_python_operator to None, run_after=None
[2026-08-24T14:37:59.213+0000] {processor.py:183} INFO - Processing /home/airflow/.local/lib/python3.12/site-packages/airflow/example_dags/example_python_operator.py took 0.096 seconds
[2026-08-24T14:38:29.431+0000] {processor.py:161} INFO - Started process (PID=474) to work on /home/airflow/.local/lib/python3.12/site-packages/airflow/example_dags/example_python_operator.py
[2026-08-24T14:38:29.433+0000] {processor.py:830} INFO - Processing file /home/airflow/.local/lib/python3.12/site-packages/airflow/example_dags/example_python_operator.py for tasks to queue
[2026-08-24T14:38:29.436+0000] {logging_mixin.py:188} INFO - [2026-08-24T14:38:29.435+0000] {dagbag.py:545} INFO - Filling up the DagBag from /home/airflow/.local/lib/python3.12/site-packages/airflow/example_dags/example_python_operator.py
[2026-08-24T14:38:29.455+0000] {processor.py:840} INFO - DAG(s) 'example_python_operator' retrieved from /home/airflow/.local/lib/python3.12/site-packages/airflow/example_dags/example_python_operator.py
[2026-08-24T14:38:29.491+0000] {logging_mixin.py:188} INFO - [2026-08-24T14:38:29.491+0000] {dag.py:3096} INFO - Sync 1 DAGs
[2026-08-24T14:38:29.511+0000] {logging_mixin.py:188} INFO - [2026-08-24T14:38:29.510+0000] {dag.py:3954} INFO - Setting next_dagrun for example_python_operator to None, run_after=None
[2026-08-24T14:38:29.541+0000] {processor.py:183} INFO - Processing /home/airflow/.local/lib/python3.12/site-packages/airflow/example_dags/example_python_operator.py took 0.119 seconds
[2026-08-24T14:38:59.879+0000] {processor.py:161} INFO - Started process (PID=534) to work on /home/airflow/.local/lib/python3.12/site-packages/airflow/example_dags/example_python_operator.py
[2026-08-24T14:38:59.881+0000] {processor.py:830} INFO - Processing file /home/airflow/.local/lib/python3.12/site-packages/airflow/example_dags/example_python_operator.py for tasks to queue
[2026-08-24T14:38:59.885+0000] {logging_mixin.py:188} INFO - [2026-08-24T14:38:59.884+0000] {dagbag.py:545} INFO - Filling up the DagBag from /home/airflow/.local/lib/python3.12/site-packages/airflow/example_dags/example_python_operator.py
[2026-08-24T14:38:59.924+0000] {processor.py:840} INFO - DAG(s) 'example_python_operator' retrieved from /home/airflow/.local/lib/python3.12/site-packages/airflow/example_dags/example_python_operator.py
[2026-08-24T14:39:00.018+0000] {logging_mixin.py:188} INFO - [2026-08-24T14:39:00.018+0000] {dag.py:3096} INFO - Sync 1 DAGs
[2026-08-24T14:39:00.065+0000] {logging_mixin.py:188} INFO - [2026-08-24T14:39:00.065+0000] {dag.py:3954} INFO - Setting next_dagrun for example_python_operator to None, run_after=None
[2026-08-24T14:39:00.103+0000] {processor.py:183} INFO - Processing /home/airflow/.local/lib/python3.12/site-packages/airflow/example_dags/example_python_operator.py took 0.242 seconds
[2026-08-24T14:41:18.003+0000] {processor.py:161} INFO - Started process (PID=119) to work on /home/airflow/.local/lib/python3.12/site-packages/airflow/example_dags/example_python_operator.py
[2026-08-24T14:41:18.005+0000] {processor.py:830} INFO - Processing file /home/airflow/.local/lib/python3.12/site-packages/airflow/example_dags/example_python_operator.py for tasks to queue
[2026-08-24T14:41:18.009+0000] {logging_mixin.py:188} INFO - [2026-08-24T14:41:18.008+0000] {dagbag.py:545} INFO - Filling up the DagBag from /home/airflow/.local/lib/python3.12/site-packages/airflow/example_dags/example_python_operator.py
[2026-08-24T14:41:18.038+0000] {processor.py:840} INFO - DAG(s) 'example_python_operator' retrieved from /home/airflow/.local/lib/python3.12/site-packages/airflow/example_dags/example_python_operator.py
[2026-08-24T14:41:18.209+0000] {logging_mixin.py:188} INFO - [2026-08-24T14:41:18.209+0000] {dag.py:3096} INFO - Sync 1 DAGs
[2026-08-24T14:41:18.223+0000] {logging_mixin.py:188} INFO - [2026-08-24T14:41:18.223+0000] {dag.py:3954} INFO - Setting next_dagrun for example_python_operator to None, run_after=None
[2026-08-24T14:41:18.258+0000] {processor.py:183} INFO - Processing /home/airflow/.local/lib/python3.12/site-packages/airflow/example_dags/example_python_operator.py took 0.266 seconds
[2026-08-24T14:41:48.361+0000] {processor.py:161} INFO - Started process (PID=179) to work on /home/airflow/.local/lib/python3.12/site-packages/airflow/example_dags/example_python_operator.py
[2026-08-24T14:41:48.362+0000] {processor.py:830} INFO - Processing file /home/airflow/.local/lib/python3.12/site-packages/airflow/example_dags/example_python_operator.py for tasks to queue
[2026-08-24T14:41:48.365+0000] {logging_mixin.py:188} INFO - [2026-08-24T14:41:48.364+0000] {dagbag.py:545} INFO - Filling up the DagBag from /home/airflow/.local/lib/python3.12/site-packages/airflow/example_dags/example_python_operator.py
[2026-08-24T14:41:48.379+0000] {processor.py:840} INFO - DAG(s) 'example_python_operator' retrieved from /home/airflow/.local/lib/python3.12/site-packages/airflow/example_dags/example_python_operator.py
[2026-08-24T14:41:48.408+0000] {logging_mixin.py:188} INFO - [2026-08-24T14:41:48.408+0000] {dag.py:3096} INFO - Sync 1 DAGs
[2026-08-24T14:41:48.426+0000] {logging_mixin.py:188} INFO - [2026-08-24T14:41:48.425+0000] {dag.py:3954} INFO - Setting next_dagrun for example_python_operator to None, run_after=None
[2026-08-24T14:41:48.448+0000] {processor.py:183} INFO - Processing /home/airflow/.local/lib/python3.12/site-packages/airflow/example_dags/example_python_operator.py took 0.097 seconds
[2026-08-24T14:42:19.545+0000] {processor.py:161} INFO - Started process (PID=239) to work on /home/airflow/.local/lib/python3.12/site-packages/airflow/example_dags/example_python_operator.py
[2026-08-24T14:42:19.548+0000] {processor.py:830} INFO - Processing file /home/airflow/.local/lib/python3.12/site-packages/airflow/example_dags/example_python_operator.py for tasks to queue
[2026-08-24T14:42:19.552+0000] {logging_mixin.py:188} INFO - [2026-08-24T14:42:19.551+0000] {dagbag.py:545} INFO - Filling up the DagBag from /home/airflow/.local/lib/python3.12/site-packages/airflow/example_dags/example_python_operator.py
[2026-08-24T14:42:19.575+0000] {processor.py:840} INFO - DAG(s) 'example_python_operator' retrieved from /home/airflow/.local/lib/python3.12/site-packages/airflow/example_dags/example_python_operator.py
[2026-08-24T14:42:19.628+0000] {logging_mixin.py:188} INFO - [2026-08-24T14:42:19.627+0000] {dag.py:3096} INFO - Sync 1 DAGs
[2026-08-24T14:42:19.657+0000] {logging_mixin.py:188} INFO - [2026-08-24T14:42:19.656+0000] {dag.py:3954} INFO - Setting next_dagrun for example_python_operator to None, run_after=None
[2026-08-24T14:42:19.688+0000] {processor.py:183} INFO - Processing /home/airflow/.local/lib/python3.12/site-packages/airflow/example_dags/example_python_operator.py took 0.154 seconds
[2026-08-24T14:42:50.618+0000] {processor.py:161} INFO - Started process (PID=298) to work on /home/airflow/.local/lib/python3.12/site-packages/airflow/example_dags/example_python_operator.py
[2026-08-24T14:42:50.619+0000] {processor.py:830} INFO - Processing file /home/airflow/.local/lib/python3.12/site-packages/airflow/example_dags/example_python_operator.py for tasks to queue
[2026-08-24T14:42:50.622+0000] {logging_mixin.py:188} INFO - [2026-08-24T14:42:50.621+0000] {dagbag.py:545} INFO - Filling up the DagBag from /home/airflow/.local/lib/python3.12/site-packages/airflow/example_dags/example_python_operator.py
[2026-08-24T14:42:50.636+0000] {processor.py:840} INFO - DAG(s) 'example_python_operator' retrieved from /home/airflow/.local/lib/python3.12/site-packages/airflow/example_dags/example_python_operator.py
[2026-08-24T14:42:50.665+0000] {logging_mixin.py:188} INFO - [2026-08-24T14:42:50.664+0000] {dag.py:3096} INFO - Sync 1 DAGs
[2026-08-24T14:42:50.681+0000] {logging_mixin.py:188} INFO - [2026-08-24T14:42:50.681+0000] {dag.py:3954} INFO - Setting next_dagrun for example_python_operator to None, run_after=None
[2026-08-24T14:42:50.707+0000] {processor.py:183} INFO - Processing /home/airflow/.local/lib/python3.12/site-packages/airflow/example_dags/example_python_operator.py took 0.097 seconds
[2026-08-24T14:43:20.959+0000] {processor.py:161} INFO - Started process (PID=357) to work on /home/airflow/.local/lib/python3.12/site-packages/airflow/example_dags/example_python_operator.py
[2026-08-24T14:43:20.960+0000] {processor.py:830} INFO - Processing file /home/airflow/.local/lib/python3.12/site-packages/airflow/example_dags/example_python_operator.py for tasks to queue
[2026-08-24T14:43:20.962+0000] {logging_mixin.py:188} INFO - [2026-08-24T14:43:20.962+0000] {dagbag.py:545} INFO - Filling up the DagBag from /home/airflow/.local/lib/python3.12/site-packages/airflow/example_dags/example_python_operator.py
[2026-08-24T14:43:20.978+0000] {processor.py:840} INFO - DAG(s) 'example_python_operator' retrieved from /home/airflow/.local/lib/python3.12/site-packages/airflow/example_dags/example_python_operator.py
[2026-08-24T14:43:21.008+0000] {logging_mixin.py:188} INFO - [2026-08-24T14:43:21.008+0000] {dag.py:3096} INFO - Sync 1 DAGs
[2026-08-24T14:43:21.025+0000] {logging_mixin.py:188} INFO - [2026-08-24T14:43:21.025+0000] {dag.py:3954} INFO - Setting next_dagrun for example_python_operator to None, run_after=None
[2026-08-24T14:43:21.048+0000] {processor.py:183} INFO - Processing /home/airflow/.local/lib/python3.12/site-packages/airflow/example_dags/example_python_operator.py took 0.097 seconds
[2026-08-24T14:43:51.314+0000] {processor.py:161} INFO - Started process (PID=417) to work on /home/airflow/.local/lib/python3.12/site-packages/airflow/example_dags/example_python_operator.py
[2026-08-24T14:43:51.315+0000] {processor.py:830} INFO - Processing file /home/airflow/.local/lib/python3.12/site-packages/airflow/example_dags/example_python_operator.py for tasks to queue
[2026-08-24T14:43:51.318+0000] {logging_mixin.py:188} INFO - [2026-08-24T14:43:51.317+0000] {dagbag.py:545} INFO - Filling up the DagBag from /home/airflow/.local/lib/python3.12/site-packages/airflow/example_dags/example_python_operator.py
[2026-08-24T14:43:51.331+0000] {processor.py:840} INFO - DAG(s) 'example_python_operator' retrieved from /home/airflow/.local/lib/python3.12/site-packages/airflow/example_dags/example_python_operator.py
[2026-08-24T14:43:51.360+0000] {logging_mixin.py:188} INFO - [2026-08-24T14:43:51.359+0000] {dag.py:3096} INFO - Sync 1 DAGs
[2026-08-24T14:43:51.376+0000] {logging_mixin.py:188} INFO - [2026-08-24T14:43:51.376+0000] {dag.py:3954} INFO - Setting next_dagrun for example_python_operator to None, run_after=None
[2026-08-24T14:43:51.400+0000] {processor.py:183} INFO - Processing /home/airflow/.local/lib/python3.12/site-packages/airflow/example_dags/example_python_operator.py took 0.094 seconds
[2026-08-24T14:44:21.900+0000] {processor.py:161} INFO - Started process (PID=477) to work on /home/airflow/.local/lib/python3.12/site-packages/airflow/example_dags/example_python_operator.py
[2026-08-24T14:44:21.901+0000] {processor.py:830} INFO - Processing file /home/airflow/.local/lib/python3.12/site-packages/airflow/example_dags/example_python_operator.py for tasks to queue
[2026-08-24T14:44:21.904+0000] {logging_mixin.py:188} INFO - [2026-08-24T14:44:21.903+0000] {dagbag.py:545} INFO - Filling up the DagBag from /home/airflow/.local/lib/python3.12/site-packages/airflow/example_dags/example_python_operator.py
[2026-08-24T14:44:21.918+0000] {processor.py:840} INFO - DAG(s) 'example_python_operator' retrieved from /home/airflow/.local/lib/python3.12/site-packages/airflow/example_dags/example_python_operator.py
[2026-08-24T14:44:21.952+0000] {logging_mixin.py:188} INFO - [2026-08-24T14:44:21.951+0000] {dag.py:3096} INFO - Sync 1 DAGs
[2026-08-24T14:44:21.969+0000] {logging_mixin.py:188} INFO - [2026-08-24T14:44:21.969+0000] {dag.py:3954} INFO - Setting next_dagrun for example_python_operator to None, run_after=None
[2026-08-24T14:44:21.996+0000] {processor.py:183} INFO - Processing /home/airflow/.local/lib/python3.12/site-packages/airflow/example_dags/example_python_operator.py took 0.104 seconds
[2026-08-24T14:44:52.647+0000] {processor.py:161} INFO - Started process (PID=537) to work on /home/airflow/.local/lib/python3.12/site-packages/airflow/example_dags/example_python_operator.py
[2026-08-24T14:44:52.649+0000] {processor.py:830} INFO - Processing file /home/airflow/.local/lib/python3.12/site-packages/airflow/example_dags/example_python_operator.py for tasks to queue
[2026-08-24T14:44:52.654+0000] {logging_mixin.py:188} INFO - [2026-08-24T14:44:52.653+0000] {dagbag.py:545} INFO - Filling up the DagBag from /home/airflow/.local/lib/python3.12/site-packages/airflow/example_dags/example_python_operator.py
[2026-08-24T14:44:52.678+0000] {processor.py:840} INFO - DAG(s) 'example_python_operator' retrieved from /home/airflow/.local/lib/python3.12/site-packages/airflow/example_dags/example_python_operator.py
[2026-08-24T14:44:52.726+0000] {logging_mixin.py:188} INFO - [2026-08-24T14:44:52.726+0000] {dag.py:3096} INFO - Sync 1 DAGs
[2026-08-24T14:44:52.752+0000] {logging_mixin.py:188} INFO - [2026-08-24T14:44:52.752+0000] {dag.py:3954} INFO - Setting next_dagrun for example_python_operator to None, run_after=None
[2026-08-24T14:44:52.782+0000] {processor.py:183} INFO - Processing /home/airflow/.local/lib/python3.12/site-packages/airflow/example_dags/example_python_operator.py took 0.146 seconds
[2026-08-24T14:49:20.235+0000] {processor.py:161} INFO - Started process (PID=118) to work on /home/airflow/.local/lib/python3.12/site-packages/airflow/example_dags/example_python_operator.py
[2026-08-24T14:49:20.237+0000] {processor.py:830} INFO - Processing file /home/airflow/.local/lib/python3.12/site-packages/airflow/example_dags/example_python_operator.py for tasks to queue
[2026-08-24T14:49:20.240+0000] {logging_mixin.py:188} INFO - [2026-08-24T14:49:20.239+0000] {dagbag.py:545} INFO - Filling up the DagBag from /home/airflow/.local/lib/python3.12/site-packages/airflow/example_dags/example_python_operator.py
[2026-08-24T14:49:20.264+0000] {processor.py:840} INFO - DAG(s) 'example_python_operator' retrieved from /home/airflow/.local/lib/python3.12/site-packages/airflow/example_dags/example_python_operator.py
[2026-08-24T14:49:20.443+0000] {logging_mixin.py:188} INFO - [2026-08-24T14:49:20.443+0000] {dag.py:3096} INFO - Sync 1 DAGs
[2026-08-24T14:49:20.475+0000] {logging_mixin.py:188} INFO - [2026-08-24T14:49:20.474+0000] {dag.py:3954} INFO - Setting next_dagrun for example_python_operator to None, run_after=None
[2026-08-24T14:49:20.521+0000] {processor.py:183} INFO - Processing /home/airflow/.local/lib/python3.12/site-packages/airflow/example_dags/example_python_operator.py took 0.296 seconds
[2026-08-24T14:50:15.893+0000] {processor.py:161} INFO - Started process (PID=98) to work on /home/airflow/.local/lib/python3.12/site-packages/airflow/example_dags/example_python_operator.py
[2026-08-24T14:50:15.895+0000] {processor.py:830} INFO - Processing file /home/airflow/.local/lib/python3.12/site-packages/airflow/example_dags/example_python_operator.py for tasks to queue
[2026-08-24T14:50:15.898+0000] {logging_mixin.py:188} INFO - [2026-08-24T14:50:15.897+0000] {dagbag.py:545} INFO - Filling up the DagBag from /home/airflow/.local/lib/python3.12/site-packages/airflow/example_dags/example_python_operator.py
[2026-08-24T14:50:15.919+0000] {processor.py:840} INFO - DAG(s) 'example_python_operator' retrieved from /home/airflow/.local/lib/python3.12/site-packages/airflow/example_dags/example_python_operator.py
[2026-08-24T14:50:16.066+0000] {logging_mixin.py:188} INFO - [2026-08-24T14:50:16.066+0000] {dag.py:3096} INFO - Sync 1 DAGs
[2026-08-24T14:50:16.081+0000] {logging_mixin.py:188} INFO - [2026-08-24T14:50:16.081+0000] {dag.py:3954} INFO - Setting next_dagrun for example_python_operator to None, run_after=None
[2026-08-24T14:50:16.107+0000] {processor.py:183} INFO - Processing /home/airflow/.local/lib/python3.12/site-packages/airflow/example_dags/example_python_operator.py took 0.223 seconds
[2026-08-24T14:50:47.154+0000] {processor.py:161} INFO - Started process (PID=158) to work on /home/airflow/.local/lib/python3.12/site-packages/airflow/example_dags/example_python_operator.py
[2026-08-24T14:50:47.155+0000] {processor.py:830} INFO - Processing file /home/airflow/.local/lib/python3.12/site-packages/airflow/example_dags/example_python_operator.py for tasks to queue
[2026-08-24T14:50:47.159+0000] {logging_mixin.py:188} INFO - [2026-08-24T14:50:47.158+0000] {dagbag.py:545} INFO - Filling up the DagBag from /home/airflow/.local/lib/python3.12/site-packages/airflow/example_dags/example_python_operator.py
[2026-08-24T14:50:47.175+0000] {processor.py:840} INFO - DAG(s) 'example_python_operator' retrieved from /home/airflow/.local/lib/python3.12/site-packages/airflow/example_dags/example_python_operator.py
[2026-08-24T14:50:47.203+0000] {logging_mixin.py:188} INFO - [2026-08-24T14:50:47.203+0000] {dag.py:3096} INFO - Sync 1 DAGs
[2026-08-24T14:50:47.221+0000] {logging_mixin.py:188} INFO - [2026-08-24T14:50:47.220+0000] {dag.py:3954} INFO - Setting next_dagrun for example_python_operator to None, run_after=None
[2026-08-24T14:50:47.249+0000] {processor.py:183} INFO - Processing /home/airflow/.local/lib/python3.12/site-packages/airflow/example_dags/example_python_operator.py took 0.105 seconds
[2026-08-24T14:51:18.201+0000] {processor.py:161} INFO - Started process (PID=218) to work on /home/airflow/.local/lib/python3.12/site-packages/airflow/example_dags/example_python_operator.py
[2026-08-24T14:51:18.203+0000] {processor.py:830} INFO - Processing file /home/airflow/.local/lib/python3.12/site-packages/airflow/example_dags/example_python_operator.py for tasks to queue
[2026-08-24T14:51:18.205+0000] {logging_mixin.py:188} INFO - [2026-08-24T14:51:18.205+0000] {dagbag.py:545} INFO - Filling up the DagBag from /home/airflow/.local/lib/python3.12/site-packages/airflow/example_dags/example_python_operator.py
[2026-08-24T14:51:18.220+0000] {processor.py:840} INFO - DAG(s) 'example_python_operator' retrieved from /home/airflow/.local/lib/python3.12/site-packages/airflow/example_dags/example_python_operator.py
[2026-08-24T14:51:18.248+0000] {logging_mixin.py:188} INFO - [2026-08-24T14:51:18.248+0000] {dag.py:3096} INFO - Sync 1 DAGs
[2026-08-24T14:51:18.264+0000] {logging_mixin.py:188} INFO - [2026-08-24T14:51:18.264+0000] {dag.py:3954} INFO - Setting next_dagrun for example_python_operator to None, run_after=None
[2026-08-24T14:51:18.287+0000] {processor.py:183} INFO - Processing /home/airflow/.local/lib/python3.12/site-packages/airflow/example_dags/example_python_operator.py took 0.094 seconds
[2026-08-24T14:51:49.339+0000] {processor.py:161} INFO - Started process (PID=278) to work on /home/airflow/.local/lib/python3.12/site-packages/airflow/example_dags/example_python_operator.py
[2026-08-24T14:51:49.341+0000] {processor.py:830} INFO - Processing file /home/airflow/.local/lib/python3.12/site-packages/airflow/example_dags/example_python_operator.py for tasks to queue
[2026-08-24T14:51:49.346+0000] {logging_mixin.py:188} INFO - [2026-08-24T14:51:49.345+0000] {dagbag.py:545} INFO - Filling up the DagBag from /home/airflow/.local/lib/python3.12/site-packages/airflow/example_dags/example_python_operator.py
[2026-08-24T14:51:49.369+0000] {processor.py:840} INFO - DAG(s) 'example_python_operator' retrieved from /home/airflow/.local/lib/python3.12/site-packages/airflow/example_dags/example_python_operator.py
[2026-08-24T14:51:49.415+0000] {logging_mixin.py:188} INFO - [2026-08-24T14:51:49.415+0000] {dag.py:3096} INFO - Sync 1 DAGs
[2026-08-24T14:51:49.440+0000] {logging_mixin.py:188} INFO - [2026-08-24T14:51:49.440+0000] {dag.py:3954} INFO - Setting next_dagrun for example_python_operator to None, run_after=None
[2026-08-24T14:51:49.480+0000] {processor.py:183} INFO - Processing /home/airflow/.local/lib/python3.12/site-packages/airflow/example_dags/example_python_operator.py took 0.157 seconds
[2026-08-24T14:52:20.092+0000] {processor.py:161} INFO - Started process (PID=337) to work on /home/airflow/.local/lib/python3.12/site-packages/airflow/example_dags/example_python_operator.py
[2026-08-24T14:52:20.094+0000] {processor.py:830} INFO - Processing file /home/airflow/.local/lib/python3.12/site-packages/airflow/example_dags/example_python_operator.py for tasks to queue
[2026-08-24T14:52:20.096+0000] {logging_mixin.py:188} INFO - [2026-08-24T14:52:20.096+0000] {dagbag.py:545} INFO - Filling up the DagBag from /home/airflow/.local/lib/python3.12/site-packages/airflow/example_dags/example_python_operator.py
[2026-08-24T14:52:20.113+0000] {processor.py:840} INFO - DAG(s) 'example_python_operator' retrieved from /home/airflow/.local/lib/python3.12/site-packages/airflow/example_dags/example_python_operator.py
[2026-08-24T14:52:20.157+0000] {logging_mixin.py:188} INFO - [2026-08-24T14:52:20.156+0000] {dag.py:3096} INFO - Sync 1 DAGs
[2026-08-24T14:52:20.182+0000] {logging_mixin.py:188} INFO - [2026-08-24T14:52:20.182+0000] {dag.py:3954} INFO - Setting next_dagrun for example_python_operator to None, run_after=None
[2026-08-24T14:52:20.231+0000] {processor.py:183} INFO - Processing /home/airflow/.local/lib/python3.12/site-packages/airflow/example_dags/example_python_operator.py took 0.155 seconds
[2026-08-24T14:52:51.088+0000] {processor.py:161} INFO - Started process (PID=397) to work on /home/airflow/.local/lib/python3.12/site-packages/airflow/example_dags/example_python_operator.py
[2026-08-24T14:52:51.089+0000] {processor.py:830} INFO - Processing file /home/airflow/.local/lib/python3.12/site-packages/airflow/example_dags/example_python_operator.py for tasks to queue
[2026-08-24T14:52:51.092+0000] {logging_mixin.py:188} INFO - [2026-08-24T14:52:51.091+0000] {dagbag.py:545} INFO - Filling up the DagBag from /home/airflow/.local/lib/python3.12/site-packages/airflow/example_dags/example_python_operator.py
[2026-08-24T14:52:51.104+0000] {processor.py:840} INFO - DAG(s) 'example_python_operator' retrieved from /home/airflow/.local/lib/python3.12/site-packages/airflow/example_dags/example_python_operator.py
[2026-08-24T14:52:51.132+0000] {logging_mixin.py:188} INFO - [2026-08-24T14:52:51.132+0000] {dag.py:3096} INFO - Sync 1 DAGs
[2026-08-24T14:52:51.147+0000] {logging_mixin.py:188} INFO - [2026-08-24T14:52:51.147+0000] {dag.py:3954} INFO - Setting next_dagrun for example_python_operator to None, run_after=None
[2026-08-24T14:52:51.173+0000] {processor.py:183} INFO - Processing /home/airflow/.local/lib/python3.12/site-packages/airflow/example_dags/example_python_operator.py took 0.093 seconds
[2026-08-24T14:53:21.754+0000] {processor.py:161} INFO - Started process (PID=456) to work on /home/airflow/.local/lib/python3.12/site-packages/airflow/example_dags/example_python_operator.py
[2026-08-24T14:53:21.756+0000] {processor.py:830} INFO - Processing file /home/airflow/.local/lib/python3.12/site-packages/airflow/example_dags/example_python_operator.py for tasks to queue
[2026-08-24T14:53:21.759+0000] {logging_mixin.py:188} INFO - [2026-08-24T14:53:21.759+0000] {dagbag.py:545} INFO - Filling up the DagBag from /home/airflow/.local/lib/python3.12/site-packages/airflow/example_dags/example_python_operator.py
[2026-08-24T14:53:21.771+0000] {processor.py:840} INFO - DAG(s) 'example_python_operator' retrieved from /home/airflow/.local/lib/python3.12/site-packages/airflow/example_dags/example_python_operator.py
[2026-08-24T14:53:21.802+0000] {logging_mixin.py:188} INFO - [2026-08-24T14:53:21.801+0000] {dag.py:3096} INFO - Sync 1 DAGs
[2026-08-24T14:53:21.818+0000] {logging_mixin.py:188} INFO - [2026-08-24T14:53:21.818+0000] {dag.py:3954} INFO - Setting next_dagrun for example_python_operator to None, run_after=None
[2026-08-24T14:53:21.846+0000] {processor.py:183} INFO - Processing /home/airflow/.local/lib/python3.12/site-packages/airflow/example_dags/example_python_operator.py took 0.098 seconds
[2026-08-24T14:53:52.056+0000] {processor.py:161} INFO - Started process (PID=516) to work on /home/airflow/.local/lib/python3.12/site-packages/airflow/example_dags/example_python_operator.py
[2026-08-24T14:53:52.057+0000] {processor.py:830} INFO - Processing file /home/airflow/.local/lib/python3.12/site-packages/airflow/example_dags/example_python_operator.py for tasks to queue
[2026-08-24T14:53:52.060+0000] {logging_mixin.py:188} INFO - [2026-08-24T14:53:52.059+0000] {dagbag.py:545} INFO - Filling up the DagBag from /home/airflow/.local/lib/python3.12/site-packages/airflow/example_dags/example_python_operator.py
[2026-08-24T14:53:52.072+0000] {processor.py:840} INFO - DAG(s) 'example_python_operator' retrieved from /home/airflow/.local/lib/python3.12/site-packages/airflow/example_dags/example_python_operator.py
[2026-08-24T14:53:52.099+0000] {logging_mixin.py:188} INFO - [2026-08-24T14:53:52.098+0000] {dag.py:3096} INFO - Sync 1 DAGs
[2026-08-24T14:53:52.115+0000] {logging_mixin.py:188} INFO - [2026-08-24T14:53:52.115+0000] {dag.py:3954} INFO - Setting next_dagrun for example_python_operator to None, run_after=None
[2026-08-24T14:53:52.138+0000] {processor.py:183} INFO - Processing /home/airflow/.local/lib/python3.12/site-packages/airflow/example_dags/example_python_operator.py took 0.089 seconds
[2026-08-24T14:54:22.386+0000] {processor.py:161} INFO - Started process (PID=576) to work on /home/airflow/.local/lib/python3.12/site-packages/airflow/example_dags/example_python_operator.py
[2026-08-24T14:54:22.387+0000] {processor.py:830} INFO - Processing file /home/airflow/.local/lib/python3.12/site-packages/airflow/example_dags/example_python_operator.py for tasks to queue
[2026-08-24T14:54:22.390+0000] {logging_mixin.py:188} INFO - [2026-08-24T14:54:22.389+0000] {dagbag.py:545} INFO - Filling up the DagBag from /home/airflow/.local/lib/python3.12/site-packages/airflow/example_dags/example_python_operator.py
[2026-08-24T14:54:22.403+0000] {processor.py:840} INFO - DAG(s) 'example_python_operator' retrieved from /home/airflow/.local/lib/python3.12/site-packages/airflow/example_dags/example_python_operator.py
[2026-08-24T14:54:22.431+0000] {logging_mixin.py:188} INFO - [2026-08-24T14:54:22.431+0000] {dag.py:3096} INFO - Sync 1 DAGs
[2026-08-24T14:54:22.452+0000] {logging_mixin.py:188} INFO - [2026-08-24T14:54:22.452+0000] {dag.py:3954} INFO - Setting next_dagrun for example_python_operator to None, run_after=None
[2026-08-24T14:54:22.476+0000] {processor.py:183} INFO - Processing /home/airflow/.local/lib/python3.12/site-packages/airflow/example_dags/example_python_operator.py took 0.098 seconds
[2026-08-24T14:54:52.569+0000] {processor.py:161} INFO - Started process (PID=636) to work on /home/airflow/.local/lib/python3.12/site-packages/airflow/example_dags/example_python_operator.py
[2026-08-24T14:54:52.570+0000] {processor.py:830} INFO - Processing file /home/airflow/.local/lib/python3.12/site-packages/airflow/example_dags/example_python_operator.py for tasks to queue
[2026-08-24T14:54:52.573+0000] {logging_mixin.py:188} INFO - [2026-08-24T14:54:52.573+0000] {dagbag.py:545} INFO - Filling up the DagBag from /home/airflow/.local/lib/python3.12/site-packages/airflow/example_dags/example_python_operator.py
[2026-08-24T14:54:52.586+0000] {processor.py:840} INFO - DAG(s) 'example_python_operator' retrieved from /home/airflow/.local/lib/python3.12/site-packages/airflow/example_dags/example_python_operator.py
[2026-08-24T14:54:52.614+0000] {logging_mixin.py:188} INFO - [2026-08-24T14:54:52.614+0000] {dag.py:3096} INFO - Sync 1 DAGs
[2026-08-24T14:54:52.630+0000] {logging_mixin.py:188} INFO - [2026-08-24T14:54:52.630+0000] {dag.py:3954} INFO - Setting next_dagrun for example_python_operator to None, run_after=None
[2026-08-24T14:54:52.656+0000] {processor.py:183} INFO - Processing /home/airflow/.local/lib/python3.12/site-packages/airflow/example_dags/example_python_operator.py took 0.095 seconds
[2026-08-24T14:55:23.083+0000] {processor.py:161} INFO - Started process (PID=696) to work on /home/airflow/.local/lib/python3.12/site-packages/airflow/example_dags/example_python_operator.py
[2026-08-24T14:55:23.084+0000] {processor.py:830} INFO - Processing file /home/airflow/.local/lib/python3.12/site-packages/airflow/example_dags/example_python_operator.py for tasks to queue
[2026-08-24T14:55:23.088+0000] {logging_mixin.py:188} INFO - [2026-08-24T14:55:23.087+0000] {dagbag.py:545} INFO - Filling up the DagBag from /home/airflow/.local/lib/python3.12/site-packages/airflow/example_dags/example_python_operator.py
[2026-08-24T14:55:23.101+0000] {processor.py:840} INFO - DAG(s) 'example_python_operator' retrieved from /home/airflow/.local/lib/python3.12/site-packages/airflow/example_dags/example_python_operator.py
[2026-08-24T14:55:23.128+0000] {logging_mixin.py:188} INFO - [2026-08-24T14:55:23.128+0000] {dag.py:3096} INFO - Sync 1 DAGs
[2026-08-24T14:55:23.147+0000] {logging_mixin.py:188} INFO - [2026-08-24T14:55:23.147+0000] {dag.py:3954} INFO - Setting next_dagrun for example_python_operator to None, run_after=None
[2026-08-24T14:55:23.172+0000] {processor.py:183} INFO - Processing /home/airflow/.local/lib/python3.12/site-packages/airflow/example_dags/example_python_operator.py took 0.096 seconds
[2026-08-24T14:55:53.611+0000] {processor.py:161} INFO - Started process (PID=756) to work on /home/airflow/.local/lib/python3.12/site-packages/airflow/example_dags/example_python_operator.py
[2026-08-24T14:55:53.612+0000] {processor.py:830} INFO - Processing file /home/airflow/.local/lib/python3.12/site-packages/airflow/example_dags/example_python_operator.py for tasks to queue
[2026-08-24T14:55:53.614+0000] {logging_mixin.py:188} INFO - [2026-08-24T14:55:53.614+0000] {dagbag.py:545} INFO - Filling up the DagBag from /home/airflow/.local/lib/python3.12/site-packages/airflow/example_dags/example_python_operator.py
[2026-08-24T14:55:53.626+0000] {processor.py:840} INFO - DAG(s) 'example_python_operator' retrieved from /home/airflow/.local/lib/python3.12/site-packages/airflow/example_dags/example_python_operator.py
[2026-08-24T14:55:53.654+0000] {logging_mixin.py:188} INFO - [2026-08-24T14:55:53.653+0000] {dag.py:3096} INFO - Sync 1 DAGs
[2026-08-24T14:55:53.671+0000] {logging_mixin.py:188} INFO - [2026-08-24T14:55:53.670+0000] {dag.py:3954} INFO - Setting next_dagrun for example_python_operator to None, run_after=None
[2026-08-24T14:55:53.708+0000] {processor.py:183} INFO - Processing /home/airflow/.local/lib/python3.12/site-packages/airflow/example_dags/example_python_operator.py took 0.104 seconds
