[2026-08-24T13:51:04.931+0000] {processor.py:161} INFO - Started process (PID=114) to work on /home/airflow/.local/lib/python3.12/site-packages/airflow/example_dags/example_setup_teardown_taskflow.py
[2026-08-24T13:51:04.933+0000] {processor.py:830} INFO - Processing file /home/airflow/.local/lib/python3.12/site-packages/airflow/example_dags/example_setup_teardown_taskflow.py for tasks to queue
[2026-08-24T13:51:04.935+0000] {logging_mixin.py:188} INFO - [2026-08-24T13:51:04.935+0000] {dagbag.py:545} INFO - Filling up the DagBag from /home/airflow/.local/lib/python3.12/site-packages/airflow/example_dags/example_setup_teardown_taskflow.py
[2026-08-24T13:51:04.950+0000] {processor.py:840} INFO - DAG(s) 'example_setup_teardown_taskflow' retrieved from /home/airflow/.local/lib/python3.12/site-packages/airflow/example_dags/example_setup_teardown_taskflow.py
[2026-08-24T13:51:05.124+0000] {logging_mixin.py:188} INFO - [2026-08-24T13:51:05.124+0000] {dag.py:3096} INFO - Sync 1 DAGs
[2026-08-24T13:51:05.157+0000] {logging_mixin.py:188} INFO - [2026-08-24T13:51:05.157+0000] {dag.py:3954} INFO - Setting next_dagrun for example_setup_teardown_taskflow to 2026-08-23 00:00:00+00:00, run_after=2026-08-24 00:00:00+00:00
[2026-08-24T13:51:05.263+0000] {processor.py:183} INFO - Processing /home/airflow/.local/lib/python3.12/site-packages/airflow/example_dags/example_setup_teardown_taskflow.py took 0.343 seconds
[2026-08-24T13:51:44.148+0000] {processor.py:161} INFO - Started process (PID=95) to work on /home/airflow/.local/lib/python3.12/site-packages/airflow/example_dags/example_setup_teardown_taskflow.py
[2026-08-24T13:51:44.149+0000] {processor.py:830} INFO - Processing file /home/airflow/.local/lib/python3.12/site-packages/airflow/example_dags/example_setup_teardown_taskflow.py for tasks to queue
[2026-08-24T13:51:44.152+0000] {logging_mixin.py:188} INFO - [2026-08-24T13:51:44.151+0000] {dagbag.py:545} INFO - Filling up the DagBag from /home/airflow/.local/lib/python3.12/site-packages/airflow/example_dags/example_setup_teardown_taskflow.py
[2026-08-24T13:51:44.164+0000] {processor.py:840} INFO - DAG(s) 'example_setup_teardown_taskflow' retrieved from /home/airflow/.local/lib/python3.12/site-packages/airflow/example_dags/example_setup_teardown_taskflow.py
[2026-08-24T13:51:44.192+0000] {logging_mixin.py:188} INFO - [2026-08-24T13:51:44.192+0000] {dag.py:3096} INFO - Sync 1 DAGs
[2026-08-24T13:51:44.221+0000] {logging_mixin.py:188} INFO - [2026-08-24T13:51:44.221+0000] {dag.py:3954} INFO - Setting next_dagrun for example_setup_teardown_taskflow to 2026-08-23 00:00:00+00:00, run_after=2026-08-24 00:00:00+00:00
[2026-08-24T13:51:44.245+0000] {processor.py:183} INFO - Processing /home/airflow/.local/lib/python3.12/site-packages/airflow/example_dags/example_setup_teardown_taskflow.py took 0.104 seconds
[2026-08-24T13:52:14.804+0000] {processor.py:161} INFO - Started process (PID=160) to work on /home/airflow/.local/lib/python3.12/site-packages/airflow/example_dags/example_setup_teardown_taskflow.py
[2026-08-24T13:52:14.806+0000] {processor.py:830} INFO - Processing file /home/airflow/.local/lib/python3.12/site-packages/airflow/example_dags/example_setup_teardown_taskflow.py for tasks to queue
[2026-08-24T13:52:14.809+0000] {logging_mixin.py:188} INFO - [2026-08-24T13:52:14.808+0000] {dagbag.py:545} INFO - Filling up the DagBag from /home/airflow/.local/lib/python3.12/site-packages/airflow/example_dags/example_setup_teardown_taskflow.py
[2026-08-24T13:52:14.821+0000] {processor.py:840} INFO - DAG(s) 'example_setup_teardown_taskflow' retrieved from /home/airflow/.local/lib/python3.12/site-packages/airflow/example_dags/example_setup_teardown_taskflow.py
[2026-08-24T13:52:14.852+0000] {logging_mixin.py:188} INFO - [2026-08-24T13:52:14.852+0000] {dag.py:3096} INFO - Sync 1 DAGs
[2026-08-24T13:52:14.885+0000] {logging_mixin.py:188} INFO - [2026-08-24T13:52:14.885+0000] {dag.py:3954} INFO - Setting next_dagrun for example_setup_teardown_taskflow to 2026-08-23 00:00:00+00:00, run_after=2026-08-24 00:00:00+00:00
[2026-08-24T13:52:14.909+0000] {processor.py:183} INFO - Processing /home/airflow/.local/lib/python3.12/site-packages/airflow/example_dags/example_setup_teardown_taskflow.py took 0.114 seconds
[2026-08-24T13:52:45.350+0000] {processor.py:161} INFO - Started process (PID=219) to work on /home/airflow/.local/lib/python3.12/site-packages/airflow/example_dags/example_setup_teardown_taskflow.py
[2026-08-24T13:52:45.351+0000] {processor.py:830} INFO - Processing file /home/airflow/.local/lib/python3.12/site-packages/airflow/example_dags/example_setup_teardown_taskflow.py for tasks to queue
[2026-08-24T13:52:45.354+0000] {logging_mixin.py:188} INFO - [2026-08-24T13:52:45.354+0000] {dagbag.py:545} INFO - Filling up the DagBag from /home/airflow/.local/lib/python3.12/site-packages/airflow/example_dags/example_setup_teardown_taskflow.py
[2026-08-24T13:52:45.366+0000] {processor.py:840} INFO - DAG(s) 'example_setup_teardown_taskflow' retrieved from /home/airflow/.local/lib/python3.12/site-packages/airflow/example_dags/example_setup_teardown_taskflow.py
[2026-08-24T13:52:45.394+0000] {logging_mixin.py:188} INFO - [2026-08-24T13:52:45.394+0000] {dag.py:3096} INFO - Sync 1 DAGs
[2026-08-24T13:52:45.422+0000] {logging_mixin.py:188} INFO - [2026-08-24T13:52:45.422+0000] {dag.py:3954} INFO - Setting next_dagrun for example_setup_teardown_taskflow to 2026-08-23 00:00:00+00:00, run_after=2026-08-24 00:00:00+00:00
[2026-08-24T13:52:45.445+0000] {processor.py:183} INFO - Processing /home/airflow/.local/lib/python3.12/site-packages/airflow/example_dags/example_setup_teardown_taskflow.py took 0.103 seconds
[2026-08-24T13:53:16.166+0000] {processor.py:161} INFO - Started process (PID=278) to work on /home/airflow/.local/lib/python3.12/site-packages/airflow/example_dags/example_setup_teardown_taskflow.py
[2026-08-24T13:53:16.167+0000] {processor.py:830} INFO - Processing file /home/airflow/.local/lib/python3.12/site-packages/airflow/example_dags/example_setup_teardown_taskflow.py for tasks to queue
[2026-08-24T13:53:16.170+0000] {logging_mixin.py:188} INFO - [2026-08-24T13:53:16.170+0000] {dagbag.py:545} INFO - Filling up the DagBag from /home/airflow/.local/lib/python3.12/site-packages/airflow/example_dags/example_setup_teardown_taskflow.py
[2026-08-24T13:53:16.187+0000] {processor.py:840} INFO - DAG(s) 'example_setup_teardown_taskflow' retrieved from /home/airflow/.local/lib/python3.12/site-packages/airflow/example_dags/example_setup_teardown_taskflow.py
[2026-08-24T13:53:16.218+0000] {logging_mixin.py:188} INFO - [2026-08-24T13:53:16.217+0000] {dag.py:3096} INFO - Sync 1 DAGs
[2026-08-24T13:53:16.245+0000] {logging_mixin.py:188} INFO - [2026-08-24T13:53:16.245+0000] {dag.py:3954} INFO - Setting next_dagrun for example_setup_teardown_taskflow to 2026-08-23 00:00:00+00:00, run_after=2026-08-24 00:00:00+00:00
[2026-08-24T13:53:16.268+0000] {processor.py:183} INFO - Processing /home/airflow/.local/lib/python3.12/site-packages/airflow/example_dags/example_setup_teardown_taskflow.py took 0.110 seconds
[2026-08-24T13:53:46.962+0000] {processor.py:161} INFO - Started process (PID=337) to work on /home/airflow/.local/lib/python3.12/site-packages/airflow/example_dags/example_setup_teardown_taskflow.py
[2026-08-24T13:53:46.963+0000] {processor.py:830} INFO - Processing file /home/airflow/.local/lib/python3.12/site-packages/airflow/example_dags/example_setup_teardown_taskflow.py for tasks to queue
[2026-08-24T13:53:46.966+0000] {logging_mixin.py:188} INFO - [2026-08-24T13:53:46.965+0000] {dagbag.py:545} INFO - Filling up the DagBag from /home/airflow/.local/lib/python3.12/site-packages/airflow/example_dags/example_setup_teardown_taskflow.py
[2026-08-24T13:53:46.977+0000] {processor.py:840} INFO - DAG(s) 'example_setup_teardown_taskflow' retrieved from /home/airflow/.local/lib/python3.12/site-packages/airflow/example_dags/example_setup_teardown_taskflow.py
[2026-08-24T13:53:47.003+0000] {logging_mixin.py:188} INFO - [2026-08-24T13:53:47.003+0000] {dag.py:3096} INFO - Sync 1 DAGs
[2026-08-24T13:53:47.029+0000] {logging_mixin.py:188} INFO - [2026-08-24T13:53:47.029+0000] {dag.py:3954} INFO - Setting next_dagrun for example_setup_teardown_taskflow to 2026-08-23 00:00:00+00:00, run_after=2026-08-24 00:00:00+00:00
[2026-08-24T13:53:47.055+0000] {processor.py:183} INFO - Processing /home/airflow/.local/lib/python3.12/site-packages/airflow/example_dags/example_setup_teardown_taskflow.py took 0.100 seconds
[2026-08-24T13:54:17.399+0000] {processor.py:161} INFO - Started process (PID=396) to work on /home/airflow/.local/lib/python3.12/site-packages/airflow/example_dags/example_setup_teardown_taskflow.py
[2026-08-24T13:54:17.400+0000] {processor.py:830} INFO - Processing file /home/airflow/.local/lib/python3.12/site-packages/airflow/example_dags/example_setup_teardown_taskflow.py for tasks to queue
[2026-08-24T13:54:17.403+0000] {logging_mixin.py:188} INFO - [2026-08-24T13:54:17.402+0000] {dagbag.py:545} INFO - Filling up the DagBag from /home/airflow/.local/lib/python3.12/site-packages/airflow/example_dags/example_setup_teardown_taskflow.py
[2026-08-24T13:54:17.415+0000] {processor.py:840} INFO - DAG(s) 'example_setup_teardown_taskflow' retrieved from /home/airflow/.local/lib/python3.12/site-packages/airflow/example_dags/example_setup_teardown_taskflow.py
[2026-08-24T13:54:17.442+0000] {logging_mixin.py:188} INFO - [2026-08-24T13:54:17.442+0000] {dag.py:3096} INFO - Sync 1 DAGs
[2026-08-24T13:54:17.475+0000] {logging_mixin.py:188} INFO - [2026-08-24T13:54:17.475+0000] {dag.py:3954} INFO - Setting next_dagrun for example_setup_teardown_taskflow to 2026-08-23 00:00:00+00:00, run_after=2026-08-24 00:00:00+00:00
[2026-08-24T13:54:17.500+0000] {processor.py:183} INFO - Processing /home/airflow/.local/lib/python3.12/site-packages/airflow/example_dags/example_setup_teardown_taskflow.py took 0.109 seconds
[2026-08-24T13:54:48.286+0000] {processor.py:161} INFO - Started process (PID=455) to work on /home/airflow/.local/lib/python3.12/site-packages/airflow/example_dags/example_setup_teardown_taskflow.py
[2026-08-24T13:54:48.288+0000] {processor.py:830} INFO - Processing file /home/airflow/.local/lib/python3.12/site-packages/airflow/example_dags/example_setup_teardown_taskflow.py for tasks to queue
[2026-08-24T13:54:48.290+0000] {logging_mixin.py:188} INFO - [2026-08-24T13:54:48.290+0000] {dagbag.py:545} INFO - Filling up the DagBag from /home/airflow/.local/lib/python3.12/site-packages/airflow/example_dags/example_setup_teardown_taskflow.py
[2026-08-24T13:54:48.301+0000] {processor.py:840} INFO - DAG(s) 'example_setup_teardown_taskflow' retrieved from /home/airflow/.local/lib/python3.12/site-packages/airflow/example_dags/example_setup_teardown_taskflow.py
[2026-08-24T13:54:48.317+0000] {logging_mixin.py:188} INFO - [2026-08-24T13:54:48.316+0000] {dag.py:3096} INFO - Sync 1 DAGs
[2026-08-24T13:54:48.347+0000] {logging_mixin.py:188} INFO - [2026-08-24T13:54:48.346+0000] {dag.py:3954} INFO - Setting next_dagrun for example_setup_teardown_taskflow to 2026-08-23 00:00:00+00:00, run_after=2026-08-24 00:00:00+00:00
[2026-08-24T13:54:48.375+0000] {processor.py:183} INFO - Processing /home/airflow/.local/lib/python3.12/site-packages/airflow/example_dags/example_setup_teardown_taskflow.py took 0.096 seconds
[2026-08-24T13:55:23.976+0000] {processor.py:161} INFO - Started process (PID=514) to work on /home/airflow/.local/lib/python3.12/site-packages/airflow/example_dags/example_setup_teardown_taskflow.py
[2026-08-24T13:55:23.978+0000] {processor.py:830} INFO - Processing file /home/airflow/.local/lib/python3.12/site-packages/airflow/example_dags/example_setup_teardown_taskflow.py for tasks to queue
[2026-08-24T13:55:23.981+0000] {logging_mixin.py:188} INFO - [2026-08-24T13:55:23.980+0000] {dagbag.py:545} INFO - Filling up the DagBag from /home/airflow/.local/lib/python3.12/site-packages/airflow/example_dags/example_setup_teardown_taskflow.py
[2026-08-24T13:55:23.997+0000] {processor.py:840} INFO - DAG(s) 'example_setup_teardown_taskflow' retrieved from /home/airflow/.local/lib/python3.12/site-packages/airflow/example_dags/example_setup_teardown_taskflow.py
[2026-08-24T13:55:24.170+0000] {logging_mixin.py:188} INFO - [2026-08-24T13:55:24.170+0000] {dag.py:3096} INFO - Sync 1 DAGs
[2026-08-24T13:55:24.199+0000] {logging_mixin.py:188} INFO - [2026-08-24T13:55:24.198+0000] {dag.py:3954} INFO - Setting next_dagrun for example_setup_teardown_taskflow to 2026-08-23 00:00:00+00:00, run_after=2026-08-24 00:00:00+00:00
[2026-08-24T13:55:24.225+0000] {processor.py:183} INFO - Processing /home/airflow/.local/lib/python3.12/site-packages/airflow/example_dags/example_setup_teardown_taskflow.py took 0.262 seconds
[2026-08-24T13:55:54.470+0000] {processor.py:161} INFO - Started process (PID=573) to work on /home/airflow/.local/lib/python3.12/site-packages/airflow/example_dags/example_setup_teardown_taskflow.py
[2026-08-24T13:55:54.472+0000] {processor.py:830} INFO - Processing file /home/airflow/.local/lib/python3.12/site-packages/airflow/example_dags/example_setup_teardown_taskflow.py for tasks to queue
[2026-08-24T13:55:54.474+0000] {logging_mixin.py:188} INFO - [2026-08-24T13:55:54.474+0000] {dagbag.py:545} INFO - Filling up the DagBag from /home/airflow/.local/lib/python3.12/site-packages/airflow/example_dags/example_setup_teardown_taskflow.py
[2026-08-24T13:55:54.489+0000] {processor.py:840} INFO - DAG(s) 'example_setup_teardown_taskflow' retrieved from /home/airflow/.local/lib/python3.12/site-packages/airflow/example_dags/example_setup_teardown_taskflow.py
[2026-08-24T13:55:54.524+0000] {logging_mixin.py:188} INFO - [2026-08-24T13:55:54.524+0000] {dag.py:3096} INFO - Sync 1 DAGs
[2026-08-24T13:55:54.564+0000] {logging_mixin.py:188} INFO - [2026-08-24T13:55:54.563+0000] {dag.py:3954} INFO - Setting next_dagrun for example_setup_teardown_taskflow to 2026-08-23 00:00:00+00:00, run_after=2026-08-24 00:00:00+00:00
[2026-08-24T13:55:54.601+0000] {processor.py:183} INFO - Processing /home/airflow/.local/lib/python3.12/site-packages/airflow/example_dags/example_setup_teardown_taskflow.py took 0.141 seconds
[2026-08-24T13:56:24.715+0000] {processor.py:161} INFO - Started process (PID=632) to work on /home/airflow/.local/lib/python3.12/site-packages/airflow/example_dags/example_setup_teardown_taskflow.py
[2026-08-24T13:56:24.717+0000] {processor.py:830} INFO - Processing file /home/airflow/.local/lib/python3.12/site-packages/airflow/example_dags/example_setup_teardown_taskflow.py for tasks to queue
[2026-08-24T13:56:24.720+0000] {logging_mixin.py:188} INFO - [2026-08-24T13:56:24.719+0000] {dagbag.py:545} INFO - Filling up the DagBag from /home/airflow/.local/lib/python3.12/site-packages/airflow/example_dags/example_setup_teardown_taskflow.py
[2026-08-24T13:56:24.732+0000] {processor.py:840} INFO - DAG(s) 'example_setup_teardown_taskflow' retrieved from /home/airflow/.local/lib/python3.12/site-packages/airflow/example_dags/example_setup_teardown_taskflow.py
[2026-08-24T13:56:24.760+0000] {logging_mixin.py:188} INFO - [2026-08-24T13:56:24.759+0000] {dag.py:3096} INFO - Sync 1 DAGs
[2026-08-24T13:56:24.793+0000] {logging_mixin.py:188} INFO - [2026-08-24T13:56:24.793+0000] {dag.py:3954} INFO - Setting next_dagrun for example_setup_teardown_taskflow to 2026-08-23 00:00:00+00:00, run_after=2026-08-24 00:00:00+00:00
[2026-08-24T13:56:24.820+0000] {processor.py:183} INFO - Processing /home/airflow/.local/lib/python3.12/site-packages/airflow/example_dags/example_setup_teardown_taskflow.py took 0.114 seconds
[2026-08-24T13:56:55.180+0000] {processor.py:161} INFO - Started process (PID=691) to work on /home/airflow/.local/lib/python3.12/site-packages/airflow/example_dags/example_setup_teardown_taskflow.py
[2026-08-24T13:56:55.181+0000] {processor.py:830} INFO - Processing file /home/airflow/.local/lib/python3.12/site-packages/airflow/example_dags/example_setup_teardown_taskflow.py for tasks to queue
[2026-08-24T13:56:55.185+0000] {logging_mixin.py:188} INFO - [2026-08-24T13:56:55.184+0000] {dagbag.py:545} INFO - Filling up the DagBag from /home/airflow/.local/lib/python3.12/site-packages/airflow/example_dags/example_setup_teardown_taskflow.py
[2026-08-24T13:56:55.199+0000] {processor.py:840} INFO - DAG(s) 'example_setup_teardown_taskflow' retrieved from /home/airflow/.local/lib/python3.12/site-packages/airflow/example_dags/example_setup_teardown_taskflow.py
[2026-08-24T13:56:55.235+0000] {logging_mixin.py:188} INFO - [2026-08-24T13:56:55.235+0000] {dag.py:3096} INFO - Sync 1 DAGs
[2026-08-24T13:56:55.266+0000] {logging_mixin.py:188} INFO - [2026-08-24T13:56:55.266+0000] {dag.py:3954} INFO - Setting next_dagrun for example_setup_teardown_taskflow to 2026-08-23 00:00:00+00:00, run_after=2026-08-24 00:00:00+00:00
[2026-08-24T13:56:55.294+0000] {processor.py:183} INFO - Processing /home/airflow/.local/lib/python3.12/site-packages/airflow/example_dags/example_setup_teardown_taskflow.py took 0.124 seconds
[2026-08-24T13:57:25.718+0000] {processor.py:161} INFO - Started process (PID=751) to work on /home/airflow/.local/lib/python3.12/site-packages/airflow/example_dags/example_setup_teardown_taskflow.py
[2026-08-24T13:57:25.720+0000] {processor.py:830} INFO - Processing file /home/airflow/.local/lib/python3.12/site-packages/airflow/example_dags/example_setup_teardown_taskflow.py for tasks to queue
[2026-08-24T13:57:25.723+0000] {logging_mixin.py:188} INFO - [2026-08-24T13:57:25.722+0000] {dagbag.py:545} INFO - Filling up the DagBag from /home/airflow/.local/lib/python3.12/site-packages/airflow/example_dags/example_setup_teardown_taskflow.py
[2026-08-24T13:57:25.735+0000] {processor.py:840} INFO - DAG(s) 'example_setup_teardown_taskflow' retrieved from /home/airflow/.local/lib/python3.12/site-packages/airflow/example_dags/example_setup_teardown_taskflow.py
[2026-08-24T13:57:25.767+0000] {logging_mixin.py:188} INFO - [2026-08-24T13:57:25.767+0000] {dag.py:3096} INFO - Sync 1 DAGs
[2026-08-24T13:57:25.802+0000] {logging_mixin.py:188} INFO - [2026-08-24T13:57:25.802+0000] {dag.py:3954} INFO - Setting next_dagrun for example_setup_teardown_taskflow to 2026-08-23 00:00:00+00:00, run_after=2026-08-24 00:00:00+00:00
[2026-08-24T13:57:25.836+0000] {processor.py:183} INFO - Processing /home/airflow/.local/lib/python3.12/site-packages/airflow/example_dags/example_setup_teardown_taskflow.py took 0.125 seconds
[2026-08-24T13:57:56.674+0000] {processor.py:161} INFO - Started process (PID=810) to work on /home/airflow/.local/lib/python3.12/site-packages/airflow/example_dags/example_setup_teardown_taskflow.py
[2026-08-24T13:57:56.676+0000] {processor.py:830} INFO - Processing file /home/airflow/.local/lib/python3.12/site-packages/airflow/example_dags/example_setup_teardown_taskflow.py for tasks to queue
[2026-08-24T13:57:56.678+0000] {logging_mixin.py:188} INFO - [2026-08-24T13:57:56.678+0000] {dagbag.py:545} INFO - Filling up the DagBag from /home/airflow/.local/lib/python3.12/site-packages/airflow/example_dags/example_setup_teardown_taskflow.py
[2026-08-24T13:57:56.690+0000] {processor.py:840} INFO - DAG(s) 'example_setup_teardown_taskflow' retrieved from /home/airflow/.local/lib/python3.12/site-packages/airflow/example_dags/example_setup_teardown_taskflow.py
[2026-08-24T13:57:56.717+0000] {logging_mixin.py:188} INFO - [2026-08-24T13:57:56.717+0000] {dag.py:3096} INFO - Sync 1 DAGs
[2026-08-24T13:57:56.745+0000] {logging_mixin.py:188} INFO - [2026-08-24T13:57:56.745+0000] {dag.py:3954} INFO - Setting next_dagrun for example_setup_teardown_taskflow to 2026-08-23 00:00:00+00:00, run_after=2026-08-24 00:00:00+00:00
[2026-08-24T13:57:56.771+0000] {processor.py:183} INFO - Processing /home/airflow/.local/lib/python3.12/site-packages/airflow/example_dags/example_setup_teardown_taskflow.py took 0.106 seconds
[2026-08-24T13:58:26.981+0000] {processor.py:161} INFO - Started process (PID=870) to work on /home/airflow/.local/lib/python3.12/site-packages/airflow/example_dags/example_setup_teardown_taskflow.py
[2026-08-24T13:58:26.982+0000] {processor.py:830} INFO - Processing file /home/airflow/.local/lib/python3.12/site-packages/airflow/example_dags/example_setup_teardown_taskflow.py for tasks to queue
[2026-08-24T13:58:26.985+0000] {logging_mixin.py:188} INFO - [2026-08-24T13:58:26.984+0000] {dagbag.py:545} INFO - Filling up the DagBag from /home/airflow/.local/lib/python3.12/site-packages/airflow/example_dags/example_setup_teardown_taskflow.py
[2026-08-24T13:58:26.997+0000] {processor.py:840} INFO - DAG(s) 'example_setup_teardown_taskflow' retrieved from /home/airflow/.local/lib/python3.12/site-packages/airflow/example_dags/example_setup_teardown_taskflow.py
[2026-08-24T13:58:27.023+0000] {logging_mixin.py:188} INFO - [2026-08-24T13:58:27.023+0000] {dag.py:3096} INFO - Sync 1 DAGs
[2026-08-24T13:58:27.058+0000] {logging_mixin.py:188} INFO - [2026-08-24T13:58:27.058+0000] {dag.py:3954} INFO - Setting next_dagrun for example_setup_teardown_taskflow to 2026-08-23 00:00:00+00:00, run_after=2026-08-24 00:00:00+00:00
[2026-08-24T13:58:27.084+0000] {processor.py:183} INFO - Processing /home/airflow/.local/lib/python3.12/site-packages/airflow/example_dags/example_setup_teardown_taskflow.py took 0.111 seconds
[2026-08-24T13:58:57.921+0000] {processor.py:161} INFO - Started process (PID=929) to work on /home/airflow/.local/lib/python3.12/site-packages/airflow/example_dags/example_setup_teardown_taskflow.py
[2026-08-24T13:58:57.925+0000] {processor.py:830} INFO - Processing file /home/airflow/.local/lib/python3.12/site-packages/airflow/example_dags/example_setup_teardown_taskflow.py for tasks to queue
[2026-08-24T13:58:57.928+0000] {logging_mixin.py:188} INFO - [2026-08-24T13:58:57.927+0000] {dagbag.py:545} INFO - Filling up the DagBag from /home/airflow/.local/lib/python3.12/site-packages/airflow/example_dags/example_setup_teardown_taskflow.py
[2026-08-24T13:58:57.941+0000] {processor.py:840} INFO - DAG(s) 'example_setup_teardown_taskflow' retrieved from /home/airflow/.local/lib/python3.12/site-packages/airflow/example_dags/example_setup_teardown_taskflow.py
[2026-08-24T13:58:57.976+0000] {logging_mixin.py:188} INFO - [2026-08-24T13:58:57.976+0000] {dag.py:3096} INFO - Sync 1 DAGs
[2026-08-24T13:58:58.032+0000] {logging_mixin.py:188} INFO - [2026-08-24T13:58:58.031+0000] {dag.py:3954} INFO - Setting next_dagrun for example_setup_teardown_taskflow to 2026-08-23 00:00:00+00:00, run_after=2026-08-24 00:00:00+00:00
[2026-08-24T13:58:58.081+0000] {processor.py:183} INFO - Processing /home/airflow/.local/lib/python3.12/site-packages/airflow/example_dags/example_setup_teardown_taskflow.py took 0.168 seconds
[2026-08-24T14:00:38.463+0000] {processor.py:161} INFO - Started process (PID=113) to work on /home/airflow/.local/lib/python3.12/site-packages/airflow/example_dags/example_setup_teardown_taskflow.py
[2026-08-24T14:00:38.464+0000] {processor.py:830} INFO - Processing file /home/airflow/.local/lib/python3.12/site-packages/airflow/example_dags/example_setup_teardown_taskflow.py for tasks to queue
[2026-08-24T14:00:38.467+0000] {logging_mixin.py:188} INFO - [2026-08-24T14:00:38.467+0000] {dagbag.py:545} INFO - Filling up the DagBag from /home/airflow/.local/lib/python3.12/site-packages/airflow/example_dags/example_setup_teardown_taskflow.py
[2026-08-24T14:00:38.486+0000] {processor.py:840} INFO - DAG(s) 'example_setup_teardown_taskflow' retrieved from /home/airflow/.local/lib/python3.12/site-packages/airflow/example_dags/example_setup_teardown_taskflow.py
[2026-08-24T14:00:38.681+0000] {logging_mixin.py:188} INFO - [2026-08-24T14:00:38.680+0000] {dag.py:3096} INFO - Sync 1 DAGs
[2026-08-24T14:00:38.708+0000] {logging_mixin.py:188} INFO - [2026-08-24T14:00:38.708+0000] {dag.py:3954} INFO - Setting next_dagrun for example_setup_teardown_taskflow to 2026-08-23 00:00:00+00:00, run_after=2026-08-24 00:00:00+00:00
[2026-08-24T14:00:38.736+0000] {processor.py:183} INFO - Processing /home/airflow/.local/lib/python3.12/site-packages/airflow/example_dags/example_setup_teardown_taskflow.py took 0.283 seconds
[2026-08-24T14:01:09.422+0000] {processor.py:161} INFO - Started process (PID=172) to work on /home/airflow/.local/lib/python3.12/site-packages/airflow/example_dags/example_setup_teardown_taskflow.py
[2026-08-24T14:01:09.423+0000] {processor.py:830} INFO - Processing file /home/airflow/.local/lib/python3.12/site-packages/airflow/example_dags/example_setup_teardown_taskflow.py for tasks to queue
[2026-08-24T14:01:09.426+0000] {logging_mixin.py:188} INFO - [2026-08-24T14:01:09.425+0000] {dagbag.py:545} INFO - Filling up the DagBag from /home/airflow/.local/lib/python3.12/site-packages/airflow/example_dags/example_setup_teardown_taskflow.py
[2026-08-24T14:01:09.438+0000] {processor.py:840} INFO - DAG(s) 'example_setup_teardown_taskflow' retrieved from /home/airflow/.local/lib/python3.12/site-packages/airflow/example_dags/example_setup_teardown_taskflow.py
[2026-08-24T14:01:09.479+0000] {logging_mixin.py:188} INFO - [2026-08-24T14:01:09.479+0000] {dag.py:3096} INFO - Sync 1 DAGs
[2026-08-24T14:01:09.524+0000] {logging_mixin.py:188} INFO - [2026-08-24T14:01:09.524+0000] {dag.py:3954} INFO - Setting next_dagrun for example_setup_teardown_taskflow to 2026-08-23 00:00:00+00:00, run_after=2026-08-24 00:00:00+00:00
[2026-08-24T14:01:09.590+0000] {processor.py:183} INFO - Processing /home/airflow/.local/lib/python3.12/site-packages/airflow/example_dags/example_setup_teardown_taskflow.py took 0.174 seconds
[2026-08-24T14:01:39.816+0000] {processor.py:161} INFO - Started process (PID=232) to work on /home/airflow/.local/lib/python3.12/site-packages/airflow/example_dags/example_setup_teardown_taskflow.py
[2026-08-24T14:01:39.818+0000] {processor.py:830} INFO - Processing file /home/airflow/.local/lib/python3.12/site-packages/airflow/example_dags/example_setup_teardown_taskflow.py for tasks to queue
[2026-08-24T14:01:39.822+0000] {logging_mixin.py:188} INFO - [2026-08-24T14:01:39.821+0000] {dagbag.py:545} INFO - Filling up the DagBag from /home/airflow/.local/lib/python3.12/site-packages/airflow/example_dags/example_setup_teardown_taskflow.py
[2026-08-24T14:01:39.841+0000] {processor.py:840} INFO - DAG(s) 'example_setup_teardown_taskflow' retrieved from /home/airflow/.local/lib/python3.12/site-packages/airflow/example_dags/example_setup_teardown_taskflow.py
[2026-08-24T14:01:39.890+0000] {logging_mixin.py:188} INFO - [2026-08-24T14:01:39.890+0000] {dag.py:3096} INFO - Sync 1 DAGs
[2026-08-24T14:01:39.935+0000] {logging_mixin.py:188} INFO - [2026-08-24T14:01:39.935+0000] {dag.py:3954} INFO - Setting next_dagrun for example_setup_teardown_taskflow to 2026-08-23 00:00:00+00:00, run_after=2026-08-24 00:00:00+00:00
[2026-08-24T14:01:39.984+0000] {processor.py:183} INFO - Processing /home/airflow/.local/lib/python3.12/site-packages/airflow/example_dags/example_setup_teardown_taskflow.py took 0.180 seconds
[2026-08-24T14:02:10.251+0000] {processor.py:161} INFO - Started process (PID=290) to work on /home/airflow/.local/lib/python3.12/site-packages/airflow/example_dags/example_setup_teardown_taskflow.py
[2026-08-24T14:02:10.253+0000] {processor.py:830} INFO - Processing file /home/airflow/.local/lib/python3.12/site-packages/airflow/example_dags/example_setup_teardown_taskflow.py for tasks to queue
[2026-08-24T14:02:10.256+0000] {logging_mixin.py:188} INFO - [2026-08-24T14:02:10.255+0000] {dagbag.py:545} INFO - Filling up the DagBag from /home/airflow/.local/lib/python3.12/site-packages/airflow/example_dags/example_setup_teardown_taskflow.py
[2026-08-24T14:02:10.267+0000] {processor.py:840} INFO - DAG(s) 'example_setup_teardown_taskflow' retrieved from /home/airflow/.local/lib/python3.12/site-packages/airflow/example_dags/example_setup_teardown_taskflow.py
[2026-08-24T14:02:10.295+0000] {logging_mixin.py:188} INFO - [2026-08-24T14:02:10.294+0000] {dag.py:3096} INFO - Sync 1 DAGs
[2026-08-24T14:02:10.323+0000] {logging_mixin.py:188} INFO - [2026-08-24T14:02:10.323+0000] {dag.py:3954} INFO - Setting next_dagrun for example_setup_teardown_taskflow to 2026-08-23 00:00:00+00:00, run_after=2026-08-24 00:00:00+00:00
[2026-08-24T14:02:10.346+0000] {processor.py:183} INFO - Processing /home/airflow/.local/lib/python3.12/site-packages/airflow/example_dags/example_setup_teardown_taskflow.py took 0.102 seconds
[2026-08-24T14:02:40.471+0000] {processor.py:161} INFO - Started process (PID=350) to work on /home/airflow/.local/lib/python3.12/site-packages/airflow/example_dags/example_setup_teardown_taskflow.py
[2026-08-24T14:02:40.472+0000] {processor.py:830} INFO - Processing file /home/airflow/.local/lib/python3.12/site-packages/airflow/example_dags/example_setup_teardown_taskflow.py for tasks to queue
[2026-08-24T14:02:40.475+0000] {logging_mixin.py:188} INFO - [2026-08-24T14:02:40.474+0000] {dagbag.py:545} INFO - Filling up the DagBag from /home/airflow/.local/lib/python3.12/site-packages/airflow/example_dags/example_setup_teardown_taskflow.py
[2026-08-24T14:02:40.486+0000] {processor.py:840} INFO - DAG(s) 'example_setup_teardown_taskflow' retrieved from /home/airflow/.local/lib/python3.12/site-packages/airflow/example_dags/example_setup_teardown_taskflow.py
[2026-08-24T14:02:40.513+0000] {logging_mixin.py:188} INFO - [2026-08-24T14:02:40.513+0000] {dag.py:3096} INFO - Sync 1 DAGs
[2026-08-24T14:02:40.541+0000] {logging_mixin.py:188} INFO - [2026-08-24T14:02:40.541+0000] {dag.py:3954} INFO - Setting next_dagrun for example_setup_teardown_taskflow to 2026-08-23 00:00:00+00:00, run_after=2026-08-24 00:00:00+00:00
[2026-08-24T14:02:40.562+0000] {processor.py:183} INFO - Processing /home/airflow/.local/lib/python3.12/site-packages/airflow/example_dags/example_setup_teardown_taskflow.py took 0.102 seconds
[2026-08-24T14:07:42.142+0000] {processor.py:161} INFO - Started process (PID=119) to work on /home/airflow/.local/lib/python3.12/site-packages/airflow/example_dags/example_setup_teardown_taskflow.py
[2026-08-24T14:07:42.143+0000] {processor.py:830} INFO - Processing file /home/airflow/.local/lib/python3.12/site-packages/airflow/example_dags/example_setup_teardown_taskflow.py for tasks to queue
[2026-08-24T14:07:42.146+0000] {logging_mixin.py:188} INFO - [2026-08-24T14:07:42.146+0000] {dagbag.py:545} INFO - Filling up the DagBag from /home/airflow/.local/lib/python3.12/site-packages/airflow/example_dags/example_setup_teardown_taskflow.py
[2026-08-24T14:07:42.164+0000] {processor.py:840} INFO - DAG(s) 'example_setup_teardown_taskflow' retrieved from /home/airflow/.local/lib/python3.12/site-packages/airflow/example_dags/example_setup_teardown_taskflow.py
[2026-08-24T14:07:42.324+0000] {logging_mixin.py:188} INFO - [2026-08-24T14:07:42.323+0000] {dag.py:3096} INFO - Sync 1 DAGs
[2026-08-24T14:07:42.352+0000] {logging_mixin.py:188} INFO - [2026-08-24T14:07:42.352+0000] {dag.py:3954} INFO - Setting next_dagrun for example_setup_teardown_taskflow to 2026-08-23 00:00:00+00:00, run_after=2026-08-24 00:00:00+00:00
[2026-08-24T14:07:42.383+0000] {processor.py:183} INFO - Processing /home/airflow/.local/lib/python3.12/site-packages/airflow/example_dags/example_setup_teardown_taskflow.py took 0.251 seconds
[2026-08-24T14:08:12.715+0000] {processor.py:161} INFO - Started process (PID=178) to work on /home/airflow/.local/lib/python3.12/site-packages/airflow/example_dags/example_setup_teardown_taskflow.py
[2026-08-24T14:08:12.717+0000] {processor.py:830} INFO - Processing file /home/airflow/.local/lib/python3.12/site-packages/airflow/example_dags/example_setup_teardown_taskflow.py for tasks to queue
[2026-08-24T14:08:12.719+0000] {logging_mixin.py:188} INFO - [2026-08-24T14:08:12.719+0000] {dagbag.py:545} INFO - Filling up the DagBag from /home/airflow/.local/lib/python3.12/site-packages/airflow/example_dags/example_setup_teardown_taskflow.py
[2026-08-24T14:08:12.735+0000] {processor.py:840} INFO - DAG(s) 'example_setup_teardown_taskflow' retrieved from /home/airflow/.local/lib/python3.12/site-packages/airflow/example_dags/example_setup_teardown_taskflow.py
[2026-08-24T14:08:12.769+0000] {logging_mixin.py:188} INFO - [2026-08-24T14:08:12.769+0000] {dag.py:3096} INFO - Sync 1 DAGs
[2026-08-24T14:08:12.812+0000] {logging_mixin.py:188} INFO - [2026-08-24T14:08:12.812+0000] {dag.py:3954} INFO - Setting next_dagrun for example_setup_teardown_taskflow to 2026-08-23 00:00:00+00:00, run_after=2026-08-24 00:00:00+00:00
[2026-08-24T14:08:12.850+0000] {processor.py:183} INFO - Processing /home/airflow/.local/lib/python3.12/site-packages/airflow/example_dags/example_setup_teardown_taskflow.py took 0.144 seconds
[2026-08-24T14:08:43.259+0000] {processor.py:161} INFO - Started process (PID=237) to work on /home/airflow/.local/lib/python3.12/site-packages/airflow/example_dags/example_setup_teardown_taskflow.py
[2026-08-24T14:08:43.261+0000] {processor.py:830} INFO - Processing file /home/airflow/.local/lib/python3.12/site-packages/airflow/example_dags/example_setup_teardown_taskflow.py for tasks to queue
[2026-08-24T14:08:43.263+0000] {logging_mixin.py:188} INFO - [2026-08-24T14:08:43.263+0000] {dagbag.py:545} INFO - Filling up the DagBag from /home/airflow/.local/lib/python3.12/site-packages/airflow/example_dags/example_setup_teardown_taskflow.py
[2026-08-24T14:08:43.275+0000] {processor.py:840} INFO - DAG(s) 'example_setup_teardown_taskflow' retrieved from /home/airflow/.local/lib/python3.12/site-packages/airflow/example_dags/example_setup_teardown_taskflow.py
[2026-08-24T14:08:43.302+0000] {logging_mixin.py:188} INFO - [2026-08-24T14:08:43.301+0000] {dag.py:3096} INFO - Sync 1 DAGs
[2026-08-24T14:08:43.334+0000] {logging_mixin.py:188} INFO - [2026-08-24T14:08:43.334+0000] {dag.py:3954} INFO - Setting next_dagrun for example_setup_teardown_taskflow to 2026-08-23 00:00:00+00:00, run_after=2026-08-24 00:00:00+00:00
[2026-08-24T14:08:43.361+0000] {processor.py:183} INFO - Processing /home/airflow/.local/lib/python3.12/site-packages/airflow/example_dags/example_setup_teardown_taskflow.py took 0.114 seconds
[2026-08-24T14:09:13.488+0000] {processor.py:161} INFO - Started process (PID=296) to work on /home/airflow/.local/lib/python3.12/site-packages/airflow/example_dags/example_setup_teardown_taskflow.py
[2026-08-24T14:09:13.490+0000] {processor.py:830} INFO - Processing file /home/airflow/.local/lib/python3.12/site-packages/airflow/example_dags/example_setup_teardown_taskflow.py for tasks to queue
[2026-08-24T14:09:13.498+0000] {logging_mixin.py:188} INFO - [2026-08-24T14:09:13.498+0000] {dagbag.py:545} INFO - Filling up the DagBag from /home/airflow/.local/lib/python3.12/site-packages/airflow/example_dags/example_setup_teardown_taskflow.py
[2026-08-24T14:09:13.510+0000] {processor.py:840} INFO - DAG(s) 'example_setup_teardown_taskflow' retrieved from /home/airflow/.local/lib/python3.12/site-packages/airflow/example_dags/example_setup_teardown_taskflow.py
[2026-08-24T14:09:13.537+0000] {logging_mixin.py:188} INFO - [2026-08-24T14:09:13.537+0000] {dag.py:3096} INFO - Sync 1 DAGs
[2026-08-24T14:09:13.568+0000] {logging_mixin.py:188} INFO - [2026-08-24T14:09:13.568+0000] {dag.py:3954} INFO - Setting next_dagrun for example_setup_teardown_taskflow to 2026-08-23 00:00:00+00:00, run_after=2026-08-24 00:00:00+00:00
[2026-08-24T14:09:13.592+0000] {processor.py:183} INFO - Processing /home/airflow/.local/lib/python3.12/site-packages/airflow/example_dags/example_setup_teardown_taskflow.py took 0.113 seconds
[2026-08-24T14:09:43.998+0000] {processor.py:161} INFO - Started process (PID=355) to work on /home/airflow/.local/lib/python3.12/site-packages/airflow/example_dags/example_setup_teardown_taskflow.py
[2026-08-24T14:09:43.999+0000] {processor.py:830} INFO - Processing file /home/airflow/.local/lib/python3.12/site-packages/airflow/example_dags/example_setup_teardown_taskflow.py for tasks to queue
[2026-08-24T14:09:44.002+0000] {logging_mixin.py:188} INFO - [2026-08-24T14:09:44.001+0000] {dagbag.py:545} INFO - Filling up the DagBag from /home/airflow/.local/lib/python3.12/site-packages/airflow/example_dags/example_setup_teardown_taskflow.py
[2026-08-24T14:09:44.015+0000] {processor.py:840} INFO - DAG(s) 'example_setup_teardown_taskflow' retrieved from /home/airflow/.local/lib/python3.12/site-packages/airflow/example_dags/example_setup_teardown_taskflow.py
[2026-08-24T14:09:44.043+0000] {logging_mixin.py:188} INFO - [2026-08-24T14:09:44.043+0000] {dag.py:3096} INFO - Sync 1 DAGs
[2026-08-24T14:09:44.072+0000] {logging_mixin.py:188} INFO - [2026-08-24T14:09:44.072+0000] {dag.py:3954} INFO - Setting next_dagrun for example_setup_teardown_taskflow to 2026-08-23 00:00:00+00:00, run_after=2026-08-24 00:00:00+00:00
[2026-08-24T14:09:44.098+0000] {processor.py:183} INFO - Processing /home/airflow/.local/lib/python3.12/site-packages/airflow/example_dags/example_setup_teardown_taskflow.py took 0.108 seconds
[2026-08-24T14:10:14.647+0000] {processor.py:161} INFO - Started process (PID=414) to work on /home/airflow/.local/lib/python3.12/site-packages/airflow/example_dags/example_setup_teardown_taskflow.py
[2026-08-24T14:10:14.649+0000] {processor.py:830} INFO - Processing file /home/airflow/.local/lib/python3.12/site-packages/airflow/example_dags/example_setup_teardown_taskflow.py for tasks to queue
[2026-08-24T14:10:14.651+0000] {logging_mixin.py:188} INFO - [2026-08-24T14:10:14.651+0000] {dagbag.py:545} INFO - Filling up the DagBag from /home/airflow/.local/lib/python3.12/site-packages/airflow/example_dags/example_setup_teardown_taskflow.py
[2026-08-24T14:10:14.663+0000] {processor.py:840} INFO - DAG(s) 'example_setup_teardown_taskflow' retrieved from /home/airflow/.local/lib/python3.12/site-packages/airflow/example_dags/example_setup_teardown_taskflow.py
[2026-08-24T14:10:14.704+0000] {logging_mixin.py:188} INFO - [2026-08-24T14:10:14.703+0000] {dag.py:3096} INFO - Sync 1 DAGs
[2026-08-24T14:10:14.733+0000] {logging_mixin.py:188} INFO - [2026-08-24T14:10:14.733+0000] {dag.py:3954} INFO - Setting next_dagrun for example_setup_teardown_taskflow to 2026-08-23 00:00:00+00:00, run_after=2026-08-24 00:00:00+00:00
[2026-08-24T14:10:14.765+0000] {processor.py:183} INFO - Processing /home/airflow/.local/lib/python3.12/site-packages/airflow/example_dags/example_setup_teardown_taskflow.py took 0.125 seconds
[2026-08-24T14:10:45.171+0000] {processor.py:161} INFO - Started process (PID=473) to work on /home/airflow/.local/lib/python3.12/site-packages/airflow/example_dags/example_setup_teardown_taskflow.py
[2026-08-24T14:10:45.172+0000] {processor.py:830} INFO - Processing file /home/airflow/.local/lib/python3.12/site-packages/airflow/example_dags/example_setup_teardown_taskflow.py for tasks to queue
[2026-08-24T14:10:45.176+0000] {logging_mixin.py:188} INFO - [2026-08-24T14:10:45.175+0000] {dagbag.py:545} INFO - Filling up the DagBag from /home/airflow/.local/lib/python3.12/site-packages/airflow/example_dags/example_setup_teardown_taskflow.py
[2026-08-24T14:10:45.190+0000] {processor.py:840} INFO - DAG(s) 'example_setup_teardown_taskflow' retrieved from /home/airflow/.local/lib/python3.12/site-packages/airflow/example_dags/example_setup_teardown_taskflow.py
[2026-08-24T14:10:45.224+0000] {logging_mixin.py:188} INFO - [2026-08-24T14:10:45.224+0000] {dag.py:3096} INFO - Sync 1 DAGs
[2026-08-24T14:10:45.260+0000] {logging_mixin.py:188} INFO - [2026-08-24T14:10:45.260+0000] {dag.py:3954} INFO - Setting next_dagrun for example_setup_teardown_taskflow to 2026-08-23 00:00:00+00:00, run_after=2026-08-24 00:00:00+00:00
[2026-08-24T14:10:45.288+0000] {processor.py:183} INFO - Processing /home/airflow/.local/lib/python3.12/site-packages/airflow/example_dags/example_setup_teardown_taskflow.py took 0.128 seconds
[2026-08-24T14:13:28.714+0000] {processor.py:161} INFO - Started process (PID=123) to work on /home/airflow/.local/lib/python3.12/site-packages/airflow/example_dags/example_setup_teardown_taskflow.py
[2026-08-24T14:13:28.715+0000] {processor.py:830} INFO - Processing file /home/airflow/.local/lib/python3.12/site-packages/airflow/example_dags/example_setup_teardown_taskflow.py for tasks to queue
[2026-08-24T14:13:28.718+0000] {logging_mixin.py:188} INFO - [2026-08-24T14:13:28.718+0000] {dagbag.py:545} INFO - Filling up the DagBag from /home/airflow/.local/lib/python3.12/site-packages/airflow/example_dags/example_setup_teardown_taskflow.py
[2026-08-24T14:13:28.734+0000] {processor.py:840} INFO - DAG(s) 'example_setup_teardown_taskflow' retrieved from /home/airflow/.local/lib/python3.12/site-packages/airflow/example_dags/example_setup_teardown_taskflow.py
[2026-08-24T14:13:28.879+0000] {logging_mixin.py:188} INFO - [2026-08-24T14:13:28.879+0000] {dag.py:3096} INFO - Sync 1 DAGs
[2026-08-24T14:13:28.903+0000] {logging_mixin.py:188} INFO - [2026-08-24T14:13:28.903+0000] {dag.py:3954} INFO - Setting next_dagrun for example_setup_teardown_taskflow to 2026-08-23 00:00:00+00:00, run_after=2026-08-24 00:00:00+00:00
[2026-08-24T14:13:28.932+0000] {processor.py:183} INFO - Processing /home/airflow/.local/lib/python3.12/site-packages/airflow/example_dags/example_setup_teardown_taskflow.py took 0.226 seconds
[2026-08-24T14:13:59.068+0000] {processor.py:161} INFO - Started process (PID=182) to work on /home/airflow/.local/lib/python3.12/site-packages/airflow/example_dags/example_setup_teardown_taskflow.py
[2026-08-24T14:13:59.069+0000] {processor.py:830} INFO - Processing file /home/airflow/.local/lib/python3.12/site-packages/airflow/example_dags/example_setup_teardown_taskflow.py for tasks to queue
[2026-08-24T14:13:59.071+0000] {logging_mixin.py:188} INFO - [2026-08-24T14:13:59.071+0000] {dagbag.py:545} INFO - Filling up the DagBag from /home/airflow/.local/lib/python3.12/site-packages/airflow/example_dags/example_setup_teardown_taskflow.py
[2026-08-24T14:13:59.084+0000] {processor.py:840} INFO - DAG(s) 'example_setup_teardown_taskflow' retrieved from /home/airflow/.local/lib/python3.12/site-packages/airflow/example_dags/example_setup_teardown_taskflow.py
[2026-08-24T14:13:59.111+0000] {logging_mixin.py:188} INFO - [2026-08-24T14:13:59.111+0000] {dag.py:3096} INFO - Sync 1 DAGs
[2026-08-24T14:13:59.141+0000] {logging_mixin.py:188} INFO - [2026-08-24T14:13:59.141+0000] {dag.py:3954} INFO - Setting next_dagrun for example_setup_teardown_taskflow to 2026-08-23 00:00:00+00:00, run_after=2026-08-24 00:00:00+00:00
[2026-08-24T14:13:59.163+0000] {processor.py:183} INFO - Processing /home/airflow/.local/lib/python3.12/site-packages/airflow/example_dags/example_setup_teardown_taskflow.py took 0.103 seconds
[2026-08-24T14:14:29.504+0000] {processor.py:161} INFO - Started process (PID=241) to work on /home/airflow/.local/lib/python3.12/site-packages/airflow/example_dags/example_setup_teardown_taskflow.py
[2026-08-24T14:14:29.505+0000] {processor.py:830} INFO - Processing file /home/airflow/.local/lib/python3.12/site-packages/airflow/example_dags/example_setup_teardown_taskflow.py for tasks to queue
[2026-08-24T14:14:29.508+0000] {logging_mixin.py:188} INFO - [2026-08-24T14:14:29.508+0000] {dagbag.py:545} INFO - Filling up the DagBag from /home/airflow/.local/lib/python3.12/site-packages/airflow/example_dags/example_setup_teardown_taskflow.py
[2026-08-24T14:14:29.520+0000] {processor.py:840} INFO - DAG(s) 'example_setup_teardown_taskflow' retrieved from /home/airflow/.local/lib/python3.12/site-packages/airflow/example_dags/example_setup_teardown_taskflow.py
[2026-08-24T14:14:29.548+0000] {logging_mixin.py:188} INFO - [2026-08-24T14:14:29.548+0000] {dag.py:3096} INFO - Sync 1 DAGs
[2026-08-24T14:14:29.576+0000] {logging_mixin.py:188} INFO - [2026-08-24T14:14:29.576+0000] {dag.py:3954} INFO - Setting next_dagrun for example_setup_teardown_taskflow to 2026-08-23 00:00:00+00:00, run_after=2026-08-24 00:00:00+00:00
[2026-08-24T14:14:29.602+0000] {processor.py:183} INFO - Processing /home/airflow/.local/lib/python3.12/site-packages/airflow/example_dags/example_setup_teardown_taskflow.py took 0.107 seconds
[2026-08-24T14:14:59.840+0000] {processor.py:161} INFO - Started process (PID=300) to work on /home/airflow/.local/lib/python3.12/site-packages/airflow/example_dags/example_setup_teardown_taskflow.py
[2026-08-24T14:14:59.841+0000] {processor.py:830} INFO - Processing file /home/airflow/.local/lib/python3.12/site-packages/airflow/example_dags/example_setup_teardown_taskflow.py for tasks to queue
[2026-08-24T14:14:59.844+0000] {logging_mixin.py:188} INFO - [2026-08-24T14:14:59.844+0000] {dagbag.py:545} INFO - Filling up the DagBag from /home/airflow/.local/lib/python3.12/site-packages/airflow/example_dags/example_setup_teardown_taskflow.py
[2026-08-24T14:14:59.857+0000] {processor.py:840} INFO - DAG(s) 'example_setup_teardown_taskflow' retrieved from /home/airflow/.local/lib/python3.12/site-packages/airflow/example_dags/example_setup_teardown_taskflow.py
[2026-08-24T14:14:59.886+0000] {logging_mixin.py:188} INFO - [2026-08-24T14:14:59.886+0000] {dag.py:3096} INFO - Sync 1 DAGs
[2026-08-24T14:14:59.914+0000] {logging_mixin.py:188} INFO - [2026-08-24T14:14:59.914+0000] {dag.py:3954} INFO - Setting next_dagrun for example_setup_teardown_taskflow to 2026-08-23 00:00:00+00:00, run_after=2026-08-24 00:00:00+00:00
[2026-08-24T14:14:59.937+0000] {processor.py:183} INFO - Processing /home/airflow/.local/lib/python3.12/site-packages/airflow/example_dags/example_setup_teardown_taskflow.py took 0.104 seconds
[2026-08-24T14:15:30.693+0000] {processor.py:161} INFO - Started process (PID=359) to work on /home/airflow/.local/lib/python3.12/site-packages/airflow/example_dags/example_setup_teardown_taskflow.py
[2026-08-24T14:15:30.694+0000] {processor.py:830} INFO - Processing file /home/airflow/.local/lib/python3.12/site-packages/airflow/example_dags/example_setup_teardown_taskflow.py for tasks to queue
[2026-08-24T14:15:30.698+0000] {logging_mixin.py:188} INFO - [2026-08-24T14:15:30.697+0000] {dagbag.py:545} INFO - Filling up the DagBag from /home/airflow/.local/lib/python3.12/site-packages/airflow/example_dags/example_setup_teardown_taskflow.py
[2026-08-24T14:15:30.714+0000] {processor.py:840} INFO - DAG(s) 'example_setup_teardown_taskflow' retrieved from /home/airflow/.local/lib/python3.12/site-packages/airflow/example_dags/example_setup_teardown_taskflow.py
[2026-08-24T14:15:30.754+0000] {logging_mixin.py:188} INFO - [2026-08-24T14:15:30.754+0000] {dag.py:3096} INFO - Sync 1 DAGs
[2026-08-24T14:15:30.784+0000] {logging_mixin.py:188} INFO - [2026-08-24T14:15:30.783+0000] {dag.py:3954} INFO - Setting next_dagrun for example_setup_teardown_taskflow to 2026-08-23 00:00:00+00:00, run_after=2026-08-24 00:00:00+00:00
[2026-08-24T14:15:30.810+0000] {processor.py:183} INFO - Processing /home/airflow/.local/lib/python3.12/site-packages/airflow/example_dags/example_setup_teardown_taskflow.py took 0.126 seconds
[2026-08-24T14:16:01.394+0000] {processor.py:161} INFO - Started process (PID=418) to work on /home/airflow/.local/lib/python3.12/site-packages/airflow/example_dags/example_setup_teardown_taskflow.py
[2026-08-24T14:16:01.398+0000] {processor.py:830} INFO - Processing file /home/airflow/.local/lib/python3.12/site-packages/airflow/example_dags/example_setup_teardown_taskflow.py for tasks to queue
[2026-08-24T14:16:01.402+0000] {logging_mixin.py:188} INFO - [2026-08-24T14:16:01.401+0000] {dagbag.py:545} INFO - Filling up the DagBag from /home/airflow/.local/lib/python3.12/site-packages/airflow/example_dags/example_setup_teardown_taskflow.py
[2026-08-24T14:16:01.422+0000] {processor.py:840} INFO - DAG(s) 'example_setup_teardown_taskflow' retrieved from /home/airflow/.local/lib/python3.12/site-packages/airflow/example_dags/example_setup_teardown_taskflow.py
[2026-08-24T14:16:01.462+0000] {logging_mixin.py:188} INFO - [2026-08-24T14:16:01.462+0000] {dag.py:3096} INFO - Sync 1 DAGs
[2026-08-24T14:16:01.499+0000] {logging_mixin.py:188} INFO - [2026-08-24T14:16:01.498+0000] {dag.py:3954} INFO - Setting next_dagrun for example_setup_teardown_taskflow to 2026-08-23 00:00:00+00:00, run_after=2026-08-24 00:00:00+00:00
[2026-08-24T14:16:01.530+0000] {processor.py:183} INFO - Processing /home/airflow/.local/lib/python3.12/site-packages/airflow/example_dags/example_setup_teardown_taskflow.py took 0.148 seconds
[2026-08-24T14:16:31.731+0000] {processor.py:161} INFO - Started process (PID=477) to work on /home/airflow/.local/lib/python3.12/site-packages/airflow/example_dags/example_setup_teardown_taskflow.py
[2026-08-24T14:16:31.733+0000] {processor.py:830} INFO - Processing file /home/airflow/.local/lib/python3.12/site-packages/airflow/example_dags/example_setup_teardown_taskflow.py for tasks to queue
[2026-08-24T14:16:31.736+0000] {logging_mixin.py:188} INFO - [2026-08-24T14:16:31.736+0000] {dagbag.py:545} INFO - Filling up the DagBag from /home/airflow/.local/lib/python3.12/site-packages/airflow/example_dags/example_setup_teardown_taskflow.py
[2026-08-24T14:16:31.749+0000] {processor.py:840} INFO - DAG(s) 'example_setup_teardown_taskflow' retrieved from /home/airflow/.local/lib/python3.12/site-packages/airflow/example_dags/example_setup_teardown_taskflow.py
[2026-08-24T14:16:31.784+0000] {logging_mixin.py:188} INFO - [2026-08-24T14:16:31.784+0000] {dag.py:3096} INFO - Sync 1 DAGs
[2026-08-24T14:16:31.823+0000] {logging_mixin.py:188} INFO - [2026-08-24T14:16:31.822+0000] {dag.py:3954} INFO - Setting next_dagrun for example_setup_teardown_taskflow to 2026-08-23 00:00:00+00:00, run_after=2026-08-24 00:00:00+00:00
[2026-08-24T14:16:31.853+0000] {processor.py:183} INFO - Processing /home/airflow/.local/lib/python3.12/site-packages/airflow/example_dags/example_setup_teardown_taskflow.py took 0.131 seconds
[2026-08-24T14:17:02.165+0000] {processor.py:161} INFO - Started process (PID=536) to work on /home/airflow/.local/lib/python3.12/site-packages/airflow/example_dags/example_setup_teardown_taskflow.py
[2026-08-24T14:17:02.167+0000] {processor.py:830} INFO - Processing file /home/airflow/.local/lib/python3.12/site-packages/airflow/example_dags/example_setup_teardown_taskflow.py for tasks to queue
[2026-08-24T14:17:02.171+0000] {logging_mixin.py:188} INFO - [2026-08-24T14:17:02.170+0000] {dagbag.py:545} INFO - Filling up the DagBag from /home/airflow/.local/lib/python3.12/site-packages/airflow/example_dags/example_setup_teardown_taskflow.py
[2026-08-24T14:17:02.185+0000] {processor.py:840} INFO - DAG(s) 'example_setup_teardown_taskflow' retrieved from /home/airflow/.local/lib/python3.12/site-packages/airflow/example_dags/example_setup_teardown_taskflow.py
[2026-08-24T14:17:02.219+0000] {logging_mixin.py:188} INFO - [2026-08-24T14:17:02.219+0000] {dag.py:3096} INFO - Sync 1 DAGs
[2026-08-24T14:17:02.257+0000] {logging_mixin.py:188} INFO - [2026-08-24T14:17:02.257+0000] {dag.py:3954} INFO - Setting next_dagrun for example_setup_teardown_taskflow to 2026-08-23 00:00:00+00:00, run_after=2026-08-24 00:00:00+00:00
[2026-08-24T14:17:02.286+0000] {processor.py:183} INFO - Processing /home/airflow/.local/lib/python3.12/site-packages/airflow/example_dags/example_setup_teardown_taskflow.py took 0.128 seconds
[2026-08-24T14:17:33.139+0000] {processor.py:161} INFO - Started process (PID=595) to work on /home/airflow/.local/lib/python3.12/site-packages/airflow/example_dags/example_setup_teardown_taskflow.py
[2026-08-24T14:17:33.143+0000] {processor.py:830} INFO - Processing file /home/airflow/.local/lib/python3.12/site-packages/airflow/example_dags/example_setup_teardown_taskflow.py for tasks to queue
[2026-08-24T14:17:33.146+0000] {logging_mixin.py:188} INFO - [2026-08-24T14:17:33.145+0000] {dagbag.py:545} INFO - Filling up the DagBag from /home/airflow/.local/lib/python3.12/site-packages/airflow/example_dags/example_setup_teardown_taskflow.py
[2026-08-24T14:17:33.158+0000] {processor.py:840} INFO - DAG(s) 'example_setup_teardown_taskflow' retrieved from /home/airflow/.local/lib/python3.12/site-packages/airflow/example_dags/example_setup_teardown_taskflow.py
[2026-08-24T14:17:33.189+0000] {logging_mixin.py:188} INFO - [2026-08-24T14:17:33.188+0000] {dag.py:3096} INFO - Sync 1 DAGs
[2026-08-24T14:17:33.217+0000] {logging_mixin.py:188} INFO - [2026-08-24T14:17:33.216+0000] {dag.py:3954} INFO - Setting next_dagrun for example_setup_teardown_taskflow to 2026-08-23 00:00:00+00:00, run_after=2026-08-24 00:00:00+00:00
[2026-08-24T14:17:33.242+0000] {processor.py:183} INFO - Processing /home/airflow/.local/lib/python3.12/site-packages/airflow/example_dags/example_setup_teardown_taskflow.py took 0.111 seconds
[2026-08-24T14:18:03.970+0000] {processor.py:161} INFO - Started process (PID=654) to work on /home/airflow/.local/lib/python3.12/site-packages/airflow/example_dags/example_setup_teardown_taskflow.py
[2026-08-24T14:18:03.972+0000] {processor.py:830} INFO - Processing file /home/airflow/.local/lib/python3.12/site-packages/airflow/example_dags/example_setup_teardown_taskflow.py for tasks to queue
[2026-08-24T14:18:03.974+0000] {logging_mixin.py:188} INFO - [2026-08-24T14:18:03.974+0000] {dagbag.py:545} INFO - Filling up the DagBag from /home/airflow/.local/lib/python3.12/site-packages/airflow/example_dags/example_setup_teardown_taskflow.py
[2026-08-24T14:18:03.986+0000] {processor.py:840} INFO - DAG(s) 'example_setup_teardown_taskflow' retrieved from /home/airflow/.local/lib/python3.12/site-packages/airflow/example_dags/example_setup_teardown_taskflow.py
[2026-08-24T14:18:04.019+0000] {logging_mixin.py:188} INFO - [2026-08-24T14:18:04.019+0000] {dag.py:3096} INFO - Sync 1 DAGs
[2026-08-24T14:18:04.048+0000] {logging_mixin.py:188} INFO - [2026-08-24T14:18:04.047+0000] {dag.py:3954} INFO - Setting next_dagrun for example_setup_teardown_taskflow to 2026-08-23 00:00:00+00:00, run_after=2026-08-24 00:00:00+00:00
[2026-08-24T14:18:04.075+0000] {processor.py:183} INFO - Processing /home/airflow/.local/lib/python3.12/site-packages/airflow/example_dags/example_setup_teardown_taskflow.py took 0.113 seconds
[2026-08-24T14:18:34.131+0000] {processor.py:161} INFO - Started process (PID=714) to work on /home/airflow/.local/lib/python3.12/site-packages/airflow/example_dags/example_setup_teardown_taskflow.py
[2026-08-24T14:18:34.132+0000] {processor.py:830} INFO - Processing file /home/airflow/.local/lib/python3.12/site-packages/airflow/example_dags/example_setup_teardown_taskflow.py for tasks to queue
[2026-08-24T14:18:34.135+0000] {logging_mixin.py:188} INFO - [2026-08-24T14:18:34.134+0000] {dagbag.py:545} INFO - Filling up the DagBag from /home/airflow/.local/lib/python3.12/site-packages/airflow/example_dags/example_setup_teardown_taskflow.py
[2026-08-24T14:18:34.148+0000] {processor.py:840} INFO - DAG(s) 'example_setup_teardown_taskflow' retrieved from /home/airflow/.local/lib/python3.12/site-packages/airflow/example_dags/example_setup_teardown_taskflow.py
[2026-08-24T14:18:34.176+0000] {logging_mixin.py:188} INFO - [2026-08-24T14:18:34.176+0000] {dag.py:3096} INFO - Sync 1 DAGs
[2026-08-24T14:18:34.208+0000] {logging_mixin.py:188} INFO - [2026-08-24T14:18:34.208+0000] {dag.py:3954} INFO - Setting next_dagrun for example_setup_teardown_taskflow to 2026-08-23 00:00:00+00:00, run_after=2026-08-24 00:00:00+00:00
[2026-08-24T14:18:34.236+0000] {processor.py:183} INFO - Processing /home/airflow/.local/lib/python3.12/site-packages/airflow/example_dags/example_setup_teardown_taskflow.py took 0.113 seconds
[2026-08-24T14:19:05.150+0000] {processor.py:161} INFO - Started process (PID=774) to work on /home/airflow/.local/lib/python3.12/site-packages/airflow/example_dags/example_setup_teardown_taskflow.py
[2026-08-24T14:19:05.151+0000] {processor.py:830} INFO - Processing file /home/airflow/.local/lib/python3.12/site-packages/airflow/example_dags/example_setup_teardown_taskflow.py for tasks to queue
[2026-08-24T14:19:05.154+0000] {logging_mixin.py:188} INFO - [2026-08-24T14:19:05.153+0000] {dagbag.py:545} INFO - Filling up the DagBag from /home/airflow/.local/lib/python3.12/site-packages/airflow/example_dags/example_setup_teardown_taskflow.py
[2026-08-24T14:19:05.169+0000] {processor.py:840} INFO - DAG(s) 'example_setup_teardown_taskflow' retrieved from /home/airflow/.local/lib/python3.12/site-packages/airflow/example_dags/example_setup_teardown_taskflow.py
[2026-08-24T14:19:05.196+0000] {logging_mixin.py:188} INFO - [2026-08-24T14:19:05.196+0000] {dag.py:3096} INFO - Sync 1 DAGs
[2026-08-24T14:19:05.229+0000] {logging_mixin.py:188} INFO - [2026-08-24T14:19:05.229+0000] {dag.py:3954} INFO - Setting next_dagrun for example_setup_teardown_taskflow to 2026-08-23 00:00:00+00:00, run_after=2026-08-24 00:00:00+00:00
[2026-08-24T14:19:05.255+0000] {processor.py:183} INFO - Processing /home/airflow/.local/lib/python3.12/site-packages/airflow/example_dags/example_setup_teardown_taskflow.py took 0.113 seconds
[2026-08-24T14:19:37.439+0000] {processor.py:161} INFO - Started process (PID=840) to work on /home/airflow/.local/lib/python3.12/site-packages/airflow/example_dags/example_setup_teardown_taskflow.py
[2026-08-24T14:19:37.440+0000] {processor.py:830} INFO - Processing file /home/airflow/.local/lib/python3.12/site-packages/airflow/example_dags/example_setup_teardown_taskflow.py for tasks to queue
[2026-08-24T14:19:37.443+0000] {logging_mixin.py:188} INFO - [2026-08-24T14:19:37.443+0000] {dagbag.py:545} INFO - Filling up the DagBag from /home/airflow/.local/lib/python3.12/site-packages/airflow/example_dags/example_setup_teardown_taskflow.py
[2026-08-24T14:19:37.456+0000] {processor.py:840} INFO - DAG(s) 'example_setup_teardown_taskflow' retrieved from /home/airflow/.local/lib/python3.12/site-packages/airflow/example_dags/example_setup_teardown_taskflow.py
[2026-08-24T14:19:37.484+0000] {logging_mixin.py:188} INFO - [2026-08-24T14:19:37.484+0000] {dag.py:3096} INFO - Sync 1 DAGs
[2026-08-24T14:19:37.513+0000] {logging_mixin.py:188} INFO - [2026-08-24T14:19:37.513+0000] {dag.py:3954} INFO - Setting next_dagrun for example_setup_teardown_taskflow to 2026-08-23 00:00:00+00:00, run_after=2026-08-24 00:00:00+00:00
[2026-08-24T14:19:37.540+0000] {processor.py:183} INFO - Processing /home/airflow/.local/lib/python3.12/site-packages/airflow/example_dags/example_setup_teardown_taskflow.py took 0.112 seconds
[2026-08-24T14:20:08.361+0000] {processor.py:161} INFO - Started process (PID=900) to work on /home/airflow/.local/lib/python3.12/site-packages/airflow/example_dags/example_setup_teardown_taskflow.py
[2026-08-24T14:20:08.363+0000] {processor.py:830} INFO - Processing file /home/airflow/.local/lib/python3.12/site-packages/airflow/example_dags/example_setup_teardown_taskflow.py for tasks to queue
[2026-08-24T14:20:08.366+0000] {logging_mixin.py:188} INFO - [2026-08-24T14:20:08.365+0000] {dagbag.py:545} INFO - Filling up the DagBag from /home/airflow/.local/lib/python3.12/site-packages/airflow/example_dags/example_setup_teardown_taskflow.py
[2026-08-24T14:20:08.388+0000] {processor.py:840} INFO - DAG(s) 'example_setup_teardown_taskflow' retrieved from /home/airflow/.local/lib/python3.12/site-packages/airflow/example_dags/example_setup_teardown_taskflow.py
[2026-08-24T14:20:08.433+0000] {logging_mixin.py:188} INFO - [2026-08-24T14:20:08.432+0000] {dag.py:3096} INFO - Sync 1 DAGs
[2026-08-24T14:20:08.510+0000] {logging_mixin.py:188} INFO - [2026-08-24T14:20:08.510+0000] {dag.py:3954} INFO - Setting next_dagrun for example_setup_teardown_taskflow to 2026-08-23 00:00:00+00:00, run_after=2026-08-24 00:00:00+00:00
[2026-08-24T14:20:08.559+0000] {processor.py:183} INFO - Processing /home/airflow/.local/lib/python3.12/site-packages/airflow/example_dags/example_setup_teardown_taskflow.py took 0.211 seconds
[2026-08-24T14:22:20.050+0000] {processor.py:161} INFO - Started process (PID=123) to work on /home/airflow/.local/lib/python3.12/site-packages/airflow/example_dags/example_setup_teardown_taskflow.py
[2026-08-24T14:22:20.052+0000] {processor.py:830} INFO - Processing file /home/airflow/.local/lib/python3.12/site-packages/airflow/example_dags/example_setup_teardown_taskflow.py for tasks to queue
[2026-08-24T14:22:20.054+0000] {logging_mixin.py:188} INFO - [2026-08-24T14:22:20.054+0000] {dagbag.py:545} INFO - Filling up the DagBag from /home/airflow/.local/lib/python3.12/site-packages/airflow/example_dags/example_setup_teardown_taskflow.py
[2026-08-24T14:22:20.074+0000] {processor.py:840} INFO - DAG(s) 'example_setup_teardown_taskflow' retrieved from /home/airflow/.local/lib/python3.12/site-packages/airflow/example_dags/example_setup_teardown_taskflow.py
[2026-08-24T14:22:20.242+0000] {logging_mixin.py:188} INFO - [2026-08-24T14:22:20.242+0000] {dag.py:3096} INFO - Sync 1 DAGs
[2026-08-24T14:22:20.270+0000] {logging_mixin.py:188} INFO - [2026-08-24T14:22:20.270+0000] {dag.py:3954} INFO - Setting next_dagrun for example_setup_teardown_taskflow to 2026-08-23 00:00:00+00:00, run_after=2026-08-24 00:00:00+00:00
[2026-08-24T14:22:20.300+0000] {processor.py:183} INFO - Processing /home/airflow/.local/lib/python3.12/site-packages/airflow/example_dags/example_setup_teardown_taskflow.py took 0.257 seconds
[2026-08-24T14:23:02.323+0000] {processor.py:161} INFO - Started process (PID=102) to work on /home/airflow/.local/lib/python3.12/site-packages/airflow/example_dags/example_setup_teardown_taskflow.py
[2026-08-24T14:23:02.325+0000] {processor.py:830} INFO - Processing file /home/airflow/.local/lib/python3.12/site-packages/airflow/example_dags/example_setup_teardown_taskflow.py for tasks to queue
[2026-08-24T14:23:02.328+0000] {logging_mixin.py:188} INFO - [2026-08-24T14:23:02.327+0000] {dagbag.py:545} INFO - Filling up the DagBag from /home/airflow/.local/lib/python3.12/site-packages/airflow/example_dags/example_setup_teardown_taskflow.py
[2026-08-24T14:23:02.343+0000] {processor.py:840} INFO - DAG(s) 'example_setup_teardown_taskflow' retrieved from /home/airflow/.local/lib/python3.12/site-packages/airflow/example_dags/example_setup_teardown_taskflow.py
[2026-08-24T14:23:02.387+0000] {logging_mixin.py:188} INFO - [2026-08-24T14:23:02.386+0000] {dag.py:3096} INFO - Sync 1 DAGs
[2026-08-24T14:23:02.428+0000] {logging_mixin.py:188} INFO - [2026-08-24T14:23:02.427+0000] {dag.py:3954} INFO - Setting next_dagrun for example_setup_teardown_taskflow to 2026-08-23 00:00:00+00:00, run_after=2026-08-24 00:00:00+00:00
[2026-08-24T14:23:02.464+0000] {processor.py:183} INFO - Processing /home/airflow/.local/lib/python3.12/site-packages/airflow/example_dags/example_setup_teardown_taskflow.py took 0.151 seconds
[2026-08-24T14:23:33.309+0000] {processor.py:161} INFO - Started process (PID=168) to work on /home/airflow/.local/lib/python3.12/site-packages/airflow/example_dags/example_setup_teardown_taskflow.py
[2026-08-24T14:23:33.312+0000] {processor.py:830} INFO - Processing file /home/airflow/.local/lib/python3.12/site-packages/airflow/example_dags/example_setup_teardown_taskflow.py for tasks to queue
[2026-08-24T14:23:33.316+0000] {logging_mixin.py:188} INFO - [2026-08-24T14:23:33.316+0000] {dagbag.py:545} INFO - Filling up the DagBag from /home/airflow/.local/lib/python3.12/site-packages/airflow/example_dags/example_setup_teardown_taskflow.py
[2026-08-24T14:23:33.338+0000] {processor.py:840} INFO - DAG(s) 'example_setup_teardown_taskflow' retrieved from /home/airflow/.local/lib/python3.12/site-packages/airflow/example_dags/example_setup_teardown_taskflow.py
[2026-08-24T14:23:33.385+0000] {logging_mixin.py:188} INFO - [2026-08-24T14:23:33.384+0000] {dag.py:3096} INFO - Sync 1 DAGs
[2026-08-24T14:23:33.446+0000] {logging_mixin.py:188} INFO - [2026-08-24T14:23:33.445+0000] {dag.py:3954} INFO - Setting next_dagrun for example_setup_teardown_taskflow to 2026-08-23 00:00:00+00:00, run_after=2026-08-24 00:00:00+00:00
[2026-08-24T14:23:33.491+0000] {processor.py:183} INFO - Processing /home/airflow/.local/lib/python3.12/site-packages/airflow/example_dags/example_setup_teardown_taskflow.py took 0.193 seconds
[2026-08-24T14:24:05.309+0000] {processor.py:161} INFO - Started process (PID=228) to work on /home/airflow/.local/lib/python3.12/site-packages/airflow/example_dags/example_setup_teardown_taskflow.py
[2026-08-24T14:24:05.311+0000] {processor.py:830} INFO - Processing file /home/airflow/.local/lib/python3.12/site-packages/airflow/example_dags/example_setup_teardown_taskflow.py for tasks to queue
[2026-08-24T14:24:05.314+0000] {logging_mixin.py:188} INFO - [2026-08-24T14:24:05.313+0000] {dagbag.py:545} INFO - Filling up the DagBag from /home/airflow/.local/lib/python3.12/site-packages/airflow/example_dags/example_setup_teardown_taskflow.py
[2026-08-24T14:24:05.330+0000] {processor.py:840} INFO - DAG(s) 'example_setup_teardown_taskflow' retrieved from /home/airflow/.local/lib/python3.12/site-packages/airflow/example_dags/example_setup_teardown_taskflow.py
[2026-08-24T14:24:05.358+0000] {logging_mixin.py:188} INFO - [2026-08-24T14:24:05.358+0000] {dag.py:3096} INFO - Sync 1 DAGs
[2026-08-24T14:24:05.388+0000] {logging_mixin.py:188} INFO - [2026-08-24T14:24:05.388+0000] {dag.py:3954} INFO - Setting next_dagrun for example_setup_teardown_taskflow to 2026-08-23 00:00:00+00:00, run_after=2026-08-24 00:00:00+00:00
[2026-08-24T14:24:05.416+0000] {processor.py:183} INFO - Processing /home/airflow/.local/lib/python3.12/site-packages/airflow/example_dags/example_setup_teardown_taskflow.py took 0.116 seconds
[2026-08-24T14:24:36.402+0000] {processor.py:161} INFO - Started process (PID=288) to work on /home/airflow/.local/lib/python3.12/site-packages/airflow/example_dags/example_setup_teardown_taskflow.py
[2026-08-24T14:24:36.403+0000] {processor.py:830} INFO - Processing file /home/airflow/.local/lib/python3.12/site-packages/airflow/example_dags/example_setup_teardown_taskflow.py for tasks to queue
[2026-08-24T14:24:36.406+0000] {logging_mixin.py:188} INFO - [2026-08-24T14:24:36.405+0000] {dagbag.py:545} INFO - Filling up the DagBag from /home/airflow/.local/lib/python3.12/site-packages/airflow/example_dags/example_setup_teardown_taskflow.py
[2026-08-24T14:24:36.419+0000] {processor.py:840} INFO - DAG(s) 'example_setup_teardown_taskflow' retrieved from /home/airflow/.local/lib/python3.12/site-packages/airflow/example_dags/example_setup_teardown_taskflow.py
[2026-08-24T14:24:36.449+0000] {logging_mixin.py:188} INFO - [2026-08-24T14:24:36.449+0000] {dag.py:3096} INFO - Sync 1 DAGs
[2026-08-24T14:24:36.479+0000] {logging_mixin.py:188} INFO - [2026-08-24T14:24:36.479+0000] {dag.py:3954} INFO - Setting next_dagrun for example_setup_teardown_taskflow to 2026-08-23 00:00:00+00:00, run_after=2026-08-24 00:00:00+00:00
[2026-08-24T14:24:36.509+0000] {processor.py:183} INFO - Processing /home/airflow/.local/lib/python3.12/site-packages/airflow/example_dags/example_setup_teardown_taskflow.py took 0.116 seconds
[2026-08-24T14:25:07.216+0000] {processor.py:161} INFO - Started process (PID=348) to work on /home/airflow/.local/lib/python3.12/site-packages/airflow/example_dags/example_setup_teardown_taskflow.py
[2026-08-24T14:25:07.217+0000] {processor.py:830} INFO - Processing file /home/airflow/.local/lib/python3.12/site-packages/airflow/example_dags/example_setup_teardown_taskflow.py for tasks to queue
[2026-08-24T14:25:07.220+0000] {logging_mixin.py:188} INFO - [2026-08-24T14:25:07.220+0000] {dagbag.py:545} INFO - Filling up the DagBag from /home/airflow/.local/lib/python3.12/site-packages/airflow/example_dags/example_setup_teardown_taskflow.py
[2026-08-24T14:25:07.232+0000] {processor.py:840} INFO - DAG(s) 'example_setup_teardown_taskflow' retrieved from /home/airflow/.local/lib/python3.12/site-packages/airflow/example_dags/example_setup_teardown_taskflow.py
[2026-08-24T14:25:07.261+0000] {logging_mixin.py:188} INFO - [2026-08-24T14:25:07.261+0000] {dag.py:3096} INFO - Sync 1 DAGs
[2026-08-24T14:25:07.294+0000] {logging_mixin.py:188} INFO - [2026-08-24T14:25:07.294+0000] {dag.py:3954} INFO - Setting next_dagrun for example_setup_teardown_taskflow to 2026-08-23 00:00:00+00:00, run_after=2026-08-24 00:00:00+00:00
[2026-08-24T14:25:07.319+0000] {processor.py:183} INFO - Processing /home/airflow/.local/lib/python3.12/site-packages/airflow/example_dags/example_setup_teardown_taskflow.py took 0.110 seconds
[2026-08-24T14:25:38.235+0000] {processor.py:161} INFO - Started process (PID=408) to work on /home/airflow/.local/lib/python3.12/site-packages/airflow/example_dags/example_setup_teardown_taskflow.py
[2026-08-24T14:25:38.236+0000] {processor.py:830} INFO - Processing file /home/airflow/.local/lib/python3.12/site-packages/airflow/example_dags/example_setup_teardown_taskflow.py for tasks to queue
[2026-08-24T14:25:38.239+0000] {logging_mixin.py:188} INFO - [2026-08-24T14:25:38.238+0000] {dagbag.py:545} INFO - Filling up the DagBag from /home/airflow/.local/lib/python3.12/site-packages/airflow/example_dags/example_setup_teardown_taskflow.py
[2026-08-24T14:25:38.251+0000] {processor.py:840} INFO - DAG(s) 'example_setup_teardown_taskflow' retrieved from /home/airflow/.local/lib/python3.12/site-packages/airflow/example_dags/example_setup_teardown_taskflow.py
[2026-08-24T14:25:38.279+0000] {logging_mixin.py:188} INFO - [2026-08-24T14:25:38.279+0000] {dag.py:3096} INFO - Sync 1 DAGs
[2026-08-24T14:25:38.311+0000] {logging_mixin.py:188} INFO - [2026-08-24T14:25:38.311+0000] {dag.py:3954} INFO - Setting next_dagrun for example_setup_teardown_taskflow to 2026-08-23 00:00:00+00:00, run_after=2026-08-24 00:00:00+00:00
[2026-08-24T14:25:38.335+0000] {processor.py:183} INFO - Processing /home/airflow/.local/lib/python3.12/site-packages/airflow/example_dags/example_setup_teardown_taskflow.py took 0.108 seconds
[2026-08-24T14:26:09.368+0000] {processor.py:161} INFO - Started process (PID=468) to work on /home/airflow/.local/lib/python3.12/site-packages/airflow/example_dags/example_setup_teardown_taskflow.py
[2026-08-24T14:26:09.369+0000] {processor.py:830} INFO - Processing file /home/airflow/.local/lib/python3.12/site-packages/airflow/example_dags/example_setup_teardown_taskflow.py for tasks to queue
[2026-08-24T14:26:09.372+0000] {logging_mixin.py:188} INFO - [2026-08-24T14:26:09.372+0000] {dagbag.py:545} INFO - Filling up the DagBag from /home/airflow/.local/lib/python3.12/site-packages/airflow/example_dags/example_setup_teardown_taskflow.py
[2026-08-24T14:26:09.385+0000] {processor.py:840} INFO - DAG(s) 'example_setup_teardown_taskflow' retrieved from /home/airflow/.local/lib/python3.12/site-packages/airflow/example_dags/example_setup_teardown_taskflow.py
[2026-08-24T14:26:09.412+0000] {logging_mixin.py:188} INFO - [2026-08-24T14:26:09.411+0000] {dag.py:3096} INFO - Sync 1 DAGs
[2026-08-24T14:26:09.442+0000] {logging_mixin.py:188} INFO - [2026-08-24T14:26:09.442+0000] {dag.py:3954} INFO - Setting next_dagrun for example_setup_teardown_taskflow to 2026-08-23 00:00:00+00:00, run_after=2026-08-24 00:00:00+00:00
[2026-08-24T14:26:09.466+0000] {processor.py:183} INFO - Processing /home/airflow/.local/lib/python3.12/site-packages/airflow/example_dags/example_setup_teardown_taskflow.py took 0.106 seconds
[2026-08-24T14:26:40.134+0000] {processor.py:161} INFO - Started process (PID=528) to work on /home/airflow/.local/lib/python3.12/site-packages/airflow/example_dags/example_setup_teardown_taskflow.py
[2026-08-24T14:26:40.135+0000] {processor.py:830} INFO - Processing file /home/airflow/.local/lib/python3.12/site-packages/airflow/example_dags/example_setup_teardown_taskflow.py for tasks to queue
[2026-08-24T14:26:40.138+0000] {logging_mixin.py:188} INFO - [2026-08-24T14:26:40.137+0000] {dagbag.py:545} INFO - Filling up the DagBag from /home/airflow/.local/lib/python3.12/site-packages/airflow/example_dags/example_setup_teardown_taskflow.py
[2026-08-24T14:26:40.150+0000] {processor.py:840} INFO - DAG(s) 'example_setup_teardown_taskflow' retrieved from /home/airflow/.local/lib/python3.12/site-packages/airflow/example_dags/example_setup_teardown_taskflow.py
[2026-08-24T14:26:40.178+0000] {logging_mixin.py:188} INFO - [2026-08-24T14:26:40.177+0000] {dag.py:3096} INFO - Sync 1 DAGs
[2026-08-24T14:26:40.210+0000] {logging_mixin.py:188} INFO - [2026-08-24T14:26:40.210+0000] {dag.py:3954} INFO - Setting next_dagrun for example_setup_teardown_taskflow to 2026-08-23 00:00:00+00:00, run_after=2026-08-24 00:00:00+00:00
[2026-08-24T14:26:40.234+0000] {processor.py:183} INFO - Processing /home/airflow/.local/lib/python3.12/site-packages/airflow/example_dags/example_setup_teardown_taskflow.py took 0.107 seconds
[2026-08-24T14:27:10.562+0000] {processor.py:161} INFO - Started process (PID=588) to work on /home/airflow/.local/lib/python3.12/site-packages/airflow/example_dags/example_setup_teardown_taskflow.py
[2026-08-24T14:27:10.563+0000] {processor.py:830} INFO - Processing file /home/airflow/.local/lib/python3.12/site-packages/airflow/example_dags/example_setup_teardown_taskflow.py for tasks to queue
[2026-08-24T14:27:10.566+0000] {logging_mixin.py:188} INFO - [2026-08-24T14:27:10.565+0000] {dagbag.py:545} INFO - Filling up the DagBag from /home/airflow/.local/lib/python3.12/site-packages/airflow/example_dags/example_setup_teardown_taskflow.py
[2026-08-24T14:27:10.578+0000] {processor.py:840} INFO - DAG(s) 'example_setup_teardown_taskflow' retrieved from /home/airflow/.local/lib/python3.12/site-packages/airflow/example_dags/example_setup_teardown_taskflow.py
[2026-08-24T14:27:10.605+0000] {logging_mixin.py:188} INFO - [2026-08-24T14:27:10.605+0000] {dag.py:3096} INFO - Sync 1 DAGs
[2026-08-24T14:27:10.635+0000] {logging_mixin.py:188} INFO - [2026-08-24T14:27:10.634+0000] {dag.py:3954} INFO - Setting next_dagrun for example_setup_teardown_taskflow to 2026-08-23 00:00:00+00:00, run_after=2026-08-24 00:00:00+00:00
[2026-08-24T14:27:10.659+0000] {processor.py:183} INFO - Processing /home/airflow/.local/lib/python3.12/site-packages/airflow/example_dags/example_setup_teardown_taskflow.py took 0.108 seconds
[2026-08-24T14:27:40.715+0000] {processor.py:161} INFO - Started process (PID=646) to work on /home/airflow/.local/lib/python3.12/site-packages/airflow/example_dags/example_setup_teardown_taskflow.py
[2026-08-24T14:27:40.716+0000] {processor.py:830} INFO - Processing file /home/airflow/.local/lib/python3.12/site-packages/airflow/example_dags/example_setup_teardown_taskflow.py for tasks to queue
[2026-08-24T14:27:40.718+0000] {logging_mixin.py:188} INFO - [2026-08-24T14:27:40.718+0000] {dagbag.py:545} INFO - Filling up the DagBag from /home/airflow/.local/lib/python3.12/site-packages/airflow/example_dags/example_setup_teardown_taskflow.py
[2026-08-24T14:27:40.730+0000] {processor.py:840} INFO - DAG(s) 'example_setup_teardown_taskflow' retrieved from /home/airflow/.local/lib/python3.12/site-packages/airflow/example_dags/example_setup_teardown_taskflow.py
[2026-08-24T14:27:40.755+0000] {logging_mixin.py:188} INFO - [2026-08-24T14:27:40.755+0000] {dag.py:3096} INFO - Sync 1 DAGs
[2026-08-24T14:27:40.783+0000] {logging_mixin.py:188} INFO - [2026-08-24T14:27:40.783+0000] {dag.py:3954} INFO - Setting next_dagrun for example_setup_teardown_taskflow to 2026-08-23 00:00:00+00:00, run_after=2026-08-24 00:00:00+00:00
[2026-08-24T14:27:40.805+0000] {processor.py:183} INFO - Processing /home/airflow/.local/lib/python3.12/site-packages/airflow/example_dags/example_setup_teardown_taskflow.py took 0.097 seconds
[2026-08-24T14:28:10.842+0000] {processor.py:161} INFO - Started process (PID=706) to work on /home/airflow/.local/lib/python3.12/site-packages/airflow/example_dags/example_setup_teardown_taskflow.py
[2026-08-24T14:28:10.843+0000] {processor.py:830} INFO - Processing file /home/airflow/.local/lib/python3.12/site-packages/airflow/example_dags/example_setup_teardown_taskflow.py for tasks to queue
[2026-08-24T14:28:10.846+0000] {logging_mixin.py:188} INFO - [2026-08-24T14:28:10.846+0000] {dagbag.py:545} INFO - Filling up the DagBag from /home/airflow/.local/lib/python3.12/site-packages/airflow/example_dags/example_setup_teardown_taskflow.py
[2026-08-24T14:28:10.859+0000] {processor.py:840} INFO - DAG(s) 'example_setup_teardown_taskflow' retrieved from /home/airflow/.local/lib/python3.12/site-packages/airflow/example_dags/example_setup_teardown_taskflow.py
[2026-08-24T14:28:10.886+0000] {logging_mixin.py:188} INFO - [2026-08-24T14:28:10.885+0000] {dag.py:3096} INFO - Sync 1 DAGs
[2026-08-24T14:28:10.914+0000] {logging_mixin.py:188} INFO - [2026-08-24T14:28:10.914+0000] {dag.py:3954} INFO - Setting next_dagrun for example_setup_teardown_taskflow to 2026-08-23 00:00:00+00:00, run_after=2026-08-24 00:00:00+00:00
[2026-08-24T14:28:10.937+0000] {processor.py:183} INFO - Processing /home/airflow/.local/lib/python3.12/site-packages/airflow/example_dags/example_setup_teardown_taskflow.py took 0.103 seconds
[2026-08-24T14:28:41.549+0000] {processor.py:161} INFO - Started process (PID=766) to work on /home/airflow/.local/lib/python3.12/site-packages/airflow/example_dags/example_setup_teardown_taskflow.py
[2026-08-24T14:28:41.554+0000] {processor.py:830} INFO - Processing file /home/airflow/.local/lib/python3.12/site-packages/airflow/example_dags/example_setup_teardown_taskflow.py for tasks to queue
[2026-08-24T14:28:41.557+0000] {logging_mixin.py:188} INFO - [2026-08-24T14:28:41.556+0000] {dagbag.py:545} INFO - Filling up the DagBag from /home/airflow/.local/lib/python3.12/site-packages/airflow/example_dags/example_setup_teardown_taskflow.py
[2026-08-24T14:28:41.569+0000] {processor.py:840} INFO - DAG(s) 'example_setup_teardown_taskflow' retrieved from /home/airflow/.local/lib/python3.12/site-packages/airflow/example_dags/example_setup_teardown_taskflow.py
[2026-08-24T14:28:41.597+0000] {logging_mixin.py:188} INFO - [2026-08-24T14:28:41.597+0000] {dag.py:3096} INFO - Sync 1 DAGs
[2026-08-24T14:28:41.629+0000] {logging_mixin.py:188} INFO - [2026-08-24T14:28:41.628+0000] {dag.py:3954} INFO - Setting next_dagrun for example_setup_teardown_taskflow to 2026-08-23 00:00:00+00:00, run_after=2026-08-24 00:00:00+00:00
[2026-08-24T14:28:41.656+0000] {processor.py:183} INFO - Processing /home/airflow/.local/lib/python3.12/site-packages/airflow/example_dags/example_setup_teardown_taskflow.py took 0.114 seconds
[2026-08-24T14:29:12.621+0000] {processor.py:161} INFO - Started process (PID=826) to work on /home/airflow/.local/lib/python3.12/site-packages/airflow/example_dags/example_setup_teardown_taskflow.py
[2026-08-24T14:29:12.623+0000] {processor.py:830} INFO - Processing file /home/airflow/.local/lib/python3.12/site-packages/airflow/example_dags/example_setup_teardown_taskflow.py for tasks to queue
[2026-08-24T14:29:12.627+0000] {logging_mixin.py:188} INFO - [2026-08-24T14:29:12.626+0000] {dagbag.py:545} INFO - Filling up the DagBag from /home/airflow/.local/lib/python3.12/site-packages/airflow/example_dags/example_setup_teardown_taskflow.py
[2026-08-24T14:29:12.652+0000] {processor.py:840} INFO - DAG(s) 'example_setup_teardown_taskflow' retrieved from /home/airflow/.local/lib/python3.12/site-packages/airflow/example_dags/example_setup_teardown_taskflow.py
[2026-08-24T14:29:12.686+0000] {logging_mixin.py:188} INFO - [2026-08-24T14:29:12.686+0000] {dag.py:3096} INFO - Sync 1 DAGs
[2026-08-24T14:29:12.716+0000] {logging_mixin.py:188} INFO - [2026-08-24T14:29:12.716+0000] {dag.py:3954} INFO - Setting next_dagrun for example_setup_teardown_taskflow to 2026-08-23 00:00:00+00:00, run_after=2026-08-24 00:00:00+00:00
[2026-08-24T14:29:12.741+0000] {processor.py:183} INFO - Processing /home/airflow/.local/lib/python3.12/site-packages/airflow/example_dags/example_setup_teardown_taskflow.py took 0.132 seconds
[2026-08-24T14:29:42.891+0000] {processor.py:161} INFO - Started process (PID=887) to work on /home/airflow/.local/lib/python3.12/site-packages/airflow/example_dags/example_setup_teardown_taskflow.py
[2026-08-24T14:29:42.892+0000] {processor.py:830} INFO - Processing file /home/airflow/.local/lib/python3.12/site-packages/airflow/example_dags/example_setup_teardown_taskflow.py for tasks to queue
[2026-08-24T14:29:42.895+0000] {logging_mixin.py:188} INFO - [2026-08-24T14:29:42.895+0000] {dagbag.py:545} INFO - Filling up the DagBag from /home/airflow/.local/lib/python3.12/site-packages/airflow/example_dags/example_setup_teardown_taskflow.py
[2026-08-24T14:29:42.910+0000] {processor.py:840} INFO - DAG(s) 'example_setup_teardown_taskflow' retrieved from /home/airflow/.local/lib/python3.12/site-packages/airflow/example_dags/example_setup_teardown_taskflow.py
[2026-08-24T14:29:42.942+0000] {logging_mixin.py:188} INFO - [2026-08-24T14:29:42.942+0000] {dag.py:3096} INFO - Sync 1 DAGs
[2026-08-24T14:29:42.982+0000] {logging_mixin.py:188} INFO - [2026-08-24T14:29:42.982+0000] {dag.py:3954} INFO - Setting next_dagrun for example_setup_teardown_taskflow to 2026-08-23 00:00:00+00:00, run_after=2026-08-24 00:00:00+00:00
[2026-08-24T14:29:43.021+0000] {processor.py:183} INFO - Processing /home/airflow/.local/lib/python3.12/site-packages/airflow/example_dags/example_setup_teardown_taskflow.py took 0.138 seconds
[2026-08-24T14:30:14.089+0000] {processor.py:161} INFO - Started process (PID=947) to work on /home/airflow/.local/lib/python3.12/site-packages/airflow/example_dags/example_setup_teardown_taskflow.py
[2026-08-24T14:30:14.090+0000] {processor.py:830} INFO - Processing file /home/airflow/.local/lib/python3.12/site-packages/airflow/example_dags/example_setup_teardown_taskflow.py for tasks to queue
[2026-08-24T14:30:14.094+0000] {logging_mixin.py:188} INFO - [2026-08-24T14:30:14.093+0000] {dagbag.py:545} INFO - Filling up the DagBag from /home/airflow/.local/lib/python3.12/site-packages/airflow/example_dags/example_setup_teardown_taskflow.py
[2026-08-24T14:30:14.105+0000] {processor.py:840} INFO - DAG(s) 'example_setup_teardown_taskflow' retrieved from /home/airflow/.local/lib/python3.12/site-packages/airflow/example_dags/example_setup_teardown_taskflow.py
[2026-08-24T14:30:14.134+0000] {logging_mixin.py:188} INFO - [2026-08-24T14:30:14.133+0000] {dag.py:3096} INFO - Sync 1 DAGs
[2026-08-24T14:30:14.163+0000] {logging_mixin.py:188} INFO - [2026-08-24T14:30:14.163+0000] {dag.py:3954} INFO - Setting next_dagrun for example_setup_teardown_taskflow to 2026-08-23 00:00:00+00:00, run_after=2026-08-24 00:00:00+00:00
[2026-08-24T14:30:14.191+0000] {processor.py:183} INFO - Processing /home/airflow/.local/lib/python3.12/site-packages/airflow/example_dags/example_setup_teardown_taskflow.py took 0.109 seconds
[2026-08-24T14:30:44.628+0000] {processor.py:161} INFO - Started process (PID=1008) to work on /home/airflow/.local/lib/python3.12/site-packages/airflow/example_dags/example_setup_teardown_taskflow.py
[2026-08-24T14:30:44.629+0000] {processor.py:830} INFO - Processing file /home/airflow/.local/lib/python3.12/site-packages/airflow/example_dags/example_setup_teardown_taskflow.py for tasks to queue
[2026-08-24T14:30:44.632+0000] {logging_mixin.py:188} INFO - [2026-08-24T14:30:44.631+0000] {dagbag.py:545} INFO - Filling up the DagBag from /home/airflow/.local/lib/python3.12/site-packages/airflow/example_dags/example_setup_teardown_taskflow.py
[2026-08-24T14:30:44.643+0000] {processor.py:840} INFO - DAG(s) 'example_setup_teardown_taskflow' retrieved from /home/airflow/.local/lib/python3.12/site-packages/airflow/example_dags/example_setup_teardown_taskflow.py
[2026-08-24T14:30:44.670+0000] {logging_mixin.py:188} INFO - [2026-08-24T14:30:44.670+0000] {dag.py:3096} INFO - Sync 1 DAGs
[2026-08-24T14:30:44.716+0000] {logging_mixin.py:188} INFO - [2026-08-24T14:30:44.716+0000] {dag.py:3954} INFO - Setting next_dagrun for example_setup_teardown_taskflow to 2026-08-23 00:00:00+00:00, run_after=2026-08-24 00:00:00+00:00
[2026-08-24T14:30:44.747+0000] {processor.py:183} INFO - Processing /home/airflow/.local/lib/python3.12/site-packages/airflow/example_dags/example_setup_teardown_taskflow.py took 0.126 seconds
[2026-08-24T14:35:27.332+0000] {processor.py:161} INFO - Started process (PID=125) to work on /home/airflow/.local/lib/python3.12/site-packages/airflow/example_dags/example_setup_teardown_taskflow.py
[2026-08-24T14:35:27.333+0000] {processor.py:830} INFO - Processing file /home/airflow/.local/lib/python3.12/site-packages/airflow/example_dags/example_setup_teardown_taskflow.py for tasks to queue
[2026-08-24T14:35:27.337+0000] {logging_mixin.py:188} INFO - [2026-08-24T14:35:27.336+0000] {dagbag.py:545} INFO - Filling up the DagBag from /home/airflow/.local/lib/python3.12/site-packages/airflow/example_dags/example_setup_teardown_taskflow.py
[2026-08-24T14:35:27.351+0000] {processor.py:840} INFO - DAG(s) 'example_setup_teardown_taskflow' retrieved from /home/airflow/.local/lib/python3.12/site-packages/airflow/example_dags/example_setup_teardown_taskflow.py
[2026-08-24T14:35:27.523+0000] {logging_mixin.py:188} INFO - [2026-08-24T14:35:27.523+0000] {dag.py:3096} INFO - Sync 1 DAGs
[2026-08-24T14:35:27.553+0000] {logging_mixin.py:188} INFO - [2026-08-24T14:35:27.553+0000] {dag.py:3954} INFO - Setting next_dagrun for example_setup_teardown_taskflow to 2026-08-23 00:00:00+00:00, run_after=2026-08-24 00:00:00+00:00
[2026-08-24T14:35:27.588+0000] {processor.py:183} INFO - Processing /home/airflow/.local/lib/python3.12/site-packages/airflow/example_dags/example_setup_teardown_taskflow.py took 0.264 seconds
[2026-08-24T14:35:58.121+0000] {processor.py:161} INFO - Started process (PID=185) to work on /home/airflow/.local/lib/python3.12/site-packages/airflow/example_dags/example_setup_teardown_taskflow.py
[2026-08-24T14:35:58.122+0000] {processor.py:830} INFO - Processing file /home/airflow/.local/lib/python3.12/site-packages/airflow/example_dags/example_setup_teardown_taskflow.py for tasks to queue
[2026-08-24T14:35:58.124+0000] {logging_mixin.py:188} INFO - [2026-08-24T14:35:58.124+0000] {dagbag.py:545} INFO - Filling up the DagBag from /home/airflow/.local/lib/python3.12/site-packages/airflow/example_dags/example_setup_teardown_taskflow.py
[2026-08-24T14:35:58.137+0000] {processor.py:840} INFO - DAG(s) 'example_setup_teardown_taskflow' retrieved from /home/airflow/.local/lib/python3.12/site-packages/airflow/example_dags/example_setup_teardown_taskflow.py
[2026-08-24T14:35:58.169+0000] {logging_mixin.py:188} INFO - [2026-08-24T14:35:58.168+0000] {dag.py:3096} INFO - Sync 1 DAGs
[2026-08-24T14:35:58.197+0000] {logging_mixin.py:188} INFO - [2026-08-24T14:35:58.197+0000] {dag.py:3954} INFO - Setting next_dagrun for example_setup_teardown_taskflow to 2026-08-23 00:00:00+00:00, run_after=2026-08-24 00:00:00+00:00
[2026-08-24T14:35:58.224+0000] {processor.py:183} INFO - Processing /home/airflow/.local/lib/python3.12/site-packages/airflow/example_dags/example_setup_teardown_taskflow.py took 0.111 seconds
[2026-08-24T14:36:28.544+0000] {processor.py:161} INFO - Started process (PID=245) to work on /home/airflow/.local/lib/python3.12/site-packages/airflow/example_dags/example_setup_teardown_taskflow.py
[2026-08-24T14:36:28.545+0000] {processor.py:830} INFO - Processing file /home/airflow/.local/lib/python3.12/site-packages/airflow/example_dags/example_setup_teardown_taskflow.py for tasks to queue
[2026-08-24T14:36:28.548+0000] {logging_mixin.py:188} INFO - [2026-08-24T14:36:28.548+0000] {dagbag.py:545} INFO - Filling up the DagBag from /home/airflow/.local/lib/python3.12/site-packages/airflow/example_dags/example_setup_teardown_taskflow.py
[2026-08-24T14:36:28.560+0000] {processor.py:840} INFO - DAG(s) 'example_setup_teardown_taskflow' retrieved from /home/airflow/.local/lib/python3.12/site-packages/airflow/example_dags/example_setup_teardown_taskflow.py
[2026-08-24T14:36:28.587+0000] {logging_mixin.py:188} INFO - [2026-08-24T14:36:28.586+0000] {dag.py:3096} INFO - Sync 1 DAGs
[2026-08-24T14:36:28.616+0000] {logging_mixin.py:188} INFO - [2026-08-24T14:36:28.615+0000] {dag.py:3954} INFO - Setting next_dagrun for example_setup_teardown_taskflow to 2026-08-23 00:00:00+00:00, run_after=2026-08-24 00:00:00+00:00
[2026-08-24T14:36:28.652+0000] {processor.py:183} INFO - Processing /home/airflow/.local/lib/python3.12/site-packages/airflow/example_dags/example_setup_teardown_taskflow.py took 0.116 seconds
[2026-08-24T14:36:58.977+0000] {processor.py:161} INFO - Started process (PID=306) to work on /home/airflow/.local/lib/python3.12/site-packages/airflow/example_dags/example_setup_teardown_taskflow.py
[2026-08-24T14:36:58.979+0000] {processor.py:830} INFO - Processing file /home/airflow/.local/lib/python3.12/site-packages/airflow/example_dags/example_setup_teardown_taskflow.py for tasks to queue
[2026-08-24T14:36:58.982+0000] {logging_mixin.py:188} INFO - [2026-08-24T14:36:58.981+0000] {dagbag.py:545} INFO - Filling up the DagBag from /home/airflow/.local/lib/python3.12/site-packages/airflow/example_dags/example_setup_teardown_taskflow.py
[2026-08-24T14:36:58.998+0000] {processor.py:840} INFO - DAG(s) 'example_setup_teardown_taskflow' retrieved from /home/airflow/.local/lib/python3.12/site-packages/airflow/example_dags/example_setup_teardown_taskflow.py
[2026-08-24T14:36:59.028+0000] {logging_mixin.py:188} INFO - [2026-08-24T14:36:59.028+0000] {dag.py:3096} INFO - Sync 1 DAGs
[2026-08-24T14:36:59.057+0000] {logging_mixin.py:188} INFO - [2026-08-24T14:36:59.057+0000] {dag.py:3954} INFO - Setting next_dagrun for example_setup_teardown_taskflow to 2026-08-23 00:00:00+00:00, run_after=2026-08-24 00:00:00+00:00
[2026-08-24T14:36:59.081+0000] {processor.py:183} INFO - Processing /home/airflow/.local/lib/python3.12/site-packages/airflow/example_dags/example_setup_teardown_taskflow.py took 0.112 seconds
[2026-08-24T14:37:30.352+0000] {processor.py:161} INFO - Started process (PID=372) to work on /home/airflow/.local/lib/python3.12/site-packages/airflow/example_dags/example_setup_teardown_taskflow.py
[2026-08-24T14:37:30.353+0000] {processor.py:830} INFO - Processing file /home/airflow/.local/lib/python3.12/site-packages/airflow/example_dags/example_setup_teardown_taskflow.py for tasks to queue
[2026-08-24T14:37:30.357+0000] {logging_mixin.py:188} INFO - [2026-08-24T14:37:30.356+0000] {dagbag.py:545} INFO - Filling up the DagBag from /home/airflow/.local/lib/python3.12/site-packages/airflow/example_dags/example_setup_teardown_taskflow.py
[2026-08-24T14:37:30.371+0000] {processor.py:840} INFO - DAG(s) 'example_setup_teardown_taskflow' retrieved from /home/airflow/.local/lib/python3.12/site-packages/airflow/example_dags/example_setup_teardown_taskflow.py
[2026-08-24T14:37:30.408+0000] {logging_mixin.py:188} INFO - [2026-08-24T14:37:30.408+0000] {dag.py:3096} INFO - Sync 1 DAGs
[2026-08-24T14:37:30.442+0000] {logging_mixin.py:188} INFO - [2026-08-24T14:37:30.442+0000] {dag.py:3954} INFO - Setting next_dagrun for example_setup_teardown_taskflow to 2026-08-23 00:00:00+00:00, run_after=2026-08-24 00:00:00+00:00
[2026-08-24T14:37:30.474+0000] {processor.py:183} INFO - Processing /home/airflow/.local/lib/python3.12/site-packages/airflow/example_dags/example_setup_teardown_taskflow.py took 0.131 seconds
[2026-08-24T14:38:01.804+0000] {processor.py:161} INFO - Started process (PID=433) to work on /home/airflow/.local/lib/python3.12/site-packages/airflow/example_dags/example_setup_teardown_taskflow.py
[2026-08-24T14:38:01.805+0000] {processor.py:830} INFO - Processing file /home/airflow/.local/lib/python3.12/site-packages/airflow/example_dags/example_setup_teardown_taskflow.py for tasks to queue
[2026-08-24T14:38:01.808+0000] {logging_mixin.py:188} INFO - [2026-08-24T14:38:01.807+0000] {dagbag.py:545} INFO - Filling up the DagBag from /home/airflow/.local/lib/python3.12/site-packages/airflow/example_dags/example_setup_teardown_taskflow.py
[2026-08-24T14:38:01.822+0000] {processor.py:840} INFO - DAG(s) 'example_setup_teardown_taskflow' retrieved from /home/airflow/.local/lib/python3.12/site-packages/airflow/example_dags/example_setup_teardown_taskflow.py
[2026-08-24T14:38:01.850+0000] {logging_mixin.py:188} INFO - [2026-08-24T14:38:01.850+0000] {dag.py:3096} INFO - Sync 1 DAGs
[2026-08-24T14:38:01.881+0000] {logging_mixin.py:188} INFO - [2026-08-24T14:38:01.881+0000] {dag.py:3954} INFO - Setting next_dagrun for example_setup_teardown_taskflow to 2026-08-23 00:00:00+00:00, run_after=2026-08-24 00:00:00+00:00
[2026-08-24T14:38:01.907+0000] {processor.py:183} INFO - Processing /home/airflow/.local/lib/python3.12/site-packages/airflow/example_dags/example_setup_teardown_taskflow.py took 0.112 seconds
[2026-08-24T14:38:32.315+0000] {processor.py:161} INFO - Started process (PID=492) to work on /home/airflow/.local/lib/python3.12/site-packages/airflow/example_dags/example_setup_teardown_taskflow.py
[2026-08-24T14:38:32.316+0000] {processor.py:830} INFO - Processing file /home/airflow/.local/lib/python3.12/site-packages/airflow/example_dags/example_setup_teardown_taskflow.py for tasks to queue
[2026-08-24T14:38:32.320+0000] {logging_mixin.py:188} INFO - [2026-08-24T14:38:32.319+0000] {dagbag.py:545} INFO - Filling up the DagBag from /home/airflow/.local/lib/python3.12/site-packages/airflow/example_dags/example_setup_teardown_taskflow.py
[2026-08-24T14:38:32.333+0000] {processor.py:840} INFO - DAG(s) 'example_setup_teardown_taskflow' retrieved from /home/airflow/.local/lib/python3.12/site-packages/airflow/example_dags/example_setup_teardown_taskflow.py
[2026-08-24T14:38:32.370+0000] {logging_mixin.py:188} INFO - [2026-08-24T14:38:32.369+0000] {dag.py:3096} INFO - Sync 1 DAGs
[2026-08-24T14:38:32.402+0000] {logging_mixin.py:188} INFO - [2026-08-24T14:38:32.402+0000] {dag.py:3954} INFO - Setting next_dagrun for example_setup_teardown_taskflow to 2026-08-23 00:00:00+00:00, run_after=2026-08-24 00:00:00+00:00
[2026-08-24T14:38:32.433+0000] {processor.py:183} INFO - Processing /home/airflow/.local/lib/python3.12/site-packages/airflow/example_dags/example_setup_teardown_taskflow.py took 0.126 seconds
[2026-08-24T14:39:03.080+0000] {processor.py:161} INFO - Started process (PID=551) to work on /home/airflow/.local/lib/python3.12/site-packages/airflow/example_dags/example_setup_teardown_taskflow.py
[2026-08-24T14:39:03.081+0000] {processor.py:830} INFO - Processing file /home/airflow/.local/lib/python3.12/site-packages/airflow/example_dags/example_setup_teardown_taskflow.py for tasks to queue
[2026-08-24T14:39:03.084+0000] {logging_mixin.py:188} INFO - [2026-08-24T14:39:03.083+0000] {dagbag.py:545} INFO - Filling up the DagBag from /home/airflow/.local/lib/python3.12/site-packages/airflow/example_dags/example_setup_teardown_taskflow.py
[2026-08-24T14:39:03.097+0000] {processor.py:840} INFO - DAG(s) 'example_setup_teardown_taskflow' retrieved from /home/airflow/.local/lib/python3.12/site-packages/airflow/example_dags/example_setup_teardown_taskflow.py
[2026-08-24T14:39:03.125+0000] {logging_mixin.py:188} INFO - [2026-08-24T14:39:03.125+0000] {dag.py:3096} INFO - Sync 1 DAGs
[2026-08-24T14:39:03.156+0000] {logging_mixin.py:188} INFO - [2026-08-24T14:39:03.155+0000] {dag.py:3954} INFO - Setting next_dagrun for example_setup_teardown_taskflow to 2026-08-23 00:00:00+00:00, run_after=2026-08-24 00:00:00+00:00
[2026-08-24T14:39:03.188+0000] {processor.py:183} INFO - Processing /home/airflow/.local/lib/python3.12/site-packages/airflow/example_dags/example_setup_teardown_taskflow.py took 0.116 seconds
[2026-08-24T14:41:20.394+0000] {processor.py:161} INFO - Started process (PID=130) to work on /home/airflow/.local/lib/python3.12/site-packages/airflow/example_dags/example_setup_teardown_taskflow.py
[2026-08-24T14:41:20.396+0000] {processor.py:830} INFO - Processing file /home/airflow/.local/lib/python3.12/site-packages/airflow/example_dags/example_setup_teardown_taskflow.py for tasks to queue
[2026-08-24T14:41:20.398+0000] {logging_mixin.py:188} INFO - [2026-08-24T14:41:20.398+0000] {dagbag.py:545} INFO - Filling up the DagBag from /home/airflow/.local/lib/python3.12/site-packages/airflow/example_dags/example_setup_teardown_taskflow.py
[2026-08-24T14:41:20.412+0000] {processor.py:840} INFO - DAG(s) 'example_setup_teardown_taskflow' retrieved from /home/airflow/.local/lib/python3.12/site-packages/airflow/example_dags/example_setup_teardown_taskflow.py
[2026-08-24T14:41:20.567+0000] {logging_mixin.py:188} INFO - [2026-08-24T14:41:20.567+0000] {dag.py:3096} INFO - Sync 1 DAGs
[2026-08-24T14:41:20.594+0000] {logging_mixin.py:188} INFO - [2026-08-24T14:41:20.593+0000] {dag.py:3954} INFO - Setting next_dagrun for example_setup_teardown_taskflow to 2026-08-23 00:00:00+00:00, run_after=2026-08-24 00:00:00+00:00
[2026-08-24T14:41:20.623+0000] {processor.py:183} INFO - Processing /home/airflow/.local/lib/python3.12/site-packages/airflow/example_dags/example_setup_teardown_taskflow.py took 0.238 seconds
[2026-08-24T14:41:51.197+0000] {processor.py:161} INFO - Started process (PID=190) to work on /home/airflow/.local/lib/python3.12/site-packages/airflow/example_dags/example_setup_teardown_taskflow.py
[2026-08-24T14:41:51.199+0000] {processor.py:830} INFO - Processing file /home/airflow/.local/lib/python3.12/site-packages/airflow/example_dags/example_setup_teardown_taskflow.py for tasks to queue
[2026-08-24T14:41:51.203+0000] {logging_mixin.py:188} INFO - [2026-08-24T14:41:51.203+0000] {dagbag.py:545} INFO - Filling up the DagBag from /home/airflow/.local/lib/python3.12/site-packages/airflow/example_dags/example_setup_teardown_taskflow.py
[2026-08-24T14:41:51.221+0000] {processor.py:840} INFO - DAG(s) 'example_setup_teardown_taskflow' retrieved from /home/airflow/.local/lib/python3.12/site-packages/airflow/example_dags/example_setup_teardown_taskflow.py
[2026-08-24T14:41:51.264+0000] {logging_mixin.py:188} INFO - [2026-08-24T14:41:51.263+0000] {dag.py:3096} INFO - Sync 1 DAGs
[2026-08-24T14:41:51.302+0000] {logging_mixin.py:188} INFO - [2026-08-24T14:41:51.302+0000] {dag.py:3954} INFO - Setting next_dagrun for example_setup_teardown_taskflow to 2026-08-23 00:00:00+00:00, run_after=2026-08-24 00:00:00+00:00
[2026-08-24T14:41:51.334+0000] {processor.py:183} INFO - Processing /home/airflow/.local/lib/python3.12/site-packages/airflow/example_dags/example_setup_teardown_taskflow.py took 0.150 seconds
[2026-08-24T14:42:21.939+0000] {processor.py:161} INFO - Started process (PID=250) to work on /home/airflow/.local/lib/python3.12/site-packages/airflow/example_dags/example_setup_teardown_taskflow.py
[2026-08-24T14:42:21.941+0000] {processor.py:830} INFO - Processing file /home/airflow/.local/lib/python3.12/site-packages/airflow/example_dags/example_setup_teardown_taskflow.py for tasks to queue
[2026-08-24T14:42:21.945+0000] {logging_mixin.py:188} INFO - [2026-08-24T14:42:21.944+0000] {dagbag.py:545} INFO - Filling up the DagBag from /home/airflow/.local/lib/python3.12/site-packages/airflow/example_dags/example_setup_teardown_taskflow.py
[2026-08-24T14:42:21.970+0000] {processor.py:840} INFO - DAG(s) 'example_setup_teardown_taskflow' retrieved from /home/airflow/.local/lib/python3.12/site-packages/airflow/example_dags/example_setup_teardown_taskflow.py
[2026-08-24T14:42:22.018+0000] {logging_mixin.py:188} INFO - [2026-08-24T14:42:22.018+0000] {dag.py:3096} INFO - Sync 1 DAGs
[2026-08-24T14:42:22.064+0000] {logging_mixin.py:188} INFO - [2026-08-24T14:42:22.063+0000] {dag.py:3954} INFO - Setting next_dagrun for example_setup_teardown_taskflow to 2026-08-23 00:00:00+00:00, run_after=2026-08-24 00:00:00+00:00
[2026-08-24T14:42:22.101+0000] {processor.py:183} INFO - Processing /home/airflow/.local/lib/python3.12/site-packages/airflow/example_dags/example_setup_teardown_taskflow.py took 0.175 seconds
[2026-08-24T14:42:52.916+0000] {processor.py:161} INFO - Started process (PID=310) to work on /home/airflow/.local/lib/python3.12/site-packages/airflow/example_dags/example_setup_teardown_taskflow.py
[2026-08-24T14:42:52.917+0000] {processor.py:830} INFO - Processing file /home/airflow/.local/lib/python3.12/site-packages/airflow/example_dags/example_setup_teardown_taskflow.py for tasks to queue
[2026-08-24T14:42:52.920+0000] {logging_mixin.py:188} INFO - [2026-08-24T14:42:52.919+0000] {dagbag.py:545} INFO - Filling up the DagBag from /home/airflow/.local/lib/python3.12/site-packages/airflow/example_dags/example_setup_teardown_taskflow.py
[2026-08-24T14:42:52.932+0000] {processor.py:840} INFO - DAG(s) 'example_setup_teardown_taskflow' retrieved from /home/airflow/.local/lib/python3.12/site-packages/airflow/example_dags/example_setup_teardown_taskflow.py
[2026-08-24T14:42:52.963+0000] {logging_mixin.py:188} INFO - [2026-08-24T14:42:52.963+0000] {dag.py:3096} INFO - Sync 1 DAGs
[2026-08-24T14:42:52.993+0000] {logging_mixin.py:188} INFO - [2026-08-24T14:42:52.992+0000] {dag.py:3954} INFO - Setting next_dagrun for example_setup_teardown_taskflow to 2026-08-23 00:00:00+00:00, run_after=2026-08-24 00:00:00+00:00
[2026-08-24T14:42:53.021+0000] {processor.py:183} INFO - Processing /home/airflow/.local/lib/python3.12/site-packages/airflow/example_dags/example_setup_teardown_taskflow.py took 0.113 seconds
[2026-08-24T14:43:23.459+0000] {processor.py:161} INFO - Started process (PID=370) to work on /home/airflow/.local/lib/python3.12/site-packages/airflow/example_dags/example_setup_teardown_taskflow.py
[2026-08-24T14:43:23.460+0000] {processor.py:830} INFO - Processing file /home/airflow/.local/lib/python3.12/site-packages/airflow/example_dags/example_setup_teardown_taskflow.py for tasks to queue
[2026-08-24T14:43:23.464+0000] {logging_mixin.py:188} INFO - [2026-08-24T14:43:23.464+0000] {dagbag.py:545} INFO - Filling up the DagBag from /home/airflow/.local/lib/python3.12/site-packages/airflow/example_dags/example_setup_teardown_taskflow.py
[2026-08-24T14:43:23.477+0000] {processor.py:840} INFO - DAG(s) 'example_setup_teardown_taskflow' retrieved from /home/airflow/.local/lib/python3.12/site-packages/airflow/example_dags/example_setup_teardown_taskflow.py
[2026-08-24T14:43:23.510+0000] {logging_mixin.py:188} INFO - [2026-08-24T14:43:23.510+0000] {dag.py:3096} INFO - Sync 1 DAGs
[2026-08-24T14:43:23.542+0000] {logging_mixin.py:188} INFO - [2026-08-24T14:43:23.541+0000] {dag.py:3954} INFO - Setting next_dagrun for example_setup_teardown_taskflow to 2026-08-23 00:00:00+00:00, run_after=2026-08-24 00:00:00+00:00
[2026-08-24T14:43:23.574+0000] {processor.py:183} INFO - Processing /home/airflow/.local/lib/python3.12/site-packages/airflow/example_dags/example_setup_teardown_taskflow.py took 0.125 seconds
[2026-08-24T14:43:53.665+0000] {processor.py:161} INFO - Started process (PID=429) to work on /home/airflow/.local/lib/python3.12/site-packages/airflow/example_dags/example_setup_teardown_taskflow.py
[2026-08-24T14:43:53.667+0000] {processor.py:830} INFO - Processing file /home/airflow/.local/lib/python3.12/site-packages/airflow/example_dags/example_setup_teardown_taskflow.py for tasks to queue
[2026-08-24T14:43:53.669+0000] {logging_mixin.py:188} INFO - [2026-08-24T14:43:53.669+0000] {dagbag.py:545} INFO - Filling up the DagBag from /home/airflow/.local/lib/python3.12/site-packages/airflow/example_dags/example_setup_teardown_taskflow.py
[2026-08-24T14:43:53.685+0000] {processor.py:840} INFO - DAG(s) 'example_setup_teardown_taskflow' retrieved from /home/airflow/.local/lib/python3.12/site-packages/airflow/example_dags/example_setup_teardown_taskflow.py
[2026-08-24T14:43:53.729+0000] {logging_mixin.py:188} INFO - [2026-08-24T14:43:53.729+0000] {dag.py:3096} INFO - Sync 1 DAGs
[2026-08-24T14:43:53.787+0000] {logging_mixin.py:188} INFO - [2026-08-24T14:43:53.786+0000] {dag.py:3954} INFO - Setting next_dagrun for example_setup_teardown_taskflow to 2026-08-23 00:00:00+00:00, run_after=2026-08-24 00:00:00+00:00
[2026-08-24T14:43:53.826+0000] {processor.py:183} INFO - Processing /home/airflow/.local/lib/python3.12/site-packages/airflow/example_dags/example_setup_teardown_taskflow.py took 0.168 seconds
[2026-08-24T14:44:24.369+0000] {processor.py:161} INFO - Started process (PID=488) to work on /home/airflow/.local/lib/python3.12/site-packages/airflow/example_dags/example_setup_teardown_taskflow.py
[2026-08-24T14:44:24.372+0000] {processor.py:830} INFO - Processing file /home/airflow/.local/lib/python3.12/site-packages/airflow/example_dags/example_setup_teardown_taskflow.py for tasks to queue
[2026-08-24T14:44:24.378+0000] {logging_mixin.py:188} INFO - [2026-08-24T14:44:24.377+0000] {dagbag.py:545} INFO - Filling up the DagBag from /home/airflow/.local/lib/python3.12/site-packages/airflow/example_dags/example_setup_teardown_taskflow.py
[2026-08-24T14:44:24.401+0000] {processor.py:840} INFO - DAG(s) 'example_setup_teardown_taskflow' retrieved from /home/airflow/.local/lib/python3.12/site-packages/airflow/example_dags/example_setup_teardown_taskflow.py
[2026-08-24T14:44:24.447+0000] {logging_mixin.py:188} INFO - [2026-08-24T14:44:24.447+0000] {dag.py:3096} INFO - Sync 1 DAGs
[2026-08-24T14:44:24.492+0000] {logging_mixin.py:188} INFO - [2026-08-24T14:44:24.491+0000] {dag.py:3954} INFO - Setting next_dagrun for example_setup_teardown_taskflow to 2026-08-23 00:00:00+00:00, run_after=2026-08-24 00:00:00+00:00
[2026-08-24T14:44:24.531+0000] {processor.py:183} INFO - Processing /home/airflow/.local/lib/python3.12/site-packages/airflow/example_dags/example_setup_teardown_taskflow.py took 0.174 seconds
[2026-08-24T14:44:55.486+0000] {processor.py:161} INFO - Started process (PID=548) to work on /home/airflow/.local/lib/python3.12/site-packages/airflow/example_dags/example_setup_teardown_taskflow.py
[2026-08-24T14:44:55.487+0000] {processor.py:830} INFO - Processing file /home/airflow/.local/lib/python3.12/site-packages/airflow/example_dags/example_setup_teardown_taskflow.py for tasks to queue
[2026-08-24T14:44:55.489+0000] {logging_mixin.py:188} INFO - [2026-08-24T14:44:55.489+0000] {dagbag.py:545} INFO - Filling up the DagBag from /home/airflow/.local/lib/python3.12/site-packages/airflow/example_dags/example_setup_teardown_taskflow.py
[2026-08-24T14:44:55.502+0000] {processor.py:840} INFO - DAG(s) 'example_setup_teardown_taskflow' retrieved from /home/airflow/.local/lib/python3.12/site-packages/airflow/example_dags/example_setup_teardown_taskflow.py
[2026-08-24T14:44:55.531+0000] {logging_mixin.py:188} INFO - [2026-08-24T14:44:55.531+0000] {dag.py:3096} INFO - Sync 1 DAGs
[2026-08-24T14:44:55.559+0000] {logging_mixin.py:188} INFO - [2026-08-24T14:44:55.559+0000] {dag.py:3954} INFO - Setting next_dagrun for example_setup_teardown_taskflow to 2026-08-23 00:00:00+00:00, run_after=2026-08-24 00:00:00+00:00
[2026-08-24T14:44:55.589+0000] {processor.py:183} INFO - Processing /home/airflow/.local/lib/python3.12/site-packages/airflow/example_dags/example_setup_teardown_taskflow.py took 0.112 seconds
[2026-08-24T14:49:23.326+0000] {processor.py:161} INFO - Started process (PID=129) to work on /home/airflow/.local/lib/python3.12/site-packages/airflow/example_dags/example_setup_teardown_taskflow.py
[2026-08-24T14:49:23.327+0000] {processor.py:830} INFO - Processing file /home/airflow/.local/lib/python3.12/site-packages/airflow/example_dags/example_setup_teardown_taskflow.py for tasks to queue
[2026-08-24T14:49:23.330+0000] {logging_mixin.py:188} INFO - [2026-08-24T14:49:23.329+0000] {dagbag.py:545} INFO - Filling up the DagBag from /home/airflow/.local/lib/python3.12/site-packages/airflow/example_dags/example_setup_teardown_taskflow.py
[2026-08-24T14:49:23.349+0000] {processor.py:840} INFO - DAG(s) 'example_setup_teardown_taskflow' retrieved from /home/airflow/.local/lib/python3.12/site-packages/airflow/example_dags/example_setup_teardown_taskflow.py
[2026-08-24T14:49:23.520+0000] {logging_mixin.py:188} INFO - [2026-08-24T14:49:23.520+0000] {dag.py:3096} INFO - Sync 1 DAGs
[2026-08-24T14:49:23.550+0000] {logging_mixin.py:188} INFO - [2026-08-24T14:49:23.550+0000] {dag.py:3954} INFO - Setting next_dagrun for example_setup_teardown_taskflow to 2026-08-23 00:00:00+00:00, run_after=2026-08-24 00:00:00+00:00
[2026-08-24T14:49:23.583+0000] {processor.py:183} INFO - Processing /home/airflow/.local/lib/python3.12/site-packages/airflow/example_dags/example_setup_teardown_taskflow.py took 0.265 seconds
[2026-08-24T14:50:17.310+0000] {processor.py:161} INFO - Started process (PID=109) to work on /home/airflow/.local/lib/python3.12/site-packages/airflow/example_dags/example_setup_teardown_taskflow.py
[2026-08-24T14:50:17.311+0000] {processor.py:830} INFO - Processing file /home/airflow/.local/lib/python3.12/site-packages/airflow/example_dags/example_setup_teardown_taskflow.py for tasks to queue
[2026-08-24T14:50:17.313+0000] {logging_mixin.py:188} INFO - [2026-08-24T14:50:17.313+0000] {dagbag.py:545} INFO - Filling up the DagBag from /home/airflow/.local/lib/python3.12/site-packages/airflow/example_dags/example_setup_teardown_taskflow.py
[2026-08-24T14:50:17.325+0000] {processor.py:840} INFO - DAG(s) 'example_setup_teardown_taskflow' retrieved from /home/airflow/.local/lib/python3.12/site-packages/airflow/example_dags/example_setup_teardown_taskflow.py
[2026-08-24T14:50:17.357+0000] {logging_mixin.py:188} INFO - [2026-08-24T14:50:17.357+0000] {dag.py:3096} INFO - Sync 1 DAGs
[2026-08-24T14:50:17.389+0000] {logging_mixin.py:188} INFO - [2026-08-24T14:50:17.389+0000] {dag.py:3954} INFO - Setting next_dagrun for example_setup_teardown_taskflow to 2026-08-23 00:00:00+00:00, run_after=2026-08-24 00:00:00+00:00
[2026-08-24T14:50:17.421+0000] {processor.py:183} INFO - Processing /home/airflow/.local/lib/python3.12/site-packages/airflow/example_dags/example_setup_teardown_taskflow.py took 0.118 seconds
[2026-08-24T14:50:48.275+0000] {processor.py:161} INFO - Started process (PID=169) to work on /home/airflow/.local/lib/python3.12/site-packages/airflow/example_dags/example_setup_teardown_taskflow.py
[2026-08-24T14:50:48.277+0000] {processor.py:830} INFO - Processing file /home/airflow/.local/lib/python3.12/site-packages/airflow/example_dags/example_setup_teardown_taskflow.py for tasks to queue
[2026-08-24T14:50:48.279+0000] {logging_mixin.py:188} INFO - [2026-08-24T14:50:48.279+0000] {dagbag.py:545} INFO - Filling up the DagBag from /home/airflow/.local/lib/python3.12/site-packages/airflow/example_dags/example_setup_teardown_taskflow.py
[2026-08-24T14:50:48.291+0000] {processor.py:840} INFO - DAG(s) 'example_setup_teardown_taskflow' retrieved from /home/airflow/.local/lib/python3.12/site-packages/airflow/example_dags/example_setup_teardown_taskflow.py
[2026-08-24T14:50:48.320+0000] {logging_mixin.py:188} INFO - [2026-08-24T14:50:48.320+0000] {dag.py:3096} INFO - Sync 1 DAGs
[2026-08-24T14:50:48.351+0000] {logging_mixin.py:188} INFO - [2026-08-24T14:50:48.350+0000] {dag.py:3954} INFO - Setting next_dagrun for example_setup_teardown_taskflow to 2026-08-23 00:00:00+00:00, run_after=2026-08-24 00:00:00+00:00
[2026-08-24T14:50:48.377+0000] {processor.py:183} INFO - Processing /home/airflow/.local/lib/python3.12/site-packages/airflow/example_dags/example_setup_teardown_taskflow.py took 0.110 seconds
[2026-08-24T14:51:19.123+0000] {processor.py:161} INFO - Started process (PID=229) to work on /home/airflow/.local/lib/python3.12/site-packages/airflow/example_dags/example_setup_teardown_taskflow.py
[2026-08-24T14:51:19.125+0000] {processor.py:830} INFO - Processing file /home/airflow/.local/lib/python3.12/site-packages/airflow/example_dags/example_setup_teardown_taskflow.py for tasks to queue
[2026-08-24T14:51:19.127+0000] {logging_mixin.py:188} INFO - [2026-08-24T14:51:19.127+0000] {dagbag.py:545} INFO - Filling up the DagBag from /home/airflow/.local/lib/python3.12/site-packages/airflow/example_dags/example_setup_teardown_taskflow.py
[2026-08-24T14:51:19.139+0000] {processor.py:840} INFO - DAG(s) 'example_setup_teardown_taskflow' retrieved from /home/airflow/.local/lib/python3.12/site-packages/airflow/example_dags/example_setup_teardown_taskflow.py
[2026-08-24T14:51:19.165+0000] {logging_mixin.py:188} INFO - [2026-08-24T14:51:19.165+0000] {dag.py:3096} INFO - Sync 1 DAGs
[2026-08-24T14:51:19.192+0000] {logging_mixin.py:188} INFO - [2026-08-24T14:51:19.191+0000] {dag.py:3954} INFO - Setting next_dagrun for example_setup_teardown_taskflow to 2026-08-23 00:00:00+00:00, run_after=2026-08-24 00:00:00+00:00
[2026-08-24T14:51:19.215+0000] {processor.py:183} INFO - Processing /home/airflow/.local/lib/python3.12/site-packages/airflow/example_dags/example_setup_teardown_taskflow.py took 0.099 seconds
