[2026-08-24T13:50:59.457+0000] {processor.py:161} INFO - Started process (PID=88) to work on /home/airflow/.local/lib/python3.12/site-packages/airflow/example_dags/example_branch_day_of_week_operator.py
[2026-08-24T13:50:59.458+0000] {processor.py:830} INFO - Processing file /home/airflow/.local/lib/python3.12/site-packages/airflow/example_dags/example_branch_day_of_week_operator.py for tasks to queue
[2026-08-24T13:50:59.462+0000] {logging_mixin.py:188} INFO - [2026-08-24T13:50:59.461+0000] {dagbag.py:545} INFO - Filling up the DagBag from /home/airflow/.local/lib/python3.12/site-packages/airflow/example_dags/example_branch_day_of_week_operator.py
[2026-08-24T13:50:59.483+0000] {processor.py:840} INFO - DAG(s) 'example_weekday_branch_operator' retrieved from /home/airflow/.local/lib/python3.12/site-packages/airflow/example_dags/example_branch_day_of_week_operator.py
[2026-08-24T13:50:59.672+0000] {logging_mixin.py:188} INFO - [2026-08-24T13:50:59.672+0000] {dag.py:3096} INFO - Sync 1 DAGs
[2026-08-24T13:50:59.712+0000] {logging_mixin.py:188} INFO - [2026-08-24T13:50:59.712+0000] {dag.py:3954} INFO - Setting next_dagrun for example_weekday_branch_operator to 2026-08-23 00:00:00+00:00, run_after=2026-08-24 00:00:00+00:00
[2026-08-24T13:50:59.745+0000] {processor.py:183} INFO - Processing /home/airflow/.local/lib/python3.12/site-packages/airflow/example_dags/example_branch_day_of_week_operator.py took 0.299 seconds
[2026-08-24T13:51:41.926+0000] {processor.py:161} INFO - Started process (PID=69) to work on /home/airflow/.local/lib/python3.12/site-packages/airflow/example_dags/example_branch_day_of_week_operator.py
[2026-08-24T13:51:41.927+0000] {processor.py:830} INFO - Processing file /home/airflow/.local/lib/python3.12/site-packages/airflow/example_dags/example_branch_day_of_week_operator.py for tasks to queue
[2026-08-24T13:51:41.930+0000] {logging_mixin.py:188} INFO - [2026-08-24T13:51:41.929+0000] {dagbag.py:545} INFO - Filling up the DagBag from /home/airflow/.local/lib/python3.12/site-packages/airflow/example_dags/example_branch_day_of_week_operator.py
[2026-08-24T13:51:41.942+0000] {processor.py:840} INFO - DAG(s) 'example_weekday_branch_operator' retrieved from /home/airflow/.local/lib/python3.12/site-packages/airflow/example_dags/example_branch_day_of_week_operator.py
[2026-08-24T13:51:41.977+0000] {logging_mixin.py:188} INFO - [2026-08-24T13:51:41.977+0000] {dag.py:3096} INFO - Sync 1 DAGs
[2026-08-24T13:51:42.008+0000] {logging_mixin.py:188} INFO - [2026-08-24T13:51:42.008+0000] {dag.py:3954} INFO - Setting next_dagrun for example_weekday_branch_operator to 2026-08-23 00:00:00+00:00, run_after=2026-08-24 00:00:00+00:00
[2026-08-24T13:51:42.030+0000] {processor.py:183} INFO - Processing /home/airflow/.local/lib/python3.12/site-packages/airflow/example_dags/example_branch_day_of_week_operator.py took 0.110 seconds
[2026-08-24T13:52:12.184+0000] {processor.py:161} INFO - Started process (PID=128) to work on /home/airflow/.local/lib/python3.12/site-packages/airflow/example_dags/example_branch_day_of_week_operator.py
[2026-08-24T13:52:12.185+0000] {processor.py:830} INFO - Processing file /home/airflow/.local/lib/python3.12/site-packages/airflow/example_dags/example_branch_day_of_week_operator.py for tasks to queue
[2026-08-24T13:52:12.188+0000] {logging_mixin.py:188} INFO - [2026-08-24T13:52:12.187+0000] {dagbag.py:545} INFO - Filling up the DagBag from /home/airflow/.local/lib/python3.12/site-packages/airflow/example_dags/example_branch_day_of_week_operator.py
[2026-08-24T13:52:12.197+0000] {processor.py:840} INFO - DAG(s) 'example_weekday_branch_operator' retrieved from /home/airflow/.local/lib/python3.12/site-packages/airflow/example_dags/example_branch_day_of_week_operator.py
[2026-08-24T13:52:12.222+0000] {logging_mixin.py:188} INFO - [2026-08-24T13:52:12.221+0000] {dag.py:3096} INFO - Sync 1 DAGs
[2026-08-24T13:52:12.249+0000] {logging_mixin.py:188} INFO - [2026-08-24T13:52:12.249+0000] {dag.py:3954} INFO - Setting next_dagrun for example_weekday_branch_operator to 2026-08-23 00:00:00+00:00, run_after=2026-08-24 00:00:00+00:00
[2026-08-24T13:52:12.270+0000] {processor.py:183} INFO - Processing /home/airflow/.local/lib/python3.12/site-packages/airflow/example_dags/example_branch_day_of_week_operator.py took 0.093 seconds
[2026-08-24T13:52:42.785+0000] {processor.py:161} INFO - Started process (PID=187) to work on /home/airflow/.local/lib/python3.12/site-packages/airflow/example_dags/example_branch_day_of_week_operator.py
[2026-08-24T13:52:42.787+0000] {processor.py:830} INFO - Processing file /home/airflow/.local/lib/python3.12/site-packages/airflow/example_dags/example_branch_day_of_week_operator.py for tasks to queue
[2026-08-24T13:52:42.792+0000] {logging_mixin.py:188} INFO - [2026-08-24T13:52:42.791+0000] {dagbag.py:545} INFO - Filling up the DagBag from /home/airflow/.local/lib/python3.12/site-packages/airflow/example_dags/example_branch_day_of_week_operator.py
[2026-08-24T13:52:42.805+0000] {processor.py:840} INFO - DAG(s) 'example_weekday_branch_operator' retrieved from /home/airflow/.local/lib/python3.12/site-packages/airflow/example_dags/example_branch_day_of_week_operator.py
[2026-08-24T13:52:42.845+0000] {logging_mixin.py:188} INFO - [2026-08-24T13:52:42.845+0000] {dag.py:3096} INFO - Sync 1 DAGs
[2026-08-24T13:52:42.900+0000] {logging_mixin.py:188} INFO - [2026-08-24T13:52:42.899+0000] {dag.py:3954} INFO - Setting next_dagrun for example_weekday_branch_operator to 2026-08-23 00:00:00+00:00, run_after=2026-08-24 00:00:00+00:00
[2026-08-24T13:52:42.931+0000] {processor.py:183} INFO - Processing /home/airflow/.local/lib/python3.12/site-packages/airflow/example_dags/example_branch_day_of_week_operator.py took 0.158 seconds
[2026-08-24T13:53:13.012+0000] {processor.py:161} INFO - Started process (PID=246) to work on /home/airflow/.local/lib/python3.12/site-packages/airflow/example_dags/example_branch_day_of_week_operator.py
[2026-08-24T13:53:13.013+0000] {processor.py:830} INFO - Processing file /home/airflow/.local/lib/python3.12/site-packages/airflow/example_dags/example_branch_day_of_week_operator.py for tasks to queue
[2026-08-24T13:53:13.016+0000] {logging_mixin.py:188} INFO - [2026-08-24T13:53:13.015+0000] {dagbag.py:545} INFO - Filling up the DagBag from /home/airflow/.local/lib/python3.12/site-packages/airflow/example_dags/example_branch_day_of_week_operator.py
[2026-08-24T13:53:13.025+0000] {processor.py:840} INFO - DAG(s) 'example_weekday_branch_operator' retrieved from /home/airflow/.local/lib/python3.12/site-packages/airflow/example_dags/example_branch_day_of_week_operator.py
[2026-08-24T13:53:13.055+0000] {logging_mixin.py:188} INFO - [2026-08-24T13:53:13.055+0000] {dag.py:3096} INFO - Sync 1 DAGs
[2026-08-24T13:53:13.089+0000] {logging_mixin.py:188} INFO - [2026-08-24T13:53:13.088+0000] {dag.py:3954} INFO - Setting next_dagrun for example_weekday_branch_operator to 2026-08-23 00:00:00+00:00, run_after=2026-08-24 00:00:00+00:00
[2026-08-24T13:53:13.111+0000] {processor.py:183} INFO - Processing /home/airflow/.local/lib/python3.12/site-packages/airflow/example_dags/example_branch_day_of_week_operator.py took 0.106 seconds
[2026-08-24T13:53:43.531+0000] {processor.py:161} INFO - Started process (PID=305) to work on /home/airflow/.local/lib/python3.12/site-packages/airflow/example_dags/example_branch_day_of_week_operator.py
[2026-08-24T13:53:43.532+0000] {processor.py:830} INFO - Processing file /home/airflow/.local/lib/python3.12/site-packages/airflow/example_dags/example_branch_day_of_week_operator.py for tasks to queue
[2026-08-24T13:53:43.535+0000] {logging_mixin.py:188} INFO - [2026-08-24T13:53:43.534+0000] {dagbag.py:545} INFO - Filling up the DagBag from /home/airflow/.local/lib/python3.12/site-packages/airflow/example_dags/example_branch_day_of_week_operator.py
[2026-08-24T13:53:43.545+0000] {processor.py:840} INFO - DAG(s) 'example_weekday_branch_operator' retrieved from /home/airflow/.local/lib/python3.12/site-packages/airflow/example_dags/example_branch_day_of_week_operator.py
[2026-08-24T13:53:43.576+0000] {logging_mixin.py:188} INFO - [2026-08-24T13:53:43.576+0000] {dag.py:3096} INFO - Sync 1 DAGs
[2026-08-24T13:53:43.606+0000] {logging_mixin.py:188} INFO - [2026-08-24T13:53:43.606+0000] {dag.py:3954} INFO - Setting next_dagrun for example_weekday_branch_operator to 2026-08-23 00:00:00+00:00, run_after=2026-08-24 00:00:00+00:00
[2026-08-24T13:53:43.632+0000] {processor.py:183} INFO - Processing /home/airflow/.local/lib/python3.12/site-packages/airflow/example_dags/example_branch_day_of_week_operator.py took 0.109 seconds
[2026-08-24T13:54:13.883+0000] {processor.py:161} INFO - Started process (PID=364) to work on /home/airflow/.local/lib/python3.12/site-packages/airflow/example_dags/example_branch_day_of_week_operator.py
[2026-08-24T13:54:13.885+0000] {processor.py:830} INFO - Processing file /home/airflow/.local/lib/python3.12/site-packages/airflow/example_dags/example_branch_day_of_week_operator.py for tasks to queue
[2026-08-24T13:54:13.887+0000] {logging_mixin.py:188} INFO - [2026-08-24T13:54:13.887+0000] {dagbag.py:545} INFO - Filling up the DagBag from /home/airflow/.local/lib/python3.12/site-packages/airflow/example_dags/example_branch_day_of_week_operator.py
[2026-08-24T13:54:13.897+0000] {processor.py:840} INFO - DAG(s) 'example_weekday_branch_operator' retrieved from /home/airflow/.local/lib/python3.12/site-packages/airflow/example_dags/example_branch_day_of_week_operator.py
[2026-08-24T13:54:13.922+0000] {logging_mixin.py:188} INFO - [2026-08-24T13:54:13.922+0000] {dag.py:3096} INFO - Sync 1 DAGs
[2026-08-24T13:54:13.957+0000] {logging_mixin.py:188} INFO - [2026-08-24T13:54:13.957+0000] {dag.py:3954} INFO - Setting next_dagrun for example_weekday_branch_operator to 2026-08-23 00:00:00+00:00, run_after=2026-08-24 00:00:00+00:00
[2026-08-24T13:54:13.983+0000] {processor.py:183} INFO - Processing /home/airflow/.local/lib/python3.12/site-packages/airflow/example_dags/example_branch_day_of_week_operator.py took 0.107 seconds
[2026-08-24T13:54:44.328+0000] {processor.py:161} INFO - Started process (PID=423) to work on /home/airflow/.local/lib/python3.12/site-packages/airflow/example_dags/example_branch_day_of_week_operator.py
[2026-08-24T13:54:44.329+0000] {processor.py:830} INFO - Processing file /home/airflow/.local/lib/python3.12/site-packages/airflow/example_dags/example_branch_day_of_week_operator.py for tasks to queue
[2026-08-24T13:54:44.332+0000] {logging_mixin.py:188} INFO - [2026-08-24T13:54:44.332+0000] {dagbag.py:545} INFO - Filling up the DagBag from /home/airflow/.local/lib/python3.12/site-packages/airflow/example_dags/example_branch_day_of_week_operator.py
[2026-08-24T13:54:44.344+0000] {processor.py:840} INFO - DAG(s) 'example_weekday_branch_operator' retrieved from /home/airflow/.local/lib/python3.12/site-packages/airflow/example_dags/example_branch_day_of_week_operator.py
[2026-08-24T13:54:44.368+0000] {logging_mixin.py:188} INFO - [2026-08-24T13:54:44.368+0000] {dag.py:3096} INFO - Sync 1 DAGs
[2026-08-24T13:54:44.429+0000] {logging_mixin.py:188} INFO - [2026-08-24T13:54:44.428+0000] {dag.py:3954} INFO - Setting next_dagrun for example_weekday_branch_operator to 2026-08-23 00:00:00+00:00, run_after=2026-08-24 00:00:00+00:00
[2026-08-24T13:54:44.474+0000] {processor.py:183} INFO - Processing /home/airflow/.local/lib/python3.12/site-packages/airflow/example_dags/example_branch_day_of_week_operator.py took 0.158 seconds
[2026-08-24T13:55:15.707+0000] {processor.py:161} INFO - Started process (PID=488) to work on /home/airflow/.local/lib/python3.12/site-packages/airflow/example_dags/example_branch_day_of_week_operator.py
[2026-08-24T13:55:15.709+0000] {processor.py:830} INFO - Processing file /home/airflow/.local/lib/python3.12/site-packages/airflow/example_dags/example_branch_day_of_week_operator.py for tasks to queue
[2026-08-24T13:55:15.713+0000] {logging_mixin.py:188} INFO - [2026-08-24T13:55:15.712+0000] {dagbag.py:545} INFO - Filling up the DagBag from /home/airflow/.local/lib/python3.12/site-packages/airflow/example_dags/example_branch_day_of_week_operator.py
[2026-08-24T13:55:15.733+0000] {processor.py:840} INFO - DAG(s) 'example_weekday_branch_operator' retrieved from /home/airflow/.local/lib/python3.12/site-packages/airflow/example_dags/example_branch_day_of_week_operator.py
[2026-08-24T13:55:15.906+0000] {logging_mixin.py:188} INFO - [2026-08-24T13:55:15.906+0000] {dag.py:3096} INFO - Sync 1 DAGs
[2026-08-24T13:55:15.936+0000] {logging_mixin.py:188} INFO - [2026-08-24T13:55:15.935+0000] {dag.py:3954} INFO - Setting next_dagrun for example_weekday_branch_operator to 2026-08-23 00:00:00+00:00, run_after=2026-08-24 00:00:00+00:00
[2026-08-24T13:55:16.191+0000] {processor.py:183} INFO - Processing /home/airflow/.local/lib/python3.12/site-packages/airflow/example_dags/example_branch_day_of_week_operator.py took 0.492 seconds
[2026-08-24T13:55:47.053+0000] {processor.py:161} INFO - Started process (PID=547) to work on /home/airflow/.local/lib/python3.12/site-packages/airflow/example_dags/example_branch_day_of_week_operator.py
[2026-08-24T13:55:47.055+0000] {processor.py:830} INFO - Processing file /home/airflow/.local/lib/python3.12/site-packages/airflow/example_dags/example_branch_day_of_week_operator.py for tasks to queue
[2026-08-24T13:55:47.057+0000] {logging_mixin.py:188} INFO - [2026-08-24T13:55:47.057+0000] {dagbag.py:545} INFO - Filling up the DagBag from /home/airflow/.local/lib/python3.12/site-packages/airflow/example_dags/example_branch_day_of_week_operator.py
[2026-08-24T13:55:47.066+0000] {processor.py:840} INFO - DAG(s) 'example_weekday_branch_operator' retrieved from /home/airflow/.local/lib/python3.12/site-packages/airflow/example_dags/example_branch_day_of_week_operator.py
[2026-08-24T13:55:47.090+0000] {logging_mixin.py:188} INFO - [2026-08-24T13:55:47.090+0000] {dag.py:3096} INFO - Sync 1 DAGs
[2026-08-24T13:55:47.117+0000] {logging_mixin.py:188} INFO - [2026-08-24T13:55:47.117+0000] {dag.py:3954} INFO - Setting next_dagrun for example_weekday_branch_operator to 2026-08-23 00:00:00+00:00, run_after=2026-08-24 00:00:00+00:00
[2026-08-24T13:55:47.140+0000] {processor.py:183} INFO - Processing /home/airflow/.local/lib/python3.12/site-packages/airflow/example_dags/example_branch_day_of_week_operator.py took 0.094 seconds
[2026-08-24T13:56:17.463+0000] {processor.py:161} INFO - Started process (PID=606) to work on /home/airflow/.local/lib/python3.12/site-packages/airflow/example_dags/example_branch_day_of_week_operator.py
[2026-08-24T13:56:17.464+0000] {processor.py:830} INFO - Processing file /home/airflow/.local/lib/python3.12/site-packages/airflow/example_dags/example_branch_day_of_week_operator.py for tasks to queue
[2026-08-24T13:56:17.467+0000] {logging_mixin.py:188} INFO - [2026-08-24T13:56:17.466+0000] {dagbag.py:545} INFO - Filling up the DagBag from /home/airflow/.local/lib/python3.12/site-packages/airflow/example_dags/example_branch_day_of_week_operator.py
[2026-08-24T13:56:17.477+0000] {processor.py:840} INFO - DAG(s) 'example_weekday_branch_operator' retrieved from /home/airflow/.local/lib/python3.12/site-packages/airflow/example_dags/example_branch_day_of_week_operator.py
[2026-08-24T13:56:17.502+0000] {logging_mixin.py:188} INFO - [2026-08-24T13:56:17.502+0000] {dag.py:3096} INFO - Sync 1 DAGs
[2026-08-24T13:56:17.533+0000] {logging_mixin.py:188} INFO - [2026-08-24T13:56:17.533+0000] {dag.py:3954} INFO - Setting next_dagrun for example_weekday_branch_operator to 2026-08-23 00:00:00+00:00, run_after=2026-08-24 00:00:00+00:00
[2026-08-24T13:56:17.558+0000] {processor.py:183} INFO - Processing /home/airflow/.local/lib/python3.12/site-packages/airflow/example_dags/example_branch_day_of_week_operator.py took 0.102 seconds
[2026-08-24T13:56:48.103+0000] {processor.py:161} INFO - Started process (PID=665) to work on /home/airflow/.local/lib/python3.12/site-packages/airflow/example_dags/example_branch_day_of_week_operator.py
[2026-08-24T13:56:48.104+0000] {processor.py:830} INFO - Processing file /home/airflow/.local/lib/python3.12/site-packages/airflow/example_dags/example_branch_day_of_week_operator.py for tasks to queue
[2026-08-24T13:56:48.108+0000] {logging_mixin.py:188} INFO - [2026-08-24T13:56:48.107+0000] {dagbag.py:545} INFO - Filling up the DagBag from /home/airflow/.local/lib/python3.12/site-packages/airflow/example_dags/example_branch_day_of_week_operator.py
[2026-08-24T13:56:48.122+0000] {processor.py:840} INFO - DAG(s) 'example_weekday_branch_operator' retrieved from /home/airflow/.local/lib/python3.12/site-packages/airflow/example_dags/example_branch_day_of_week_operator.py
[2026-08-24T13:56:48.169+0000] {logging_mixin.py:188} INFO - [2026-08-24T13:56:48.169+0000] {dag.py:3096} INFO - Sync 1 DAGs
[2026-08-24T13:56:48.236+0000] {logging_mixin.py:188} INFO - [2026-08-24T13:56:48.236+0000] {dag.py:3954} INFO - Setting next_dagrun for example_weekday_branch_operator to 2026-08-23 00:00:00+00:00, run_after=2026-08-24 00:00:00+00:00
[2026-08-24T13:56:48.283+0000] {processor.py:183} INFO - Processing /home/airflow/.local/lib/python3.12/site-packages/airflow/example_dags/example_branch_day_of_week_operator.py took 0.190 seconds
[2026-08-24T13:57:18.407+0000] {processor.py:161} INFO - Started process (PID=725) to work on /home/airflow/.local/lib/python3.12/site-packages/airflow/example_dags/example_branch_day_of_week_operator.py
[2026-08-24T13:57:18.408+0000] {processor.py:830} INFO - Processing file /home/airflow/.local/lib/python3.12/site-packages/airflow/example_dags/example_branch_day_of_week_operator.py for tasks to queue
[2026-08-24T13:57:18.410+0000] {logging_mixin.py:188} INFO - [2026-08-24T13:57:18.410+0000] {dagbag.py:545} INFO - Filling up the DagBag from /home/airflow/.local/lib/python3.12/site-packages/airflow/example_dags/example_branch_day_of_week_operator.py
[2026-08-24T13:57:18.421+0000] {processor.py:840} INFO - DAG(s) 'example_weekday_branch_operator' retrieved from /home/airflow/.local/lib/python3.12/site-packages/airflow/example_dags/example_branch_day_of_week_operator.py
[2026-08-24T13:57:18.447+0000] {logging_mixin.py:188} INFO - [2026-08-24T13:57:18.446+0000] {dag.py:3096} INFO - Sync 1 DAGs
[2026-08-24T13:57:18.477+0000] {logging_mixin.py:188} INFO - [2026-08-24T13:57:18.476+0000] {dag.py:3954} INFO - Setting next_dagrun for example_weekday_branch_operator to 2026-08-23 00:00:00+00:00, run_after=2026-08-24 00:00:00+00:00
[2026-08-24T13:57:18.501+0000] {processor.py:183} INFO - Processing /home/airflow/.local/lib/python3.12/site-packages/airflow/example_dags/example_branch_day_of_week_operator.py took 0.102 seconds
[2026-08-24T13:57:48.655+0000] {processor.py:161} INFO - Started process (PID=784) to work on /home/airflow/.local/lib/python3.12/site-packages/airflow/example_dags/example_branch_day_of_week_operator.py
[2026-08-24T13:57:48.656+0000] {processor.py:830} INFO - Processing file /home/airflow/.local/lib/python3.12/site-packages/airflow/example_dags/example_branch_day_of_week_operator.py for tasks to queue
[2026-08-24T13:57:48.659+0000] {logging_mixin.py:188} INFO - [2026-08-24T13:57:48.658+0000] {dagbag.py:545} INFO - Filling up the DagBag from /home/airflow/.local/lib/python3.12/site-packages/airflow/example_dags/example_branch_day_of_week_operator.py
[2026-08-24T13:57:48.668+0000] {processor.py:840} INFO - DAG(s) 'example_weekday_branch_operator' retrieved from /home/airflow/.local/lib/python3.12/site-packages/airflow/example_dags/example_branch_day_of_week_operator.py
[2026-08-24T13:57:48.693+0000] {logging_mixin.py:188} INFO - [2026-08-24T13:57:48.693+0000] {dag.py:3096} INFO - Sync 1 DAGs
[2026-08-24T13:57:48.733+0000] {logging_mixin.py:188} INFO - [2026-08-24T13:57:48.733+0000] {dag.py:3954} INFO - Setting next_dagrun for example_weekday_branch_operator to 2026-08-23 00:00:00+00:00, run_after=2026-08-24 00:00:00+00:00
[2026-08-24T13:57:48.773+0000] {processor.py:183} INFO - Processing /home/airflow/.local/lib/python3.12/site-packages/airflow/example_dags/example_branch_day_of_week_operator.py took 0.126 seconds
[2026-08-24T13:58:19.209+0000] {processor.py:161} INFO - Started process (PID=844) to work on /home/airflow/.local/lib/python3.12/site-packages/airflow/example_dags/example_branch_day_of_week_operator.py
[2026-08-24T13:58:19.211+0000] {processor.py:830} INFO - Processing file /home/airflow/.local/lib/python3.12/site-packages/airflow/example_dags/example_branch_day_of_week_operator.py for tasks to queue
[2026-08-24T13:58:19.213+0000] {logging_mixin.py:188} INFO - [2026-08-24T13:58:19.213+0000] {dagbag.py:545} INFO - Filling up the DagBag from /home/airflow/.local/lib/python3.12/site-packages/airflow/example_dags/example_branch_day_of_week_operator.py
[2026-08-24T13:58:19.223+0000] {processor.py:840} INFO - DAG(s) 'example_weekday_branch_operator' retrieved from /home/airflow/.local/lib/python3.12/site-packages/airflow/example_dags/example_branch_day_of_week_operator.py
[2026-08-24T13:58:19.255+0000] {logging_mixin.py:188} INFO - [2026-08-24T13:58:19.254+0000] {dag.py:3096} INFO - Sync 1 DAGs
[2026-08-24T13:58:19.285+0000] {logging_mixin.py:188} INFO - [2026-08-24T13:58:19.284+0000] {dag.py:3954} INFO - Setting next_dagrun for example_weekday_branch_operator to 2026-08-23 00:00:00+00:00, run_after=2026-08-24 00:00:00+00:00
[2026-08-24T13:58:19.485+0000] {processor.py:183} INFO - Processing /home/airflow/.local/lib/python3.12/site-packages/airflow/example_dags/example_branch_day_of_week_operator.py took 0.283 seconds
[2026-08-24T13:58:49.597+0000] {processor.py:161} INFO - Started process (PID=903) to work on /home/airflow/.local/lib/python3.12/site-packages/airflow/example_dags/example_branch_day_of_week_operator.py
[2026-08-24T13:58:49.599+0000] {processor.py:830} INFO - Processing file /home/airflow/.local/lib/python3.12/site-packages/airflow/example_dags/example_branch_day_of_week_operator.py for tasks to queue
[2026-08-24T13:58:49.601+0000] {logging_mixin.py:188} INFO - [2026-08-24T13:58:49.600+0000] {dagbag.py:545} INFO - Filling up the DagBag from /home/airflow/.local/lib/python3.12/site-packages/airflow/example_dags/example_branch_day_of_week_operator.py
[2026-08-24T13:58:49.610+0000] {processor.py:840} INFO - DAG(s) 'example_weekday_branch_operator' retrieved from /home/airflow/.local/lib/python3.12/site-packages/airflow/example_dags/example_branch_day_of_week_operator.py
[2026-08-24T13:58:49.635+0000] {logging_mixin.py:188} INFO - [2026-08-24T13:58:49.634+0000] {dag.py:3096} INFO - Sync 1 DAGs
[2026-08-24T13:58:49.664+0000] {logging_mixin.py:188} INFO - [2026-08-24T13:58:49.664+0000] {dag.py:3954} INFO - Setting next_dagrun for example_weekday_branch_operator to 2026-08-23 00:00:00+00:00, run_after=2026-08-24 00:00:00+00:00
[2026-08-24T13:58:49.689+0000] {processor.py:183} INFO - Processing /home/airflow/.local/lib/python3.12/site-packages/airflow/example_dags/example_branch_day_of_week_operator.py took 0.099 seconds
[2026-08-24T14:00:33.356+0000] {processor.py:161} INFO - Started process (PID=87) to work on /home/airflow/.local/lib/python3.12/site-packages/airflow/example_dags/example_branch_day_of_week_operator.py
[2026-08-24T14:00:33.358+0000] {processor.py:830} INFO - Processing file /home/airflow/.local/lib/python3.12/site-packages/airflow/example_dags/example_branch_day_of_week_operator.py for tasks to queue
[2026-08-24T14:00:33.363+0000] {logging_mixin.py:188} INFO - [2026-08-24T14:00:33.362+0000] {dagbag.py:545} INFO - Filling up the DagBag from /home/airflow/.local/lib/python3.12/site-packages/airflow/example_dags/example_branch_day_of_week_operator.py
[2026-08-24T14:00:33.384+0000] {processor.py:840} INFO - DAG(s) 'example_weekday_branch_operator' retrieved from /home/airflow/.local/lib/python3.12/site-packages/airflow/example_dags/example_branch_day_of_week_operator.py
[2026-08-24T14:00:33.557+0000] {logging_mixin.py:188} INFO - [2026-08-24T14:00:33.556+0000] {dag.py:3096} INFO - Sync 1 DAGs
[2026-08-24T14:00:33.584+0000] {logging_mixin.py:188} INFO - [2026-08-24T14:00:33.584+0000] {dag.py:3954} INFO - Setting next_dagrun for example_weekday_branch_operator to 2026-08-23 00:00:00+00:00, run_after=2026-08-24 00:00:00+00:00
[2026-08-24T14:00:33.611+0000] {processor.py:183} INFO - Processing /home/airflow/.local/lib/python3.12/site-packages/airflow/example_dags/example_branch_day_of_week_operator.py took 0.266 seconds
[2026-08-24T14:01:03.687+0000] {processor.py:161} INFO - Started process (PID=146) to work on /home/airflow/.local/lib/python3.12/site-packages/airflow/example_dags/example_branch_day_of_week_operator.py
[2026-08-24T14:01:03.689+0000] {processor.py:830} INFO - Processing file /home/airflow/.local/lib/python3.12/site-packages/airflow/example_dags/example_branch_day_of_week_operator.py for tasks to queue
[2026-08-24T14:01:03.692+0000] {logging_mixin.py:188} INFO - [2026-08-24T14:01:03.692+0000] {dagbag.py:545} INFO - Filling up the DagBag from /home/airflow/.local/lib/python3.12/site-packages/airflow/example_dags/example_branch_day_of_week_operator.py
[2026-08-24T14:01:03.706+0000] {processor.py:840} INFO - DAG(s) 'example_weekday_branch_operator' retrieved from /home/airflow/.local/lib/python3.12/site-packages/airflow/example_dags/example_branch_day_of_week_operator.py
[2026-08-24T14:01:03.745+0000] {logging_mixin.py:188} INFO - [2026-08-24T14:01:03.744+0000] {dag.py:3096} INFO - Sync 1 DAGs
[2026-08-24T14:01:03.785+0000] {logging_mixin.py:188} INFO - [2026-08-24T14:01:03.785+0000] {dag.py:3954} INFO - Setting next_dagrun for example_weekday_branch_operator to 2026-08-23 00:00:00+00:00, run_after=2026-08-24 00:00:00+00:00
[2026-08-24T14:01:03.822+0000] {processor.py:183} INFO - Processing /home/airflow/.local/lib/python3.12/site-packages/airflow/example_dags/example_branch_day_of_week_operator.py took 0.145 seconds
[2026-08-24T14:01:34.081+0000] {processor.py:161} INFO - Started process (PID=205) to work on /home/airflow/.local/lib/python3.12/site-packages/airflow/example_dags/example_branch_day_of_week_operator.py
[2026-08-24T14:01:34.082+0000] {processor.py:830} INFO - Processing file /home/airflow/.local/lib/python3.12/site-packages/airflow/example_dags/example_branch_day_of_week_operator.py for tasks to queue
[2026-08-24T14:01:34.084+0000] {logging_mixin.py:188} INFO - [2026-08-24T14:01:34.084+0000] {dagbag.py:545} INFO - Filling up the DagBag from /home/airflow/.local/lib/python3.12/site-packages/airflow/example_dags/example_branch_day_of_week_operator.py
[2026-08-24T14:01:34.094+0000] {processor.py:840} INFO - DAG(s) 'example_weekday_branch_operator' retrieved from /home/airflow/.local/lib/python3.12/site-packages/airflow/example_dags/example_branch_day_of_week_operator.py
[2026-08-24T14:01:34.124+0000] {logging_mixin.py:188} INFO - [2026-08-24T14:01:34.124+0000] {dag.py:3096} INFO - Sync 1 DAGs
[2026-08-24T14:01:34.155+0000] {logging_mixin.py:188} INFO - [2026-08-24T14:01:34.155+0000] {dag.py:3954} INFO - Setting next_dagrun for example_weekday_branch_operator to 2026-08-23 00:00:00+00:00, run_after=2026-08-24 00:00:00+00:00
[2026-08-24T14:01:34.180+0000] {processor.py:183} INFO - Processing /home/airflow/.local/lib/python3.12/site-packages/airflow/example_dags/example_branch_day_of_week_operator.py took 0.107 seconds
[2026-08-24T14:02:04.309+0000] {processor.py:161} INFO - Started process (PID=264) to work on /home/airflow/.local/lib/python3.12/site-packages/airflow/example_dags/example_branch_day_of_week_operator.py
[2026-08-24T14:02:04.310+0000] {processor.py:830} INFO - Processing file /home/airflow/.local/lib/python3.12/site-packages/airflow/example_dags/example_branch_day_of_week_operator.py for tasks to queue
[2026-08-24T14:02:04.312+0000] {logging_mixin.py:188} INFO - [2026-08-24T14:02:04.312+0000] {dagbag.py:545} INFO - Filling up the DagBag from /home/airflow/.local/lib/python3.12/site-packages/airflow/example_dags/example_branch_day_of_week_operator.py
[2026-08-24T14:02:04.322+0000] {processor.py:840} INFO - DAG(s) 'example_weekday_branch_operator' retrieved from /home/airflow/.local/lib/python3.12/site-packages/airflow/example_dags/example_branch_day_of_week_operator.py
[2026-08-24T14:02:04.346+0000] {logging_mixin.py:188} INFO - [2026-08-24T14:02:04.346+0000] {dag.py:3096} INFO - Sync 1 DAGs
[2026-08-24T14:02:04.375+0000] {logging_mixin.py:188} INFO - [2026-08-24T14:02:04.375+0000] {dag.py:3954} INFO - Setting next_dagrun for example_weekday_branch_operator to 2026-08-23 00:00:00+00:00, run_after=2026-08-24 00:00:00+00:00
[2026-08-24T14:02:04.398+0000] {processor.py:183} INFO - Processing /home/airflow/.local/lib/python3.12/site-packages/airflow/example_dags/example_branch_day_of_week_operator.py took 0.096 seconds
[2026-08-24T14:02:34.564+0000] {processor.py:161} INFO - Started process (PID=324) to work on /home/airflow/.local/lib/python3.12/site-packages/airflow/example_dags/example_branch_day_of_week_operator.py
[2026-08-24T14:02:34.566+0000] {processor.py:830} INFO - Processing file /home/airflow/.local/lib/python3.12/site-packages/airflow/example_dags/example_branch_day_of_week_operator.py for tasks to queue
[2026-08-24T14:02:34.568+0000] {logging_mixin.py:188} INFO - [2026-08-24T14:02:34.568+0000] {dagbag.py:545} INFO - Filling up the DagBag from /home/airflow/.local/lib/python3.12/site-packages/airflow/example_dags/example_branch_day_of_week_operator.py
[2026-08-24T14:02:34.578+0000] {processor.py:840} INFO - DAG(s) 'example_weekday_branch_operator' retrieved from /home/airflow/.local/lib/python3.12/site-packages/airflow/example_dags/example_branch_day_of_week_operator.py
[2026-08-24T14:02:34.605+0000] {logging_mixin.py:188} INFO - [2026-08-24T14:02:34.605+0000] {dag.py:3096} INFO - Sync 1 DAGs
[2026-08-24T14:02:34.637+0000] {logging_mixin.py:188} INFO - [2026-08-24T14:02:34.636+0000] {dag.py:3954} INFO - Setting next_dagrun for example_weekday_branch_operator to 2026-08-23 00:00:00+00:00, run_after=2026-08-24 00:00:00+00:00
[2026-08-24T14:02:34.709+0000] {processor.py:183} INFO - Processing /home/airflow/.local/lib/python3.12/site-packages/airflow/example_dags/example_branch_day_of_week_operator.py took 0.154 seconds
[2026-08-24T14:03:04.861+0000] {processor.py:161} INFO - Started process (PID=383) to work on /home/airflow/.local/lib/python3.12/site-packages/airflow/example_dags/example_branch_day_of_week_operator.py
[2026-08-24T14:03:04.863+0000] {processor.py:830} INFO - Processing file /home/airflow/.local/lib/python3.12/site-packages/airflow/example_dags/example_branch_day_of_week_operator.py for tasks to queue
[2026-08-24T14:03:04.867+0000] {logging_mixin.py:188} INFO - [2026-08-24T14:03:04.866+0000] {dagbag.py:545} INFO - Filling up the DagBag from /home/airflow/.local/lib/python3.12/site-packages/airflow/example_dags/example_branch_day_of_week_operator.py
[2026-08-24T14:03:04.883+0000] {processor.py:840} INFO - DAG(s) 'example_weekday_branch_operator' retrieved from /home/airflow/.local/lib/python3.12/site-packages/airflow/example_dags/example_branch_day_of_week_operator.py
[2026-08-24T14:03:04.928+0000] {logging_mixin.py:188} INFO - [2026-08-24T14:03:04.928+0000] {dag.py:3096} INFO - Sync 1 DAGs
[2026-08-24T14:03:04.986+0000] {logging_mixin.py:188} INFO - [2026-08-24T14:03:04.986+0000] {dag.py:3954} INFO - Setting next_dagrun for example_weekday_branch_operator to 2026-08-23 00:00:00+00:00, run_after=2026-08-24 00:00:00+00:00
[2026-08-24T14:03:05.018+0000] {processor.py:183} INFO - Processing /home/airflow/.local/lib/python3.12/site-packages/airflow/example_dags/example_branch_day_of_week_operator.py took 0.173 seconds
[2026-08-24T14:07:36.828+0000] {processor.py:161} INFO - Started process (PID=93) to work on /home/airflow/.local/lib/python3.12/site-packages/airflow/example_dags/example_branch_day_of_week_operator.py
[2026-08-24T14:07:36.829+0000] {processor.py:830} INFO - Processing file /home/airflow/.local/lib/python3.12/site-packages/airflow/example_dags/example_branch_day_of_week_operator.py for tasks to queue
[2026-08-24T14:07:36.834+0000] {logging_mixin.py:188} INFO - [2026-08-24T14:07:36.834+0000] {dagbag.py:545} INFO - Filling up the DagBag from /home/airflow/.local/lib/python3.12/site-packages/airflow/example_dags/example_branch_day_of_week_operator.py
[2026-08-24T14:07:36.851+0000] {processor.py:840} INFO - DAG(s) 'example_weekday_branch_operator' retrieved from /home/airflow/.local/lib/python3.12/site-packages/airflow/example_dags/example_branch_day_of_week_operator.py
[2026-08-24T14:07:37.022+0000] {logging_mixin.py:188} INFO - [2026-08-24T14:07:37.022+0000] {dag.py:3096} INFO - Sync 1 DAGs
[2026-08-24T14:07:37.053+0000] {logging_mixin.py:188} INFO - [2026-08-24T14:07:37.053+0000] {dag.py:3954} INFO - Setting next_dagrun for example_weekday_branch_operator to 2026-08-23 00:00:00+00:00, run_after=2026-08-24 00:00:00+00:00
[2026-08-24T14:07:37.079+0000] {processor.py:183} INFO - Processing /home/airflow/.local/lib/python3.12/site-packages/airflow/example_dags/example_branch_day_of_week_operator.py took 0.262 seconds
[2026-08-24T14:08:07.376+0000] {processor.py:161} INFO - Started process (PID=152) to work on /home/airflow/.local/lib/python3.12/site-packages/airflow/example_dags/example_branch_day_of_week_operator.py
[2026-08-24T14:08:07.377+0000] {processor.py:830} INFO - Processing file /home/airflow/.local/lib/python3.12/site-packages/airflow/example_dags/example_branch_day_of_week_operator.py for tasks to queue
[2026-08-24T14:08:07.379+0000] {logging_mixin.py:188} INFO - [2026-08-24T14:08:07.379+0000] {dagbag.py:545} INFO - Filling up the DagBag from /home/airflow/.local/lib/python3.12/site-packages/airflow/example_dags/example_branch_day_of_week_operator.py
[2026-08-24T14:08:07.388+0000] {processor.py:840} INFO - DAG(s) 'example_weekday_branch_operator' retrieved from /home/airflow/.local/lib/python3.12/site-packages/airflow/example_dags/example_branch_day_of_week_operator.py
[2026-08-24T14:08:07.414+0000] {logging_mixin.py:188} INFO - [2026-08-24T14:08:07.414+0000] {dag.py:3096} INFO - Sync 1 DAGs
[2026-08-24T14:08:07.443+0000] {logging_mixin.py:188} INFO - [2026-08-24T14:08:07.442+0000] {dag.py:3954} INFO - Setting next_dagrun for example_weekday_branch_operator to 2026-08-23 00:00:00+00:00, run_after=2026-08-24 00:00:00+00:00
[2026-08-24T14:08:07.465+0000] {processor.py:183} INFO - Processing /home/airflow/.local/lib/python3.12/site-packages/airflow/example_dags/example_branch_day_of_week_operator.py took 0.097 seconds
[2026-08-24T14:08:37.980+0000] {processor.py:161} INFO - Started process (PID=211) to work on /home/airflow/.local/lib/python3.12/site-packages/airflow/example_dags/example_branch_day_of_week_operator.py
[2026-08-24T14:08:37.982+0000] {processor.py:830} INFO - Processing file /home/airflow/.local/lib/python3.12/site-packages/airflow/example_dags/example_branch_day_of_week_operator.py for tasks to queue
[2026-08-24T14:08:37.985+0000] {logging_mixin.py:188} INFO - [2026-08-24T14:08:37.984+0000] {dagbag.py:545} INFO - Filling up the DagBag from /home/airflow/.local/lib/python3.12/site-packages/airflow/example_dags/example_branch_day_of_week_operator.py
[2026-08-24T14:08:37.996+0000] {processor.py:840} INFO - DAG(s) 'example_weekday_branch_operator' retrieved from /home/airflow/.local/lib/python3.12/site-packages/airflow/example_dags/example_branch_day_of_week_operator.py
[2026-08-24T14:08:38.026+0000] {logging_mixin.py:188} INFO - [2026-08-24T14:08:38.026+0000] {dag.py:3096} INFO - Sync 1 DAGs
[2026-08-24T14:08:38.075+0000] {logging_mixin.py:188} INFO - [2026-08-24T14:08:38.075+0000] {dag.py:3954} INFO - Setting next_dagrun for example_weekday_branch_operator to 2026-08-23 00:00:00+00:00, run_after=2026-08-24 00:00:00+00:00
[2026-08-24T14:08:38.108+0000] {processor.py:183} INFO - Processing /home/airflow/.local/lib/python3.12/site-packages/airflow/example_dags/example_branch_day_of_week_operator.py took 0.137 seconds
[2026-08-24T14:09:08.433+0000] {processor.py:161} INFO - Started process (PID=270) to work on /home/airflow/.local/lib/python3.12/site-packages/airflow/example_dags/example_branch_day_of_week_operator.py
[2026-08-24T14:09:08.434+0000] {processor.py:830} INFO - Processing file /home/airflow/.local/lib/python3.12/site-packages/airflow/example_dags/example_branch_day_of_week_operator.py for tasks to queue
[2026-08-24T14:09:08.437+0000] {logging_mixin.py:188} INFO - [2026-08-24T14:09:08.436+0000] {dagbag.py:545} INFO - Filling up the DagBag from /home/airflow/.local/lib/python3.12/site-packages/airflow/example_dags/example_branch_day_of_week_operator.py
[2026-08-24T14:09:08.447+0000] {processor.py:840} INFO - DAG(s) 'example_weekday_branch_operator' retrieved from /home/airflow/.local/lib/python3.12/site-packages/airflow/example_dags/example_branch_day_of_week_operator.py
[2026-08-24T14:09:08.474+0000] {logging_mixin.py:188} INFO - [2026-08-24T14:09:08.473+0000] {dag.py:3096} INFO - Sync 1 DAGs
[2026-08-24T14:09:08.507+0000] {logging_mixin.py:188} INFO - [2026-08-24T14:09:08.506+0000] {dag.py:3954} INFO - Setting next_dagrun for example_weekday_branch_operator to 2026-08-23 00:00:00+00:00, run_after=2026-08-24 00:00:00+00:00
[2026-08-24T14:09:08.532+0000] {processor.py:183} INFO - Processing /home/airflow/.local/lib/python3.12/site-packages/airflow/example_dags/example_branch_day_of_week_operator.py took 0.106 seconds
[2026-08-24T14:09:39.069+0000] {processor.py:161} INFO - Started process (PID=329) to work on /home/airflow/.local/lib/python3.12/site-packages/airflow/example_dags/example_branch_day_of_week_operator.py
[2026-08-24T14:09:39.071+0000] {processor.py:830} INFO - Processing file /home/airflow/.local/lib/python3.12/site-packages/airflow/example_dags/example_branch_day_of_week_operator.py for tasks to queue
[2026-08-24T14:09:39.073+0000] {logging_mixin.py:188} INFO - [2026-08-24T14:09:39.073+0000] {dagbag.py:545} INFO - Filling up the DagBag from /home/airflow/.local/lib/python3.12/site-packages/airflow/example_dags/example_branch_day_of_week_operator.py
[2026-08-24T14:09:39.082+0000] {processor.py:840} INFO - DAG(s) 'example_weekday_branch_operator' retrieved from /home/airflow/.local/lib/python3.12/site-packages/airflow/example_dags/example_branch_day_of_week_operator.py
[2026-08-24T14:09:39.110+0000] {logging_mixin.py:188} INFO - [2026-08-24T14:09:39.109+0000] {dag.py:3096} INFO - Sync 1 DAGs
[2026-08-24T14:09:39.140+0000] {logging_mixin.py:188} INFO - [2026-08-24T14:09:39.140+0000] {dag.py:3954} INFO - Setting next_dagrun for example_weekday_branch_operator to 2026-08-23 00:00:00+00:00, run_after=2026-08-24 00:00:00+00:00
[2026-08-24T14:09:39.165+0000] {processor.py:183} INFO - Processing /home/airflow/.local/lib/python3.12/site-packages/airflow/example_dags/example_branch_day_of_week_operator.py took 0.103 seconds
[2026-08-24T14:10:09.603+0000] {processor.py:161} INFO - Started process (PID=388) to work on /home/airflow/.local/lib/python3.12/site-packages/airflow/example_dags/example_branch_day_of_week_operator.py
[2026-08-24T14:10:09.604+0000] {processor.py:830} INFO - Processing file /home/airflow/.local/lib/python3.12/site-packages/airflow/example_dags/example_branch_day_of_week_operator.py for tasks to queue
[2026-08-24T14:10:09.622+0000] {logging_mixin.py:188} INFO - [2026-08-24T14:10:09.621+0000] {dagbag.py:545} INFO - Filling up the DagBag from /home/airflow/.local/lib/python3.12/site-packages/airflow/example_dags/example_branch_day_of_week_operator.py
[2026-08-24T14:10:09.640+0000] {processor.py:840} INFO - DAG(s) 'example_weekday_branch_operator' retrieved from /home/airflow/.local/lib/python3.12/site-packages/airflow/example_dags/example_branch_day_of_week_operator.py
[2026-08-24T14:10:09.675+0000] {logging_mixin.py:188} INFO - [2026-08-24T14:10:09.675+0000] {dag.py:3096} INFO - Sync 1 DAGs
[2026-08-24T14:10:09.703+0000] {logging_mixin.py:188} INFO - [2026-08-24T14:10:09.703+0000] {dag.py:3954} INFO - Setting next_dagrun for example_weekday_branch_operator to 2026-08-23 00:00:00+00:00, run_after=2026-08-24 00:00:00+00:00
[2026-08-24T14:10:09.729+0000] {processor.py:183} INFO - Processing /home/airflow/.local/lib/python3.12/site-packages/airflow/example_dags/example_branch_day_of_week_operator.py took 0.143 seconds
[2026-08-24T14:10:40.138+0000] {processor.py:161} INFO - Started process (PID=447) to work on /home/airflow/.local/lib/python3.12/site-packages/airflow/example_dags/example_branch_day_of_week_operator.py
[2026-08-24T14:10:40.140+0000] {processor.py:830} INFO - Processing file /home/airflow/.local/lib/python3.12/site-packages/airflow/example_dags/example_branch_day_of_week_operator.py for tasks to queue
[2026-08-24T14:10:40.143+0000] {logging_mixin.py:188} INFO - [2026-08-24T14:10:40.142+0000] {dagbag.py:545} INFO - Filling up the DagBag from /home/airflow/.local/lib/python3.12/site-packages/airflow/example_dags/example_branch_day_of_week_operator.py
[2026-08-24T14:10:40.155+0000] {processor.py:840} INFO - DAG(s) 'example_weekday_branch_operator' retrieved from /home/airflow/.local/lib/python3.12/site-packages/airflow/example_dags/example_branch_day_of_week_operator.py
[2026-08-24T14:10:40.185+0000] {logging_mixin.py:188} INFO - [2026-08-24T14:10:40.185+0000] {dag.py:3096} INFO - Sync 1 DAGs
[2026-08-24T14:10:40.225+0000] {logging_mixin.py:188} INFO - [2026-08-24T14:10:40.225+0000] {dag.py:3954} INFO - Setting next_dagrun for example_weekday_branch_operator to 2026-08-23 00:00:00+00:00, run_after=2026-08-24 00:00:00+00:00
[2026-08-24T14:10:40.258+0000] {processor.py:183} INFO - Processing /home/airflow/.local/lib/python3.12/site-packages/airflow/example_dags/example_branch_day_of_week_operator.py took 0.128 seconds
[2026-08-24T14:13:24.215+0000] {processor.py:161} INFO - Started process (PID=97) to work on /home/airflow/.local/lib/python3.12/site-packages/airflow/example_dags/example_branch_day_of_week_operator.py
[2026-08-24T14:13:24.217+0000] {processor.py:830} INFO - Processing file /home/airflow/.local/lib/python3.12/site-packages/airflow/example_dags/example_branch_day_of_week_operator.py for tasks to queue
[2026-08-24T14:13:24.221+0000] {logging_mixin.py:188} INFO - [2026-08-24T14:13:24.220+0000] {dagbag.py:545} INFO - Filling up the DagBag from /home/airflow/.local/lib/python3.12/site-packages/airflow/example_dags/example_branch_day_of_week_operator.py
[2026-08-24T14:13:24.239+0000] {processor.py:840} INFO - DAG(s) 'example_weekday_branch_operator' retrieved from /home/airflow/.local/lib/python3.12/site-packages/airflow/example_dags/example_branch_day_of_week_operator.py
[2026-08-24T14:13:24.414+0000] {logging_mixin.py:188} INFO - [2026-08-24T14:13:24.414+0000] {dag.py:3096} INFO - Sync 1 DAGs
[2026-08-24T14:13:24.448+0000] {logging_mixin.py:188} INFO - [2026-08-24T14:13:24.448+0000] {dag.py:3954} INFO - Setting next_dagrun for example_weekday_branch_operator to 2026-08-23 00:00:00+00:00, run_after=2026-08-24 00:00:00+00:00
[2026-08-24T14:13:24.474+0000] {processor.py:183} INFO - Processing /home/airflow/.local/lib/python3.12/site-packages/airflow/example_dags/example_branch_day_of_week_operator.py took 0.268 seconds
[2026-08-24T14:13:54.693+0000] {processor.py:161} INFO - Started process (PID=156) to work on /home/airflow/.local/lib/python3.12/site-packages/airflow/example_dags/example_branch_day_of_week_operator.py
[2026-08-24T14:13:54.694+0000] {processor.py:830} INFO - Processing file /home/airflow/.local/lib/python3.12/site-packages/airflow/example_dags/example_branch_day_of_week_operator.py for tasks to queue
[2026-08-24T14:13:54.696+0000] {logging_mixin.py:188} INFO - [2026-08-24T14:13:54.696+0000] {dagbag.py:545} INFO - Filling up the DagBag from /home/airflow/.local/lib/python3.12/site-packages/airflow/example_dags/example_branch_day_of_week_operator.py
[2026-08-24T14:13:54.706+0000] {processor.py:840} INFO - DAG(s) 'example_weekday_branch_operator' retrieved from /home/airflow/.local/lib/python3.12/site-packages/airflow/example_dags/example_branch_day_of_week_operator.py
[2026-08-24T14:13:54.735+0000] {logging_mixin.py:188} INFO - [2026-08-24T14:13:54.735+0000] {dag.py:3096} INFO - Sync 1 DAGs
[2026-08-24T14:13:54.763+0000] {logging_mixin.py:188} INFO - [2026-08-24T14:13:54.762+0000] {dag.py:3954} INFO - Setting next_dagrun for example_weekday_branch_operator to 2026-08-23 00:00:00+00:00, run_after=2026-08-24 00:00:00+00:00
[2026-08-24T14:13:54.784+0000] {processor.py:183} INFO - Processing /home/airflow/.local/lib/python3.12/site-packages/airflow/example_dags/example_branch_day_of_week_operator.py took 0.099 seconds
[2026-08-24T14:14:25.367+0000] {processor.py:161} INFO - Started process (PID=215) to work on /home/airflow/.local/lib/python3.12/site-packages/airflow/example_dags/example_branch_day_of_week_operator.py
[2026-08-24T14:14:25.369+0000] {processor.py:830} INFO - Processing file /home/airflow/.local/lib/python3.12/site-packages/airflow/example_dags/example_branch_day_of_week_operator.py for tasks to queue
[2026-08-24T14:14:25.371+0000] {logging_mixin.py:188} INFO - [2026-08-24T14:14:25.371+0000] {dagbag.py:545} INFO - Filling up the DagBag from /home/airflow/.local/lib/python3.12/site-packages/airflow/example_dags/example_branch_day_of_week_operator.py
[2026-08-24T14:14:25.381+0000] {processor.py:840} INFO - DAG(s) 'example_weekday_branch_operator' retrieved from /home/airflow/.local/lib/python3.12/site-packages/airflow/example_dags/example_branch_day_of_week_operator.py
[2026-08-24T14:14:25.413+0000] {logging_mixin.py:188} INFO - [2026-08-24T14:14:25.412+0000] {dag.py:3096} INFO - Sync 1 DAGs
[2026-08-24T14:14:25.445+0000] {logging_mixin.py:188} INFO - [2026-08-24T14:14:25.445+0000] {dag.py:3954} INFO - Setting next_dagrun for example_weekday_branch_operator to 2026-08-23 00:00:00+00:00, run_after=2026-08-24 00:00:00+00:00
[2026-08-24T14:14:25.469+0000] {processor.py:183} INFO - Processing /home/airflow/.local/lib/python3.12/site-packages/airflow/example_dags/example_branch_day_of_week_operator.py took 0.110 seconds
[2026-08-24T14:14:55.997+0000] {processor.py:161} INFO - Started process (PID=274) to work on /home/airflow/.local/lib/python3.12/site-packages/airflow/example_dags/example_branch_day_of_week_operator.py
[2026-08-24T14:14:55.998+0000] {processor.py:830} INFO - Processing file /home/airflow/.local/lib/python3.12/site-packages/airflow/example_dags/example_branch_day_of_week_operator.py for tasks to queue
[2026-08-24T14:14:56.001+0000] {logging_mixin.py:188} INFO - [2026-08-24T14:14:56.001+0000] {dagbag.py:545} INFO - Filling up the DagBag from /home/airflow/.local/lib/python3.12/site-packages/airflow/example_dags/example_branch_day_of_week_operator.py
[2026-08-24T14:14:56.012+0000] {processor.py:840} INFO - DAG(s) 'example_weekday_branch_operator' retrieved from /home/airflow/.local/lib/python3.12/site-packages/airflow/example_dags/example_branch_day_of_week_operator.py
[2026-08-24T14:14:56.041+0000] {logging_mixin.py:188} INFO - [2026-08-24T14:14:56.040+0000] {dag.py:3096} INFO - Sync 1 DAGs
[2026-08-24T14:14:56.072+0000] {logging_mixin.py:188} INFO - [2026-08-24T14:14:56.072+0000] {dag.py:3954} INFO - Setting next_dagrun for example_weekday_branch_operator to 2026-08-23 00:00:00+00:00, run_after=2026-08-24 00:00:00+00:00
[2026-08-24T14:14:56.095+0000] {processor.py:183} INFO - Processing /home/airflow/.local/lib/python3.12/site-packages/airflow/example_dags/example_branch_day_of_week_operator.py took 0.105 seconds
[2026-08-24T14:15:26.354+0000] {processor.py:161} INFO - Started process (PID=333) to work on /home/airflow/.local/lib/python3.12/site-packages/airflow/example_dags/example_branch_day_of_week_operator.py
[2026-08-24T14:15:26.355+0000] {processor.py:830} INFO - Processing file /home/airflow/.local/lib/python3.12/site-packages/airflow/example_dags/example_branch_day_of_week_operator.py for tasks to queue
[2026-08-24T14:15:26.359+0000] {logging_mixin.py:188} INFO - [2026-08-24T14:15:26.358+0000] {dagbag.py:545} INFO - Filling up the DagBag from /home/airflow/.local/lib/python3.12/site-packages/airflow/example_dags/example_branch_day_of_week_operator.py
[2026-08-24T14:15:26.368+0000] {processor.py:840} INFO - DAG(s) 'example_weekday_branch_operator' retrieved from /home/airflow/.local/lib/python3.12/site-packages/airflow/example_dags/example_branch_day_of_week_operator.py
[2026-08-24T14:15:26.394+0000] {logging_mixin.py:188} INFO - [2026-08-24T14:15:26.394+0000] {dag.py:3096} INFO - Sync 1 DAGs
[2026-08-24T14:15:26.430+0000] {logging_mixin.py:188} INFO - [2026-08-24T14:15:26.429+0000] {dag.py:3954} INFO - Setting next_dagrun for example_weekday_branch_operator to 2026-08-23 00:00:00+00:00, run_after=2026-08-24 00:00:00+00:00
[2026-08-24T14:15:26.452+0000] {processor.py:183} INFO - Processing /home/airflow/.local/lib/python3.12/site-packages/airflow/example_dags/example_branch_day_of_week_operator.py took 0.106 seconds
[2026-08-24T14:15:56.559+0000] {processor.py:161} INFO - Started process (PID=391) to work on /home/airflow/.local/lib/python3.12/site-packages/airflow/example_dags/example_branch_day_of_week_operator.py
[2026-08-24T14:15:56.560+0000] {processor.py:830} INFO - Processing file /home/airflow/.local/lib/python3.12/site-packages/airflow/example_dags/example_branch_day_of_week_operator.py for tasks to queue
[2026-08-24T14:15:56.563+0000] {logging_mixin.py:188} INFO - [2026-08-24T14:15:56.562+0000] {dagbag.py:545} INFO - Filling up the DagBag from /home/airflow/.local/lib/python3.12/site-packages/airflow/example_dags/example_branch_day_of_week_operator.py
[2026-08-24T14:15:56.574+0000] {processor.py:840} INFO - DAG(s) 'example_weekday_branch_operator' retrieved from /home/airflow/.local/lib/python3.12/site-packages/airflow/example_dags/example_branch_day_of_week_operator.py
[2026-08-24T14:15:56.607+0000] {logging_mixin.py:188} INFO - [2026-08-24T14:15:56.607+0000] {dag.py:3096} INFO - Sync 1 DAGs
[2026-08-24T14:15:56.646+0000] {logging_mixin.py:188} INFO - [2026-08-24T14:15:56.646+0000] {dag.py:3954} INFO - Setting next_dagrun for example_weekday_branch_operator to 2026-08-23 00:00:00+00:00, run_after=2026-08-24 00:00:00+00:00
[2026-08-24T14:15:56.671+0000] {processor.py:183} INFO - Processing /home/airflow/.local/lib/python3.12/site-packages/airflow/example_dags/example_branch_day_of_week_operator.py took 0.120 seconds
[2026-08-24T14:16:27.109+0000] {processor.py:161} INFO - Started process (PID=450) to work on /home/airflow/.local/lib/python3.12/site-packages/airflow/example_dags/example_branch_day_of_week_operator.py
[2026-08-24T14:16:27.110+0000] {processor.py:830} INFO - Processing file /home/airflow/.local/lib/python3.12/site-packages/airflow/example_dags/example_branch_day_of_week_operator.py for tasks to queue
[2026-08-24T14:16:27.113+0000] {logging_mixin.py:188} INFO - [2026-08-24T14:16:27.112+0000] {dagbag.py:545} INFO - Filling up the DagBag from /home/airflow/.local/lib/python3.12/site-packages/airflow/example_dags/example_branch_day_of_week_operator.py
[2026-08-24T14:16:27.123+0000] {processor.py:840} INFO - DAG(s) 'example_weekday_branch_operator' retrieved from /home/airflow/.local/lib/python3.12/site-packages/airflow/example_dags/example_branch_day_of_week_operator.py
[2026-08-24T14:16:27.149+0000] {logging_mixin.py:188} INFO - [2026-08-24T14:16:27.149+0000] {dag.py:3096} INFO - Sync 1 DAGs
[2026-08-24T14:16:27.178+0000] {logging_mixin.py:188} INFO - [2026-08-24T14:16:27.177+0000] {dag.py:3954} INFO - Setting next_dagrun for example_weekday_branch_operator to 2026-08-23 00:00:00+00:00, run_after=2026-08-24 00:00:00+00:00
[2026-08-24T14:16:27.204+0000] {processor.py:183} INFO - Processing /home/airflow/.local/lib/python3.12/site-packages/airflow/example_dags/example_branch_day_of_week_operator.py took 0.102 seconds
[2026-08-24T14:16:57.384+0000] {processor.py:161} INFO - Started process (PID=509) to work on /home/airflow/.local/lib/python3.12/site-packages/airflow/example_dags/example_branch_day_of_week_operator.py
[2026-08-24T14:16:57.385+0000] {processor.py:830} INFO - Processing file /home/airflow/.local/lib/python3.12/site-packages/airflow/example_dags/example_branch_day_of_week_operator.py for tasks to queue
[2026-08-24T14:16:57.389+0000] {logging_mixin.py:188} INFO - [2026-08-24T14:16:57.388+0000] {dagbag.py:545} INFO - Filling up the DagBag from /home/airflow/.local/lib/python3.12/site-packages/airflow/example_dags/example_branch_day_of_week_operator.py
[2026-08-24T14:16:57.402+0000] {processor.py:840} INFO - DAG(s) 'example_weekday_branch_operator' retrieved from /home/airflow/.local/lib/python3.12/site-packages/airflow/example_dags/example_branch_day_of_week_operator.py
[2026-08-24T14:16:57.438+0000] {logging_mixin.py:188} INFO - [2026-08-24T14:16:57.437+0000] {dag.py:3096} INFO - Sync 1 DAGs
[2026-08-24T14:16:57.475+0000] {logging_mixin.py:188} INFO - [2026-08-24T14:16:57.475+0000] {dag.py:3954} INFO - Setting next_dagrun for example_weekday_branch_operator to 2026-08-23 00:00:00+00:00, run_after=2026-08-24 00:00:00+00:00
[2026-08-24T14:16:57.510+0000] {processor.py:183} INFO - Processing /home/airflow/.local/lib/python3.12/site-packages/airflow/example_dags/example_branch_day_of_week_operator.py took 0.137 seconds
[2026-08-24T14:17:27.957+0000] {processor.py:161} INFO - Started process (PID=568) to work on /home/airflow/.local/lib/python3.12/site-packages/airflow/example_dags/example_branch_day_of_week_operator.py
[2026-08-24T14:17:27.958+0000] {processor.py:830} INFO - Processing file /home/airflow/.local/lib/python3.12/site-packages/airflow/example_dags/example_branch_day_of_week_operator.py for tasks to queue
[2026-08-24T14:17:27.961+0000] {logging_mixin.py:188} INFO - [2026-08-24T14:17:27.960+0000] {dagbag.py:545} INFO - Filling up the DagBag from /home/airflow/.local/lib/python3.12/site-packages/airflow/example_dags/example_branch_day_of_week_operator.py
[2026-08-24T14:17:27.975+0000] {processor.py:840} INFO - DAG(s) 'example_weekday_branch_operator' retrieved from /home/airflow/.local/lib/python3.12/site-packages/airflow/example_dags/example_branch_day_of_week_operator.py
[2026-08-24T14:17:28.006+0000] {logging_mixin.py:188} INFO - [2026-08-24T14:17:28.005+0000] {dag.py:3096} INFO - Sync 1 DAGs
[2026-08-24T14:17:28.046+0000] {logging_mixin.py:188} INFO - [2026-08-24T14:17:28.046+0000] {dag.py:3954} INFO - Setting next_dagrun for example_weekday_branch_operator to 2026-08-23 00:00:00+00:00, run_after=2026-08-24 00:00:00+00:00
[2026-08-24T14:17:28.075+0000] {processor.py:183} INFO - Processing /home/airflow/.local/lib/python3.12/site-packages/airflow/example_dags/example_branch_day_of_week_operator.py took 0.126 seconds
[2026-08-24T14:17:58.169+0000] {processor.py:161} INFO - Started process (PID=627) to work on /home/airflow/.local/lib/python3.12/site-packages/airflow/example_dags/example_branch_day_of_week_operator.py
[2026-08-24T14:17:58.170+0000] {processor.py:830} INFO - Processing file /home/airflow/.local/lib/python3.12/site-packages/airflow/example_dags/example_branch_day_of_week_operator.py for tasks to queue
[2026-08-24T14:17:58.173+0000] {logging_mixin.py:188} INFO - [2026-08-24T14:17:58.173+0000] {dagbag.py:545} INFO - Filling up the DagBag from /home/airflow/.local/lib/python3.12/site-packages/airflow/example_dags/example_branch_day_of_week_operator.py
[2026-08-24T14:17:58.183+0000] {processor.py:840} INFO - DAG(s) 'example_weekday_branch_operator' retrieved from /home/airflow/.local/lib/python3.12/site-packages/airflow/example_dags/example_branch_day_of_week_operator.py
[2026-08-24T14:17:58.210+0000] {logging_mixin.py:188} INFO - [2026-08-24T14:17:58.210+0000] {dag.py:3096} INFO - Sync 1 DAGs
[2026-08-24T14:17:58.241+0000] {logging_mixin.py:188} INFO - [2026-08-24T14:17:58.240+0000] {dag.py:3954} INFO - Setting next_dagrun for example_weekday_branch_operator to 2026-08-23 00:00:00+00:00, run_after=2026-08-24 00:00:00+00:00
[2026-08-24T14:17:58.268+0000] {processor.py:183} INFO - Processing /home/airflow/.local/lib/python3.12/site-packages/airflow/example_dags/example_branch_day_of_week_operator.py took 0.107 seconds
[2026-08-24T14:18:29.079+0000] {processor.py:161} INFO - Started process (PID=686) to work on /home/airflow/.local/lib/python3.12/site-packages/airflow/example_dags/example_branch_day_of_week_operator.py
[2026-08-24T14:18:29.081+0000] {processor.py:830} INFO - Processing file /home/airflow/.local/lib/python3.12/site-packages/airflow/example_dags/example_branch_day_of_week_operator.py for tasks to queue
[2026-08-24T14:18:29.083+0000] {logging_mixin.py:188} INFO - [2026-08-24T14:18:29.083+0000] {dagbag.py:545} INFO - Filling up the DagBag from /home/airflow/.local/lib/python3.12/site-packages/airflow/example_dags/example_branch_day_of_week_operator.py
[2026-08-24T14:18:29.093+0000] {processor.py:840} INFO - DAG(s) 'example_weekday_branch_operator' retrieved from /home/airflow/.local/lib/python3.12/site-packages/airflow/example_dags/example_branch_day_of_week_operator.py
[2026-08-24T14:18:29.120+0000] {logging_mixin.py:188} INFO - [2026-08-24T14:18:29.120+0000] {dag.py:3096} INFO - Sync 1 DAGs
[2026-08-24T14:18:29.150+0000] {logging_mixin.py:188} INFO - [2026-08-24T14:18:29.149+0000] {dag.py:3954} INFO - Setting next_dagrun for example_weekday_branch_operator to 2026-08-23 00:00:00+00:00, run_after=2026-08-24 00:00:00+00:00
[2026-08-24T14:18:29.174+0000] {processor.py:183} INFO - Processing /home/airflow/.local/lib/python3.12/site-packages/airflow/example_dags/example_branch_day_of_week_operator.py took 0.103 seconds
[2026-08-24T14:18:59.360+0000] {processor.py:161} INFO - Started process (PID=746) to work on /home/airflow/.local/lib/python3.12/site-packages/airflow/example_dags/example_branch_day_of_week_operator.py
[2026-08-24T14:18:59.362+0000] {processor.py:830} INFO - Processing file /home/airflow/.local/lib/python3.12/site-packages/airflow/example_dags/example_branch_day_of_week_operator.py for tasks to queue
[2026-08-24T14:18:59.366+0000] {logging_mixin.py:188} INFO - [2026-08-24T14:18:59.365+0000] {dagbag.py:545} INFO - Filling up the DagBag from /home/airflow/.local/lib/python3.12/site-packages/airflow/example_dags/example_branch_day_of_week_operator.py
[2026-08-24T14:18:59.383+0000] {processor.py:840} INFO - DAG(s) 'example_weekday_branch_operator' retrieved from /home/airflow/.local/lib/python3.12/site-packages/airflow/example_dags/example_branch_day_of_week_operator.py
[2026-08-24T14:18:59.421+0000] {logging_mixin.py:188} INFO - [2026-08-24T14:18:59.421+0000] {dag.py:3096} INFO - Sync 1 DAGs
[2026-08-24T14:18:59.471+0000] {logging_mixin.py:188} INFO - [2026-08-24T14:18:59.471+0000] {dag.py:3954} INFO - Setting next_dagrun for example_weekday_branch_operator to 2026-08-23 00:00:00+00:00, run_after=2026-08-24 00:00:00+00:00
[2026-08-24T14:18:59.511+0000] {processor.py:183} INFO - Processing /home/airflow/.local/lib/python3.12/site-packages/airflow/example_dags/example_branch_day_of_week_operator.py took 0.163 seconds
[2026-08-24T14:19:29.661+0000] {processor.py:161} INFO - Started process (PID=806) to work on /home/airflow/.local/lib/python3.12/site-packages/airflow/example_dags/example_branch_day_of_week_operator.py
[2026-08-24T14:19:29.663+0000] {processor.py:830} INFO - Processing file /home/airflow/.local/lib/python3.12/site-packages/airflow/example_dags/example_branch_day_of_week_operator.py for tasks to queue
[2026-08-24T14:19:29.666+0000] {logging_mixin.py:188} INFO - [2026-08-24T14:19:29.665+0000] {dagbag.py:545} INFO - Filling up the DagBag from /home/airflow/.local/lib/python3.12/site-packages/airflow/example_dags/example_branch_day_of_week_operator.py
[2026-08-24T14:19:29.677+0000] {processor.py:840} INFO - DAG(s) 'example_weekday_branch_operator' retrieved from /home/airflow/.local/lib/python3.12/site-packages/airflow/example_dags/example_branch_day_of_week_operator.py
[2026-08-24T14:19:29.707+0000] {logging_mixin.py:188} INFO - [2026-08-24T14:19:29.706+0000] {dag.py:3096} INFO - Sync 1 DAGs
[2026-08-24T14:19:29.748+0000] {logging_mixin.py:188} INFO - [2026-08-24T14:19:29.747+0000] {dag.py:3954} INFO - Setting next_dagrun for example_weekday_branch_operator to 2026-08-23 00:00:00+00:00, run_after=2026-08-24 00:00:00+00:00
[2026-08-24T14:19:29.780+0000] {processor.py:183} INFO - Processing /home/airflow/.local/lib/python3.12/site-packages/airflow/example_dags/example_branch_day_of_week_operator.py took 0.129 seconds
[2026-08-24T14:20:00.514+0000] {processor.py:161} INFO - Started process (PID=866) to work on /home/airflow/.local/lib/python3.12/site-packages/airflow/example_dags/example_branch_day_of_week_operator.py
[2026-08-24T14:20:00.515+0000] {processor.py:830} INFO - Processing file /home/airflow/.local/lib/python3.12/site-packages/airflow/example_dags/example_branch_day_of_week_operator.py for tasks to queue
[2026-08-24T14:20:00.519+0000] {logging_mixin.py:188} INFO - [2026-08-24T14:20:00.518+0000] {dagbag.py:545} INFO - Filling up the DagBag from /home/airflow/.local/lib/python3.12/site-packages/airflow/example_dags/example_branch_day_of_week_operator.py
[2026-08-24T14:20:00.530+0000] {processor.py:840} INFO - DAG(s) 'example_weekday_branch_operator' retrieved from /home/airflow/.local/lib/python3.12/site-packages/airflow/example_dags/example_branch_day_of_week_operator.py
[2026-08-24T14:20:00.562+0000] {logging_mixin.py:188} INFO - [2026-08-24T14:20:00.561+0000] {dag.py:3096} INFO - Sync 1 DAGs
[2026-08-24T14:20:00.596+0000] {logging_mixin.py:188} INFO - [2026-08-24T14:20:00.595+0000] {dag.py:3954} INFO - Setting next_dagrun for example_weekday_branch_operator to 2026-08-23 00:00:00+00:00, run_after=2026-08-24 00:00:00+00:00
[2026-08-24T14:20:00.625+0000] {processor.py:183} INFO - Processing /home/airflow/.local/lib/python3.12/site-packages/airflow/example_dags/example_branch_day_of_week_operator.py took 0.121 seconds
[2026-08-24T14:22:13.355+0000] {processor.py:161} INFO - Started process (PID=97) to work on /home/airflow/.local/lib/python3.12/site-packages/airflow/example_dags/example_branch_day_of_week_operator.py
[2026-08-24T14:22:13.357+0000] {processor.py:830} INFO - Processing file /home/airflow/.local/lib/python3.12/site-packages/airflow/example_dags/example_branch_day_of_week_operator.py for tasks to queue
[2026-08-24T14:22:13.362+0000] {logging_mixin.py:188} INFO - [2026-08-24T14:22:13.361+0000] {dagbag.py:545} INFO - Filling up the DagBag from /home/airflow/.local/lib/python3.12/site-packages/airflow/example_dags/example_branch_day_of_week_operator.py
[2026-08-24T14:22:13.380+0000] {processor.py:840} INFO - DAG(s) 'example_weekday_branch_operator' retrieved from /home/airflow/.local/lib/python3.12/site-packages/airflow/example_dags/example_branch_day_of_week_operator.py
[2026-08-24T14:22:13.592+0000] {logging_mixin.py:188} INFO - [2026-08-24T14:22:13.592+0000] {dag.py:3096} INFO - Sync 1 DAGs
[2026-08-24T14:22:13.630+0000] {logging_mixin.py:188} INFO - [2026-08-24T14:22:13.629+0000] {dag.py:3954} INFO - Setting next_dagrun for example_weekday_branch_operator to 2026-08-23 00:00:00+00:00, run_after=2026-08-24 00:00:00+00:00
[2026-08-24T14:22:13.761+0000] {processor.py:183} INFO - Processing /home/airflow/.local/lib/python3.12/site-packages/airflow/example_dags/example_branch_day_of_week_operator.py took 0.416 seconds
[2026-08-24T14:22:59.446+0000] {processor.py:161} INFO - Started process (PID=76) to work on /home/airflow/.local/lib/python3.12/site-packages/airflow/example_dags/example_branch_day_of_week_operator.py
[2026-08-24T14:22:59.448+0000] {processor.py:830} INFO - Processing file /home/airflow/.local/lib/python3.12/site-packages/airflow/example_dags/example_branch_day_of_week_operator.py for tasks to queue
[2026-08-24T14:22:59.450+0000] {logging_mixin.py:188} INFO - [2026-08-24T14:22:59.449+0000] {dagbag.py:545} INFO - Filling up the DagBag from /home/airflow/.local/lib/python3.12/site-packages/airflow/example_dags/example_branch_day_of_week_operator.py
[2026-08-24T14:22:59.466+0000] {processor.py:840} INFO - DAG(s) 'example_weekday_branch_operator' retrieved from /home/airflow/.local/lib/python3.12/site-packages/airflow/example_dags/example_branch_day_of_week_operator.py
[2026-08-24T14:22:59.506+0000] {logging_mixin.py:188} INFO - [2026-08-24T14:22:59.506+0000] {dag.py:3096} INFO - Sync 1 DAGs
[2026-08-24T14:22:59.545+0000] {logging_mixin.py:188} INFO - [2026-08-24T14:22:59.545+0000] {dag.py:3954} INFO - Setting next_dagrun for example_weekday_branch_operator to 2026-08-23 00:00:00+00:00, run_after=2026-08-24 00:00:00+00:00
[2026-08-24T14:22:59.575+0000] {processor.py:183} INFO - Processing /home/airflow/.local/lib/python3.12/site-packages/airflow/example_dags/example_branch_day_of_week_operator.py took 0.136 seconds
[2026-08-24T14:23:29.681+0000] {processor.py:161} INFO - Started process (PID=134) to work on /home/airflow/.local/lib/python3.12/site-packages/airflow/example_dags/example_branch_day_of_week_operator.py
[2026-08-24T14:23:29.684+0000] {processor.py:830} INFO - Processing file /home/airflow/.local/lib/python3.12/site-packages/airflow/example_dags/example_branch_day_of_week_operator.py for tasks to queue
[2026-08-24T14:23:29.687+0000] {logging_mixin.py:188} INFO - [2026-08-24T14:23:29.686+0000] {dagbag.py:545} INFO - Filling up the DagBag from /home/airflow/.local/lib/python3.12/site-packages/airflow/example_dags/example_branch_day_of_week_operator.py
[2026-08-24T14:23:29.697+0000] {processor.py:840} INFO - DAG(s) 'example_weekday_branch_operator' retrieved from /home/airflow/.local/lib/python3.12/site-packages/airflow/example_dags/example_branch_day_of_week_operator.py
[2026-08-24T14:23:29.726+0000] {logging_mixin.py:188} INFO - [2026-08-24T14:23:29.726+0000] {dag.py:3096} INFO - Sync 1 DAGs
[2026-08-24T14:23:29.761+0000] {logging_mixin.py:188} INFO - [2026-08-24T14:23:29.761+0000] {dag.py:3954} INFO - Setting next_dagrun for example_weekday_branch_operator to 2026-08-23 00:00:00+00:00, run_after=2026-08-24 00:00:00+00:00
[2026-08-24T14:23:29.789+0000] {processor.py:183} INFO - Processing /home/airflow/.local/lib/python3.12/site-packages/airflow/example_dags/example_branch_day_of_week_operator.py took 0.117 seconds
[2026-08-24T14:24:02.555+0000] {processor.py:161} INFO - Started process (PID=195) to work on /home/airflow/.local/lib/python3.12/site-packages/airflow/example_dags/example_branch_day_of_week_operator.py
[2026-08-24T14:24:02.557+0000] {processor.py:830} INFO - Processing file /home/airflow/.local/lib/python3.12/site-packages/airflow/example_dags/example_branch_day_of_week_operator.py for tasks to queue
[2026-08-24T14:24:02.560+0000] {logging_mixin.py:188} INFO - [2026-08-24T14:24:02.559+0000] {dagbag.py:545} INFO - Filling up the DagBag from /home/airflow/.local/lib/python3.12/site-packages/airflow/example_dags/example_branch_day_of_week_operator.py
[2026-08-24T14:24:02.572+0000] {processor.py:840} INFO - DAG(s) 'example_weekday_branch_operator' retrieved from /home/airflow/.local/lib/python3.12/site-packages/airflow/example_dags/example_branch_day_of_week_operator.py
[2026-08-24T14:24:02.609+0000] {logging_mixin.py:188} INFO - [2026-08-24T14:24:02.608+0000] {dag.py:3096} INFO - Sync 1 DAGs
[2026-08-24T14:24:02.643+0000] {logging_mixin.py:188} INFO - [2026-08-24T14:24:02.643+0000] {dag.py:3954} INFO - Setting next_dagrun for example_weekday_branch_operator to 2026-08-23 00:00:00+00:00, run_after=2026-08-24 00:00:00+00:00
[2026-08-24T14:24:02.679+0000] {processor.py:183} INFO - Processing /home/airflow/.local/lib/python3.12/site-packages/airflow/example_dags/example_branch_day_of_week_operator.py took 0.133 seconds
[2026-08-24T14:24:32.801+0000] {processor.py:161} INFO - Started process (PID=254) to work on /home/airflow/.local/lib/python3.12/site-packages/airflow/example_dags/example_branch_day_of_week_operator.py
[2026-08-24T14:24:32.802+0000] {processor.py:830} INFO - Processing file /home/airflow/.local/lib/python3.12/site-packages/airflow/example_dags/example_branch_day_of_week_operator.py for tasks to queue
[2026-08-24T14:24:32.805+0000] {logging_mixin.py:188} INFO - [2026-08-24T14:24:32.805+0000] {dagbag.py:545} INFO - Filling up the DagBag from /home/airflow/.local/lib/python3.12/site-packages/airflow/example_dags/example_branch_day_of_week_operator.py
[2026-08-24T14:24:32.818+0000] {processor.py:840} INFO - DAG(s) 'example_weekday_branch_operator' retrieved from /home/airflow/.local/lib/python3.12/site-packages/airflow/example_dags/example_branch_day_of_week_operator.py
[2026-08-24T14:24:32.850+0000] {logging_mixin.py:188} INFO - [2026-08-24T14:24:32.850+0000] {dag.py:3096} INFO - Sync 1 DAGs
[2026-08-24T14:24:32.886+0000] {logging_mixin.py:188} INFO - [2026-08-24T14:24:32.885+0000] {dag.py:3954} INFO - Setting next_dagrun for example_weekday_branch_operator to 2026-08-23 00:00:00+00:00, run_after=2026-08-24 00:00:00+00:00
[2026-08-24T14:24:32.910+0000] {processor.py:183} INFO - Processing /home/airflow/.local/lib/python3.12/site-packages/airflow/example_dags/example_branch_day_of_week_operator.py took 0.116 seconds
[2026-08-24T14:25:03.196+0000] {processor.py:161} INFO - Started process (PID=320) to work on /home/airflow/.local/lib/python3.12/site-packages/airflow/example_dags/example_branch_day_of_week_operator.py
[2026-08-24T14:25:03.197+0000] {processor.py:830} INFO - Processing file /home/airflow/.local/lib/python3.12/site-packages/airflow/example_dags/example_branch_day_of_week_operator.py for tasks to queue
[2026-08-24T14:25:03.199+0000] {logging_mixin.py:188} INFO - [2026-08-24T14:25:03.199+0000] {dagbag.py:545} INFO - Filling up the DagBag from /home/airflow/.local/lib/python3.12/site-packages/airflow/example_dags/example_branch_day_of_week_operator.py
[2026-08-24T14:25:03.210+0000] {processor.py:840} INFO - DAG(s) 'example_weekday_branch_operator' retrieved from /home/airflow/.local/lib/python3.12/site-packages/airflow/example_dags/example_branch_day_of_week_operator.py
[2026-08-24T14:25:03.238+0000] {logging_mixin.py:188} INFO - [2026-08-24T14:25:03.238+0000] {dag.py:3096} INFO - Sync 1 DAGs
[2026-08-24T14:25:03.268+0000] {logging_mixin.py:188} INFO - [2026-08-24T14:25:03.268+0000] {dag.py:3954} INFO - Setting next_dagrun for example_weekday_branch_operator to 2026-08-23 00:00:00+00:00, run_after=2026-08-24 00:00:00+00:00
[2026-08-24T14:25:03.292+0000] {processor.py:183} INFO - Processing /home/airflow/.local/lib/python3.12/site-packages/airflow/example_dags/example_branch_day_of_week_operator.py took 0.104 seconds
[2026-08-24T14:25:33.447+0000] {processor.py:161} INFO - Started process (PID=380) to work on /home/airflow/.local/lib/python3.12/site-packages/airflow/example_dags/example_branch_day_of_week_operator.py
[2026-08-24T14:25:33.448+0000] {processor.py:830} INFO - Processing file /home/airflow/.local/lib/python3.12/site-packages/airflow/example_dags/example_branch_day_of_week_operator.py for tasks to queue
[2026-08-24T14:25:33.451+0000] {logging_mixin.py:188} INFO - [2026-08-24T14:25:33.450+0000] {dagbag.py:545} INFO - Filling up the DagBag from /home/airflow/.local/lib/python3.12/site-packages/airflow/example_dags/example_branch_day_of_week_operator.py
[2026-08-24T14:25:33.462+0000] {processor.py:840} INFO - DAG(s) 'example_weekday_branch_operator' retrieved from /home/airflow/.local/lib/python3.12/site-packages/airflow/example_dags/example_branch_day_of_week_operator.py
[2026-08-24T14:25:33.488+0000] {logging_mixin.py:188} INFO - [2026-08-24T14:25:33.487+0000] {dag.py:3096} INFO - Sync 1 DAGs
[2026-08-24T14:25:33.517+0000] {logging_mixin.py:188} INFO - [2026-08-24T14:25:33.517+0000] {dag.py:3954} INFO - Setting next_dagrun for example_weekday_branch_operator to 2026-08-23 00:00:00+00:00, run_after=2026-08-24 00:00:00+00:00
[2026-08-24T14:25:33.543+0000] {processor.py:183} INFO - Processing /home/airflow/.local/lib/python3.12/site-packages/airflow/example_dags/example_branch_day_of_week_operator.py took 0.109 seconds
[2026-08-24T14:26:04.059+0000] {processor.py:161} INFO - Started process (PID=440) to work on /home/airflow/.local/lib/python3.12/site-packages/airflow/example_dags/example_branch_day_of_week_operator.py
[2026-08-24T14:26:04.061+0000] {processor.py:830} INFO - Processing file /home/airflow/.local/lib/python3.12/site-packages/airflow/example_dags/example_branch_day_of_week_operator.py for tasks to queue
[2026-08-24T14:26:04.063+0000] {logging_mixin.py:188} INFO - [2026-08-24T14:26:04.063+0000] {dagbag.py:545} INFO - Filling up the DagBag from /home/airflow/.local/lib/python3.12/site-packages/airflow/example_dags/example_branch_day_of_week_operator.py
[2026-08-24T14:26:04.077+0000] {processor.py:840} INFO - DAG(s) 'example_weekday_branch_operator' retrieved from /home/airflow/.local/lib/python3.12/site-packages/airflow/example_dags/example_branch_day_of_week_operator.py
[2026-08-24T14:26:04.107+0000] {logging_mixin.py:188} INFO - [2026-08-24T14:26:04.106+0000] {dag.py:3096} INFO - Sync 1 DAGs
[2026-08-24T14:26:04.141+0000] {logging_mixin.py:188} INFO - [2026-08-24T14:26:04.141+0000] {dag.py:3954} INFO - Setting next_dagrun for example_weekday_branch_operator to 2026-08-23 00:00:00+00:00, run_after=2026-08-24 00:00:00+00:00
[2026-08-24T14:26:04.166+0000] {processor.py:183} INFO - Processing /home/airflow/.local/lib/python3.12/site-packages/airflow/example_dags/example_branch_day_of_week_operator.py took 0.115 seconds
[2026-08-24T14:26:34.264+0000] {processor.py:161} INFO - Started process (PID=500) to work on /home/airflow/.local/lib/python3.12/site-packages/airflow/example_dags/example_branch_day_of_week_operator.py
[2026-08-24T14:26:34.288+0000] {processor.py:830} INFO - Processing file /home/airflow/.local/lib/python3.12/site-packages/airflow/example_dags/example_branch_day_of_week_operator.py for tasks to queue
[2026-08-24T14:26:34.292+0000] {logging_mixin.py:188} INFO - [2026-08-24T14:26:34.292+0000] {dagbag.py:545} INFO - Filling up the DagBag from /home/airflow/.local/lib/python3.12/site-packages/airflow/example_dags/example_branch_day_of_week_operator.py
[2026-08-24T14:26:34.309+0000] {processor.py:840} INFO - DAG(s) 'example_weekday_branch_operator' retrieved from /home/airflow/.local/lib/python3.12/site-packages/airflow/example_dags/example_branch_day_of_week_operator.py
[2026-08-24T14:26:34.341+0000] {logging_mixin.py:188} INFO - [2026-08-24T14:26:34.341+0000] {dag.py:3096} INFO - Sync 1 DAGs
[2026-08-24T14:26:34.376+0000] {logging_mixin.py:188} INFO - [2026-08-24T14:26:34.376+0000] {dag.py:3954} INFO - Setting next_dagrun for example_weekday_branch_operator to 2026-08-23 00:00:00+00:00, run_after=2026-08-24 00:00:00+00:00
[2026-08-24T14:26:34.403+0000] {processor.py:183} INFO - Processing /home/airflow/.local/lib/python3.12/site-packages/airflow/example_dags/example_branch_day_of_week_operator.py took 0.150 seconds
[2026-08-24T14:27:04.951+0000] {processor.py:161} INFO - Started process (PID=560) to work on /home/airflow/.local/lib/python3.12/site-packages/airflow/example_dags/example_branch_day_of_week_operator.py
[2026-08-24T14:27:04.952+0000] {processor.py:830} INFO - Processing file /home/airflow/.local/lib/python3.12/site-packages/airflow/example_dags/example_branch_day_of_week_operator.py for tasks to queue
[2026-08-24T14:27:04.955+0000] {logging_mixin.py:188} INFO - [2026-08-24T14:27:04.954+0000] {dagbag.py:545} INFO - Filling up the DagBag from /home/airflow/.local/lib/python3.12/site-packages/airflow/example_dags/example_branch_day_of_week_operator.py
[2026-08-24T14:27:04.969+0000] {processor.py:840} INFO - DAG(s) 'example_weekday_branch_operator' retrieved from /home/airflow/.local/lib/python3.12/site-packages/airflow/example_dags/example_branch_day_of_week_operator.py
[2026-08-24T14:27:04.996+0000] {logging_mixin.py:188} INFO - [2026-08-24T14:27:04.995+0000] {dag.py:3096} INFO - Sync 1 DAGs
[2026-08-24T14:27:05.025+0000] {logging_mixin.py:188} INFO - [2026-08-24T14:27:05.025+0000] {dag.py:3954} INFO - Setting next_dagrun for example_weekday_branch_operator to 2026-08-23 00:00:00+00:00, run_after=2026-08-24 00:00:00+00:00
[2026-08-24T14:27:05.053+0000] {processor.py:183} INFO - Processing /home/airflow/.local/lib/python3.12/site-packages/airflow/example_dags/example_branch_day_of_week_operator.py took 0.109 seconds
[2026-08-24T14:27:35.419+0000] {processor.py:161} INFO - Started process (PID=620) to work on /home/airflow/.local/lib/python3.12/site-packages/airflow/example_dags/example_branch_day_of_week_operator.py
[2026-08-24T14:27:35.420+0000] {processor.py:830} INFO - Processing file /home/airflow/.local/lib/python3.12/site-packages/airflow/example_dags/example_branch_day_of_week_operator.py for tasks to queue
[2026-08-24T14:27:35.423+0000] {logging_mixin.py:188} INFO - [2026-08-24T14:27:35.423+0000] {dagbag.py:545} INFO - Filling up the DagBag from /home/airflow/.local/lib/python3.12/site-packages/airflow/example_dags/example_branch_day_of_week_operator.py
[2026-08-24T14:27:35.434+0000] {processor.py:840} INFO - DAG(s) 'example_weekday_branch_operator' retrieved from /home/airflow/.local/lib/python3.12/site-packages/airflow/example_dags/example_branch_day_of_week_operator.py
[2026-08-24T14:27:35.462+0000] {logging_mixin.py:188} INFO - [2026-08-24T14:27:35.462+0000] {dag.py:3096} INFO - Sync 1 DAGs
[2026-08-24T14:27:35.497+0000] {logging_mixin.py:188} INFO - [2026-08-24T14:27:35.497+0000] {dag.py:3954} INFO - Setting next_dagrun for example_weekday_branch_operator to 2026-08-23 00:00:00+00:00, run_after=2026-08-24 00:00:00+00:00
[2026-08-24T14:27:35.528+0000] {processor.py:183} INFO - Processing /home/airflow/.local/lib/python3.12/site-packages/airflow/example_dags/example_branch_day_of_week_operator.py took 0.117 seconds
[2026-08-24T14:28:05.715+0000] {processor.py:161} INFO - Started process (PID=680) to work on /home/airflow/.local/lib/python3.12/site-packages/airflow/example_dags/example_branch_day_of_week_operator.py
[2026-08-24T14:28:05.716+0000] {processor.py:830} INFO - Processing file /home/airflow/.local/lib/python3.12/site-packages/airflow/example_dags/example_branch_day_of_week_operator.py for tasks to queue
[2026-08-24T14:28:05.719+0000] {logging_mixin.py:188} INFO - [2026-08-24T14:28:05.718+0000] {dagbag.py:545} INFO - Filling up the DagBag from /home/airflow/.local/lib/python3.12/site-packages/airflow/example_dags/example_branch_day_of_week_operator.py
[2026-08-24T14:28:05.731+0000] {processor.py:840} INFO - DAG(s) 'example_weekday_branch_operator' retrieved from /home/airflow/.local/lib/python3.12/site-packages/airflow/example_dags/example_branch_day_of_week_operator.py
[2026-08-24T14:28:05.756+0000] {logging_mixin.py:188} INFO - [2026-08-24T14:28:05.755+0000] {dag.py:3096} INFO - Sync 1 DAGs
[2026-08-24T14:28:05.786+0000] {logging_mixin.py:188} INFO - [2026-08-24T14:28:05.786+0000] {dag.py:3954} INFO - Setting next_dagrun for example_weekday_branch_operator to 2026-08-23 00:00:00+00:00, run_after=2026-08-24 00:00:00+00:00
[2026-08-24T14:28:05.811+0000] {processor.py:183} INFO - Processing /home/airflow/.local/lib/python3.12/site-packages/airflow/example_dags/example_branch_day_of_week_operator.py took 0.103 seconds
[2026-08-24T14:28:36.155+0000] {processor.py:161} INFO - Started process (PID=740) to work on /home/airflow/.local/lib/python3.12/site-packages/airflow/example_dags/example_branch_day_of_week_operator.py
[2026-08-24T14:28:36.156+0000] {processor.py:830} INFO - Processing file /home/airflow/.local/lib/python3.12/site-packages/airflow/example_dags/example_branch_day_of_week_operator.py for tasks to queue
[2026-08-24T14:28:36.159+0000] {logging_mixin.py:188} INFO - [2026-08-24T14:28:36.158+0000] {dagbag.py:545} INFO - Filling up the DagBag from /home/airflow/.local/lib/python3.12/site-packages/airflow/example_dags/example_branch_day_of_week_operator.py
[2026-08-24T14:28:36.169+0000] {processor.py:840} INFO - DAG(s) 'example_weekday_branch_operator' retrieved from /home/airflow/.local/lib/python3.12/site-packages/airflow/example_dags/example_branch_day_of_week_operator.py
[2026-08-24T14:28:36.196+0000] {logging_mixin.py:188} INFO - [2026-08-24T14:28:36.196+0000] {dag.py:3096} INFO - Sync 1 DAGs
[2026-08-24T14:28:36.231+0000] {logging_mixin.py:188} INFO - [2026-08-24T14:28:36.231+0000] {dag.py:3954} INFO - Setting next_dagrun for example_weekday_branch_operator to 2026-08-23 00:00:00+00:00, run_after=2026-08-24 00:00:00+00:00
[2026-08-24T14:28:36.258+0000] {processor.py:183} INFO - Processing /home/airflow/.local/lib/python3.12/site-packages/airflow/example_dags/example_branch_day_of_week_operator.py took 0.113 seconds
[2026-08-24T14:29:06.775+0000] {processor.py:161} INFO - Started process (PID=800) to work on /home/airflow/.local/lib/python3.12/site-packages/airflow/example_dags/example_branch_day_of_week_operator.py
[2026-08-24T14:29:06.777+0000] {processor.py:830} INFO - Processing file /home/airflow/.local/lib/python3.12/site-packages/airflow/example_dags/example_branch_day_of_week_operator.py for tasks to queue
[2026-08-24T14:29:06.779+0000] {logging_mixin.py:188} INFO - [2026-08-24T14:29:06.779+0000] {dagbag.py:545} INFO - Filling up the DagBag from /home/airflow/.local/lib/python3.12/site-packages/airflow/example_dags/example_branch_day_of_week_operator.py
[2026-08-24T14:29:06.791+0000] {processor.py:840} INFO - DAG(s) 'example_weekday_branch_operator' retrieved from /home/airflow/.local/lib/python3.12/site-packages/airflow/example_dags/example_branch_day_of_week_operator.py
[2026-08-24T14:29:06.821+0000] {logging_mixin.py:188} INFO - [2026-08-24T14:29:06.821+0000] {dag.py:3096} INFO - Sync 1 DAGs
[2026-08-24T14:29:06.857+0000] {logging_mixin.py:188} INFO - [2026-08-24T14:29:06.857+0000] {dag.py:3954} INFO - Setting next_dagrun for example_weekday_branch_operator to 2026-08-23 00:00:00+00:00, run_after=2026-08-24 00:00:00+00:00
[2026-08-24T14:29:06.888+0000] {processor.py:183} INFO - Processing /home/airflow/.local/lib/python3.12/site-packages/airflow/example_dags/example_branch_day_of_week_operator.py took 0.121 seconds
[2026-08-24T14:29:37.053+0000] {processor.py:161} INFO - Started process (PID=861) to work on /home/airflow/.local/lib/python3.12/site-packages/airflow/example_dags/example_branch_day_of_week_operator.py
[2026-08-24T14:29:37.055+0000] {processor.py:830} INFO - Processing file /home/airflow/.local/lib/python3.12/site-packages/airflow/example_dags/example_branch_day_of_week_operator.py for tasks to queue
[2026-08-24T14:29:37.057+0000] {logging_mixin.py:188} INFO - [2026-08-24T14:29:37.057+0000] {dagbag.py:545} INFO - Filling up the DagBag from /home/airflow/.local/lib/python3.12/site-packages/airflow/example_dags/example_branch_day_of_week_operator.py
[2026-08-24T14:29:37.067+0000] {processor.py:840} INFO - DAG(s) 'example_weekday_branch_operator' retrieved from /home/airflow/.local/lib/python3.12/site-packages/airflow/example_dags/example_branch_day_of_week_operator.py
[2026-08-24T14:29:37.099+0000] {logging_mixin.py:188} INFO - [2026-08-24T14:29:37.099+0000] {dag.py:3096} INFO - Sync 1 DAGs
[2026-08-24T14:29:37.135+0000] {logging_mixin.py:188} INFO - [2026-08-24T14:29:37.134+0000] {dag.py:3954} INFO - Setting next_dagrun for example_weekday_branch_operator to 2026-08-23 00:00:00+00:00, run_after=2026-08-24 00:00:00+00:00
[2026-08-24T14:29:37.159+0000] {processor.py:183} INFO - Processing /home/airflow/.local/lib/python3.12/site-packages/airflow/example_dags/example_branch_day_of_week_operator.py took 0.114 seconds
[2026-08-24T14:30:07.500+0000] {processor.py:161} INFO - Started process (PID=921) to work on /home/airflow/.local/lib/python3.12/site-packages/airflow/example_dags/example_branch_day_of_week_operator.py
[2026-08-24T14:30:07.501+0000] {processor.py:830} INFO - Processing file /home/airflow/.local/lib/python3.12/site-packages/airflow/example_dags/example_branch_day_of_week_operator.py for tasks to queue
[2026-08-24T14:30:07.504+0000] {logging_mixin.py:188} INFO - [2026-08-24T14:30:07.504+0000] {dagbag.py:545} INFO - Filling up the DagBag from /home/airflow/.local/lib/python3.12/site-packages/airflow/example_dags/example_branch_day_of_week_operator.py
[2026-08-24T14:30:07.515+0000] {processor.py:840} INFO - DAG(s) 'example_weekday_branch_operator' retrieved from /home/airflow/.local/lib/python3.12/site-packages/airflow/example_dags/example_branch_day_of_week_operator.py
[2026-08-24T14:30:07.543+0000] {logging_mixin.py:188} INFO - [2026-08-24T14:30:07.542+0000] {dag.py:3096} INFO - Sync 1 DAGs
[2026-08-24T14:30:07.577+0000] {logging_mixin.py:188} INFO - [2026-08-24T14:30:07.577+0000] {dag.py:3954} INFO - Setting next_dagrun for example_weekday_branch_operator to 2026-08-23 00:00:00+00:00, run_after=2026-08-24 00:00:00+00:00
[2026-08-24T14:30:07.605+0000] {processor.py:183} INFO - Processing /home/airflow/.local/lib/python3.12/site-packages/airflow/example_dags/example_branch_day_of_week_operator.py took 0.113 seconds
[2026-08-24T14:30:37.880+0000] {processor.py:161} INFO - Started process (PID=982) to work on /home/airflow/.local/lib/python3.12/site-packages/airflow/example_dags/example_branch_day_of_week_operator.py
[2026-08-24T14:30:37.881+0000] {processor.py:830} INFO - Processing file /home/airflow/.local/lib/python3.12/site-packages/airflow/example_dags/example_branch_day_of_week_operator.py for tasks to queue
[2026-08-24T14:30:37.884+0000] {logging_mixin.py:188} INFO - [2026-08-24T14:30:37.883+0000] {dagbag.py:545} INFO - Filling up the DagBag from /home/airflow/.local/lib/python3.12/site-packages/airflow/example_dags/example_branch_day_of_week_operator.py
[2026-08-24T14:30:37.894+0000] {processor.py:840} INFO - DAG(s) 'example_weekday_branch_operator' retrieved from /home/airflow/.local/lib/python3.12/site-packages/airflow/example_dags/example_branch_day_of_week_operator.py
[2026-08-24T14:30:37.922+0000] {logging_mixin.py:188} INFO - [2026-08-24T14:30:37.921+0000] {dag.py:3096} INFO - Sync 1 DAGs
[2026-08-24T14:30:37.955+0000] {logging_mixin.py:188} INFO - [2026-08-24T14:30:37.955+0000] {dag.py:3954} INFO - Setting next_dagrun for example_weekday_branch_operator to 2026-08-23 00:00:00+00:00, run_after=2026-08-24 00:00:00+00:00
[2026-08-24T14:30:37.979+0000] {processor.py:183} INFO - Processing /home/airflow/.local/lib/python3.12/site-packages/airflow/example_dags/example_branch_day_of_week_operator.py took 0.106 seconds
[2026-08-24T14:31:08.571+0000] {processor.py:161} INFO - Started process (PID=1042) to work on /home/airflow/.local/lib/python3.12/site-packages/airflow/example_dags/example_branch_day_of_week_operator.py
[2026-08-24T14:31:08.572+0000] {processor.py:830} INFO - Processing file /home/airflow/.local/lib/python3.12/site-packages/airflow/example_dags/example_branch_day_of_week_operator.py for tasks to queue
[2026-08-24T14:31:08.575+0000] {logging_mixin.py:188} INFO - [2026-08-24T14:31:08.574+0000] {dagbag.py:545} INFO - Filling up the DagBag from /home/airflow/.local/lib/python3.12/site-packages/airflow/example_dags/example_branch_day_of_week_operator.py
[2026-08-24T14:31:08.586+0000] {processor.py:840} INFO - DAG(s) 'example_weekday_branch_operator' retrieved from /home/airflow/.local/lib/python3.12/site-packages/airflow/example_dags/example_branch_day_of_week_operator.py
[2026-08-24T14:31:08.614+0000] {logging_mixin.py:188} INFO - [2026-08-24T14:31:08.613+0000] {dag.py:3096} INFO - Sync 1 DAGs
[2026-08-24T14:31:08.645+0000] {logging_mixin.py:188} INFO - [2026-08-24T14:31:08.645+0000] {dag.py:3954} INFO - Setting next_dagrun for example_weekday_branch_operator to 2026-08-23 00:00:00+00:00, run_after=2026-08-24 00:00:00+00:00
[2026-08-24T14:31:08.669+0000] {processor.py:183} INFO - Processing /home/airflow/.local/lib/python3.12/site-packages/airflow/example_dags/example_branch_day_of_week_operator.py took 0.106 seconds
[2026-08-24T14:35:20.669+0000] {processor.py:161} INFO - Started process (PID=99) to work on /home/airflow/.local/lib/python3.12/site-packages/airflow/example_dags/example_branch_day_of_week_operator.py
[2026-08-24T14:35:20.740+0000] {processor.py:830} INFO - Processing file /home/airflow/.local/lib/python3.12/site-packages/airflow/example_dags/example_branch_day_of_week_operator.py for tasks to queue
[2026-08-24T14:35:20.744+0000] {logging_mixin.py:188} INFO - [2026-08-24T14:35:20.743+0000] {dagbag.py:545} INFO - Filling up the DagBag from /home/airflow/.local/lib/python3.12/site-packages/airflow/example_dags/example_branch_day_of_week_operator.py
[2026-08-24T14:35:20.769+0000] {processor.py:840} INFO - DAG(s) 'example_weekday_branch_operator' retrieved from /home/airflow/.local/lib/python3.12/site-packages/airflow/example_dags/example_branch_day_of_week_operator.py
[2026-08-24T14:35:20.934+0000] {logging_mixin.py:188} INFO - [2026-08-24T14:35:20.933+0000] {dag.py:3096} INFO - Sync 1 DAGs
[2026-08-24T14:35:21.023+0000] {logging_mixin.py:188} INFO - [2026-08-24T14:35:21.023+0000] {dag.py:3954} INFO - Setting next_dagrun for example_weekday_branch_operator to 2026-08-23 00:00:00+00:00, run_after=2026-08-24 00:00:00+00:00
[2026-08-24T14:35:21.793+0000] {processor.py:183} INFO - Processing /home/airflow/.local/lib/python3.12/site-packages/airflow/example_dags/example_branch_day_of_week_operator.py took 1.133 seconds
[2026-08-24T14:35:52.696+0000] {processor.py:161} INFO - Started process (PID=157) to work on /home/airflow/.local/lib/python3.12/site-packages/airflow/example_dags/example_branch_day_of_week_operator.py
[2026-08-24T14:35:52.697+0000] {processor.py:830} INFO - Processing file /home/airflow/.local/lib/python3.12/site-packages/airflow/example_dags/example_branch_day_of_week_operator.py for tasks to queue
[2026-08-24T14:35:52.700+0000] {logging_mixin.py:188} INFO - [2026-08-24T14:35:52.699+0000] {dagbag.py:545} INFO - Filling up the DagBag from /home/airflow/.local/lib/python3.12/site-packages/airflow/example_dags/example_branch_day_of_week_operator.py
[2026-08-24T14:35:52.709+0000] {processor.py:840} INFO - DAG(s) 'example_weekday_branch_operator' retrieved from /home/airflow/.local/lib/python3.12/site-packages/airflow/example_dags/example_branch_day_of_week_operator.py
[2026-08-24T14:35:52.736+0000] {logging_mixin.py:188} INFO - [2026-08-24T14:35:52.736+0000] {dag.py:3096} INFO - Sync 1 DAGs
[2026-08-24T14:35:52.763+0000] {logging_mixin.py:188} INFO - [2026-08-24T14:35:52.763+0000] {dag.py:3954} INFO - Setting next_dagrun for example_weekday_branch_operator to 2026-08-23 00:00:00+00:00, run_after=2026-08-24 00:00:00+00:00
[2026-08-24T14:35:52.790+0000] {processor.py:183} INFO - Processing /home/airflow/.local/lib/python3.12/site-packages/airflow/example_dags/example_branch_day_of_week_operator.py took 0.101 seconds
[2026-08-24T14:36:22.954+0000] {processor.py:161} INFO - Started process (PID=217) to work on /home/airflow/.local/lib/python3.12/site-packages/airflow/example_dags/example_branch_day_of_week_operator.py
[2026-08-24T14:36:22.955+0000] {processor.py:830} INFO - Processing file /home/airflow/.local/lib/python3.12/site-packages/airflow/example_dags/example_branch_day_of_week_operator.py for tasks to queue
[2026-08-24T14:36:22.957+0000] {logging_mixin.py:188} INFO - [2026-08-24T14:36:22.957+0000] {dagbag.py:545} INFO - Filling up the DagBag from /home/airflow/.local/lib/python3.12/site-packages/airflow/example_dags/example_branch_day_of_week_operator.py
[2026-08-24T14:36:22.967+0000] {processor.py:840} INFO - DAG(s) 'example_weekday_branch_operator' retrieved from /home/airflow/.local/lib/python3.12/site-packages/airflow/example_dags/example_branch_day_of_week_operator.py
[2026-08-24T14:36:22.998+0000] {logging_mixin.py:188} INFO - [2026-08-24T14:36:22.997+0000] {dag.py:3096} INFO - Sync 1 DAGs
[2026-08-24T14:36:23.026+0000] {logging_mixin.py:188} INFO - [2026-08-24T14:36:23.026+0000] {dag.py:3954} INFO - Setting next_dagrun for example_weekday_branch_operator to 2026-08-23 00:00:00+00:00, run_after=2026-08-24 00:00:00+00:00
[2026-08-24T14:36:23.049+0000] {processor.py:183} INFO - Processing /home/airflow/.local/lib/python3.12/site-packages/airflow/example_dags/example_branch_day_of_week_operator.py took 0.102 seconds
[2026-08-24T14:36:53.491+0000] {processor.py:161} INFO - Started process (PID=278) to work on /home/airflow/.local/lib/python3.12/site-packages/airflow/example_dags/example_branch_day_of_week_operator.py
[2026-08-24T14:36:53.493+0000] {processor.py:830} INFO - Processing file /home/airflow/.local/lib/python3.12/site-packages/airflow/example_dags/example_branch_day_of_week_operator.py for tasks to queue
[2026-08-24T14:36:53.497+0000] {logging_mixin.py:188} INFO - [2026-08-24T14:36:53.497+0000] {dagbag.py:545} INFO - Filling up the DagBag from /home/airflow/.local/lib/python3.12/site-packages/airflow/example_dags/example_branch_day_of_week_operator.py
[2026-08-24T14:36:53.510+0000] {processor.py:840} INFO - DAG(s) 'example_weekday_branch_operator' retrieved from /home/airflow/.local/lib/python3.12/site-packages/airflow/example_dags/example_branch_day_of_week_operator.py
[2026-08-24T14:36:53.543+0000] {logging_mixin.py:188} INFO - [2026-08-24T14:36:53.543+0000] {dag.py:3096} INFO - Sync 1 DAGs
[2026-08-24T14:36:53.580+0000] {logging_mixin.py:188} INFO - [2026-08-24T14:36:53.580+0000] {dag.py:3954} INFO - Setting next_dagrun for example_weekday_branch_operator to 2026-08-23 00:00:00+00:00, run_after=2026-08-24 00:00:00+00:00
[2026-08-24T14:36:53.716+0000] {processor.py:183} INFO - Processing /home/airflow/.local/lib/python3.12/site-packages/airflow/example_dags/example_branch_day_of_week_operator.py took 0.233 seconds
[2026-08-24T14:37:24.206+0000] {processor.py:161} INFO - Started process (PID=338) to work on /home/airflow/.local/lib/python3.12/site-packages/airflow/example_dags/example_branch_day_of_week_operator.py
[2026-08-24T14:37:24.207+0000] {processor.py:830} INFO - Processing file /home/airflow/.local/lib/python3.12/site-packages/airflow/example_dags/example_branch_day_of_week_operator.py for tasks to queue
[2026-08-24T14:37:24.210+0000] {logging_mixin.py:188} INFO - [2026-08-24T14:37:24.209+0000] {dagbag.py:545} INFO - Filling up the DagBag from /home/airflow/.local/lib/python3.12/site-packages/airflow/example_dags/example_branch_day_of_week_operator.py
[2026-08-24T14:37:24.221+0000] {processor.py:840} INFO - DAG(s) 'example_weekday_branch_operator' retrieved from /home/airflow/.local/lib/python3.12/site-packages/airflow/example_dags/example_branch_day_of_week_operator.py
[2026-08-24T14:37:24.251+0000] {logging_mixin.py:188} INFO - [2026-08-24T14:37:24.251+0000] {dag.py:3096} INFO - Sync 1 DAGs
[2026-08-24T14:37:24.286+0000] {logging_mixin.py:188} INFO - [2026-08-24T14:37:24.286+0000] {dag.py:3954} INFO - Setting next_dagrun for example_weekday_branch_operator to 2026-08-23 00:00:00+00:00, run_after=2026-08-24 00:00:00+00:00
[2026-08-24T14:37:24.312+0000] {processor.py:183} INFO - Processing /home/airflow/.local/lib/python3.12/site-packages/airflow/example_dags/example_branch_day_of_week_operator.py took 0.115 seconds
[2026-08-24T14:37:54.749+0000] {processor.py:161} INFO - Started process (PID=398) to work on /home/airflow/.local/lib/python3.12/site-packages/airflow/example_dags/example_branch_day_of_week_operator.py
[2026-08-24T14:37:54.750+0000] {processor.py:830} INFO - Processing file /home/airflow/.local/lib/python3.12/site-packages/airflow/example_dags/example_branch_day_of_week_operator.py for tasks to queue
[2026-08-24T14:37:54.753+0000] {logging_mixin.py:188} INFO - [2026-08-24T14:37:54.752+0000] {dagbag.py:545} INFO - Filling up the DagBag from /home/airflow/.local/lib/python3.12/site-packages/airflow/example_dags/example_branch_day_of_week_operator.py
[2026-08-24T14:37:54.762+0000] {processor.py:840} INFO - DAG(s) 'example_weekday_branch_operator' retrieved from /home/airflow/.local/lib/python3.12/site-packages/airflow/example_dags/example_branch_day_of_week_operator.py
[2026-08-24T14:37:54.791+0000] {logging_mixin.py:188} INFO - [2026-08-24T14:37:54.790+0000] {dag.py:3096} INFO - Sync 1 DAGs
[2026-08-24T14:37:54.827+0000] {logging_mixin.py:188} INFO - [2026-08-24T14:37:54.827+0000] {dag.py:3954} INFO - Setting next_dagrun for example_weekday_branch_operator to 2026-08-23 00:00:00+00:00, run_after=2026-08-24 00:00:00+00:00
[2026-08-24T14:37:54.851+0000] {processor.py:183} INFO - Processing /home/airflow/.local/lib/python3.12/site-packages/airflow/example_dags/example_branch_day_of_week_operator.py took 0.110 seconds
[2026-08-24T14:38:25.255+0000] {processor.py:161} INFO - Started process (PID=459) to work on /home/airflow/.local/lib/python3.12/site-packages/airflow/example_dags/example_branch_day_of_week_operator.py
[2026-08-24T14:38:25.257+0000] {processor.py:830} INFO - Processing file /home/airflow/.local/lib/python3.12/site-packages/airflow/example_dags/example_branch_day_of_week_operator.py for tasks to queue
[2026-08-24T14:38:25.261+0000] {logging_mixin.py:188} INFO - [2026-08-24T14:38:25.260+0000] {dagbag.py:545} INFO - Filling up the DagBag from /home/airflow/.local/lib/python3.12/site-packages/airflow/example_dags/example_branch_day_of_week_operator.py
[2026-08-24T14:38:25.275+0000] {processor.py:840} INFO - DAG(s) 'example_weekday_branch_operator' retrieved from /home/airflow/.local/lib/python3.12/site-packages/airflow/example_dags/example_branch_day_of_week_operator.py
[2026-08-24T14:38:25.310+0000] {logging_mixin.py:188} INFO - [2026-08-24T14:38:25.310+0000] {dag.py:3096} INFO - Sync 1 DAGs
[2026-08-24T14:38:25.354+0000] {logging_mixin.py:188} INFO - [2026-08-24T14:38:25.354+0000] {dag.py:3954} INFO - Setting next_dagrun for example_weekday_branch_operator to 2026-08-23 00:00:00+00:00, run_after=2026-08-24 00:00:00+00:00
[2026-08-24T14:38:25.384+0000] {processor.py:183} INFO - Processing /home/airflow/.local/lib/python3.12/site-packages/airflow/example_dags/example_branch_day_of_week_operator.py took 0.139 seconds
[2026-08-24T14:38:55.566+0000] {processor.py:161} INFO - Started process (PID=519) to work on /home/airflow/.local/lib/python3.12/site-packages/airflow/example_dags/example_branch_day_of_week_operator.py
[2026-08-24T14:38:55.567+0000] {processor.py:830} INFO - Processing file /home/airflow/.local/lib/python3.12/site-packages/airflow/example_dags/example_branch_day_of_week_operator.py for tasks to queue
[2026-08-24T14:38:55.570+0000] {logging_mixin.py:188} INFO - [2026-08-24T14:38:55.569+0000] {dagbag.py:545} INFO - Filling up the DagBag from /home/airflow/.local/lib/python3.12/site-packages/airflow/example_dags/example_branch_day_of_week_operator.py
[2026-08-24T14:38:55.580+0000] {processor.py:840} INFO - DAG(s) 'example_weekday_branch_operator' retrieved from /home/airflow/.local/lib/python3.12/site-packages/airflow/example_dags/example_branch_day_of_week_operator.py
[2026-08-24T14:38:55.606+0000] {logging_mixin.py:188} INFO - [2026-08-24T14:38:55.606+0000] {dag.py:3096} INFO - Sync 1 DAGs
[2026-08-24T14:38:55.640+0000] {logging_mixin.py:188} INFO - [2026-08-24T14:38:55.640+0000] {dag.py:3954} INFO - Setting next_dagrun for example_weekday_branch_operator to 2026-08-23 00:00:00+00:00, run_after=2026-08-24 00:00:00+00:00
[2026-08-24T14:38:55.663+0000] {processor.py:183} INFO - Processing /home/airflow/.local/lib/python3.12/site-packages/airflow/example_dags/example_branch_day_of_week_operator.py took 0.106 seconds
[2026-08-24T14:41:14.221+0000] {processor.py:161} INFO - Started process (PID=98) to work on /home/airflow/.local/lib/python3.12/site-packages/airflow/example_dags/example_branch_day_of_week_operator.py
[2026-08-24T14:41:14.222+0000] {processor.py:830} INFO - Processing file /home/airflow/.local/lib/python3.12/site-packages/airflow/example_dags/example_branch_day_of_week_operator.py for tasks to queue
[2026-08-24T14:41:14.225+0000] {logging_mixin.py:188} INFO - [2026-08-24T14:41:14.225+0000] {dagbag.py:545} INFO - Filling up the DagBag from /home/airflow/.local/lib/python3.12/site-packages/airflow/example_dags/example_branch_day_of_week_operator.py
[2026-08-24T14:41:14.244+0000] {processor.py:840} INFO - DAG(s) 'example_weekday_branch_operator' retrieved from /home/airflow/.local/lib/python3.12/site-packages/airflow/example_dags/example_branch_day_of_week_operator.py
[2026-08-24T14:41:14.261+0000] {logging_mixin.py:188} INFO - [2026-08-24T14:41:14.260+0000] {dag.py:3096} INFO - Sync 1 DAGs
[2026-08-24T14:41:14.302+0000] {logging_mixin.py:188} INFO - [2026-08-24T14:41:14.301+0000] {dag.py:3954} INFO - Setting next_dagrun for example_weekday_branch_operator to 2026-08-23 00:00:00+00:00, run_after=2026-08-24 00:00:00+00:00
[2026-08-24T14:41:14.415+0000] {processor.py:183} INFO - Processing /home/airflow/.local/lib/python3.12/site-packages/airflow/example_dags/example_branch_day_of_week_operator.py took 0.202 seconds
[2026-08-24T14:41:44.544+0000] {processor.py:161} INFO - Started process (PID=156) to work on /home/airflow/.local/lib/python3.12/site-packages/airflow/example_dags/example_branch_day_of_week_operator.py
[2026-08-24T14:41:44.545+0000] {processor.py:830} INFO - Processing file /home/airflow/.local/lib/python3.12/site-packages/airflow/example_dags/example_branch_day_of_week_operator.py for tasks to queue
[2026-08-24T14:41:44.547+0000] {logging_mixin.py:188} INFO - [2026-08-24T14:41:44.547+0000] {dagbag.py:545} INFO - Filling up the DagBag from /home/airflow/.local/lib/python3.12/site-packages/airflow/example_dags/example_branch_day_of_week_operator.py
[2026-08-24T14:41:44.556+0000] {processor.py:840} INFO - DAG(s) 'example_weekday_branch_operator' retrieved from /home/airflow/.local/lib/python3.12/site-packages/airflow/example_dags/example_branch_day_of_week_operator.py
[2026-08-24T14:41:44.686+0000] {logging_mixin.py:188} INFO - [2026-08-24T14:41:44.686+0000] {dag.py:3096} INFO - Sync 1 DAGs
[2026-08-24T14:41:44.712+0000] {logging_mixin.py:188} INFO - [2026-08-24T14:41:44.712+0000] {dag.py:3954} INFO - Setting next_dagrun for example_weekday_branch_operator to 2026-08-23 00:00:00+00:00, run_after=2026-08-24 00:00:00+00:00
[2026-08-24T14:41:44.737+0000] {processor.py:183} INFO - Processing /home/airflow/.local/lib/python3.12/site-packages/airflow/example_dags/example_branch_day_of_week_operator.py took 0.201 seconds
[2026-08-24T14:42:14.974+0000] {processor.py:161} INFO - Started process (PID=216) to work on /home/airflow/.local/lib/python3.12/site-packages/airflow/example_dags/example_branch_day_of_week_operator.py
[2026-08-24T14:42:14.976+0000] {processor.py:830} INFO - Processing file /home/airflow/.local/lib/python3.12/site-packages/airflow/example_dags/example_branch_day_of_week_operator.py for tasks to queue
[2026-08-24T14:42:14.981+0000] {logging_mixin.py:188} INFO - [2026-08-24T14:42:14.980+0000] {dagbag.py:545} INFO - Filling up the DagBag from /home/airflow/.local/lib/python3.12/site-packages/airflow/example_dags/example_branch_day_of_week_operator.py
[2026-08-24T14:42:15.017+0000] {processor.py:840} INFO - DAG(s) 'example_weekday_branch_operator' retrieved from /home/airflow/.local/lib/python3.12/site-packages/airflow/example_dags/example_branch_day_of_week_operator.py
[2026-08-24T14:42:15.072+0000] {logging_mixin.py:188} INFO - [2026-08-24T14:42:15.072+0000] {dag.py:3096} INFO - Sync 1 DAGs
[2026-08-24T14:42:15.127+0000] {logging_mixin.py:188} INFO - [2026-08-24T14:42:15.127+0000] {dag.py:3954} INFO - Setting next_dagrun for example_weekday_branch_operator to 2026-08-23 00:00:00+00:00, run_after=2026-08-24 00:00:00+00:00
[2026-08-24T14:42:15.169+0000] {processor.py:183} INFO - Processing /home/airflow/.local/lib/python3.12/site-packages/airflow/example_dags/example_branch_day_of_week_operator.py took 0.211 seconds
[2026-08-24T14:42:45.271+0000] {processor.py:161} INFO - Started process (PID=276) to work on /home/airflow/.local/lib/python3.12/site-packages/airflow/example_dags/example_branch_day_of_week_operator.py
[2026-08-24T14:42:45.273+0000] {processor.py:830} INFO - Processing file /home/airflow/.local/lib/python3.12/site-packages/airflow/example_dags/example_branch_day_of_week_operator.py for tasks to queue
[2026-08-24T14:42:45.276+0000] {logging_mixin.py:188} INFO - [2026-08-24T14:42:45.275+0000] {dagbag.py:545} INFO - Filling up the DagBag from /home/airflow/.local/lib/python3.12/site-packages/airflow/example_dags/example_branch_day_of_week_operator.py
[2026-08-24T14:42:45.286+0000] {processor.py:840} INFO - DAG(s) 'example_weekday_branch_operator' retrieved from /home/airflow/.local/lib/python3.12/site-packages/airflow/example_dags/example_branch_day_of_week_operator.py
[2026-08-24T14:42:45.320+0000] {logging_mixin.py:188} INFO - [2026-08-24T14:42:45.320+0000] {dag.py:3096} INFO - Sync 1 DAGs
[2026-08-24T14:42:45.360+0000] {logging_mixin.py:188} INFO - [2026-08-24T14:42:45.360+0000] {dag.py:3954} INFO - Setting next_dagrun for example_weekday_branch_operator to 2026-08-23 00:00:00+00:00, run_after=2026-08-24 00:00:00+00:00
[2026-08-24T14:42:45.392+0000] {processor.py:183} INFO - Processing /home/airflow/.local/lib/python3.12/site-packages/airflow/example_dags/example_branch_day_of_week_operator.py took 0.129 seconds
[2026-08-24T14:43:15.675+0000] {processor.py:161} INFO - Started process (PID=336) to work on /home/airflow/.local/lib/python3.12/site-packages/airflow/example_dags/example_branch_day_of_week_operator.py
[2026-08-24T14:43:15.676+0000] {processor.py:830} INFO - Processing file /home/airflow/.local/lib/python3.12/site-packages/airflow/example_dags/example_branch_day_of_week_operator.py for tasks to queue
[2026-08-24T14:43:15.679+0000] {logging_mixin.py:188} INFO - [2026-08-24T14:43:15.679+0000] {dagbag.py:545} INFO - Filling up the DagBag from /home/airflow/.local/lib/python3.12/site-packages/airflow/example_dags/example_branch_day_of_week_operator.py
[2026-08-24T14:43:15.691+0000] {processor.py:840} INFO - DAG(s) 'example_weekday_branch_operator' retrieved from /home/airflow/.local/lib/python3.12/site-packages/airflow/example_dags/example_branch_day_of_week_operator.py
[2026-08-24T14:43:15.721+0000] {logging_mixin.py:188} INFO - [2026-08-24T14:43:15.721+0000] {dag.py:3096} INFO - Sync 1 DAGs
[2026-08-24T14:43:15.759+0000] {logging_mixin.py:188} INFO - [2026-08-24T14:43:15.759+0000] {dag.py:3954} INFO - Setting next_dagrun for example_weekday_branch_operator to 2026-08-23 00:00:00+00:00, run_after=2026-08-24 00:00:00+00:00
[2026-08-24T14:43:15.790+0000] {processor.py:183} INFO - Processing /home/airflow/.local/lib/python3.12/site-packages/airflow/example_dags/example_branch_day_of_week_operator.py took 0.126 seconds
[2026-08-24T14:43:46.221+0000] {processor.py:161} INFO - Started process (PID=396) to work on /home/airflow/.local/lib/python3.12/site-packages/airflow/example_dags/example_branch_day_of_week_operator.py
[2026-08-24T14:43:46.223+0000] {processor.py:830} INFO - Processing file /home/airflow/.local/lib/python3.12/site-packages/airflow/example_dags/example_branch_day_of_week_operator.py for tasks to queue
[2026-08-24T14:43:46.225+0000] {logging_mixin.py:188} INFO - [2026-08-24T14:43:46.225+0000] {dagbag.py:545} INFO - Filling up the DagBag from /home/airflow/.local/lib/python3.12/site-packages/airflow/example_dags/example_branch_day_of_week_operator.py
[2026-08-24T14:43:46.235+0000] {processor.py:840} INFO - DAG(s) 'example_weekday_branch_operator' retrieved from /home/airflow/.local/lib/python3.12/site-packages/airflow/example_dags/example_branch_day_of_week_operator.py
[2026-08-24T14:43:46.262+0000] {logging_mixin.py:188} INFO - [2026-08-24T14:43:46.261+0000] {dag.py:3096} INFO - Sync 1 DAGs
[2026-08-24T14:43:46.292+0000] {logging_mixin.py:188} INFO - [2026-08-24T14:43:46.292+0000] {dag.py:3954} INFO - Setting next_dagrun for example_weekday_branch_operator to 2026-08-23 00:00:00+00:00, run_after=2026-08-24 00:00:00+00:00
[2026-08-24T14:43:46.321+0000] {processor.py:183} INFO - Processing /home/airflow/.local/lib/python3.12/site-packages/airflow/example_dags/example_branch_day_of_week_operator.py took 0.108 seconds
[2026-08-24T14:44:16.695+0000] {processor.py:161} INFO - Started process (PID=462) to work on /home/airflow/.local/lib/python3.12/site-packages/airflow/example_dags/example_branch_day_of_week_operator.py
[2026-08-24T14:44:16.697+0000] {processor.py:830} INFO - Processing file /home/airflow/.local/lib/python3.12/site-packages/airflow/example_dags/example_branch_day_of_week_operator.py for tasks to queue
[2026-08-24T14:44:16.699+0000] {logging_mixin.py:188} INFO - [2026-08-24T14:44:16.699+0000] {dagbag.py:545} INFO - Filling up the DagBag from /home/airflow/.local/lib/python3.12/site-packages/airflow/example_dags/example_branch_day_of_week_operator.py
[2026-08-24T14:44:16.709+0000] {processor.py:840} INFO - DAG(s) 'example_weekday_branch_operator' retrieved from /home/airflow/.local/lib/python3.12/site-packages/airflow/example_dags/example_branch_day_of_week_operator.py
[2026-08-24T14:44:16.739+0000] {logging_mixin.py:188} INFO - [2026-08-24T14:44:16.738+0000] {dag.py:3096} INFO - Sync 1 DAGs
[2026-08-24T14:44:16.775+0000] {logging_mixin.py:188} INFO - [2026-08-24T14:44:16.774+0000] {dag.py:3954} INFO - Setting next_dagrun for example_weekday_branch_operator to 2026-08-23 00:00:00+00:00, run_after=2026-08-24 00:00:00+00:00
[2026-08-24T14:44:16.804+0000] {processor.py:183} INFO - Processing /home/airflow/.local/lib/python3.12/site-packages/airflow/example_dags/example_branch_day_of_week_operator.py took 0.116 seconds
[2026-08-24T14:44:47.129+0000] {processor.py:161} INFO - Started process (PID=522) to work on /home/airflow/.local/lib/python3.12/site-packages/airflow/example_dags/example_branch_day_of_week_operator.py
[2026-08-24T14:44:47.130+0000] {processor.py:830} INFO - Processing file /home/airflow/.local/lib/python3.12/site-packages/airflow/example_dags/example_branch_day_of_week_operator.py for tasks to queue
[2026-08-24T14:44:47.133+0000] {logging_mixin.py:188} INFO - [2026-08-24T14:44:47.133+0000] {dagbag.py:545} INFO - Filling up the DagBag from /home/airflow/.local/lib/python3.12/site-packages/airflow/example_dags/example_branch_day_of_week_operator.py
[2026-08-24T14:44:47.145+0000] {processor.py:840} INFO - DAG(s) 'example_weekday_branch_operator' retrieved from /home/airflow/.local/lib/python3.12/site-packages/airflow/example_dags/example_branch_day_of_week_operator.py
[2026-08-24T14:44:47.173+0000] {logging_mixin.py:188} INFO - [2026-08-24T14:44:47.173+0000] {dag.py:3096} INFO - Sync 1 DAGs
[2026-08-24T14:44:47.205+0000] {logging_mixin.py:188} INFO - [2026-08-24T14:44:47.205+0000] {dag.py:3954} INFO - Setting next_dagrun for example_weekday_branch_operator to 2026-08-23 00:00:00+00:00, run_after=2026-08-24 00:00:00+00:00
[2026-08-24T14:44:47.232+0000] {processor.py:183} INFO - Processing /home/airflow/.local/lib/python3.12/site-packages/airflow/example_dags/example_branch_day_of_week_operator.py took 0.111 seconds
[2026-08-24T14:49:16.183+0000] {processor.py:161} INFO - Started process (PID=99) to work on /home/airflow/.local/lib/python3.12/site-packages/airflow/example_dags/example_branch_day_of_week_operator.py
[2026-08-24T14:49:16.185+0000] {processor.py:830} INFO - Processing file /home/airflow/.local/lib/python3.12/site-packages/airflow/example_dags/example_branch_day_of_week_operator.py for tasks to queue
[2026-08-24T14:49:16.188+0000] {logging_mixin.py:188} INFO - [2026-08-24T14:49:16.188+0000] {dagbag.py:545} INFO - Filling up the DagBag from /home/airflow/.local/lib/python3.12/site-packages/airflow/example_dags/example_branch_day_of_week_operator.py
[2026-08-24T14:49:16.203+0000] {processor.py:840} INFO - DAG(s) 'example_weekday_branch_operator' retrieved from /home/airflow/.local/lib/python3.12/site-packages/airflow/example_dags/example_branch_day_of_week_operator.py
[2026-08-24T14:49:16.396+0000] {logging_mixin.py:188} INFO - [2026-08-24T14:49:16.395+0000] {dag.py:3096} INFO - Sync 1 DAGs
[2026-08-24T14:49:16.430+0000] {logging_mixin.py:188} INFO - [2026-08-24T14:49:16.430+0000] {dag.py:3954} INFO - Setting next_dagrun for example_weekday_branch_operator to 2026-08-23 00:00:00+00:00, run_after=2026-08-24 00:00:00+00:00
[2026-08-24T14:49:16.461+0000] {processor.py:183} INFO - Processing /home/airflow/.local/lib/python3.12/site-packages/airflow/example_dags/example_branch_day_of_week_operator.py took 0.285 seconds
[2026-08-24T14:50:14.222+0000] {processor.py:161} INFO - Started process (PID=77) to work on /home/airflow/.local/lib/python3.12/site-packages/airflow/example_dags/example_branch_day_of_week_operator.py
[2026-08-24T14:50:14.223+0000] {processor.py:830} INFO - Processing file /home/airflow/.local/lib/python3.12/site-packages/airflow/example_dags/example_branch_day_of_week_operator.py for tasks to queue
[2026-08-24T14:50:14.226+0000] {logging_mixin.py:188} INFO - [2026-08-24T14:50:14.225+0000] {dagbag.py:545} INFO - Filling up the DagBag from /home/airflow/.local/lib/python3.12/site-packages/airflow/example_dags/example_branch_day_of_week_operator.py
[2026-08-24T14:50:14.240+0000] {processor.py:840} INFO - DAG(s) 'example_weekday_branch_operator' retrieved from /home/airflow/.local/lib/python3.12/site-packages/airflow/example_dags/example_branch_day_of_week_operator.py
[2026-08-24T14:50:14.277+0000] {logging_mixin.py:188} INFO - [2026-08-24T14:50:14.277+0000] {dag.py:3096} INFO - Sync 1 DAGs
[2026-08-24T14:50:14.311+0000] {logging_mixin.py:188} INFO - [2026-08-24T14:50:14.311+0000] {dag.py:3954} INFO - Setting next_dagrun for example_weekday_branch_operator to 2026-08-23 00:00:00+00:00, run_after=2026-08-24 00:00:00+00:00
[2026-08-24T14:50:14.343+0000] {processor.py:183} INFO - Processing /home/airflow/.local/lib/python3.12/site-packages/airflow/example_dags/example_branch_day_of_week_operator.py took 0.128 seconds
[2026-08-24T14:50:45.258+0000] {processor.py:161} INFO - Started process (PID=142) to work on /home/airflow/.local/lib/python3.12/site-packages/airflow/example_dags/example_branch_day_of_week_operator.py
[2026-08-24T14:50:45.259+0000] {processor.py:830} INFO - Processing file /home/airflow/.local/lib/python3.12/site-packages/airflow/example_dags/example_branch_day_of_week_operator.py for tasks to queue
[2026-08-24T14:50:45.262+0000] {logging_mixin.py:188} INFO - [2026-08-24T14:50:45.262+0000] {dagbag.py:545} INFO - Filling up the DagBag from /home/airflow/.local/lib/python3.12/site-packages/airflow/example_dags/example_branch_day_of_week_operator.py
[2026-08-24T14:50:45.272+0000] {processor.py:840} INFO - DAG(s) 'example_weekday_branch_operator' retrieved from /home/airflow/.local/lib/python3.12/site-packages/airflow/example_dags/example_branch_day_of_week_operator.py
[2026-08-24T14:50:45.298+0000] {logging_mixin.py:188} INFO - [2026-08-24T14:50:45.298+0000] {dag.py:3096} INFO - Sync 1 DAGs
[2026-08-24T14:50:45.327+0000] {logging_mixin.py:188} INFO - [2026-08-24T14:50:45.327+0000] {dag.py:3954} INFO - Setting next_dagrun for example_weekday_branch_operator to 2026-08-23 00:00:00+00:00, run_after=2026-08-24 00:00:00+00:00
[2026-08-24T14:50:45.349+0000] {processor.py:183} INFO - Processing /home/airflow/.local/lib/python3.12/site-packages/airflow/example_dags/example_branch_day_of_week_operator.py took 0.098 seconds
[2026-08-24T14:51:15.552+0000] {processor.py:161} INFO - Started process (PID=201) to work on /home/airflow/.local/lib/python3.12/site-packages/airflow/example_dags/example_branch_day_of_week_operator.py
[2026-08-24T14:51:15.553+0000] {processor.py:830} INFO - Processing file /home/airflow/.local/lib/python3.12/site-packages/airflow/example_dags/example_branch_day_of_week_operator.py for tasks to queue
[2026-08-24T14:51:15.556+0000] {logging_mixin.py:188} INFO - [2026-08-24T14:51:15.555+0000] {dagbag.py:545} INFO - Filling up the DagBag from /home/airflow/.local/lib/python3.12/site-packages/airflow/example_dags/example_branch_day_of_week_operator.py
[2026-08-24T14:51:15.566+0000] {processor.py:840} INFO - DAG(s) 'example_weekday_branch_operator' retrieved from /home/airflow/.local/lib/python3.12/site-packages/airflow/example_dags/example_branch_day_of_week_operator.py
[2026-08-24T14:51:15.593+0000] {logging_mixin.py:188} INFO - [2026-08-24T14:51:15.593+0000] {dag.py:3096} INFO - Sync 1 DAGs
[2026-08-24T14:51:15.623+0000] {logging_mixin.py:188} INFO - [2026-08-24T14:51:15.623+0000] {dag.py:3954} INFO - Setting next_dagrun for example_weekday_branch_operator to 2026-08-23 00:00:00+00:00, run_after=2026-08-24 00:00:00+00:00
[2026-08-24T14:51:15.650+0000] {processor.py:183} INFO - Processing /home/airflow/.local/lib/python3.12/site-packages/airflow/example_dags/example_branch_day_of_week_operator.py took 0.106 seconds
