[2026-08-24T13:51:04.174+0000] {processor.py:161} INFO - Started process (PID=112) to work on /home/airflow/.local/lib/python3.12/site-packages/airflow/example_dags/example_sla_dag.py
[2026-08-24T13:51:04.176+0000] {processor.py:830} INFO - Processing file /home/airflow/.local/lib/python3.12/site-packages/airflow/example_dags/example_sla_dag.py for tasks to queue
[2026-08-24T13:51:04.178+0000] {logging_mixin.py:188} INFO - [2026-08-24T13:51:04.178+0000] {dagbag.py:545} INFO - Filling up the DagBag from /home/airflow/.local/lib/python3.12/site-packages/airflow/example_dags/example_sla_dag.py
[2026-08-24T13:51:04.190+0000] {processor.py:840} INFO - DAG(s) 'example_sla_dag' retrieved from /home/airflow/.local/lib/python3.12/site-packages/airflow/example_dags/example_sla_dag.py
[2026-08-24T13:51:04.333+0000] {logging_mixin.py:188} INFO - [2026-08-24T13:51:04.333+0000] {dag.py:3096} INFO - Sync 1 DAGs
[2026-08-24T13:51:04.363+0000] {logging_mixin.py:188} INFO - [2026-08-24T13:51:04.362+0000] {dag.py:3954} INFO - Setting next_dagrun for example_sla_dag to 2026-08-24 13:48:00+00:00, run_after=2026-08-24 13:50:00+00:00
[2026-08-24T13:51:04.390+0000] {processor.py:183} INFO - Processing /home/airflow/.local/lib/python3.12/site-packages/airflow/example_dags/example_sla_dag.py took 0.224 seconds
[2026-08-24T13:51:44.026+0000] {processor.py:161} INFO - Started process (PID=93) to work on /home/airflow/.local/lib/python3.12/site-packages/airflow/example_dags/example_sla_dag.py
[2026-08-24T13:51:44.027+0000] {processor.py:830} INFO - Processing file /home/airflow/.local/lib/python3.12/site-packages/airflow/example_dags/example_sla_dag.py for tasks to queue
[2026-08-24T13:51:44.030+0000] {logging_mixin.py:188} INFO - [2026-08-24T13:51:44.029+0000] {dagbag.py:545} INFO - Filling up the DagBag from /home/airflow/.local/lib/python3.12/site-packages/airflow/example_dags/example_sla_dag.py
[2026-08-24T13:51:44.039+0000] {processor.py:840} INFO - DAG(s) 'example_sla_dag' retrieved from /home/airflow/.local/lib/python3.12/site-packages/airflow/example_dags/example_sla_dag.py
[2026-08-24T13:51:44.063+0000] {logging_mixin.py:188} INFO - [2026-08-24T13:51:44.062+0000] {dag.py:3096} INFO - Sync 1 DAGs
[2026-08-24T13:51:44.091+0000] {logging_mixin.py:188} INFO - [2026-08-24T13:51:44.091+0000] {dag.py:3954} INFO - Setting next_dagrun for example_sla_dag to 2026-08-24 13:48:00+00:00, run_after=2026-08-24 13:50:00+00:00
[2026-08-24T13:51:44.112+0000] {processor.py:183} INFO - Processing /home/airflow/.local/lib/python3.12/site-packages/airflow/example_dags/example_sla_dag.py took 0.093 seconds
[2026-08-24T13:52:14.665+0000] {processor.py:161} INFO - Started process (PID=158) to work on /home/airflow/.local/lib/python3.12/site-packages/airflow/example_dags/example_sla_dag.py
[2026-08-24T13:52:14.666+0000] {processor.py:830} INFO - Processing file /home/airflow/.local/lib/python3.12/site-packages/airflow/example_dags/example_sla_dag.py for tasks to queue
[2026-08-24T13:52:14.668+0000] {logging_mixin.py:188} INFO - [2026-08-24T13:52:14.668+0000] {dagbag.py:545} INFO - Filling up the DagBag from /home/airflow/.local/lib/python3.12/site-packages/airflow/example_dags/example_sla_dag.py
[2026-08-24T13:52:14.678+0000] {processor.py:840} INFO - DAG(s) 'example_sla_dag' retrieved from /home/airflow/.local/lib/python3.12/site-packages/airflow/example_dags/example_sla_dag.py
[2026-08-24T13:52:14.701+0000] {logging_mixin.py:188} INFO - [2026-08-24T13:52:14.701+0000] {dag.py:3096} INFO - Sync 1 DAGs
[2026-08-24T13:52:14.749+0000] {logging_mixin.py:188} INFO - [2026-08-24T13:52:14.748+0000] {dag.py:3954} INFO - Setting next_dagrun for example_sla_dag to 2026-08-24 13:50:00+00:00, run_after=2026-08-24 13:52:00+00:00
[2026-08-24T13:52:14.779+0000] {processor.py:183} INFO - Processing /home/airflow/.local/lib/python3.12/site-packages/airflow/example_dags/example_sla_dag.py took 0.121 seconds
[2026-08-24T13:52:45.209+0000] {processor.py:161} INFO - Started process (PID=217) to work on /home/airflow/.local/lib/python3.12/site-packages/airflow/example_dags/example_sla_dag.py
[2026-08-24T13:52:45.210+0000] {processor.py:830} INFO - Processing file /home/airflow/.local/lib/python3.12/site-packages/airflow/example_dags/example_sla_dag.py for tasks to queue
[2026-08-24T13:52:45.213+0000] {logging_mixin.py:188} INFO - [2026-08-24T13:52:45.212+0000] {dagbag.py:545} INFO - Filling up the DagBag from /home/airflow/.local/lib/python3.12/site-packages/airflow/example_dags/example_sla_dag.py
[2026-08-24T13:52:45.224+0000] {processor.py:840} INFO - DAG(s) 'example_sla_dag' retrieved from /home/airflow/.local/lib/python3.12/site-packages/airflow/example_dags/example_sla_dag.py
[2026-08-24T13:52:45.249+0000] {logging_mixin.py:188} INFO - [2026-08-24T13:52:45.249+0000] {dag.py:3096} INFO - Sync 1 DAGs
[2026-08-24T13:52:45.281+0000] {logging_mixin.py:188} INFO - [2026-08-24T13:52:45.281+0000] {dag.py:3954} INFO - Setting next_dagrun for example_sla_dag to 2026-08-24 13:50:00+00:00, run_after=2026-08-24 13:52:00+00:00
[2026-08-24T13:52:45.308+0000] {processor.py:183} INFO - Processing /home/airflow/.local/lib/python3.12/site-packages/airflow/example_dags/example_sla_dag.py took 0.107 seconds
[2026-08-24T13:53:16.026+0000] {processor.py:161} INFO - Started process (PID=276) to work on /home/airflow/.local/lib/python3.12/site-packages/airflow/example_dags/example_sla_dag.py
[2026-08-24T13:53:16.027+0000] {processor.py:830} INFO - Processing file /home/airflow/.local/lib/python3.12/site-packages/airflow/example_dags/example_sla_dag.py for tasks to queue
[2026-08-24T13:53:16.029+0000] {logging_mixin.py:188} INFO - [2026-08-24T13:53:16.029+0000] {dagbag.py:545} INFO - Filling up the DagBag from /home/airflow/.local/lib/python3.12/site-packages/airflow/example_dags/example_sla_dag.py
[2026-08-24T13:53:16.039+0000] {processor.py:840} INFO - DAG(s) 'example_sla_dag' retrieved from /home/airflow/.local/lib/python3.12/site-packages/airflow/example_dags/example_sla_dag.py
[2026-08-24T13:53:16.062+0000] {logging_mixin.py:188} INFO - [2026-08-24T13:53:16.062+0000] {dag.py:3096} INFO - Sync 1 DAGs
[2026-08-24T13:53:16.094+0000] {logging_mixin.py:188} INFO - [2026-08-24T13:53:16.093+0000] {dag.py:3954} INFO - Setting next_dagrun for example_sla_dag to 2026-08-24 13:50:00+00:00, run_after=2026-08-24 13:52:00+00:00
[2026-08-24T13:53:16.120+0000] {processor.py:183} INFO - Processing /home/airflow/.local/lib/python3.12/site-packages/airflow/example_dags/example_sla_dag.py took 0.102 seconds
[2026-08-24T13:53:46.824+0000] {processor.py:161} INFO - Started process (PID=335) to work on /home/airflow/.local/lib/python3.12/site-packages/airflow/example_dags/example_sla_dag.py
[2026-08-24T13:53:46.825+0000] {processor.py:830} INFO - Processing file /home/airflow/.local/lib/python3.12/site-packages/airflow/example_dags/example_sla_dag.py for tasks to queue
[2026-08-24T13:53:46.828+0000] {logging_mixin.py:188} INFO - [2026-08-24T13:53:46.828+0000] {dagbag.py:545} INFO - Filling up the DagBag from /home/airflow/.local/lib/python3.12/site-packages/airflow/example_dags/example_sla_dag.py
[2026-08-24T13:53:46.839+0000] {processor.py:840} INFO - DAG(s) 'example_sla_dag' retrieved from /home/airflow/.local/lib/python3.12/site-packages/airflow/example_dags/example_sla_dag.py
[2026-08-24T13:53:46.867+0000] {logging_mixin.py:188} INFO - [2026-08-24T13:53:46.866+0000] {dag.py:3096} INFO - Sync 1 DAGs
[2026-08-24T13:53:46.900+0000] {logging_mixin.py:188} INFO - [2026-08-24T13:53:46.900+0000] {dag.py:3954} INFO - Setting next_dagrun for example_sla_dag to 2026-08-24 13:50:00+00:00, run_after=2026-08-24 13:52:00+00:00
[2026-08-24T13:53:46.921+0000] {processor.py:183} INFO - Processing /home/airflow/.local/lib/python3.12/site-packages/airflow/example_dags/example_sla_dag.py took 0.104 seconds
[2026-08-24T13:54:17.266+0000] {processor.py:161} INFO - Started process (PID=394) to work on /home/airflow/.local/lib/python3.12/site-packages/airflow/example_dags/example_sla_dag.py
[2026-08-24T13:54:17.267+0000] {processor.py:830} INFO - Processing file /home/airflow/.local/lib/python3.12/site-packages/airflow/example_dags/example_sla_dag.py for tasks to queue
[2026-08-24T13:54:17.270+0000] {logging_mixin.py:188} INFO - [2026-08-24T13:54:17.269+0000] {dagbag.py:545} INFO - Filling up the DagBag from /home/airflow/.local/lib/python3.12/site-packages/airflow/example_dags/example_sla_dag.py
[2026-08-24T13:54:17.279+0000] {processor.py:840} INFO - DAG(s) 'example_sla_dag' retrieved from /home/airflow/.local/lib/python3.12/site-packages/airflow/example_dags/example_sla_dag.py
[2026-08-24T13:54:17.303+0000] {logging_mixin.py:188} INFO - [2026-08-24T13:54:17.303+0000] {dag.py:3096} INFO - Sync 1 DAGs
[2026-08-24T13:54:17.337+0000] {logging_mixin.py:188} INFO - [2026-08-24T13:54:17.336+0000] {dag.py:3954} INFO - Setting next_dagrun for example_sla_dag to 2026-08-24 13:52:00+00:00, run_after=2026-08-24 13:54:00+00:00
[2026-08-24T13:54:17.360+0000] {processor.py:183} INFO - Processing /home/airflow/.local/lib/python3.12/site-packages/airflow/example_dags/example_sla_dag.py took 0.101 seconds
[2026-08-24T13:54:48.156+0000] {processor.py:161} INFO - Started process (PID=453) to work on /home/airflow/.local/lib/python3.12/site-packages/airflow/example_dags/example_sla_dag.py
[2026-08-24T13:54:48.158+0000] {processor.py:830} INFO - Processing file /home/airflow/.local/lib/python3.12/site-packages/airflow/example_dags/example_sla_dag.py for tasks to queue
[2026-08-24T13:54:48.160+0000] {logging_mixin.py:188} INFO - [2026-08-24T13:54:48.160+0000] {dagbag.py:545} INFO - Filling up the DagBag from /home/airflow/.local/lib/python3.12/site-packages/airflow/example_dags/example_sla_dag.py
[2026-08-24T13:54:48.172+0000] {processor.py:840} INFO - DAG(s) 'example_sla_dag' retrieved from /home/airflow/.local/lib/python3.12/site-packages/airflow/example_dags/example_sla_dag.py
[2026-08-24T13:54:48.186+0000] {logging_mixin.py:188} INFO - [2026-08-24T13:54:48.185+0000] {dag.py:3096} INFO - Sync 1 DAGs
[2026-08-24T13:54:48.220+0000] {logging_mixin.py:188} INFO - [2026-08-24T13:54:48.219+0000] {dag.py:3954} INFO - Setting next_dagrun for example_sla_dag to 2026-08-24 13:52:00+00:00, run_after=2026-08-24 13:54:00+00:00
[2026-08-24T13:54:48.247+0000] {processor.py:183} INFO - Processing /home/airflow/.local/lib/python3.12/site-packages/airflow/example_dags/example_sla_dag.py took 0.099 seconds
[2026-08-24T13:55:23.685+0000] {processor.py:161} INFO - Started process (PID=512) to work on /home/airflow/.local/lib/python3.12/site-packages/airflow/example_dags/example_sla_dag.py
[2026-08-24T13:55:23.686+0000] {processor.py:830} INFO - Processing file /home/airflow/.local/lib/python3.12/site-packages/airflow/example_dags/example_sla_dag.py for tasks to queue
[2026-08-24T13:55:23.689+0000] {logging_mixin.py:188} INFO - [2026-08-24T13:55:23.688+0000] {dagbag.py:545} INFO - Filling up the DagBag from /home/airflow/.local/lib/python3.12/site-packages/airflow/example_dags/example_sla_dag.py
[2026-08-24T13:55:23.700+0000] {processor.py:840} INFO - DAG(s) 'example_sla_dag' retrieved from /home/airflow/.local/lib/python3.12/site-packages/airflow/example_dags/example_sla_dag.py
[2026-08-24T13:55:23.853+0000] {logging_mixin.py:188} INFO - [2026-08-24T13:55:23.853+0000] {dag.py:3096} INFO - Sync 1 DAGs
[2026-08-24T13:55:23.894+0000] {logging_mixin.py:188} INFO - [2026-08-24T13:55:23.893+0000] {dag.py:3954} INFO - Setting next_dagrun for example_sla_dag to 2026-08-24 13:52:00+00:00, run_after=2026-08-24 13:54:00+00:00
[2026-08-24T13:55:23.926+0000] {processor.py:183} INFO - Processing /home/airflow/.local/lib/python3.12/site-packages/airflow/example_dags/example_sla_dag.py took 0.249 seconds
[2026-08-24T13:55:54.304+0000] {processor.py:161} INFO - Started process (PID=571) to work on /home/airflow/.local/lib/python3.12/site-packages/airflow/example_dags/example_sla_dag.py
[2026-08-24T13:55:54.305+0000] {processor.py:830} INFO - Processing file /home/airflow/.local/lib/python3.12/site-packages/airflow/example_dags/example_sla_dag.py for tasks to queue
[2026-08-24T13:55:54.309+0000] {logging_mixin.py:188} INFO - [2026-08-24T13:55:54.308+0000] {dagbag.py:545} INFO - Filling up the DagBag from /home/airflow/.local/lib/python3.12/site-packages/airflow/example_dags/example_sla_dag.py
[2026-08-24T13:55:54.320+0000] {processor.py:840} INFO - DAG(s) 'example_sla_dag' retrieved from /home/airflow/.local/lib/python3.12/site-packages/airflow/example_dags/example_sla_dag.py
[2026-08-24T13:55:54.347+0000] {logging_mixin.py:188} INFO - [2026-08-24T13:55:54.347+0000] {dag.py:3096} INFO - Sync 1 DAGs
[2026-08-24T13:55:54.390+0000] {logging_mixin.py:188} INFO - [2026-08-24T13:55:54.390+0000] {dag.py:3954} INFO - Setting next_dagrun for example_sla_dag to 2026-08-24 13:52:00+00:00, run_after=2026-08-24 13:54:00+00:00
[2026-08-24T13:55:54.422+0000] {processor.py:183} INFO - Processing /home/airflow/.local/lib/python3.12/site-packages/airflow/example_dags/example_sla_dag.py took 0.126 seconds
[2026-08-24T13:56:24.507+0000] {processor.py:161} INFO - Started process (PID=630) to work on /home/airflow/.local/lib/python3.12/site-packages/airflow/example_dags/example_sla_dag.py
[2026-08-24T13:56:24.509+0000] {processor.py:830} INFO - Processing file /home/airflow/.local/lib/python3.12/site-packages/airflow/example_dags/example_sla_dag.py for tasks to queue
[2026-08-24T13:56:24.512+0000] {logging_mixin.py:188} INFO - [2026-08-24T13:56:24.512+0000] {dagbag.py:545} INFO - Filling up the DagBag from /home/airflow/.local/lib/python3.12/site-packages/airflow/example_dags/example_sla_dag.py
[2026-08-24T13:56:24.530+0000] {processor.py:840} INFO - DAG(s) 'example_sla_dag' retrieved from /home/airflow/.local/lib/python3.12/site-packages/airflow/example_dags/example_sla_dag.py
[2026-08-24T13:56:24.570+0000] {logging_mixin.py:188} INFO - [2026-08-24T13:56:24.570+0000] {dag.py:3096} INFO - Sync 1 DAGs
[2026-08-24T13:56:24.610+0000] {logging_mixin.py:188} INFO - [2026-08-24T13:56:24.609+0000] {dag.py:3954} INFO - Setting next_dagrun for example_sla_dag to 2026-08-24 13:54:00+00:00, run_after=2026-08-24 13:56:00+00:00
[2026-08-24T13:56:24.651+0000] {processor.py:183} INFO - Processing /home/airflow/.local/lib/python3.12/site-packages/airflow/example_dags/example_sla_dag.py took 0.156 seconds
[2026-08-24T13:56:55.008+0000] {processor.py:161} INFO - Started process (PID=689) to work on /home/airflow/.local/lib/python3.12/site-packages/airflow/example_dags/example_sla_dag.py
[2026-08-24T13:56:55.010+0000] {processor.py:830} INFO - Processing file /home/airflow/.local/lib/python3.12/site-packages/airflow/example_dags/example_sla_dag.py for tasks to queue
[2026-08-24T13:56:55.014+0000] {logging_mixin.py:188} INFO - [2026-08-24T13:56:55.013+0000] {dagbag.py:545} INFO - Filling up the DagBag from /home/airflow/.local/lib/python3.12/site-packages/airflow/example_dags/example_sla_dag.py
[2026-08-24T13:56:55.031+0000] {processor.py:840} INFO - DAG(s) 'example_sla_dag' retrieved from /home/airflow/.local/lib/python3.12/site-packages/airflow/example_dags/example_sla_dag.py
[2026-08-24T13:56:55.062+0000] {logging_mixin.py:188} INFO - [2026-08-24T13:56:55.062+0000] {dag.py:3096} INFO - Sync 1 DAGs
[2026-08-24T13:56:55.098+0000] {logging_mixin.py:188} INFO - [2026-08-24T13:56:55.098+0000] {dag.py:3954} INFO - Setting next_dagrun for example_sla_dag to 2026-08-24 13:54:00+00:00, run_after=2026-08-24 13:56:00+00:00
[2026-08-24T13:56:55.132+0000] {processor.py:183} INFO - Processing /home/airflow/.local/lib/python3.12/site-packages/airflow/example_dags/example_sla_dag.py took 0.134 seconds
[2026-08-24T13:57:25.565+0000] {processor.py:161} INFO - Started process (PID=749) to work on /home/airflow/.local/lib/python3.12/site-packages/airflow/example_dags/example_sla_dag.py
[2026-08-24T13:57:25.566+0000] {processor.py:830} INFO - Processing file /home/airflow/.local/lib/python3.12/site-packages/airflow/example_dags/example_sla_dag.py for tasks to queue
[2026-08-24T13:57:25.569+0000] {logging_mixin.py:188} INFO - [2026-08-24T13:57:25.568+0000] {dagbag.py:545} INFO - Filling up the DagBag from /home/airflow/.local/lib/python3.12/site-packages/airflow/example_dags/example_sla_dag.py
[2026-08-24T13:57:25.579+0000] {processor.py:840} INFO - DAG(s) 'example_sla_dag' retrieved from /home/airflow/.local/lib/python3.12/site-packages/airflow/example_dags/example_sla_dag.py
[2026-08-24T13:57:25.603+0000] {logging_mixin.py:188} INFO - [2026-08-24T13:57:25.603+0000] {dag.py:3096} INFO - Sync 1 DAGs
[2026-08-24T13:57:25.638+0000] {logging_mixin.py:188} INFO - [2026-08-24T13:57:25.638+0000] {dag.py:3954} INFO - Setting next_dagrun for example_sla_dag to 2026-08-24 13:54:00+00:00, run_after=2026-08-24 13:56:00+00:00
[2026-08-24T13:57:25.665+0000] {processor.py:183} INFO - Processing /home/airflow/.local/lib/python3.12/site-packages/airflow/example_dags/example_sla_dag.py took 0.107 seconds
[2026-08-24T13:57:56.450+0000] {processor.py:161} INFO - Started process (PID=808) to work on /home/airflow/.local/lib/python3.12/site-packages/airflow/example_dags/example_sla_dag.py
[2026-08-24T13:57:56.451+0000] {processor.py:830} INFO - Processing file /home/airflow/.local/lib/python3.12/site-packages/airflow/example_dags/example_sla_dag.py for tasks to queue
[2026-08-24T13:57:56.454+0000] {logging_mixin.py:188} INFO - [2026-08-24T13:57:56.453+0000] {dagbag.py:545} INFO - Filling up the DagBag from /home/airflow/.local/lib/python3.12/site-packages/airflow/example_dags/example_sla_dag.py
[2026-08-24T13:57:56.465+0000] {processor.py:840} INFO - DAG(s) 'example_sla_dag' retrieved from /home/airflow/.local/lib/python3.12/site-packages/airflow/example_dags/example_sla_dag.py
[2026-08-24T13:57:56.489+0000] {logging_mixin.py:188} INFO - [2026-08-24T13:57:56.489+0000] {dag.py:3096} INFO - Sync 1 DAGs
[2026-08-24T13:57:56.520+0000] {logging_mixin.py:188} INFO - [2026-08-24T13:57:56.519+0000] {dag.py:3954} INFO - Setting next_dagrun for example_sla_dag to 2026-08-24 13:54:00+00:00, run_after=2026-08-24 13:56:00+00:00
[2026-08-24T13:57:56.635+0000] {processor.py:183} INFO - Processing /home/airflow/.local/lib/python3.12/site-packages/airflow/example_dags/example_sla_dag.py took 0.193 seconds
[2026-08-24T13:58:26.811+0000] {processor.py:161} INFO - Started process (PID=868) to work on /home/airflow/.local/lib/python3.12/site-packages/airflow/example_dags/example_sla_dag.py
[2026-08-24T13:58:26.813+0000] {processor.py:830} INFO - Processing file /home/airflow/.local/lib/python3.12/site-packages/airflow/example_dags/example_sla_dag.py for tasks to queue
[2026-08-24T13:58:26.816+0000] {logging_mixin.py:188} INFO - [2026-08-24T13:58:26.816+0000] {dagbag.py:545} INFO - Filling up the DagBag from /home/airflow/.local/lib/python3.12/site-packages/airflow/example_dags/example_sla_dag.py
[2026-08-24T13:58:26.829+0000] {processor.py:840} INFO - DAG(s) 'example_sla_dag' retrieved from /home/airflow/.local/lib/python3.12/site-packages/airflow/example_dags/example_sla_dag.py
[2026-08-24T13:58:26.860+0000] {logging_mixin.py:188} INFO - [2026-08-24T13:58:26.860+0000] {dag.py:3096} INFO - Sync 1 DAGs
[2026-08-24T13:58:26.906+0000] {logging_mixin.py:188} INFO - [2026-08-24T13:58:26.905+0000] {dag.py:3954} INFO - Setting next_dagrun for example_sla_dag to 2026-08-24 13:56:00+00:00, run_after=2026-08-24 13:58:00+00:00
[2026-08-24T13:58:26.939+0000] {processor.py:183} INFO - Processing /home/airflow/.local/lib/python3.12/site-packages/airflow/example_dags/example_sla_dag.py took 0.136 seconds
[2026-08-24T13:58:57.755+0000] {processor.py:161} INFO - Started process (PID=927) to work on /home/airflow/.local/lib/python3.12/site-packages/airflow/example_dags/example_sla_dag.py
[2026-08-24T13:58:57.756+0000] {processor.py:830} INFO - Processing file /home/airflow/.local/lib/python3.12/site-packages/airflow/example_dags/example_sla_dag.py for tasks to queue
[2026-08-24T13:58:57.759+0000] {logging_mixin.py:188} INFO - [2026-08-24T13:58:57.759+0000] {dagbag.py:545} INFO - Filling up the DagBag from /home/airflow/.local/lib/python3.12/site-packages/airflow/example_dags/example_sla_dag.py
[2026-08-24T13:58:57.770+0000] {processor.py:840} INFO - DAG(s) 'example_sla_dag' retrieved from /home/airflow/.local/lib/python3.12/site-packages/airflow/example_dags/example_sla_dag.py
[2026-08-24T13:58:57.798+0000] {logging_mixin.py:188} INFO - [2026-08-24T13:58:57.797+0000] {dag.py:3096} INFO - Sync 1 DAGs
[2026-08-24T13:58:57.840+0000] {logging_mixin.py:188} INFO - [2026-08-24T13:58:57.839+0000] {dag.py:3954} INFO - Setting next_dagrun for example_sla_dag to 2026-08-24 13:56:00+00:00, run_after=2026-08-24 13:58:00+00:00
[2026-08-24T13:58:57.872+0000] {processor.py:183} INFO - Processing /home/airflow/.local/lib/python3.12/site-packages/airflow/example_dags/example_sla_dag.py took 0.125 seconds
[2026-08-24T14:00:38.142+0000] {processor.py:161} INFO - Started process (PID=111) to work on /home/airflow/.local/lib/python3.12/site-packages/airflow/example_dags/example_sla_dag.py
[2026-08-24T14:00:38.144+0000] {processor.py:830} INFO - Processing file /home/airflow/.local/lib/python3.12/site-packages/airflow/example_dags/example_sla_dag.py for tasks to queue
[2026-08-24T14:00:38.147+0000] {logging_mixin.py:188} INFO - [2026-08-24T14:00:38.146+0000] {dagbag.py:545} INFO - Filling up the DagBag from /home/airflow/.local/lib/python3.12/site-packages/airflow/example_dags/example_sla_dag.py
[2026-08-24T14:00:38.161+0000] {processor.py:840} INFO - DAG(s) 'example_sla_dag' retrieved from /home/airflow/.local/lib/python3.12/site-packages/airflow/example_dags/example_sla_dag.py
[2026-08-24T14:00:38.333+0000] {logging_mixin.py:188} INFO - [2026-08-24T14:00:38.333+0000] {dag.py:3096} INFO - Sync 1 DAGs
[2026-08-24T14:00:38.375+0000] {logging_mixin.py:188} INFO - [2026-08-24T14:00:38.375+0000] {dag.py:3954} INFO - Setting next_dagrun for example_sla_dag to 2026-08-24 13:58:00+00:00, run_after=2026-08-24 14:00:00+00:00
[2026-08-24T14:00:38.412+0000] {processor.py:183} INFO - Processing /home/airflow/.local/lib/python3.12/site-packages/airflow/example_dags/example_sla_dag.py took 0.278 seconds
[2026-08-24T14:01:09.294+0000] {processor.py:161} INFO - Started process (PID=170) to work on /home/airflow/.local/lib/python3.12/site-packages/airflow/example_dags/example_sla_dag.py
[2026-08-24T14:01:09.296+0000] {processor.py:830} INFO - Processing file /home/airflow/.local/lib/python3.12/site-packages/airflow/example_dags/example_sla_dag.py for tasks to queue
[2026-08-24T14:01:09.299+0000] {logging_mixin.py:188} INFO - [2026-08-24T14:01:09.299+0000] {dagbag.py:545} INFO - Filling up the DagBag from /home/airflow/.local/lib/python3.12/site-packages/airflow/example_dags/example_sla_dag.py
[2026-08-24T14:01:09.310+0000] {processor.py:840} INFO - DAG(s) 'example_sla_dag' retrieved from /home/airflow/.local/lib/python3.12/site-packages/airflow/example_dags/example_sla_dag.py
[2026-08-24T14:01:09.335+0000] {logging_mixin.py:188} INFO - [2026-08-24T14:01:09.335+0000] {dag.py:3096} INFO - Sync 1 DAGs
[2026-08-24T14:01:09.368+0000] {logging_mixin.py:188} INFO - [2026-08-24T14:01:09.368+0000] {dag.py:3954} INFO - Setting next_dagrun for example_sla_dag to 2026-08-24 13:58:00+00:00, run_after=2026-08-24 14:00:00+00:00
[2026-08-24T14:01:09.396+0000] {processor.py:183} INFO - Processing /home/airflow/.local/lib/python3.12/site-packages/airflow/example_dags/example_sla_dag.py took 0.110 seconds
[2026-08-24T14:01:39.636+0000] {processor.py:161} INFO - Started process (PID=229) to work on /home/airflow/.local/lib/python3.12/site-packages/airflow/example_dags/example_sla_dag.py
[2026-08-24T14:01:39.637+0000] {processor.py:830} INFO - Processing file /home/airflow/.local/lib/python3.12/site-packages/airflow/example_dags/example_sla_dag.py for tasks to queue
[2026-08-24T14:01:39.639+0000] {logging_mixin.py:188} INFO - [2026-08-24T14:01:39.639+0000] {dagbag.py:545} INFO - Filling up the DagBag from /home/airflow/.local/lib/python3.12/site-packages/airflow/example_dags/example_sla_dag.py
[2026-08-24T14:01:39.654+0000] {processor.py:840} INFO - DAG(s) 'example_sla_dag' retrieved from /home/airflow/.local/lib/python3.12/site-packages/airflow/example_dags/example_sla_dag.py
[2026-08-24T14:01:39.680+0000] {logging_mixin.py:188} INFO - [2026-08-24T14:01:39.680+0000] {dag.py:3096} INFO - Sync 1 DAGs
[2026-08-24T14:01:39.711+0000] {logging_mixin.py:188} INFO - [2026-08-24T14:01:39.711+0000] {dag.py:3954} INFO - Setting next_dagrun for example_sla_dag to 2026-08-24 13:58:00+00:00, run_after=2026-08-24 14:00:00+00:00
[2026-08-24T14:01:39.742+0000] {processor.py:183} INFO - Processing /home/airflow/.local/lib/python3.12/site-packages/airflow/example_dags/example_sla_dag.py took 0.115 seconds
[2026-08-24T14:02:10.140+0000] {processor.py:161} INFO - Started process (PID=288) to work on /home/airflow/.local/lib/python3.12/site-packages/airflow/example_dags/example_sla_dag.py
[2026-08-24T14:02:10.142+0000] {processor.py:830} INFO - Processing file /home/airflow/.local/lib/python3.12/site-packages/airflow/example_dags/example_sla_dag.py for tasks to queue
[2026-08-24T14:02:10.145+0000] {logging_mixin.py:188} INFO - [2026-08-24T14:02:10.144+0000] {dagbag.py:545} INFO - Filling up the DagBag from /home/airflow/.local/lib/python3.12/site-packages/airflow/example_dags/example_sla_dag.py
[2026-08-24T14:02:10.155+0000] {processor.py:840} INFO - DAG(s) 'example_sla_dag' retrieved from /home/airflow/.local/lib/python3.12/site-packages/airflow/example_dags/example_sla_dag.py
[2026-08-24T14:02:10.178+0000] {logging_mixin.py:188} INFO - [2026-08-24T14:02:10.178+0000] {dag.py:3096} INFO - Sync 1 DAGs
[2026-08-24T14:02:10.207+0000] {logging_mixin.py:188} INFO - [2026-08-24T14:02:10.207+0000] {dag.py:3954} INFO - Setting next_dagrun for example_sla_dag to 2026-08-24 14:00:00+00:00, run_after=2026-08-24 14:02:00+00:00
[2026-08-24T14:02:10.233+0000] {processor.py:183} INFO - Processing /home/airflow/.local/lib/python3.12/site-packages/airflow/example_dags/example_sla_dag.py took 0.101 seconds
[2026-08-24T14:02:40.353+0000] {processor.py:161} INFO - Started process (PID=348) to work on /home/airflow/.local/lib/python3.12/site-packages/airflow/example_dags/example_sla_dag.py
[2026-08-24T14:02:40.354+0000] {processor.py:830} INFO - Processing file /home/airflow/.local/lib/python3.12/site-packages/airflow/example_dags/example_sla_dag.py for tasks to queue
[2026-08-24T14:02:40.357+0000] {logging_mixin.py:188} INFO - [2026-08-24T14:02:40.356+0000] {dagbag.py:545} INFO - Filling up the DagBag from /home/airflow/.local/lib/python3.12/site-packages/airflow/example_dags/example_sla_dag.py
[2026-08-24T14:02:40.368+0000] {processor.py:840} INFO - DAG(s) 'example_sla_dag' retrieved from /home/airflow/.local/lib/python3.12/site-packages/airflow/example_dags/example_sla_dag.py
[2026-08-24T14:02:40.392+0000] {logging_mixin.py:188} INFO - [2026-08-24T14:02:40.392+0000] {dag.py:3096} INFO - Sync 1 DAGs
[2026-08-24T14:02:40.421+0000] {logging_mixin.py:188} INFO - [2026-08-24T14:02:40.421+0000] {dag.py:3954} INFO - Setting next_dagrun for example_sla_dag to 2026-08-24 14:00:00+00:00, run_after=2026-08-24 14:02:00+00:00
[2026-08-24T14:02:40.445+0000] {processor.py:183} INFO - Processing /home/airflow/.local/lib/python3.12/site-packages/airflow/example_dags/example_sla_dag.py took 0.100 seconds
[2026-08-24T14:03:10.674+0000] {processor.py:161} INFO - Started process (PID=407) to work on /home/airflow/.local/lib/python3.12/site-packages/airflow/example_dags/example_sla_dag.py
[2026-08-24T14:03:10.679+0000] {processor.py:830} INFO - Processing file /home/airflow/.local/lib/python3.12/site-packages/airflow/example_dags/example_sla_dag.py for tasks to queue
[2026-08-24T14:03:10.684+0000] {logging_mixin.py:188} INFO - [2026-08-24T14:03:10.683+0000] {dagbag.py:545} INFO - Filling up the DagBag from /home/airflow/.local/lib/python3.12/site-packages/airflow/example_dags/example_sla_dag.py
[2026-08-24T14:03:10.710+0000] {processor.py:840} INFO - DAG(s) 'example_sla_dag' retrieved from /home/airflow/.local/lib/python3.12/site-packages/airflow/example_dags/example_sla_dag.py
[2026-08-24T14:03:10.763+0000] {logging_mixin.py:188} INFO - [2026-08-24T14:03:10.762+0000] {dag.py:3096} INFO - Sync 1 DAGs
[2026-08-24T14:03:10.830+0000] {logging_mixin.py:188} INFO - [2026-08-24T14:03:10.830+0000] {dag.py:3954} INFO - Setting next_dagrun for example_sla_dag to 2026-08-24 14:00:00+00:00, run_after=2026-08-24 14:02:00+00:00
[2026-08-24T14:07:41.414+0000] {processor.py:161} INFO - Started process (PID=117) to work on /home/airflow/.local/lib/python3.12/site-packages/airflow/example_dags/example_sla_dag.py
[2026-08-24T14:07:41.415+0000] {processor.py:830} INFO - Processing file /home/airflow/.local/lib/python3.12/site-packages/airflow/example_dags/example_sla_dag.py for tasks to queue
[2026-08-24T14:07:41.420+0000] {logging_mixin.py:188} INFO - [2026-08-24T14:07:41.419+0000] {dagbag.py:545} INFO - Filling up the DagBag from /home/airflow/.local/lib/python3.12/site-packages/airflow/example_dags/example_sla_dag.py
[2026-08-24T14:07:41.432+0000] {processor.py:840} INFO - DAG(s) 'example_sla_dag' retrieved from /home/airflow/.local/lib/python3.12/site-packages/airflow/example_dags/example_sla_dag.py
[2026-08-24T14:07:41.588+0000] {logging_mixin.py:188} INFO - [2026-08-24T14:07:41.588+0000] {dag.py:3096} INFO - Sync 1 DAGs
[2026-08-24T14:07:41.634+0000] {logging_mixin.py:188} INFO - [2026-08-24T14:07:41.634+0000] {dag.py:3954} INFO - Setting next_dagrun for example_sla_dag to 2026-08-24 14:04:00+00:00, run_after=2026-08-24 14:06:00+00:00
[2026-08-24T14:07:41.663+0000] {processor.py:183} INFO - Processing /home/airflow/.local/lib/python3.12/site-packages/airflow/example_dags/example_sla_dag.py took 0.260 seconds
[2026-08-24T14:08:12.539+0000] {processor.py:161} INFO - Started process (PID=176) to work on /home/airflow/.local/lib/python3.12/site-packages/airflow/example_dags/example_sla_dag.py
[2026-08-24T14:08:12.540+0000] {processor.py:830} INFO - Processing file /home/airflow/.local/lib/python3.12/site-packages/airflow/example_dags/example_sla_dag.py for tasks to queue
[2026-08-24T14:08:12.544+0000] {logging_mixin.py:188} INFO - [2026-08-24T14:08:12.544+0000] {dagbag.py:545} INFO - Filling up the DagBag from /home/airflow/.local/lib/python3.12/site-packages/airflow/example_dags/example_sla_dag.py
[2026-08-24T14:08:12.557+0000] {processor.py:840} INFO - DAG(s) 'example_sla_dag' retrieved from /home/airflow/.local/lib/python3.12/site-packages/airflow/example_dags/example_sla_dag.py
[2026-08-24T14:08:12.586+0000] {logging_mixin.py:188} INFO - [2026-08-24T14:08:12.586+0000] {dag.py:3096} INFO - Sync 1 DAGs
[2026-08-24T14:08:12.632+0000] {logging_mixin.py:188} INFO - [2026-08-24T14:08:12.632+0000] {dag.py:3954} INFO - Setting next_dagrun for example_sla_dag to 2026-08-24 14:06:00+00:00, run_after=2026-08-24 14:08:00+00:00
[2026-08-24T14:08:12.665+0000] {processor.py:183} INFO - Processing /home/airflow/.local/lib/python3.12/site-packages/airflow/example_dags/example_sla_dag.py took 0.136 seconds
[2026-08-24T14:08:43.120+0000] {processor.py:161} INFO - Started process (PID=235) to work on /home/airflow/.local/lib/python3.12/site-packages/airflow/example_dags/example_sla_dag.py
[2026-08-24T14:08:43.122+0000] {processor.py:830} INFO - Processing file /home/airflow/.local/lib/python3.12/site-packages/airflow/example_dags/example_sla_dag.py for tasks to queue
[2026-08-24T14:08:43.124+0000] {logging_mixin.py:188} INFO - [2026-08-24T14:08:43.124+0000] {dagbag.py:545} INFO - Filling up the DagBag from /home/airflow/.local/lib/python3.12/site-packages/airflow/example_dags/example_sla_dag.py
[2026-08-24T14:08:43.134+0000] {processor.py:840} INFO - DAG(s) 'example_sla_dag' retrieved from /home/airflow/.local/lib/python3.12/site-packages/airflow/example_dags/example_sla_dag.py
[2026-08-24T14:08:43.158+0000] {logging_mixin.py:188} INFO - [2026-08-24T14:08:43.158+0000] {dag.py:3096} INFO - Sync 1 DAGs
[2026-08-24T14:08:43.190+0000] {logging_mixin.py:188} INFO - [2026-08-24T14:08:43.189+0000] {dag.py:3954} INFO - Setting next_dagrun for example_sla_dag to 2026-08-24 14:06:00+00:00, run_after=2026-08-24 14:08:00+00:00
[2026-08-24T14:08:43.214+0000] {processor.py:183} INFO - Processing /home/airflow/.local/lib/python3.12/site-packages/airflow/example_dags/example_sla_dag.py took 0.101 seconds
[2026-08-24T14:09:13.342+0000] {processor.py:161} INFO - Started process (PID=294) to work on /home/airflow/.local/lib/python3.12/site-packages/airflow/example_dags/example_sla_dag.py
[2026-08-24T14:09:13.343+0000] {processor.py:830} INFO - Processing file /home/airflow/.local/lib/python3.12/site-packages/airflow/example_dags/example_sla_dag.py for tasks to queue
[2026-08-24T14:09:13.346+0000] {logging_mixin.py:188} INFO - [2026-08-24T14:09:13.345+0000] {dagbag.py:545} INFO - Filling up the DagBag from /home/airflow/.local/lib/python3.12/site-packages/airflow/example_dags/example_sla_dag.py
[2026-08-24T14:09:13.356+0000] {processor.py:840} INFO - DAG(s) 'example_sla_dag' retrieved from /home/airflow/.local/lib/python3.12/site-packages/airflow/example_dags/example_sla_dag.py
[2026-08-24T14:09:13.379+0000] {logging_mixin.py:188} INFO - [2026-08-24T14:09:13.379+0000] {dag.py:3096} INFO - Sync 1 DAGs
[2026-08-24T14:09:13.410+0000] {logging_mixin.py:188} INFO - [2026-08-24T14:09:13.410+0000] {dag.py:3954} INFO - Setting next_dagrun for example_sla_dag to 2026-08-24 14:06:00+00:00, run_after=2026-08-24 14:08:00+00:00
[2026-08-24T14:09:13.436+0000] {processor.py:183} INFO - Processing /home/airflow/.local/lib/python3.12/site-packages/airflow/example_dags/example_sla_dag.py took 0.102 seconds
[2026-08-24T14:09:43.859+0000] {processor.py:161} INFO - Started process (PID=353) to work on /home/airflow/.local/lib/python3.12/site-packages/airflow/example_dags/example_sla_dag.py
[2026-08-24T14:09:43.860+0000] {processor.py:830} INFO - Processing file /home/airflow/.local/lib/python3.12/site-packages/airflow/example_dags/example_sla_dag.py for tasks to queue
[2026-08-24T14:09:43.863+0000] {logging_mixin.py:188} INFO - [2026-08-24T14:09:43.862+0000] {dagbag.py:545} INFO - Filling up the DagBag from /home/airflow/.local/lib/python3.12/site-packages/airflow/example_dags/example_sla_dag.py
[2026-08-24T14:09:43.874+0000] {processor.py:840} INFO - DAG(s) 'example_sla_dag' retrieved from /home/airflow/.local/lib/python3.12/site-packages/airflow/example_dags/example_sla_dag.py
[2026-08-24T14:09:43.901+0000] {logging_mixin.py:188} INFO - [2026-08-24T14:09:43.901+0000] {dag.py:3096} INFO - Sync 1 DAGs
[2026-08-24T14:09:43.933+0000] {logging_mixin.py:188} INFO - [2026-08-24T14:09:43.933+0000] {dag.py:3954} INFO - Setting next_dagrun for example_sla_dag to 2026-08-24 14:06:00+00:00, run_after=2026-08-24 14:08:00+00:00
[2026-08-24T14:09:43.960+0000] {processor.py:183} INFO - Processing /home/airflow/.local/lib/python3.12/site-packages/airflow/example_dags/example_sla_dag.py took 0.109 seconds
[2026-08-24T14:10:14.390+0000] {processor.py:161} INFO - Started process (PID=412) to work on /home/airflow/.local/lib/python3.12/site-packages/airflow/example_dags/example_sla_dag.py
[2026-08-24T14:10:14.392+0000] {processor.py:830} INFO - Processing file /home/airflow/.local/lib/python3.12/site-packages/airflow/example_dags/example_sla_dag.py for tasks to queue
[2026-08-24T14:10:14.394+0000] {logging_mixin.py:188} INFO - [2026-08-24T14:10:14.394+0000] {dagbag.py:545} INFO - Filling up the DagBag from /home/airflow/.local/lib/python3.12/site-packages/airflow/example_dags/example_sla_dag.py
[2026-08-24T14:10:14.405+0000] {processor.py:840} INFO - DAG(s) 'example_sla_dag' retrieved from /home/airflow/.local/lib/python3.12/site-packages/airflow/example_dags/example_sla_dag.py
[2026-08-24T14:10:14.429+0000] {logging_mixin.py:188} INFO - [2026-08-24T14:10:14.429+0000] {dag.py:3096} INFO - Sync 1 DAGs
[2026-08-24T14:10:14.461+0000] {logging_mixin.py:188} INFO - [2026-08-24T14:10:14.460+0000] {dag.py:3954} INFO - Setting next_dagrun for example_sla_dag to 2026-08-24 14:08:00+00:00, run_after=2026-08-24 14:10:00+00:00
[2026-08-24T14:10:14.485+0000] {processor.py:183} INFO - Processing /home/airflow/.local/lib/python3.12/site-packages/airflow/example_dags/example_sla_dag.py took 0.102 seconds
[2026-08-24T14:10:45.013+0000] {processor.py:161} INFO - Started process (PID=471) to work on /home/airflow/.local/lib/python3.12/site-packages/airflow/example_dags/example_sla_dag.py
[2026-08-24T14:10:45.014+0000] {processor.py:830} INFO - Processing file /home/airflow/.local/lib/python3.12/site-packages/airflow/example_dags/example_sla_dag.py for tasks to queue
[2026-08-24T14:10:45.017+0000] {logging_mixin.py:188} INFO - [2026-08-24T14:10:45.017+0000] {dagbag.py:545} INFO - Filling up the DagBag from /home/airflow/.local/lib/python3.12/site-packages/airflow/example_dags/example_sla_dag.py
[2026-08-24T14:10:45.030+0000] {processor.py:840} INFO - DAG(s) 'example_sla_dag' retrieved from /home/airflow/.local/lib/python3.12/site-packages/airflow/example_dags/example_sla_dag.py
[2026-08-24T14:10:45.059+0000] {logging_mixin.py:188} INFO - [2026-08-24T14:10:45.058+0000] {dag.py:3096} INFO - Sync 1 DAGs
[2026-08-24T14:10:45.099+0000] {logging_mixin.py:188} INFO - [2026-08-24T14:10:45.099+0000] {dag.py:3954} INFO - Setting next_dagrun for example_sla_dag to 2026-08-24 14:08:00+00:00, run_after=2026-08-24 14:10:00+00:00
[2026-08-24T14:10:45.131+0000] {processor.py:183} INFO - Processing /home/airflow/.local/lib/python3.12/site-packages/airflow/example_dags/example_sla_dag.py took 0.126 seconds
[2026-08-24T14:13:28.041+0000] {processor.py:161} INFO - Started process (PID=121) to work on /home/airflow/.local/lib/python3.12/site-packages/airflow/example_dags/example_sla_dag.py
[2026-08-24T14:13:28.042+0000] {processor.py:830} INFO - Processing file /home/airflow/.local/lib/python3.12/site-packages/airflow/example_dags/example_sla_dag.py for tasks to queue
[2026-08-24T14:13:28.044+0000] {logging_mixin.py:188} INFO - [2026-08-24T14:13:28.044+0000] {dagbag.py:545} INFO - Filling up the DagBag from /home/airflow/.local/lib/python3.12/site-packages/airflow/example_dags/example_sla_dag.py
[2026-08-24T14:13:28.055+0000] {processor.py:840} INFO - DAG(s) 'example_sla_dag' retrieved from /home/airflow/.local/lib/python3.12/site-packages/airflow/example_dags/example_sla_dag.py
[2026-08-24T14:13:28.252+0000] {logging_mixin.py:188} INFO - [2026-08-24T14:13:28.251+0000] {dag.py:3096} INFO - Sync 1 DAGs
[2026-08-24T14:13:28.296+0000] {logging_mixin.py:188} INFO - [2026-08-24T14:13:28.296+0000] {dag.py:3954} INFO - Setting next_dagrun for example_sla_dag to 2026-08-24 14:10:00+00:00, run_after=2026-08-24 14:12:00+00:00
[2026-08-24T14:13:28.337+0000] {processor.py:183} INFO - Processing /home/airflow/.local/lib/python3.12/site-packages/airflow/example_dags/example_sla_dag.py took 0.304 seconds
[2026-08-24T14:13:58.953+0000] {processor.py:161} INFO - Started process (PID=180) to work on /home/airflow/.local/lib/python3.12/site-packages/airflow/example_dags/example_sla_dag.py
[2026-08-24T14:13:58.955+0000] {processor.py:830} INFO - Processing file /home/airflow/.local/lib/python3.12/site-packages/airflow/example_dags/example_sla_dag.py for tasks to queue
[2026-08-24T14:13:58.958+0000] {logging_mixin.py:188} INFO - [2026-08-24T14:13:58.957+0000] {dagbag.py:545} INFO - Filling up the DagBag from /home/airflow/.local/lib/python3.12/site-packages/airflow/example_dags/example_sla_dag.py
[2026-08-24T14:13:58.968+0000] {processor.py:840} INFO - DAG(s) 'example_sla_dag' retrieved from /home/airflow/.local/lib/python3.12/site-packages/airflow/example_dags/example_sla_dag.py
[2026-08-24T14:13:58.992+0000] {logging_mixin.py:188} INFO - [2026-08-24T14:13:58.992+0000] {dag.py:3096} INFO - Sync 1 DAGs
[2026-08-24T14:13:59.025+0000] {logging_mixin.py:188} INFO - [2026-08-24T14:13:59.025+0000] {dag.py:3954} INFO - Setting next_dagrun for example_sla_dag to 2026-08-24 14:10:00+00:00, run_after=2026-08-24 14:12:00+00:00
[2026-08-24T14:13:59.070+0000] {processor.py:183} INFO - Processing /home/airflow/.local/lib/python3.12/site-packages/airflow/example_dags/example_sla_dag.py took 0.126 seconds
[2026-08-24T14:14:29.356+0000] {processor.py:161} INFO - Started process (PID=239) to work on /home/airflow/.local/lib/python3.12/site-packages/airflow/example_dags/example_sla_dag.py
[2026-08-24T14:14:29.357+0000] {processor.py:830} INFO - Processing file /home/airflow/.local/lib/python3.12/site-packages/airflow/example_dags/example_sla_dag.py for tasks to queue
[2026-08-24T14:14:29.360+0000] {logging_mixin.py:188} INFO - [2026-08-24T14:14:29.360+0000] {dagbag.py:545} INFO - Filling up the DagBag from /home/airflow/.local/lib/python3.12/site-packages/airflow/example_dags/example_sla_dag.py
[2026-08-24T14:14:29.375+0000] {processor.py:840} INFO - DAG(s) 'example_sla_dag' retrieved from /home/airflow/.local/lib/python3.12/site-packages/airflow/example_dags/example_sla_dag.py
[2026-08-24T14:14:29.403+0000] {logging_mixin.py:188} INFO - [2026-08-24T14:14:29.402+0000] {dag.py:3096} INFO - Sync 1 DAGs
[2026-08-24T14:14:29.436+0000] {logging_mixin.py:188} INFO - [2026-08-24T14:14:29.436+0000] {dag.py:3954} INFO - Setting next_dagrun for example_sla_dag to 2026-08-24 14:12:00+00:00, run_after=2026-08-24 14:14:00+00:00
[2026-08-24T14:14:29.465+0000] {processor.py:183} INFO - Processing /home/airflow/.local/lib/python3.12/site-packages/airflow/example_dags/example_sla_dag.py took 0.118 seconds
[2026-08-24T14:14:59.708+0000] {processor.py:161} INFO - Started process (PID=298) to work on /home/airflow/.local/lib/python3.12/site-packages/airflow/example_dags/example_sla_dag.py
[2026-08-24T14:14:59.709+0000] {processor.py:830} INFO - Processing file /home/airflow/.local/lib/python3.12/site-packages/airflow/example_dags/example_sla_dag.py for tasks to queue
[2026-08-24T14:14:59.712+0000] {logging_mixin.py:188} INFO - [2026-08-24T14:14:59.712+0000] {dagbag.py:545} INFO - Filling up the DagBag from /home/airflow/.local/lib/python3.12/site-packages/airflow/example_dags/example_sla_dag.py
[2026-08-24T14:14:59.723+0000] {processor.py:840} INFO - DAG(s) 'example_sla_dag' retrieved from /home/airflow/.local/lib/python3.12/site-packages/airflow/example_dags/example_sla_dag.py
[2026-08-24T14:14:59.747+0000] {logging_mixin.py:188} INFO - [2026-08-24T14:14:59.747+0000] {dag.py:3096} INFO - Sync 1 DAGs
[2026-08-24T14:14:59.780+0000] {logging_mixin.py:188} INFO - [2026-08-24T14:14:59.780+0000] {dag.py:3954} INFO - Setting next_dagrun for example_sla_dag to 2026-08-24 14:12:00+00:00, run_after=2026-08-24 14:14:00+00:00
[2026-08-24T14:14:59.803+0000] {processor.py:183} INFO - Processing /home/airflow/.local/lib/python3.12/site-packages/airflow/example_dags/example_sla_dag.py took 0.104 seconds
[2026-08-24T14:15:30.542+0000] {processor.py:161} INFO - Started process (PID=357) to work on /home/airflow/.local/lib/python3.12/site-packages/airflow/example_dags/example_sla_dag.py
[2026-08-24T14:15:30.544+0000] {processor.py:830} INFO - Processing file /home/airflow/.local/lib/python3.12/site-packages/airflow/example_dags/example_sla_dag.py for tasks to queue
[2026-08-24T14:15:30.547+0000] {logging_mixin.py:188} INFO - [2026-08-24T14:15:30.547+0000] {dagbag.py:545} INFO - Filling up the DagBag from /home/airflow/.local/lib/python3.12/site-packages/airflow/example_dags/example_sla_dag.py
[2026-08-24T14:15:30.562+0000] {processor.py:840} INFO - DAG(s) 'example_sla_dag' retrieved from /home/airflow/.local/lib/python3.12/site-packages/airflow/example_dags/example_sla_dag.py
[2026-08-24T14:15:30.599+0000] {logging_mixin.py:188} INFO - [2026-08-24T14:15:30.599+0000] {dag.py:3096} INFO - Sync 1 DAGs
[2026-08-24T14:15:30.639+0000] {logging_mixin.py:188} INFO - [2026-08-24T14:15:30.638+0000] {dag.py:3954} INFO - Setting next_dagrun for example_sla_dag to 2026-08-24 14:12:00+00:00, run_after=2026-08-24 14:14:00+00:00
[2026-08-24T14:15:30.671+0000] {processor.py:183} INFO - Processing /home/airflow/.local/lib/python3.12/site-packages/airflow/example_dags/example_sla_dag.py took 0.137 seconds
[2026-08-24T14:16:01.248+0000] {processor.py:161} INFO - Started process (PID=416) to work on /home/airflow/.local/lib/python3.12/site-packages/airflow/example_dags/example_sla_dag.py
[2026-08-24T14:16:01.249+0000] {processor.py:830} INFO - Processing file /home/airflow/.local/lib/python3.12/site-packages/airflow/example_dags/example_sla_dag.py for tasks to queue
[2026-08-24T14:16:01.253+0000] {logging_mixin.py:188} INFO - [2026-08-24T14:16:01.252+0000] {dagbag.py:545} INFO - Filling up the DagBag from /home/airflow/.local/lib/python3.12/site-packages/airflow/example_dags/example_sla_dag.py
[2026-08-24T14:16:01.267+0000] {processor.py:840} INFO - DAG(s) 'example_sla_dag' retrieved from /home/airflow/.local/lib/python3.12/site-packages/airflow/example_dags/example_sla_dag.py
[2026-08-24T14:16:01.298+0000] {logging_mixin.py:188} INFO - [2026-08-24T14:16:01.298+0000] {dag.py:3096} INFO - Sync 1 DAGs
[2026-08-24T14:16:01.334+0000] {logging_mixin.py:188} INFO - [2026-08-24T14:16:01.334+0000] {dag.py:3954} INFO - Setting next_dagrun for example_sla_dag to 2026-08-24 14:14:00+00:00, run_after=2026-08-24 14:16:00+00:00
[2026-08-24T14:16:01.366+0000] {processor.py:183} INFO - Processing /home/airflow/.local/lib/python3.12/site-packages/airflow/example_dags/example_sla_dag.py took 0.126 seconds
[2026-08-24T14:16:31.559+0000] {processor.py:161} INFO - Started process (PID=475) to work on /home/airflow/.local/lib/python3.12/site-packages/airflow/example_dags/example_sla_dag.py
[2026-08-24T14:16:31.560+0000] {processor.py:830} INFO - Processing file /home/airflow/.local/lib/python3.12/site-packages/airflow/example_dags/example_sla_dag.py for tasks to queue
[2026-08-24T14:16:31.563+0000] {logging_mixin.py:188} INFO - [2026-08-24T14:16:31.562+0000] {dagbag.py:545} INFO - Filling up the DagBag from /home/airflow/.local/lib/python3.12/site-packages/airflow/example_dags/example_sla_dag.py
[2026-08-24T14:16:31.574+0000] {processor.py:840} INFO - DAG(s) 'example_sla_dag' retrieved from /home/airflow/.local/lib/python3.12/site-packages/airflow/example_dags/example_sla_dag.py
[2026-08-24T14:16:31.605+0000] {logging_mixin.py:188} INFO - [2026-08-24T14:16:31.605+0000] {dag.py:3096} INFO - Sync 1 DAGs
[2026-08-24T14:16:31.647+0000] {logging_mixin.py:188} INFO - [2026-08-24T14:16:31.647+0000] {dag.py:3954} INFO - Setting next_dagrun for example_sla_dag to 2026-08-24 14:14:00+00:00, run_after=2026-08-24 14:16:00+00:00
[2026-08-24T14:16:31.679+0000] {processor.py:183} INFO - Processing /home/airflow/.local/lib/python3.12/site-packages/airflow/example_dags/example_sla_dag.py took 0.128 seconds
[2026-08-24T14:17:01.999+0000] {processor.py:161} INFO - Started process (PID=534) to work on /home/airflow/.local/lib/python3.12/site-packages/airflow/example_dags/example_sla_dag.py
[2026-08-24T14:17:02.000+0000] {processor.py:830} INFO - Processing file /home/airflow/.local/lib/python3.12/site-packages/airflow/example_dags/example_sla_dag.py for tasks to queue
[2026-08-24T14:17:02.003+0000] {logging_mixin.py:188} INFO - [2026-08-24T14:17:02.003+0000] {dagbag.py:545} INFO - Filling up the DagBag from /home/airflow/.local/lib/python3.12/site-packages/airflow/example_dags/example_sla_dag.py
[2026-08-24T14:17:02.018+0000] {processor.py:840} INFO - DAG(s) 'example_sla_dag' retrieved from /home/airflow/.local/lib/python3.12/site-packages/airflow/example_dags/example_sla_dag.py
[2026-08-24T14:17:02.051+0000] {logging_mixin.py:188} INFO - [2026-08-24T14:17:02.050+0000] {dag.py:3096} INFO - Sync 1 DAGs
[2026-08-24T14:17:02.090+0000] {logging_mixin.py:188} INFO - [2026-08-24T14:17:02.090+0000] {dag.py:3954} INFO - Setting next_dagrun for example_sla_dag to 2026-08-24 14:14:00+00:00, run_after=2026-08-24 14:16:00+00:00
[2026-08-24T14:17:02.121+0000] {processor.py:183} INFO - Processing /home/airflow/.local/lib/python3.12/site-packages/airflow/example_dags/example_sla_dag.py took 0.132 seconds
[2026-08-24T14:17:33.015+0000] {processor.py:161} INFO - Started process (PID=593) to work on /home/airflow/.local/lib/python3.12/site-packages/airflow/example_dags/example_sla_dag.py
[2026-08-24T14:17:33.016+0000] {processor.py:830} INFO - Processing file /home/airflow/.local/lib/python3.12/site-packages/airflow/example_dags/example_sla_dag.py for tasks to queue
[2026-08-24T14:17:33.019+0000] {logging_mixin.py:188} INFO - [2026-08-24T14:17:33.019+0000] {dagbag.py:545} INFO - Filling up the DagBag from /home/airflow/.local/lib/python3.12/site-packages/airflow/example_dags/example_sla_dag.py
[2026-08-24T14:17:33.030+0000] {processor.py:840} INFO - DAG(s) 'example_sla_dag' retrieved from /home/airflow/.local/lib/python3.12/site-packages/airflow/example_dags/example_sla_dag.py
[2026-08-24T14:17:33.060+0000] {logging_mixin.py:188} INFO - [2026-08-24T14:17:33.060+0000] {dag.py:3096} INFO - Sync 1 DAGs
[2026-08-24T14:17:33.091+0000] {logging_mixin.py:188} INFO - [2026-08-24T14:17:33.091+0000] {dag.py:3954} INFO - Setting next_dagrun for example_sla_dag to 2026-08-24 14:14:00+00:00, run_after=2026-08-24 14:16:00+00:00
[2026-08-24T14:17:33.117+0000] {processor.py:183} INFO - Processing /home/airflow/.local/lib/python3.12/site-packages/airflow/example_dags/example_sla_dag.py took 0.110 seconds
[2026-08-24T14:18:03.825+0000] {processor.py:161} INFO - Started process (PID=652) to work on /home/airflow/.local/lib/python3.12/site-packages/airflow/example_dags/example_sla_dag.py
[2026-08-24T14:18:03.826+0000] {processor.py:830} INFO - Processing file /home/airflow/.local/lib/python3.12/site-packages/airflow/example_dags/example_sla_dag.py for tasks to queue
[2026-08-24T14:18:03.828+0000] {logging_mixin.py:188} INFO - [2026-08-24T14:18:03.828+0000] {dagbag.py:545} INFO - Filling up the DagBag from /home/airflow/.local/lib/python3.12/site-packages/airflow/example_dags/example_sla_dag.py
[2026-08-24T14:18:03.839+0000] {processor.py:840} INFO - DAG(s) 'example_sla_dag' retrieved from /home/airflow/.local/lib/python3.12/site-packages/airflow/example_dags/example_sla_dag.py
[2026-08-24T14:18:03.865+0000] {logging_mixin.py:188} INFO - [2026-08-24T14:18:03.865+0000] {dag.py:3096} INFO - Sync 1 DAGs
[2026-08-24T14:18:03.901+0000] {logging_mixin.py:188} INFO - [2026-08-24T14:18:03.901+0000] {dag.py:3954} INFO - Setting next_dagrun for example_sla_dag to 2026-08-24 14:16:00+00:00, run_after=2026-08-24 14:18:00+00:00
[2026-08-24T14:18:03.927+0000] {processor.py:183} INFO - Processing /home/airflow/.local/lib/python3.12/site-packages/airflow/example_dags/example_sla_dag.py took 0.112 seconds
[2026-08-24T14:18:34.011+0000] {processor.py:161} INFO - Started process (PID=712) to work on /home/airflow/.local/lib/python3.12/site-packages/airflow/example_dags/example_sla_dag.py
[2026-08-24T14:18:34.013+0000] {processor.py:830} INFO - Processing file /home/airflow/.local/lib/python3.12/site-packages/airflow/example_dags/example_sla_dag.py for tasks to queue
[2026-08-24T14:18:34.016+0000] {logging_mixin.py:188} INFO - [2026-08-24T14:18:34.015+0000] {dagbag.py:545} INFO - Filling up the DagBag from /home/airflow/.local/lib/python3.12/site-packages/airflow/example_dags/example_sla_dag.py
[2026-08-24T14:18:34.027+0000] {processor.py:840} INFO - DAG(s) 'example_sla_dag' retrieved from /home/airflow/.local/lib/python3.12/site-packages/airflow/example_dags/example_sla_dag.py
[2026-08-24T14:18:34.051+0000] {logging_mixin.py:188} INFO - [2026-08-24T14:18:34.051+0000] {dag.py:3096} INFO - Sync 1 DAGs
[2026-08-24T14:18:34.080+0000] {logging_mixin.py:188} INFO - [2026-08-24T14:18:34.080+0000] {dag.py:3954} INFO - Setting next_dagrun for example_sla_dag to 2026-08-24 14:16:00+00:00, run_after=2026-08-24 14:18:00+00:00
[2026-08-24T14:18:34.107+0000] {processor.py:183} INFO - Processing /home/airflow/.local/lib/python3.12/site-packages/airflow/example_dags/example_sla_dag.py took 0.104 seconds
[2026-08-24T14:19:05.017+0000] {processor.py:161} INFO - Started process (PID=772) to work on /home/airflow/.local/lib/python3.12/site-packages/airflow/example_dags/example_sla_dag.py
[2026-08-24T14:19:05.018+0000] {processor.py:830} INFO - Processing file /home/airflow/.local/lib/python3.12/site-packages/airflow/example_dags/example_sla_dag.py for tasks to queue
[2026-08-24T14:19:05.021+0000] {logging_mixin.py:188} INFO - [2026-08-24T14:19:05.020+0000] {dagbag.py:545} INFO - Filling up the DagBag from /home/airflow/.local/lib/python3.12/site-packages/airflow/example_dags/example_sla_dag.py
[2026-08-24T14:19:05.031+0000] {processor.py:840} INFO - DAG(s) 'example_sla_dag' retrieved from /home/airflow/.local/lib/python3.12/site-packages/airflow/example_dags/example_sla_dag.py
[2026-08-24T14:19:05.055+0000] {logging_mixin.py:188} INFO - [2026-08-24T14:19:05.055+0000] {dag.py:3096} INFO - Sync 1 DAGs
[2026-08-24T14:19:05.085+0000] {logging_mixin.py:188} INFO - [2026-08-24T14:19:05.085+0000] {dag.py:3954} INFO - Setting next_dagrun for example_sla_dag to 2026-08-24 14:16:00+00:00, run_after=2026-08-24 14:18:00+00:00
[2026-08-24T14:19:05.109+0000] {processor.py:183} INFO - Processing /home/airflow/.local/lib/python3.12/site-packages/airflow/example_dags/example_sla_dag.py took 0.100 seconds
[2026-08-24T14:19:37.253+0000] {processor.py:161} INFO - Started process (PID=838) to work on /home/airflow/.local/lib/python3.12/site-packages/airflow/example_dags/example_sla_dag.py
[2026-08-24T14:19:37.255+0000] {processor.py:830} INFO - Processing file /home/airflow/.local/lib/python3.12/site-packages/airflow/example_dags/example_sla_dag.py for tasks to queue
[2026-08-24T14:19:37.258+0000] {logging_mixin.py:188} INFO - [2026-08-24T14:19:37.258+0000] {dagbag.py:545} INFO - Filling up the DagBag from /home/airflow/.local/lib/python3.12/site-packages/airflow/example_dags/example_sla_dag.py
[2026-08-24T14:19:37.272+0000] {processor.py:840} INFO - DAG(s) 'example_sla_dag' retrieved from /home/airflow/.local/lib/python3.12/site-packages/airflow/example_dags/example_sla_dag.py
[2026-08-24T14:19:37.301+0000] {logging_mixin.py:188} INFO - [2026-08-24T14:19:37.301+0000] {dag.py:3096} INFO - Sync 1 DAGs
[2026-08-24T14:19:37.341+0000] {logging_mixin.py:188} INFO - [2026-08-24T14:19:37.340+0000] {dag.py:3954} INFO - Setting next_dagrun for example_sla_dag to 2026-08-24 14:16:00+00:00, run_after=2026-08-24 14:18:00+00:00
[2026-08-24T14:19:37.376+0000] {processor.py:183} INFO - Processing /home/airflow/.local/lib/python3.12/site-packages/airflow/example_dags/example_sla_dag.py took 0.137 seconds
[2026-08-24T14:20:07.911+0000] {processor.py:161} INFO - Started process (PID=897) to work on /home/airflow/.local/lib/python3.12/site-packages/airflow/example_dags/example_sla_dag.py
[2026-08-24T14:20:07.913+0000] {processor.py:830} INFO - Processing file /home/airflow/.local/lib/python3.12/site-packages/airflow/example_dags/example_sla_dag.py for tasks to queue
[2026-08-24T14:20:07.918+0000] {logging_mixin.py:188} INFO - [2026-08-24T14:20:07.917+0000] {dagbag.py:545} INFO - Filling up the DagBag from /home/airflow/.local/lib/python3.12/site-packages/airflow/example_dags/example_sla_dag.py
[2026-08-24T14:20:07.937+0000] {processor.py:840} INFO - DAG(s) 'example_sla_dag' retrieved from /home/airflow/.local/lib/python3.12/site-packages/airflow/example_dags/example_sla_dag.py
[2026-08-24T14:20:07.995+0000] {logging_mixin.py:188} INFO - [2026-08-24T14:20:07.995+0000] {dag.py:3096} INFO - Sync 1 DAGs
[2026-08-24T14:20:08.054+0000] {logging_mixin.py:188} INFO - [2026-08-24T14:20:08.054+0000] {dag.py:3954} INFO - Setting next_dagrun for example_sla_dag to 2026-08-24 14:18:00+00:00, run_after=2026-08-24 14:20:00+00:00
[2026-08-24T14:20:08.089+0000] {processor.py:183} INFO - Processing /home/airflow/.local/lib/python3.12/site-packages/airflow/example_dags/example_sla_dag.py took 0.194 seconds
[2026-08-24T14:22:19.215+0000] {processor.py:161} INFO - Started process (PID=121) to work on /home/airflow/.local/lib/python3.12/site-packages/airflow/example_dags/example_sla_dag.py
[2026-08-24T14:22:19.216+0000] {processor.py:830} INFO - Processing file /home/airflow/.local/lib/python3.12/site-packages/airflow/example_dags/example_sla_dag.py for tasks to queue
[2026-08-24T14:22:19.219+0000] {logging_mixin.py:188} INFO - [2026-08-24T14:22:19.218+0000] {dagbag.py:545} INFO - Filling up the DagBag from /home/airflow/.local/lib/python3.12/site-packages/airflow/example_dags/example_sla_dag.py
[2026-08-24T14:22:19.233+0000] {processor.py:840} INFO - DAG(s) 'example_sla_dag' retrieved from /home/airflow/.local/lib/python3.12/site-packages/airflow/example_dags/example_sla_dag.py
[2026-08-24T14:22:19.406+0000] {logging_mixin.py:188} INFO - [2026-08-24T14:22:19.405+0000] {dag.py:3096} INFO - Sync 1 DAGs
[2026-08-24T14:22:19.557+0000] {logging_mixin.py:188} INFO - [2026-08-24T14:22:19.557+0000] {dag.py:3954} INFO - Setting next_dagrun for example_sla_dag to 2026-08-24 14:20:00+00:00, run_after=2026-08-24 14:22:00+00:00
[2026-08-24T14:22:19.593+0000] {processor.py:183} INFO - Processing /home/airflow/.local/lib/python3.12/site-packages/airflow/example_dags/example_sla_dag.py took 0.386 seconds
[2026-08-24T14:23:01.997+0000] {processor.py:161} INFO - Started process (PID=100) to work on /home/airflow/.local/lib/python3.12/site-packages/airflow/example_dags/example_sla_dag.py
[2026-08-24T14:23:01.998+0000] {processor.py:830} INFO - Processing file /home/airflow/.local/lib/python3.12/site-packages/airflow/example_dags/example_sla_dag.py for tasks to queue
[2026-08-24T14:23:02.001+0000] {logging_mixin.py:188} INFO - [2026-08-24T14:23:02.000+0000] {dagbag.py:545} INFO - Filling up the DagBag from /home/airflow/.local/lib/python3.12/site-packages/airflow/example_dags/example_sla_dag.py
[2026-08-24T14:23:02.012+0000] {processor.py:840} INFO - DAG(s) 'example_sla_dag' retrieved from /home/airflow/.local/lib/python3.12/site-packages/airflow/example_dags/example_sla_dag.py
[2026-08-24T14:23:02.040+0000] {logging_mixin.py:188} INFO - [2026-08-24T14:23:02.040+0000] {dag.py:3096} INFO - Sync 1 DAGs
[2026-08-24T14:23:02.071+0000] {logging_mixin.py:188} INFO - [2026-08-24T14:23:02.071+0000] {dag.py:3954} INFO - Setting next_dagrun for example_sla_dag to 2026-08-24 14:20:00+00:00, run_after=2026-08-24 14:22:00+00:00
[2026-08-24T14:23:02.095+0000] {processor.py:183} INFO - Processing /home/airflow/.local/lib/python3.12/site-packages/airflow/example_dags/example_sla_dag.py took 0.105 seconds
[2026-08-24T14:23:33.062+0000] {processor.py:161} INFO - Started process (PID=166) to work on /home/airflow/.local/lib/python3.12/site-packages/airflow/example_dags/example_sla_dag.py
[2026-08-24T14:23:33.065+0000] {processor.py:830} INFO - Processing file /home/airflow/.local/lib/python3.12/site-packages/airflow/example_dags/example_sla_dag.py for tasks to queue
[2026-08-24T14:23:33.071+0000] {logging_mixin.py:188} INFO - [2026-08-24T14:23:33.070+0000] {dagbag.py:545} INFO - Filling up the DagBag from /home/airflow/.local/lib/python3.12/site-packages/airflow/example_dags/example_sla_dag.py
[2026-08-24T14:23:33.102+0000] {processor.py:840} INFO - DAG(s) 'example_sla_dag' retrieved from /home/airflow/.local/lib/python3.12/site-packages/airflow/example_dags/example_sla_dag.py
[2026-08-24T14:23:33.155+0000] {logging_mixin.py:188} INFO - [2026-08-24T14:23:33.154+0000] {dag.py:3096} INFO - Sync 1 DAGs
[2026-08-24T14:23:33.217+0000] {logging_mixin.py:188} INFO - [2026-08-24T14:23:33.216+0000] {dag.py:3954} INFO - Setting next_dagrun for example_sla_dag to 2026-08-24 14:20:00+00:00, run_after=2026-08-24 14:22:00+00:00
[2026-08-24T14:23:33.273+0000] {processor.py:183} INFO - Processing /home/airflow/.local/lib/python3.12/site-packages/airflow/example_dags/example_sla_dag.py took 0.225 seconds
[2026-08-24T14:24:05.162+0000] {processor.py:161} INFO - Started process (PID=226) to work on /home/airflow/.local/lib/python3.12/site-packages/airflow/example_dags/example_sla_dag.py
[2026-08-24T14:24:05.164+0000] {processor.py:830} INFO - Processing file /home/airflow/.local/lib/python3.12/site-packages/airflow/example_dags/example_sla_dag.py for tasks to queue
[2026-08-24T14:24:05.166+0000] {logging_mixin.py:188} INFO - [2026-08-24T14:24:05.166+0000] {dagbag.py:545} INFO - Filling up the DagBag from /home/airflow/.local/lib/python3.12/site-packages/airflow/example_dags/example_sla_dag.py
[2026-08-24T14:24:05.179+0000] {processor.py:840} INFO - DAG(s) 'example_sla_dag' retrieved from /home/airflow/.local/lib/python3.12/site-packages/airflow/example_dags/example_sla_dag.py
[2026-08-24T14:24:05.206+0000] {logging_mixin.py:188} INFO - [2026-08-24T14:24:05.206+0000] {dag.py:3096} INFO - Sync 1 DAGs
[2026-08-24T14:24:05.243+0000] {logging_mixin.py:188} INFO - [2026-08-24T14:24:05.243+0000] {dag.py:3954} INFO - Setting next_dagrun for example_sla_dag to 2026-08-24 14:22:00+00:00, run_after=2026-08-24 14:24:00+00:00
[2026-08-24T14:24:05.271+0000] {processor.py:183} INFO - Processing /home/airflow/.local/lib/python3.12/site-packages/airflow/example_dags/example_sla_dag.py took 0.116 seconds
[2026-08-24T14:24:36.140+0000] {processor.py:161} INFO - Started process (PID=286) to work on /home/airflow/.local/lib/python3.12/site-packages/airflow/example_dags/example_sla_dag.py
[2026-08-24T14:24:36.142+0000] {processor.py:830} INFO - Processing file /home/airflow/.local/lib/python3.12/site-packages/airflow/example_dags/example_sla_dag.py for tasks to queue
[2026-08-24T14:24:36.145+0000] {logging_mixin.py:188} INFO - [2026-08-24T14:24:36.145+0000] {dagbag.py:545} INFO - Filling up the DagBag from /home/airflow/.local/lib/python3.12/site-packages/airflow/example_dags/example_sla_dag.py
[2026-08-24T14:24:36.156+0000] {processor.py:840} INFO - DAG(s) 'example_sla_dag' retrieved from /home/airflow/.local/lib/python3.12/site-packages/airflow/example_dags/example_sla_dag.py
[2026-08-24T14:24:36.180+0000] {logging_mixin.py:188} INFO - [2026-08-24T14:24:36.179+0000] {dag.py:3096} INFO - Sync 1 DAGs
[2026-08-24T14:24:36.209+0000] {logging_mixin.py:188} INFO - [2026-08-24T14:24:36.209+0000] {dag.py:3954} INFO - Setting next_dagrun for example_sla_dag to 2026-08-24 14:22:00+00:00, run_after=2026-08-24 14:24:00+00:00
[2026-08-24T14:24:36.232+0000] {processor.py:183} INFO - Processing /home/airflow/.local/lib/python3.12/site-packages/airflow/example_dags/example_sla_dag.py took 0.100 seconds
[2026-08-24T14:25:07.077+0000] {processor.py:161} INFO - Started process (PID=346) to work on /home/airflow/.local/lib/python3.12/site-packages/airflow/example_dags/example_sla_dag.py
[2026-08-24T14:25:07.079+0000] {processor.py:830} INFO - Processing file /home/airflow/.local/lib/python3.12/site-packages/airflow/example_dags/example_sla_dag.py for tasks to queue
[2026-08-24T14:25:07.082+0000] {logging_mixin.py:188} INFO - [2026-08-24T14:25:07.081+0000] {dagbag.py:545} INFO - Filling up the DagBag from /home/airflow/.local/lib/python3.12/site-packages/airflow/example_dags/example_sla_dag.py
[2026-08-24T14:25:07.096+0000] {processor.py:840} INFO - DAG(s) 'example_sla_dag' retrieved from /home/airflow/.local/lib/python3.12/site-packages/airflow/example_dags/example_sla_dag.py
[2026-08-24T14:25:07.120+0000] {logging_mixin.py:188} INFO - [2026-08-24T14:25:07.120+0000] {dag.py:3096} INFO - Sync 1 DAGs
[2026-08-24T14:25:07.155+0000] {logging_mixin.py:188} INFO - [2026-08-24T14:25:07.154+0000] {dag.py:3954} INFO - Setting next_dagrun for example_sla_dag to 2026-08-24 14:22:00+00:00, run_after=2026-08-24 14:24:00+00:00
[2026-08-24T14:25:07.178+0000] {processor.py:183} INFO - Processing /home/airflow/.local/lib/python3.12/site-packages/airflow/example_dags/example_sla_dag.py took 0.109 seconds
[2026-08-24T14:25:38.100+0000] {processor.py:161} INFO - Started process (PID=406) to work on /home/airflow/.local/lib/python3.12/site-packages/airflow/example_dags/example_sla_dag.py
[2026-08-24T14:25:38.102+0000] {processor.py:830} INFO - Processing file /home/airflow/.local/lib/python3.12/site-packages/airflow/example_dags/example_sla_dag.py for tasks to queue
[2026-08-24T14:25:38.104+0000] {logging_mixin.py:188} INFO - [2026-08-24T14:25:38.104+0000] {dagbag.py:545} INFO - Filling up the DagBag from /home/airflow/.local/lib/python3.12/site-packages/airflow/example_dags/example_sla_dag.py
[2026-08-24T14:25:38.115+0000] {processor.py:840} INFO - DAG(s) 'example_sla_dag' retrieved from /home/airflow/.local/lib/python3.12/site-packages/airflow/example_dags/example_sla_dag.py
[2026-08-24T14:25:38.140+0000] {logging_mixin.py:188} INFO - [2026-08-24T14:25:38.140+0000] {dag.py:3096} INFO - Sync 1 DAGs
[2026-08-24T14:25:38.170+0000] {logging_mixin.py:188} INFO - [2026-08-24T14:25:38.170+0000] {dag.py:3954} INFO - Setting next_dagrun for example_sla_dag to 2026-08-24 14:22:00+00:00, run_after=2026-08-24 14:24:00+00:00
[2026-08-24T14:25:38.199+0000] {processor.py:183} INFO - Processing /home/airflow/.local/lib/python3.12/site-packages/airflow/example_dags/example_sla_dag.py took 0.106 seconds
[2026-08-24T14:26:09.256+0000] {processor.py:161} INFO - Started process (PID=466) to work on /home/airflow/.local/lib/python3.12/site-packages/airflow/example_dags/example_sla_dag.py
[2026-08-24T14:26:09.257+0000] {processor.py:830} INFO - Processing file /home/airflow/.local/lib/python3.12/site-packages/airflow/example_dags/example_sla_dag.py for tasks to queue
[2026-08-24T14:26:09.259+0000] {logging_mixin.py:188} INFO - [2026-08-24T14:26:09.259+0000] {dagbag.py:545} INFO - Filling up the DagBag from /home/airflow/.local/lib/python3.12/site-packages/airflow/example_dags/example_sla_dag.py
[2026-08-24T14:26:09.270+0000] {processor.py:840} INFO - DAG(s) 'example_sla_dag' retrieved from /home/airflow/.local/lib/python3.12/site-packages/airflow/example_dags/example_sla_dag.py
[2026-08-24T14:26:09.293+0000] {logging_mixin.py:188} INFO - [2026-08-24T14:26:09.293+0000] {dag.py:3096} INFO - Sync 1 DAGs
[2026-08-24T14:26:09.323+0000] {logging_mixin.py:188} INFO - [2026-08-24T14:26:09.322+0000] {dag.py:3954} INFO - Setting next_dagrun for example_sla_dag to 2026-08-24 14:24:00+00:00, run_after=2026-08-24 14:26:00+00:00
[2026-08-24T14:26:09.348+0000] {processor.py:183} INFO - Processing /home/airflow/.local/lib/python3.12/site-packages/airflow/example_dags/example_sla_dag.py took 0.099 seconds
[2026-08-24T14:26:39.988+0000] {processor.py:161} INFO - Started process (PID=526) to work on /home/airflow/.local/lib/python3.12/site-packages/airflow/example_dags/example_sla_dag.py
[2026-08-24T14:26:39.990+0000] {processor.py:830} INFO - Processing file /home/airflow/.local/lib/python3.12/site-packages/airflow/example_dags/example_sla_dag.py for tasks to queue
[2026-08-24T14:26:39.992+0000] {logging_mixin.py:188} INFO - [2026-08-24T14:26:39.991+0000] {dagbag.py:545} INFO - Filling up the DagBag from /home/airflow/.local/lib/python3.12/site-packages/airflow/example_dags/example_sla_dag.py
[2026-08-24T14:26:40.003+0000] {processor.py:840} INFO - DAG(s) 'example_sla_dag' retrieved from /home/airflow/.local/lib/python3.12/site-packages/airflow/example_dags/example_sla_dag.py
[2026-08-24T14:26:40.028+0000] {logging_mixin.py:188} INFO - [2026-08-24T14:26:40.028+0000] {dag.py:3096} INFO - Sync 1 DAGs
[2026-08-24T14:26:40.061+0000] {logging_mixin.py:188} INFO - [2026-08-24T14:26:40.060+0000] {dag.py:3954} INFO - Setting next_dagrun for example_sla_dag to 2026-08-24 14:24:00+00:00, run_after=2026-08-24 14:26:00+00:00
[2026-08-24T14:26:40.087+0000] {processor.py:183} INFO - Processing /home/airflow/.local/lib/python3.12/site-packages/airflow/example_dags/example_sla_dag.py took 0.107 seconds
[2026-08-24T14:27:10.299+0000] {processor.py:161} INFO - Started process (PID=585) to work on /home/airflow/.local/lib/python3.12/site-packages/airflow/example_dags/example_sla_dag.py
[2026-08-24T14:27:10.300+0000] {processor.py:830} INFO - Processing file /home/airflow/.local/lib/python3.12/site-packages/airflow/example_dags/example_sla_dag.py for tasks to queue
[2026-08-24T14:27:10.303+0000] {logging_mixin.py:188} INFO - [2026-08-24T14:27:10.302+0000] {dagbag.py:545} INFO - Filling up the DagBag from /home/airflow/.local/lib/python3.12/site-packages/airflow/example_dags/example_sla_dag.py
[2026-08-24T14:27:10.314+0000] {processor.py:840} INFO - DAG(s) 'example_sla_dag' retrieved from /home/airflow/.local/lib/python3.12/site-packages/airflow/example_dags/example_sla_dag.py
[2026-08-24T14:27:10.339+0000] {logging_mixin.py:188} INFO - [2026-08-24T14:27:10.339+0000] {dag.py:3096} INFO - Sync 1 DAGs
[2026-08-24T14:27:10.376+0000] {logging_mixin.py:188} INFO - [2026-08-24T14:27:10.376+0000] {dag.py:3954} INFO - Setting next_dagrun for example_sla_dag to 2026-08-24 14:24:00+00:00, run_after=2026-08-24 14:26:00+00:00
[2026-08-24T14:27:10.397+0000] {processor.py:183} INFO - Processing /home/airflow/.local/lib/python3.12/site-packages/airflow/example_dags/example_sla_dag.py took 0.106 seconds
[2026-08-24T14:27:40.566+0000] {processor.py:161} INFO - Started process (PID=644) to work on /home/airflow/.local/lib/python3.12/site-packages/airflow/example_dags/example_sla_dag.py
[2026-08-24T14:27:40.568+0000] {processor.py:830} INFO - Processing file /home/airflow/.local/lib/python3.12/site-packages/airflow/example_dags/example_sla_dag.py for tasks to queue
[2026-08-24T14:27:40.571+0000] {logging_mixin.py:188} INFO - [2026-08-24T14:27:40.570+0000] {dagbag.py:545} INFO - Filling up the DagBag from /home/airflow/.local/lib/python3.12/site-packages/airflow/example_dags/example_sla_dag.py
[2026-08-24T14:27:40.583+0000] {processor.py:840} INFO - DAG(s) 'example_sla_dag' retrieved from /home/airflow/.local/lib/python3.12/site-packages/airflow/example_dags/example_sla_dag.py
[2026-08-24T14:27:40.608+0000] {logging_mixin.py:188} INFO - [2026-08-24T14:27:40.608+0000] {dag.py:3096} INFO - Sync 1 DAGs
[2026-08-24T14:27:40.645+0000] {logging_mixin.py:188} INFO - [2026-08-24T14:27:40.644+0000] {dag.py:3954} INFO - Setting next_dagrun for example_sla_dag to 2026-08-24 14:24:00+00:00, run_after=2026-08-24 14:26:00+00:00
[2026-08-24T14:27:40.673+0000] {processor.py:183} INFO - Processing /home/airflow/.local/lib/python3.12/site-packages/airflow/example_dags/example_sla_dag.py took 0.116 seconds
[2026-08-24T14:28:10.823+0000] {processor.py:161} INFO - Started process (PID=705) to work on /home/airflow/.local/lib/python3.12/site-packages/airflow/example_dags/example_sla_dag.py
[2026-08-24T14:28:10.824+0000] {processor.py:830} INFO - Processing file /home/airflow/.local/lib/python3.12/site-packages/airflow/example_dags/example_sla_dag.py for tasks to queue
[2026-08-24T14:28:10.827+0000] {logging_mixin.py:188} INFO - [2026-08-24T14:28:10.826+0000] {dagbag.py:545} INFO - Filling up the DagBag from /home/airflow/.local/lib/python3.12/site-packages/airflow/example_dags/example_sla_dag.py
[2026-08-24T14:28:10.837+0000] {processor.py:840} INFO - DAG(s) 'example_sla_dag' retrieved from /home/airflow/.local/lib/python3.12/site-packages/airflow/example_dags/example_sla_dag.py
[2026-08-24T14:28:10.860+0000] {logging_mixin.py:188} INFO - [2026-08-24T14:28:10.860+0000] {dag.py:3096} INFO - Sync 1 DAGs
[2026-08-24T14:28:10.889+0000] {logging_mixin.py:188} INFO - [2026-08-24T14:28:10.889+0000] {dag.py:3954} INFO - Setting next_dagrun for example_sla_dag to 2026-08-24 14:26:00+00:00, run_after=2026-08-24 14:28:00+00:00
[2026-08-24T14:28:10.911+0000] {processor.py:183} INFO - Processing /home/airflow/.local/lib/python3.12/site-packages/airflow/example_dags/example_sla_dag.py took 0.096 seconds
[2026-08-24T14:28:41.429+0000] {processor.py:161} INFO - Started process (PID=764) to work on /home/airflow/.local/lib/python3.12/site-packages/airflow/example_dags/example_sla_dag.py
[2026-08-24T14:28:41.432+0000] {processor.py:830} INFO - Processing file /home/airflow/.local/lib/python3.12/site-packages/airflow/example_dags/example_sla_dag.py for tasks to queue
[2026-08-24T14:28:41.434+0000] {logging_mixin.py:188} INFO - [2026-08-24T14:28:41.434+0000] {dagbag.py:545} INFO - Filling up the DagBag from /home/airflow/.local/lib/python3.12/site-packages/airflow/example_dags/example_sla_dag.py
[2026-08-24T14:28:41.445+0000] {processor.py:840} INFO - DAG(s) 'example_sla_dag' retrieved from /home/airflow/.local/lib/python3.12/site-packages/airflow/example_dags/example_sla_dag.py
[2026-08-24T14:28:41.468+0000] {logging_mixin.py:188} INFO - [2026-08-24T14:28:41.468+0000] {dag.py:3096} INFO - Sync 1 DAGs
[2026-08-24T14:28:41.499+0000] {logging_mixin.py:188} INFO - [2026-08-24T14:28:41.499+0000] {dag.py:3954} INFO - Setting next_dagrun for example_sla_dag to 2026-08-24 14:26:00+00:00, run_after=2026-08-24 14:28:00+00:00
[2026-08-24T14:28:41.527+0000] {processor.py:183} INFO - Processing /home/airflow/.local/lib/python3.12/site-packages/airflow/example_dags/example_sla_dag.py took 0.104 seconds
[2026-08-24T14:29:12.421+0000] {processor.py:161} INFO - Started process (PID=824) to work on /home/airflow/.local/lib/python3.12/site-packages/airflow/example_dags/example_sla_dag.py
[2026-08-24T14:29:12.422+0000] {processor.py:830} INFO - Processing file /home/airflow/.local/lib/python3.12/site-packages/airflow/example_dags/example_sla_dag.py for tasks to queue
[2026-08-24T14:29:12.425+0000] {logging_mixin.py:188} INFO - [2026-08-24T14:29:12.424+0000] {dagbag.py:545} INFO - Filling up the DagBag from /home/airflow/.local/lib/python3.12/site-packages/airflow/example_dags/example_sla_dag.py
[2026-08-24T14:29:12.440+0000] {processor.py:840} INFO - DAG(s) 'example_sla_dag' retrieved from /home/airflow/.local/lib/python3.12/site-packages/airflow/example_dags/example_sla_dag.py
[2026-08-24T14:29:12.481+0000] {logging_mixin.py:188} INFO - [2026-08-24T14:29:12.480+0000] {dag.py:3096} INFO - Sync 1 DAGs
[2026-08-24T14:29:12.542+0000] {logging_mixin.py:188} INFO - [2026-08-24T14:29:12.541+0000] {dag.py:3954} INFO - Setting next_dagrun for example_sla_dag to 2026-08-24 14:26:00+00:00, run_after=2026-08-24 14:28:00+00:00
[2026-08-24T14:29:12.580+0000] {processor.py:183} INFO - Processing /home/airflow/.local/lib/python3.12/site-packages/airflow/example_dags/example_sla_dag.py took 0.166 seconds
[2026-08-24T14:29:42.685+0000] {processor.py:161} INFO - Started process (PID=885) to work on /home/airflow/.local/lib/python3.12/site-packages/airflow/example_dags/example_sla_dag.py
[2026-08-24T14:29:42.687+0000] {processor.py:830} INFO - Processing file /home/airflow/.local/lib/python3.12/site-packages/airflow/example_dags/example_sla_dag.py for tasks to queue
[2026-08-24T14:29:42.691+0000] {logging_mixin.py:188} INFO - [2026-08-24T14:29:42.690+0000] {dagbag.py:545} INFO - Filling up the DagBag from /home/airflow/.local/lib/python3.12/site-packages/airflow/example_dags/example_sla_dag.py
[2026-08-24T14:29:42.710+0000] {processor.py:840} INFO - DAG(s) 'example_sla_dag' retrieved from /home/airflow/.local/lib/python3.12/site-packages/airflow/example_dags/example_sla_dag.py
[2026-08-24T14:29:42.747+0000] {logging_mixin.py:188} INFO - [2026-08-24T14:29:42.747+0000] {dag.py:3096} INFO - Sync 1 DAGs
[2026-08-24T14:29:42.808+0000] {logging_mixin.py:188} INFO - [2026-08-24T14:29:42.808+0000] {dag.py:3954} INFO - Setting next_dagrun for example_sla_dag to 2026-08-24 14:26:00+00:00, run_after=2026-08-24 14:28:00+00:00
[2026-08-24T14:29:42.843+0000] {processor.py:183} INFO - Processing /home/airflow/.local/lib/python3.12/site-packages/airflow/example_dags/example_sla_dag.py took 0.170 seconds
[2026-08-24T14:30:13.816+0000] {processor.py:161} INFO - Started process (PID=945) to work on /home/airflow/.local/lib/python3.12/site-packages/airflow/example_dags/example_sla_dag.py
[2026-08-24T14:30:13.818+0000] {processor.py:830} INFO - Processing file /home/airflow/.local/lib/python3.12/site-packages/airflow/example_dags/example_sla_dag.py for tasks to queue
[2026-08-24T14:30:13.820+0000] {logging_mixin.py:188} INFO - [2026-08-24T14:30:13.820+0000] {dagbag.py:545} INFO - Filling up the DagBag from /home/airflow/.local/lib/python3.12/site-packages/airflow/example_dags/example_sla_dag.py
[2026-08-24T14:30:13.831+0000] {processor.py:840} INFO - DAG(s) 'example_sla_dag' retrieved from /home/airflow/.local/lib/python3.12/site-packages/airflow/example_dags/example_sla_dag.py
[2026-08-24T14:30:13.857+0000] {logging_mixin.py:188} INFO - [2026-08-24T14:30:13.857+0000] {dag.py:3096} INFO - Sync 1 DAGs
[2026-08-24T14:30:13.888+0000] {logging_mixin.py:188} INFO - [2026-08-24T14:30:13.888+0000] {dag.py:3954} INFO - Setting next_dagrun for example_sla_dag to 2026-08-24 14:28:00+00:00, run_after=2026-08-24 14:30:00+00:00
[2026-08-24T14:30:13.913+0000] {processor.py:183} INFO - Processing /home/airflow/.local/lib/python3.12/site-packages/airflow/example_dags/example_sla_dag.py took 0.105 seconds
[2026-08-24T14:30:44.499+0000] {processor.py:161} INFO - Started process (PID=1006) to work on /home/airflow/.local/lib/python3.12/site-packages/airflow/example_dags/example_sla_dag.py
[2026-08-24T14:30:44.500+0000] {processor.py:830} INFO - Processing file /home/airflow/.local/lib/python3.12/site-packages/airflow/example_dags/example_sla_dag.py for tasks to queue
[2026-08-24T14:30:44.502+0000] {logging_mixin.py:188} INFO - [2026-08-24T14:30:44.502+0000] {dagbag.py:545} INFO - Filling up the DagBag from /home/airflow/.local/lib/python3.12/site-packages/airflow/example_dags/example_sla_dag.py
[2026-08-24T14:30:44.513+0000] {processor.py:840} INFO - DAG(s) 'example_sla_dag' retrieved from /home/airflow/.local/lib/python3.12/site-packages/airflow/example_dags/example_sla_dag.py
[2026-08-24T14:30:44.536+0000] {logging_mixin.py:188} INFO - [2026-08-24T14:30:44.536+0000] {dag.py:3096} INFO - Sync 1 DAGs
[2026-08-24T14:30:44.566+0000] {logging_mixin.py:188} INFO - [2026-08-24T14:30:44.566+0000] {dag.py:3954} INFO - Setting next_dagrun for example_sla_dag to 2026-08-24 14:28:00+00:00, run_after=2026-08-24 14:30:00+00:00
[2026-08-24T14:30:44.590+0000] {processor.py:183} INFO - Processing /home/airflow/.local/lib/python3.12/site-packages/airflow/example_dags/example_sla_dag.py took 0.099 seconds
[2026-08-24T14:35:26.683+0000] {processor.py:161} INFO - Started process (PID=123) to work on /home/airflow/.local/lib/python3.12/site-packages/airflow/example_dags/example_sla_dag.py
[2026-08-24T14:35:26.685+0000] {processor.py:830} INFO - Processing file /home/airflow/.local/lib/python3.12/site-packages/airflow/example_dags/example_sla_dag.py for tasks to queue
[2026-08-24T14:35:26.689+0000] {logging_mixin.py:188} INFO - [2026-08-24T14:35:26.688+0000] {dagbag.py:545} INFO - Filling up the DagBag from /home/airflow/.local/lib/python3.12/site-packages/airflow/example_dags/example_sla_dag.py
[2026-08-24T14:35:26.706+0000] {processor.py:840} INFO - DAG(s) 'example_sla_dag' retrieved from /home/airflow/.local/lib/python3.12/site-packages/airflow/example_dags/example_sla_dag.py
[2026-08-24T14:35:26.878+0000] {logging_mixin.py:188} INFO - [2026-08-24T14:35:26.878+0000] {dag.py:3096} INFO - Sync 1 DAGs
[2026-08-24T14:35:26.917+0000] {logging_mixin.py:188} INFO - [2026-08-24T14:35:26.916+0000] {dag.py:3954} INFO - Setting next_dagrun for example_sla_dag to 2026-08-24 14:32:00+00:00, run_after=2026-08-24 14:34:00+00:00
[2026-08-24T14:35:26.949+0000] {processor.py:183} INFO - Processing /home/airflow/.local/lib/python3.12/site-packages/airflow/example_dags/example_sla_dag.py took 0.277 seconds
[2026-08-24T14:35:57.111+0000] {processor.py:161} INFO - Started process (PID=183) to work on /home/airflow/.local/lib/python3.12/site-packages/airflow/example_dags/example_sla_dag.py
[2026-08-24T14:35:57.112+0000] {processor.py:830} INFO - Processing file /home/airflow/.local/lib/python3.12/site-packages/airflow/example_dags/example_sla_dag.py for tasks to queue
[2026-08-24T14:35:57.114+0000] {logging_mixin.py:188} INFO - [2026-08-24T14:35:57.114+0000] {dagbag.py:545} INFO - Filling up the DagBag from /home/airflow/.local/lib/python3.12/site-packages/airflow/example_dags/example_sla_dag.py
[2026-08-24T14:35:57.125+0000] {processor.py:840} INFO - DAG(s) 'example_sla_dag' retrieved from /home/airflow/.local/lib/python3.12/site-packages/airflow/example_dags/example_sla_dag.py
[2026-08-24T14:35:57.149+0000] {logging_mixin.py:188} INFO - [2026-08-24T14:35:57.148+0000] {dag.py:3096} INFO - Sync 1 DAGs
[2026-08-24T14:35:57.189+0000] {logging_mixin.py:188} INFO - [2026-08-24T14:35:57.189+0000] {dag.py:3954} INFO - Setting next_dagrun for example_sla_dag to 2026-08-24 14:32:00+00:00, run_after=2026-08-24 14:34:00+00:00
[2026-08-24T14:35:57.224+0000] {processor.py:183} INFO - Processing /home/airflow/.local/lib/python3.12/site-packages/airflow/example_dags/example_sla_dag.py took 0.122 seconds
[2026-08-24T14:36:27.501+0000] {processor.py:161} INFO - Started process (PID=243) to work on /home/airflow/.local/lib/python3.12/site-packages/airflow/example_dags/example_sla_dag.py
[2026-08-24T14:36:27.503+0000] {processor.py:830} INFO - Processing file /home/airflow/.local/lib/python3.12/site-packages/airflow/example_dags/example_sla_dag.py for tasks to queue
[2026-08-24T14:36:27.506+0000] {logging_mixin.py:188} INFO - [2026-08-24T14:36:27.505+0000] {dagbag.py:545} INFO - Filling up the DagBag from /home/airflow/.local/lib/python3.12/site-packages/airflow/example_dags/example_sla_dag.py
[2026-08-24T14:36:27.517+0000] {processor.py:840} INFO - DAG(s) 'example_sla_dag' retrieved from /home/airflow/.local/lib/python3.12/site-packages/airflow/example_dags/example_sla_dag.py
[2026-08-24T14:36:27.540+0000] {logging_mixin.py:188} INFO - [2026-08-24T14:36:27.540+0000] {dag.py:3096} INFO - Sync 1 DAGs
[2026-08-24T14:36:27.576+0000] {logging_mixin.py:188} INFO - [2026-08-24T14:36:27.576+0000] {dag.py:3954} INFO - Setting next_dagrun for example_sla_dag to 2026-08-24 14:34:00+00:00, run_after=2026-08-24 14:36:00+00:00
[2026-08-24T14:36:27.599+0000] {processor.py:183} INFO - Processing /home/airflow/.local/lib/python3.12/site-packages/airflow/example_dags/example_sla_dag.py took 0.108 seconds
[2026-08-24T14:36:58.845+0000] {processor.py:161} INFO - Started process (PID=304) to work on /home/airflow/.local/lib/python3.12/site-packages/airflow/example_dags/example_sla_dag.py
[2026-08-24T14:36:58.847+0000] {processor.py:830} INFO - Processing file /home/airflow/.local/lib/python3.12/site-packages/airflow/example_dags/example_sla_dag.py for tasks to queue
[2026-08-24T14:36:58.850+0000] {logging_mixin.py:188} INFO - [2026-08-24T14:36:58.849+0000] {dagbag.py:545} INFO - Filling up the DagBag from /home/airflow/.local/lib/python3.12/site-packages/airflow/example_dags/example_sla_dag.py
[2026-08-24T14:36:58.861+0000] {processor.py:840} INFO - DAG(s) 'example_sla_dag' retrieved from /home/airflow/.local/lib/python3.12/site-packages/airflow/example_dags/example_sla_dag.py
[2026-08-24T14:36:58.886+0000] {logging_mixin.py:188} INFO - [2026-08-24T14:36:58.886+0000] {dag.py:3096} INFO - Sync 1 DAGs
[2026-08-24T14:36:58.918+0000] {logging_mixin.py:188} INFO - [2026-08-24T14:36:58.918+0000] {dag.py:3954} INFO - Setting next_dagrun for example_sla_dag to 2026-08-24 14:34:00+00:00, run_after=2026-08-24 14:36:00+00:00
[2026-08-24T14:36:58.941+0000] {processor.py:183} INFO - Processing /home/airflow/.local/lib/python3.12/site-packages/airflow/example_dags/example_sla_dag.py took 0.103 seconds
[2026-08-24T14:37:30.182+0000] {processor.py:161} INFO - Started process (PID=370) to work on /home/airflow/.local/lib/python3.12/site-packages/airflow/example_dags/example_sla_dag.py
[2026-08-24T14:37:30.183+0000] {processor.py:830} INFO - Processing file /home/airflow/.local/lib/python3.12/site-packages/airflow/example_dags/example_sla_dag.py for tasks to queue
[2026-08-24T14:37:30.185+0000] {logging_mixin.py:188} INFO - [2026-08-24T14:37:30.185+0000] {dagbag.py:545} INFO - Filling up the DagBag from /home/airflow/.local/lib/python3.12/site-packages/airflow/example_dags/example_sla_dag.py
[2026-08-24T14:37:30.197+0000] {processor.py:840} INFO - DAG(s) 'example_sla_dag' retrieved from /home/airflow/.local/lib/python3.12/site-packages/airflow/example_dags/example_sla_dag.py
[2026-08-24T14:37:30.228+0000] {logging_mixin.py:188} INFO - [2026-08-24T14:37:30.228+0000] {dag.py:3096} INFO - Sync 1 DAGs
[2026-08-24T14:37:30.266+0000] {logging_mixin.py:188} INFO - [2026-08-24T14:37:30.265+0000] {dag.py:3954} INFO - Setting next_dagrun for example_sla_dag to 2026-08-24 14:34:00+00:00, run_after=2026-08-24 14:36:00+00:00
[2026-08-24T14:37:30.298+0000] {processor.py:183} INFO - Processing /home/airflow/.local/lib/python3.12/site-packages/airflow/example_dags/example_sla_dag.py took 0.124 seconds
[2026-08-24T14:38:01.515+0000] {processor.py:161} INFO - Started process (PID=431) to work on /home/airflow/.local/lib/python3.12/site-packages/airflow/example_dags/example_sla_dag.py
[2026-08-24T14:38:01.517+0000] {processor.py:830} INFO - Processing file /home/airflow/.local/lib/python3.12/site-packages/airflow/example_dags/example_sla_dag.py for tasks to queue
[2026-08-24T14:38:01.519+0000] {logging_mixin.py:188} INFO - [2026-08-24T14:38:01.519+0000] {dagbag.py:545} INFO - Filling up the DagBag from /home/airflow/.local/lib/python3.12/site-packages/airflow/example_dags/example_sla_dag.py
[2026-08-24T14:38:01.534+0000] {processor.py:840} INFO - DAG(s) 'example_sla_dag' retrieved from /home/airflow/.local/lib/python3.12/site-packages/airflow/example_dags/example_sla_dag.py
[2026-08-24T14:38:01.562+0000] {logging_mixin.py:188} INFO - [2026-08-24T14:38:01.561+0000] {dag.py:3096} INFO - Sync 1 DAGs
[2026-08-24T14:38:01.598+0000] {logging_mixin.py:188} INFO - [2026-08-24T14:38:01.597+0000] {dag.py:3954} INFO - Setting next_dagrun for example_sla_dag to 2026-08-24 14:36:00+00:00, run_after=2026-08-24 14:38:00+00:00
[2026-08-24T14:38:01.626+0000] {processor.py:183} INFO - Processing /home/airflow/.local/lib/python3.12/site-packages/airflow/example_dags/example_sla_dag.py took 0.122 seconds
[2026-08-24T14:38:31.909+0000] {processor.py:161} INFO - Started process (PID=490) to work on /home/airflow/.local/lib/python3.12/site-packages/airflow/example_dags/example_sla_dag.py
[2026-08-24T14:38:31.910+0000] {processor.py:830} INFO - Processing file /home/airflow/.local/lib/python3.12/site-packages/airflow/example_dags/example_sla_dag.py for tasks to queue
[2026-08-24T14:38:31.913+0000] {logging_mixin.py:188} INFO - [2026-08-24T14:38:31.912+0000] {dagbag.py:545} INFO - Filling up the DagBag from /home/airflow/.local/lib/python3.12/site-packages/airflow/example_dags/example_sla_dag.py
[2026-08-24T14:38:31.928+0000] {processor.py:840} INFO - DAG(s) 'example_sla_dag' retrieved from /home/airflow/.local/lib/python3.12/site-packages/airflow/example_dags/example_sla_dag.py
[2026-08-24T14:38:31.973+0000] {logging_mixin.py:188} INFO - [2026-08-24T14:38:31.973+0000] {dag.py:3096} INFO - Sync 1 DAGs
[2026-08-24T14:38:32.037+0000] {logging_mixin.py:188} INFO - [2026-08-24T14:38:32.036+0000] {dag.py:3954} INFO - Setting next_dagrun for example_sla_dag to 2026-08-24 14:36:00+00:00, run_after=2026-08-24 14:38:00+00:00
[2026-08-24T14:38:32.082+0000] {processor.py:183} INFO - Processing /home/airflow/.local/lib/python3.12/site-packages/airflow/example_dags/example_sla_dag.py took 0.181 seconds
[2026-08-24T14:39:02.951+0000] {processor.py:161} INFO - Started process (PID=549) to work on /home/airflow/.local/lib/python3.12/site-packages/airflow/example_dags/example_sla_dag.py
[2026-08-24T14:39:02.952+0000] {processor.py:830} INFO - Processing file /home/airflow/.local/lib/python3.12/site-packages/airflow/example_dags/example_sla_dag.py for tasks to queue
[2026-08-24T14:39:02.954+0000] {logging_mixin.py:188} INFO - [2026-08-24T14:39:02.954+0000] {dagbag.py:545} INFO - Filling up the DagBag from /home/airflow/.local/lib/python3.12/site-packages/airflow/example_dags/example_sla_dag.py
[2026-08-24T14:39:02.965+0000] {processor.py:840} INFO - DAG(s) 'example_sla_dag' retrieved from /home/airflow/.local/lib/python3.12/site-packages/airflow/example_dags/example_sla_dag.py
[2026-08-24T14:39:02.989+0000] {logging_mixin.py:188} INFO - [2026-08-24T14:39:02.988+0000] {dag.py:3096} INFO - Sync 1 DAGs
[2026-08-24T14:39:03.018+0000] {logging_mixin.py:188} INFO - [2026-08-24T14:39:03.018+0000] {dag.py:3954} INFO - Setting next_dagrun for example_sla_dag to 2026-08-24 14:36:00+00:00, run_after=2026-08-24 14:38:00+00:00
[2026-08-24T14:39:03.043+0000] {processor.py:183} INFO - Processing /home/airflow/.local/lib/python3.12/site-packages/airflow/example_dags/example_sla_dag.py took 0.100 seconds
[2026-08-24T14:41:19.670+0000] {processor.py:161} INFO - Started process (PID=128) to work on /home/airflow/.local/lib/python3.12/site-packages/airflow/example_dags/example_sla_dag.py
[2026-08-24T14:41:19.672+0000] {processor.py:830} INFO - Processing file /home/airflow/.local/lib/python3.12/site-packages/airflow/example_dags/example_sla_dag.py for tasks to queue
[2026-08-24T14:41:19.675+0000] {logging_mixin.py:188} INFO - [2026-08-24T14:41:19.675+0000] {dagbag.py:545} INFO - Filling up the DagBag from /home/airflow/.local/lib/python3.12/site-packages/airflow/example_dags/example_sla_dag.py
[2026-08-24T14:41:19.690+0000] {processor.py:840} INFO - DAG(s) 'example_sla_dag' retrieved from /home/airflow/.local/lib/python3.12/site-packages/airflow/example_dags/example_sla_dag.py
[2026-08-24T14:41:19.861+0000] {logging_mixin.py:188} INFO - [2026-08-24T14:41:19.861+0000] {dag.py:3096} INFO - Sync 1 DAGs
[2026-08-24T14:41:19.888+0000] {logging_mixin.py:188} INFO - [2026-08-24T14:41:19.888+0000] {dag.py:3954} INFO - Setting next_dagrun for example_sla_dag to 2026-08-24 14:38:00+00:00, run_after=2026-08-24 14:40:00+00:00
[2026-08-24T14:41:19.917+0000] {processor.py:183} INFO - Processing /home/airflow/.local/lib/python3.12/site-packages/airflow/example_dags/example_sla_dag.py took 0.255 seconds
[2026-08-24T14:41:50.174+0000] {processor.py:161} INFO - Started process (PID=188) to work on /home/airflow/.local/lib/python3.12/site-packages/airflow/example_dags/example_sla_dag.py
[2026-08-24T14:41:50.175+0000] {processor.py:830} INFO - Processing file /home/airflow/.local/lib/python3.12/site-packages/airflow/example_dags/example_sla_dag.py for tasks to queue
[2026-08-24T14:41:50.177+0000] {logging_mixin.py:188} INFO - [2026-08-24T14:41:50.177+0000] {dagbag.py:545} INFO - Filling up the DagBag from /home/airflow/.local/lib/python3.12/site-packages/airflow/example_dags/example_sla_dag.py
[2026-08-24T14:41:50.188+0000] {processor.py:840} INFO - DAG(s) 'example_sla_dag' retrieved from /home/airflow/.local/lib/python3.12/site-packages/airflow/example_dags/example_sla_dag.py
[2026-08-24T14:41:50.211+0000] {logging_mixin.py:188} INFO - [2026-08-24T14:41:50.211+0000] {dag.py:3096} INFO - Sync 1 DAGs
[2026-08-24T14:41:50.241+0000] {logging_mixin.py:188} INFO - [2026-08-24T14:41:50.241+0000] {dag.py:3954} INFO - Setting next_dagrun for example_sla_dag to 2026-08-24 14:38:00+00:00, run_after=2026-08-24 14:40:00+00:00
[2026-08-24T14:41:50.262+0000] {processor.py:183} INFO - Processing /home/airflow/.local/lib/python3.12/site-packages/airflow/example_dags/example_sla_dag.py took 0.096 seconds
[2026-08-24T14:42:20.739+0000] {processor.py:161} INFO - Started process (PID=248) to work on /home/airflow/.local/lib/python3.12/site-packages/airflow/example_dags/example_sla_dag.py
[2026-08-24T14:42:20.740+0000] {processor.py:830} INFO - Processing file /home/airflow/.local/lib/python3.12/site-packages/airflow/example_dags/example_sla_dag.py for tasks to queue
[2026-08-24T14:42:20.744+0000] {logging_mixin.py:188} INFO - [2026-08-24T14:42:20.743+0000] {dagbag.py:545} INFO - Filling up the DagBag from /home/airflow/.local/lib/python3.12/site-packages/airflow/example_dags/example_sla_dag.py
[2026-08-24T14:42:20.758+0000] {processor.py:840} INFO - DAG(s) 'example_sla_dag' retrieved from /home/airflow/.local/lib/python3.12/site-packages/airflow/example_dags/example_sla_dag.py
[2026-08-24T14:42:20.797+0000] {logging_mixin.py:188} INFO - [2026-08-24T14:42:20.796+0000] {dag.py:3096} INFO - Sync 1 DAGs
[2026-08-24T14:42:20.850+0000] {logging_mixin.py:188} INFO - [2026-08-24T14:42:20.850+0000] {dag.py:3954} INFO - Setting next_dagrun for example_sla_dag to 2026-08-24 14:40:00+00:00, run_after=2026-08-24 14:42:00+00:00
[2026-08-24T14:42:20.892+0000] {processor.py:183} INFO - Processing /home/airflow/.local/lib/python3.12/site-packages/airflow/example_dags/example_sla_dag.py took 0.162 seconds
[2026-08-24T14:42:51.858+0000] {processor.py:161} INFO - Started process (PID=308) to work on /home/airflow/.local/lib/python3.12/site-packages/airflow/example_dags/example_sla_dag.py
[2026-08-24T14:42:51.859+0000] {processor.py:830} INFO - Processing file /home/airflow/.local/lib/python3.12/site-packages/airflow/example_dags/example_sla_dag.py for tasks to queue
[2026-08-24T14:42:51.862+0000] {logging_mixin.py:188} INFO - [2026-08-24T14:42:51.861+0000] {dagbag.py:545} INFO - Filling up the DagBag from /home/airflow/.local/lib/python3.12/site-packages/airflow/example_dags/example_sla_dag.py
[2026-08-24T14:42:51.876+0000] {processor.py:840} INFO - DAG(s) 'example_sla_dag' retrieved from /home/airflow/.local/lib/python3.12/site-packages/airflow/example_dags/example_sla_dag.py
[2026-08-24T14:42:51.899+0000] {logging_mixin.py:188} INFO - [2026-08-24T14:42:51.899+0000] {dag.py:3096} INFO - Sync 1 DAGs
[2026-08-24T14:42:51.928+0000] {logging_mixin.py:188} INFO - [2026-08-24T14:42:51.928+0000] {dag.py:3954} INFO - Setting next_dagrun for example_sla_dag to 2026-08-24 14:40:00+00:00, run_after=2026-08-24 14:42:00+00:00
[2026-08-24T14:42:51.951+0000] {processor.py:183} INFO - Processing /home/airflow/.local/lib/python3.12/site-packages/airflow/example_dags/example_sla_dag.py took 0.102 seconds
[2026-08-24T14:43:23.185+0000] {processor.py:161} INFO - Started process (PID=368) to work on /home/airflow/.local/lib/python3.12/site-packages/airflow/example_dags/example_sla_dag.py
[2026-08-24T14:43:23.187+0000] {processor.py:830} INFO - Processing file /home/airflow/.local/lib/python3.12/site-packages/airflow/example_dags/example_sla_dag.py for tasks to queue
[2026-08-24T14:43:23.189+0000] {logging_mixin.py:188} INFO - [2026-08-24T14:43:23.189+0000] {dagbag.py:545} INFO - Filling up the DagBag from /home/airflow/.local/lib/python3.12/site-packages/airflow/example_dags/example_sla_dag.py
[2026-08-24T14:43:23.199+0000] {processor.py:840} INFO - DAG(s) 'example_sla_dag' retrieved from /home/airflow/.local/lib/python3.12/site-packages/airflow/example_dags/example_sla_dag.py
[2026-08-24T14:43:23.224+0000] {logging_mixin.py:188} INFO - [2026-08-24T14:43:23.224+0000] {dag.py:3096} INFO - Sync 1 DAGs
[2026-08-24T14:43:23.255+0000] {logging_mixin.py:188} INFO - [2026-08-24T14:43:23.254+0000] {dag.py:3954} INFO - Setting next_dagrun for example_sla_dag to 2026-08-24 14:40:00+00:00, run_after=2026-08-24 14:42:00+00:00
[2026-08-24T14:43:23.277+0000] {processor.py:183} INFO - Processing /home/airflow/.local/lib/python3.12/site-packages/airflow/example_dags/example_sla_dag.py took 0.099 seconds
[2026-08-24T14:43:53.380+0000] {processor.py:161} INFO - Started process (PID=426) to work on /home/airflow/.local/lib/python3.12/site-packages/airflow/example_dags/example_sla_dag.py
[2026-08-24T14:43:53.381+0000] {processor.py:830} INFO - Processing file /home/airflow/.local/lib/python3.12/site-packages/airflow/example_dags/example_sla_dag.py for tasks to queue
[2026-08-24T14:43:53.384+0000] {logging_mixin.py:188} INFO - [2026-08-24T14:43:53.384+0000] {dagbag.py:545} INFO - Filling up the DagBag from /home/airflow/.local/lib/python3.12/site-packages/airflow/example_dags/example_sla_dag.py
[2026-08-24T14:43:53.396+0000] {processor.py:840} INFO - DAG(s) 'example_sla_dag' retrieved from /home/airflow/.local/lib/python3.12/site-packages/airflow/example_dags/example_sla_dag.py
[2026-08-24T14:43:53.419+0000] {logging_mixin.py:188} INFO - [2026-08-24T14:43:53.419+0000] {dag.py:3096} INFO - Sync 1 DAGs
[2026-08-24T14:43:53.451+0000] {logging_mixin.py:188} INFO - [2026-08-24T14:43:53.451+0000] {dag.py:3954} INFO - Setting next_dagrun for example_sla_dag to 2026-08-24 14:40:00+00:00, run_after=2026-08-24 14:42:00+00:00
[2026-08-24T14:43:53.474+0000] {processor.py:183} INFO - Processing /home/airflow/.local/lib/python3.12/site-packages/airflow/example_dags/example_sla_dag.py took 0.102 seconds
[2026-08-24T14:44:23.677+0000] {processor.py:161} INFO - Started process (PID=486) to work on /home/airflow/.local/lib/python3.12/site-packages/airflow/example_dags/example_sla_dag.py
[2026-08-24T14:44:23.678+0000] {processor.py:830} INFO - Processing file /home/airflow/.local/lib/python3.12/site-packages/airflow/example_dags/example_sla_dag.py for tasks to queue
[2026-08-24T14:44:23.680+0000] {logging_mixin.py:188} INFO - [2026-08-24T14:44:23.680+0000] {dagbag.py:545} INFO - Filling up the DagBag from /home/airflow/.local/lib/python3.12/site-packages/airflow/example_dags/example_sla_dag.py
[2026-08-24T14:44:23.693+0000] {processor.py:840} INFO - DAG(s) 'example_sla_dag' retrieved from /home/airflow/.local/lib/python3.12/site-packages/airflow/example_dags/example_sla_dag.py
[2026-08-24T14:44:23.731+0000] {logging_mixin.py:188} INFO - [2026-08-24T14:44:23.730+0000] {dag.py:3096} INFO - Sync 1 DAGs
[2026-08-24T14:44:23.797+0000] {logging_mixin.py:188} INFO - [2026-08-24T14:44:23.796+0000] {dag.py:3954} INFO - Setting next_dagrun for example_sla_dag to 2026-08-24 14:42:00+00:00, run_after=2026-08-24 14:44:00+00:00
[2026-08-24T14:44:23.881+0000] {processor.py:183} INFO - Processing /home/airflow/.local/lib/python3.12/site-packages/airflow/example_dags/example_sla_dag.py took 0.211 seconds
[2026-08-24T14:44:54.334+0000] {processor.py:161} INFO - Started process (PID=546) to work on /home/airflow/.local/lib/python3.12/site-packages/airflow/example_dags/example_sla_dag.py
[2026-08-24T14:44:54.336+0000] {processor.py:830} INFO - Processing file /home/airflow/.local/lib/python3.12/site-packages/airflow/example_dags/example_sla_dag.py for tasks to queue
[2026-08-24T14:44:54.339+0000] {logging_mixin.py:188} INFO - [2026-08-24T14:44:54.339+0000] {dagbag.py:545} INFO - Filling up the DagBag from /home/airflow/.local/lib/python3.12/site-packages/airflow/example_dags/example_sla_dag.py
[2026-08-24T14:44:54.350+0000] {processor.py:840} INFO - DAG(s) 'example_sla_dag' retrieved from /home/airflow/.local/lib/python3.12/site-packages/airflow/example_dags/example_sla_dag.py
[2026-08-24T14:44:54.373+0000] {logging_mixin.py:188} INFO - [2026-08-24T14:44:54.373+0000] {dag.py:3096} INFO - Sync 1 DAGs
[2026-08-24T14:44:54.405+0000] {logging_mixin.py:188} INFO - [2026-08-24T14:44:54.405+0000] {dag.py:3954} INFO - Setting next_dagrun for example_sla_dag to 2026-08-24 14:42:00+00:00, run_after=2026-08-24 14:44:00+00:00
[2026-08-24T14:44:54.432+0000] {processor.py:183} INFO - Processing /home/airflow/.local/lib/python3.12/site-packages/airflow/example_dags/example_sla_dag.py took 0.106 seconds
[2026-08-24T14:49:22.372+0000] {processor.py:161} INFO - Started process (PID=127) to work on /home/airflow/.local/lib/python3.12/site-packages/airflow/example_dags/example_sla_dag.py
[2026-08-24T14:49:22.374+0000] {processor.py:830} INFO - Processing file /home/airflow/.local/lib/python3.12/site-packages/airflow/example_dags/example_sla_dag.py for tasks to queue
[2026-08-24T14:49:22.376+0000] {logging_mixin.py:188} INFO - [2026-08-24T14:49:22.376+0000] {dagbag.py:545} INFO - Filling up the DagBag from /home/airflow/.local/lib/python3.12/site-packages/airflow/example_dags/example_sla_dag.py
[2026-08-24T14:49:22.398+0000] {processor.py:840} INFO - DAG(s) 'example_sla_dag' retrieved from /home/airflow/.local/lib/python3.12/site-packages/airflow/example_dags/example_sla_dag.py
[2026-08-24T14:49:22.626+0000] {logging_mixin.py:188} INFO - [2026-08-24T14:49:22.625+0000] {dag.py:3096} INFO - Sync 1 DAGs
[2026-08-24T14:49:22.675+0000] {logging_mixin.py:188} INFO - [2026-08-24T14:49:22.674+0000] {dag.py:3954} INFO - Setting next_dagrun for example_sla_dag to 2026-08-24 14:46:00+00:00, run_after=2026-08-24 14:48:00+00:00
[2026-08-24T14:49:22.721+0000] {processor.py:183} INFO - Processing /home/airflow/.local/lib/python3.12/site-packages/airflow/example_dags/example_sla_dag.py took 0.358 seconds
[2026-08-24T14:50:16.967+0000] {processor.py:161} INFO - Started process (PID=107) to work on /home/airflow/.local/lib/python3.12/site-packages/airflow/example_dags/example_sla_dag.py
[2026-08-24T14:50:16.970+0000] {processor.py:830} INFO - Processing file /home/airflow/.local/lib/python3.12/site-packages/airflow/example_dags/example_sla_dag.py for tasks to queue
[2026-08-24T14:50:16.973+0000] {logging_mixin.py:188} INFO - [2026-08-24T14:50:16.972+0000] {dagbag.py:545} INFO - Filling up the DagBag from /home/airflow/.local/lib/python3.12/site-packages/airflow/example_dags/example_sla_dag.py
[2026-08-24T14:50:16.989+0000] {processor.py:840} INFO - DAG(s) 'example_sla_dag' retrieved from /home/airflow/.local/lib/python3.12/site-packages/airflow/example_dags/example_sla_dag.py
[2026-08-24T14:50:17.021+0000] {logging_mixin.py:188} INFO - [2026-08-24T14:50:17.020+0000] {dag.py:3096} INFO - Sync 1 DAGs
[2026-08-24T14:50:17.055+0000] {logging_mixin.py:188} INFO - [2026-08-24T14:50:17.055+0000] {dag.py:3954} INFO - Setting next_dagrun for example_sla_dag to 2026-08-24 14:48:00+00:00, run_after=2026-08-24 14:50:00+00:00
[2026-08-24T14:50:17.079+0000] {processor.py:183} INFO - Processing /home/airflow/.local/lib/python3.12/site-packages/airflow/example_dags/example_sla_dag.py took 0.122 seconds
[2026-08-24T14:50:47.971+0000] {processor.py:161} INFO - Started process (PID=167) to work on /home/airflow/.local/lib/python3.12/site-packages/airflow/example_dags/example_sla_dag.py
[2026-08-24T14:50:47.973+0000] {processor.py:830} INFO - Processing file /home/airflow/.local/lib/python3.12/site-packages/airflow/example_dags/example_sla_dag.py for tasks to queue
[2026-08-24T14:50:47.975+0000] {logging_mixin.py:188} INFO - [2026-08-24T14:50:47.975+0000] {dagbag.py:545} INFO - Filling up the DagBag from /home/airflow/.local/lib/python3.12/site-packages/airflow/example_dags/example_sla_dag.py
[2026-08-24T14:50:47.988+0000] {processor.py:840} INFO - DAG(s) 'example_sla_dag' retrieved from /home/airflow/.local/lib/python3.12/site-packages/airflow/example_dags/example_sla_dag.py
[2026-08-24T14:50:48.015+0000] {logging_mixin.py:188} INFO - [2026-08-24T14:50:48.014+0000] {dag.py:3096} INFO - Sync 1 DAGs
[2026-08-24T14:50:48.049+0000] {logging_mixin.py:188} INFO - [2026-08-24T14:50:48.048+0000] {dag.py:3954} INFO - Setting next_dagrun for example_sla_dag to 2026-08-24 14:48:00+00:00, run_after=2026-08-24 14:50:00+00:00
[2026-08-24T14:50:48.083+0000] {processor.py:183} INFO - Processing /home/airflow/.local/lib/python3.12/site-packages/airflow/example_dags/example_sla_dag.py took 0.121 seconds
[2026-08-24T14:51:18.980+0000] {processor.py:161} INFO - Started process (PID=227) to work on /home/airflow/.local/lib/python3.12/site-packages/airflow/example_dags/example_sla_dag.py
[2026-08-24T14:51:18.982+0000] {processor.py:830} INFO - Processing file /home/airflow/.local/lib/python3.12/site-packages/airflow/example_dags/example_sla_dag.py for tasks to queue
[2026-08-24T14:51:18.984+0000] {logging_mixin.py:188} INFO - [2026-08-24T14:51:18.984+0000] {dagbag.py:545} INFO - Filling up the DagBag from /home/airflow/.local/lib/python3.12/site-packages/airflow/example_dags/example_sla_dag.py
[2026-08-24T14:51:18.996+0000] {processor.py:840} INFO - DAG(s) 'example_sla_dag' retrieved from /home/airflow/.local/lib/python3.12/site-packages/airflow/example_dags/example_sla_dag.py
[2026-08-24T14:51:19.023+0000] {logging_mixin.py:188} INFO - [2026-08-24T14:51:19.023+0000] {dag.py:3096} INFO - Sync 1 DAGs
[2026-08-24T14:51:19.055+0000] {logging_mixin.py:188} INFO - [2026-08-24T14:51:19.055+0000] {dag.py:3954} INFO - Setting next_dagrun for example_sla_dag to 2026-08-24 14:48:00+00:00, run_after=2026-08-24 14:50:00+00:00
[2026-08-24T14:51:19.079+0000] {processor.py:183} INFO - Processing /home/airflow/.local/lib/python3.12/site-packages/airflow/example_dags/example_sla_dag.py took 0.107 seconds
[2026-08-24T14:51:50.286+0000] {processor.py:161} INFO - Started process (PID=287) to work on /home/airflow/.local/lib/python3.12/site-packages/airflow/example_dags/example_sla_dag.py
[2026-08-24T14:51:50.288+0000] {processor.py:830} INFO - Processing file /home/airflow/.local/lib/python3.12/site-packages/airflow/example_dags/example_sla_dag.py for tasks to queue
[2026-08-24T14:51:50.290+0000] {logging_mixin.py:188} INFO - [2026-08-24T14:51:50.290+0000] {dagbag.py:545} INFO - Filling up the DagBag from /home/airflow/.local/lib/python3.12/site-packages/airflow/example_dags/example_sla_dag.py
[2026-08-24T14:51:50.302+0000] {processor.py:840} INFO - DAG(s) 'example_sla_dag' retrieved from /home/airflow/.local/lib/python3.12/site-packages/airflow/example_dags/example_sla_dag.py
[2026-08-24T14:51:50.326+0000] {logging_mixin.py:188} INFO - [2026-08-24T14:51:50.326+0000] {dag.py:3096} INFO - Sync 1 DAGs
[2026-08-24T14:51:50.355+0000] {logging_mixin.py:188} INFO - [2026-08-24T14:51:50.355+0000] {dag.py:3954} INFO - Setting next_dagrun for example_sla_dag to 2026-08-24 14:48:00+00:00, run_after=2026-08-24 14:50:00+00:00
[2026-08-24T14:51:50.379+0000] {processor.py:183} INFO - Processing /home/airflow/.local/lib/python3.12/site-packages/airflow/example_dags/example_sla_dag.py took 0.101 seconds
[2026-08-24T14:52:21.443+0000] {processor.py:161} INFO - Started process (PID=347) to work on /home/airflow/.local/lib/python3.12/site-packages/airflow/example_dags/example_sla_dag.py
[2026-08-24T14:52:21.445+0000] {processor.py:830} INFO - Processing file /home/airflow/.local/lib/python3.12/site-packages/airflow/example_dags/example_sla_dag.py for tasks to queue
[2026-08-24T14:52:21.447+0000] {logging_mixin.py:188} INFO - [2026-08-24T14:52:21.447+0000] {dagbag.py:545} INFO - Filling up the DagBag from /home/airflow/.local/lib/python3.12/site-packages/airflow/example_dags/example_sla_dag.py
[2026-08-24T14:52:21.460+0000] {processor.py:840} INFO - DAG(s) 'example_sla_dag' retrieved from /home/airflow/.local/lib/python3.12/site-packages/airflow/example_dags/example_sla_dag.py
[2026-08-24T14:52:21.491+0000] {logging_mixin.py:188} INFO - [2026-08-24T14:52:21.491+0000] {dag.py:3096} INFO - Sync 1 DAGs
[2026-08-24T14:52:21.522+0000] {logging_mixin.py:188} INFO - [2026-08-24T14:52:21.522+0000] {dag.py:3954} INFO - Setting next_dagrun for example_sla_dag to 2026-08-24 14:50:00+00:00, run_after=2026-08-24 14:52:00+00:00
[2026-08-24T14:52:21.564+0000] {processor.py:183} INFO - Processing /home/airflow/.local/lib/python3.12/site-packages/airflow/example_dags/example_sla_dag.py took 0.130 seconds
[2026-08-24T14:52:52.361+0000] {processor.py:161} INFO - Started process (PID=407) to work on /home/airflow/.local/lib/python3.12/site-packages/airflow/example_dags/example_sla_dag.py
[2026-08-24T14:52:52.362+0000] {processor.py:830} INFO - Processing file /home/airflow/.local/lib/python3.12/site-packages/airflow/example_dags/example_sla_dag.py for tasks to queue
[2026-08-24T14:52:52.364+0000] {logging_mixin.py:188} INFO - [2026-08-24T14:52:52.364+0000] {dagbag.py:545} INFO - Filling up the DagBag from /home/airflow/.local/lib/python3.12/site-packages/airflow/example_dags/example_sla_dag.py
[2026-08-24T14:52:52.376+0000] {processor.py:840} INFO - DAG(s) 'example_sla_dag' retrieved from /home/airflow/.local/lib/python3.12/site-packages/airflow/example_dags/example_sla_dag.py
[2026-08-24T14:52:52.401+0000] {logging_mixin.py:188} INFO - [2026-08-24T14:52:52.400+0000] {dag.py:3096} INFO - Sync 1 DAGs
[2026-08-24T14:52:52.437+0000] {logging_mixin.py:188} INFO - [2026-08-24T14:52:52.437+0000] {dag.py:3954} INFO - Setting next_dagrun for example_sla_dag to 2026-08-24 14:50:00+00:00, run_after=2026-08-24 14:52:00+00:00
[2026-08-24T14:52:52.462+0000] {processor.py:183} INFO - Processing /home/airflow/.local/lib/python3.12/site-packages/airflow/example_dags/example_sla_dag.py took 0.109 seconds
[2026-08-24T14:53:22.887+0000] {processor.py:161} INFO - Started process (PID=466) to work on /home/airflow/.local/lib/python3.12/site-packages/airflow/example_dags/example_sla_dag.py
[2026-08-24T14:53:22.889+0000] {processor.py:830} INFO - Processing file /home/airflow/.local/lib/python3.12/site-packages/airflow/example_dags/example_sla_dag.py for tasks to queue
[2026-08-24T14:53:22.894+0000] {logging_mixin.py:188} INFO - [2026-08-24T14:53:22.893+0000] {dagbag.py:545} INFO - Filling up the DagBag from /home/airflow/.local/lib/python3.12/site-packages/airflow/example_dags/example_sla_dag.py
[2026-08-24T14:53:22.919+0000] {processor.py:840} INFO - DAG(s) 'example_sla_dag' retrieved from /home/airflow/.local/lib/python3.12/site-packages/airflow/example_dags/example_sla_dag.py
[2026-08-24T14:53:22.955+0000] {logging_mixin.py:188} INFO - [2026-08-24T14:53:22.955+0000] {dag.py:3096} INFO - Sync 1 DAGs
[2026-08-24T14:53:23.016+0000] {logging_mixin.py:188} INFO - [2026-08-24T14:53:23.015+0000] {dag.py:3954} INFO - Setting next_dagrun for example_sla_dag to 2026-08-24 14:50:00+00:00, run_after=2026-08-24 14:52:00+00:00
[2026-08-24T14:53:23.053+0000] {processor.py:183} INFO - Processing /home/airflow/.local/lib/python3.12/site-packages/airflow/example_dags/example_sla_dag.py took 0.180 seconds
[2026-08-24T14:53:53.637+0000] {processor.py:161} INFO - Started process (PID=525) to work on /home/airflow/.local/lib/python3.12/site-packages/airflow/example_dags/example_sla_dag.py
[2026-08-24T14:53:53.638+0000] {processor.py:830} INFO - Processing file /home/airflow/.local/lib/python3.12/site-packages/airflow/example_dags/example_sla_dag.py for tasks to queue
[2026-08-24T14:53:53.641+0000] {logging_mixin.py:188} INFO - [2026-08-24T14:53:53.640+0000] {dagbag.py:545} INFO - Filling up the DagBag from /home/airflow/.local/lib/python3.12/site-packages/airflow/example_dags/example_sla_dag.py
[2026-08-24T14:53:53.651+0000] {processor.py:840} INFO - DAG(s) 'example_sla_dag' retrieved from /home/airflow/.local/lib/python3.12/site-packages/airflow/example_dags/example_sla_dag.py
[2026-08-24T14:53:53.676+0000] {logging_mixin.py:188} INFO - [2026-08-24T14:53:53.675+0000] {dag.py:3096} INFO - Sync 1 DAGs
[2026-08-24T14:53:53.707+0000] {logging_mixin.py:188} INFO - [2026-08-24T14:53:53.707+0000] {dag.py:3954} INFO - Setting next_dagrun for example_sla_dag to 2026-08-24 14:50:00+00:00, run_after=2026-08-24 14:52:00+00:00
[2026-08-24T14:53:53.731+0000] {processor.py:183} INFO - Processing /home/airflow/.local/lib/python3.12/site-packages/airflow/example_dags/example_sla_dag.py took 0.101 seconds
[2026-08-24T14:54:24.044+0000] {processor.py:161} INFO - Started process (PID=585) to work on /home/airflow/.local/lib/python3.12/site-packages/airflow/example_dags/example_sla_dag.py
[2026-08-24T14:54:24.045+0000] {processor.py:830} INFO - Processing file /home/airflow/.local/lib/python3.12/site-packages/airflow/example_dags/example_sla_dag.py for tasks to queue
[2026-08-24T14:54:24.047+0000] {logging_mixin.py:188} INFO - [2026-08-24T14:54:24.047+0000] {dagbag.py:545} INFO - Filling up the DagBag from /home/airflow/.local/lib/python3.12/site-packages/airflow/example_dags/example_sla_dag.py
[2026-08-24T14:54:24.058+0000] {processor.py:840} INFO - DAG(s) 'example_sla_dag' retrieved from /home/airflow/.local/lib/python3.12/site-packages/airflow/example_dags/example_sla_dag.py
[2026-08-24T14:54:24.081+0000] {logging_mixin.py:188} INFO - [2026-08-24T14:54:24.080+0000] {dag.py:3096} INFO - Sync 1 DAGs
[2026-08-24T14:54:24.111+0000] {logging_mixin.py:188} INFO - [2026-08-24T14:54:24.111+0000] {dag.py:3954} INFO - Setting next_dagrun for example_sla_dag to 2026-08-24 14:52:00+00:00, run_after=2026-08-24 14:54:00+00:00
[2026-08-24T14:54:24.134+0000] {processor.py:183} INFO - Processing /home/airflow/.local/lib/python3.12/site-packages/airflow/example_dags/example_sla_dag.py took 0.098 seconds
[2026-08-24T14:54:54.380+0000] {processor.py:161} INFO - Started process (PID=645) to work on /home/airflow/.local/lib/python3.12/site-packages/airflow/example_dags/example_sla_dag.py
[2026-08-24T14:54:54.382+0000] {processor.py:830} INFO - Processing file /home/airflow/.local/lib/python3.12/site-packages/airflow/example_dags/example_sla_dag.py for tasks to queue
[2026-08-24T14:54:54.384+0000] {logging_mixin.py:188} INFO - [2026-08-24T14:54:54.383+0000] {dagbag.py:545} INFO - Filling up the DagBag from /home/airflow/.local/lib/python3.12/site-packages/airflow/example_dags/example_sla_dag.py
[2026-08-24T14:54:54.394+0000] {processor.py:840} INFO - DAG(s) 'example_sla_dag' retrieved from /home/airflow/.local/lib/python3.12/site-packages/airflow/example_dags/example_sla_dag.py
[2026-08-24T14:54:54.416+0000] {logging_mixin.py:188} INFO - [2026-08-24T14:54:54.415+0000] {dag.py:3096} INFO - Sync 1 DAGs
[2026-08-24T14:54:54.445+0000] {logging_mixin.py:188} INFO - [2026-08-24T14:54:54.444+0000] {dag.py:3954} INFO - Setting next_dagrun for example_sla_dag to 2026-08-24 14:52:00+00:00, run_after=2026-08-24 14:54:00+00:00
[2026-08-24T14:54:54.467+0000] {processor.py:183} INFO - Processing /home/airflow/.local/lib/python3.12/site-packages/airflow/example_dags/example_sla_dag.py took 0.094 seconds
[2026-08-24T14:55:24.653+0000] {processor.py:161} INFO - Started process (PID=705) to work on /home/airflow/.local/lib/python3.12/site-packages/airflow/example_dags/example_sla_dag.py
[2026-08-24T14:55:24.654+0000] {processor.py:830} INFO - Processing file /home/airflow/.local/lib/python3.12/site-packages/airflow/example_dags/example_sla_dag.py for tasks to queue
[2026-08-24T14:55:24.657+0000] {logging_mixin.py:188} INFO - [2026-08-24T14:55:24.656+0000] {dagbag.py:545} INFO - Filling up the DagBag from /home/airflow/.local/lib/python3.12/site-packages/airflow/example_dags/example_sla_dag.py
[2026-08-24T14:55:24.667+0000] {processor.py:840} INFO - DAG(s) 'example_sla_dag' retrieved from /home/airflow/.local/lib/python3.12/site-packages/airflow/example_dags/example_sla_dag.py
[2026-08-24T14:55:24.690+0000] {logging_mixin.py:188} INFO - [2026-08-24T14:55:24.689+0000] {dag.py:3096} INFO - Sync 1 DAGs
[2026-08-24T14:55:24.719+0000] {logging_mixin.py:188} INFO - [2026-08-24T14:55:24.719+0000] {dag.py:3954} INFO - Setting next_dagrun for example_sla_dag to 2026-08-24 14:52:00+00:00, run_after=2026-08-24 14:54:00+00:00
[2026-08-24T14:55:24.741+0000] {processor.py:183} INFO - Processing /home/airflow/.local/lib/python3.12/site-packages/airflow/example_dags/example_sla_dag.py took 0.095 seconds
[2026-08-24T14:55:55.401+0000] {processor.py:161} INFO - Started process (PID=765) to work on /home/airflow/.local/lib/python3.12/site-packages/airflow/example_dags/example_sla_dag.py
[2026-08-24T14:55:55.402+0000] {processor.py:830} INFO - Processing file /home/airflow/.local/lib/python3.12/site-packages/airflow/example_dags/example_sla_dag.py for tasks to queue
[2026-08-24T14:55:55.404+0000] {logging_mixin.py:188} INFO - [2026-08-24T14:55:55.404+0000] {dagbag.py:545} INFO - Filling up the DagBag from /home/airflow/.local/lib/python3.12/site-packages/airflow/example_dags/example_sla_dag.py
[2026-08-24T14:55:55.414+0000] {processor.py:840} INFO - DAG(s) 'example_sla_dag' retrieved from /home/airflow/.local/lib/python3.12/site-packages/airflow/example_dags/example_sla_dag.py
[2026-08-24T14:55:55.437+0000] {logging_mixin.py:188} INFO - [2026-08-24T14:55:55.437+0000] {dag.py:3096} INFO - Sync 1 DAGs
[2026-08-24T14:55:55.466+0000] {logging_mixin.py:188} INFO - [2026-08-24T14:55:55.466+0000] {dag.py:3954} INFO - Setting next_dagrun for example_sla_dag to 2026-08-24 14:52:00+00:00, run_after=2026-08-24 14:54:00+00:00
[2026-08-24T14:55:55.516+0000] {processor.py:183} INFO - Processing /home/airflow/.local/lib/python3.12/site-packages/airflow/example_dags/example_sla_dag.py took 0.122 seconds
