[2026-08-24T13:50:58.638+0000] {processor.py:161} INFO - Started process (PID=86) to work on /home/airflow/.local/lib/python3.12/site-packages/airflow/example_dags/example_xcomargs.py
[2026-08-24T13:50:58.640+0000] {processor.py:830} INFO - Processing file /home/airflow/.local/lib/python3.12/site-packages/airflow/example_dags/example_xcomargs.py for tasks to queue
[2026-08-24T13:50:58.643+0000] {logging_mixin.py:188} INFO - [2026-08-24T13:50:58.642+0000] {dagbag.py:545} INFO - Filling up the DagBag from /home/airflow/.local/lib/python3.12/site-packages/airflow/example_dags/example_xcomargs.py
[2026-08-24T13:50:58.664+0000] {processor.py:840} INFO - DAG(s) 'example_xcom_args', 'example_xcom_args_with_operators' retrieved from /home/airflow/.local/lib/python3.12/site-packages/airflow/example_dags/example_xcomargs.py
[2026-08-24T13:50:59.001+0000] {logging_mixin.py:188} INFO - [2026-08-24T13:50:59.001+0000] {dag.py:3096} INFO - Sync 2 DAGs
[2026-08-24T13:50:59.019+0000] {logging_mixin.py:188} INFO - [2026-08-24T13:50:59.019+0000] {dag.py:3954} INFO - Setting next_dagrun for example_xcom_args to None, run_after=None
[2026-08-24T13:50:59.023+0000] {logging_mixin.py:188} INFO - [2026-08-24T13:50:59.023+0000] {dag.py:3954} INFO - Setting next_dagrun for example_xcom_args_with_operators to None, run_after=None
[2026-08-24T13:50:59.056+0000] {processor.py:183} INFO - Processing /home/airflow/.local/lib/python3.12/site-packages/airflow/example_dags/example_xcomargs.py took 0.428 seconds
[2026-08-24T13:51:41.731+0000] {processor.py:161} INFO - Started process (PID=67) to work on /home/airflow/.local/lib/python3.12/site-packages/airflow/example_dags/example_xcomargs.py
[2026-08-24T13:51:41.732+0000] {processor.py:830} INFO - Processing file /home/airflow/.local/lib/python3.12/site-packages/airflow/example_dags/example_xcomargs.py for tasks to queue
[2026-08-24T13:51:41.734+0000] {logging_mixin.py:188} INFO - [2026-08-24T13:51:41.734+0000] {dagbag.py:545} INFO - Filling up the DagBag from /home/airflow/.local/lib/python3.12/site-packages/airflow/example_dags/example_xcomargs.py
[2026-08-24T13:51:41.746+0000] {processor.py:840} INFO - DAG(s) 'example_xcom_args_with_operators', 'example_xcom_args' retrieved from /home/airflow/.local/lib/python3.12/site-packages/airflow/example_dags/example_xcomargs.py
[2026-08-24T13:51:41.786+0000] {logging_mixin.py:188} INFO - [2026-08-24T13:51:41.785+0000] {dag.py:3096} INFO - Sync 2 DAGs
[2026-08-24T13:51:41.806+0000] {logging_mixin.py:188} INFO - [2026-08-24T13:51:41.806+0000] {dag.py:3954} INFO - Setting next_dagrun for example_xcom_args to None, run_after=None
[2026-08-24T13:51:41.811+0000] {logging_mixin.py:188} INFO - [2026-08-24T13:51:41.811+0000] {dag.py:3954} INFO - Setting next_dagrun for example_xcom_args_with_operators to None, run_after=None
[2026-08-24T13:51:41.832+0000] {processor.py:183} INFO - Processing /home/airflow/.local/lib/python3.12/site-packages/airflow/example_dags/example_xcomargs.py took 0.108 seconds
[2026-08-24T13:52:11.919+0000] {processor.py:161} INFO - Started process (PID=125) to work on /home/airflow/.local/lib/python3.12/site-packages/airflow/example_dags/example_xcomargs.py
[2026-08-24T13:52:11.920+0000] {processor.py:830} INFO - Processing file /home/airflow/.local/lib/python3.12/site-packages/airflow/example_dags/example_xcomargs.py for tasks to queue
[2026-08-24T13:52:11.922+0000] {logging_mixin.py:188} INFO - [2026-08-24T13:52:11.922+0000] {dagbag.py:545} INFO - Filling up the DagBag from /home/airflow/.local/lib/python3.12/site-packages/airflow/example_dags/example_xcomargs.py
[2026-08-24T13:52:11.933+0000] {processor.py:840} INFO - DAG(s) 'example_xcom_args_with_operators', 'example_xcom_args' retrieved from /home/airflow/.local/lib/python3.12/site-packages/airflow/example_dags/example_xcomargs.py
[2026-08-24T13:52:11.967+0000] {logging_mixin.py:188} INFO - [2026-08-24T13:52:11.966+0000] {dag.py:3096} INFO - Sync 2 DAGs
[2026-08-24T13:52:11.988+0000] {logging_mixin.py:188} INFO - [2026-08-24T13:52:11.988+0000] {dag.py:3954} INFO - Setting next_dagrun for example_xcom_args to None, run_after=None
[2026-08-24T13:52:11.993+0000] {logging_mixin.py:188} INFO - [2026-08-24T13:52:11.993+0000] {dag.py:3954} INFO - Setting next_dagrun for example_xcom_args_with_operators to None, run_after=None
[2026-08-24T13:52:12.016+0000] {processor.py:183} INFO - Processing /home/airflow/.local/lib/python3.12/site-packages/airflow/example_dags/example_xcomargs.py took 0.104 seconds
[2026-08-24T13:52:42.570+0000] {processor.py:161} INFO - Started process (PID=185) to work on /home/airflow/.local/lib/python3.12/site-packages/airflow/example_dags/example_xcomargs.py
[2026-08-24T13:52:42.571+0000] {processor.py:830} INFO - Processing file /home/airflow/.local/lib/python3.12/site-packages/airflow/example_dags/example_xcomargs.py for tasks to queue
[2026-08-24T13:52:42.574+0000] {logging_mixin.py:188} INFO - [2026-08-24T13:52:42.574+0000] {dagbag.py:545} INFO - Filling up the DagBag from /home/airflow/.local/lib/python3.12/site-packages/airflow/example_dags/example_xcomargs.py
[2026-08-24T13:52:42.591+0000] {processor.py:840} INFO - DAG(s) 'example_xcom_args_with_operators', 'example_xcom_args' retrieved from /home/airflow/.local/lib/python3.12/site-packages/airflow/example_dags/example_xcomargs.py
[2026-08-24T13:52:42.638+0000] {logging_mixin.py:188} INFO - [2026-08-24T13:52:42.638+0000] {dag.py:3096} INFO - Sync 2 DAGs
[2026-08-24T13:52:42.668+0000] {logging_mixin.py:188} INFO - [2026-08-24T13:52:42.667+0000] {dag.py:3954} INFO - Setting next_dagrun for example_xcom_args to None, run_after=None
[2026-08-24T13:52:42.678+0000] {logging_mixin.py:188} INFO - [2026-08-24T13:52:42.677+0000] {dag.py:3954} INFO - Setting next_dagrun for example_xcom_args_with_operators to None, run_after=None
[2026-08-24T13:52:42.717+0000] {processor.py:183} INFO - Processing /home/airflow/.local/lib/python3.12/site-packages/airflow/example_dags/example_xcomargs.py took 0.157 seconds
[2026-08-24T13:53:12.835+0000] {processor.py:161} INFO - Started process (PID=244) to work on /home/airflow/.local/lib/python3.12/site-packages/airflow/example_dags/example_xcomargs.py
[2026-08-24T13:53:12.839+0000] {processor.py:830} INFO - Processing file /home/airflow/.local/lib/python3.12/site-packages/airflow/example_dags/example_xcomargs.py for tasks to queue
[2026-08-24T13:53:12.842+0000] {logging_mixin.py:188} INFO - [2026-08-24T13:53:12.842+0000] {dagbag.py:545} INFO - Filling up the DagBag from /home/airflow/.local/lib/python3.12/site-packages/airflow/example_dags/example_xcomargs.py
[2026-08-24T13:53:12.852+0000] {processor.py:840} INFO - DAG(s) 'example_xcom_args_with_operators', 'example_xcom_args' retrieved from /home/airflow/.local/lib/python3.12/site-packages/airflow/example_dags/example_xcomargs.py
[2026-08-24T13:53:12.887+0000] {logging_mixin.py:188} INFO - [2026-08-24T13:53:12.886+0000] {dag.py:3096} INFO - Sync 2 DAGs
[2026-08-24T13:53:12.905+0000] {logging_mixin.py:188} INFO - [2026-08-24T13:53:12.905+0000] {dag.py:3954} INFO - Setting next_dagrun for example_xcom_args to None, run_after=None
[2026-08-24T13:53:12.910+0000] {logging_mixin.py:188} INFO - [2026-08-24T13:53:12.910+0000] {dag.py:3954} INFO - Setting next_dagrun for example_xcom_args_with_operators to None, run_after=None
[2026-08-24T13:53:12.936+0000] {processor.py:183} INFO - Processing /home/airflow/.local/lib/python3.12/site-packages/airflow/example_dags/example_xcomargs.py took 0.111 seconds
[2026-08-24T13:53:43.399+0000] {processor.py:161} INFO - Started process (PID=303) to work on /home/airflow/.local/lib/python3.12/site-packages/airflow/example_dags/example_xcomargs.py
[2026-08-24T13:53:43.401+0000] {processor.py:830} INFO - Processing file /home/airflow/.local/lib/python3.12/site-packages/airflow/example_dags/example_xcomargs.py for tasks to queue
[2026-08-24T13:53:43.403+0000] {logging_mixin.py:188} INFO - [2026-08-24T13:53:43.403+0000] {dagbag.py:545} INFO - Filling up the DagBag from /home/airflow/.local/lib/python3.12/site-packages/airflow/example_dags/example_xcomargs.py
[2026-08-24T13:53:43.413+0000] {processor.py:840} INFO - DAG(s) 'example_xcom_args', 'example_xcom_args_with_operators' retrieved from /home/airflow/.local/lib/python3.12/site-packages/airflow/example_dags/example_xcomargs.py
[2026-08-24T13:53:43.445+0000] {logging_mixin.py:188} INFO - [2026-08-24T13:53:43.445+0000] {dag.py:3096} INFO - Sync 2 DAGs
[2026-08-24T13:53:43.462+0000] {logging_mixin.py:188} INFO - [2026-08-24T13:53:43.462+0000] {dag.py:3954} INFO - Setting next_dagrun for example_xcom_args to None, run_after=None
[2026-08-24T13:53:43.467+0000] {logging_mixin.py:188} INFO - [2026-08-24T13:53:43.467+0000] {dag.py:3954} INFO - Setting next_dagrun for example_xcom_args_with_operators to None, run_after=None
[2026-08-24T13:53:43.493+0000] {processor.py:183} INFO - Processing /home/airflow/.local/lib/python3.12/site-packages/airflow/example_dags/example_xcomargs.py took 0.100 seconds
[2026-08-24T13:54:13.706+0000] {processor.py:161} INFO - Started process (PID=362) to work on /home/airflow/.local/lib/python3.12/site-packages/airflow/example_dags/example_xcomargs.py
[2026-08-24T13:54:13.708+0000] {processor.py:830} INFO - Processing file /home/airflow/.local/lib/python3.12/site-packages/airflow/example_dags/example_xcomargs.py for tasks to queue
[2026-08-24T13:54:13.711+0000] {logging_mixin.py:188} INFO - [2026-08-24T13:54:13.710+0000] {dagbag.py:545} INFO - Filling up the DagBag from /home/airflow/.local/lib/python3.12/site-packages/airflow/example_dags/example_xcomargs.py
[2026-08-24T13:54:13.724+0000] {processor.py:840} INFO - DAG(s) 'example_xcom_args', 'example_xcom_args_with_operators' retrieved from /home/airflow/.local/lib/python3.12/site-packages/airflow/example_dags/example_xcomargs.py
[2026-08-24T13:54:13.764+0000] {logging_mixin.py:188} INFO - [2026-08-24T13:54:13.763+0000] {dag.py:3096} INFO - Sync 2 DAGs
[2026-08-24T13:54:13.783+0000] {logging_mixin.py:188} INFO - [2026-08-24T13:54:13.783+0000] {dag.py:3954} INFO - Setting next_dagrun for example_xcom_args to None, run_after=None
[2026-08-24T13:54:13.789+0000] {logging_mixin.py:188} INFO - [2026-08-24T13:54:13.788+0000] {dag.py:3954} INFO - Setting next_dagrun for example_xcom_args_with_operators to None, run_after=None
[2026-08-24T13:54:13.808+0000] {processor.py:183} INFO - Processing /home/airflow/.local/lib/python3.12/site-packages/airflow/example_dags/example_xcomargs.py took 0.114 seconds
[2026-08-24T13:54:44.080+0000] {processor.py:161} INFO - Started process (PID=421) to work on /home/airflow/.local/lib/python3.12/site-packages/airflow/example_dags/example_xcomargs.py
[2026-08-24T13:54:44.084+0000] {processor.py:830} INFO - Processing file /home/airflow/.local/lib/python3.12/site-packages/airflow/example_dags/example_xcomargs.py for tasks to queue
[2026-08-24T13:54:44.088+0000] {logging_mixin.py:188} INFO - [2026-08-24T13:54:44.087+0000] {dagbag.py:545} INFO - Filling up the DagBag from /home/airflow/.local/lib/python3.12/site-packages/airflow/example_dags/example_xcomargs.py
[2026-08-24T13:54:44.104+0000] {processor.py:840} INFO - DAG(s) 'example_xcom_args', 'example_xcom_args_with_operators' retrieved from /home/airflow/.local/lib/python3.12/site-packages/airflow/example_dags/example_xcomargs.py
[2026-08-24T13:54:44.130+0000] {logging_mixin.py:188} INFO - [2026-08-24T13:54:44.129+0000] {dag.py:3096} INFO - Sync 2 DAGs
[2026-08-24T13:54:44.167+0000] {logging_mixin.py:188} INFO - [2026-08-24T13:54:44.166+0000] {dag.py:3954} INFO - Setting next_dagrun for example_xcom_args to None, run_after=None
[2026-08-24T13:54:44.175+0000] {logging_mixin.py:188} INFO - [2026-08-24T13:54:44.175+0000] {dag.py:3954} INFO - Setting next_dagrun for example_xcom_args_with_operators to None, run_after=None
[2026-08-24T13:54:44.221+0000] {processor.py:183} INFO - Processing /home/airflow/.local/lib/python3.12/site-packages/airflow/example_dags/example_xcomargs.py took 0.155 seconds
[2026-08-24T13:55:14.710+0000] {processor.py:161} INFO - Started process (PID=480) to work on /home/airflow/.local/lib/python3.12/site-packages/airflow/example_dags/example_xcomargs.py
[2026-08-24T13:55:14.712+0000] {processor.py:830} INFO - Processing file /home/airflow/.local/lib/python3.12/site-packages/airflow/example_dags/example_xcomargs.py for tasks to queue
[2026-08-24T13:55:14.717+0000] {logging_mixin.py:188} INFO - [2026-08-24T13:55:14.716+0000] {dagbag.py:545} INFO - Filling up the DagBag from /home/airflow/.local/lib/python3.12/site-packages/airflow/example_dags/example_xcomargs.py
[2026-08-24T13:55:14.734+0000] {processor.py:840} INFO - DAG(s) 'example_xcom_args_with_operators', 'example_xcom_args' retrieved from /home/airflow/.local/lib/python3.12/site-packages/airflow/example_dags/example_xcomargs.py
[2026-08-24T13:55:14.914+0000] {logging_mixin.py:188} INFO - [2026-08-24T13:55:14.914+0000] {dag.py:3096} INFO - Sync 2 DAGs
[2026-08-24T13:55:14.968+0000] {logging_mixin.py:188} INFO - [2026-08-24T13:55:14.968+0000] {dag.py:3954} INFO - Setting next_dagrun for example_xcom_args to None, run_after=None
[2026-08-24T13:55:14.995+0000] {logging_mixin.py:188} INFO - [2026-08-24T13:55:14.994+0000] {dag.py:3954} INFO - Setting next_dagrun for example_xcom_args_with_operators to None, run_after=None
[2026-08-24T13:55:15.661+0000] {processor.py:183} INFO - Processing /home/airflow/.local/lib/python3.12/site-packages/airflow/example_dags/example_xcomargs.py took 0.966 seconds
[2026-08-24T13:55:45.887+0000] {processor.py:161} INFO - Started process (PID=545) to work on /home/airflow/.local/lib/python3.12/site-packages/airflow/example_dags/example_xcomargs.py
[2026-08-24T13:55:45.889+0000] {processor.py:830} INFO - Processing file /home/airflow/.local/lib/python3.12/site-packages/airflow/example_dags/example_xcomargs.py for tasks to queue
[2026-08-24T13:55:45.893+0000] {logging_mixin.py:188} INFO - [2026-08-24T13:55:45.893+0000] {dagbag.py:545} INFO - Filling up the DagBag from /home/airflow/.local/lib/python3.12/site-packages/airflow/example_dags/example_xcomargs.py
[2026-08-24T13:55:45.910+0000] {processor.py:840} INFO - DAG(s) 'example_xcom_args_with_operators', 'example_xcom_args' retrieved from /home/airflow/.local/lib/python3.12/site-packages/airflow/example_dags/example_xcomargs.py
[2026-08-24T13:55:45.955+0000] {logging_mixin.py:188} INFO - [2026-08-24T13:55:45.955+0000] {dag.py:3096} INFO - Sync 2 DAGs
[2026-08-24T13:55:45.977+0000] {logging_mixin.py:188} INFO - [2026-08-24T13:55:45.976+0000] {dag.py:3954} INFO - Setting next_dagrun for example_xcom_args to None, run_after=None
[2026-08-24T13:55:45.985+0000] {logging_mixin.py:188} INFO - [2026-08-24T13:55:45.984+0000] {dag.py:3954} INFO - Setting next_dagrun for example_xcom_args_with_operators to None, run_after=None
[2026-08-24T13:55:46.007+0000] {processor.py:183} INFO - Processing /home/airflow/.local/lib/python3.12/site-packages/airflow/example_dags/example_xcomargs.py took 0.131 seconds
[2026-08-24T13:56:16.320+0000] {processor.py:161} INFO - Started process (PID=604) to work on /home/airflow/.local/lib/python3.12/site-packages/airflow/example_dags/example_xcomargs.py
[2026-08-24T13:56:16.321+0000] {processor.py:830} INFO - Processing file /home/airflow/.local/lib/python3.12/site-packages/airflow/example_dags/example_xcomargs.py for tasks to queue
[2026-08-24T13:56:16.325+0000] {logging_mixin.py:188} INFO - [2026-08-24T13:56:16.324+0000] {dagbag.py:545} INFO - Filling up the DagBag from /home/airflow/.local/lib/python3.12/site-packages/airflow/example_dags/example_xcomargs.py
[2026-08-24T13:56:16.336+0000] {processor.py:840} INFO - DAG(s) 'example_xcom_args', 'example_xcom_args_with_operators' retrieved from /home/airflow/.local/lib/python3.12/site-packages/airflow/example_dags/example_xcomargs.py
[2026-08-24T13:56:16.369+0000] {logging_mixin.py:188} INFO - [2026-08-24T13:56:16.369+0000] {dag.py:3096} INFO - Sync 2 DAGs
[2026-08-24T13:56:16.388+0000] {logging_mixin.py:188} INFO - [2026-08-24T13:56:16.388+0000] {dag.py:3954} INFO - Setting next_dagrun for example_xcom_args to None, run_after=None
[2026-08-24T13:56:16.393+0000] {logging_mixin.py:188} INFO - [2026-08-24T13:56:16.392+0000] {dag.py:3954} INFO - Setting next_dagrun for example_xcom_args_with_operators to None, run_after=None
[2026-08-24T13:56:16.415+0000] {processor.py:183} INFO - Processing /home/airflow/.local/lib/python3.12/site-packages/airflow/example_dags/example_xcomargs.py took 0.103 seconds
[2026-08-24T13:56:46.866+0000] {processor.py:161} INFO - Started process (PID=663) to work on /home/airflow/.local/lib/python3.12/site-packages/airflow/example_dags/example_xcomargs.py
[2026-08-24T13:56:46.868+0000] {processor.py:830} INFO - Processing file /home/airflow/.local/lib/python3.12/site-packages/airflow/example_dags/example_xcomargs.py for tasks to queue
[2026-08-24T13:56:46.873+0000] {logging_mixin.py:188} INFO - [2026-08-24T13:56:46.872+0000] {dagbag.py:545} INFO - Filling up the DagBag from /home/airflow/.local/lib/python3.12/site-packages/airflow/example_dags/example_xcomargs.py
[2026-08-24T13:56:46.889+0000] {processor.py:840} INFO - DAG(s) 'example_xcom_args', 'example_xcom_args_with_operators' retrieved from /home/airflow/.local/lib/python3.12/site-packages/airflow/example_dags/example_xcomargs.py
[2026-08-24T13:56:46.929+0000] {logging_mixin.py:188} INFO - [2026-08-24T13:56:46.928+0000] {dag.py:3096} INFO - Sync 2 DAGs
[2026-08-24T13:56:46.951+0000] {logging_mixin.py:188} INFO - [2026-08-24T13:56:46.951+0000] {dag.py:3954} INFO - Setting next_dagrun for example_xcom_args to None, run_after=None
[2026-08-24T13:56:46.961+0000] {logging_mixin.py:188} INFO - [2026-08-24T13:56:46.961+0000] {dag.py:3954} INFO - Setting next_dagrun for example_xcom_args_with_operators to None, run_after=None
[2026-08-24T13:56:47.012+0000] {processor.py:183} INFO - Processing /home/airflow/.local/lib/python3.12/site-packages/airflow/example_dags/example_xcomargs.py took 0.157 seconds
[2026-08-24T13:57:17.257+0000] {processor.py:161} INFO - Started process (PID=723) to work on /home/airflow/.local/lib/python3.12/site-packages/airflow/example_dags/example_xcomargs.py
[2026-08-24T13:57:17.259+0000] {processor.py:830} INFO - Processing file /home/airflow/.local/lib/python3.12/site-packages/airflow/example_dags/example_xcomargs.py for tasks to queue
[2026-08-24T13:57:17.261+0000] {logging_mixin.py:188} INFO - [2026-08-24T13:57:17.260+0000] {dagbag.py:545} INFO - Filling up the DagBag from /home/airflow/.local/lib/python3.12/site-packages/airflow/example_dags/example_xcomargs.py
[2026-08-24T13:57:17.274+0000] {processor.py:840} INFO - DAG(s) 'example_xcom_args_with_operators', 'example_xcom_args' retrieved from /home/airflow/.local/lib/python3.12/site-packages/airflow/example_dags/example_xcomargs.py
[2026-08-24T13:57:17.304+0000] {logging_mixin.py:188} INFO - [2026-08-24T13:57:17.303+0000] {dag.py:3096} INFO - Sync 2 DAGs
[2026-08-24T13:57:17.321+0000] {logging_mixin.py:188} INFO - [2026-08-24T13:57:17.320+0000] {dag.py:3954} INFO - Setting next_dagrun for example_xcom_args to None, run_after=None
[2026-08-24T13:57:17.326+0000] {logging_mixin.py:188} INFO - [2026-08-24T13:57:17.326+0000] {dag.py:3954} INFO - Setting next_dagrun for example_xcom_args_with_operators to None, run_after=None
[2026-08-24T13:57:17.348+0000] {processor.py:183} INFO - Processing /home/airflow/.local/lib/python3.12/site-packages/airflow/example_dags/example_xcomargs.py took 0.098 seconds
[2026-08-24T13:57:47.481+0000] {processor.py:161} INFO - Started process (PID=782) to work on /home/airflow/.local/lib/python3.12/site-packages/airflow/example_dags/example_xcomargs.py
[2026-08-24T13:57:47.483+0000] {processor.py:830} INFO - Processing file /home/airflow/.local/lib/python3.12/site-packages/airflow/example_dags/example_xcomargs.py for tasks to queue
[2026-08-24T13:57:47.485+0000] {logging_mixin.py:188} INFO - [2026-08-24T13:57:47.485+0000] {dagbag.py:545} INFO - Filling up the DagBag from /home/airflow/.local/lib/python3.12/site-packages/airflow/example_dags/example_xcomargs.py
[2026-08-24T13:57:47.496+0000] {processor.py:840} INFO - DAG(s) 'example_xcom_args', 'example_xcom_args_with_operators' retrieved from /home/airflow/.local/lib/python3.12/site-packages/airflow/example_dags/example_xcomargs.py
[2026-08-24T13:57:47.528+0000] {logging_mixin.py:188} INFO - [2026-08-24T13:57:47.528+0000] {dag.py:3096} INFO - Sync 2 DAGs
[2026-08-24T13:57:47.547+0000] {logging_mixin.py:188} INFO - [2026-08-24T13:57:47.547+0000] {dag.py:3954} INFO - Setting next_dagrun for example_xcom_args to None, run_after=None
[2026-08-24T13:57:47.552+0000] {logging_mixin.py:188} INFO - [2026-08-24T13:57:47.552+0000] {dag.py:3954} INFO - Setting next_dagrun for example_xcom_args_with_operators to None, run_after=None
[2026-08-24T13:57:47.605+0000] {processor.py:183} INFO - Processing /home/airflow/.local/lib/python3.12/site-packages/airflow/example_dags/example_xcomargs.py took 0.131 seconds
[2026-08-24T13:58:17.938+0000] {processor.py:161} INFO - Started process (PID=842) to work on /home/airflow/.local/lib/python3.12/site-packages/airflow/example_dags/example_xcomargs.py
[2026-08-24T13:58:17.939+0000] {processor.py:830} INFO - Processing file /home/airflow/.local/lib/python3.12/site-packages/airflow/example_dags/example_xcomargs.py for tasks to queue
[2026-08-24T13:58:17.941+0000] {logging_mixin.py:188} INFO - [2026-08-24T13:58:17.941+0000] {dagbag.py:545} INFO - Filling up the DagBag from /home/airflow/.local/lib/python3.12/site-packages/airflow/example_dags/example_xcomargs.py
[2026-08-24T13:58:17.951+0000] {processor.py:840} INFO - DAG(s) 'example_xcom_args', 'example_xcom_args_with_operators' retrieved from /home/airflow/.local/lib/python3.12/site-packages/airflow/example_dags/example_xcomargs.py
[2026-08-24T13:58:17.981+0000] {logging_mixin.py:188} INFO - [2026-08-24T13:58:17.981+0000] {dag.py:3096} INFO - Sync 2 DAGs
[2026-08-24T13:58:17.997+0000] {logging_mixin.py:188} INFO - [2026-08-24T13:58:17.997+0000] {dag.py:3954} INFO - Setting next_dagrun for example_xcom_args to None, run_after=None
[2026-08-24T13:58:18.002+0000] {logging_mixin.py:188} INFO - [2026-08-24T13:58:18.001+0000] {dag.py:3954} INFO - Setting next_dagrun for example_xcom_args_with_operators to None, run_after=None
[2026-08-24T13:58:18.160+0000] {processor.py:183} INFO - Processing /home/airflow/.local/lib/python3.12/site-packages/airflow/example_dags/example_xcomargs.py took 0.229 seconds
[2026-08-24T13:58:48.460+0000] {processor.py:161} INFO - Started process (PID=901) to work on /home/airflow/.local/lib/python3.12/site-packages/airflow/example_dags/example_xcomargs.py
[2026-08-24T13:58:48.461+0000] {processor.py:830} INFO - Processing file /home/airflow/.local/lib/python3.12/site-packages/airflow/example_dags/example_xcomargs.py for tasks to queue
[2026-08-24T13:58:48.464+0000] {logging_mixin.py:188} INFO - [2026-08-24T13:58:48.464+0000] {dagbag.py:545} INFO - Filling up the DagBag from /home/airflow/.local/lib/python3.12/site-packages/airflow/example_dags/example_xcomargs.py
[2026-08-24T13:58:48.475+0000] {processor.py:840} INFO - DAG(s) 'example_xcom_args_with_operators', 'example_xcom_args' retrieved from /home/airflow/.local/lib/python3.12/site-packages/airflow/example_dags/example_xcomargs.py
[2026-08-24T13:58:48.507+0000] {logging_mixin.py:188} INFO - [2026-08-24T13:58:48.506+0000] {dag.py:3096} INFO - Sync 2 DAGs
[2026-08-24T13:58:48.524+0000] {logging_mixin.py:188} INFO - [2026-08-24T13:58:48.523+0000] {dag.py:3954} INFO - Setting next_dagrun for example_xcom_args to None, run_after=None
[2026-08-24T13:58:48.529+0000] {logging_mixin.py:188} INFO - [2026-08-24T13:58:48.528+0000] {dag.py:3954} INFO - Setting next_dagrun for example_xcom_args_with_operators to None, run_after=None
[2026-08-24T13:58:48.549+0000] {processor.py:183} INFO - Processing /home/airflow/.local/lib/python3.12/site-packages/airflow/example_dags/example_xcomargs.py took 0.097 seconds
[2026-08-24T14:00:32.489+0000] {processor.py:161} INFO - Started process (PID=85) to work on /home/airflow/.local/lib/python3.12/site-packages/airflow/example_dags/example_xcomargs.py
[2026-08-24T14:00:32.491+0000] {processor.py:830} INFO - Processing file /home/airflow/.local/lib/python3.12/site-packages/airflow/example_dags/example_xcomargs.py for tasks to queue
[2026-08-24T14:00:32.495+0000] {logging_mixin.py:188} INFO - [2026-08-24T14:00:32.494+0000] {dagbag.py:545} INFO - Filling up the DagBag from /home/airflow/.local/lib/python3.12/site-packages/airflow/example_dags/example_xcomargs.py
[2026-08-24T14:00:32.518+0000] {processor.py:840} INFO - DAG(s) 'example_xcom_args', 'example_xcom_args_with_operators' retrieved from /home/airflow/.local/lib/python3.12/site-packages/airflow/example_dags/example_xcomargs.py
[2026-08-24T14:00:32.902+0000] {logging_mixin.py:188} INFO - [2026-08-24T14:00:32.902+0000] {dag.py:3096} INFO - Sync 2 DAGs
[2026-08-24T14:00:32.923+0000] {logging_mixin.py:188} INFO - [2026-08-24T14:00:32.923+0000] {dag.py:3954} INFO - Setting next_dagrun for example_xcom_args to None, run_after=None
[2026-08-24T14:00:32.930+0000] {logging_mixin.py:188} INFO - [2026-08-24T14:00:32.930+0000] {dag.py:3954} INFO - Setting next_dagrun for example_xcom_args_with_operators to None, run_after=None
[2026-08-24T14:00:32.966+0000] {processor.py:183} INFO - Processing /home/airflow/.local/lib/python3.12/site-packages/airflow/example_dags/example_xcomargs.py took 0.489 seconds
[2026-08-24T14:01:03.518+0000] {processor.py:161} INFO - Started process (PID=144) to work on /home/airflow/.local/lib/python3.12/site-packages/airflow/example_dags/example_xcomargs.py
[2026-08-24T14:01:03.519+0000] {processor.py:830} INFO - Processing file /home/airflow/.local/lib/python3.12/site-packages/airflow/example_dags/example_xcomargs.py for tasks to queue
[2026-08-24T14:01:03.522+0000] {logging_mixin.py:188} INFO - [2026-08-24T14:01:03.521+0000] {dagbag.py:545} INFO - Filling up the DagBag from /home/airflow/.local/lib/python3.12/site-packages/airflow/example_dags/example_xcomargs.py
[2026-08-24T14:01:03.532+0000] {processor.py:840} INFO - DAG(s) 'example_xcom_args_with_operators', 'example_xcom_args' retrieved from /home/airflow/.local/lib/python3.12/site-packages/airflow/example_dags/example_xcomargs.py
[2026-08-24T14:01:03.569+0000] {logging_mixin.py:188} INFO - [2026-08-24T14:01:03.569+0000] {dag.py:3096} INFO - Sync 2 DAGs
[2026-08-24T14:01:03.589+0000] {logging_mixin.py:188} INFO - [2026-08-24T14:01:03.588+0000] {dag.py:3954} INFO - Setting next_dagrun for example_xcom_args to None, run_after=None
[2026-08-24T14:01:03.594+0000] {logging_mixin.py:188} INFO - [2026-08-24T14:01:03.594+0000] {dag.py:3954} INFO - Setting next_dagrun for example_xcom_args_with_operators to None, run_after=None
[2026-08-24T14:01:03.616+0000] {processor.py:183} INFO - Processing /home/airflow/.local/lib/python3.12/site-packages/airflow/example_dags/example_xcomargs.py took 0.106 seconds
[2026-08-24T14:01:33.917+0000] {processor.py:161} INFO - Started process (PID=203) to work on /home/airflow/.local/lib/python3.12/site-packages/airflow/example_dags/example_xcomargs.py
[2026-08-24T14:01:33.919+0000] {processor.py:830} INFO - Processing file /home/airflow/.local/lib/python3.12/site-packages/airflow/example_dags/example_xcomargs.py for tasks to queue
[2026-08-24T14:01:33.921+0000] {logging_mixin.py:188} INFO - [2026-08-24T14:01:33.921+0000] {dagbag.py:545} INFO - Filling up the DagBag from /home/airflow/.local/lib/python3.12/site-packages/airflow/example_dags/example_xcomargs.py
[2026-08-24T14:01:33.931+0000] {processor.py:840} INFO - DAG(s) 'example_xcom_args', 'example_xcom_args_with_operators' retrieved from /home/airflow/.local/lib/python3.12/site-packages/airflow/example_dags/example_xcomargs.py
[2026-08-24T14:01:33.960+0000] {logging_mixin.py:188} INFO - [2026-08-24T14:01:33.960+0000] {dag.py:3096} INFO - Sync 2 DAGs
[2026-08-24T14:01:33.979+0000] {logging_mixin.py:188} INFO - [2026-08-24T14:01:33.979+0000] {dag.py:3954} INFO - Setting next_dagrun for example_xcom_args to None, run_after=None
[2026-08-24T14:01:33.984+0000] {logging_mixin.py:188} INFO - [2026-08-24T14:01:33.984+0000] {dag.py:3954} INFO - Setting next_dagrun for example_xcom_args_with_operators to None, run_after=None
[2026-08-24T14:01:34.006+0000] {processor.py:183} INFO - Processing /home/airflow/.local/lib/python3.12/site-packages/airflow/example_dags/example_xcomargs.py took 0.096 seconds
[2026-08-24T14:02:04.060+0000] {processor.py:161} INFO - Started process (PID=261) to work on /home/airflow/.local/lib/python3.12/site-packages/airflow/example_dags/example_xcomargs.py
[2026-08-24T14:02:04.061+0000] {processor.py:830} INFO - Processing file /home/airflow/.local/lib/python3.12/site-packages/airflow/example_dags/example_xcomargs.py for tasks to queue
[2026-08-24T14:02:04.064+0000] {logging_mixin.py:188} INFO - [2026-08-24T14:02:04.063+0000] {dagbag.py:545} INFO - Filling up the DagBag from /home/airflow/.local/lib/python3.12/site-packages/airflow/example_dags/example_xcomargs.py
[2026-08-24T14:02:04.075+0000] {processor.py:840} INFO - DAG(s) 'example_xcom_args', 'example_xcom_args_with_operators' retrieved from /home/airflow/.local/lib/python3.12/site-packages/airflow/example_dags/example_xcomargs.py
[2026-08-24T14:02:04.104+0000] {logging_mixin.py:188} INFO - [2026-08-24T14:02:04.103+0000] {dag.py:3096} INFO - Sync 2 DAGs
[2026-08-24T14:02:04.120+0000] {logging_mixin.py:188} INFO - [2026-08-24T14:02:04.120+0000] {dag.py:3954} INFO - Setting next_dagrun for example_xcom_args to None, run_after=None
[2026-08-24T14:02:04.125+0000] {logging_mixin.py:188} INFO - [2026-08-24T14:02:04.125+0000] {dag.py:3954} INFO - Setting next_dagrun for example_xcom_args_with_operators to None, run_after=None
[2026-08-24T14:02:04.148+0000] {processor.py:183} INFO - Processing /home/airflow/.local/lib/python3.12/site-packages/airflow/example_dags/example_xcomargs.py took 0.097 seconds
[2026-08-24T14:02:34.396+0000] {processor.py:161} INFO - Started process (PID=322) to work on /home/airflow/.local/lib/python3.12/site-packages/airflow/example_dags/example_xcomargs.py
[2026-08-24T14:02:34.397+0000] {processor.py:830} INFO - Processing file /home/airflow/.local/lib/python3.12/site-packages/airflow/example_dags/example_xcomargs.py for tasks to queue
[2026-08-24T14:02:34.400+0000] {logging_mixin.py:188} INFO - [2026-08-24T14:02:34.399+0000] {dagbag.py:545} INFO - Filling up the DagBag from /home/airflow/.local/lib/python3.12/site-packages/airflow/example_dags/example_xcomargs.py
[2026-08-24T14:02:34.411+0000] {processor.py:840} INFO - DAG(s) 'example_xcom_args_with_operators', 'example_xcom_args' retrieved from /home/airflow/.local/lib/python3.12/site-packages/airflow/example_dags/example_xcomargs.py
[2026-08-24T14:02:34.441+0000] {logging_mixin.py:188} INFO - [2026-08-24T14:02:34.441+0000] {dag.py:3096} INFO - Sync 2 DAGs
[2026-08-24T14:02:34.459+0000] {logging_mixin.py:188} INFO - [2026-08-24T14:02:34.459+0000] {dag.py:3954} INFO - Setting next_dagrun for example_xcom_args to None, run_after=None
[2026-08-24T14:02:34.464+0000] {logging_mixin.py:188} INFO - [2026-08-24T14:02:34.464+0000] {dag.py:3954} INFO - Setting next_dagrun for example_xcom_args_with_operators to None, run_after=None
[2026-08-24T14:02:34.486+0000] {processor.py:183} INFO - Processing /home/airflow/.local/lib/python3.12/site-packages/airflow/example_dags/example_xcomargs.py took 0.098 seconds
[2026-08-24T14:03:04.620+0000] {processor.py:161} INFO - Started process (PID=381) to work on /home/airflow/.local/lib/python3.12/site-packages/airflow/example_dags/example_xcomargs.py
[2026-08-24T14:03:04.624+0000] {processor.py:830} INFO - Processing file /home/airflow/.local/lib/python3.12/site-packages/airflow/example_dags/example_xcomargs.py for tasks to queue
[2026-08-24T14:03:04.630+0000] {logging_mixin.py:188} INFO - [2026-08-24T14:03:04.629+0000] {dagbag.py:545} INFO - Filling up the DagBag from /home/airflow/.local/lib/python3.12/site-packages/airflow/example_dags/example_xcomargs.py
[2026-08-24T14:03:04.645+0000] {processor.py:840} INFO - DAG(s) 'example_xcom_args_with_operators', 'example_xcom_args' retrieved from /home/airflow/.local/lib/python3.12/site-packages/airflow/example_dags/example_xcomargs.py
[2026-08-24T14:03:04.684+0000] {logging_mixin.py:188} INFO - [2026-08-24T14:03:04.684+0000] {dag.py:3096} INFO - Sync 2 DAGs
[2026-08-24T14:03:04.712+0000] {logging_mixin.py:188} INFO - [2026-08-24T14:03:04.712+0000] {dag.py:3954} INFO - Setting next_dagrun for example_xcom_args to None, run_after=None
[2026-08-24T14:03:04.719+0000] {logging_mixin.py:188} INFO - [2026-08-24T14:03:04.719+0000] {dag.py:3954} INFO - Setting next_dagrun for example_xcom_args_with_operators to None, run_after=None
[2026-08-24T14:03:04.750+0000] {processor.py:183} INFO - Processing /home/airflow/.local/lib/python3.12/site-packages/airflow/example_dags/example_xcomargs.py took 0.141 seconds
[2026-08-24T14:07:36.047+0000] {processor.py:161} INFO - Started process (PID=91) to work on /home/airflow/.local/lib/python3.12/site-packages/airflow/example_dags/example_xcomargs.py
[2026-08-24T14:07:36.049+0000] {processor.py:830} INFO - Processing file /home/airflow/.local/lib/python3.12/site-packages/airflow/example_dags/example_xcomargs.py for tasks to queue
[2026-08-24T14:07:36.052+0000] {logging_mixin.py:188} INFO - [2026-08-24T14:07:36.051+0000] {dagbag.py:545} INFO - Filling up the DagBag from /home/airflow/.local/lib/python3.12/site-packages/airflow/example_dags/example_xcomargs.py
[2026-08-24T14:07:36.073+0000] {processor.py:840} INFO - DAG(s) 'example_xcom_args', 'example_xcom_args_with_operators' retrieved from /home/airflow/.local/lib/python3.12/site-packages/airflow/example_dags/example_xcomargs.py
[2026-08-24T14:07:36.430+0000] {logging_mixin.py:188} INFO - [2026-08-24T14:07:36.430+0000] {dag.py:3096} INFO - Sync 2 DAGs
[2026-08-24T14:07:36.451+0000] {logging_mixin.py:188} INFO - [2026-08-24T14:07:36.451+0000] {dag.py:3954} INFO - Setting next_dagrun for example_xcom_args to None, run_after=None
[2026-08-24T14:07:36.457+0000] {logging_mixin.py:188} INFO - [2026-08-24T14:07:36.457+0000] {dag.py:3954} INFO - Setting next_dagrun for example_xcom_args_with_operators to None, run_after=None
[2026-08-24T14:07:36.487+0000] {processor.py:183} INFO - Processing /home/airflow/.local/lib/python3.12/site-packages/airflow/example_dags/example_xcomargs.py took 0.448 seconds
[2026-08-24T14:08:07.211+0000] {processor.py:161} INFO - Started process (PID=150) to work on /home/airflow/.local/lib/python3.12/site-packages/airflow/example_dags/example_xcomargs.py
[2026-08-24T14:08:07.212+0000] {processor.py:830} INFO - Processing file /home/airflow/.local/lib/python3.12/site-packages/airflow/example_dags/example_xcomargs.py for tasks to queue
[2026-08-24T14:08:07.214+0000] {logging_mixin.py:188} INFO - [2026-08-24T14:08:07.214+0000] {dagbag.py:545} INFO - Filling up the DagBag from /home/airflow/.local/lib/python3.12/site-packages/airflow/example_dags/example_xcomargs.py
[2026-08-24T14:08:07.226+0000] {processor.py:840} INFO - DAG(s) 'example_xcom_args_with_operators', 'example_xcom_args' retrieved from /home/airflow/.local/lib/python3.12/site-packages/airflow/example_dags/example_xcomargs.py
[2026-08-24T14:08:07.259+0000] {logging_mixin.py:188} INFO - [2026-08-24T14:08:07.259+0000] {dag.py:3096} INFO - Sync 2 DAGs
[2026-08-24T14:08:07.278+0000] {logging_mixin.py:188} INFO - [2026-08-24T14:08:07.278+0000] {dag.py:3954} INFO - Setting next_dagrun for example_xcom_args to None, run_after=None
[2026-08-24T14:08:07.284+0000] {logging_mixin.py:188} INFO - [2026-08-24T14:08:07.283+0000] {dag.py:3954} INFO - Setting next_dagrun for example_xcom_args_with_operators to None, run_after=None
[2026-08-24T14:08:07.305+0000] {processor.py:183} INFO - Processing /home/airflow/.local/lib/python3.12/site-packages/airflow/example_dags/example_xcomargs.py took 0.102 seconds
[2026-08-24T14:08:37.774+0000] {processor.py:161} INFO - Started process (PID=209) to work on /home/airflow/.local/lib/python3.12/site-packages/airflow/example_dags/example_xcomargs.py
[2026-08-24T14:08:37.776+0000] {processor.py:830} INFO - Processing file /home/airflow/.local/lib/python3.12/site-packages/airflow/example_dags/example_xcomargs.py for tasks to queue
[2026-08-24T14:08:37.779+0000] {logging_mixin.py:188} INFO - [2026-08-24T14:08:37.779+0000] {dagbag.py:545} INFO - Filling up the DagBag from /home/airflow/.local/lib/python3.12/site-packages/airflow/example_dags/example_xcomargs.py
[2026-08-24T14:08:37.790+0000] {processor.py:840} INFO - DAG(s) 'example_xcom_args_with_operators', 'example_xcom_args' retrieved from /home/airflow/.local/lib/python3.12/site-packages/airflow/example_dags/example_xcomargs.py
[2026-08-24T14:08:37.827+0000] {logging_mixin.py:188} INFO - [2026-08-24T14:08:37.826+0000] {dag.py:3096} INFO - Sync 2 DAGs
[2026-08-24T14:08:37.850+0000] {logging_mixin.py:188} INFO - [2026-08-24T14:08:37.850+0000] {dag.py:3954} INFO - Setting next_dagrun for example_xcom_args to None, run_after=None
[2026-08-24T14:08:37.858+0000] {logging_mixin.py:188} INFO - [2026-08-24T14:08:37.858+0000] {dag.py:3954} INFO - Setting next_dagrun for example_xcom_args_with_operators to None, run_after=None
[2026-08-24T14:08:37.889+0000] {processor.py:183} INFO - Processing /home/airflow/.local/lib/python3.12/site-packages/airflow/example_dags/example_xcomargs.py took 0.123 seconds
[2026-08-24T14:09:08.203+0000] {processor.py:161} INFO - Started process (PID=268) to work on /home/airflow/.local/lib/python3.12/site-packages/airflow/example_dags/example_xcomargs.py
[2026-08-24T14:09:08.204+0000] {processor.py:830} INFO - Processing file /home/airflow/.local/lib/python3.12/site-packages/airflow/example_dags/example_xcomargs.py for tasks to queue
[2026-08-24T14:09:08.208+0000] {logging_mixin.py:188} INFO - [2026-08-24T14:09:08.207+0000] {dagbag.py:545} INFO - Filling up the DagBag from /home/airflow/.local/lib/python3.12/site-packages/airflow/example_dags/example_xcomargs.py
[2026-08-24T14:09:08.225+0000] {processor.py:840} INFO - DAG(s) 'example_xcom_args', 'example_xcom_args_with_operators' retrieved from /home/airflow/.local/lib/python3.12/site-packages/airflow/example_dags/example_xcomargs.py
[2026-08-24T14:09:08.289+0000] {logging_mixin.py:188} INFO - [2026-08-24T14:09:08.288+0000] {dag.py:3096} INFO - Sync 2 DAGs
[2026-08-24T14:09:08.317+0000] {logging_mixin.py:188} INFO - [2026-08-24T14:09:08.317+0000] {dag.py:3954} INFO - Setting next_dagrun for example_xcom_args to None, run_after=None
[2026-08-24T14:09:08.323+0000] {logging_mixin.py:188} INFO - [2026-08-24T14:09:08.323+0000] {dag.py:3954} INFO - Setting next_dagrun for example_xcom_args_with_operators to None, run_after=None
[2026-08-24T14:09:08.353+0000] {processor.py:183} INFO - Processing /home/airflow/.local/lib/python3.12/site-packages/airflow/example_dags/example_xcomargs.py took 0.162 seconds
[2026-08-24T14:09:38.892+0000] {processor.py:161} INFO - Started process (PID=327) to work on /home/airflow/.local/lib/python3.12/site-packages/airflow/example_dags/example_xcomargs.py
[2026-08-24T14:09:38.894+0000] {processor.py:830} INFO - Processing file /home/airflow/.local/lib/python3.12/site-packages/airflow/example_dags/example_xcomargs.py for tasks to queue
[2026-08-24T14:09:38.897+0000] {logging_mixin.py:188} INFO - [2026-08-24T14:09:38.897+0000] {dagbag.py:545} INFO - Filling up the DagBag from /home/airflow/.local/lib/python3.12/site-packages/airflow/example_dags/example_xcomargs.py
[2026-08-24T14:09:38.909+0000] {processor.py:840} INFO - DAG(s) 'example_xcom_args', 'example_xcom_args_with_operators' retrieved from /home/airflow/.local/lib/python3.12/site-packages/airflow/example_dags/example_xcomargs.py
[2026-08-24T14:09:38.943+0000] {logging_mixin.py:188} INFO - [2026-08-24T14:09:38.943+0000] {dag.py:3096} INFO - Sync 2 DAGs
[2026-08-24T14:09:38.965+0000] {logging_mixin.py:188} INFO - [2026-08-24T14:09:38.965+0000] {dag.py:3954} INFO - Setting next_dagrun for example_xcom_args to None, run_after=None
[2026-08-24T14:09:38.971+0000] {logging_mixin.py:188} INFO - [2026-08-24T14:09:38.971+0000] {dag.py:3954} INFO - Setting next_dagrun for example_xcom_args_with_operators to None, run_after=None
[2026-08-24T14:09:38.997+0000] {processor.py:183} INFO - Processing /home/airflow/.local/lib/python3.12/site-packages/airflow/example_dags/example_xcomargs.py took 0.113 seconds
[2026-08-24T14:10:09.438+0000] {processor.py:161} INFO - Started process (PID=386) to work on /home/airflow/.local/lib/python3.12/site-packages/airflow/example_dags/example_xcomargs.py
[2026-08-24T14:10:09.439+0000] {processor.py:830} INFO - Processing file /home/airflow/.local/lib/python3.12/site-packages/airflow/example_dags/example_xcomargs.py for tasks to queue
[2026-08-24T14:10:09.441+0000] {logging_mixin.py:188} INFO - [2026-08-24T14:10:09.441+0000] {dagbag.py:545} INFO - Filling up the DagBag from /home/airflow/.local/lib/python3.12/site-packages/airflow/example_dags/example_xcomargs.py
[2026-08-24T14:10:09.452+0000] {processor.py:840} INFO - DAG(s) 'example_xcom_args_with_operators', 'example_xcom_args' retrieved from /home/airflow/.local/lib/python3.12/site-packages/airflow/example_dags/example_xcomargs.py
[2026-08-24T14:10:09.482+0000] {logging_mixin.py:188} INFO - [2026-08-24T14:10:09.482+0000] {dag.py:3096} INFO - Sync 2 DAGs
[2026-08-24T14:10:09.500+0000] {logging_mixin.py:188} INFO - [2026-08-24T14:10:09.500+0000] {dag.py:3954} INFO - Setting next_dagrun for example_xcom_args to None, run_after=None
[2026-08-24T14:10:09.505+0000] {logging_mixin.py:188} INFO - [2026-08-24T14:10:09.505+0000] {dag.py:3954} INFO - Setting next_dagrun for example_xcom_args_with_operators to None, run_after=None
[2026-08-24T14:10:09.527+0000] {processor.py:183} INFO - Processing /home/airflow/.local/lib/python3.12/site-packages/airflow/example_dags/example_xcomargs.py took 0.098 seconds
[2026-08-24T14:10:39.897+0000] {processor.py:161} INFO - Started process (PID=445) to work on /home/airflow/.local/lib/python3.12/site-packages/airflow/example_dags/example_xcomargs.py
[2026-08-24T14:10:39.899+0000] {processor.py:830} INFO - Processing file /home/airflow/.local/lib/python3.12/site-packages/airflow/example_dags/example_xcomargs.py for tasks to queue
[2026-08-24T14:10:39.903+0000] {logging_mixin.py:188} INFO - [2026-08-24T14:10:39.903+0000] {dagbag.py:545} INFO - Filling up the DagBag from /home/airflow/.local/lib/python3.12/site-packages/airflow/example_dags/example_xcomargs.py
[2026-08-24T14:10:39.921+0000] {processor.py:840} INFO - DAG(s) 'example_xcom_args', 'example_xcom_args_with_operators' retrieved from /home/airflow/.local/lib/python3.12/site-packages/airflow/example_dags/example_xcomargs.py
[2026-08-24T14:10:39.985+0000] {logging_mixin.py:188} INFO - [2026-08-24T14:10:39.985+0000] {dag.py:3096} INFO - Sync 2 DAGs
[2026-08-24T14:10:40.019+0000] {logging_mixin.py:188} INFO - [2026-08-24T14:10:40.019+0000] {dag.py:3954} INFO - Setting next_dagrun for example_xcom_args to None, run_after=None
[2026-08-24T14:10:40.026+0000] {logging_mixin.py:188} INFO - [2026-08-24T14:10:40.026+0000] {dag.py:3954} INFO - Setting next_dagrun for example_xcom_args_with_operators to None, run_after=None
[2026-08-24T14:10:40.055+0000] {processor.py:183} INFO - Processing /home/airflow/.local/lib/python3.12/site-packages/airflow/example_dags/example_xcomargs.py took 0.176 seconds
[2026-08-24T14:13:23.891+0000] {processor.py:161} INFO - Started process (PID=95) to work on /home/airflow/.local/lib/python3.12/site-packages/airflow/example_dags/example_xcomargs.py
[2026-08-24T14:13:23.893+0000] {processor.py:830} INFO - Processing file /home/airflow/.local/lib/python3.12/site-packages/airflow/example_dags/example_xcomargs.py for tasks to queue
[2026-08-24T14:13:23.897+0000] {logging_mixin.py:188} INFO - [2026-08-24T14:13:23.896+0000] {dagbag.py:545} INFO - Filling up the DagBag from /home/airflow/.local/lib/python3.12/site-packages/airflow/example_dags/example_xcomargs.py
[2026-08-24T14:13:23.918+0000] {processor.py:840} INFO - DAG(s) 'example_xcom_args', 'example_xcom_args_with_operators' retrieved from /home/airflow/.local/lib/python3.12/site-packages/airflow/example_dags/example_xcomargs.py
[2026-08-24T14:13:24.115+0000] {logging_mixin.py:188} INFO - [2026-08-24T14:13:24.114+0000] {dag.py:3096} INFO - Sync 2 DAGs
[2026-08-24T14:13:24.135+0000] {logging_mixin.py:188} INFO - [2026-08-24T14:13:24.135+0000] {dag.py:3954} INFO - Setting next_dagrun for example_xcom_args to None, run_after=None
[2026-08-24T14:13:24.140+0000] {logging_mixin.py:188} INFO - [2026-08-24T14:13:24.140+0000] {dag.py:3954} INFO - Setting next_dagrun for example_xcom_args_with_operators to None, run_after=None
[2026-08-24T14:13:24.167+0000] {processor.py:183} INFO - Processing /home/airflow/.local/lib/python3.12/site-packages/airflow/example_dags/example_xcomargs.py took 0.286 seconds
[2026-08-24T14:13:54.482+0000] {processor.py:161} INFO - Started process (PID=154) to work on /home/airflow/.local/lib/python3.12/site-packages/airflow/example_dags/example_xcomargs.py
[2026-08-24T14:13:54.483+0000] {processor.py:830} INFO - Processing file /home/airflow/.local/lib/python3.12/site-packages/airflow/example_dags/example_xcomargs.py for tasks to queue
[2026-08-24T14:13:54.486+0000] {logging_mixin.py:188} INFO - [2026-08-24T14:13:54.485+0000] {dagbag.py:545} INFO - Filling up the DagBag from /home/airflow/.local/lib/python3.12/site-packages/airflow/example_dags/example_xcomargs.py
[2026-08-24T14:13:54.496+0000] {processor.py:840} INFO - DAG(s) 'example_xcom_args_with_operators', 'example_xcom_args' retrieved from /home/airflow/.local/lib/python3.12/site-packages/airflow/example_dags/example_xcomargs.py
[2026-08-24T14:13:54.524+0000] {logging_mixin.py:188} INFO - [2026-08-24T14:13:54.523+0000] {dag.py:3096} INFO - Sync 2 DAGs
[2026-08-24T14:13:54.541+0000] {logging_mixin.py:188} INFO - [2026-08-24T14:13:54.541+0000] {dag.py:3954} INFO - Setting next_dagrun for example_xcom_args to None, run_after=None
[2026-08-24T14:13:54.549+0000] {logging_mixin.py:188} INFO - [2026-08-24T14:13:54.549+0000] {dag.py:3954} INFO - Setting next_dagrun for example_xcom_args_with_operators to None, run_after=None
[2026-08-24T14:13:54.570+0000] {processor.py:183} INFO - Processing /home/airflow/.local/lib/python3.12/site-packages/airflow/example_dags/example_xcomargs.py took 0.096 seconds
[2026-08-24T14:14:25.086+0000] {processor.py:161} INFO - Started process (PID=213) to work on /home/airflow/.local/lib/python3.12/site-packages/airflow/example_dags/example_xcomargs.py
[2026-08-24T14:14:25.087+0000] {processor.py:830} INFO - Processing file /home/airflow/.local/lib/python3.12/site-packages/airflow/example_dags/example_xcomargs.py for tasks to queue
[2026-08-24T14:14:25.089+0000] {logging_mixin.py:188} INFO - [2026-08-24T14:14:25.089+0000] {dagbag.py:545} INFO - Filling up the DagBag from /home/airflow/.local/lib/python3.12/site-packages/airflow/example_dags/example_xcomargs.py
[2026-08-24T14:14:25.100+0000] {processor.py:840} INFO - DAG(s) 'example_xcom_args', 'example_xcom_args_with_operators' retrieved from /home/airflow/.local/lib/python3.12/site-packages/airflow/example_dags/example_xcomargs.py
[2026-08-24T14:14:25.130+0000] {logging_mixin.py:188} INFO - [2026-08-24T14:14:25.129+0000] {dag.py:3096} INFO - Sync 2 DAGs
[2026-08-24T14:14:25.150+0000] {logging_mixin.py:188} INFO - [2026-08-24T14:14:25.149+0000] {dag.py:3954} INFO - Setting next_dagrun for example_xcom_args to None, run_after=None
[2026-08-24T14:14:25.155+0000] {logging_mixin.py:188} INFO - [2026-08-24T14:14:25.155+0000] {dag.py:3954} INFO - Setting next_dagrun for example_xcom_args_with_operators to None, run_after=None
[2026-08-24T14:14:25.177+0000] {processor.py:183} INFO - Processing /home/airflow/.local/lib/python3.12/site-packages/airflow/example_dags/example_xcomargs.py took 0.099 seconds
[2026-08-24T14:14:55.710+0000] {processor.py:161} INFO - Started process (PID=272) to work on /home/airflow/.local/lib/python3.12/site-packages/airflow/example_dags/example_xcomargs.py
[2026-08-24T14:14:55.711+0000] {processor.py:830} INFO - Processing file /home/airflow/.local/lib/python3.12/site-packages/airflow/example_dags/example_xcomargs.py for tasks to queue
[2026-08-24T14:14:55.714+0000] {logging_mixin.py:188} INFO - [2026-08-24T14:14:55.713+0000] {dagbag.py:545} INFO - Filling up the DagBag from /home/airflow/.local/lib/python3.12/site-packages/airflow/example_dags/example_xcomargs.py
[2026-08-24T14:14:55.724+0000] {processor.py:840} INFO - DAG(s) 'example_xcom_args_with_operators', 'example_xcom_args' retrieved from /home/airflow/.local/lib/python3.12/site-packages/airflow/example_dags/example_xcomargs.py
[2026-08-24T14:14:55.757+0000] {logging_mixin.py:188} INFO - [2026-08-24T14:14:55.756+0000] {dag.py:3096} INFO - Sync 2 DAGs
[2026-08-24T14:14:55.778+0000] {logging_mixin.py:188} INFO - [2026-08-24T14:14:55.777+0000] {dag.py:3954} INFO - Setting next_dagrun for example_xcom_args to None, run_after=None
[2026-08-24T14:14:55.783+0000] {logging_mixin.py:188} INFO - [2026-08-24T14:14:55.782+0000] {dag.py:3954} INFO - Setting next_dagrun for example_xcom_args_with_operators to None, run_after=None
[2026-08-24T14:14:55.805+0000] {processor.py:183} INFO - Processing /home/airflow/.local/lib/python3.12/site-packages/airflow/example_dags/example_xcomargs.py took 0.103 seconds
[2026-08-24T14:15:26.075+0000] {processor.py:161} INFO - Started process (PID=330) to work on /home/airflow/.local/lib/python3.12/site-packages/airflow/example_dags/example_xcomargs.py
[2026-08-24T14:15:26.076+0000] {processor.py:830} INFO - Processing file /home/airflow/.local/lib/python3.12/site-packages/airflow/example_dags/example_xcomargs.py for tasks to queue
[2026-08-24T14:15:26.080+0000] {logging_mixin.py:188} INFO - [2026-08-24T14:15:26.080+0000] {dagbag.py:545} INFO - Filling up the DagBag from /home/airflow/.local/lib/python3.12/site-packages/airflow/example_dags/example_xcomargs.py
[2026-08-24T14:15:26.093+0000] {processor.py:840} INFO - DAG(s) 'example_xcom_args', 'example_xcom_args_with_operators' retrieved from /home/airflow/.local/lib/python3.12/site-packages/airflow/example_dags/example_xcomargs.py
[2026-08-24T14:15:26.127+0000] {logging_mixin.py:188} INFO - [2026-08-24T14:15:26.126+0000] {dag.py:3096} INFO - Sync 2 DAGs
[2026-08-24T14:15:26.144+0000] {logging_mixin.py:188} INFO - [2026-08-24T14:15:26.144+0000] {dag.py:3954} INFO - Setting next_dagrun for example_xcom_args to None, run_after=None
[2026-08-24T14:15:26.150+0000] {logging_mixin.py:188} INFO - [2026-08-24T14:15:26.150+0000] {dag.py:3954} INFO - Setting next_dagrun for example_xcom_args_with_operators to None, run_after=None
[2026-08-24T14:15:26.175+0000] {processor.py:183} INFO - Processing /home/airflow/.local/lib/python3.12/site-packages/airflow/example_dags/example_xcomargs.py took 0.112 seconds
[2026-08-24T14:15:56.380+0000] {processor.py:161} INFO - Started process (PID=389) to work on /home/airflow/.local/lib/python3.12/site-packages/airflow/example_dags/example_xcomargs.py
[2026-08-24T14:15:56.381+0000] {processor.py:830} INFO - Processing file /home/airflow/.local/lib/python3.12/site-packages/airflow/example_dags/example_xcomargs.py for tasks to queue
[2026-08-24T14:15:56.384+0000] {logging_mixin.py:188} INFO - [2026-08-24T14:15:56.383+0000] {dagbag.py:545} INFO - Filling up the DagBag from /home/airflow/.local/lib/python3.12/site-packages/airflow/example_dags/example_xcomargs.py
[2026-08-24T14:15:56.394+0000] {processor.py:840} INFO - DAG(s) 'example_xcom_args_with_operators', 'example_xcom_args' retrieved from /home/airflow/.local/lib/python3.12/site-packages/airflow/example_dags/example_xcomargs.py
[2026-08-24T14:15:56.430+0000] {logging_mixin.py:188} INFO - [2026-08-24T14:15:56.429+0000] {dag.py:3096} INFO - Sync 2 DAGs
[2026-08-24T14:15:56.448+0000] {logging_mixin.py:188} INFO - [2026-08-24T14:15:56.448+0000] {dag.py:3954} INFO - Setting next_dagrun for example_xcom_args to None, run_after=None
[2026-08-24T14:15:56.454+0000] {logging_mixin.py:188} INFO - [2026-08-24T14:15:56.454+0000] {dag.py:3954} INFO - Setting next_dagrun for example_xcom_args_with_operators to None, run_after=None
[2026-08-24T14:15:56.479+0000] {processor.py:183} INFO - Processing /home/airflow/.local/lib/python3.12/site-packages/airflow/example_dags/example_xcomargs.py took 0.107 seconds
[2026-08-24T14:16:26.951+0000] {processor.py:161} INFO - Started process (PID=448) to work on /home/airflow/.local/lib/python3.12/site-packages/airflow/example_dags/example_xcomargs.py
[2026-08-24T14:16:26.952+0000] {processor.py:830} INFO - Processing file /home/airflow/.local/lib/python3.12/site-packages/airflow/example_dags/example_xcomargs.py for tasks to queue
[2026-08-24T14:16:26.955+0000] {logging_mixin.py:188} INFO - [2026-08-24T14:16:26.954+0000] {dagbag.py:545} INFO - Filling up the DagBag from /home/airflow/.local/lib/python3.12/site-packages/airflow/example_dags/example_xcomargs.py
[2026-08-24T14:16:26.965+0000] {processor.py:840} INFO - DAG(s) 'example_xcom_args', 'example_xcom_args_with_operators' retrieved from /home/airflow/.local/lib/python3.12/site-packages/airflow/example_dags/example_xcomargs.py
[2026-08-24T14:16:26.995+0000] {logging_mixin.py:188} INFO - [2026-08-24T14:16:26.995+0000] {dag.py:3096} INFO - Sync 2 DAGs
[2026-08-24T14:16:27.013+0000] {logging_mixin.py:188} INFO - [2026-08-24T14:16:27.012+0000] {dag.py:3954} INFO - Setting next_dagrun for example_xcom_args to None, run_after=None
[2026-08-24T14:16:27.017+0000] {logging_mixin.py:188} INFO - [2026-08-24T14:16:27.017+0000] {dag.py:3954} INFO - Setting next_dagrun for example_xcom_args_with_operators to None, run_after=None
[2026-08-24T14:16:27.039+0000] {processor.py:183} INFO - Processing /home/airflow/.local/lib/python3.12/site-packages/airflow/example_dags/example_xcomargs.py took 0.097 seconds
[2026-08-24T14:16:57.162+0000] {processor.py:161} INFO - Started process (PID=507) to work on /home/airflow/.local/lib/python3.12/site-packages/airflow/example_dags/example_xcomargs.py
[2026-08-24T14:16:57.163+0000] {processor.py:830} INFO - Processing file /home/airflow/.local/lib/python3.12/site-packages/airflow/example_dags/example_xcomargs.py for tasks to queue
[2026-08-24T14:16:57.168+0000] {logging_mixin.py:188} INFO - [2026-08-24T14:16:57.168+0000] {dagbag.py:545} INFO - Filling up the DagBag from /home/airflow/.local/lib/python3.12/site-packages/airflow/example_dags/example_xcomargs.py
[2026-08-24T14:16:57.184+0000] {processor.py:840} INFO - DAG(s) 'example_xcom_args_with_operators', 'example_xcom_args' retrieved from /home/airflow/.local/lib/python3.12/site-packages/airflow/example_dags/example_xcomargs.py
[2026-08-24T14:16:57.225+0000] {logging_mixin.py:188} INFO - [2026-08-24T14:16:57.225+0000] {dag.py:3096} INFO - Sync 2 DAGs
[2026-08-24T14:16:57.250+0000] {logging_mixin.py:188} INFO - [2026-08-24T14:16:57.249+0000] {dag.py:3954} INFO - Setting next_dagrun for example_xcom_args to None, run_after=None
[2026-08-24T14:16:57.256+0000] {logging_mixin.py:188} INFO - [2026-08-24T14:16:57.256+0000] {dag.py:3954} INFO - Setting next_dagrun for example_xcom_args_with_operators to None, run_after=None
[2026-08-24T14:16:57.287+0000] {processor.py:183} INFO - Processing /home/airflow/.local/lib/python3.12/site-packages/airflow/example_dags/example_xcomargs.py took 0.136 seconds
[2026-08-24T14:17:27.743+0000] {processor.py:161} INFO - Started process (PID=566) to work on /home/airflow/.local/lib/python3.12/site-packages/airflow/example_dags/example_xcomargs.py
[2026-08-24T14:17:27.745+0000] {processor.py:830} INFO - Processing file /home/airflow/.local/lib/python3.12/site-packages/airflow/example_dags/example_xcomargs.py for tasks to queue
[2026-08-24T14:17:27.750+0000] {logging_mixin.py:188} INFO - [2026-08-24T14:17:27.749+0000] {dagbag.py:545} INFO - Filling up the DagBag from /home/airflow/.local/lib/python3.12/site-packages/airflow/example_dags/example_xcomargs.py
[2026-08-24T14:17:27.766+0000] {processor.py:840} INFO - DAG(s) 'example_xcom_args', 'example_xcom_args_with_operators' retrieved from /home/airflow/.local/lib/python3.12/site-packages/airflow/example_dags/example_xcomargs.py
[2026-08-24T14:17:27.807+0000] {logging_mixin.py:188} INFO - [2026-08-24T14:17:27.806+0000] {dag.py:3096} INFO - Sync 2 DAGs
[2026-08-24T14:17:27.830+0000] {logging_mixin.py:188} INFO - [2026-08-24T14:17:27.829+0000] {dag.py:3954} INFO - Setting next_dagrun for example_xcom_args to None, run_after=None
[2026-08-24T14:17:27.835+0000] {logging_mixin.py:188} INFO - [2026-08-24T14:17:27.835+0000] {dag.py:3954} INFO - Setting next_dagrun for example_xcom_args_with_operators to None, run_after=None
[2026-08-24T14:17:27.865+0000] {processor.py:183} INFO - Processing /home/airflow/.local/lib/python3.12/site-packages/airflow/example_dags/example_xcomargs.py took 0.133 seconds
[2026-08-24T14:17:57.984+0000] {processor.py:161} INFO - Started process (PID=625) to work on /home/airflow/.local/lib/python3.12/site-packages/airflow/example_dags/example_xcomargs.py
[2026-08-24T14:17:57.986+0000] {processor.py:830} INFO - Processing file /home/airflow/.local/lib/python3.12/site-packages/airflow/example_dags/example_xcomargs.py for tasks to queue
[2026-08-24T14:17:57.989+0000] {logging_mixin.py:188} INFO - [2026-08-24T14:17:57.988+0000] {dagbag.py:545} INFO - Filling up the DagBag from /home/airflow/.local/lib/python3.12/site-packages/airflow/example_dags/example_xcomargs.py
[2026-08-24T14:17:58.000+0000] {processor.py:840} INFO - DAG(s) 'example_xcom_args_with_operators', 'example_xcom_args' retrieved from /home/airflow/.local/lib/python3.12/site-packages/airflow/example_dags/example_xcomargs.py
[2026-08-24T14:17:58.034+0000] {logging_mixin.py:188} INFO - [2026-08-24T14:17:58.033+0000] {dag.py:3096} INFO - Sync 2 DAGs
[2026-08-24T14:17:58.055+0000] {logging_mixin.py:188} INFO - [2026-08-24T14:17:58.054+0000] {dag.py:3954} INFO - Setting next_dagrun for example_xcom_args to None, run_after=None
[2026-08-24T14:17:58.060+0000] {logging_mixin.py:188} INFO - [2026-08-24T14:17:58.060+0000] {dag.py:3954} INFO - Setting next_dagrun for example_xcom_args_with_operators to None, run_after=None
[2026-08-24T14:17:58.087+0000] {processor.py:183} INFO - Processing /home/airflow/.local/lib/python3.12/site-packages/airflow/example_dags/example_xcomargs.py took 0.111 seconds
[2026-08-24T14:18:28.899+0000] {processor.py:161} INFO - Started process (PID=684) to work on /home/airflow/.local/lib/python3.12/site-packages/airflow/example_dags/example_xcomargs.py
[2026-08-24T14:18:28.900+0000] {processor.py:830} INFO - Processing file /home/airflow/.local/lib/python3.12/site-packages/airflow/example_dags/example_xcomargs.py for tasks to queue
[2026-08-24T14:18:28.902+0000] {logging_mixin.py:188} INFO - [2026-08-24T14:18:28.902+0000] {dagbag.py:545} INFO - Filling up the DagBag from /home/airflow/.local/lib/python3.12/site-packages/airflow/example_dags/example_xcomargs.py
[2026-08-24T14:18:28.913+0000] {processor.py:840} INFO - DAG(s) 'example_xcom_args', 'example_xcom_args_with_operators' retrieved from /home/airflow/.local/lib/python3.12/site-packages/airflow/example_dags/example_xcomargs.py
[2026-08-24T14:18:28.945+0000] {logging_mixin.py:188} INFO - [2026-08-24T14:18:28.944+0000] {dag.py:3096} INFO - Sync 2 DAGs
[2026-08-24T14:18:28.962+0000] {logging_mixin.py:188} INFO - [2026-08-24T14:18:28.962+0000] {dag.py:3954} INFO - Setting next_dagrun for example_xcom_args to None, run_after=None
[2026-08-24T14:18:28.967+0000] {logging_mixin.py:188} INFO - [2026-08-24T14:18:28.967+0000] {dag.py:3954} INFO - Setting next_dagrun for example_xcom_args_with_operators to None, run_after=None
[2026-08-24T14:18:28.991+0000] {processor.py:183} INFO - Processing /home/airflow/.local/lib/python3.12/site-packages/airflow/example_dags/example_xcomargs.py took 0.099 seconds
[2026-08-24T14:18:59.058+0000] {processor.py:161} INFO - Started process (PID=743) to work on /home/airflow/.local/lib/python3.12/site-packages/airflow/example_dags/example_xcomargs.py
[2026-08-24T14:18:59.059+0000] {processor.py:830} INFO - Processing file /home/airflow/.local/lib/python3.12/site-packages/airflow/example_dags/example_xcomargs.py for tasks to queue
[2026-08-24T14:18:59.062+0000] {logging_mixin.py:188} INFO - [2026-08-24T14:18:59.061+0000] {dagbag.py:545} INFO - Filling up the DagBag from /home/airflow/.local/lib/python3.12/site-packages/airflow/example_dags/example_xcomargs.py
[2026-08-24T14:18:59.072+0000] {processor.py:840} INFO - DAG(s) 'example_xcom_args', 'example_xcom_args_with_operators' retrieved from /home/airflow/.local/lib/python3.12/site-packages/airflow/example_dags/example_xcomargs.py
[2026-08-24T14:18:59.100+0000] {logging_mixin.py:188} INFO - [2026-08-24T14:18:59.099+0000] {dag.py:3096} INFO - Sync 2 DAGs
[2026-08-24T14:18:59.116+0000] {logging_mixin.py:188} INFO - [2026-08-24T14:18:59.116+0000] {dag.py:3954} INFO - Setting next_dagrun for example_xcom_args to None, run_after=None
[2026-08-24T14:18:59.121+0000] {logging_mixin.py:188} INFO - [2026-08-24T14:18:59.121+0000] {dag.py:3954} INFO - Setting next_dagrun for example_xcom_args_with_operators to None, run_after=None
[2026-08-24T14:18:59.142+0000] {processor.py:183} INFO - Processing /home/airflow/.local/lib/python3.12/site-packages/airflow/example_dags/example_xcomargs.py took 0.091 seconds
[2026-08-24T14:19:29.461+0000] {processor.py:161} INFO - Started process (PID=804) to work on /home/airflow/.local/lib/python3.12/site-packages/airflow/example_dags/example_xcomargs.py
[2026-08-24T14:19:29.462+0000] {processor.py:830} INFO - Processing file /home/airflow/.local/lib/python3.12/site-packages/airflow/example_dags/example_xcomargs.py for tasks to queue
[2026-08-24T14:19:29.465+0000] {logging_mixin.py:188} INFO - [2026-08-24T14:19:29.464+0000] {dagbag.py:545} INFO - Filling up the DagBag from /home/airflow/.local/lib/python3.12/site-packages/airflow/example_dags/example_xcomargs.py
[2026-08-24T14:19:29.477+0000] {processor.py:840} INFO - DAG(s) 'example_xcom_args', 'example_xcom_args_with_operators' retrieved from /home/airflow/.local/lib/python3.12/site-packages/airflow/example_dags/example_xcomargs.py
[2026-08-24T14:19:29.513+0000] {logging_mixin.py:188} INFO - [2026-08-24T14:19:29.512+0000] {dag.py:3096} INFO - Sync 2 DAGs
[2026-08-24T14:19:29.532+0000] {logging_mixin.py:188} INFO - [2026-08-24T14:19:29.532+0000] {dag.py:3954} INFO - Setting next_dagrun for example_xcom_args to None, run_after=None
[2026-08-24T14:19:29.539+0000] {logging_mixin.py:188} INFO - [2026-08-24T14:19:29.538+0000] {dag.py:3954} INFO - Setting next_dagrun for example_xcom_args_with_operators to None, run_after=None
[2026-08-24T14:19:29.563+0000] {processor.py:183} INFO - Processing /home/airflow/.local/lib/python3.12/site-packages/airflow/example_dags/example_xcomargs.py took 0.115 seconds
[2026-08-24T14:20:00.306+0000] {processor.py:161} INFO - Started process (PID=864) to work on /home/airflow/.local/lib/python3.12/site-packages/airflow/example_dags/example_xcomargs.py
[2026-08-24T14:20:00.307+0000] {processor.py:830} INFO - Processing file /home/airflow/.local/lib/python3.12/site-packages/airflow/example_dags/example_xcomargs.py for tasks to queue
[2026-08-24T14:20:00.310+0000] {logging_mixin.py:188} INFO - [2026-08-24T14:20:00.309+0000] {dagbag.py:545} INFO - Filling up the DagBag from /home/airflow/.local/lib/python3.12/site-packages/airflow/example_dags/example_xcomargs.py
[2026-08-24T14:20:00.322+0000] {processor.py:840} INFO - DAG(s) 'example_xcom_args_with_operators', 'example_xcom_args' retrieved from /home/airflow/.local/lib/python3.12/site-packages/airflow/example_dags/example_xcomargs.py
[2026-08-24T14:20:00.363+0000] {logging_mixin.py:188} INFO - [2026-08-24T14:20:00.363+0000] {dag.py:3096} INFO - Sync 2 DAGs
[2026-08-24T14:20:00.389+0000] {logging_mixin.py:188} INFO - [2026-08-24T14:20:00.389+0000] {dag.py:3954} INFO - Setting next_dagrun for example_xcom_args to None, run_after=None
[2026-08-24T14:20:00.398+0000] {logging_mixin.py:188} INFO - [2026-08-24T14:20:00.397+0000] {dag.py:3954} INFO - Setting next_dagrun for example_xcom_args_with_operators to None, run_after=None
[2026-08-24T14:20:00.423+0000] {processor.py:183} INFO - Processing /home/airflow/.local/lib/python3.12/site-packages/airflow/example_dags/example_xcomargs.py took 0.126 seconds
[2026-08-24T14:22:12.592+0000] {processor.py:161} INFO - Started process (PID=95) to work on /home/airflow/.local/lib/python3.12/site-packages/airflow/example_dags/example_xcomargs.py
[2026-08-24T14:22:12.593+0000] {processor.py:830} INFO - Processing file /home/airflow/.local/lib/python3.12/site-packages/airflow/example_dags/example_xcomargs.py for tasks to queue
[2026-08-24T14:22:12.596+0000] {logging_mixin.py:188} INFO - [2026-08-24T14:22:12.596+0000] {dagbag.py:545} INFO - Filling up the DagBag from /home/airflow/.local/lib/python3.12/site-packages/airflow/example_dags/example_xcomargs.py
[2026-08-24T14:22:12.618+0000] {processor.py:840} INFO - DAG(s) 'example_xcom_args', 'example_xcom_args_with_operators' retrieved from /home/airflow/.local/lib/python3.12/site-packages/airflow/example_dags/example_xcomargs.py
[2026-08-24T14:22:12.830+0000] {logging_mixin.py:188} INFO - [2026-08-24T14:22:12.830+0000] {dag.py:3096} INFO - Sync 2 DAGs
[2026-08-24T14:22:12.850+0000] {logging_mixin.py:188} INFO - [2026-08-24T14:22:12.849+0000] {dag.py:3954} INFO - Setting next_dagrun for example_xcom_args to None, run_after=None
[2026-08-24T14:22:12.859+0000] {logging_mixin.py:188} INFO - [2026-08-24T14:22:12.859+0000] {dag.py:3954} INFO - Setting next_dagrun for example_xcom_args_with_operators to None, run_after=None
[2026-08-24T14:22:12.899+0000] {processor.py:183} INFO - Processing /home/airflow/.local/lib/python3.12/site-packages/airflow/example_dags/example_xcomargs.py took 0.316 seconds
[2026-08-24T14:22:59.088+0000] {processor.py:161} INFO - Started process (PID=73) to work on /home/airflow/.local/lib/python3.12/site-packages/airflow/example_dags/example_xcomargs.py
[2026-08-24T14:22:59.090+0000] {processor.py:830} INFO - Processing file /home/airflow/.local/lib/python3.12/site-packages/airflow/example_dags/example_xcomargs.py for tasks to queue
[2026-08-24T14:22:59.092+0000] {logging_mixin.py:188} INFO - [2026-08-24T14:22:59.092+0000] {dagbag.py:545} INFO - Filling up the DagBag from /home/airflow/.local/lib/python3.12/site-packages/airflow/example_dags/example_xcomargs.py
[2026-08-24T14:22:59.106+0000] {processor.py:840} INFO - DAG(s) 'example_xcom_args', 'example_xcom_args_with_operators' retrieved from /home/airflow/.local/lib/python3.12/site-packages/airflow/example_dags/example_xcomargs.py
[2026-08-24T14:22:59.160+0000] {logging_mixin.py:188} INFO - [2026-08-24T14:22:59.159+0000] {dag.py:3096} INFO - Sync 2 DAGs
[2026-08-24T14:22:59.184+0000] {logging_mixin.py:188} INFO - [2026-08-24T14:22:59.183+0000] {dag.py:3954} INFO - Setting next_dagrun for example_xcom_args to None, run_after=None
[2026-08-24T14:22:59.190+0000] {logging_mixin.py:188} INFO - [2026-08-24T14:22:59.189+0000] {dag.py:3954} INFO - Setting next_dagrun for example_xcom_args_with_operators to None, run_after=None
[2026-08-24T14:22:59.216+0000] {processor.py:183} INFO - Processing /home/airflow/.local/lib/python3.12/site-packages/airflow/example_dags/example_xcomargs.py took 0.134 seconds
[2026-08-24T14:23:29.348+0000] {processor.py:161} INFO - Started process (PID=132) to work on /home/airflow/.local/lib/python3.12/site-packages/airflow/example_dags/example_xcomargs.py
[2026-08-24T14:23:29.350+0000] {processor.py:830} INFO - Processing file /home/airflow/.local/lib/python3.12/site-packages/airflow/example_dags/example_xcomargs.py for tasks to queue
[2026-08-24T14:23:29.352+0000] {logging_mixin.py:188} INFO - [2026-08-24T14:23:29.351+0000] {dagbag.py:545} INFO - Filling up the DagBag from /home/airflow/.local/lib/python3.12/site-packages/airflow/example_dags/example_xcomargs.py
[2026-08-24T14:23:29.363+0000] {processor.py:840} INFO - DAG(s) 'example_xcom_args', 'example_xcom_args_with_operators' retrieved from /home/airflow/.local/lib/python3.12/site-packages/airflow/example_dags/example_xcomargs.py
[2026-08-24T14:23:29.417+0000] {logging_mixin.py:188} INFO - [2026-08-24T14:23:29.417+0000] {dag.py:3096} INFO - Sync 2 DAGs
[2026-08-24T14:23:29.434+0000] {logging_mixin.py:188} INFO - [2026-08-24T14:23:29.434+0000] {dag.py:3954} INFO - Setting next_dagrun for example_xcom_args to None, run_after=None
[2026-08-24T14:23:29.441+0000] {logging_mixin.py:188} INFO - [2026-08-24T14:23:29.441+0000] {dag.py:3954} INFO - Setting next_dagrun for example_xcom_args_with_operators to None, run_after=None
[2026-08-24T14:23:29.466+0000] {processor.py:183} INFO - Processing /home/airflow/.local/lib/python3.12/site-packages/airflow/example_dags/example_xcomargs.py took 0.125 seconds
[2026-08-24T14:23:59.600+0000] {processor.py:161} INFO - Started process (PID=192) to work on /home/airflow/.local/lib/python3.12/site-packages/airflow/example_dags/example_xcomargs.py
[2026-08-24T14:24:02.011+0000] {processor.py:830} INFO - Processing file /home/airflow/.local/lib/python3.12/site-packages/airflow/example_dags/example_xcomargs.py for tasks to queue
[2026-08-24T14:24:02.017+0000] {logging_mixin.py:188} INFO - [2026-08-24T14:24:02.017+0000] {dagbag.py:545} INFO - Filling up the DagBag from /home/airflow/.local/lib/python3.12/site-packages/airflow/example_dags/example_xcomargs.py
[2026-08-24T14:24:02.036+0000] {processor.py:840} INFO - DAG(s) 'example_xcom_args', 'example_xcom_args_with_operators' retrieved from /home/airflow/.local/lib/python3.12/site-packages/airflow/example_dags/example_xcomargs.py
[2026-08-24T14:24:02.089+0000] {logging_mixin.py:188} INFO - [2026-08-24T14:24:02.088+0000] {dag.py:3096} INFO - Sync 2 DAGs
[2026-08-24T14:24:02.170+0000] {logging_mixin.py:188} INFO - [2026-08-24T14:24:02.169+0000] {dag.py:3954} INFO - Setting next_dagrun for example_xcom_args to None, run_after=None
[2026-08-24T14:24:02.184+0000] {logging_mixin.py:188} INFO - [2026-08-24T14:24:02.184+0000] {dag.py:3954} INFO - Setting next_dagrun for example_xcom_args_with_operators to None, run_after=None
[2026-08-24T14:24:02.255+0000] {processor.py:183} INFO - Processing /home/airflow/.local/lib/python3.12/site-packages/airflow/example_dags/example_xcomargs.py took 2.664 seconds
[2026-08-24T14:24:32.623+0000] {processor.py:161} INFO - Started process (PID=252) to work on /home/airflow/.local/lib/python3.12/site-packages/airflow/example_dags/example_xcomargs.py
[2026-08-24T14:24:32.625+0000] {processor.py:830} INFO - Processing file /home/airflow/.local/lib/python3.12/site-packages/airflow/example_dags/example_xcomargs.py for tasks to queue
[2026-08-24T14:24:32.628+0000] {logging_mixin.py:188} INFO - [2026-08-24T14:24:32.627+0000] {dagbag.py:545} INFO - Filling up the DagBag from /home/airflow/.local/lib/python3.12/site-packages/airflow/example_dags/example_xcomargs.py
[2026-08-24T14:24:32.641+0000] {processor.py:840} INFO - DAG(s) 'example_xcom_args', 'example_xcom_args_with_operators' retrieved from /home/airflow/.local/lib/python3.12/site-packages/airflow/example_dags/example_xcomargs.py
[2026-08-24T14:24:32.677+0000] {logging_mixin.py:188} INFO - [2026-08-24T14:24:32.676+0000] {dag.py:3096} INFO - Sync 2 DAGs
[2026-08-24T14:24:32.696+0000] {logging_mixin.py:188} INFO - [2026-08-24T14:24:32.696+0000] {dag.py:3954} INFO - Setting next_dagrun for example_xcom_args to None, run_after=None
[2026-08-24T14:24:32.702+0000] {logging_mixin.py:188} INFO - [2026-08-24T14:24:32.702+0000] {dag.py:3954} INFO - Setting next_dagrun for example_xcom_args_with_operators to None, run_after=None
[2026-08-24T14:24:32.725+0000] {processor.py:183} INFO - Processing /home/airflow/.local/lib/python3.12/site-packages/airflow/example_dags/example_xcomargs.py took 0.110 seconds
[2026-08-24T14:25:03.034+0000] {processor.py:161} INFO - Started process (PID=318) to work on /home/airflow/.local/lib/python3.12/site-packages/airflow/example_dags/example_xcomargs.py
[2026-08-24T14:25:03.035+0000] {processor.py:830} INFO - Processing file /home/airflow/.local/lib/python3.12/site-packages/airflow/example_dags/example_xcomargs.py for tasks to queue
[2026-08-24T14:25:03.038+0000] {logging_mixin.py:188} INFO - [2026-08-24T14:25:03.037+0000] {dagbag.py:545} INFO - Filling up the DagBag from /home/airflow/.local/lib/python3.12/site-packages/airflow/example_dags/example_xcomargs.py
[2026-08-24T14:25:03.049+0000] {processor.py:840} INFO - DAG(s) 'example_xcom_args', 'example_xcom_args_with_operators' retrieved from /home/airflow/.local/lib/python3.12/site-packages/airflow/example_dags/example_xcomargs.py
[2026-08-24T14:25:03.079+0000] {logging_mixin.py:188} INFO - [2026-08-24T14:25:03.079+0000] {dag.py:3096} INFO - Sync 2 DAGs
[2026-08-24T14:25:03.096+0000] {logging_mixin.py:188} INFO - [2026-08-24T14:25:03.095+0000] {dag.py:3954} INFO - Setting next_dagrun for example_xcom_args to None, run_after=None
[2026-08-24T14:25:03.101+0000] {logging_mixin.py:188} INFO - [2026-08-24T14:25:03.101+0000] {dag.py:3954} INFO - Setting next_dagrun for example_xcom_args_with_operators to None, run_after=None
[2026-08-24T14:25:03.121+0000] {processor.py:183} INFO - Processing /home/airflow/.local/lib/python3.12/site-packages/airflow/example_dags/example_xcomargs.py took 0.095 seconds
[2026-08-24T14:25:33.256+0000] {processor.py:161} INFO - Started process (PID=378) to work on /home/airflow/.local/lib/python3.12/site-packages/airflow/example_dags/example_xcomargs.py
[2026-08-24T14:25:33.258+0000] {processor.py:830} INFO - Processing file /home/airflow/.local/lib/python3.12/site-packages/airflow/example_dags/example_xcomargs.py for tasks to queue
[2026-08-24T14:25:33.260+0000] {logging_mixin.py:188} INFO - [2026-08-24T14:25:33.260+0000] {dagbag.py:545} INFO - Filling up the DagBag from /home/airflow/.local/lib/python3.12/site-packages/airflow/example_dags/example_xcomargs.py
[2026-08-24T14:25:33.270+0000] {processor.py:840} INFO - DAG(s) 'example_xcom_args_with_operators', 'example_xcom_args' retrieved from /home/airflow/.local/lib/python3.12/site-packages/airflow/example_dags/example_xcomargs.py
[2026-08-24T14:25:33.301+0000] {logging_mixin.py:188} INFO - [2026-08-24T14:25:33.300+0000] {dag.py:3096} INFO - Sync 2 DAGs
[2026-08-24T14:25:33.318+0000] {logging_mixin.py:188} INFO - [2026-08-24T14:25:33.318+0000] {dag.py:3954} INFO - Setting next_dagrun for example_xcom_args to None, run_after=None
[2026-08-24T14:25:33.324+0000] {logging_mixin.py:188} INFO - [2026-08-24T14:25:33.324+0000] {dag.py:3954} INFO - Setting next_dagrun for example_xcom_args_with_operators to None, run_after=None
[2026-08-24T14:25:33.347+0000] {processor.py:183} INFO - Processing /home/airflow/.local/lib/python3.12/site-packages/airflow/example_dags/example_xcomargs.py took 0.099 seconds
[2026-08-24T14:26:03.886+0000] {processor.py:161} INFO - Started process (PID=438) to work on /home/airflow/.local/lib/python3.12/site-packages/airflow/example_dags/example_xcomargs.py
[2026-08-24T14:26:03.888+0000] {processor.py:830} INFO - Processing file /home/airflow/.local/lib/python3.12/site-packages/airflow/example_dags/example_xcomargs.py for tasks to queue
[2026-08-24T14:26:03.892+0000] {logging_mixin.py:188} INFO - [2026-08-24T14:26:03.891+0000] {dagbag.py:545} INFO - Filling up the DagBag from /home/airflow/.local/lib/python3.12/site-packages/airflow/example_dags/example_xcomargs.py
[2026-08-24T14:26:03.902+0000] {processor.py:840} INFO - DAG(s) 'example_xcom_args_with_operators', 'example_xcom_args' retrieved from /home/airflow/.local/lib/python3.12/site-packages/airflow/example_dags/example_xcomargs.py
[2026-08-24T14:26:03.932+0000] {logging_mixin.py:188} INFO - [2026-08-24T14:26:03.931+0000] {dag.py:3096} INFO - Sync 2 DAGs
[2026-08-24T14:26:03.949+0000] {logging_mixin.py:188} INFO - [2026-08-24T14:26:03.948+0000] {dag.py:3954} INFO - Setting next_dagrun for example_xcom_args to None, run_after=None
[2026-08-24T14:26:03.954+0000] {logging_mixin.py:188} INFO - [2026-08-24T14:26:03.953+0000] {dag.py:3954} INFO - Setting next_dagrun for example_xcom_args_with_operators to None, run_after=None
[2026-08-24T14:26:03.977+0000] {processor.py:183} INFO - Processing /home/airflow/.local/lib/python3.12/site-packages/airflow/example_dags/example_xcomargs.py took 0.102 seconds
[2026-08-24T14:26:34.096+0000] {processor.py:161} INFO - Started process (PID=498) to work on /home/airflow/.local/lib/python3.12/site-packages/airflow/example_dags/example_xcomargs.py
[2026-08-24T14:26:34.097+0000] {processor.py:830} INFO - Processing file /home/airflow/.local/lib/python3.12/site-packages/airflow/example_dags/example_xcomargs.py for tasks to queue
[2026-08-24T14:26:34.100+0000] {logging_mixin.py:188} INFO - [2026-08-24T14:26:34.099+0000] {dagbag.py:545} INFO - Filling up the DagBag from /home/airflow/.local/lib/python3.12/site-packages/airflow/example_dags/example_xcomargs.py
[2026-08-24T14:26:34.111+0000] {processor.py:840} INFO - DAG(s) 'example_xcom_args', 'example_xcom_args_with_operators' retrieved from /home/airflow/.local/lib/python3.12/site-packages/airflow/example_dags/example_xcomargs.py
[2026-08-24T14:26:34.139+0000] {logging_mixin.py:188} INFO - [2026-08-24T14:26:34.139+0000] {dag.py:3096} INFO - Sync 2 DAGs
[2026-08-24T14:26:34.156+0000] {logging_mixin.py:188} INFO - [2026-08-24T14:26:34.156+0000] {dag.py:3954} INFO - Setting next_dagrun for example_xcom_args to None, run_after=None
[2026-08-24T14:26:34.161+0000] {logging_mixin.py:188} INFO - [2026-08-24T14:26:34.161+0000] {dag.py:3954} INFO - Setting next_dagrun for example_xcom_args_with_operators to None, run_after=None
[2026-08-24T14:26:34.182+0000] {processor.py:183} INFO - Processing /home/airflow/.local/lib/python3.12/site-packages/airflow/example_dags/example_xcomargs.py took 0.094 seconds
[2026-08-24T14:27:04.753+0000] {processor.py:161} INFO - Started process (PID=558) to work on /home/airflow/.local/lib/python3.12/site-packages/airflow/example_dags/example_xcomargs.py
[2026-08-24T14:27:04.757+0000] {processor.py:830} INFO - Processing file /home/airflow/.local/lib/python3.12/site-packages/airflow/example_dags/example_xcomargs.py for tasks to queue
[2026-08-24T14:27:04.760+0000] {logging_mixin.py:188} INFO - [2026-08-24T14:27:04.759+0000] {dagbag.py:545} INFO - Filling up the DagBag from /home/airflow/.local/lib/python3.12/site-packages/airflow/example_dags/example_xcomargs.py
[2026-08-24T14:27:04.776+0000] {processor.py:840} INFO - DAG(s) 'example_xcom_args_with_operators', 'example_xcom_args' retrieved from /home/airflow/.local/lib/python3.12/site-packages/airflow/example_dags/example_xcomargs.py
[2026-08-24T14:27:04.825+0000] {logging_mixin.py:188} INFO - [2026-08-24T14:27:04.825+0000] {dag.py:3096} INFO - Sync 2 DAGs
[2026-08-24T14:27:04.845+0000] {logging_mixin.py:188} INFO - [2026-08-24T14:27:04.844+0000] {dag.py:3954} INFO - Setting next_dagrun for example_xcom_args to None, run_after=None
[2026-08-24T14:27:04.853+0000] {logging_mixin.py:188} INFO - [2026-08-24T14:27:04.853+0000] {dag.py:3954} INFO - Setting next_dagrun for example_xcom_args_with_operators to None, run_after=None
[2026-08-24T14:27:04.873+0000] {processor.py:183} INFO - Processing /home/airflow/.local/lib/python3.12/site-packages/airflow/example_dags/example_xcomargs.py took 0.130 seconds
[2026-08-24T14:27:35.236+0000] {processor.py:161} INFO - Started process (PID=618) to work on /home/airflow/.local/lib/python3.12/site-packages/airflow/example_dags/example_xcomargs.py
[2026-08-24T14:27:35.237+0000] {processor.py:830} INFO - Processing file /home/airflow/.local/lib/python3.12/site-packages/airflow/example_dags/example_xcomargs.py for tasks to queue
[2026-08-24T14:27:35.240+0000] {logging_mixin.py:188} INFO - [2026-08-24T14:27:35.239+0000] {dagbag.py:545} INFO - Filling up the DagBag from /home/airflow/.local/lib/python3.12/site-packages/airflow/example_dags/example_xcomargs.py
[2026-08-24T14:27:35.252+0000] {processor.py:840} INFO - DAG(s) 'example_xcom_args_with_operators', 'example_xcom_args' retrieved from /home/airflow/.local/lib/python3.12/site-packages/airflow/example_dags/example_xcomargs.py
[2026-08-24T14:27:35.284+0000] {logging_mixin.py:188} INFO - [2026-08-24T14:27:35.283+0000] {dag.py:3096} INFO - Sync 2 DAGs
[2026-08-24T14:27:35.305+0000] {logging_mixin.py:188} INFO - [2026-08-24T14:27:35.305+0000] {dag.py:3954} INFO - Setting next_dagrun for example_xcom_args to None, run_after=None
[2026-08-24T14:27:35.310+0000] {logging_mixin.py:188} INFO - [2026-08-24T14:27:35.310+0000] {dag.py:3954} INFO - Setting next_dagrun for example_xcom_args_with_operators to None, run_after=None
[2026-08-24T14:27:35.336+0000] {processor.py:183} INFO - Processing /home/airflow/.local/lib/python3.12/site-packages/airflow/example_dags/example_xcomargs.py took 0.110 seconds
[2026-08-24T14:28:05.560+0000] {processor.py:161} INFO - Started process (PID=678) to work on /home/airflow/.local/lib/python3.12/site-packages/airflow/example_dags/example_xcomargs.py
[2026-08-24T14:28:05.561+0000] {processor.py:830} INFO - Processing file /home/airflow/.local/lib/python3.12/site-packages/airflow/example_dags/example_xcomargs.py for tasks to queue
[2026-08-24T14:28:05.564+0000] {logging_mixin.py:188} INFO - [2026-08-24T14:28:05.563+0000] {dagbag.py:545} INFO - Filling up the DagBag from /home/airflow/.local/lib/python3.12/site-packages/airflow/example_dags/example_xcomargs.py
[2026-08-24T14:28:05.574+0000] {processor.py:840} INFO - DAG(s) 'example_xcom_args', 'example_xcom_args_with_operators' retrieved from /home/airflow/.local/lib/python3.12/site-packages/airflow/example_dags/example_xcomargs.py
[2026-08-24T14:28:05.602+0000] {logging_mixin.py:188} INFO - [2026-08-24T14:28:05.602+0000] {dag.py:3096} INFO - Sync 2 DAGs
[2026-08-24T14:28:05.619+0000] {logging_mixin.py:188} INFO - [2026-08-24T14:28:05.619+0000] {dag.py:3954} INFO - Setting next_dagrun for example_xcom_args to None, run_after=None
[2026-08-24T14:28:05.624+0000] {logging_mixin.py:188} INFO - [2026-08-24T14:28:05.624+0000] {dag.py:3954} INFO - Setting next_dagrun for example_xcom_args_with_operators to None, run_after=None
[2026-08-24T14:28:05.646+0000] {processor.py:183} INFO - Processing /home/airflow/.local/lib/python3.12/site-packages/airflow/example_dags/example_xcomargs.py took 0.093 seconds
[2026-08-24T14:28:35.993+0000] {processor.py:161} INFO - Started process (PID=738) to work on /home/airflow/.local/lib/python3.12/site-packages/airflow/example_dags/example_xcomargs.py
[2026-08-24T14:28:35.995+0000] {processor.py:830} INFO - Processing file /home/airflow/.local/lib/python3.12/site-packages/airflow/example_dags/example_xcomargs.py for tasks to queue
[2026-08-24T14:28:35.997+0000] {logging_mixin.py:188} INFO - [2026-08-24T14:28:35.997+0000] {dagbag.py:545} INFO - Filling up the DagBag from /home/airflow/.local/lib/python3.12/site-packages/airflow/example_dags/example_xcomargs.py
[2026-08-24T14:28:36.008+0000] {processor.py:840} INFO - DAG(s) 'example_xcom_args', 'example_xcom_args_with_operators' retrieved from /home/airflow/.local/lib/python3.12/site-packages/airflow/example_dags/example_xcomargs.py
[2026-08-24T14:28:36.040+0000] {logging_mixin.py:188} INFO - [2026-08-24T14:28:36.039+0000] {dag.py:3096} INFO - Sync 2 DAGs
[2026-08-24T14:28:36.061+0000] {logging_mixin.py:188} INFO - [2026-08-24T14:28:36.061+0000] {dag.py:3954} INFO - Setting next_dagrun for example_xcom_args to None, run_after=None
[2026-08-24T14:28:36.066+0000] {logging_mixin.py:188} INFO - [2026-08-24T14:28:36.065+0000] {dag.py:3954} INFO - Setting next_dagrun for example_xcom_args_with_operators to None, run_after=None
[2026-08-24T14:28:36.089+0000] {processor.py:183} INFO - Processing /home/airflow/.local/lib/python3.12/site-packages/airflow/example_dags/example_xcomargs.py took 0.105 seconds
[2026-08-24T14:29:06.602+0000] {processor.py:161} INFO - Started process (PID=798) to work on /home/airflow/.local/lib/python3.12/site-packages/airflow/example_dags/example_xcomargs.py
[2026-08-24T14:29:06.603+0000] {processor.py:830} INFO - Processing file /home/airflow/.local/lib/python3.12/site-packages/airflow/example_dags/example_xcomargs.py for tasks to queue
[2026-08-24T14:29:06.606+0000] {logging_mixin.py:188} INFO - [2026-08-24T14:29:06.606+0000] {dagbag.py:545} INFO - Filling up the DagBag from /home/airflow/.local/lib/python3.12/site-packages/airflow/example_dags/example_xcomargs.py
[2026-08-24T14:29:06.619+0000] {processor.py:840} INFO - DAG(s) 'example_xcom_args', 'example_xcom_args_with_operators' retrieved from /home/airflow/.local/lib/python3.12/site-packages/airflow/example_dags/example_xcomargs.py
[2026-08-24T14:29:06.651+0000] {logging_mixin.py:188} INFO - [2026-08-24T14:29:06.650+0000] {dag.py:3096} INFO - Sync 2 DAGs
[2026-08-24T14:29:06.671+0000] {logging_mixin.py:188} INFO - [2026-08-24T14:29:06.670+0000] {dag.py:3954} INFO - Setting next_dagrun for example_xcom_args to None, run_after=None
[2026-08-24T14:29:06.676+0000] {logging_mixin.py:188} INFO - [2026-08-24T14:29:06.676+0000] {dag.py:3954} INFO - Setting next_dagrun for example_xcom_args_with_operators to None, run_after=None
[2026-08-24T14:29:06.700+0000] {processor.py:183} INFO - Processing /home/airflow/.local/lib/python3.12/site-packages/airflow/example_dags/example_xcomargs.py took 0.106 seconds
[2026-08-24T14:29:36.879+0000] {processor.py:161} INFO - Started process (PID=859) to work on /home/airflow/.local/lib/python3.12/site-packages/airflow/example_dags/example_xcomargs.py
[2026-08-24T14:29:36.880+0000] {processor.py:830} INFO - Processing file /home/airflow/.local/lib/python3.12/site-packages/airflow/example_dags/example_xcomargs.py for tasks to queue
[2026-08-24T14:29:36.883+0000] {logging_mixin.py:188} INFO - [2026-08-24T14:29:36.883+0000] {dagbag.py:545} INFO - Filling up the DagBag from /home/airflow/.local/lib/python3.12/site-packages/airflow/example_dags/example_xcomargs.py
[2026-08-24T14:29:36.894+0000] {processor.py:840} INFO - DAG(s) 'example_xcom_args', 'example_xcom_args_with_operators' retrieved from /home/airflow/.local/lib/python3.12/site-packages/airflow/example_dags/example_xcomargs.py
[2026-08-24T14:29:36.925+0000] {logging_mixin.py:188} INFO - [2026-08-24T14:29:36.925+0000] {dag.py:3096} INFO - Sync 2 DAGs
[2026-08-24T14:29:36.943+0000] {logging_mixin.py:188} INFO - [2026-08-24T14:29:36.943+0000] {dag.py:3954} INFO - Setting next_dagrun for example_xcom_args to None, run_after=None
[2026-08-24T14:29:36.949+0000] {logging_mixin.py:188} INFO - [2026-08-24T14:29:36.949+0000] {dag.py:3954} INFO - Setting next_dagrun for example_xcom_args_with_operators to None, run_after=None
[2026-08-24T14:29:36.972+0000] {processor.py:183} INFO - Processing /home/airflow/.local/lib/python3.12/site-packages/airflow/example_dags/example_xcomargs.py took 0.102 seconds
[2026-08-24T14:30:07.314+0000] {processor.py:161} INFO - Started process (PID=919) to work on /home/airflow/.local/lib/python3.12/site-packages/airflow/example_dags/example_xcomargs.py
[2026-08-24T14:30:07.316+0000] {processor.py:830} INFO - Processing file /home/airflow/.local/lib/python3.12/site-packages/airflow/example_dags/example_xcomargs.py for tasks to queue
[2026-08-24T14:30:07.319+0000] {logging_mixin.py:188} INFO - [2026-08-24T14:30:07.319+0000] {dagbag.py:545} INFO - Filling up the DagBag from /home/airflow/.local/lib/python3.12/site-packages/airflow/example_dags/example_xcomargs.py
[2026-08-24T14:30:07.333+0000] {processor.py:840} INFO - DAG(s) 'example_xcom_args', 'example_xcom_args_with_operators' retrieved from /home/airflow/.local/lib/python3.12/site-packages/airflow/example_dags/example_xcomargs.py
[2026-08-24T14:30:07.366+0000] {logging_mixin.py:188} INFO - [2026-08-24T14:30:07.366+0000] {dag.py:3096} INFO - Sync 2 DAGs
[2026-08-24T14:30:07.387+0000] {logging_mixin.py:188} INFO - [2026-08-24T14:30:07.386+0000] {dag.py:3954} INFO - Setting next_dagrun for example_xcom_args to None, run_after=None
[2026-08-24T14:30:07.393+0000] {logging_mixin.py:188} INFO - [2026-08-24T14:30:07.393+0000] {dag.py:3954} INFO - Setting next_dagrun for example_xcom_args_with_operators to None, run_after=None
[2026-08-24T14:30:07.418+0000] {processor.py:183} INFO - Processing /home/airflow/.local/lib/python3.12/site-packages/airflow/example_dags/example_xcomargs.py took 0.111 seconds
[2026-08-24T14:30:37.721+0000] {processor.py:161} INFO - Started process (PID=980) to work on /home/airflow/.local/lib/python3.12/site-packages/airflow/example_dags/example_xcomargs.py
[2026-08-24T14:30:37.722+0000] {processor.py:830} INFO - Processing file /home/airflow/.local/lib/python3.12/site-packages/airflow/example_dags/example_xcomargs.py for tasks to queue
[2026-08-24T14:30:37.725+0000] {logging_mixin.py:188} INFO - [2026-08-24T14:30:37.725+0000] {dagbag.py:545} INFO - Filling up the DagBag from /home/airflow/.local/lib/python3.12/site-packages/airflow/example_dags/example_xcomargs.py
[2026-08-24T14:30:37.735+0000] {processor.py:840} INFO - DAG(s) 'example_xcom_args', 'example_xcom_args_with_operators' retrieved from /home/airflow/.local/lib/python3.12/site-packages/airflow/example_dags/example_xcomargs.py
[2026-08-24T14:30:37.765+0000] {logging_mixin.py:188} INFO - [2026-08-24T14:30:37.765+0000] {dag.py:3096} INFO - Sync 2 DAGs
[2026-08-24T14:30:37.781+0000] {logging_mixin.py:188} INFO - [2026-08-24T14:30:37.781+0000] {dag.py:3954} INFO - Setting next_dagrun for example_xcom_args to None, run_after=None
[2026-08-24T14:30:37.786+0000] {logging_mixin.py:188} INFO - [2026-08-24T14:30:37.785+0000] {dag.py:3954} INFO - Setting next_dagrun for example_xcom_args_with_operators to None, run_after=None
[2026-08-24T14:30:37.806+0000] {processor.py:183} INFO - Processing /home/airflow/.local/lib/python3.12/site-packages/airflow/example_dags/example_xcomargs.py took 0.092 seconds
[2026-08-24T14:31:08.412+0000] {processor.py:161} INFO - Started process (PID=1040) to work on /home/airflow/.local/lib/python3.12/site-packages/airflow/example_dags/example_xcomargs.py
[2026-08-24T14:31:08.413+0000] {processor.py:830} INFO - Processing file /home/airflow/.local/lib/python3.12/site-packages/airflow/example_dags/example_xcomargs.py for tasks to queue
[2026-08-24T14:31:08.415+0000] {logging_mixin.py:188} INFO - [2026-08-24T14:31:08.415+0000] {dagbag.py:545} INFO - Filling up the DagBag from /home/airflow/.local/lib/python3.12/site-packages/airflow/example_dags/example_xcomargs.py
[2026-08-24T14:31:08.425+0000] {processor.py:840} INFO - DAG(s) 'example_xcom_args', 'example_xcom_args_with_operators' retrieved from /home/airflow/.local/lib/python3.12/site-packages/airflow/example_dags/example_xcomargs.py
[2026-08-24T14:31:08.455+0000] {logging_mixin.py:188} INFO - [2026-08-24T14:31:08.454+0000] {dag.py:3096} INFO - Sync 2 DAGs
[2026-08-24T14:31:08.471+0000] {logging_mixin.py:188} INFO - [2026-08-24T14:31:08.470+0000] {dag.py:3954} INFO - Setting next_dagrun for example_xcom_args to None, run_after=None
[2026-08-24T14:31:08.476+0000] {logging_mixin.py:188} INFO - [2026-08-24T14:31:08.475+0000] {dag.py:3954} INFO - Setting next_dagrun for example_xcom_args_with_operators to None, run_after=None
[2026-08-24T14:31:08.499+0000] {processor.py:183} INFO - Processing /home/airflow/.local/lib/python3.12/site-packages/airflow/example_dags/example_xcomargs.py took 0.095 seconds
[2026-08-24T14:35:20.128+0000] {processor.py:161} INFO - Started process (PID=97) to work on /home/airflow/.local/lib/python3.12/site-packages/airflow/example_dags/example_xcomargs.py
[2026-08-24T14:35:20.129+0000] {processor.py:830} INFO - Processing file /home/airflow/.local/lib/python3.12/site-packages/airflow/example_dags/example_xcomargs.py for tasks to queue
[2026-08-24T14:35:20.131+0000] {logging_mixin.py:188} INFO - [2026-08-24T14:35:20.131+0000] {dagbag.py:545} INFO - Filling up the DagBag from /home/airflow/.local/lib/python3.12/site-packages/airflow/example_dags/example_xcomargs.py
[2026-08-24T14:35:20.145+0000] {processor.py:840} INFO - DAG(s) 'example_xcom_args_with_operators', 'example_xcom_args' retrieved from /home/airflow/.local/lib/python3.12/site-packages/airflow/example_dags/example_xcomargs.py
[2026-08-24T14:35:20.298+0000] {logging_mixin.py:188} INFO - [2026-08-24T14:35:20.297+0000] {dag.py:3096} INFO - Sync 2 DAGs
[2026-08-24T14:35:20.314+0000] {logging_mixin.py:188} INFO - [2026-08-24T14:35:20.313+0000] {dag.py:3954} INFO - Setting next_dagrun for example_xcom_args to None, run_after=None
[2026-08-24T14:35:20.319+0000] {logging_mixin.py:188} INFO - [2026-08-24T14:35:20.318+0000] {dag.py:3954} INFO - Setting next_dagrun for example_xcom_args_with_operators to None, run_after=None
[2026-08-24T14:35:20.352+0000] {processor.py:183} INFO - Processing /home/airflow/.local/lib/python3.12/site-packages/airflow/example_dags/example_xcomargs.py took 0.232 seconds
[2026-08-24T14:35:50.518+0000] {processor.py:161} INFO - Started process (PID=155) to work on /home/airflow/.local/lib/python3.12/site-packages/airflow/example_dags/example_xcomargs.py
[2026-08-24T14:35:50.520+0000] {processor.py:830} INFO - Processing file /home/airflow/.local/lib/python3.12/site-packages/airflow/example_dags/example_xcomargs.py for tasks to queue
[2026-08-24T14:35:50.522+0000] {logging_mixin.py:188} INFO - [2026-08-24T14:35:50.522+0000] {dagbag.py:545} INFO - Filling up the DagBag from /home/airflow/.local/lib/python3.12/site-packages/airflow/example_dags/example_xcomargs.py
[2026-08-24T14:35:50.532+0000] {processor.py:840} INFO - DAG(s) 'example_xcom_args_with_operators', 'example_xcom_args' retrieved from /home/airflow/.local/lib/python3.12/site-packages/airflow/example_dags/example_xcomargs.py
[2026-08-24T14:35:50.563+0000] {logging_mixin.py:188} INFO - [2026-08-24T14:35:50.562+0000] {dag.py:3096} INFO - Sync 2 DAGs
[2026-08-24T14:35:50.582+0000] {logging_mixin.py:188} INFO - [2026-08-24T14:35:50.582+0000] {dag.py:3954} INFO - Setting next_dagrun for example_xcom_args to None, run_after=None
[2026-08-24T14:35:50.587+0000] {logging_mixin.py:188} INFO - [2026-08-24T14:35:50.587+0000] {dag.py:3954} INFO - Setting next_dagrun for example_xcom_args_with_operators to None, run_after=None
[2026-08-24T14:35:50.608+0000] {processor.py:183} INFO - Processing /home/airflow/.local/lib/python3.12/site-packages/airflow/example_dags/example_xcomargs.py took 0.096 seconds
[2026-08-24T14:36:20.658+0000] {processor.py:161} INFO - Started process (PID=214) to work on /home/airflow/.local/lib/python3.12/site-packages/airflow/example_dags/example_xcomargs.py
[2026-08-24T14:36:20.659+0000] {processor.py:830} INFO - Processing file /home/airflow/.local/lib/python3.12/site-packages/airflow/example_dags/example_xcomargs.py for tasks to queue
[2026-08-24T14:36:20.662+0000] {logging_mixin.py:188} INFO - [2026-08-24T14:36:20.661+0000] {dagbag.py:545} INFO - Filling up the DagBag from /home/airflow/.local/lib/python3.12/site-packages/airflow/example_dags/example_xcomargs.py
[2026-08-24T14:36:20.672+0000] {processor.py:840} INFO - DAG(s) 'example_xcom_args', 'example_xcom_args_with_operators' retrieved from /home/airflow/.local/lib/python3.12/site-packages/airflow/example_dags/example_xcomargs.py
[2026-08-24T14:36:20.699+0000] {logging_mixin.py:188} INFO - [2026-08-24T14:36:20.699+0000] {dag.py:3096} INFO - Sync 2 DAGs
[2026-08-24T14:36:20.715+0000] {logging_mixin.py:188} INFO - [2026-08-24T14:36:20.715+0000] {dag.py:3954} INFO - Setting next_dagrun for example_xcom_args to None, run_after=None
[2026-08-24T14:36:20.720+0000] {logging_mixin.py:188} INFO - [2026-08-24T14:36:20.720+0000] {dag.py:3954} INFO - Setting next_dagrun for example_xcom_args_with_operators to None, run_after=None
[2026-08-24T14:36:20.739+0000] {processor.py:183} INFO - Processing /home/airflow/.local/lib/python3.12/site-packages/airflow/example_dags/example_xcomargs.py took 0.088 seconds
[2026-08-24T14:36:51.285+0000] {processor.py:161} INFO - Started process (PID=276) to work on /home/airflow/.local/lib/python3.12/site-packages/airflow/example_dags/example_xcomargs.py
[2026-08-24T14:36:51.286+0000] {processor.py:830} INFO - Processing file /home/airflow/.local/lib/python3.12/site-packages/airflow/example_dags/example_xcomargs.py for tasks to queue
[2026-08-24T14:36:51.289+0000] {logging_mixin.py:188} INFO - [2026-08-24T14:36:51.288+0000] {dagbag.py:545} INFO - Filling up the DagBag from /home/airflow/.local/lib/python3.12/site-packages/airflow/example_dags/example_xcomargs.py
[2026-08-24T14:36:51.300+0000] {processor.py:840} INFO - DAG(s) 'example_xcom_args', 'example_xcom_args_with_operators' retrieved from /home/airflow/.local/lib/python3.12/site-packages/airflow/example_dags/example_xcomargs.py
[2026-08-24T14:36:51.332+0000] {logging_mixin.py:188} INFO - [2026-08-24T14:36:51.331+0000] {dag.py:3096} INFO - Sync 2 DAGs
[2026-08-24T14:36:51.350+0000] {logging_mixin.py:188} INFO - [2026-08-24T14:36:51.349+0000] {dag.py:3954} INFO - Setting next_dagrun for example_xcom_args to None, run_after=None
[2026-08-24T14:36:51.357+0000] {logging_mixin.py:188} INFO - [2026-08-24T14:36:51.357+0000] {dag.py:3954} INFO - Setting next_dagrun for example_xcom_args_with_operators to None, run_after=None
[2026-08-24T14:36:51.387+0000] {processor.py:183} INFO - Processing /home/airflow/.local/lib/python3.12/site-packages/airflow/example_dags/example_xcomargs.py took 0.110 seconds
[2026-08-24T14:37:21.891+0000] {processor.py:161} INFO - Started process (PID=336) to work on /home/airflow/.local/lib/python3.12/site-packages/airflow/example_dags/example_xcomargs.py
[2026-08-24T14:37:21.893+0000] {processor.py:830} INFO - Processing file /home/airflow/.local/lib/python3.12/site-packages/airflow/example_dags/example_xcomargs.py for tasks to queue
[2026-08-24T14:37:21.901+0000] {logging_mixin.py:188} INFO - [2026-08-24T14:37:21.900+0000] {dagbag.py:545} INFO - Filling up the DagBag from /home/airflow/.local/lib/python3.12/site-packages/airflow/example_dags/example_xcomargs.py
[2026-08-24T14:37:21.921+0000] {processor.py:840} INFO - DAG(s) 'example_xcom_args', 'example_xcom_args_with_operators' retrieved from /home/airflow/.local/lib/python3.12/site-packages/airflow/example_dags/example_xcomargs.py
[2026-08-24T14:37:21.977+0000] {logging_mixin.py:188} INFO - [2026-08-24T14:37:21.976+0000] {dag.py:3096} INFO - Sync 2 DAGs
[2026-08-24T14:37:22.007+0000] {logging_mixin.py:188} INFO - [2026-08-24T14:37:22.007+0000] {dag.py:3954} INFO - Setting next_dagrun for example_xcom_args to None, run_after=None
[2026-08-24T14:37:22.017+0000] {logging_mixin.py:188} INFO - [2026-08-24T14:37:22.016+0000] {dag.py:3954} INFO - Setting next_dagrun for example_xcom_args_with_operators to None, run_after=None
[2026-08-24T14:37:22.050+0000] {processor.py:183} INFO - Processing /home/airflow/.local/lib/python3.12/site-packages/airflow/example_dags/example_xcomargs.py took 0.171 seconds
[2026-08-24T14:37:52.525+0000] {processor.py:161} INFO - Started process (PID=396) to work on /home/airflow/.local/lib/python3.12/site-packages/airflow/example_dags/example_xcomargs.py
[2026-08-24T14:37:52.526+0000] {processor.py:830} INFO - Processing file /home/airflow/.local/lib/python3.12/site-packages/airflow/example_dags/example_xcomargs.py for tasks to queue
[2026-08-24T14:37:52.529+0000] {logging_mixin.py:188} INFO - [2026-08-24T14:37:52.529+0000] {dagbag.py:545} INFO - Filling up the DagBag from /home/airflow/.local/lib/python3.12/site-packages/airflow/example_dags/example_xcomargs.py
[2026-08-24T14:37:52.542+0000] {processor.py:840} INFO - DAG(s) 'example_xcom_args_with_operators', 'example_xcom_args' retrieved from /home/airflow/.local/lib/python3.12/site-packages/airflow/example_dags/example_xcomargs.py
[2026-08-24T14:37:52.590+0000] {logging_mixin.py:188} INFO - [2026-08-24T14:37:52.589+0000] {dag.py:3096} INFO - Sync 2 DAGs
[2026-08-24T14:37:52.616+0000] {logging_mixin.py:188} INFO - [2026-08-24T14:37:52.616+0000] {dag.py:3954} INFO - Setting next_dagrun for example_xcom_args to None, run_after=None
[2026-08-24T14:37:52.623+0000] {logging_mixin.py:188} INFO - [2026-08-24T14:37:52.622+0000] {dag.py:3954} INFO - Setting next_dagrun for example_xcom_args_with_operators to None, run_after=None
[2026-08-24T14:37:52.650+0000] {processor.py:183} INFO - Processing /home/airflow/.local/lib/python3.12/site-packages/airflow/example_dags/example_xcomargs.py took 0.133 seconds
[2026-08-24T14:38:23.027+0000] {processor.py:161} INFO - Started process (PID=457) to work on /home/airflow/.local/lib/python3.12/site-packages/airflow/example_dags/example_xcomargs.py
[2026-08-24T14:38:23.029+0000] {processor.py:830} INFO - Processing file /home/airflow/.local/lib/python3.12/site-packages/airflow/example_dags/example_xcomargs.py for tasks to queue
[2026-08-24T14:38:23.031+0000] {logging_mixin.py:188} INFO - [2026-08-24T14:38:23.031+0000] {dagbag.py:545} INFO - Filling up the DagBag from /home/airflow/.local/lib/python3.12/site-packages/airflow/example_dags/example_xcomargs.py
[2026-08-24T14:38:23.042+0000] {processor.py:840} INFO - DAG(s) 'example_xcom_args_with_operators', 'example_xcom_args' retrieved from /home/airflow/.local/lib/python3.12/site-packages/airflow/example_dags/example_xcomargs.py
[2026-08-24T14:38:23.075+0000] {logging_mixin.py:188} INFO - [2026-08-24T14:38:23.075+0000] {dag.py:3096} INFO - Sync 2 DAGs
[2026-08-24T14:38:23.092+0000] {logging_mixin.py:188} INFO - [2026-08-24T14:38:23.092+0000] {dag.py:3954} INFO - Setting next_dagrun for example_xcom_args to None, run_after=None
[2026-08-24T14:38:23.097+0000] {logging_mixin.py:188} INFO - [2026-08-24T14:38:23.097+0000] {dag.py:3954} INFO - Setting next_dagrun for example_xcom_args_with_operators to None, run_after=None
[2026-08-24T14:38:23.122+0000] {processor.py:183} INFO - Processing /home/airflow/.local/lib/python3.12/site-packages/airflow/example_dags/example_xcomargs.py took 0.104 seconds
[2026-08-24T14:38:53.372+0000] {processor.py:161} INFO - Started process (PID=517) to work on /home/airflow/.local/lib/python3.12/site-packages/airflow/example_dags/example_xcomargs.py
[2026-08-24T14:38:53.374+0000] {processor.py:830} INFO - Processing file /home/airflow/.local/lib/python3.12/site-packages/airflow/example_dags/example_xcomargs.py for tasks to queue
[2026-08-24T14:38:53.376+0000] {logging_mixin.py:188} INFO - [2026-08-24T14:38:53.376+0000] {dagbag.py:545} INFO - Filling up the DagBag from /home/airflow/.local/lib/python3.12/site-packages/airflow/example_dags/example_xcomargs.py
[2026-08-24T14:38:53.386+0000] {processor.py:840} INFO - DAG(s) 'example_xcom_args', 'example_xcom_args_with_operators' retrieved from /home/airflow/.local/lib/python3.12/site-packages/airflow/example_dags/example_xcomargs.py
[2026-08-24T14:38:53.416+0000] {logging_mixin.py:188} INFO - [2026-08-24T14:38:53.415+0000] {dag.py:3096} INFO - Sync 2 DAGs
[2026-08-24T14:38:53.435+0000] {logging_mixin.py:188} INFO - [2026-08-24T14:38:53.434+0000] {dag.py:3954} INFO - Setting next_dagrun for example_xcom_args to None, run_after=None
[2026-08-24T14:38:53.440+0000] {logging_mixin.py:188} INFO - [2026-08-24T14:38:53.439+0000] {dag.py:3954} INFO - Setting next_dagrun for example_xcom_args_with_operators to None, run_after=None
[2026-08-24T14:38:53.465+0000] {processor.py:183} INFO - Processing /home/airflow/.local/lib/python3.12/site-packages/airflow/example_dags/example_xcomargs.py took 0.100 seconds
[2026-08-24T14:41:13.914+0000] {processor.py:161} INFO - Started process (PID=95) to work on /home/airflow/.local/lib/python3.12/site-packages/airflow/example_dags/example_xcomargs.py
[2026-08-24T14:41:13.916+0000] {processor.py:830} INFO - Processing file /home/airflow/.local/lib/python3.12/site-packages/airflow/example_dags/example_xcomargs.py for tasks to queue
[2026-08-24T14:41:13.918+0000] {logging_mixin.py:188} INFO - [2026-08-24T14:41:13.918+0000] {dagbag.py:545} INFO - Filling up the DagBag from /home/airflow/.local/lib/python3.12/site-packages/airflow/example_dags/example_xcomargs.py
[2026-08-24T14:41:13.932+0000] {processor.py:840} INFO - DAG(s) 'example_xcom_args_with_operators', 'example_xcom_args' retrieved from /home/airflow/.local/lib/python3.12/site-packages/airflow/example_dags/example_xcomargs.py
[2026-08-24T14:41:13.947+0000] {logging_mixin.py:188} INFO - [2026-08-24T14:41:13.947+0000] {dag.py:3096} INFO - Sync 2 DAGs
[2026-08-24T14:41:13.965+0000] {logging_mixin.py:188} INFO - [2026-08-24T14:41:13.965+0000] {dag.py:3954} INFO - Setting next_dagrun for example_xcom_args to None, run_after=None
[2026-08-24T14:41:13.969+0000] {logging_mixin.py:188} INFO - [2026-08-24T14:41:13.969+0000] {dag.py:3954} INFO - Setting next_dagrun for example_xcom_args_with_operators to None, run_after=None
[2026-08-24T14:41:14.005+0000] {processor.py:183} INFO - Processing /home/airflow/.local/lib/python3.12/site-packages/airflow/example_dags/example_xcomargs.py took 0.099 seconds
[2026-08-24T14:41:44.056+0000] {processor.py:161} INFO - Started process (PID=154) to work on /home/airflow/.local/lib/python3.12/site-packages/airflow/example_dags/example_xcomargs.py
[2026-08-24T14:41:44.058+0000] {processor.py:830} INFO - Processing file /home/airflow/.local/lib/python3.12/site-packages/airflow/example_dags/example_xcomargs.py for tasks to queue
[2026-08-24T14:41:44.061+0000] {logging_mixin.py:188} INFO - [2026-08-24T14:41:44.060+0000] {dagbag.py:545} INFO - Filling up the DagBag from /home/airflow/.local/lib/python3.12/site-packages/airflow/example_dags/example_xcomargs.py
[2026-08-24T14:41:44.073+0000] {processor.py:840} INFO - DAG(s) 'example_xcom_args', 'example_xcom_args_with_operators' retrieved from /home/airflow/.local/lib/python3.12/site-packages/airflow/example_dags/example_xcomargs.py
[2026-08-24T14:41:44.228+0000] {logging_mixin.py:188} INFO - [2026-08-24T14:41:44.227+0000] {dag.py:3096} INFO - Sync 2 DAGs
[2026-08-24T14:41:44.247+0000] {logging_mixin.py:188} INFO - [2026-08-24T14:41:44.246+0000] {dag.py:3954} INFO - Setting next_dagrun for example_xcom_args to None, run_after=None
[2026-08-24T14:41:44.252+0000] {logging_mixin.py:188} INFO - [2026-08-24T14:41:44.252+0000] {dag.py:3954} INFO - Setting next_dagrun for example_xcom_args_with_operators to None, run_after=None
[2026-08-24T14:41:44.277+0000] {processor.py:183} INFO - Processing /home/airflow/.local/lib/python3.12/site-packages/airflow/example_dags/example_xcomargs.py took 0.230 seconds
[2026-08-24T14:42:14.576+0000] {processor.py:161} INFO - Started process (PID=214) to work on /home/airflow/.local/lib/python3.12/site-packages/airflow/example_dags/example_xcomargs.py
[2026-08-24T14:42:14.579+0000] {processor.py:830} INFO - Processing file /home/airflow/.local/lib/python3.12/site-packages/airflow/example_dags/example_xcomargs.py for tasks to queue
[2026-08-24T14:42:14.586+0000] {logging_mixin.py:188} INFO - [2026-08-24T14:42:14.585+0000] {dagbag.py:545} INFO - Filling up the DagBag from /home/airflow/.local/lib/python3.12/site-packages/airflow/example_dags/example_xcomargs.py
[2026-08-24T14:42:14.611+0000] {processor.py:840} INFO - DAG(s) 'example_xcom_args_with_operators', 'example_xcom_args' retrieved from /home/airflow/.local/lib/python3.12/site-packages/airflow/example_dags/example_xcomargs.py
[2026-08-24T14:42:14.692+0000] {logging_mixin.py:188} INFO - [2026-08-24T14:42:14.691+0000] {dag.py:3096} INFO - Sync 2 DAGs
[2026-08-24T14:42:14.738+0000] {logging_mixin.py:188} INFO - [2026-08-24T14:42:14.738+0000] {dag.py:3954} INFO - Setting next_dagrun for example_xcom_args to None, run_after=None
[2026-08-24T14:42:14.746+0000] {logging_mixin.py:188} INFO - [2026-08-24T14:42:14.746+0000] {dag.py:3954} INFO - Setting next_dagrun for example_xcom_args_with_operators to None, run_after=None
[2026-08-24T14:42:14.792+0000] {processor.py:183} INFO - Processing /home/airflow/.local/lib/python3.12/site-packages/airflow/example_dags/example_xcomargs.py took 0.236 seconds
[2026-08-24T14:42:45.077+0000] {processor.py:161} INFO - Started process (PID=274) to work on /home/airflow/.local/lib/python3.12/site-packages/airflow/example_dags/example_xcomargs.py
[2026-08-24T14:42:45.079+0000] {processor.py:830} INFO - Processing file /home/airflow/.local/lib/python3.12/site-packages/airflow/example_dags/example_xcomargs.py for tasks to queue
[2026-08-24T14:42:45.082+0000] {logging_mixin.py:188} INFO - [2026-08-24T14:42:45.081+0000] {dagbag.py:545} INFO - Filling up the DagBag from /home/airflow/.local/lib/python3.12/site-packages/airflow/example_dags/example_xcomargs.py
[2026-08-24T14:42:45.093+0000] {processor.py:840} INFO - DAG(s) 'example_xcom_args_with_operators', 'example_xcom_args' retrieved from /home/airflow/.local/lib/python3.12/site-packages/airflow/example_dags/example_xcomargs.py
[2026-08-24T14:42:45.124+0000] {logging_mixin.py:188} INFO - [2026-08-24T14:42:45.124+0000] {dag.py:3096} INFO - Sync 2 DAGs
[2026-08-24T14:42:45.149+0000] {logging_mixin.py:188} INFO - [2026-08-24T14:42:45.148+0000] {dag.py:3954} INFO - Setting next_dagrun for example_xcom_args to None, run_after=None
[2026-08-24T14:42:45.154+0000] {logging_mixin.py:188} INFO - [2026-08-24T14:42:45.153+0000] {dag.py:3954} INFO - Setting next_dagrun for example_xcom_args_with_operators to None, run_after=None
[2026-08-24T14:42:45.176+0000] {processor.py:183} INFO - Processing /home/airflow/.local/lib/python3.12/site-packages/airflow/example_dags/example_xcomargs.py took 0.109 seconds
[2026-08-24T14:43:15.502+0000] {processor.py:161} INFO - Started process (PID=334) to work on /home/airflow/.local/lib/python3.12/site-packages/airflow/example_dags/example_xcomargs.py
[2026-08-24T14:43:15.503+0000] {processor.py:830} INFO - Processing file /home/airflow/.local/lib/python3.12/site-packages/airflow/example_dags/example_xcomargs.py for tasks to queue
[2026-08-24T14:43:15.505+0000] {logging_mixin.py:188} INFO - [2026-08-24T14:43:15.505+0000] {dagbag.py:545} INFO - Filling up the DagBag from /home/airflow/.local/lib/python3.12/site-packages/airflow/example_dags/example_xcomargs.py
[2026-08-24T14:43:15.517+0000] {processor.py:840} INFO - DAG(s) 'example_xcom_args_with_operators', 'example_xcom_args' retrieved from /home/airflow/.local/lib/python3.12/site-packages/airflow/example_dags/example_xcomargs.py
[2026-08-24T14:43:15.549+0000] {logging_mixin.py:188} INFO - [2026-08-24T14:43:15.548+0000] {dag.py:3096} INFO - Sync 2 DAGs
[2026-08-24T14:43:15.572+0000] {logging_mixin.py:188} INFO - [2026-08-24T14:43:15.571+0000] {dag.py:3954} INFO - Setting next_dagrun for example_xcom_args to None, run_after=None
[2026-08-24T14:43:15.576+0000] {logging_mixin.py:188} INFO - [2026-08-24T14:43:15.576+0000] {dag.py:3954} INFO - Setting next_dagrun for example_xcom_args_with_operators to None, run_after=None
[2026-08-24T14:43:15.600+0000] {processor.py:183} INFO - Processing /home/airflow/.local/lib/python3.12/site-packages/airflow/example_dags/example_xcomargs.py took 0.107 seconds
[2026-08-24T14:43:46.040+0000] {processor.py:161} INFO - Started process (PID=394) to work on /home/airflow/.local/lib/python3.12/site-packages/airflow/example_dags/example_xcomargs.py
[2026-08-24T14:43:46.041+0000] {processor.py:830} INFO - Processing file /home/airflow/.local/lib/python3.12/site-packages/airflow/example_dags/example_xcomargs.py for tasks to queue
[2026-08-24T14:43:46.044+0000] {logging_mixin.py:188} INFO - [2026-08-24T14:43:46.043+0000] {dagbag.py:545} INFO - Filling up the DagBag from /home/airflow/.local/lib/python3.12/site-packages/airflow/example_dags/example_xcomargs.py
[2026-08-24T14:43:46.057+0000] {processor.py:840} INFO - DAG(s) 'example_xcom_args_with_operators', 'example_xcom_args' retrieved from /home/airflow/.local/lib/python3.12/site-packages/airflow/example_dags/example_xcomargs.py
[2026-08-24T14:43:46.095+0000] {logging_mixin.py:188} INFO - [2026-08-24T14:43:46.094+0000] {dag.py:3096} INFO - Sync 2 DAGs
[2026-08-24T14:43:46.116+0000] {logging_mixin.py:188} INFO - [2026-08-24T14:43:46.115+0000] {dag.py:3954} INFO - Setting next_dagrun for example_xcom_args to None, run_after=None
[2026-08-24T14:43:46.121+0000] {logging_mixin.py:188} INFO - [2026-08-24T14:43:46.120+0000] {dag.py:3954} INFO - Setting next_dagrun for example_xcom_args_with_operators to None, run_after=None
[2026-08-24T14:43:46.146+0000] {processor.py:183} INFO - Processing /home/airflow/.local/lib/python3.12/site-packages/airflow/example_dags/example_xcomargs.py took 0.114 seconds
[2026-08-24T14:44:16.491+0000] {processor.py:161} INFO - Started process (PID=454) to work on /home/airflow/.local/lib/python3.12/site-packages/airflow/example_dags/example_xcomargs.py
[2026-08-24T14:44:16.492+0000] {processor.py:830} INFO - Processing file /home/airflow/.local/lib/python3.12/site-packages/airflow/example_dags/example_xcomargs.py for tasks to queue
[2026-08-24T14:44:16.494+0000] {logging_mixin.py:188} INFO - [2026-08-24T14:44:16.494+0000] {dagbag.py:545} INFO - Filling up the DagBag from /home/airflow/.local/lib/python3.12/site-packages/airflow/example_dags/example_xcomargs.py
[2026-08-24T14:44:16.505+0000] {processor.py:840} INFO - DAG(s) 'example_xcom_args_with_operators', 'example_xcom_args' retrieved from /home/airflow/.local/lib/python3.12/site-packages/airflow/example_dags/example_xcomargs.py
[2026-08-24T14:44:16.549+0000] {logging_mixin.py:188} INFO - [2026-08-24T14:44:16.548+0000] {dag.py:3096} INFO - Sync 2 DAGs
[2026-08-24T14:44:16.571+0000] {logging_mixin.py:188} INFO - [2026-08-24T14:44:16.570+0000] {dag.py:3954} INFO - Setting next_dagrun for example_xcom_args to None, run_after=None
[2026-08-24T14:44:16.576+0000] {logging_mixin.py:188} INFO - [2026-08-24T14:44:16.576+0000] {dag.py:3954} INFO - Setting next_dagrun for example_xcom_args_with_operators to None, run_after=None
[2026-08-24T14:44:16.609+0000] {processor.py:183} INFO - Processing /home/airflow/.local/lib/python3.12/site-packages/airflow/example_dags/example_xcomargs.py took 0.127 seconds
[2026-08-24T14:44:46.963+0000] {processor.py:161} INFO - Started process (PID=520) to work on /home/airflow/.local/lib/python3.12/site-packages/airflow/example_dags/example_xcomargs.py
[2026-08-24T14:44:46.964+0000] {processor.py:830} INFO - Processing file /home/airflow/.local/lib/python3.12/site-packages/airflow/example_dags/example_xcomargs.py for tasks to queue
[2026-08-24T14:44:46.966+0000] {logging_mixin.py:188} INFO - [2026-08-24T14:44:46.966+0000] {dagbag.py:545} INFO - Filling up the DagBag from /home/airflow/.local/lib/python3.12/site-packages/airflow/example_dags/example_xcomargs.py
[2026-08-24T14:44:46.977+0000] {processor.py:840} INFO - DAG(s) 'example_xcom_args', 'example_xcom_args_with_operators' retrieved from /home/airflow/.local/lib/python3.12/site-packages/airflow/example_dags/example_xcomargs.py
[2026-08-24T14:44:47.009+0000] {logging_mixin.py:188} INFO - [2026-08-24T14:44:47.008+0000] {dag.py:3096} INFO - Sync 2 DAGs
[2026-08-24T14:44:47.026+0000] {logging_mixin.py:188} INFO - [2026-08-24T14:44:47.026+0000] {dag.py:3954} INFO - Setting next_dagrun for example_xcom_args to None, run_after=None
[2026-08-24T14:44:47.032+0000] {logging_mixin.py:188} INFO - [2026-08-24T14:44:47.031+0000] {dag.py:3954} INFO - Setting next_dagrun for example_xcom_args_with_operators to None, run_after=None
[2026-08-24T14:44:47.053+0000] {processor.py:183} INFO - Processing /home/airflow/.local/lib/python3.12/site-packages/airflow/example_dags/example_xcomargs.py took 0.098 seconds
[2026-08-24T14:49:15.528+0000] {processor.py:161} INFO - Started process (PID=97) to work on /home/airflow/.local/lib/python3.12/site-packages/airflow/example_dags/example_xcomargs.py
[2026-08-24T14:49:15.529+0000] {processor.py:830} INFO - Processing file /home/airflow/.local/lib/python3.12/site-packages/airflow/example_dags/example_xcomargs.py for tasks to queue
[2026-08-24T14:49:15.534+0000] {logging_mixin.py:188} INFO - [2026-08-24T14:49:15.533+0000] {dagbag.py:545} INFO - Filling up the DagBag from /home/airflow/.local/lib/python3.12/site-packages/airflow/example_dags/example_xcomargs.py
[2026-08-24T14:49:15.555+0000] {processor.py:840} INFO - DAG(s) 'example_xcom_args', 'example_xcom_args_with_operators' retrieved from /home/airflow/.local/lib/python3.12/site-packages/airflow/example_dags/example_xcomargs.py
[2026-08-24T14:49:15.759+0000] {logging_mixin.py:188} INFO - [2026-08-24T14:49:15.759+0000] {dag.py:3096} INFO - Sync 2 DAGs
[2026-08-24T14:49:15.779+0000] {logging_mixin.py:188} INFO - [2026-08-24T14:49:15.778+0000] {dag.py:3954} INFO - Setting next_dagrun for example_xcom_args to None, run_after=None
[2026-08-24T14:49:15.783+0000] {logging_mixin.py:188} INFO - [2026-08-24T14:49:15.783+0000] {dag.py:3954} INFO - Setting next_dagrun for example_xcom_args_with_operators to None, run_after=None
[2026-08-24T14:49:15.813+0000] {processor.py:183} INFO - Processing /home/airflow/.local/lib/python3.12/site-packages/airflow/example_dags/example_xcomargs.py took 0.296 seconds
[2026-08-24T14:50:13.865+0000] {processor.py:161} INFO - Started process (PID=74) to work on /home/airflow/.local/lib/python3.12/site-packages/airflow/example_dags/example_xcomargs.py
[2026-08-24T14:50:13.867+0000] {processor.py:830} INFO - Processing file /home/airflow/.local/lib/python3.12/site-packages/airflow/example_dags/example_xcomargs.py for tasks to queue
[2026-08-24T14:50:13.871+0000] {logging_mixin.py:188} INFO - [2026-08-24T14:50:13.870+0000] {dagbag.py:545} INFO - Filling up the DagBag from /home/airflow/.local/lib/python3.12/site-packages/airflow/example_dags/example_xcomargs.py
[2026-08-24T14:50:13.889+0000] {processor.py:840} INFO - DAG(s) 'example_xcom_args', 'example_xcom_args_with_operators' retrieved from /home/airflow/.local/lib/python3.12/site-packages/airflow/example_dags/example_xcomargs.py
[2026-08-24T14:50:13.937+0000] {logging_mixin.py:188} INFO - [2026-08-24T14:50:13.936+0000] {dag.py:3096} INFO - Sync 2 DAGs
[2026-08-24T14:50:13.958+0000] {logging_mixin.py:188} INFO - [2026-08-24T14:50:13.958+0000] {dag.py:3954} INFO - Setting next_dagrun for example_xcom_args to None, run_after=None
[2026-08-24T14:50:13.963+0000] {logging_mixin.py:188} INFO - [2026-08-24T14:50:13.963+0000] {dag.py:3954} INFO - Setting next_dagrun for example_xcom_args_with_operators to None, run_after=None
[2026-08-24T14:50:13.987+0000] {processor.py:183} INFO - Processing /home/airflow/.local/lib/python3.12/site-packages/airflow/example_dags/example_xcomargs.py took 0.131 seconds
[2026-08-24T14:50:44.230+0000] {processor.py:161} INFO - Started process (PID=133) to work on /home/airflow/.local/lib/python3.12/site-packages/airflow/example_dags/example_xcomargs.py
[2026-08-24T14:50:44.231+0000] {processor.py:830} INFO - Processing file /home/airflow/.local/lib/python3.12/site-packages/airflow/example_dags/example_xcomargs.py for tasks to queue
[2026-08-24T14:50:44.234+0000] {logging_mixin.py:188} INFO - [2026-08-24T14:50:44.234+0000] {dagbag.py:545} INFO - Filling up the DagBag from /home/airflow/.local/lib/python3.12/site-packages/airflow/example_dags/example_xcomargs.py
[2026-08-24T14:50:44.248+0000] {processor.py:840} INFO - DAG(s) 'example_xcom_args', 'example_xcom_args_with_operators' retrieved from /home/airflow/.local/lib/python3.12/site-packages/airflow/example_dags/example_xcomargs.py
[2026-08-24T14:50:44.279+0000] {logging_mixin.py:188} INFO - [2026-08-24T14:50:44.279+0000] {dag.py:3096} INFO - Sync 2 DAGs
[2026-08-24T14:50:44.298+0000] {logging_mixin.py:188} INFO - [2026-08-24T14:50:44.297+0000] {dag.py:3954} INFO - Setting next_dagrun for example_xcom_args to None, run_after=None
[2026-08-24T14:50:44.303+0000] {logging_mixin.py:188} INFO - [2026-08-24T14:50:44.303+0000] {dag.py:3954} INFO - Setting next_dagrun for example_xcom_args_with_operators to None, run_after=None
[2026-08-24T14:50:44.324+0000] {processor.py:183} INFO - Processing /home/airflow/.local/lib/python3.12/site-packages/airflow/example_dags/example_xcomargs.py took 0.101 seconds
[2026-08-24T14:51:14.538+0000] {processor.py:161} INFO - Started process (PID=193) to work on /home/airflow/.local/lib/python3.12/site-packages/airflow/example_dags/example_xcomargs.py
[2026-08-24T14:51:14.539+0000] {processor.py:830} INFO - Processing file /home/airflow/.local/lib/python3.12/site-packages/airflow/example_dags/example_xcomargs.py for tasks to queue
[2026-08-24T14:51:14.542+0000] {logging_mixin.py:188} INFO - [2026-08-24T14:51:14.542+0000] {dagbag.py:545} INFO - Filling up the DagBag from /home/airflow/.local/lib/python3.12/site-packages/airflow/example_dags/example_xcomargs.py
[2026-08-24T14:51:14.555+0000] {processor.py:840} INFO - DAG(s) 'example_xcom_args', 'example_xcom_args_with_operators' retrieved from /home/airflow/.local/lib/python3.12/site-packages/airflow/example_dags/example_xcomargs.py
[2026-08-24T14:51:14.592+0000] {logging_mixin.py:188} INFO - [2026-08-24T14:51:14.591+0000] {dag.py:3096} INFO - Sync 2 DAGs
[2026-08-24T14:51:14.612+0000] {logging_mixin.py:188} INFO - [2026-08-24T14:51:14.612+0000] {dag.py:3954} INFO - Setting next_dagrun for example_xcom_args to None, run_after=None
[2026-08-24T14:51:14.622+0000] {logging_mixin.py:188} INFO - [2026-08-24T14:51:14.622+0000] {dag.py:3954} INFO - Setting next_dagrun for example_xcom_args_with_operators to None, run_after=None
[2026-08-24T14:51:14.651+0000] {processor.py:183} INFO - Processing /home/airflow/.local/lib/python3.12/site-packages/airflow/example_dags/example_xcomargs.py took 0.120 seconds
