[2026-08-24T13:51:07.104+0000] {processor.py:161} INFO - Started process (PID=129) to work on /home/airflow/.local/lib/python3.12/site-packages/airflow/example_dags/example_trigger_controller_dag.py
[2026-08-24T13:51:07.105+0000] {processor.py:830} INFO - Processing file /home/airflow/.local/lib/python3.12/site-packages/airflow/example_dags/example_trigger_controller_dag.py for tasks to queue
[2026-08-24T13:51:07.108+0000] {logging_mixin.py:188} INFO - [2026-08-24T13:51:07.107+0000] {dagbag.py:545} INFO - Filling up the DagBag from /home/airflow/.local/lib/python3.12/site-packages/airflow/example_dags/example_trigger_controller_dag.py
[2026-08-24T13:51:07.115+0000] {processor.py:840} INFO - DAG(s) 'example_trigger_controller_dag' retrieved from /home/airflow/.local/lib/python3.12/site-packages/airflow/example_dags/example_trigger_controller_dag.py
[2026-08-24T13:51:07.252+0000] {logging_mixin.py:188} INFO - [2026-08-24T13:51:07.251+0000] {dag.py:3096} INFO - Sync 1 DAGs
[2026-08-24T13:51:07.278+0000] {logging_mixin.py:188} INFO - [2026-08-24T13:51:07.278+0000] {dag.py:3954} INFO - Setting next_dagrun for example_trigger_controller_dag to 2021-01-01 00:00:00+00:00, run_after=2021-01-01 00:00:00+00:00
[2026-08-24T13:51:07.304+0000] {processor.py:183} INFO - Processing /home/airflow/.local/lib/python3.12/site-packages/airflow/example_dags/example_trigger_controller_dag.py took 0.208 seconds
[2026-08-24T13:51:45.258+0000] {processor.py:161} INFO - Started process (PID=116) to work on /home/airflow/.local/lib/python3.12/site-packages/airflow/example_dags/example_trigger_controller_dag.py
[2026-08-24T13:51:45.259+0000] {processor.py:830} INFO - Processing file /home/airflow/.local/lib/python3.12/site-packages/airflow/example_dags/example_trigger_controller_dag.py for tasks to queue
[2026-08-24T13:51:45.261+0000] {logging_mixin.py:188} INFO - [2026-08-24T13:51:45.261+0000] {dagbag.py:545} INFO - Filling up the DagBag from /home/airflow/.local/lib/python3.12/site-packages/airflow/example_dags/example_trigger_controller_dag.py
[2026-08-24T13:51:45.268+0000] {processor.py:840} INFO - DAG(s) 'example_trigger_controller_dag' retrieved from /home/airflow/.local/lib/python3.12/site-packages/airflow/example_dags/example_trigger_controller_dag.py
[2026-08-24T13:51:45.291+0000] {logging_mixin.py:188} INFO - [2026-08-24T13:51:45.291+0000] {dag.py:3096} INFO - Sync 1 DAGs
[2026-08-24T13:51:45.316+0000] {logging_mixin.py:188} INFO - [2026-08-24T13:51:45.316+0000] {dag.py:3954} INFO - Setting next_dagrun for example_trigger_controller_dag to 2021-01-01 00:00:00+00:00, run_after=2021-01-01 00:00:00+00:00
[2026-08-24T13:51:45.339+0000] {processor.py:183} INFO - Processing /home/airflow/.local/lib/python3.12/site-packages/airflow/example_dags/example_trigger_controller_dag.py took 0.088 seconds
[2026-08-24T13:52:15.992+0000] {processor.py:161} INFO - Started process (PID=175) to work on /home/airflow/.local/lib/python3.12/site-packages/airflow/example_dags/example_trigger_controller_dag.py
[2026-08-24T13:52:15.993+0000] {processor.py:830} INFO - Processing file /home/airflow/.local/lib/python3.12/site-packages/airflow/example_dags/example_trigger_controller_dag.py for tasks to queue
[2026-08-24T13:52:15.996+0000] {logging_mixin.py:188} INFO - [2026-08-24T13:52:15.995+0000] {dagbag.py:545} INFO - Filling up the DagBag from /home/airflow/.local/lib/python3.12/site-packages/airflow/example_dags/example_trigger_controller_dag.py
[2026-08-24T13:52:16.002+0000] {processor.py:840} INFO - DAG(s) 'example_trigger_controller_dag' retrieved from /home/airflow/.local/lib/python3.12/site-packages/airflow/example_dags/example_trigger_controller_dag.py
[2026-08-24T13:52:16.026+0000] {logging_mixin.py:188} INFO - [2026-08-24T13:52:16.026+0000] {dag.py:3096} INFO - Sync 1 DAGs
[2026-08-24T13:52:16.052+0000] {logging_mixin.py:188} INFO - [2026-08-24T13:52:16.051+0000] {dag.py:3954} INFO - Setting next_dagrun for example_trigger_controller_dag to 2021-01-01 00:00:00+00:00, run_after=2021-01-01 00:00:00+00:00
[2026-08-24T13:52:16.073+0000] {processor.py:183} INFO - Processing /home/airflow/.local/lib/python3.12/site-packages/airflow/example_dags/example_trigger_controller_dag.py took 0.089 seconds
[2026-08-24T13:52:46.459+0000] {processor.py:161} INFO - Started process (PID=234) to work on /home/airflow/.local/lib/python3.12/site-packages/airflow/example_dags/example_trigger_controller_dag.py
[2026-08-24T13:52:46.462+0000] {processor.py:830} INFO - Processing file /home/airflow/.local/lib/python3.12/site-packages/airflow/example_dags/example_trigger_controller_dag.py for tasks to queue
[2026-08-24T13:52:46.466+0000] {logging_mixin.py:188} INFO - [2026-08-24T13:52:46.465+0000] {dagbag.py:545} INFO - Filling up the DagBag from /home/airflow/.local/lib/python3.12/site-packages/airflow/example_dags/example_trigger_controller_dag.py
[2026-08-24T13:52:46.473+0000] {processor.py:840} INFO - DAG(s) 'example_trigger_controller_dag' retrieved from /home/airflow/.local/lib/python3.12/site-packages/airflow/example_dags/example_trigger_controller_dag.py
[2026-08-24T13:52:46.506+0000] {logging_mixin.py:188} INFO - [2026-08-24T13:52:46.506+0000] {dag.py:3096} INFO - Sync 1 DAGs
[2026-08-24T13:52:46.548+0000] {logging_mixin.py:188} INFO - [2026-08-24T13:52:46.547+0000] {dag.py:3954} INFO - Setting next_dagrun for example_trigger_controller_dag to 2021-01-01 00:00:00+00:00, run_after=2021-01-01 00:00:00+00:00
[2026-08-24T13:52:46.589+0000] {processor.py:183} INFO - Processing /home/airflow/.local/lib/python3.12/site-packages/airflow/example_dags/example_trigger_controller_dag.py took 0.143 seconds
[2026-08-24T13:53:17.294+0000] {processor.py:161} INFO - Started process (PID=293) to work on /home/airflow/.local/lib/python3.12/site-packages/airflow/example_dags/example_trigger_controller_dag.py
[2026-08-24T13:53:17.295+0000] {processor.py:830} INFO - Processing file /home/airflow/.local/lib/python3.12/site-packages/airflow/example_dags/example_trigger_controller_dag.py for tasks to queue
[2026-08-24T13:53:17.298+0000] {logging_mixin.py:188} INFO - [2026-08-24T13:53:17.298+0000] {dagbag.py:545} INFO - Filling up the DagBag from /home/airflow/.local/lib/python3.12/site-packages/airflow/example_dags/example_trigger_controller_dag.py
[2026-08-24T13:53:17.305+0000] {processor.py:840} INFO - DAG(s) 'example_trigger_controller_dag' retrieved from /home/airflow/.local/lib/python3.12/site-packages/airflow/example_dags/example_trigger_controller_dag.py
[2026-08-24T13:53:17.328+0000] {logging_mixin.py:188} INFO - [2026-08-24T13:53:17.328+0000] {dag.py:3096} INFO - Sync 1 DAGs
[2026-08-24T13:53:17.354+0000] {logging_mixin.py:188} INFO - [2026-08-24T13:53:17.354+0000] {dag.py:3954} INFO - Setting next_dagrun for example_trigger_controller_dag to 2021-01-01 00:00:00+00:00, run_after=2021-01-01 00:00:00+00:00
[2026-08-24T13:53:17.377+0000] {processor.py:183} INFO - Processing /home/airflow/.local/lib/python3.12/site-packages/airflow/example_dags/example_trigger_controller_dag.py took 0.090 seconds
[2026-08-24T13:53:48.179+0000] {processor.py:161} INFO - Started process (PID=352) to work on /home/airflow/.local/lib/python3.12/site-packages/airflow/example_dags/example_trigger_controller_dag.py
[2026-08-24T13:53:48.180+0000] {processor.py:830} INFO - Processing file /home/airflow/.local/lib/python3.12/site-packages/airflow/example_dags/example_trigger_controller_dag.py for tasks to queue
[2026-08-24T13:53:48.183+0000] {logging_mixin.py:188} INFO - [2026-08-24T13:53:48.183+0000] {dagbag.py:545} INFO - Filling up the DagBag from /home/airflow/.local/lib/python3.12/site-packages/airflow/example_dags/example_trigger_controller_dag.py
[2026-08-24T13:53:48.189+0000] {processor.py:840} INFO - DAG(s) 'example_trigger_controller_dag' retrieved from /home/airflow/.local/lib/python3.12/site-packages/airflow/example_dags/example_trigger_controller_dag.py
[2026-08-24T13:53:48.215+0000] {logging_mixin.py:188} INFO - [2026-08-24T13:53:48.214+0000] {dag.py:3096} INFO - Sync 1 DAGs
[2026-08-24T13:53:48.241+0000] {logging_mixin.py:188} INFO - [2026-08-24T13:53:48.241+0000] {dag.py:3954} INFO - Setting next_dagrun for example_trigger_controller_dag to 2021-01-01 00:00:00+00:00, run_after=2021-01-01 00:00:00+00:00
[2026-08-24T13:53:48.265+0000] {processor.py:183} INFO - Processing /home/airflow/.local/lib/python3.12/site-packages/airflow/example_dags/example_trigger_controller_dag.py took 0.094 seconds
[2026-08-24T13:54:19.243+0000] {processor.py:161} INFO - Started process (PID=411) to work on /home/airflow/.local/lib/python3.12/site-packages/airflow/example_dags/example_trigger_controller_dag.py
[2026-08-24T13:54:19.244+0000] {processor.py:830} INFO - Processing file /home/airflow/.local/lib/python3.12/site-packages/airflow/example_dags/example_trigger_controller_dag.py for tasks to queue
[2026-08-24T13:54:19.246+0000] {logging_mixin.py:188} INFO - [2026-08-24T13:54:19.246+0000] {dagbag.py:545} INFO - Filling up the DagBag from /home/airflow/.local/lib/python3.12/site-packages/airflow/example_dags/example_trigger_controller_dag.py
[2026-08-24T13:54:19.253+0000] {processor.py:840} INFO - DAG(s) 'example_trigger_controller_dag' retrieved from /home/airflow/.local/lib/python3.12/site-packages/airflow/example_dags/example_trigger_controller_dag.py
[2026-08-24T13:54:19.287+0000] {logging_mixin.py:188} INFO - [2026-08-24T13:54:19.286+0000] {dag.py:3096} INFO - Sync 1 DAGs
[2026-08-24T13:54:19.322+0000] {logging_mixin.py:188} INFO - [2026-08-24T13:54:19.322+0000] {dag.py:3954} INFO - Setting next_dagrun for example_trigger_controller_dag to 2021-01-01 00:00:00+00:00, run_after=2021-01-01 00:00:00+00:00
[2026-08-24T13:54:19.349+0000] {processor.py:183} INFO - Processing /home/airflow/.local/lib/python3.12/site-packages/airflow/example_dags/example_trigger_controller_dag.py took 0.115 seconds
[2026-08-24T13:54:49.434+0000] {processor.py:161} INFO - Started process (PID=470) to work on /home/airflow/.local/lib/python3.12/site-packages/airflow/example_dags/example_trigger_controller_dag.py
[2026-08-24T13:54:49.436+0000] {processor.py:830} INFO - Processing file /home/airflow/.local/lib/python3.12/site-packages/airflow/example_dags/example_trigger_controller_dag.py for tasks to queue
[2026-08-24T13:54:49.438+0000] {logging_mixin.py:188} INFO - [2026-08-24T13:54:49.438+0000] {dagbag.py:545} INFO - Filling up the DagBag from /home/airflow/.local/lib/python3.12/site-packages/airflow/example_dags/example_trigger_controller_dag.py
[2026-08-24T13:54:49.444+0000] {processor.py:840} INFO - DAG(s) 'example_trigger_controller_dag' retrieved from /home/airflow/.local/lib/python3.12/site-packages/airflow/example_dags/example_trigger_controller_dag.py
[2026-08-24T13:54:49.480+0000] {logging_mixin.py:188} INFO - [2026-08-24T13:54:49.479+0000] {dag.py:3096} INFO - Sync 1 DAGs
[2026-08-24T13:54:49.541+0000] {logging_mixin.py:188} INFO - [2026-08-24T13:54:49.540+0000] {dag.py:3954} INFO - Setting next_dagrun for example_trigger_controller_dag to 2021-01-01 00:00:00+00:00, run_after=2021-01-01 00:00:00+00:00
[2026-08-24T13:54:49.567+0000] {processor.py:183} INFO - Processing /home/airflow/.local/lib/python3.12/site-packages/airflow/example_dags/example_trigger_controller_dag.py took 0.140 seconds
[2026-08-24T13:55:26.574+0000] {processor.py:161} INFO - Started process (PID=530) to work on /home/airflow/.local/lib/python3.12/site-packages/airflow/example_dags/example_trigger_controller_dag.py
[2026-08-24T13:55:26.576+0000] {processor.py:830} INFO - Processing file /home/airflow/.local/lib/python3.12/site-packages/airflow/example_dags/example_trigger_controller_dag.py for tasks to queue
[2026-08-24T13:55:26.582+0000] {logging_mixin.py:188} INFO - [2026-08-24T13:55:26.581+0000] {dagbag.py:545} INFO - Filling up the DagBag from /home/airflow/.local/lib/python3.12/site-packages/airflow/example_dags/example_trigger_controller_dag.py
[2026-08-24T13:55:26.596+0000] {processor.py:840} INFO - DAG(s) 'example_trigger_controller_dag' retrieved from /home/airflow/.local/lib/python3.12/site-packages/airflow/example_dags/example_trigger_controller_dag.py
[2026-08-24T13:55:26.834+0000] {logging_mixin.py:188} INFO - [2026-08-24T13:55:26.834+0000] {dag.py:3096} INFO - Sync 1 DAGs
[2026-08-24T13:55:26.862+0000] {logging_mixin.py:188} INFO - [2026-08-24T13:55:26.862+0000] {dag.py:3954} INFO - Setting next_dagrun for example_trigger_controller_dag to 2021-01-01 00:00:00+00:00, run_after=2021-01-01 00:00:00+00:00
[2026-08-24T13:55:26.891+0000] {processor.py:183} INFO - Processing /home/airflow/.local/lib/python3.12/site-packages/airflow/example_dags/example_trigger_controller_dag.py took 0.329 seconds
[2026-08-24T13:55:57.195+0000] {processor.py:161} INFO - Started process (PID=589) to work on /home/airflow/.local/lib/python3.12/site-packages/airflow/example_dags/example_trigger_controller_dag.py
[2026-08-24T13:55:57.197+0000] {processor.py:830} INFO - Processing file /home/airflow/.local/lib/python3.12/site-packages/airflow/example_dags/example_trigger_controller_dag.py for tasks to queue
[2026-08-24T13:55:57.201+0000] {logging_mixin.py:188} INFO - [2026-08-24T13:55:57.201+0000] {dagbag.py:545} INFO - Filling up the DagBag from /home/airflow/.local/lib/python3.12/site-packages/airflow/example_dags/example_trigger_controller_dag.py
[2026-08-24T13:55:57.212+0000] {processor.py:840} INFO - DAG(s) 'example_trigger_controller_dag' retrieved from /home/airflow/.local/lib/python3.12/site-packages/airflow/example_dags/example_trigger_controller_dag.py
[2026-08-24T13:55:57.244+0000] {logging_mixin.py:188} INFO - [2026-08-24T13:55:57.244+0000] {dag.py:3096} INFO - Sync 1 DAGs
[2026-08-24T13:55:57.283+0000] {logging_mixin.py:188} INFO - [2026-08-24T13:55:57.283+0000] {dag.py:3954} INFO - Setting next_dagrun for example_trigger_controller_dag to 2021-01-01 00:00:00+00:00, run_after=2021-01-01 00:00:00+00:00
[2026-08-24T13:55:57.318+0000] {processor.py:183} INFO - Processing /home/airflow/.local/lib/python3.12/site-packages/airflow/example_dags/example_trigger_controller_dag.py took 0.140 seconds
[2026-08-24T13:56:27.768+0000] {processor.py:161} INFO - Started process (PID=648) to work on /home/airflow/.local/lib/python3.12/site-packages/airflow/example_dags/example_trigger_controller_dag.py
[2026-08-24T13:56:27.770+0000] {processor.py:830} INFO - Processing file /home/airflow/.local/lib/python3.12/site-packages/airflow/example_dags/example_trigger_controller_dag.py for tasks to queue
[2026-08-24T13:56:27.776+0000] {logging_mixin.py:188} INFO - [2026-08-24T13:56:27.774+0000] {dagbag.py:545} INFO - Filling up the DagBag from /home/airflow/.local/lib/python3.12/site-packages/airflow/example_dags/example_trigger_controller_dag.py
[2026-08-24T13:56:27.785+0000] {processor.py:840} INFO - DAG(s) 'example_trigger_controller_dag' retrieved from /home/airflow/.local/lib/python3.12/site-packages/airflow/example_dags/example_trigger_controller_dag.py
[2026-08-24T13:56:27.822+0000] {logging_mixin.py:188} INFO - [2026-08-24T13:56:27.821+0000] {dag.py:3096} INFO - Sync 1 DAGs
[2026-08-24T13:56:27.863+0000] {logging_mixin.py:188} INFO - [2026-08-24T13:56:27.862+0000] {dag.py:3954} INFO - Setting next_dagrun for example_trigger_controller_dag to 2021-01-01 00:00:00+00:00, run_after=2021-01-01 00:00:00+00:00
[2026-08-24T13:56:27.892+0000] {processor.py:183} INFO - Processing /home/airflow/.local/lib/python3.12/site-packages/airflow/example_dags/example_trigger_controller_dag.py took 0.135 seconds
[2026-08-24T13:56:58.615+0000] {processor.py:161} INFO - Started process (PID=707) to work on /home/airflow/.local/lib/python3.12/site-packages/airflow/example_dags/example_trigger_controller_dag.py
[2026-08-24T13:56:58.617+0000] {processor.py:830} INFO - Processing file /home/airflow/.local/lib/python3.12/site-packages/airflow/example_dags/example_trigger_controller_dag.py for tasks to queue
[2026-08-24T13:56:58.620+0000] {logging_mixin.py:188} INFO - [2026-08-24T13:56:58.620+0000] {dagbag.py:545} INFO - Filling up the DagBag from /home/airflow/.local/lib/python3.12/site-packages/airflow/example_dags/example_trigger_controller_dag.py
[2026-08-24T13:56:58.633+0000] {processor.py:840} INFO - DAG(s) 'example_trigger_controller_dag' retrieved from /home/airflow/.local/lib/python3.12/site-packages/airflow/example_dags/example_trigger_controller_dag.py
[2026-08-24T13:56:58.674+0000] {logging_mixin.py:188} INFO - [2026-08-24T13:56:58.674+0000] {dag.py:3096} INFO - Sync 1 DAGs
[2026-08-24T13:56:58.712+0000] {logging_mixin.py:188} INFO - [2026-08-24T13:56:58.712+0000] {dag.py:3954} INFO - Setting next_dagrun for example_trigger_controller_dag to 2021-01-01 00:00:00+00:00, run_after=2021-01-01 00:00:00+00:00
[2026-08-24T13:56:58.745+0000] {processor.py:183} INFO - Processing /home/airflow/.local/lib/python3.12/site-packages/airflow/example_dags/example_trigger_controller_dag.py took 0.145 seconds
[2026-08-24T13:57:29.011+0000] {processor.py:161} INFO - Started process (PID=767) to work on /home/airflow/.local/lib/python3.12/site-packages/airflow/example_dags/example_trigger_controller_dag.py
[2026-08-24T13:57:29.012+0000] {processor.py:830} INFO - Processing file /home/airflow/.local/lib/python3.12/site-packages/airflow/example_dags/example_trigger_controller_dag.py for tasks to queue
[2026-08-24T13:57:29.015+0000] {logging_mixin.py:188} INFO - [2026-08-24T13:57:29.014+0000] {dagbag.py:545} INFO - Filling up the DagBag from /home/airflow/.local/lib/python3.12/site-packages/airflow/example_dags/example_trigger_controller_dag.py
[2026-08-24T13:57:29.020+0000] {processor.py:840} INFO - DAG(s) 'example_trigger_controller_dag' retrieved from /home/airflow/.local/lib/python3.12/site-packages/airflow/example_dags/example_trigger_controller_dag.py
[2026-08-24T13:57:29.044+0000] {logging_mixin.py:188} INFO - [2026-08-24T13:57:29.044+0000] {dag.py:3096} INFO - Sync 1 DAGs
[2026-08-24T13:57:29.069+0000] {logging_mixin.py:188} INFO - [2026-08-24T13:57:29.069+0000] {dag.py:3954} INFO - Setting next_dagrun for example_trigger_controller_dag to 2021-01-01 00:00:00+00:00, run_after=2021-01-01 00:00:00+00:00
[2026-08-24T13:57:29.092+0000] {processor.py:183} INFO - Processing /home/airflow/.local/lib/python3.12/site-packages/airflow/example_dags/example_trigger_controller_dag.py took 0.088 seconds
[2026-08-24T13:57:59.780+0000] {processor.py:161} INFO - Started process (PID=826) to work on /home/airflow/.local/lib/python3.12/site-packages/airflow/example_dags/example_trigger_controller_dag.py
[2026-08-24T13:57:59.781+0000] {processor.py:830} INFO - Processing file /home/airflow/.local/lib/python3.12/site-packages/airflow/example_dags/example_trigger_controller_dag.py for tasks to queue
[2026-08-24T13:57:59.784+0000] {logging_mixin.py:188} INFO - [2026-08-24T13:57:59.784+0000] {dagbag.py:545} INFO - Filling up the DagBag from /home/airflow/.local/lib/python3.12/site-packages/airflow/example_dags/example_trigger_controller_dag.py
[2026-08-24T13:57:59.791+0000] {processor.py:840} INFO - DAG(s) 'example_trigger_controller_dag' retrieved from /home/airflow/.local/lib/python3.12/site-packages/airflow/example_dags/example_trigger_controller_dag.py
[2026-08-24T13:57:59.815+0000] {logging_mixin.py:188} INFO - [2026-08-24T13:57:59.815+0000] {dag.py:3096} INFO - Sync 1 DAGs
[2026-08-24T13:57:59.858+0000] {logging_mixin.py:188} INFO - [2026-08-24T13:57:59.858+0000] {dag.py:3954} INFO - Setting next_dagrun for example_trigger_controller_dag to 2021-01-01 00:00:00+00:00, run_after=2021-01-01 00:00:00+00:00
[2026-08-24T13:57:59.971+0000] {processor.py:183} INFO - Processing /home/airflow/.local/lib/python3.12/site-packages/airflow/example_dags/example_trigger_controller_dag.py took 0.198 seconds
[2026-08-24T13:58:30.995+0000] {processor.py:161} INFO - Started process (PID=886) to work on /home/airflow/.local/lib/python3.12/site-packages/airflow/example_dags/example_trigger_controller_dag.py
[2026-08-24T13:58:30.996+0000] {processor.py:830} INFO - Processing file /home/airflow/.local/lib/python3.12/site-packages/airflow/example_dags/example_trigger_controller_dag.py for tasks to queue
[2026-08-24T13:58:30.998+0000] {logging_mixin.py:188} INFO - [2026-08-24T13:58:30.998+0000] {dagbag.py:545} INFO - Filling up the DagBag from /home/airflow/.local/lib/python3.12/site-packages/airflow/example_dags/example_trigger_controller_dag.py
[2026-08-24T13:58:31.004+0000] {processor.py:840} INFO - DAG(s) 'example_trigger_controller_dag' retrieved from /home/airflow/.local/lib/python3.12/site-packages/airflow/example_dags/example_trigger_controller_dag.py
[2026-08-24T13:58:31.034+0000] {logging_mixin.py:188} INFO - [2026-08-24T13:58:31.034+0000] {dag.py:3096} INFO - Sync 1 DAGs
[2026-08-24T13:58:31.068+0000] {logging_mixin.py:188} INFO - [2026-08-24T13:58:31.068+0000] {dag.py:3954} INFO - Setting next_dagrun for example_trigger_controller_dag to 2021-01-01 00:00:00+00:00, run_after=2021-01-01 00:00:00+00:00
[2026-08-24T13:58:31.092+0000] {processor.py:183} INFO - Processing /home/airflow/.local/lib/python3.12/site-packages/airflow/example_dags/example_trigger_controller_dag.py took 0.104 seconds
[2026-08-24T13:59:01.301+0000] {processor.py:161} INFO - Started process (PID=945) to work on /home/airflow/.local/lib/python3.12/site-packages/airflow/example_dags/example_trigger_controller_dag.py
[2026-08-24T13:59:01.303+0000] {processor.py:830} INFO - Processing file /home/airflow/.local/lib/python3.12/site-packages/airflow/example_dags/example_trigger_controller_dag.py for tasks to queue
[2026-08-24T13:59:01.307+0000] {logging_mixin.py:188} INFO - [2026-08-24T13:59:01.307+0000] {dagbag.py:545} INFO - Filling up the DagBag from /home/airflow/.local/lib/python3.12/site-packages/airflow/example_dags/example_trigger_controller_dag.py
[2026-08-24T13:59:01.321+0000] {processor.py:840} INFO - DAG(s) 'example_trigger_controller_dag' retrieved from /home/airflow/.local/lib/python3.12/site-packages/airflow/example_dags/example_trigger_controller_dag.py
[2026-08-24T13:59:01.361+0000] {logging_mixin.py:188} INFO - [2026-08-24T13:59:01.361+0000] {dag.py:3096} INFO - Sync 1 DAGs
[2026-08-24T13:59:01.404+0000] {logging_mixin.py:188} INFO - [2026-08-24T13:59:01.404+0000] {dag.py:3954} INFO - Setting next_dagrun for example_trigger_controller_dag to 2021-01-01 00:00:00+00:00, run_after=2021-01-01 00:00:00+00:00
[2026-08-24T14:00:41.255+0000] {processor.py:161} INFO - Started process (PID=128) to work on /home/airflow/.local/lib/python3.12/site-packages/airflow/example_dags/example_trigger_controller_dag.py
[2026-08-24T14:00:41.256+0000] {processor.py:830} INFO - Processing file /home/airflow/.local/lib/python3.12/site-packages/airflow/example_dags/example_trigger_controller_dag.py for tasks to queue
[2026-08-24T14:00:41.260+0000] {logging_mixin.py:188} INFO - [2026-08-24T14:00:41.259+0000] {dagbag.py:545} INFO - Filling up the DagBag from /home/airflow/.local/lib/python3.12/site-packages/airflow/example_dags/example_trigger_controller_dag.py
[2026-08-24T14:00:41.269+0000] {processor.py:840} INFO - DAG(s) 'example_trigger_controller_dag' retrieved from /home/airflow/.local/lib/python3.12/site-packages/airflow/example_dags/example_trigger_controller_dag.py
[2026-08-24T14:00:41.434+0000] {logging_mixin.py:188} INFO - [2026-08-24T14:00:41.433+0000] {dag.py:3096} INFO - Sync 1 DAGs
[2026-08-24T14:00:41.457+0000] {logging_mixin.py:188} INFO - [2026-08-24T14:00:41.457+0000] {dag.py:3954} INFO - Setting next_dagrun for example_trigger_controller_dag to 2021-01-01 00:00:00+00:00, run_after=2021-01-01 00:00:00+00:00
[2026-08-24T14:00:41.485+0000] {processor.py:183} INFO - Processing /home/airflow/.local/lib/python3.12/site-packages/airflow/example_dags/example_trigger_controller_dag.py took 0.238 seconds
[2026-08-24T14:01:11.779+0000] {processor.py:161} INFO - Started process (PID=187) to work on /home/airflow/.local/lib/python3.12/site-packages/airflow/example_dags/example_trigger_controller_dag.py
[2026-08-24T14:01:11.780+0000] {processor.py:830} INFO - Processing file /home/airflow/.local/lib/python3.12/site-packages/airflow/example_dags/example_trigger_controller_dag.py for tasks to queue
[2026-08-24T14:01:11.783+0000] {logging_mixin.py:188} INFO - [2026-08-24T14:01:11.782+0000] {dagbag.py:545} INFO - Filling up the DagBag from /home/airflow/.local/lib/python3.12/site-packages/airflow/example_dags/example_trigger_controller_dag.py
[2026-08-24T14:01:11.791+0000] {processor.py:840} INFO - DAG(s) 'example_trigger_controller_dag' retrieved from /home/airflow/.local/lib/python3.12/site-packages/airflow/example_dags/example_trigger_controller_dag.py
[2026-08-24T14:01:11.819+0000] {logging_mixin.py:188} INFO - [2026-08-24T14:01:11.819+0000] {dag.py:3096} INFO - Sync 1 DAGs
[2026-08-24T14:01:11.860+0000] {logging_mixin.py:188} INFO - [2026-08-24T14:01:11.859+0000] {dag.py:3954} INFO - Setting next_dagrun for example_trigger_controller_dag to 2021-01-01 00:00:00+00:00, run_after=2021-01-01 00:00:00+00:00
[2026-08-24T14:01:11.895+0000] {processor.py:183} INFO - Processing /home/airflow/.local/lib/python3.12/site-packages/airflow/example_dags/example_trigger_controller_dag.py took 0.125 seconds
[2026-08-24T14:01:41.932+0000] {processor.py:161} INFO - Started process (PID=246) to work on /home/airflow/.local/lib/python3.12/site-packages/airflow/example_dags/example_trigger_controller_dag.py
[2026-08-24T14:01:41.934+0000] {processor.py:830} INFO - Processing file /home/airflow/.local/lib/python3.12/site-packages/airflow/example_dags/example_trigger_controller_dag.py for tasks to queue
[2026-08-24T14:01:41.936+0000] {logging_mixin.py:188} INFO - [2026-08-24T14:01:41.936+0000] {dagbag.py:545} INFO - Filling up the DagBag from /home/airflow/.local/lib/python3.12/site-packages/airflow/example_dags/example_trigger_controller_dag.py
[2026-08-24T14:01:41.943+0000] {processor.py:840} INFO - DAG(s) 'example_trigger_controller_dag' retrieved from /home/airflow/.local/lib/python3.12/site-packages/airflow/example_dags/example_trigger_controller_dag.py
[2026-08-24T14:01:41.969+0000] {logging_mixin.py:188} INFO - [2026-08-24T14:01:41.969+0000] {dag.py:3096} INFO - Sync 1 DAGs
[2026-08-24T14:01:42.020+0000] {logging_mixin.py:188} INFO - [2026-08-24T14:01:42.020+0000] {dag.py:3954} INFO - Setting next_dagrun for example_trigger_controller_dag to 2021-01-01 00:00:00+00:00, run_after=2021-01-01 00:00:00+00:00
[2026-08-24T14:01:42.059+0000] {processor.py:183} INFO - Processing /home/airflow/.local/lib/python3.12/site-packages/airflow/example_dags/example_trigger_controller_dag.py took 0.135 seconds
[2026-08-24T14:02:12.323+0000] {processor.py:161} INFO - Started process (PID=305) to work on /home/airflow/.local/lib/python3.12/site-packages/airflow/example_dags/example_trigger_controller_dag.py
[2026-08-24T14:02:12.324+0000] {processor.py:830} INFO - Processing file /home/airflow/.local/lib/python3.12/site-packages/airflow/example_dags/example_trigger_controller_dag.py for tasks to queue
[2026-08-24T14:02:12.327+0000] {logging_mixin.py:188} INFO - [2026-08-24T14:02:12.327+0000] {dagbag.py:545} INFO - Filling up the DagBag from /home/airflow/.local/lib/python3.12/site-packages/airflow/example_dags/example_trigger_controller_dag.py
[2026-08-24T14:02:12.333+0000] {processor.py:840} INFO - DAG(s) 'example_trigger_controller_dag' retrieved from /home/airflow/.local/lib/python3.12/site-packages/airflow/example_dags/example_trigger_controller_dag.py
[2026-08-24T14:02:12.357+0000] {logging_mixin.py:188} INFO - [2026-08-24T14:02:12.356+0000] {dag.py:3096} INFO - Sync 1 DAGs
[2026-08-24T14:02:12.387+0000] {logging_mixin.py:188} INFO - [2026-08-24T14:02:12.387+0000] {dag.py:3954} INFO - Setting next_dagrun for example_trigger_controller_dag to 2021-01-01 00:00:00+00:00, run_after=2021-01-01 00:00:00+00:00
[2026-08-24T14:02:12.410+0000] {processor.py:183} INFO - Processing /home/airflow/.local/lib/python3.12/site-packages/airflow/example_dags/example_trigger_controller_dag.py took 0.094 seconds
[2026-08-24T14:02:42.602+0000] {processor.py:161} INFO - Started process (PID=365) to work on /home/airflow/.local/lib/python3.12/site-packages/airflow/example_dags/example_trigger_controller_dag.py
[2026-08-24T14:02:42.603+0000] {processor.py:830} INFO - Processing file /home/airflow/.local/lib/python3.12/site-packages/airflow/example_dags/example_trigger_controller_dag.py for tasks to queue
[2026-08-24T14:02:42.606+0000] {logging_mixin.py:188} INFO - [2026-08-24T14:02:42.606+0000] {dagbag.py:545} INFO - Filling up the DagBag from /home/airflow/.local/lib/python3.12/site-packages/airflow/example_dags/example_trigger_controller_dag.py
[2026-08-24T14:02:42.612+0000] {processor.py:840} INFO - DAG(s) 'example_trigger_controller_dag' retrieved from /home/airflow/.local/lib/python3.12/site-packages/airflow/example_dags/example_trigger_controller_dag.py
[2026-08-24T14:02:42.636+0000] {logging_mixin.py:188} INFO - [2026-08-24T14:02:42.636+0000] {dag.py:3096} INFO - Sync 1 DAGs
[2026-08-24T14:02:42.665+0000] {logging_mixin.py:188} INFO - [2026-08-24T14:02:42.664+0000] {dag.py:3954} INFO - Setting next_dagrun for example_trigger_controller_dag to 2021-01-01 00:00:00+00:00, run_after=2021-01-01 00:00:00+00:00
[2026-08-24T14:02:42.689+0000] {processor.py:183} INFO - Processing /home/airflow/.local/lib/python3.12/site-packages/airflow/example_dags/example_trigger_controller_dag.py took 0.095 seconds
[2026-08-24T14:07:44.268+0000] {processor.py:161} INFO - Started process (PID=134) to work on /home/airflow/.local/lib/python3.12/site-packages/airflow/example_dags/example_trigger_controller_dag.py
[2026-08-24T14:07:44.269+0000] {processor.py:830} INFO - Processing file /home/airflow/.local/lib/python3.12/site-packages/airflow/example_dags/example_trigger_controller_dag.py for tasks to queue
[2026-08-24T14:07:44.273+0000] {logging_mixin.py:188} INFO - [2026-08-24T14:07:44.272+0000] {dagbag.py:545} INFO - Filling up the DagBag from /home/airflow/.local/lib/python3.12/site-packages/airflow/example_dags/example_trigger_controller_dag.py
[2026-08-24T14:07:44.282+0000] {processor.py:840} INFO - DAG(s) 'example_trigger_controller_dag' retrieved from /home/airflow/.local/lib/python3.12/site-packages/airflow/example_dags/example_trigger_controller_dag.py
[2026-08-24T14:07:44.498+0000] {logging_mixin.py:188} INFO - [2026-08-24T14:07:44.498+0000] {dag.py:3096} INFO - Sync 1 DAGs
[2026-08-24T14:07:44.528+0000] {logging_mixin.py:188} INFO - [2026-08-24T14:07:44.528+0000] {dag.py:3954} INFO - Setting next_dagrun for example_trigger_controller_dag to 2021-01-01 00:00:00+00:00, run_after=2021-01-01 00:00:00+00:00
[2026-08-24T14:07:44.562+0000] {processor.py:183} INFO - Processing /home/airflow/.local/lib/python3.12/site-packages/airflow/example_dags/example_trigger_controller_dag.py took 0.303 seconds
[2026-08-24T14:08:14.665+0000] {processor.py:161} INFO - Started process (PID=193) to work on /home/airflow/.local/lib/python3.12/site-packages/airflow/example_dags/example_trigger_controller_dag.py
[2026-08-24T14:08:14.666+0000] {processor.py:830} INFO - Processing file /home/airflow/.local/lib/python3.12/site-packages/airflow/example_dags/example_trigger_controller_dag.py for tasks to queue
[2026-08-24T14:08:14.669+0000] {logging_mixin.py:188} INFO - [2026-08-24T14:08:14.668+0000] {dagbag.py:545} INFO - Filling up the DagBag from /home/airflow/.local/lib/python3.12/site-packages/airflow/example_dags/example_trigger_controller_dag.py
[2026-08-24T14:08:14.675+0000] {processor.py:840} INFO - DAG(s) 'example_trigger_controller_dag' retrieved from /home/airflow/.local/lib/python3.12/site-packages/airflow/example_dags/example_trigger_controller_dag.py
[2026-08-24T14:08:14.699+0000] {logging_mixin.py:188} INFO - [2026-08-24T14:08:14.699+0000] {dag.py:3096} INFO - Sync 1 DAGs
[2026-08-24T14:08:14.729+0000] {logging_mixin.py:188} INFO - [2026-08-24T14:08:14.728+0000] {dag.py:3954} INFO - Setting next_dagrun for example_trigger_controller_dag to 2021-01-01 00:00:00+00:00, run_after=2021-01-01 00:00:00+00:00
[2026-08-24T14:08:14.756+0000] {processor.py:183} INFO - Processing /home/airflow/.local/lib/python3.12/site-packages/airflow/example_dags/example_trigger_controller_dag.py took 0.098 seconds
[2026-08-24T14:08:44.834+0000] {processor.py:161} INFO - Started process (PID=251) to work on /home/airflow/.local/lib/python3.12/site-packages/airflow/example_dags/example_trigger_controller_dag.py
[2026-08-24T14:08:44.835+0000] {processor.py:830} INFO - Processing file /home/airflow/.local/lib/python3.12/site-packages/airflow/example_dags/example_trigger_controller_dag.py for tasks to queue
[2026-08-24T14:08:44.838+0000] {logging_mixin.py:188} INFO - [2026-08-24T14:08:44.837+0000] {dagbag.py:545} INFO - Filling up the DagBag from /home/airflow/.local/lib/python3.12/site-packages/airflow/example_dags/example_trigger_controller_dag.py
[2026-08-24T14:08:44.849+0000] {processor.py:840} INFO - DAG(s) 'example_trigger_controller_dag' retrieved from /home/airflow/.local/lib/python3.12/site-packages/airflow/example_dags/example_trigger_controller_dag.py
[2026-08-24T14:08:44.881+0000] {logging_mixin.py:188} INFO - [2026-08-24T14:08:44.881+0000] {dag.py:3096} INFO - Sync 1 DAGs
[2026-08-24T14:08:44.912+0000] {logging_mixin.py:188} INFO - [2026-08-24T14:08:44.911+0000] {dag.py:3954} INFO - Setting next_dagrun for example_trigger_controller_dag to 2021-01-01 00:00:00+00:00, run_after=2021-01-01 00:00:00+00:00
[2026-08-24T14:08:44.944+0000] {processor.py:183} INFO - Processing /home/airflow/.local/lib/python3.12/site-packages/airflow/example_dags/example_trigger_controller_dag.py took 0.120 seconds
[2026-08-24T14:09:15.667+0000] {processor.py:161} INFO - Started process (PID=310) to work on /home/airflow/.local/lib/python3.12/site-packages/airflow/example_dags/example_trigger_controller_dag.py
[2026-08-24T14:09:15.668+0000] {processor.py:830} INFO - Processing file /home/airflow/.local/lib/python3.12/site-packages/airflow/example_dags/example_trigger_controller_dag.py for tasks to queue
[2026-08-24T14:09:15.671+0000] {logging_mixin.py:188} INFO - [2026-08-24T14:09:15.670+0000] {dagbag.py:545} INFO - Filling up the DagBag from /home/airflow/.local/lib/python3.12/site-packages/airflow/example_dags/example_trigger_controller_dag.py
[2026-08-24T14:09:15.677+0000] {processor.py:840} INFO - DAG(s) 'example_trigger_controller_dag' retrieved from /home/airflow/.local/lib/python3.12/site-packages/airflow/example_dags/example_trigger_controller_dag.py
[2026-08-24T14:09:15.700+0000] {logging_mixin.py:188} INFO - [2026-08-24T14:09:15.700+0000] {dag.py:3096} INFO - Sync 1 DAGs
[2026-08-24T14:09:15.730+0000] {logging_mixin.py:188} INFO - [2026-08-24T14:09:15.730+0000] {dag.py:3954} INFO - Setting next_dagrun for example_trigger_controller_dag to 2021-01-01 00:00:00+00:00, run_after=2021-01-01 00:00:00+00:00
[2026-08-24T14:09:15.752+0000] {processor.py:183} INFO - Processing /home/airflow/.local/lib/python3.12/site-packages/airflow/example_dags/example_trigger_controller_dag.py took 0.092 seconds
[2026-08-24T14:09:46.279+0000] {processor.py:161} INFO - Started process (PID=370) to work on /home/airflow/.local/lib/python3.12/site-packages/airflow/example_dags/example_trigger_controller_dag.py
[2026-08-24T14:09:46.281+0000] {processor.py:830} INFO - Processing file /home/airflow/.local/lib/python3.12/site-packages/airflow/example_dags/example_trigger_controller_dag.py for tasks to queue
[2026-08-24T14:09:46.283+0000] {logging_mixin.py:188} INFO - [2026-08-24T14:09:46.283+0000] {dagbag.py:545} INFO - Filling up the DagBag from /home/airflow/.local/lib/python3.12/site-packages/airflow/example_dags/example_trigger_controller_dag.py
[2026-08-24T14:09:46.290+0000] {processor.py:840} INFO - DAG(s) 'example_trigger_controller_dag' retrieved from /home/airflow/.local/lib/python3.12/site-packages/airflow/example_dags/example_trigger_controller_dag.py
[2026-08-24T14:09:46.319+0000] {logging_mixin.py:188} INFO - [2026-08-24T14:09:46.319+0000] {dag.py:3096} INFO - Sync 1 DAGs
[2026-08-24T14:09:46.351+0000] {logging_mixin.py:188} INFO - [2026-08-24T14:09:46.351+0000] {dag.py:3954} INFO - Setting next_dagrun for example_trigger_controller_dag to 2021-01-01 00:00:00+00:00, run_after=2021-01-01 00:00:00+00:00
[2026-08-24T14:09:46.386+0000] {processor.py:183} INFO - Processing /home/airflow/.local/lib/python3.12/site-packages/airflow/example_dags/example_trigger_controller_dag.py took 0.118 seconds
[2026-08-24T14:10:16.764+0000] {processor.py:161} INFO - Started process (PID=429) to work on /home/airflow/.local/lib/python3.12/site-packages/airflow/example_dags/example_trigger_controller_dag.py
[2026-08-24T14:10:16.765+0000] {processor.py:830} INFO - Processing file /home/airflow/.local/lib/python3.12/site-packages/airflow/example_dags/example_trigger_controller_dag.py for tasks to queue
[2026-08-24T14:10:16.767+0000] {logging_mixin.py:188} INFO - [2026-08-24T14:10:16.767+0000] {dagbag.py:545} INFO - Filling up the DagBag from /home/airflow/.local/lib/python3.12/site-packages/airflow/example_dags/example_trigger_controller_dag.py
[2026-08-24T14:10:16.774+0000] {processor.py:840} INFO - DAG(s) 'example_trigger_controller_dag' retrieved from /home/airflow/.local/lib/python3.12/site-packages/airflow/example_dags/example_trigger_controller_dag.py
[2026-08-24T14:10:16.799+0000] {logging_mixin.py:188} INFO - [2026-08-24T14:10:16.799+0000] {dag.py:3096} INFO - Sync 1 DAGs
[2026-08-24T14:10:16.828+0000] {logging_mixin.py:188} INFO - [2026-08-24T14:10:16.828+0000] {dag.py:3954} INFO - Setting next_dagrun for example_trigger_controller_dag to 2021-01-01 00:00:00+00:00, run_after=2021-01-01 00:00:00+00:00
[2026-08-24T14:10:16.856+0000] {processor.py:183} INFO - Processing /home/airflow/.local/lib/python3.12/site-packages/airflow/example_dags/example_trigger_controller_dag.py took 0.099 seconds
[2026-08-24T14:10:47.337+0000] {processor.py:161} INFO - Started process (PID=488) to work on /home/airflow/.local/lib/python3.12/site-packages/airflow/example_dags/example_trigger_controller_dag.py
[2026-08-24T14:10:47.339+0000] {processor.py:830} INFO - Processing file /home/airflow/.local/lib/python3.12/site-packages/airflow/example_dags/example_trigger_controller_dag.py for tasks to queue
[2026-08-24T14:10:47.341+0000] {logging_mixin.py:188} INFO - [2026-08-24T14:10:47.341+0000] {dagbag.py:545} INFO - Filling up the DagBag from /home/airflow/.local/lib/python3.12/site-packages/airflow/example_dags/example_trigger_controller_dag.py
[2026-08-24T14:10:47.347+0000] {processor.py:840} INFO - DAG(s) 'example_trigger_controller_dag' retrieved from /home/airflow/.local/lib/python3.12/site-packages/airflow/example_dags/example_trigger_controller_dag.py
[2026-08-24T14:10:47.373+0000] {logging_mixin.py:188} INFO - [2026-08-24T14:10:47.373+0000] {dag.py:3096} INFO - Sync 1 DAGs
[2026-08-24T14:10:47.404+0000] {logging_mixin.py:188} INFO - [2026-08-24T14:10:47.403+0000] {dag.py:3954} INFO - Setting next_dagrun for example_trigger_controller_dag to 2021-01-01 00:00:00+00:00, run_after=2021-01-01 00:00:00+00:00
[2026-08-24T14:10:47.433+0000] {processor.py:183} INFO - Processing /home/airflow/.local/lib/python3.12/site-packages/airflow/example_dags/example_trigger_controller_dag.py took 0.103 seconds
[2026-08-24T14:13:30.604+0000] {processor.py:161} INFO - Started process (PID=138) to work on /home/airflow/.local/lib/python3.12/site-packages/airflow/example_dags/example_trigger_controller_dag.py
[2026-08-24T14:13:30.606+0000] {processor.py:830} INFO - Processing file /home/airflow/.local/lib/python3.12/site-packages/airflow/example_dags/example_trigger_controller_dag.py for tasks to queue
[2026-08-24T14:13:30.609+0000] {logging_mixin.py:188} INFO - [2026-08-24T14:13:30.608+0000] {dagbag.py:545} INFO - Filling up the DagBag from /home/airflow/.local/lib/python3.12/site-packages/airflow/example_dags/example_trigger_controller_dag.py
[2026-08-24T14:13:30.622+0000] {processor.py:840} INFO - DAG(s) 'example_trigger_controller_dag' retrieved from /home/airflow/.local/lib/python3.12/site-packages/airflow/example_dags/example_trigger_controller_dag.py
[2026-08-24T14:13:30.756+0000] {logging_mixin.py:188} INFO - [2026-08-24T14:13:30.755+0000] {dag.py:3096} INFO - Sync 1 DAGs
[2026-08-24T14:13:30.785+0000] {logging_mixin.py:188} INFO - [2026-08-24T14:13:30.784+0000] {dag.py:3954} INFO - Setting next_dagrun for example_trigger_controller_dag to 2021-01-01 00:00:00+00:00, run_after=2021-01-01 00:00:00+00:00
[2026-08-24T14:13:30.810+0000] {processor.py:183} INFO - Processing /home/airflow/.local/lib/python3.12/site-packages/airflow/example_dags/example_trigger_controller_dag.py took 0.214 seconds
[2026-08-24T14:14:01.713+0000] {processor.py:161} INFO - Started process (PID=197) to work on /home/airflow/.local/lib/python3.12/site-packages/airflow/example_dags/example_trigger_controller_dag.py
[2026-08-24T14:14:01.715+0000] {processor.py:830} INFO - Processing file /home/airflow/.local/lib/python3.12/site-packages/airflow/example_dags/example_trigger_controller_dag.py for tasks to queue
[2026-08-24T14:14:01.717+0000] {logging_mixin.py:188} INFO - [2026-08-24T14:14:01.717+0000] {dagbag.py:545} INFO - Filling up the DagBag from /home/airflow/.local/lib/python3.12/site-packages/airflow/example_dags/example_trigger_controller_dag.py
[2026-08-24T14:14:01.723+0000] {processor.py:840} INFO - DAG(s) 'example_trigger_controller_dag' retrieved from /home/airflow/.local/lib/python3.12/site-packages/airflow/example_dags/example_trigger_controller_dag.py
[2026-08-24T14:14:01.746+0000] {logging_mixin.py:188} INFO - [2026-08-24T14:14:01.746+0000] {dag.py:3096} INFO - Sync 1 DAGs
[2026-08-24T14:14:01.773+0000] {logging_mixin.py:188} INFO - [2026-08-24T14:14:01.773+0000] {dag.py:3954} INFO - Setting next_dagrun for example_trigger_controller_dag to 2021-01-01 00:00:00+00:00, run_after=2021-01-01 00:00:00+00:00
[2026-08-24T14:14:01.799+0000] {processor.py:183} INFO - Processing /home/airflow/.local/lib/python3.12/site-packages/airflow/example_dags/example_trigger_controller_dag.py took 0.093 seconds
[2026-08-24T14:14:31.864+0000] {processor.py:161} INFO - Started process (PID=255) to work on /home/airflow/.local/lib/python3.12/site-packages/airflow/example_dags/example_trigger_controller_dag.py
[2026-08-24T14:14:31.866+0000] {processor.py:830} INFO - Processing file /home/airflow/.local/lib/python3.12/site-packages/airflow/example_dags/example_trigger_controller_dag.py for tasks to queue
[2026-08-24T14:14:31.869+0000] {logging_mixin.py:188} INFO - [2026-08-24T14:14:31.868+0000] {dagbag.py:545} INFO - Filling up the DagBag from /home/airflow/.local/lib/python3.12/site-packages/airflow/example_dags/example_trigger_controller_dag.py
[2026-08-24T14:14:31.877+0000] {processor.py:840} INFO - DAG(s) 'example_trigger_controller_dag' retrieved from /home/airflow/.local/lib/python3.12/site-packages/airflow/example_dags/example_trigger_controller_dag.py
[2026-08-24T14:14:31.904+0000] {logging_mixin.py:188} INFO - [2026-08-24T14:14:31.904+0000] {dag.py:3096} INFO - Sync 1 DAGs
[2026-08-24T14:14:31.936+0000] {logging_mixin.py:188} INFO - [2026-08-24T14:14:31.935+0000] {dag.py:3954} INFO - Setting next_dagrun for example_trigger_controller_dag to 2021-01-01 00:00:00+00:00, run_after=2021-01-01 00:00:00+00:00
[2026-08-24T14:14:31.962+0000] {processor.py:183} INFO - Processing /home/airflow/.local/lib/python3.12/site-packages/airflow/example_dags/example_trigger_controller_dag.py took 0.106 seconds
[2026-08-24T14:15:02.017+0000] {processor.py:161} INFO - Started process (PID=314) to work on /home/airflow/.local/lib/python3.12/site-packages/airflow/example_dags/example_trigger_controller_dag.py
[2026-08-24T14:15:02.019+0000] {processor.py:830} INFO - Processing file /home/airflow/.local/lib/python3.12/site-packages/airflow/example_dags/example_trigger_controller_dag.py for tasks to queue
[2026-08-24T14:15:02.021+0000] {logging_mixin.py:188} INFO - [2026-08-24T14:15:02.021+0000] {dagbag.py:545} INFO - Filling up the DagBag from /home/airflow/.local/lib/python3.12/site-packages/airflow/example_dags/example_trigger_controller_dag.py
[2026-08-24T14:15:02.027+0000] {processor.py:840} INFO - DAG(s) 'example_trigger_controller_dag' retrieved from /home/airflow/.local/lib/python3.12/site-packages/airflow/example_dags/example_trigger_controller_dag.py
[2026-08-24T14:15:02.051+0000] {logging_mixin.py:188} INFO - [2026-08-24T14:15:02.051+0000] {dag.py:3096} INFO - Sync 1 DAGs
[2026-08-24T14:15:02.078+0000] {logging_mixin.py:188} INFO - [2026-08-24T14:15:02.077+0000] {dag.py:3954} INFO - Setting next_dagrun for example_trigger_controller_dag to 2021-01-01 00:00:00+00:00, run_after=2021-01-01 00:00:00+00:00
[2026-08-24T14:15:02.101+0000] {processor.py:183} INFO - Processing /home/airflow/.local/lib/python3.12/site-packages/airflow/example_dags/example_trigger_controller_dag.py took 0.091 seconds
[2026-08-24T14:15:32.827+0000] {processor.py:161} INFO - Started process (PID=373) to work on /home/airflow/.local/lib/python3.12/site-packages/airflow/example_dags/example_trigger_controller_dag.py
[2026-08-24T14:15:32.829+0000] {processor.py:830} INFO - Processing file /home/airflow/.local/lib/python3.12/site-packages/airflow/example_dags/example_trigger_controller_dag.py for tasks to queue
[2026-08-24T14:15:32.832+0000] {logging_mixin.py:188} INFO - [2026-08-24T14:15:32.832+0000] {dagbag.py:545} INFO - Filling up the DagBag from /home/airflow/.local/lib/python3.12/site-packages/airflow/example_dags/example_trigger_controller_dag.py
[2026-08-24T14:15:32.839+0000] {processor.py:840} INFO - DAG(s) 'example_trigger_controller_dag' retrieved from /home/airflow/.local/lib/python3.12/site-packages/airflow/example_dags/example_trigger_controller_dag.py
[2026-08-24T14:15:32.864+0000] {logging_mixin.py:188} INFO - [2026-08-24T14:15:32.864+0000] {dag.py:3096} INFO - Sync 1 DAGs
[2026-08-24T14:15:32.891+0000] {logging_mixin.py:188} INFO - [2026-08-24T14:15:32.891+0000] {dag.py:3954} INFO - Setting next_dagrun for example_trigger_controller_dag to 2021-01-01 00:00:00+00:00, run_after=2021-01-01 00:00:00+00:00
[2026-08-24T14:15:32.918+0000] {processor.py:183} INFO - Processing /home/airflow/.local/lib/python3.12/site-packages/airflow/example_dags/example_trigger_controller_dag.py took 0.099 seconds
[2026-08-24T14:16:03.751+0000] {processor.py:161} INFO - Started process (PID=432) to work on /home/airflow/.local/lib/python3.12/site-packages/airflow/example_dags/example_trigger_controller_dag.py
[2026-08-24T14:16:03.752+0000] {processor.py:830} INFO - Processing file /home/airflow/.local/lib/python3.12/site-packages/airflow/example_dags/example_trigger_controller_dag.py for tasks to queue
[2026-08-24T14:16:03.756+0000] {logging_mixin.py:188} INFO - [2026-08-24T14:16:03.755+0000] {dagbag.py:545} INFO - Filling up the DagBag from /home/airflow/.local/lib/python3.12/site-packages/airflow/example_dags/example_trigger_controller_dag.py
[2026-08-24T14:16:03.762+0000] {processor.py:840} INFO - DAG(s) 'example_trigger_controller_dag' retrieved from /home/airflow/.local/lib/python3.12/site-packages/airflow/example_dags/example_trigger_controller_dag.py
[2026-08-24T14:16:03.787+0000] {logging_mixin.py:188} INFO - [2026-08-24T14:16:03.786+0000] {dag.py:3096} INFO - Sync 1 DAGs
[2026-08-24T14:16:03.813+0000] {logging_mixin.py:188} INFO - [2026-08-24T14:16:03.813+0000] {dag.py:3954} INFO - Setting next_dagrun for example_trigger_controller_dag to 2021-01-01 00:00:00+00:00, run_after=2021-01-01 00:00:00+00:00
[2026-08-24T14:16:03.837+0000] {processor.py:183} INFO - Processing /home/airflow/.local/lib/python3.12/site-packages/airflow/example_dags/example_trigger_controller_dag.py took 0.093 seconds
[2026-08-24T14:16:33.996+0000] {processor.py:161} INFO - Started process (PID=491) to work on /home/airflow/.local/lib/python3.12/site-packages/airflow/example_dags/example_trigger_controller_dag.py
[2026-08-24T14:16:33.998+0000] {processor.py:830} INFO - Processing file /home/airflow/.local/lib/python3.12/site-packages/airflow/example_dags/example_trigger_controller_dag.py for tasks to queue
[2026-08-24T14:16:34.000+0000] {logging_mixin.py:188} INFO - [2026-08-24T14:16:34.000+0000] {dagbag.py:545} INFO - Filling up the DagBag from /home/airflow/.local/lib/python3.12/site-packages/airflow/example_dags/example_trigger_controller_dag.py
[2026-08-24T14:16:34.006+0000] {processor.py:840} INFO - DAG(s) 'example_trigger_controller_dag' retrieved from /home/airflow/.local/lib/python3.12/site-packages/airflow/example_dags/example_trigger_controller_dag.py
[2026-08-24T14:16:34.031+0000] {logging_mixin.py:188} INFO - [2026-08-24T14:16:34.031+0000] {dag.py:3096} INFO - Sync 1 DAGs
[2026-08-24T14:16:34.059+0000] {logging_mixin.py:188} INFO - [2026-08-24T14:16:34.059+0000] {dag.py:3954} INFO - Setting next_dagrun for example_trigger_controller_dag to 2021-01-01 00:00:00+00:00, run_after=2021-01-01 00:00:00+00:00
[2026-08-24T14:16:34.086+0000] {processor.py:183} INFO - Processing /home/airflow/.local/lib/python3.12/site-packages/airflow/example_dags/example_trigger_controller_dag.py took 0.098 seconds
[2026-08-24T14:17:04.332+0000] {processor.py:161} INFO - Started process (PID=550) to work on /home/airflow/.local/lib/python3.12/site-packages/airflow/example_dags/example_trigger_controller_dag.py
[2026-08-24T14:17:04.334+0000] {processor.py:830} INFO - Processing file /home/airflow/.local/lib/python3.12/site-packages/airflow/example_dags/example_trigger_controller_dag.py for tasks to queue
[2026-08-24T14:17:04.337+0000] {logging_mixin.py:188} INFO - [2026-08-24T14:17:04.336+0000] {dagbag.py:545} INFO - Filling up the DagBag from /home/airflow/.local/lib/python3.12/site-packages/airflow/example_dags/example_trigger_controller_dag.py
[2026-08-24T14:17:04.345+0000] {processor.py:840} INFO - DAG(s) 'example_trigger_controller_dag' retrieved from /home/airflow/.local/lib/python3.12/site-packages/airflow/example_dags/example_trigger_controller_dag.py
[2026-08-24T14:17:04.374+0000] {logging_mixin.py:188} INFO - [2026-08-24T14:17:04.373+0000] {dag.py:3096} INFO - Sync 1 DAGs
[2026-08-24T14:17:04.414+0000] {logging_mixin.py:188} INFO - [2026-08-24T14:17:04.413+0000] {dag.py:3954} INFO - Setting next_dagrun for example_trigger_controller_dag to 2021-01-01 00:00:00+00:00, run_after=2021-01-01 00:00:00+00:00
[2026-08-24T14:17:04.443+0000] {processor.py:183} INFO - Processing /home/airflow/.local/lib/python3.12/site-packages/airflow/example_dags/example_trigger_controller_dag.py took 0.118 seconds
[2026-08-24T14:17:35.358+0000] {processor.py:161} INFO - Started process (PID=609) to work on /home/airflow/.local/lib/python3.12/site-packages/airflow/example_dags/example_trigger_controller_dag.py
[2026-08-24T14:17:35.360+0000] {processor.py:830} INFO - Processing file /home/airflow/.local/lib/python3.12/site-packages/airflow/example_dags/example_trigger_controller_dag.py for tasks to queue
[2026-08-24T14:17:35.364+0000] {logging_mixin.py:188} INFO - [2026-08-24T14:17:35.363+0000] {dagbag.py:545} INFO - Filling up the DagBag from /home/airflow/.local/lib/python3.12/site-packages/airflow/example_dags/example_trigger_controller_dag.py
[2026-08-24T14:17:35.372+0000] {processor.py:840} INFO - DAG(s) 'example_trigger_controller_dag' retrieved from /home/airflow/.local/lib/python3.12/site-packages/airflow/example_dags/example_trigger_controller_dag.py
[2026-08-24T14:17:35.402+0000] {logging_mixin.py:188} INFO - [2026-08-24T14:17:35.401+0000] {dag.py:3096} INFO - Sync 1 DAGs
[2026-08-24T14:17:35.446+0000] {logging_mixin.py:188} INFO - [2026-08-24T14:17:35.446+0000] {dag.py:3954} INFO - Setting next_dagrun for example_trigger_controller_dag to 2021-01-01 00:00:00+00:00, run_after=2021-01-01 00:00:00+00:00
[2026-08-24T14:17:35.482+0000] {processor.py:183} INFO - Processing /home/airflow/.local/lib/python3.12/site-packages/airflow/example_dags/example_trigger_controller_dag.py took 0.133 seconds
[2026-08-24T14:18:06.387+0000] {processor.py:161} INFO - Started process (PID=674) to work on /home/airflow/.local/lib/python3.12/site-packages/airflow/example_dags/example_trigger_controller_dag.py
[2026-08-24T14:18:06.388+0000] {processor.py:830} INFO - Processing file /home/airflow/.local/lib/python3.12/site-packages/airflow/example_dags/example_trigger_controller_dag.py for tasks to queue
[2026-08-24T14:18:06.393+0000] {logging_mixin.py:188} INFO - [2026-08-24T14:18:06.392+0000] {dagbag.py:545} INFO - Filling up the DagBag from /home/airflow/.local/lib/python3.12/site-packages/airflow/example_dags/example_trigger_controller_dag.py
[2026-08-24T14:18:06.402+0000] {processor.py:840} INFO - DAG(s) 'example_trigger_controller_dag' retrieved from /home/airflow/.local/lib/python3.12/site-packages/airflow/example_dags/example_trigger_controller_dag.py
[2026-08-24T14:18:06.431+0000] {logging_mixin.py:188} INFO - [2026-08-24T14:18:06.431+0000] {dag.py:3096} INFO - Sync 1 DAGs
[2026-08-24T14:18:06.463+0000] {logging_mixin.py:188} INFO - [2026-08-24T14:18:06.463+0000] {dag.py:3954} INFO - Setting next_dagrun for example_trigger_controller_dag to 2021-01-01 00:00:00+00:00, run_after=2021-01-01 00:00:00+00:00
[2026-08-24T14:18:06.494+0000] {processor.py:183} INFO - Processing /home/airflow/.local/lib/python3.12/site-packages/airflow/example_dags/example_trigger_controller_dag.py took 0.119 seconds
[2026-08-24T14:18:37.332+0000] {processor.py:161} INFO - Started process (PID=734) to work on /home/airflow/.local/lib/python3.12/site-packages/airflow/example_dags/example_trigger_controller_dag.py
[2026-08-24T14:18:37.333+0000] {processor.py:830} INFO - Processing file /home/airflow/.local/lib/python3.12/site-packages/airflow/example_dags/example_trigger_controller_dag.py for tasks to queue
[2026-08-24T14:18:37.337+0000] {logging_mixin.py:188} INFO - [2026-08-24T14:18:37.336+0000] {dagbag.py:545} INFO - Filling up the DagBag from /home/airflow/.local/lib/python3.12/site-packages/airflow/example_dags/example_trigger_controller_dag.py
[2026-08-24T14:18:37.343+0000] {processor.py:840} INFO - DAG(s) 'example_trigger_controller_dag' retrieved from /home/airflow/.local/lib/python3.12/site-packages/airflow/example_dags/example_trigger_controller_dag.py
[2026-08-24T14:18:37.372+0000] {logging_mixin.py:188} INFO - [2026-08-24T14:18:37.371+0000] {dag.py:3096} INFO - Sync 1 DAGs
[2026-08-24T14:18:37.413+0000] {logging_mixin.py:188} INFO - [2026-08-24T14:18:37.412+0000] {dag.py:3954} INFO - Setting next_dagrun for example_trigger_controller_dag to 2021-01-01 00:00:00+00:00, run_after=2021-01-01 00:00:00+00:00
[2026-08-24T14:18:37.446+0000] {processor.py:183} INFO - Processing /home/airflow/.local/lib/python3.12/site-packages/airflow/example_dags/example_trigger_controller_dag.py took 0.127 seconds
[2026-08-24T14:19:08.167+0000] {processor.py:161} INFO - Started process (PID=794) to work on /home/airflow/.local/lib/python3.12/site-packages/airflow/example_dags/example_trigger_controller_dag.py
[2026-08-24T14:19:08.168+0000] {processor.py:830} INFO - Processing file /home/airflow/.local/lib/python3.12/site-packages/airflow/example_dags/example_trigger_controller_dag.py for tasks to queue
[2026-08-24T14:19:08.170+0000] {logging_mixin.py:188} INFO - [2026-08-24T14:19:08.170+0000] {dagbag.py:545} INFO - Filling up the DagBag from /home/airflow/.local/lib/python3.12/site-packages/airflow/example_dags/example_trigger_controller_dag.py
[2026-08-24T14:19:08.176+0000] {processor.py:840} INFO - DAG(s) 'example_trigger_controller_dag' retrieved from /home/airflow/.local/lib/python3.12/site-packages/airflow/example_dags/example_trigger_controller_dag.py
[2026-08-24T14:19:08.201+0000] {logging_mixin.py:188} INFO - [2026-08-24T14:19:08.200+0000] {dag.py:3096} INFO - Sync 1 DAGs
[2026-08-24T14:19:08.227+0000] {logging_mixin.py:188} INFO - [2026-08-24T14:19:08.227+0000] {dag.py:3954} INFO - Setting next_dagrun for example_trigger_controller_dag to 2021-01-01 00:00:00+00:00, run_after=2021-01-01 00:00:00+00:00
[2026-08-24T14:19:08.249+0000] {processor.py:183} INFO - Processing /home/airflow/.local/lib/python3.12/site-packages/airflow/example_dags/example_trigger_controller_dag.py took 0.090 seconds
[2026-08-24T14:19:39.072+0000] {processor.py:161} INFO - Started process (PID=854) to work on /home/airflow/.local/lib/python3.12/site-packages/airflow/example_dags/example_trigger_controller_dag.py
[2026-08-24T14:19:39.073+0000] {processor.py:830} INFO - Processing file /home/airflow/.local/lib/python3.12/site-packages/airflow/example_dags/example_trigger_controller_dag.py for tasks to queue
[2026-08-24T14:19:39.076+0000] {logging_mixin.py:188} INFO - [2026-08-24T14:19:39.075+0000] {dagbag.py:545} INFO - Filling up the DagBag from /home/airflow/.local/lib/python3.12/site-packages/airflow/example_dags/example_trigger_controller_dag.py
[2026-08-24T14:19:39.082+0000] {processor.py:840} INFO - DAG(s) 'example_trigger_controller_dag' retrieved from /home/airflow/.local/lib/python3.12/site-packages/airflow/example_dags/example_trigger_controller_dag.py
[2026-08-24T14:19:39.106+0000] {logging_mixin.py:188} INFO - [2026-08-24T14:19:39.106+0000] {dag.py:3096} INFO - Sync 1 DAGs
[2026-08-24T14:19:39.136+0000] {logging_mixin.py:188} INFO - [2026-08-24T14:19:39.135+0000] {dag.py:3954} INFO - Setting next_dagrun for example_trigger_controller_dag to 2021-01-01 00:00:00+00:00, run_after=2021-01-01 00:00:00+00:00
[2026-08-24T14:19:39.159+0000] {processor.py:183} INFO - Processing /home/airflow/.local/lib/python3.12/site-packages/airflow/example_dags/example_trigger_controller_dag.py took 0.095 seconds
[2026-08-24T14:20:10.164+0000] {processor.py:161} INFO - Started process (PID=914) to work on /home/airflow/.local/lib/python3.12/site-packages/airflow/example_dags/example_trigger_controller_dag.py
[2026-08-24T14:20:10.165+0000] {processor.py:830} INFO - Processing file /home/airflow/.local/lib/python3.12/site-packages/airflow/example_dags/example_trigger_controller_dag.py for tasks to queue
[2026-08-24T14:20:10.169+0000] {logging_mixin.py:188} INFO - [2026-08-24T14:20:10.168+0000] {dagbag.py:545} INFO - Filling up the DagBag from /home/airflow/.local/lib/python3.12/site-packages/airflow/example_dags/example_trigger_controller_dag.py
[2026-08-24T14:20:10.177+0000] {processor.py:840} INFO - DAG(s) 'example_trigger_controller_dag' retrieved from /home/airflow/.local/lib/python3.12/site-packages/airflow/example_dags/example_trigger_controller_dag.py
[2026-08-24T14:20:10.207+0000] {logging_mixin.py:188} INFO - [2026-08-24T14:20:10.206+0000] {dag.py:3096} INFO - Sync 1 DAGs
[2026-08-24T14:20:10.240+0000] {logging_mixin.py:188} INFO - [2026-08-24T14:20:10.239+0000] {dag.py:3954} INFO - Setting next_dagrun for example_trigger_controller_dag to 2021-01-01 00:00:00+00:00, run_after=2021-01-01 00:00:00+00:00
[2026-08-24T14:20:10.268+0000] {processor.py:183} INFO - Processing /home/airflow/.local/lib/python3.12/site-packages/airflow/example_dags/example_trigger_controller_dag.py took 0.114 seconds
[2026-08-24T14:22:22.595+0000] {processor.py:161} INFO - Started process (PID=138) to work on /home/airflow/.local/lib/python3.12/site-packages/airflow/example_dags/example_trigger_controller_dag.py
[2026-08-24T14:22:22.596+0000] {processor.py:830} INFO - Processing file /home/airflow/.local/lib/python3.12/site-packages/airflow/example_dags/example_trigger_controller_dag.py for tasks to queue
[2026-08-24T14:22:22.599+0000] {logging_mixin.py:188} INFO - [2026-08-24T14:22:22.598+0000] {dagbag.py:545} INFO - Filling up the DagBag from /home/airflow/.local/lib/python3.12/site-packages/airflow/example_dags/example_trigger_controller_dag.py
[2026-08-24T14:22:22.608+0000] {processor.py:840} INFO - DAG(s) 'example_trigger_controller_dag' retrieved from /home/airflow/.local/lib/python3.12/site-packages/airflow/example_dags/example_trigger_controller_dag.py
[2026-08-24T14:22:22.755+0000] {logging_mixin.py:188} INFO - [2026-08-24T14:22:22.755+0000] {dag.py:3096} INFO - Sync 1 DAGs
[2026-08-24T14:22:22.784+0000] {logging_mixin.py:188} INFO - [2026-08-24T14:22:22.784+0000] {dag.py:3954} INFO - Setting next_dagrun for example_trigger_controller_dag to 2021-01-01 00:00:00+00:00, run_after=2021-01-01 00:00:00+00:00
[2026-08-24T14:22:22.857+0000] {processor.py:183} INFO - Processing /home/airflow/.local/lib/python3.12/site-packages/airflow/example_dags/example_trigger_controller_dag.py took 0.270 seconds
[2026-08-24T14:23:03.927+0000] {processor.py:161} INFO - Started process (PID=123) to work on /home/airflow/.local/lib/python3.12/site-packages/airflow/example_dags/example_trigger_controller_dag.py
[2026-08-24T14:23:03.928+0000] {processor.py:830} INFO - Processing file /home/airflow/.local/lib/python3.12/site-packages/airflow/example_dags/example_trigger_controller_dag.py for tasks to queue
[2026-08-24T14:23:03.931+0000] {logging_mixin.py:188} INFO - [2026-08-24T14:23:03.930+0000] {dagbag.py:545} INFO - Filling up the DagBag from /home/airflow/.local/lib/python3.12/site-packages/airflow/example_dags/example_trigger_controller_dag.py
[2026-08-24T14:23:03.938+0000] {processor.py:840} INFO - DAG(s) 'example_trigger_controller_dag' retrieved from /home/airflow/.local/lib/python3.12/site-packages/airflow/example_dags/example_trigger_controller_dag.py
[2026-08-24T14:23:03.966+0000] {logging_mixin.py:188} INFO - [2026-08-24T14:23:03.965+0000] {dag.py:3096} INFO - Sync 1 DAGs
[2026-08-24T14:23:03.994+0000] {logging_mixin.py:188} INFO - [2026-08-24T14:23:03.994+0000] {dag.py:3954} INFO - Setting next_dagrun for example_trigger_controller_dag to 2021-01-01 00:00:00+00:00, run_after=2021-01-01 00:00:00+00:00
[2026-08-24T14:23:04.020+0000] {processor.py:183} INFO - Processing /home/airflow/.local/lib/python3.12/site-packages/airflow/example_dags/example_trigger_controller_dag.py took 0.101 seconds
[2026-08-24T14:23:35.783+0000] {processor.py:161} INFO - Started process (PID=183) to work on /home/airflow/.local/lib/python3.12/site-packages/airflow/example_dags/example_trigger_controller_dag.py
[2026-08-24T14:23:35.785+0000] {processor.py:830} INFO - Processing file /home/airflow/.local/lib/python3.12/site-packages/airflow/example_dags/example_trigger_controller_dag.py for tasks to queue
[2026-08-24T14:23:35.789+0000] {logging_mixin.py:188} INFO - [2026-08-24T14:23:35.789+0000] {dagbag.py:545} INFO - Filling up the DagBag from /home/airflow/.local/lib/python3.12/site-packages/airflow/example_dags/example_trigger_controller_dag.py
[2026-08-24T14:23:35.803+0000] {processor.py:840} INFO - DAG(s) 'example_trigger_controller_dag' retrieved from /home/airflow/.local/lib/python3.12/site-packages/airflow/example_dags/example_trigger_controller_dag.py
[2026-08-24T14:23:35.856+0000] {logging_mixin.py:188} INFO - [2026-08-24T14:23:35.855+0000] {dag.py:3096} INFO - Sync 1 DAGs
[2026-08-24T14:23:35.984+0000] {logging_mixin.py:188} INFO - [2026-08-24T14:23:35.983+0000] {dag.py:3954} INFO - Setting next_dagrun for example_trigger_controller_dag to 2021-01-01 00:00:00+00:00, run_after=2021-01-01 00:00:00+00:00
[2026-08-24T14:23:36.045+0000] {processor.py:183} INFO - Processing /home/airflow/.local/lib/python3.12/site-packages/airflow/example_dags/example_trigger_controller_dag.py took 0.280 seconds
[2026-08-24T14:24:06.438+0000] {processor.py:161} INFO - Started process (PID=243) to work on /home/airflow/.local/lib/python3.12/site-packages/airflow/example_dags/example_trigger_controller_dag.py
[2026-08-24T14:24:06.440+0000] {processor.py:830} INFO - Processing file /home/airflow/.local/lib/python3.12/site-packages/airflow/example_dags/example_trigger_controller_dag.py for tasks to queue
[2026-08-24T14:24:06.443+0000] {logging_mixin.py:188} INFO - [2026-08-24T14:24:06.442+0000] {dagbag.py:545} INFO - Filling up the DagBag from /home/airflow/.local/lib/python3.12/site-packages/airflow/example_dags/example_trigger_controller_dag.py
[2026-08-24T14:24:06.455+0000] {processor.py:840} INFO - DAG(s) 'example_trigger_controller_dag' retrieved from /home/airflow/.local/lib/python3.12/site-packages/airflow/example_dags/example_trigger_controller_dag.py
[2026-08-24T14:24:06.487+0000] {logging_mixin.py:188} INFO - [2026-08-24T14:24:06.487+0000] {dag.py:3096} INFO - Sync 1 DAGs
[2026-08-24T14:24:06.526+0000] {logging_mixin.py:188} INFO - [2026-08-24T14:24:06.525+0000] {dag.py:3954} INFO - Setting next_dagrun for example_trigger_controller_dag to 2021-01-01 00:00:00+00:00, run_after=2021-01-01 00:00:00+00:00
[2026-08-24T14:24:06.562+0000] {processor.py:183} INFO - Processing /home/airflow/.local/lib/python3.12/site-packages/airflow/example_dags/example_trigger_controller_dag.py took 0.137 seconds
[2026-08-24T14:24:37.398+0000] {processor.py:161} INFO - Started process (PID=303) to work on /home/airflow/.local/lib/python3.12/site-packages/airflow/example_dags/example_trigger_controller_dag.py
[2026-08-24T14:24:37.400+0000] {processor.py:830} INFO - Processing file /home/airflow/.local/lib/python3.12/site-packages/airflow/example_dags/example_trigger_controller_dag.py for tasks to queue
[2026-08-24T14:24:37.403+0000] {logging_mixin.py:188} INFO - [2026-08-24T14:24:37.402+0000] {dagbag.py:545} INFO - Filling up the DagBag from /home/airflow/.local/lib/python3.12/site-packages/airflow/example_dags/example_trigger_controller_dag.py
[2026-08-24T14:24:37.409+0000] {processor.py:840} INFO - DAG(s) 'example_trigger_controller_dag' retrieved from /home/airflow/.local/lib/python3.12/site-packages/airflow/example_dags/example_trigger_controller_dag.py
[2026-08-24T14:24:37.432+0000] {logging_mixin.py:188} INFO - [2026-08-24T14:24:37.432+0000] {dag.py:3096} INFO - Sync 1 DAGs
[2026-08-24T14:24:37.459+0000] {logging_mixin.py:188} INFO - [2026-08-24T14:24:37.458+0000] {dag.py:3954} INFO - Setting next_dagrun for example_trigger_controller_dag to 2021-01-01 00:00:00+00:00, run_after=2021-01-01 00:00:00+00:00
[2026-08-24T14:24:37.483+0000] {processor.py:183} INFO - Processing /home/airflow/.local/lib/python3.12/site-packages/airflow/example_dags/example_trigger_controller_dag.py took 0.092 seconds
[2026-08-24T14:25:08.282+0000] {processor.py:161} INFO - Started process (PID=363) to work on /home/airflow/.local/lib/python3.12/site-packages/airflow/example_dags/example_trigger_controller_dag.py
[2026-08-24T14:25:08.283+0000] {processor.py:830} INFO - Processing file /home/airflow/.local/lib/python3.12/site-packages/airflow/example_dags/example_trigger_controller_dag.py for tasks to queue
[2026-08-24T14:25:08.285+0000] {logging_mixin.py:188} INFO - [2026-08-24T14:25:08.285+0000] {dagbag.py:545} INFO - Filling up the DagBag from /home/airflow/.local/lib/python3.12/site-packages/airflow/example_dags/example_trigger_controller_dag.py
[2026-08-24T14:25:08.293+0000] {processor.py:840} INFO - DAG(s) 'example_trigger_controller_dag' retrieved from /home/airflow/.local/lib/python3.12/site-packages/airflow/example_dags/example_trigger_controller_dag.py
[2026-08-24T14:25:08.318+0000] {logging_mixin.py:188} INFO - [2026-08-24T14:25:08.318+0000] {dag.py:3096} INFO - Sync 1 DAGs
[2026-08-24T14:25:08.348+0000] {logging_mixin.py:188} INFO - [2026-08-24T14:25:08.348+0000] {dag.py:3954} INFO - Setting next_dagrun for example_trigger_controller_dag to 2021-01-01 00:00:00+00:00, run_after=2021-01-01 00:00:00+00:00
[2026-08-24T14:25:08.373+0000] {processor.py:183} INFO - Processing /home/airflow/.local/lib/python3.12/site-packages/airflow/example_dags/example_trigger_controller_dag.py took 0.098 seconds
[2026-08-24T14:25:39.384+0000] {processor.py:161} INFO - Started process (PID=423) to work on /home/airflow/.local/lib/python3.12/site-packages/airflow/example_dags/example_trigger_controller_dag.py
[2026-08-24T14:25:39.386+0000] {processor.py:830} INFO - Processing file /home/airflow/.local/lib/python3.12/site-packages/airflow/example_dags/example_trigger_controller_dag.py for tasks to queue
[2026-08-24T14:25:39.388+0000] {logging_mixin.py:188} INFO - [2026-08-24T14:25:39.388+0000] {dagbag.py:545} INFO - Filling up the DagBag from /home/airflow/.local/lib/python3.12/site-packages/airflow/example_dags/example_trigger_controller_dag.py
[2026-08-24T14:25:39.394+0000] {processor.py:840} INFO - DAG(s) 'example_trigger_controller_dag' retrieved from /home/airflow/.local/lib/python3.12/site-packages/airflow/example_dags/example_trigger_controller_dag.py
[2026-08-24T14:25:39.419+0000] {logging_mixin.py:188} INFO - [2026-08-24T14:25:39.419+0000] {dag.py:3096} INFO - Sync 1 DAGs
[2026-08-24T14:25:39.449+0000] {logging_mixin.py:188} INFO - [2026-08-24T14:25:39.449+0000] {dag.py:3954} INFO - Setting next_dagrun for example_trigger_controller_dag to 2021-01-01 00:00:00+00:00, run_after=2021-01-01 00:00:00+00:00
[2026-08-24T14:25:39.472+0000] {processor.py:183} INFO - Processing /home/airflow/.local/lib/python3.12/site-packages/airflow/example_dags/example_trigger_controller_dag.py took 0.095 seconds
[2026-08-24T14:26:10.618+0000] {processor.py:161} INFO - Started process (PID=483) to work on /home/airflow/.local/lib/python3.12/site-packages/airflow/example_dags/example_trigger_controller_dag.py
[2026-08-24T14:26:10.619+0000] {processor.py:830} INFO - Processing file /home/airflow/.local/lib/python3.12/site-packages/airflow/example_dags/example_trigger_controller_dag.py for tasks to queue
[2026-08-24T14:26:10.622+0000] {logging_mixin.py:188} INFO - [2026-08-24T14:26:10.622+0000] {dagbag.py:545} INFO - Filling up the DagBag from /home/airflow/.local/lib/python3.12/site-packages/airflow/example_dags/example_trigger_controller_dag.py
[2026-08-24T14:26:10.631+0000] {processor.py:840} INFO - DAG(s) 'example_trigger_controller_dag' retrieved from /home/airflow/.local/lib/python3.12/site-packages/airflow/example_dags/example_trigger_controller_dag.py
[2026-08-24T14:26:10.658+0000] {logging_mixin.py:188} INFO - [2026-08-24T14:26:10.658+0000] {dag.py:3096} INFO - Sync 1 DAGs
[2026-08-24T14:26:10.687+0000] {logging_mixin.py:188} INFO - [2026-08-24T14:26:10.686+0000] {dag.py:3954} INFO - Setting next_dagrun for example_trigger_controller_dag to 2021-01-01 00:00:00+00:00, run_after=2021-01-01 00:00:00+00:00
[2026-08-24T14:26:10.711+0000] {processor.py:183} INFO - Processing /home/airflow/.local/lib/python3.12/site-packages/airflow/example_dags/example_trigger_controller_dag.py took 0.104 seconds
[2026-08-24T14:26:41.204+0000] {processor.py:161} INFO - Started process (PID=543) to work on /home/airflow/.local/lib/python3.12/site-packages/airflow/example_dags/example_trigger_controller_dag.py
[2026-08-24T14:26:41.205+0000] {processor.py:830} INFO - Processing file /home/airflow/.local/lib/python3.12/site-packages/airflow/example_dags/example_trigger_controller_dag.py for tasks to queue
[2026-08-24T14:26:41.208+0000] {logging_mixin.py:188} INFO - [2026-08-24T14:26:41.207+0000] {dagbag.py:545} INFO - Filling up the DagBag from /home/airflow/.local/lib/python3.12/site-packages/airflow/example_dags/example_trigger_controller_dag.py
[2026-08-24T14:26:41.215+0000] {processor.py:840} INFO - DAG(s) 'example_trigger_controller_dag' retrieved from /home/airflow/.local/lib/python3.12/site-packages/airflow/example_dags/example_trigger_controller_dag.py
[2026-08-24T14:26:41.240+0000] {logging_mixin.py:188} INFO - [2026-08-24T14:26:41.239+0000] {dag.py:3096} INFO - Sync 1 DAGs
[2026-08-24T14:26:41.271+0000] {logging_mixin.py:188} INFO - [2026-08-24T14:26:41.271+0000] {dag.py:3954} INFO - Setting next_dagrun for example_trigger_controller_dag to 2021-01-01 00:00:00+00:00, run_after=2021-01-01 00:00:00+00:00
[2026-08-24T14:26:41.298+0000] {processor.py:183} INFO - Processing /home/airflow/.local/lib/python3.12/site-packages/airflow/example_dags/example_trigger_controller_dag.py took 0.102 seconds
[2026-08-24T14:27:11.790+0000] {processor.py:161} INFO - Started process (PID=603) to work on /home/airflow/.local/lib/python3.12/site-packages/airflow/example_dags/example_trigger_controller_dag.py
[2026-08-24T14:27:11.791+0000] {processor.py:830} INFO - Processing file /home/airflow/.local/lib/python3.12/site-packages/airflow/example_dags/example_trigger_controller_dag.py for tasks to queue
[2026-08-24T14:27:11.793+0000] {logging_mixin.py:188} INFO - [2026-08-24T14:27:11.793+0000] {dagbag.py:545} INFO - Filling up the DagBag from /home/airflow/.local/lib/python3.12/site-packages/airflow/example_dags/example_trigger_controller_dag.py
[2026-08-24T14:27:11.800+0000] {processor.py:840} INFO - DAG(s) 'example_trigger_controller_dag' retrieved from /home/airflow/.local/lib/python3.12/site-packages/airflow/example_dags/example_trigger_controller_dag.py
[2026-08-24T14:27:11.824+0000] {logging_mixin.py:188} INFO - [2026-08-24T14:27:11.824+0000] {dag.py:3096} INFO - Sync 1 DAGs
[2026-08-24T14:27:11.852+0000] {logging_mixin.py:188} INFO - [2026-08-24T14:27:11.852+0000] {dag.py:3954} INFO - Setting next_dagrun for example_trigger_controller_dag to 2021-01-01 00:00:00+00:00, run_after=2021-01-01 00:00:00+00:00
[2026-08-24T14:27:11.879+0000] {processor.py:183} INFO - Processing /home/airflow/.local/lib/python3.12/site-packages/airflow/example_dags/example_trigger_controller_dag.py took 0.096 seconds
[2026-08-24T14:27:42.727+0000] {processor.py:161} INFO - Started process (PID=663) to work on /home/airflow/.local/lib/python3.12/site-packages/airflow/example_dags/example_trigger_controller_dag.py
[2026-08-24T14:27:42.728+0000] {processor.py:830} INFO - Processing file /home/airflow/.local/lib/python3.12/site-packages/airflow/example_dags/example_trigger_controller_dag.py for tasks to queue
[2026-08-24T14:27:42.731+0000] {logging_mixin.py:188} INFO - [2026-08-24T14:27:42.730+0000] {dagbag.py:545} INFO - Filling up the DagBag from /home/airflow/.local/lib/python3.12/site-packages/airflow/example_dags/example_trigger_controller_dag.py
[2026-08-24T14:27:42.737+0000] {processor.py:840} INFO - DAG(s) 'example_trigger_controller_dag' retrieved from /home/airflow/.local/lib/python3.12/site-packages/airflow/example_dags/example_trigger_controller_dag.py
[2026-08-24T14:27:42.760+0000] {logging_mixin.py:188} INFO - [2026-08-24T14:27:42.759+0000] {dag.py:3096} INFO - Sync 1 DAGs
[2026-08-24T14:27:42.787+0000] {logging_mixin.py:188} INFO - [2026-08-24T14:27:42.787+0000] {dag.py:3954} INFO - Setting next_dagrun for example_trigger_controller_dag to 2021-01-01 00:00:00+00:00, run_after=2021-01-01 00:00:00+00:00
[2026-08-24T14:27:42.810+0000] {processor.py:183} INFO - Processing /home/airflow/.local/lib/python3.12/site-packages/airflow/example_dags/example_trigger_controller_dag.py took 0.090 seconds
[2026-08-24T14:28:13.371+0000] {processor.py:161} INFO - Started process (PID=723) to work on /home/airflow/.local/lib/python3.12/site-packages/airflow/example_dags/example_trigger_controller_dag.py
[2026-08-24T14:28:13.372+0000] {processor.py:830} INFO - Processing file /home/airflow/.local/lib/python3.12/site-packages/airflow/example_dags/example_trigger_controller_dag.py for tasks to queue
[2026-08-24T14:28:13.375+0000] {logging_mixin.py:188} INFO - [2026-08-24T14:28:13.374+0000] {dagbag.py:545} INFO - Filling up the DagBag from /home/airflow/.local/lib/python3.12/site-packages/airflow/example_dags/example_trigger_controller_dag.py
[2026-08-24T14:28:13.381+0000] {processor.py:840} INFO - DAG(s) 'example_trigger_controller_dag' retrieved from /home/airflow/.local/lib/python3.12/site-packages/airflow/example_dags/example_trigger_controller_dag.py
[2026-08-24T14:28:13.404+0000] {logging_mixin.py:188} INFO - [2026-08-24T14:28:13.403+0000] {dag.py:3096} INFO - Sync 1 DAGs
[2026-08-24T14:28:13.429+0000] {logging_mixin.py:188} INFO - [2026-08-24T14:28:13.429+0000] {dag.py:3954} INFO - Setting next_dagrun for example_trigger_controller_dag to 2021-01-01 00:00:00+00:00, run_after=2021-01-01 00:00:00+00:00
[2026-08-24T14:28:13.453+0000] {processor.py:183} INFO - Processing /home/airflow/.local/lib/python3.12/site-packages/airflow/example_dags/example_trigger_controller_dag.py took 0.089 seconds
[2026-08-24T14:28:43.549+0000] {processor.py:161} INFO - Started process (PID=781) to work on /home/airflow/.local/lib/python3.12/site-packages/airflow/example_dags/example_trigger_controller_dag.py
[2026-08-24T14:28:43.550+0000] {processor.py:830} INFO - Processing file /home/airflow/.local/lib/python3.12/site-packages/airflow/example_dags/example_trigger_controller_dag.py for tasks to queue
[2026-08-24T14:28:43.553+0000] {logging_mixin.py:188} INFO - [2026-08-24T14:28:43.552+0000] {dagbag.py:545} INFO - Filling up the DagBag from /home/airflow/.local/lib/python3.12/site-packages/airflow/example_dags/example_trigger_controller_dag.py
[2026-08-24T14:28:43.559+0000] {processor.py:840} INFO - DAG(s) 'example_trigger_controller_dag' retrieved from /home/airflow/.local/lib/python3.12/site-packages/airflow/example_dags/example_trigger_controller_dag.py
[2026-08-24T14:28:43.582+0000] {logging_mixin.py:188} INFO - [2026-08-24T14:28:43.582+0000] {dag.py:3096} INFO - Sync 1 DAGs
[2026-08-24T14:28:43.618+0000] {logging_mixin.py:188} INFO - [2026-08-24T14:28:43.617+0000] {dag.py:3954} INFO - Setting next_dagrun for example_trigger_controller_dag to 2021-01-01 00:00:00+00:00, run_after=2021-01-01 00:00:00+00:00
[2026-08-24T14:28:43.640+0000] {processor.py:183} INFO - Processing /home/airflow/.local/lib/python3.12/site-packages/airflow/example_dags/example_trigger_controller_dag.py took 0.098 seconds
[2026-08-24T14:29:14.080+0000] {processor.py:161} INFO - Started process (PID=841) to work on /home/airflow/.local/lib/python3.12/site-packages/airflow/example_dags/example_trigger_controller_dag.py
[2026-08-24T14:29:14.082+0000] {processor.py:830} INFO - Processing file /home/airflow/.local/lib/python3.12/site-packages/airflow/example_dags/example_trigger_controller_dag.py for tasks to queue
[2026-08-24T14:29:14.085+0000] {logging_mixin.py:188} INFO - [2026-08-24T14:29:14.084+0000] {dagbag.py:545} INFO - Filling up the DagBag from /home/airflow/.local/lib/python3.12/site-packages/airflow/example_dags/example_trigger_controller_dag.py
[2026-08-24T14:29:14.092+0000] {processor.py:840} INFO - DAG(s) 'example_trigger_controller_dag' retrieved from /home/airflow/.local/lib/python3.12/site-packages/airflow/example_dags/example_trigger_controller_dag.py
[2026-08-24T14:29:14.123+0000] {logging_mixin.py:188} INFO - [2026-08-24T14:29:14.122+0000] {dag.py:3096} INFO - Sync 1 DAGs
[2026-08-24T14:29:14.174+0000] {logging_mixin.py:188} INFO - [2026-08-24T14:29:14.173+0000] {dag.py:3954} INFO - Setting next_dagrun for example_trigger_controller_dag to 2021-01-01 00:00:00+00:00, run_after=2021-01-01 00:00:00+00:00
[2026-08-24T14:29:14.207+0000] {processor.py:183} INFO - Processing /home/airflow/.local/lib/python3.12/site-packages/airflow/example_dags/example_trigger_controller_dag.py took 0.136 seconds
[2026-08-24T14:29:44.690+0000] {processor.py:161} INFO - Started process (PID=902) to work on /home/airflow/.local/lib/python3.12/site-packages/airflow/example_dags/example_trigger_controller_dag.py
[2026-08-24T14:29:44.691+0000] {processor.py:830} INFO - Processing file /home/airflow/.local/lib/python3.12/site-packages/airflow/example_dags/example_trigger_controller_dag.py for tasks to queue
[2026-08-24T14:29:44.694+0000] {logging_mixin.py:188} INFO - [2026-08-24T14:29:44.694+0000] {dagbag.py:545} INFO - Filling up the DagBag from /home/airflow/.local/lib/python3.12/site-packages/airflow/example_dags/example_trigger_controller_dag.py
[2026-08-24T14:29:44.701+0000] {processor.py:840} INFO - DAG(s) 'example_trigger_controller_dag' retrieved from /home/airflow/.local/lib/python3.12/site-packages/airflow/example_dags/example_trigger_controller_dag.py
[2026-08-24T14:29:44.732+0000] {logging_mixin.py:188} INFO - [2026-08-24T14:29:44.731+0000] {dag.py:3096} INFO - Sync 1 DAGs
[2026-08-24T14:29:44.767+0000] {logging_mixin.py:188} INFO - [2026-08-24T14:29:44.767+0000] {dag.py:3954} INFO - Setting next_dagrun for example_trigger_controller_dag to 2021-01-01 00:00:00+00:00, run_after=2021-01-01 00:00:00+00:00
[2026-08-24T14:29:44.792+0000] {processor.py:183} INFO - Processing /home/airflow/.local/lib/python3.12/site-packages/airflow/example_dags/example_trigger_controller_dag.py took 0.110 seconds
[2026-08-24T14:30:15.129+0000] {processor.py:161} INFO - Started process (PID=962) to work on /home/airflow/.local/lib/python3.12/site-packages/airflow/example_dags/example_trigger_controller_dag.py
[2026-08-24T14:30:15.130+0000] {processor.py:830} INFO - Processing file /home/airflow/.local/lib/python3.12/site-packages/airflow/example_dags/example_trigger_controller_dag.py for tasks to queue
[2026-08-24T14:30:15.133+0000] {logging_mixin.py:188} INFO - [2026-08-24T14:30:15.132+0000] {dagbag.py:545} INFO - Filling up the DagBag from /home/airflow/.local/lib/python3.12/site-packages/airflow/example_dags/example_trigger_controller_dag.py
[2026-08-24T14:30:15.139+0000] {processor.py:840} INFO - DAG(s) 'example_trigger_controller_dag' retrieved from /home/airflow/.local/lib/python3.12/site-packages/airflow/example_dags/example_trigger_controller_dag.py
[2026-08-24T14:30:15.164+0000] {logging_mixin.py:188} INFO - [2026-08-24T14:30:15.163+0000] {dag.py:3096} INFO - Sync 1 DAGs
[2026-08-24T14:30:15.192+0000] {logging_mixin.py:188} INFO - [2026-08-24T14:30:15.191+0000] {dag.py:3954} INFO - Setting next_dagrun for example_trigger_controller_dag to 2021-01-01 00:00:00+00:00, run_after=2021-01-01 00:00:00+00:00
[2026-08-24T14:30:15.225+0000] {processor.py:183} INFO - Processing /home/airflow/.local/lib/python3.12/site-packages/airflow/example_dags/example_trigger_controller_dag.py took 0.107 seconds
[2026-08-24T14:30:45.643+0000] {processor.py:161} INFO - Started process (PID=1023) to work on /home/airflow/.local/lib/python3.12/site-packages/airflow/example_dags/example_trigger_controller_dag.py
[2026-08-24T14:30:45.644+0000] {processor.py:830} INFO - Processing file /home/airflow/.local/lib/python3.12/site-packages/airflow/example_dags/example_trigger_controller_dag.py for tasks to queue
[2026-08-24T14:30:45.647+0000] {logging_mixin.py:188} INFO - [2026-08-24T14:30:45.646+0000] {dagbag.py:545} INFO - Filling up the DagBag from /home/airflow/.local/lib/python3.12/site-packages/airflow/example_dags/example_trigger_controller_dag.py
[2026-08-24T14:30:45.653+0000] {processor.py:840} INFO - DAG(s) 'example_trigger_controller_dag' retrieved from /home/airflow/.local/lib/python3.12/site-packages/airflow/example_dags/example_trigger_controller_dag.py
[2026-08-24T14:30:45.687+0000] {logging_mixin.py:188} INFO - [2026-08-24T14:30:45.686+0000] {dag.py:3096} INFO - Sync 1 DAGs
[2026-08-24T14:30:45.777+0000] {logging_mixin.py:188} INFO - [2026-08-24T14:30:45.776+0000] {dag.py:3954} INFO - Setting next_dagrun for example_trigger_controller_dag to 2021-01-01 00:00:00+00:00, run_after=2021-01-01 00:00:00+00:00
[2026-08-24T14:30:45.802+0000] {processor.py:183} INFO - Processing /home/airflow/.local/lib/python3.12/site-packages/airflow/example_dags/example_trigger_controller_dag.py took 0.167 seconds
[2026-08-24T14:35:30.346+0000] {processor.py:161} INFO - Started process (PID=146) to work on /home/airflow/.local/lib/python3.12/site-packages/airflow/example_dags/example_trigger_controller_dag.py
[2026-08-24T14:35:30.348+0000] {processor.py:830} INFO - Processing file /home/airflow/.local/lib/python3.12/site-packages/airflow/example_dags/example_trigger_controller_dag.py for tasks to queue
[2026-08-24T14:35:30.351+0000] {logging_mixin.py:188} INFO - [2026-08-24T14:35:30.351+0000] {dagbag.py:545} INFO - Filling up the DagBag from /home/airflow/.local/lib/python3.12/site-packages/airflow/example_dags/example_trigger_controller_dag.py
[2026-08-24T14:35:30.360+0000] {processor.py:840} INFO - DAG(s) 'example_trigger_controller_dag' retrieved from /home/airflow/.local/lib/python3.12/site-packages/airflow/example_dags/example_trigger_controller_dag.py
[2026-08-24T14:35:30.517+0000] {logging_mixin.py:188} INFO - [2026-08-24T14:35:30.517+0000] {dag.py:3096} INFO - Sync 1 DAGs
[2026-08-24T14:35:30.546+0000] {logging_mixin.py:188} INFO - [2026-08-24T14:35:30.546+0000] {dag.py:3954} INFO - Setting next_dagrun for example_trigger_controller_dag to 2021-01-01 00:00:00+00:00, run_after=2021-01-01 00:00:00+00:00
[2026-08-24T14:35:30.576+0000] {processor.py:183} INFO - Processing /home/airflow/.local/lib/python3.12/site-packages/airflow/example_dags/example_trigger_controller_dag.py took 0.237 seconds
[2026-08-24T14:36:01.230+0000] {processor.py:161} INFO - Started process (PID=206) to work on /home/airflow/.local/lib/python3.12/site-packages/airflow/example_dags/example_trigger_controller_dag.py
[2026-08-24T14:36:01.232+0000] {processor.py:830} INFO - Processing file /home/airflow/.local/lib/python3.12/site-packages/airflow/example_dags/example_trigger_controller_dag.py for tasks to queue
[2026-08-24T14:36:01.234+0000] {logging_mixin.py:188} INFO - [2026-08-24T14:36:01.234+0000] {dagbag.py:545} INFO - Filling up the DagBag from /home/airflow/.local/lib/python3.12/site-packages/airflow/example_dags/example_trigger_controller_dag.py
[2026-08-24T14:36:01.241+0000] {processor.py:840} INFO - DAG(s) 'example_trigger_controller_dag' retrieved from /home/airflow/.local/lib/python3.12/site-packages/airflow/example_dags/example_trigger_controller_dag.py
[2026-08-24T14:36:01.267+0000] {logging_mixin.py:188} INFO - [2026-08-24T14:36:01.266+0000] {dag.py:3096} INFO - Sync 1 DAGs
[2026-08-24T14:36:01.294+0000] {logging_mixin.py:188} INFO - [2026-08-24T14:36:01.294+0000] {dag.py:3954} INFO - Setting next_dagrun for example_trigger_controller_dag to 2021-01-01 00:00:00+00:00, run_after=2021-01-01 00:00:00+00:00
[2026-08-24T14:36:01.317+0000] {processor.py:183} INFO - Processing /home/airflow/.local/lib/python3.12/site-packages/airflow/example_dags/example_trigger_controller_dag.py took 0.094 seconds
[2026-08-24T14:36:31.920+0000] {processor.py:161} INFO - Started process (PID=267) to work on /home/airflow/.local/lib/python3.12/site-packages/airflow/example_dags/example_trigger_controller_dag.py
[2026-08-24T14:36:31.922+0000] {processor.py:830} INFO - Processing file /home/airflow/.local/lib/python3.12/site-packages/airflow/example_dags/example_trigger_controller_dag.py for tasks to queue
[2026-08-24T14:36:31.927+0000] {logging_mixin.py:188} INFO - [2026-08-24T14:36:31.926+0000] {dagbag.py:545} INFO - Filling up the DagBag from /home/airflow/.local/lib/python3.12/site-packages/airflow/example_dags/example_trigger_controller_dag.py
[2026-08-24T14:36:31.939+0000] {processor.py:840} INFO - DAG(s) 'example_trigger_controller_dag' retrieved from /home/airflow/.local/lib/python3.12/site-packages/airflow/example_dags/example_trigger_controller_dag.py
[2026-08-24T14:36:31.983+0000] {logging_mixin.py:188} INFO - [2026-08-24T14:36:31.982+0000] {dag.py:3096} INFO - Sync 1 DAGs
[2026-08-24T14:36:32.031+0000] {logging_mixin.py:188} INFO - [2026-08-24T14:36:32.031+0000] {dag.py:3954} INFO - Setting next_dagrun for example_trigger_controller_dag to 2021-01-01 00:00:00+00:00, run_after=2021-01-01 00:00:00+00:00
[2026-08-24T14:36:32.078+0000] {processor.py:183} INFO - Processing /home/airflow/.local/lib/python3.12/site-packages/airflow/example_dags/example_trigger_controller_dag.py took 0.172 seconds
[2026-08-24T14:37:02.332+0000] {processor.py:161} INFO - Started process (PID=327) to work on /home/airflow/.local/lib/python3.12/site-packages/airflow/example_dags/example_trigger_controller_dag.py
[2026-08-24T14:37:02.334+0000] {processor.py:830} INFO - Processing file /home/airflow/.local/lib/python3.12/site-packages/airflow/example_dags/example_trigger_controller_dag.py for tasks to queue
[2026-08-24T14:37:02.337+0000] {logging_mixin.py:188} INFO - [2026-08-24T14:37:02.337+0000] {dagbag.py:545} INFO - Filling up the DagBag from /home/airflow/.local/lib/python3.12/site-packages/airflow/example_dags/example_trigger_controller_dag.py
[2026-08-24T14:37:02.345+0000] {processor.py:840} INFO - DAG(s) 'example_trigger_controller_dag' retrieved from /home/airflow/.local/lib/python3.12/site-packages/airflow/example_dags/example_trigger_controller_dag.py
[2026-08-24T14:37:02.374+0000] {logging_mixin.py:188} INFO - [2026-08-24T14:37:02.373+0000] {dag.py:3096} INFO - Sync 1 DAGs
[2026-08-24T14:37:02.410+0000] {logging_mixin.py:188} INFO - [2026-08-24T14:37:02.409+0000] {dag.py:3954} INFO - Setting next_dagrun for example_trigger_controller_dag to 2021-01-01 00:00:00+00:00, run_after=2021-01-01 00:00:00+00:00
[2026-08-24T14:37:02.557+0000] {processor.py:183} INFO - Processing /home/airflow/.local/lib/python3.12/site-packages/airflow/example_dags/example_trigger_controller_dag.py took 0.234 seconds
[2026-08-24T14:37:33.409+0000] {processor.py:161} INFO - Started process (PID=387) to work on /home/airflow/.local/lib/python3.12/site-packages/airflow/example_dags/example_trigger_controller_dag.py
[2026-08-24T14:37:33.410+0000] {processor.py:830} INFO - Processing file /home/airflow/.local/lib/python3.12/site-packages/airflow/example_dags/example_trigger_controller_dag.py for tasks to queue
[2026-08-24T14:37:33.412+0000] {logging_mixin.py:188} INFO - [2026-08-24T14:37:33.412+0000] {dagbag.py:545} INFO - Filling up the DagBag from /home/airflow/.local/lib/python3.12/site-packages/airflow/example_dags/example_trigger_controller_dag.py
[2026-08-24T14:37:33.419+0000] {processor.py:840} INFO - DAG(s) 'example_trigger_controller_dag' retrieved from /home/airflow/.local/lib/python3.12/site-packages/airflow/example_dags/example_trigger_controller_dag.py
[2026-08-24T14:37:33.448+0000] {logging_mixin.py:188} INFO - [2026-08-24T14:37:33.448+0000] {dag.py:3096} INFO - Sync 1 DAGs
[2026-08-24T14:37:33.478+0000] {logging_mixin.py:188} INFO - [2026-08-24T14:37:33.477+0000] {dag.py:3954} INFO - Setting next_dagrun for example_trigger_controller_dag to 2021-01-01 00:00:00+00:00, run_after=2021-01-01 00:00:00+00:00
[2026-08-24T14:37:33.503+0000] {processor.py:183} INFO - Processing /home/airflow/.local/lib/python3.12/site-packages/airflow/example_dags/example_trigger_controller_dag.py took 0.102 seconds
[2026-08-24T14:38:03.925+0000] {processor.py:161} INFO - Started process (PID=448) to work on /home/airflow/.local/lib/python3.12/site-packages/airflow/example_dags/example_trigger_controller_dag.py
[2026-08-24T14:38:03.926+0000] {processor.py:830} INFO - Processing file /home/airflow/.local/lib/python3.12/site-packages/airflow/example_dags/example_trigger_controller_dag.py for tasks to queue
[2026-08-24T14:38:03.929+0000] {logging_mixin.py:188} INFO - [2026-08-24T14:38:03.928+0000] {dagbag.py:545} INFO - Filling up the DagBag from /home/airflow/.local/lib/python3.12/site-packages/airflow/example_dags/example_trigger_controller_dag.py
[2026-08-24T14:38:03.935+0000] {processor.py:840} INFO - DAG(s) 'example_trigger_controller_dag' retrieved from /home/airflow/.local/lib/python3.12/site-packages/airflow/example_dags/example_trigger_controller_dag.py
[2026-08-24T14:38:03.960+0000] {logging_mixin.py:188} INFO - [2026-08-24T14:38:03.960+0000] {dag.py:3096} INFO - Sync 1 DAGs
[2026-08-24T14:38:03.989+0000] {logging_mixin.py:188} INFO - [2026-08-24T14:38:03.989+0000] {dag.py:3954} INFO - Setting next_dagrun for example_trigger_controller_dag to 2021-01-01 00:00:00+00:00, run_after=2021-01-01 00:00:00+00:00
[2026-08-24T14:38:04.015+0000] {processor.py:183} INFO - Processing /home/airflow/.local/lib/python3.12/site-packages/airflow/example_dags/example_trigger_controller_dag.py took 0.099 seconds
[2026-08-24T14:38:34.917+0000] {processor.py:161} INFO - Started process (PID=508) to work on /home/airflow/.local/lib/python3.12/site-packages/airflow/example_dags/example_trigger_controller_dag.py
[2026-08-24T14:38:34.919+0000] {processor.py:830} INFO - Processing file /home/airflow/.local/lib/python3.12/site-packages/airflow/example_dags/example_trigger_controller_dag.py for tasks to queue
[2026-08-24T14:38:34.921+0000] {logging_mixin.py:188} INFO - [2026-08-24T14:38:34.921+0000] {dagbag.py:545} INFO - Filling up the DagBag from /home/airflow/.local/lib/python3.12/site-packages/airflow/example_dags/example_trigger_controller_dag.py
[2026-08-24T14:38:34.928+0000] {processor.py:840} INFO - DAG(s) 'example_trigger_controller_dag' retrieved from /home/airflow/.local/lib/python3.12/site-packages/airflow/example_dags/example_trigger_controller_dag.py
[2026-08-24T14:38:34.952+0000] {logging_mixin.py:188} INFO - [2026-08-24T14:38:34.952+0000] {dag.py:3096} INFO - Sync 1 DAGs
[2026-08-24T14:38:34.979+0000] {logging_mixin.py:188} INFO - [2026-08-24T14:38:34.979+0000] {dag.py:3954} INFO - Setting next_dagrun for example_trigger_controller_dag to 2021-01-01 00:00:00+00:00, run_after=2021-01-01 00:00:00+00:00
[2026-08-24T14:38:35.003+0000] {processor.py:183} INFO - Processing /home/airflow/.local/lib/python3.12/site-packages/airflow/example_dags/example_trigger_controller_dag.py took 0.093 seconds
[2026-08-24T14:39:05.713+0000] {processor.py:161} INFO - Started process (PID=568) to work on /home/airflow/.local/lib/python3.12/site-packages/airflow/example_dags/example_trigger_controller_dag.py
[2026-08-24T14:39:05.714+0000] {processor.py:830} INFO - Processing file /home/airflow/.local/lib/python3.12/site-packages/airflow/example_dags/example_trigger_controller_dag.py for tasks to queue
[2026-08-24T14:39:05.717+0000] {logging_mixin.py:188} INFO - [2026-08-24T14:39:05.716+0000] {dagbag.py:545} INFO - Filling up the DagBag from /home/airflow/.local/lib/python3.12/site-packages/airflow/example_dags/example_trigger_controller_dag.py
[2026-08-24T14:39:05.724+0000] {processor.py:840} INFO - DAG(s) 'example_trigger_controller_dag' retrieved from /home/airflow/.local/lib/python3.12/site-packages/airflow/example_dags/example_trigger_controller_dag.py
[2026-08-24T14:39:05.748+0000] {logging_mixin.py:188} INFO - [2026-08-24T14:39:05.747+0000] {dag.py:3096} INFO - Sync 1 DAGs
[2026-08-24T14:39:05.775+0000] {logging_mixin.py:188} INFO - [2026-08-24T14:39:05.775+0000] {dag.py:3954} INFO - Setting next_dagrun for example_trigger_controller_dag to 2021-01-01 00:00:00+00:00, run_after=2021-01-01 00:00:00+00:00
[2026-08-24T14:39:05.800+0000] {processor.py:183} INFO - Processing /home/airflow/.local/lib/python3.12/site-packages/airflow/example_dags/example_trigger_controller_dag.py took 0.095 seconds
[2026-08-24T14:41:22.877+0000] {processor.py:161} INFO - Started process (PID=145) to work on /home/airflow/.local/lib/python3.12/site-packages/airflow/example_dags/example_trigger_controller_dag.py
[2026-08-24T14:41:22.879+0000] {processor.py:830} INFO - Processing file /home/airflow/.local/lib/python3.12/site-packages/airflow/example_dags/example_trigger_controller_dag.py for tasks to queue
[2026-08-24T14:41:22.881+0000] {logging_mixin.py:188} INFO - [2026-08-24T14:41:22.881+0000] {dagbag.py:545} INFO - Filling up the DagBag from /home/airflow/.local/lib/python3.12/site-packages/airflow/example_dags/example_trigger_controller_dag.py
[2026-08-24T14:41:22.890+0000] {processor.py:840} INFO - DAG(s) 'example_trigger_controller_dag' retrieved from /home/airflow/.local/lib/python3.12/site-packages/airflow/example_dags/example_trigger_controller_dag.py
[2026-08-24T14:41:23.043+0000] {logging_mixin.py:188} INFO - [2026-08-24T14:41:23.043+0000] {dag.py:3096} INFO - Sync 1 DAGs
[2026-08-24T14:41:23.067+0000] {logging_mixin.py:188} INFO - [2026-08-24T14:41:23.067+0000] {dag.py:3954} INFO - Setting next_dagrun for example_trigger_controller_dag to 2021-01-01 00:00:00+00:00, run_after=2021-01-01 00:00:00+00:00
[2026-08-24T14:41:23.092+0000] {processor.py:183} INFO - Processing /home/airflow/.local/lib/python3.12/site-packages/airflow/example_dags/example_trigger_controller_dag.py took 0.223 seconds
[2026-08-24T14:41:53.437+0000] {processor.py:161} INFO - Started process (PID=205) to work on /home/airflow/.local/lib/python3.12/site-packages/airflow/example_dags/example_trigger_controller_dag.py
[2026-08-24T14:41:53.438+0000] {processor.py:830} INFO - Processing file /home/airflow/.local/lib/python3.12/site-packages/airflow/example_dags/example_trigger_controller_dag.py for tasks to queue
[2026-08-24T14:41:53.440+0000] {logging_mixin.py:188} INFO - [2026-08-24T14:41:53.440+0000] {dagbag.py:545} INFO - Filling up the DagBag from /home/airflow/.local/lib/python3.12/site-packages/airflow/example_dags/example_trigger_controller_dag.py
[2026-08-24T14:41:53.447+0000] {processor.py:840} INFO - DAG(s) 'example_trigger_controller_dag' retrieved from /home/airflow/.local/lib/python3.12/site-packages/airflow/example_dags/example_trigger_controller_dag.py
[2026-08-24T14:41:53.472+0000] {logging_mixin.py:188} INFO - [2026-08-24T14:41:53.472+0000] {dag.py:3096} INFO - Sync 1 DAGs
[2026-08-24T14:41:53.500+0000] {logging_mixin.py:188} INFO - [2026-08-24T14:41:53.500+0000] {dag.py:3954} INFO - Setting next_dagrun for example_trigger_controller_dag to 2021-01-01 00:00:00+00:00, run_after=2021-01-01 00:00:00+00:00
[2026-08-24T14:41:53.527+0000] {processor.py:183} INFO - Processing /home/airflow/.local/lib/python3.12/site-packages/airflow/example_dags/example_trigger_controller_dag.py took 0.097 seconds
[2026-08-24T14:42:24.544+0000] {processor.py:161} INFO - Started process (PID=265) to work on /home/airflow/.local/lib/python3.12/site-packages/airflow/example_dags/example_trigger_controller_dag.py
[2026-08-24T14:42:24.545+0000] {processor.py:830} INFO - Processing file /home/airflow/.local/lib/python3.12/site-packages/airflow/example_dags/example_trigger_controller_dag.py for tasks to queue
[2026-08-24T14:42:24.549+0000] {logging_mixin.py:188} INFO - [2026-08-24T14:42:24.548+0000] {dagbag.py:545} INFO - Filling up the DagBag from /home/airflow/.local/lib/python3.12/site-packages/airflow/example_dags/example_trigger_controller_dag.py
[2026-08-24T14:42:24.558+0000] {processor.py:840} INFO - DAG(s) 'example_trigger_controller_dag' retrieved from /home/airflow/.local/lib/python3.12/site-packages/airflow/example_dags/example_trigger_controller_dag.py
[2026-08-24T14:42:24.602+0000] {logging_mixin.py:188} INFO - [2026-08-24T14:42:24.601+0000] {dag.py:3096} INFO - Sync 1 DAGs
[2026-08-24T14:42:24.645+0000] {logging_mixin.py:188} INFO - [2026-08-24T14:42:24.645+0000] {dag.py:3954} INFO - Setting next_dagrun for example_trigger_controller_dag to 2021-01-01 00:00:00+00:00, run_after=2021-01-01 00:00:00+00:00
[2026-08-24T14:42:24.679+0000] {processor.py:183} INFO - Processing /home/airflow/.local/lib/python3.12/site-packages/airflow/example_dags/example_trigger_controller_dag.py took 0.147 seconds
[2026-08-24T14:42:55.029+0000] {processor.py:161} INFO - Started process (PID=325) to work on /home/airflow/.local/lib/python3.12/site-packages/airflow/example_dags/example_trigger_controller_dag.py
[2026-08-24T14:42:55.031+0000] {processor.py:830} INFO - Processing file /home/airflow/.local/lib/python3.12/site-packages/airflow/example_dags/example_trigger_controller_dag.py for tasks to queue
[2026-08-24T14:42:55.034+0000] {logging_mixin.py:188} INFO - [2026-08-24T14:42:55.033+0000] {dagbag.py:545} INFO - Filling up the DagBag from /home/airflow/.local/lib/python3.12/site-packages/airflow/example_dags/example_trigger_controller_dag.py
[2026-08-24T14:42:55.041+0000] {processor.py:840} INFO - DAG(s) 'example_trigger_controller_dag' retrieved from /home/airflow/.local/lib/python3.12/site-packages/airflow/example_dags/example_trigger_controller_dag.py
[2026-08-24T14:42:55.067+0000] {logging_mixin.py:188} INFO - [2026-08-24T14:42:55.067+0000] {dag.py:3096} INFO - Sync 1 DAGs
[2026-08-24T14:42:55.096+0000] {logging_mixin.py:188} INFO - [2026-08-24T14:42:55.096+0000] {dag.py:3954} INFO - Setting next_dagrun for example_trigger_controller_dag to 2021-01-01 00:00:00+00:00, run_after=2021-01-01 00:00:00+00:00
[2026-08-24T14:42:55.120+0000] {processor.py:183} INFO - Processing /home/airflow/.local/lib/python3.12/site-packages/airflow/example_dags/example_trigger_controller_dag.py took 0.099 seconds
[2026-08-24T14:43:25.939+0000] {processor.py:161} INFO - Started process (PID=385) to work on /home/airflow/.local/lib/python3.12/site-packages/airflow/example_dags/example_trigger_controller_dag.py
[2026-08-24T14:43:25.941+0000] {processor.py:830} INFO - Processing file /home/airflow/.local/lib/python3.12/site-packages/airflow/example_dags/example_trigger_controller_dag.py for tasks to queue
[2026-08-24T14:43:25.945+0000] {logging_mixin.py:188} INFO - [2026-08-24T14:43:25.945+0000] {dagbag.py:545} INFO - Filling up the DagBag from /home/airflow/.local/lib/python3.12/site-packages/airflow/example_dags/example_trigger_controller_dag.py
[2026-08-24T14:43:25.955+0000] {processor.py:840} INFO - DAG(s) 'example_trigger_controller_dag' retrieved from /home/airflow/.local/lib/python3.12/site-packages/airflow/example_dags/example_trigger_controller_dag.py
[2026-08-24T14:43:25.986+0000] {logging_mixin.py:188} INFO - [2026-08-24T14:43:25.985+0000] {dag.py:3096} INFO - Sync 1 DAGs
[2026-08-24T14:43:26.023+0000] {logging_mixin.py:188} INFO - [2026-08-24T14:43:26.023+0000] {dag.py:3954} INFO - Setting next_dagrun for example_trigger_controller_dag to 2021-01-01 00:00:00+00:00, run_after=2021-01-01 00:00:00+00:00
[2026-08-24T14:43:26.056+0000] {processor.py:183} INFO - Processing /home/airflow/.local/lib/python3.12/site-packages/airflow/example_dags/example_trigger_controller_dag.py took 0.134 seconds
[2026-08-24T14:43:56.465+0000] {processor.py:161} INFO - Started process (PID=445) to work on /home/airflow/.local/lib/python3.12/site-packages/airflow/example_dags/example_trigger_controller_dag.py
[2026-08-24T14:43:56.467+0000] {processor.py:830} INFO - Processing file /home/airflow/.local/lib/python3.12/site-packages/airflow/example_dags/example_trigger_controller_dag.py for tasks to queue
[2026-08-24T14:43:56.470+0000] {logging_mixin.py:188} INFO - [2026-08-24T14:43:56.469+0000] {dagbag.py:545} INFO - Filling up the DagBag from /home/airflow/.local/lib/python3.12/site-packages/airflow/example_dags/example_trigger_controller_dag.py
[2026-08-24T14:43:56.477+0000] {processor.py:840} INFO - DAG(s) 'example_trigger_controller_dag' retrieved from /home/airflow/.local/lib/python3.12/site-packages/airflow/example_dags/example_trigger_controller_dag.py
[2026-08-24T14:43:56.503+0000] {logging_mixin.py:188} INFO - [2026-08-24T14:43:56.502+0000] {dag.py:3096} INFO - Sync 1 DAGs
[2026-08-24T14:43:56.530+0000] {logging_mixin.py:188} INFO - [2026-08-24T14:43:56.529+0000] {dag.py:3954} INFO - Setting next_dagrun for example_trigger_controller_dag to 2021-01-01 00:00:00+00:00, run_after=2021-01-01 00:00:00+00:00
[2026-08-24T14:43:56.553+0000] {processor.py:183} INFO - Processing /home/airflow/.local/lib/python3.12/site-packages/airflow/example_dags/example_trigger_controller_dag.py took 0.098 seconds
[2026-08-24T14:44:26.913+0000] {processor.py:161} INFO - Started process (PID=505) to work on /home/airflow/.local/lib/python3.12/site-packages/airflow/example_dags/example_trigger_controller_dag.py
[2026-08-24T14:44:26.915+0000] {processor.py:830} INFO - Processing file /home/airflow/.local/lib/python3.12/site-packages/airflow/example_dags/example_trigger_controller_dag.py for tasks to queue
[2026-08-24T14:44:26.917+0000] {logging_mixin.py:188} INFO - [2026-08-24T14:44:26.917+0000] {dagbag.py:545} INFO - Filling up the DagBag from /home/airflow/.local/lib/python3.12/site-packages/airflow/example_dags/example_trigger_controller_dag.py
[2026-08-24T14:44:26.923+0000] {processor.py:840} INFO - DAG(s) 'example_trigger_controller_dag' retrieved from /home/airflow/.local/lib/python3.12/site-packages/airflow/example_dags/example_trigger_controller_dag.py
[2026-08-24T14:44:26.949+0000] {logging_mixin.py:188} INFO - [2026-08-24T14:44:26.949+0000] {dag.py:3096} INFO - Sync 1 DAGs
[2026-08-24T14:44:26.978+0000] {logging_mixin.py:188} INFO - [2026-08-24T14:44:26.978+0000] {dag.py:3954} INFO - Setting next_dagrun for example_trigger_controller_dag to 2021-01-01 00:00:00+00:00, run_after=2021-01-01 00:00:00+00:00
[2026-08-24T14:44:27.003+0000] {processor.py:183} INFO - Processing /home/airflow/.local/lib/python3.12/site-packages/airflow/example_dags/example_trigger_controller_dag.py took 0.098 seconds
[2026-08-24T14:49:26.067+0000] {processor.py:161} INFO - Started process (PID=144) to work on /home/airflow/.local/lib/python3.12/site-packages/airflow/example_dags/example_trigger_controller_dag.py
[2026-08-24T14:49:26.069+0000] {processor.py:830} INFO - Processing file /home/airflow/.local/lib/python3.12/site-packages/airflow/example_dags/example_trigger_controller_dag.py for tasks to queue
[2026-08-24T14:49:26.071+0000] {logging_mixin.py:188} INFO - [2026-08-24T14:49:26.071+0000] {dagbag.py:545} INFO - Filling up the DagBag from /home/airflow/.local/lib/python3.12/site-packages/airflow/example_dags/example_trigger_controller_dag.py
[2026-08-24T14:49:26.081+0000] {processor.py:840} INFO - DAG(s) 'example_trigger_controller_dag' retrieved from /home/airflow/.local/lib/python3.12/site-packages/airflow/example_dags/example_trigger_controller_dag.py
[2026-08-24T14:49:26.216+0000] {logging_mixin.py:188} INFO - [2026-08-24T14:49:26.216+0000] {dag.py:3096} INFO - Sync 1 DAGs
[2026-08-24T14:49:26.238+0000] {logging_mixin.py:188} INFO - [2026-08-24T14:49:26.238+0000] {dag.py:3954} INFO - Setting next_dagrun for example_trigger_controller_dag to 2021-01-01 00:00:00+00:00, run_after=2021-01-01 00:00:00+00:00
[2026-08-24T14:49:26.262+0000] {processor.py:183} INFO - Processing /home/airflow/.local/lib/python3.12/site-packages/airflow/example_dags/example_trigger_controller_dag.py took 0.202 seconds
[2026-08-24T14:50:18.914+0000] {processor.py:161} INFO - Started process (PID=124) to work on /home/airflow/.local/lib/python3.12/site-packages/airflow/example_dags/example_trigger_controller_dag.py
[2026-08-24T14:50:18.916+0000] {processor.py:830} INFO - Processing file /home/airflow/.local/lib/python3.12/site-packages/airflow/example_dags/example_trigger_controller_dag.py for tasks to queue
[2026-08-24T14:50:18.920+0000] {logging_mixin.py:188} INFO - [2026-08-24T14:50:18.919+0000] {dagbag.py:545} INFO - Filling up the DagBag from /home/airflow/.local/lib/python3.12/site-packages/airflow/example_dags/example_trigger_controller_dag.py
[2026-08-24T14:50:18.927+0000] {processor.py:840} INFO - DAG(s) 'example_trigger_controller_dag' retrieved from /home/airflow/.local/lib/python3.12/site-packages/airflow/example_dags/example_trigger_controller_dag.py
[2026-08-24T14:50:18.954+0000] {logging_mixin.py:188} INFO - [2026-08-24T14:50:18.953+0000] {dag.py:3096} INFO - Sync 1 DAGs
[2026-08-24T14:50:18.982+0000] {logging_mixin.py:188} INFO - [2026-08-24T14:50:18.982+0000] {dag.py:3954} INFO - Setting next_dagrun for example_trigger_controller_dag to 2021-01-01 00:00:00+00:00, run_after=2021-01-01 00:00:00+00:00
[2026-08-24T14:50:19.012+0000] {processor.py:183} INFO - Processing /home/airflow/.local/lib/python3.12/site-packages/airflow/example_dags/example_trigger_controller_dag.py took 0.109 seconds
[2026-08-24T14:50:49.758+0000] {processor.py:161} INFO - Started process (PID=184) to work on /home/airflow/.local/lib/python3.12/site-packages/airflow/example_dags/example_trigger_controller_dag.py
[2026-08-24T14:50:49.760+0000] {processor.py:830} INFO - Processing file /home/airflow/.local/lib/python3.12/site-packages/airflow/example_dags/example_trigger_controller_dag.py for tasks to queue
[2026-08-24T14:50:49.763+0000] {logging_mixin.py:188} INFO - [2026-08-24T14:50:49.763+0000] {dagbag.py:545} INFO - Filling up the DagBag from /home/airflow/.local/lib/python3.12/site-packages/airflow/example_dags/example_trigger_controller_dag.py
[2026-08-24T14:50:49.770+0000] {processor.py:840} INFO - DAG(s) 'example_trigger_controller_dag' retrieved from /home/airflow/.local/lib/python3.12/site-packages/airflow/example_dags/example_trigger_controller_dag.py
[2026-08-24T14:50:49.800+0000] {logging_mixin.py:188} INFO - [2026-08-24T14:50:49.799+0000] {dag.py:3096} INFO - Sync 1 DAGs
[2026-08-24T14:50:49.836+0000] {logging_mixin.py:188} INFO - [2026-08-24T14:50:49.835+0000] {dag.py:3954} INFO - Setting next_dagrun for example_trigger_controller_dag to 2021-01-01 00:00:00+00:00, run_after=2021-01-01 00:00:00+00:00
[2026-08-24T14:50:49.867+0000] {processor.py:183} INFO - Processing /home/airflow/.local/lib/python3.12/site-packages/airflow/example_dags/example_trigger_controller_dag.py took 0.131 seconds
[2026-08-24T14:51:20.298+0000] {processor.py:161} INFO - Started process (PID=244) to work on /home/airflow/.local/lib/python3.12/site-packages/airflow/example_dags/example_trigger_controller_dag.py
[2026-08-24T14:51:20.299+0000] {processor.py:830} INFO - Processing file /home/airflow/.local/lib/python3.12/site-packages/airflow/example_dags/example_trigger_controller_dag.py for tasks to queue
[2026-08-24T14:51:20.302+0000] {logging_mixin.py:188} INFO - [2026-08-24T14:51:20.301+0000] {dagbag.py:545} INFO - Filling up the DagBag from /home/airflow/.local/lib/python3.12/site-packages/airflow/example_dags/example_trigger_controller_dag.py
[2026-08-24T14:51:20.308+0000] {processor.py:840} INFO - DAG(s) 'example_trigger_controller_dag' retrieved from /home/airflow/.local/lib/python3.12/site-packages/airflow/example_dags/example_trigger_controller_dag.py
[2026-08-24T14:51:20.336+0000] {logging_mixin.py:188} INFO - [2026-08-24T14:51:20.336+0000] {dag.py:3096} INFO - Sync 1 DAGs
[2026-08-24T14:51:20.369+0000] {logging_mixin.py:188} INFO - [2026-08-24T14:51:20.368+0000] {dag.py:3954} INFO - Setting next_dagrun for example_trigger_controller_dag to 2021-01-01 00:00:00+00:00, run_after=2021-01-01 00:00:00+00:00
[2026-08-24T14:51:20.393+0000] {processor.py:183} INFO - Processing /home/airflow/.local/lib/python3.12/site-packages/airflow/example_dags/example_trigger_controller_dag.py took 0.103 seconds
[2026-08-24T14:51:51.739+0000] {processor.py:161} INFO - Started process (PID=304) to work on /home/airflow/.local/lib/python3.12/site-packages/airflow/example_dags/example_trigger_controller_dag.py
[2026-08-24T14:51:51.740+0000] {processor.py:830} INFO - Processing file /home/airflow/.local/lib/python3.12/site-packages/airflow/example_dags/example_trigger_controller_dag.py for tasks to queue
[2026-08-24T14:51:51.743+0000] {logging_mixin.py:188} INFO - [2026-08-24T14:51:51.742+0000] {dagbag.py:545} INFO - Filling up the DagBag from /home/airflow/.local/lib/python3.12/site-packages/airflow/example_dags/example_trigger_controller_dag.py
[2026-08-24T14:51:51.749+0000] {processor.py:840} INFO - DAG(s) 'example_trigger_controller_dag' retrieved from /home/airflow/.local/lib/python3.12/site-packages/airflow/example_dags/example_trigger_controller_dag.py
[2026-08-24T14:51:51.774+0000] {logging_mixin.py:188} INFO - [2026-08-24T14:51:51.774+0000] {dag.py:3096} INFO - Sync 1 DAGs
[2026-08-24T14:51:51.805+0000] {logging_mixin.py:188} INFO - [2026-08-24T14:51:51.805+0000] {dag.py:3954} INFO - Setting next_dagrun for example_trigger_controller_dag to 2021-01-01 00:00:00+00:00, run_after=2021-01-01 00:00:00+00:00
[2026-08-24T14:51:51.872+0000] {processor.py:183} INFO - Processing /home/airflow/.local/lib/python3.12/site-packages/airflow/example_dags/example_trigger_controller_dag.py took 0.141 seconds
[2026-08-24T14:52:23.555+0000] {processor.py:161} INFO - Started process (PID=364) to work on /home/airflow/.local/lib/python3.12/site-packages/airflow/example_dags/example_trigger_controller_dag.py
[2026-08-24T14:52:23.557+0000] {processor.py:830} INFO - Processing file /home/airflow/.local/lib/python3.12/site-packages/airflow/example_dags/example_trigger_controller_dag.py for tasks to queue
[2026-08-24T14:52:23.559+0000] {logging_mixin.py:188} INFO - [2026-08-24T14:52:23.559+0000] {dagbag.py:545} INFO - Filling up the DagBag from /home/airflow/.local/lib/python3.12/site-packages/airflow/example_dags/example_trigger_controller_dag.py
[2026-08-24T14:52:23.568+0000] {processor.py:840} INFO - DAG(s) 'example_trigger_controller_dag' retrieved from /home/airflow/.local/lib/python3.12/site-packages/airflow/example_dags/example_trigger_controller_dag.py
[2026-08-24T14:52:23.597+0000] {logging_mixin.py:188} INFO - [2026-08-24T14:52:23.596+0000] {dag.py:3096} INFO - Sync 1 DAGs
[2026-08-24T14:52:23.631+0000] {logging_mixin.py:188} INFO - [2026-08-24T14:52:23.630+0000] {dag.py:3954} INFO - Setting next_dagrun for example_trigger_controller_dag to 2021-01-01 00:00:00+00:00, run_after=2021-01-01 00:00:00+00:00
[2026-08-24T14:52:23.806+0000] {processor.py:183} INFO - Processing /home/airflow/.local/lib/python3.12/site-packages/airflow/example_dags/example_trigger_controller_dag.py took 0.261 seconds
[2026-08-24T14:52:54.589+0000] {processor.py:161} INFO - Started process (PID=424) to work on /home/airflow/.local/lib/python3.12/site-packages/airflow/example_dags/example_trigger_controller_dag.py
[2026-08-24T14:52:54.591+0000] {processor.py:830} INFO - Processing file /home/airflow/.local/lib/python3.12/site-packages/airflow/example_dags/example_trigger_controller_dag.py for tasks to queue
[2026-08-24T14:52:54.594+0000] {logging_mixin.py:188} INFO - [2026-08-24T14:52:54.593+0000] {dagbag.py:545} INFO - Filling up the DagBag from /home/airflow/.local/lib/python3.12/site-packages/airflow/example_dags/example_trigger_controller_dag.py
[2026-08-24T14:52:54.602+0000] {processor.py:840} INFO - DAG(s) 'example_trigger_controller_dag' retrieved from /home/airflow/.local/lib/python3.12/site-packages/airflow/example_dags/example_trigger_controller_dag.py
[2026-08-24T14:52:54.639+0000] {logging_mixin.py:188} INFO - [2026-08-24T14:52:54.638+0000] {dag.py:3096} INFO - Sync 1 DAGs
[2026-08-24T14:52:54.680+0000] {logging_mixin.py:188} INFO - [2026-08-24T14:52:54.679+0000] {dag.py:3954} INFO - Setting next_dagrun for example_trigger_controller_dag to 2021-01-01 00:00:00+00:00, run_after=2021-01-01 00:00:00+00:00
[2026-08-24T14:52:54.731+0000] {processor.py:183} INFO - Processing /home/airflow/.local/lib/python3.12/site-packages/airflow/example_dags/example_trigger_controller_dag.py took 0.152 seconds
[2026-08-24T14:53:24.857+0000] {processor.py:161} INFO - Started process (PID=484) to work on /home/airflow/.local/lib/python3.12/site-packages/airflow/example_dags/example_trigger_controller_dag.py
[2026-08-24T14:53:24.858+0000] {processor.py:830} INFO - Processing file /home/airflow/.local/lib/python3.12/site-packages/airflow/example_dags/example_trigger_controller_dag.py for tasks to queue
[2026-08-24T14:53:24.861+0000] {logging_mixin.py:188} INFO - [2026-08-24T14:53:24.860+0000] {dagbag.py:545} INFO - Filling up the DagBag from /home/airflow/.local/lib/python3.12/site-packages/airflow/example_dags/example_trigger_controller_dag.py
[2026-08-24T14:53:24.868+0000] {processor.py:840} INFO - DAG(s) 'example_trigger_controller_dag' retrieved from /home/airflow/.local/lib/python3.12/site-packages/airflow/example_dags/example_trigger_controller_dag.py
[2026-08-24T14:53:24.893+0000] {logging_mixin.py:188} INFO - [2026-08-24T14:53:24.892+0000] {dag.py:3096} INFO - Sync 1 DAGs
[2026-08-24T14:53:24.920+0000] {logging_mixin.py:188} INFO - [2026-08-24T14:53:24.920+0000] {dag.py:3954} INFO - Setting next_dagrun for example_trigger_controller_dag to 2021-01-01 00:00:00+00:00, run_after=2021-01-01 00:00:00+00:00
[2026-08-24T14:53:24.945+0000] {processor.py:183} INFO - Processing /home/airflow/.local/lib/python3.12/site-packages/airflow/example_dags/example_trigger_controller_dag.py took 0.097 seconds
[2026-08-24T14:53:55.494+0000] {processor.py:161} INFO - Started process (PID=544) to work on /home/airflow/.local/lib/python3.12/site-packages/airflow/example_dags/example_trigger_controller_dag.py
[2026-08-24T14:53:55.495+0000] {processor.py:830} INFO - Processing file /home/airflow/.local/lib/python3.12/site-packages/airflow/example_dags/example_trigger_controller_dag.py for tasks to queue
[2026-08-24T14:53:55.498+0000] {logging_mixin.py:188} INFO - [2026-08-24T14:53:55.497+0000] {dagbag.py:545} INFO - Filling up the DagBag from /home/airflow/.local/lib/python3.12/site-packages/airflow/example_dags/example_trigger_controller_dag.py
[2026-08-24T14:53:55.504+0000] {processor.py:840} INFO - DAG(s) 'example_trigger_controller_dag' retrieved from /home/airflow/.local/lib/python3.12/site-packages/airflow/example_dags/example_trigger_controller_dag.py
[2026-08-24T14:53:55.526+0000] {logging_mixin.py:188} INFO - [2026-08-24T14:53:55.526+0000] {dag.py:3096} INFO - Sync 1 DAGs
[2026-08-24T14:53:55.553+0000] {logging_mixin.py:188} INFO - [2026-08-24T14:53:55.553+0000] {dag.py:3954} INFO - Setting next_dagrun for example_trigger_controller_dag to 2021-01-01 00:00:00+00:00, run_after=2021-01-01 00:00:00+00:00
[2026-08-24T14:53:55.576+0000] {processor.py:183} INFO - Processing /home/airflow/.local/lib/python3.12/site-packages/airflow/example_dags/example_trigger_controller_dag.py took 0.090 seconds
[2026-08-24T14:54:25.962+0000] {processor.py:161} INFO - Started process (PID=603) to work on /home/airflow/.local/lib/python3.12/site-packages/airflow/example_dags/example_trigger_controller_dag.py
[2026-08-24T14:54:25.964+0000] {processor.py:830} INFO - Processing file /home/airflow/.local/lib/python3.12/site-packages/airflow/example_dags/example_trigger_controller_dag.py for tasks to queue
[2026-08-24T14:54:25.966+0000] {logging_mixin.py:188} INFO - [2026-08-24T14:54:25.966+0000] {dagbag.py:545} INFO - Filling up the DagBag from /home/airflow/.local/lib/python3.12/site-packages/airflow/example_dags/example_trigger_controller_dag.py
[2026-08-24T14:54:25.972+0000] {processor.py:840} INFO - DAG(s) 'example_trigger_controller_dag' retrieved from /home/airflow/.local/lib/python3.12/site-packages/airflow/example_dags/example_trigger_controller_dag.py
[2026-08-24T14:54:25.997+0000] {logging_mixin.py:188} INFO - [2026-08-24T14:54:25.996+0000] {dag.py:3096} INFO - Sync 1 DAGs
[2026-08-24T14:54:26.025+0000] {logging_mixin.py:188} INFO - [2026-08-24T14:54:26.024+0000] {dag.py:3954} INFO - Setting next_dagrun for example_trigger_controller_dag to 2021-01-01 00:00:00+00:00, run_after=2021-01-01 00:00:00+00:00
[2026-08-24T14:54:26.049+0000] {processor.py:183} INFO - Processing /home/airflow/.local/lib/python3.12/site-packages/airflow/example_dags/example_trigger_controller_dag.py took 0.094 seconds
[2026-08-24T14:54:56.769+0000] {processor.py:161} INFO - Started process (PID=662) to work on /home/airflow/.local/lib/python3.12/site-packages/airflow/example_dags/example_trigger_controller_dag.py
[2026-08-24T14:54:56.770+0000] {processor.py:830} INFO - Processing file /home/airflow/.local/lib/python3.12/site-packages/airflow/example_dags/example_trigger_controller_dag.py for tasks to queue
[2026-08-24T14:54:56.773+0000] {logging_mixin.py:188} INFO - [2026-08-24T14:54:56.772+0000] {dagbag.py:545} INFO - Filling up the DagBag from /home/airflow/.local/lib/python3.12/site-packages/airflow/example_dags/example_trigger_controller_dag.py
[2026-08-24T14:54:56.780+0000] {processor.py:840} INFO - DAG(s) 'example_trigger_controller_dag' retrieved from /home/airflow/.local/lib/python3.12/site-packages/airflow/example_dags/example_trigger_controller_dag.py
[2026-08-24T14:54:56.808+0000] {logging_mixin.py:188} INFO - [2026-08-24T14:54:56.808+0000] {dag.py:3096} INFO - Sync 1 DAGs
[2026-08-24T14:54:56.838+0000] {logging_mixin.py:188} INFO - [2026-08-24T14:54:56.838+0000] {dag.py:3954} INFO - Setting next_dagrun for example_trigger_controller_dag to 2021-01-01 00:00:00+00:00, run_after=2021-01-01 00:00:00+00:00
[2026-08-24T14:54:56.862+0000] {processor.py:183} INFO - Processing /home/airflow/.local/lib/python3.12/site-packages/airflow/example_dags/example_trigger_controller_dag.py took 0.100 seconds
[2026-08-24T14:55:26.956+0000] {processor.py:161} INFO - Started process (PID=722) to work on /home/airflow/.local/lib/python3.12/site-packages/airflow/example_dags/example_trigger_controller_dag.py
[2026-08-24T14:55:26.957+0000] {processor.py:830} INFO - Processing file /home/airflow/.local/lib/python3.12/site-packages/airflow/example_dags/example_trigger_controller_dag.py for tasks to queue
[2026-08-24T14:55:26.960+0000] {logging_mixin.py:188} INFO - [2026-08-24T14:55:26.959+0000] {dagbag.py:545} INFO - Filling up the DagBag from /home/airflow/.local/lib/python3.12/site-packages/airflow/example_dags/example_trigger_controller_dag.py
[2026-08-24T14:55:26.968+0000] {processor.py:840} INFO - DAG(s) 'example_trigger_controller_dag' retrieved from /home/airflow/.local/lib/python3.12/site-packages/airflow/example_dags/example_trigger_controller_dag.py
[2026-08-24T14:55:26.992+0000] {logging_mixin.py:188} INFO - [2026-08-24T14:55:26.992+0000] {dag.py:3096} INFO - Sync 1 DAGs
[2026-08-24T14:55:27.020+0000] {logging_mixin.py:188} INFO - [2026-08-24T14:55:27.019+0000] {dag.py:3954} INFO - Setting next_dagrun for example_trigger_controller_dag to 2021-01-01 00:00:00+00:00, run_after=2021-01-01 00:00:00+00:00
[2026-08-24T14:55:27.043+0000] {processor.py:183} INFO - Processing /home/airflow/.local/lib/python3.12/site-packages/airflow/example_dags/example_trigger_controller_dag.py took 0.094 seconds
[2026-08-24T14:55:58.021+0000] {processor.py:161} INFO - Started process (PID=782) to work on /home/airflow/.local/lib/python3.12/site-packages/airflow/example_dags/example_trigger_controller_dag.py
[2026-08-24T14:55:58.023+0000] {processor.py:830} INFO - Processing file /home/airflow/.local/lib/python3.12/site-packages/airflow/example_dags/example_trigger_controller_dag.py for tasks to queue
[2026-08-24T14:55:58.027+0000] {logging_mixin.py:188} INFO - [2026-08-24T14:55:58.026+0000] {dagbag.py:545} INFO - Filling up the DagBag from /home/airflow/.local/lib/python3.12/site-packages/airflow/example_dags/example_trigger_controller_dag.py
[2026-08-24T14:55:58.034+0000] {processor.py:840} INFO - DAG(s) 'example_trigger_controller_dag' retrieved from /home/airflow/.local/lib/python3.12/site-packages/airflow/example_dags/example_trigger_controller_dag.py
[2026-08-24T14:55:58.069+0000] {logging_mixin.py:188} INFO - [2026-08-24T14:55:58.069+0000] {dag.py:3096} INFO - Sync 1 DAGs
[2026-08-24T14:55:58.102+0000] {logging_mixin.py:188} INFO - [2026-08-24T14:55:58.101+0000] {dag.py:3954} INFO - Setting next_dagrun for example_trigger_controller_dag to 2021-01-01 00:00:00+00:00, run_after=2021-01-01 00:00:00+00:00
[2026-08-24T14:55:58.129+0000] {processor.py:183} INFO - Processing /home/airflow/.local/lib/python3.12/site-packages/airflow/example_dags/example_trigger_controller_dag.py took 0.123 seconds
