[2026-08-24T13:51:04.172+0000] {processor.py:161} INFO - Started process (PID=111) to work on /home/airflow/.local/lib/python3.12/site-packages/airflow/example_dags/example_short_circuit_operator.py
[2026-08-24T13:51:04.173+0000] {processor.py:830} INFO - Processing file /home/airflow/.local/lib/python3.12/site-packages/airflow/example_dags/example_short_circuit_operator.py for tasks to queue
[2026-08-24T13:51:04.176+0000] {logging_mixin.py:188} INFO - [2026-08-24T13:51:04.175+0000] {dagbag.py:545} INFO - Filling up the DagBag from /home/airflow/.local/lib/python3.12/site-packages/airflow/example_dags/example_short_circuit_operator.py
[2026-08-24T13:51:04.186+0000] {processor.py:840} INFO - DAG(s) 'example_short_circuit_operator' retrieved from /home/airflow/.local/lib/python3.12/site-packages/airflow/example_dags/example_short_circuit_operator.py
[2026-08-24T13:51:04.325+0000] {logging_mixin.py:188} INFO - [2026-08-24T13:51:04.325+0000] {dag.py:3096} INFO - Sync 1 DAGs
[2026-08-24T13:51:04.351+0000] {logging_mixin.py:188} INFO - [2026-08-24T13:51:04.350+0000] {dag.py:3954} INFO - Setting next_dagrun for example_short_circuit_operator to 2026-08-23 00:00:00+00:00, run_after=2026-08-24 00:00:00+00:00
[2026-08-24T13:51:04.383+0000] {processor.py:183} INFO - Processing /home/airflow/.local/lib/python3.12/site-packages/airflow/example_dags/example_short_circuit_operator.py took 0.218 seconds
[2026-08-24T13:51:43.913+0000] {processor.py:161} INFO - Started process (PID=92) to work on /home/airflow/.local/lib/python3.12/site-packages/airflow/example_dags/example_short_circuit_operator.py
[2026-08-24T13:51:43.914+0000] {processor.py:830} INFO - Processing file /home/airflow/.local/lib/python3.12/site-packages/airflow/example_dags/example_short_circuit_operator.py for tasks to queue
[2026-08-24T13:51:43.916+0000] {logging_mixin.py:188} INFO - [2026-08-24T13:51:43.916+0000] {dagbag.py:545} INFO - Filling up the DagBag from /home/airflow/.local/lib/python3.12/site-packages/airflow/example_dags/example_short_circuit_operator.py
[2026-08-24T13:51:43.925+0000] {processor.py:840} INFO - DAG(s) 'example_short_circuit_operator' retrieved from /home/airflow/.local/lib/python3.12/site-packages/airflow/example_dags/example_short_circuit_operator.py
[2026-08-24T13:51:43.953+0000] {logging_mixin.py:188} INFO - [2026-08-24T13:51:43.952+0000] {dag.py:3096} INFO - Sync 1 DAGs
[2026-08-24T13:51:43.978+0000] {logging_mixin.py:188} INFO - [2026-08-24T13:51:43.978+0000] {dag.py:3954} INFO - Setting next_dagrun for example_short_circuit_operator to 2026-08-23 00:00:00+00:00, run_after=2026-08-24 00:00:00+00:00
[2026-08-24T13:51:44.003+0000] {processor.py:183} INFO - Processing /home/airflow/.local/lib/python3.12/site-packages/airflow/example_dags/example_short_circuit_operator.py took 0.097 seconds
[2026-08-24T13:52:14.522+0000] {processor.py:161} INFO - Started process (PID=151) to work on /home/airflow/.local/lib/python3.12/site-packages/airflow/example_dags/example_short_circuit_operator.py
[2026-08-24T13:52:14.523+0000] {processor.py:830} INFO - Processing file /home/airflow/.local/lib/python3.12/site-packages/airflow/example_dags/example_short_circuit_operator.py for tasks to queue
[2026-08-24T13:52:14.526+0000] {logging_mixin.py:188} INFO - [2026-08-24T13:52:14.525+0000] {dagbag.py:545} INFO - Filling up the DagBag from /home/airflow/.local/lib/python3.12/site-packages/airflow/example_dags/example_short_circuit_operator.py
[2026-08-24T13:52:14.534+0000] {processor.py:840} INFO - DAG(s) 'example_short_circuit_operator' retrieved from /home/airflow/.local/lib/python3.12/site-packages/airflow/example_dags/example_short_circuit_operator.py
[2026-08-24T13:52:14.564+0000] {logging_mixin.py:188} INFO - [2026-08-24T13:52:14.563+0000] {dag.py:3096} INFO - Sync 1 DAGs
[2026-08-24T13:52:14.599+0000] {logging_mixin.py:188} INFO - [2026-08-24T13:52:14.599+0000] {dag.py:3954} INFO - Setting next_dagrun for example_short_circuit_operator to 2026-08-23 00:00:00+00:00, run_after=2026-08-24 00:00:00+00:00
[2026-08-24T13:52:14.624+0000] {processor.py:183} INFO - Processing /home/airflow/.local/lib/python3.12/site-packages/airflow/example_dags/example_short_circuit_operator.py took 0.110 seconds
[2026-08-24T13:52:45.176+0000] {processor.py:161} INFO - Started process (PID=216) to work on /home/airflow/.local/lib/python3.12/site-packages/airflow/example_dags/example_short_circuit_operator.py
[2026-08-24T13:52:45.178+0000] {processor.py:830} INFO - Processing file /home/airflow/.local/lib/python3.12/site-packages/airflow/example_dags/example_short_circuit_operator.py for tasks to queue
[2026-08-24T13:52:45.181+0000] {logging_mixin.py:188} INFO - [2026-08-24T13:52:45.181+0000] {dagbag.py:545} INFO - Filling up the DagBag from /home/airflow/.local/lib/python3.12/site-packages/airflow/example_dags/example_short_circuit_operator.py
[2026-08-24T13:52:45.192+0000] {processor.py:840} INFO - DAG(s) 'example_short_circuit_operator' retrieved from /home/airflow/.local/lib/python3.12/site-packages/airflow/example_dags/example_short_circuit_operator.py
[2026-08-24T13:52:45.222+0000] {logging_mixin.py:188} INFO - [2026-08-24T13:52:45.222+0000] {dag.py:3096} INFO - Sync 1 DAGs
[2026-08-24T13:52:45.252+0000] {logging_mixin.py:188} INFO - [2026-08-24T13:52:45.252+0000] {dag.py:3954} INFO - Setting next_dagrun for example_short_circuit_operator to 2026-08-23 00:00:00+00:00, run_after=2026-08-24 00:00:00+00:00
[2026-08-24T13:52:45.276+0000] {processor.py:183} INFO - Processing /home/airflow/.local/lib/python3.12/site-packages/airflow/example_dags/example_short_circuit_operator.py took 0.107 seconds
[2026-08-24T13:53:16.002+0000] {processor.py:161} INFO - Started process (PID=275) to work on /home/airflow/.local/lib/python3.12/site-packages/airflow/example_dags/example_short_circuit_operator.py
[2026-08-24T13:53:16.004+0000] {processor.py:830} INFO - Processing file /home/airflow/.local/lib/python3.12/site-packages/airflow/example_dags/example_short_circuit_operator.py for tasks to queue
[2026-08-24T13:53:16.007+0000] {logging_mixin.py:188} INFO - [2026-08-24T13:53:16.006+0000] {dagbag.py:545} INFO - Filling up the DagBag from /home/airflow/.local/lib/python3.12/site-packages/airflow/example_dags/example_short_circuit_operator.py
[2026-08-24T13:53:16.019+0000] {processor.py:840} INFO - DAG(s) 'example_short_circuit_operator' retrieved from /home/airflow/.local/lib/python3.12/site-packages/airflow/example_dags/example_short_circuit_operator.py
[2026-08-24T13:53:16.048+0000] {logging_mixin.py:188} INFO - [2026-08-24T13:53:16.048+0000] {dag.py:3096} INFO - Sync 1 DAGs
[2026-08-24T13:53:16.076+0000] {logging_mixin.py:188} INFO - [2026-08-24T13:53:16.076+0000] {dag.py:3954} INFO - Setting next_dagrun for example_short_circuit_operator to 2026-08-23 00:00:00+00:00, run_after=2026-08-24 00:00:00+00:00
[2026-08-24T13:53:16.104+0000] {processor.py:183} INFO - Processing /home/airflow/.local/lib/python3.12/site-packages/airflow/example_dags/example_short_circuit_operator.py took 0.109 seconds
[2026-08-24T13:53:46.687+0000] {processor.py:161} INFO - Started process (PID=334) to work on /home/airflow/.local/lib/python3.12/site-packages/airflow/example_dags/example_short_circuit_operator.py
[2026-08-24T13:53:46.689+0000] {processor.py:830} INFO - Processing file /home/airflow/.local/lib/python3.12/site-packages/airflow/example_dags/example_short_circuit_operator.py for tasks to queue
[2026-08-24T13:53:46.694+0000] {logging_mixin.py:188} INFO - [2026-08-24T13:53:46.693+0000] {dagbag.py:545} INFO - Filling up the DagBag from /home/airflow/.local/lib/python3.12/site-packages/airflow/example_dags/example_short_circuit_operator.py
[2026-08-24T13:53:46.704+0000] {processor.py:840} INFO - DAG(s) 'example_short_circuit_operator' retrieved from /home/airflow/.local/lib/python3.12/site-packages/airflow/example_dags/example_short_circuit_operator.py
[2026-08-24T13:53:46.731+0000] {logging_mixin.py:188} INFO - [2026-08-24T13:53:46.730+0000] {dag.py:3096} INFO - Sync 1 DAGs
[2026-08-24T13:53:46.760+0000] {logging_mixin.py:188} INFO - [2026-08-24T13:53:46.760+0000] {dag.py:3954} INFO - Setting next_dagrun for example_short_circuit_operator to 2026-08-23 00:00:00+00:00, run_after=2026-08-24 00:00:00+00:00
[2026-08-24T13:53:46.782+0000] {processor.py:183} INFO - Processing /home/airflow/.local/lib/python3.12/site-packages/airflow/example_dags/example_short_circuit_operator.py took 0.104 seconds
[2026-08-24T13:54:17.234+0000] {processor.py:161} INFO - Started process (PID=393) to work on /home/airflow/.local/lib/python3.12/site-packages/airflow/example_dags/example_short_circuit_operator.py
[2026-08-24T13:54:17.236+0000] {processor.py:830} INFO - Processing file /home/airflow/.local/lib/python3.12/site-packages/airflow/example_dags/example_short_circuit_operator.py for tasks to queue
[2026-08-24T13:54:17.239+0000] {logging_mixin.py:188} INFO - [2026-08-24T13:54:17.239+0000] {dagbag.py:545} INFO - Filling up the DagBag from /home/airflow/.local/lib/python3.12/site-packages/airflow/example_dags/example_short_circuit_operator.py
[2026-08-24T13:54:17.248+0000] {processor.py:840} INFO - DAG(s) 'example_short_circuit_operator' retrieved from /home/airflow/.local/lib/python3.12/site-packages/airflow/example_dags/example_short_circuit_operator.py
[2026-08-24T13:54:17.277+0000] {logging_mixin.py:188} INFO - [2026-08-24T13:54:17.277+0000] {dag.py:3096} INFO - Sync 1 DAGs
[2026-08-24T13:54:17.307+0000] {logging_mixin.py:188} INFO - [2026-08-24T13:54:17.307+0000] {dag.py:3954} INFO - Setting next_dagrun for example_short_circuit_operator to 2026-08-23 00:00:00+00:00, run_after=2026-08-24 00:00:00+00:00
[2026-08-24T13:54:17.332+0000] {processor.py:183} INFO - Processing /home/airflow/.local/lib/python3.12/site-packages/airflow/example_dags/example_short_circuit_operator.py took 0.105 seconds
[2026-08-24T13:54:48.132+0000] {processor.py:161} INFO - Started process (PID=452) to work on /home/airflow/.local/lib/python3.12/site-packages/airflow/example_dags/example_short_circuit_operator.py
[2026-08-24T13:54:48.133+0000] {processor.py:830} INFO - Processing file /home/airflow/.local/lib/python3.12/site-packages/airflow/example_dags/example_short_circuit_operator.py for tasks to queue
[2026-08-24T13:54:48.136+0000] {logging_mixin.py:188} INFO - [2026-08-24T13:54:48.135+0000] {dagbag.py:545} INFO - Filling up the DagBag from /home/airflow/.local/lib/python3.12/site-packages/airflow/example_dags/example_short_circuit_operator.py
[2026-08-24T13:54:48.149+0000] {processor.py:840} INFO - DAG(s) 'example_short_circuit_operator' retrieved from /home/airflow/.local/lib/python3.12/site-packages/airflow/example_dags/example_short_circuit_operator.py
[2026-08-24T13:54:48.162+0000] {logging_mixin.py:188} INFO - [2026-08-24T13:54:48.162+0000] {dag.py:3096} INFO - Sync 1 DAGs
[2026-08-24T13:54:48.190+0000] {logging_mixin.py:188} INFO - [2026-08-24T13:54:48.190+0000] {dag.py:3954} INFO - Setting next_dagrun for example_short_circuit_operator to 2026-08-23 00:00:00+00:00, run_after=2026-08-24 00:00:00+00:00
[2026-08-24T13:54:48.216+0000] {processor.py:183} INFO - Processing /home/airflow/.local/lib/python3.12/site-packages/airflow/example_dags/example_short_circuit_operator.py took 0.094 seconds
[2026-08-24T13:55:23.589+0000] {processor.py:161} INFO - Started process (PID=511) to work on /home/airflow/.local/lib/python3.12/site-packages/airflow/example_dags/example_short_circuit_operator.py
[2026-08-24T13:55:23.590+0000] {processor.py:830} INFO - Processing file /home/airflow/.local/lib/python3.12/site-packages/airflow/example_dags/example_short_circuit_operator.py for tasks to queue
[2026-08-24T13:55:23.595+0000] {logging_mixin.py:188} INFO - [2026-08-24T13:55:23.594+0000] {dagbag.py:545} INFO - Filling up the DagBag from /home/airflow/.local/lib/python3.12/site-packages/airflow/example_dags/example_short_circuit_operator.py
[2026-08-24T13:55:23.607+0000] {processor.py:840} INFO - DAG(s) 'example_short_circuit_operator' retrieved from /home/airflow/.local/lib/python3.12/site-packages/airflow/example_dags/example_short_circuit_operator.py
[2026-08-24T13:55:23.745+0000] {logging_mixin.py:188} INFO - [2026-08-24T13:55:23.745+0000] {dag.py:3096} INFO - Sync 1 DAGs
[2026-08-24T13:55:23.768+0000] {logging_mixin.py:188} INFO - [2026-08-24T13:55:23.768+0000] {dag.py:3954} INFO - Setting next_dagrun for example_short_circuit_operator to 2026-08-23 00:00:00+00:00, run_after=2026-08-24 00:00:00+00:00
[2026-08-24T13:55:23.790+0000] {processor.py:183} INFO - Processing /home/airflow/.local/lib/python3.12/site-packages/airflow/example_dags/example_short_circuit_operator.py took 0.210 seconds
[2026-08-24T13:55:54.273+0000] {processor.py:161} INFO - Started process (PID=570) to work on /home/airflow/.local/lib/python3.12/site-packages/airflow/example_dags/example_short_circuit_operator.py
[2026-08-24T13:55:54.275+0000] {processor.py:830} INFO - Processing file /home/airflow/.local/lib/python3.12/site-packages/airflow/example_dags/example_short_circuit_operator.py for tasks to queue
[2026-08-24T13:55:54.278+0000] {logging_mixin.py:188} INFO - [2026-08-24T13:55:54.278+0000] {dagbag.py:545} INFO - Filling up the DagBag from /home/airflow/.local/lib/python3.12/site-packages/airflow/example_dags/example_short_circuit_operator.py
[2026-08-24T13:55:54.291+0000] {processor.py:840} INFO - DAG(s) 'example_short_circuit_operator' retrieved from /home/airflow/.local/lib/python3.12/site-packages/airflow/example_dags/example_short_circuit_operator.py
[2026-08-24T13:55:54.329+0000] {logging_mixin.py:188} INFO - [2026-08-24T13:55:54.328+0000] {dag.py:3096} INFO - Sync 1 DAGs
[2026-08-24T13:55:54.365+0000] {logging_mixin.py:188} INFO - [2026-08-24T13:55:54.364+0000] {dag.py:3954} INFO - Setting next_dagrun for example_short_circuit_operator to 2026-08-23 00:00:00+00:00, run_after=2026-08-24 00:00:00+00:00
[2026-08-24T13:55:54.398+0000] {processor.py:183} INFO - Processing /home/airflow/.local/lib/python3.12/site-packages/airflow/example_dags/example_short_circuit_operator.py took 0.135 seconds
[2026-08-24T13:56:24.476+0000] {processor.py:161} INFO - Started process (PID=629) to work on /home/airflow/.local/lib/python3.12/site-packages/airflow/example_dags/example_short_circuit_operator.py
[2026-08-24T13:56:24.477+0000] {processor.py:830} INFO - Processing file /home/airflow/.local/lib/python3.12/site-packages/airflow/example_dags/example_short_circuit_operator.py for tasks to queue
[2026-08-24T13:56:24.481+0000] {logging_mixin.py:188} INFO - [2026-08-24T13:56:24.480+0000] {dagbag.py:545} INFO - Filling up the DagBag from /home/airflow/.local/lib/python3.12/site-packages/airflow/example_dags/example_short_circuit_operator.py
[2026-08-24T13:56:24.494+0000] {processor.py:840} INFO - DAG(s) 'example_short_circuit_operator' retrieved from /home/airflow/.local/lib/python3.12/site-packages/airflow/example_dags/example_short_circuit_operator.py
[2026-08-24T13:56:24.539+0000] {logging_mixin.py:188} INFO - [2026-08-24T13:56:24.539+0000] {dag.py:3096} INFO - Sync 1 DAGs
[2026-08-24T13:56:24.582+0000] {logging_mixin.py:188} INFO - [2026-08-24T13:56:24.582+0000] {dag.py:3954} INFO - Setting next_dagrun for example_short_circuit_operator to 2026-08-23 00:00:00+00:00, run_after=2026-08-24 00:00:00+00:00
[2026-08-24T13:56:24.614+0000] {processor.py:183} INFO - Processing /home/airflow/.local/lib/python3.12/site-packages/airflow/example_dags/example_short_circuit_operator.py took 0.151 seconds
[2026-08-24T13:56:54.979+0000] {processor.py:161} INFO - Started process (PID=688) to work on /home/airflow/.local/lib/python3.12/site-packages/airflow/example_dags/example_short_circuit_operator.py
[2026-08-24T13:56:54.982+0000] {processor.py:830} INFO - Processing file /home/airflow/.local/lib/python3.12/site-packages/airflow/example_dags/example_short_circuit_operator.py for tasks to queue
[2026-08-24T13:56:54.986+0000] {logging_mixin.py:188} INFO - [2026-08-24T13:56:54.985+0000] {dagbag.py:545} INFO - Filling up the DagBag from /home/airflow/.local/lib/python3.12/site-packages/airflow/example_dags/example_short_circuit_operator.py
[2026-08-24T13:56:54.997+0000] {processor.py:840} INFO - DAG(s) 'example_short_circuit_operator' retrieved from /home/airflow/.local/lib/python3.12/site-packages/airflow/example_dags/example_short_circuit_operator.py
[2026-08-24T13:56:55.037+0000] {logging_mixin.py:188} INFO - [2026-08-24T13:56:55.036+0000] {dag.py:3096} INFO - Sync 1 DAGs
[2026-08-24T13:56:55.076+0000] {logging_mixin.py:188} INFO - [2026-08-24T13:56:55.076+0000] {dag.py:3954} INFO - Setting next_dagrun for example_short_circuit_operator to 2026-08-23 00:00:00+00:00, run_after=2026-08-24 00:00:00+00:00
[2026-08-24T13:56:55.107+0000] {processor.py:183} INFO - Processing /home/airflow/.local/lib/python3.12/site-packages/airflow/example_dags/example_short_circuit_operator.py took 0.141 seconds
[2026-08-24T13:57:25.538+0000] {processor.py:161} INFO - Started process (PID=748) to work on /home/airflow/.local/lib/python3.12/site-packages/airflow/example_dags/example_short_circuit_operator.py
[2026-08-24T13:57:25.539+0000] {processor.py:830} INFO - Processing file /home/airflow/.local/lib/python3.12/site-packages/airflow/example_dags/example_short_circuit_operator.py for tasks to queue
[2026-08-24T13:57:25.542+0000] {logging_mixin.py:188} INFO - [2026-08-24T13:57:25.541+0000] {dagbag.py:545} INFO - Filling up the DagBag from /home/airflow/.local/lib/python3.12/site-packages/airflow/example_dags/example_short_circuit_operator.py
[2026-08-24T13:57:25.551+0000] {processor.py:840} INFO - DAG(s) 'example_short_circuit_operator' retrieved from /home/airflow/.local/lib/python3.12/site-packages/airflow/example_dags/example_short_circuit_operator.py
[2026-08-24T13:57:25.579+0000] {logging_mixin.py:188} INFO - [2026-08-24T13:57:25.579+0000] {dag.py:3096} INFO - Sync 1 DAGs
[2026-08-24T13:57:25.606+0000] {logging_mixin.py:188} INFO - [2026-08-24T13:57:25.605+0000] {dag.py:3954} INFO - Setting next_dagrun for example_short_circuit_operator to 2026-08-23 00:00:00+00:00, run_after=2026-08-24 00:00:00+00:00
[2026-08-24T13:57:25.634+0000] {processor.py:183} INFO - Processing /home/airflow/.local/lib/python3.12/site-packages/airflow/example_dags/example_short_circuit_operator.py took 0.103 seconds
[2026-08-24T13:57:56.331+0000] {processor.py:161} INFO - Started process (PID=807) to work on /home/airflow/.local/lib/python3.12/site-packages/airflow/example_dags/example_short_circuit_operator.py
[2026-08-24T13:57:56.333+0000] {processor.py:830} INFO - Processing file /home/airflow/.local/lib/python3.12/site-packages/airflow/example_dags/example_short_circuit_operator.py for tasks to queue
[2026-08-24T13:57:56.338+0000] {logging_mixin.py:188} INFO - [2026-08-24T13:57:56.337+0000] {dagbag.py:545} INFO - Filling up the DagBag from /home/airflow/.local/lib/python3.12/site-packages/airflow/example_dags/example_short_circuit_operator.py
[2026-08-24T13:57:56.354+0000] {processor.py:840} INFO - DAG(s) 'example_short_circuit_operator' retrieved from /home/airflow/.local/lib/python3.12/site-packages/airflow/example_dags/example_short_circuit_operator.py
[2026-08-24T13:57:56.407+0000] {logging_mixin.py:188} INFO - [2026-08-24T13:57:56.406+0000] {dag.py:3096} INFO - Sync 1 DAGs
[2026-08-24T13:57:56.445+0000] {logging_mixin.py:188} INFO - [2026-08-24T13:57:56.445+0000] {dag.py:3954} INFO - Setting next_dagrun for example_short_circuit_operator to 2026-08-23 00:00:00+00:00, run_after=2026-08-24 00:00:00+00:00
[2026-08-24T13:57:56.571+0000] {processor.py:183} INFO - Processing /home/airflow/.local/lib/python3.12/site-packages/airflow/example_dags/example_short_circuit_operator.py took 0.251 seconds
[2026-08-24T13:58:26.772+0000] {processor.py:161} INFO - Started process (PID=867) to work on /home/airflow/.local/lib/python3.12/site-packages/airflow/example_dags/example_short_circuit_operator.py
[2026-08-24T13:58:26.774+0000] {processor.py:830} INFO - Processing file /home/airflow/.local/lib/python3.12/site-packages/airflow/example_dags/example_short_circuit_operator.py for tasks to queue
[2026-08-24T13:58:26.776+0000] {logging_mixin.py:188} INFO - [2026-08-24T13:58:26.776+0000] {dagbag.py:545} INFO - Filling up the DagBag from /home/airflow/.local/lib/python3.12/site-packages/airflow/example_dags/example_short_circuit_operator.py
[2026-08-24T13:58:26.790+0000] {processor.py:840} INFO - DAG(s) 'example_short_circuit_operator' retrieved from /home/airflow/.local/lib/python3.12/site-packages/airflow/example_dags/example_short_circuit_operator.py
[2026-08-24T13:58:26.825+0000] {logging_mixin.py:188} INFO - [2026-08-24T13:58:26.825+0000] {dag.py:3096} INFO - Sync 1 DAGs
[2026-08-24T13:58:26.862+0000] {logging_mixin.py:188} INFO - [2026-08-24T13:58:26.861+0000] {dag.py:3954} INFO - Setting next_dagrun for example_short_circuit_operator to 2026-08-23 00:00:00+00:00, run_after=2026-08-24 00:00:00+00:00
[2026-08-24T13:58:26.893+0000] {processor.py:183} INFO - Processing /home/airflow/.local/lib/python3.12/site-packages/airflow/example_dags/example_short_circuit_operator.py took 0.128 seconds
[2026-08-24T13:58:57.701+0000] {processor.py:161} INFO - Started process (PID=926) to work on /home/airflow/.local/lib/python3.12/site-packages/airflow/example_dags/example_short_circuit_operator.py
[2026-08-24T13:58:57.702+0000] {processor.py:830} INFO - Processing file /home/airflow/.local/lib/python3.12/site-packages/airflow/example_dags/example_short_circuit_operator.py for tasks to queue
[2026-08-24T13:58:57.705+0000] {logging_mixin.py:188} INFO - [2026-08-24T13:58:57.705+0000] {dagbag.py:545} INFO - Filling up the DagBag from /home/airflow/.local/lib/python3.12/site-packages/airflow/example_dags/example_short_circuit_operator.py
[2026-08-24T13:58:57.715+0000] {processor.py:840} INFO - DAG(s) 'example_short_circuit_operator' retrieved from /home/airflow/.local/lib/python3.12/site-packages/airflow/example_dags/example_short_circuit_operator.py
[2026-08-24T13:58:57.748+0000] {logging_mixin.py:188} INFO - [2026-08-24T13:58:57.748+0000] {dag.py:3096} INFO - Sync 1 DAGs
[2026-08-24T13:58:57.779+0000] {logging_mixin.py:188} INFO - [2026-08-24T13:58:57.779+0000] {dag.py:3954} INFO - Setting next_dagrun for example_short_circuit_operator to 2026-08-23 00:00:00+00:00, run_after=2026-08-24 00:00:00+00:00
[2026-08-24T13:58:57.814+0000] {processor.py:183} INFO - Processing /home/airflow/.local/lib/python3.12/site-packages/airflow/example_dags/example_short_circuit_operator.py took 0.120 seconds
[2026-08-24T14:00:37.908+0000] {processor.py:161} INFO - Started process (PID=110) to work on /home/airflow/.local/lib/python3.12/site-packages/airflow/example_dags/example_short_circuit_operator.py
[2026-08-24T14:00:37.909+0000] {processor.py:830} INFO - Processing file /home/airflow/.local/lib/python3.12/site-packages/airflow/example_dags/example_short_circuit_operator.py for tasks to queue
[2026-08-24T14:00:37.912+0000] {logging_mixin.py:188} INFO - [2026-08-24T14:00:37.911+0000] {dagbag.py:545} INFO - Filling up the DagBag from /home/airflow/.local/lib/python3.12/site-packages/airflow/example_dags/example_short_circuit_operator.py
[2026-08-24T14:00:37.922+0000] {processor.py:840} INFO - DAG(s) 'example_short_circuit_operator' retrieved from /home/airflow/.local/lib/python3.12/site-packages/airflow/example_dags/example_short_circuit_operator.py
[2026-08-24T14:00:38.068+0000] {logging_mixin.py:188} INFO - [2026-08-24T14:00:38.068+0000] {dag.py:3096} INFO - Sync 1 DAGs
[2026-08-24T14:00:38.100+0000] {logging_mixin.py:188} INFO - [2026-08-24T14:00:38.099+0000] {dag.py:3954} INFO - Setting next_dagrun for example_short_circuit_operator to 2026-08-23 00:00:00+00:00, run_after=2026-08-24 00:00:00+00:00
[2026-08-24T14:00:38.130+0000] {processor.py:183} INFO - Processing /home/airflow/.local/lib/python3.12/site-packages/airflow/example_dags/example_short_circuit_operator.py took 0.230 seconds
[2026-08-24T14:01:08.278+0000] {processor.py:161} INFO - Started process (PID=169) to work on /home/airflow/.local/lib/python3.12/site-packages/airflow/example_dags/example_short_circuit_operator.py
[2026-08-24T14:01:08.279+0000] {processor.py:830} INFO - Processing file /home/airflow/.local/lib/python3.12/site-packages/airflow/example_dags/example_short_circuit_operator.py for tasks to queue
[2026-08-24T14:01:08.282+0000] {logging_mixin.py:188} INFO - [2026-08-24T14:01:08.281+0000] {dagbag.py:545} INFO - Filling up the DagBag from /home/airflow/.local/lib/python3.12/site-packages/airflow/example_dags/example_short_circuit_operator.py
[2026-08-24T14:01:08.291+0000] {processor.py:840} INFO - DAG(s) 'example_short_circuit_operator' retrieved from /home/airflow/.local/lib/python3.12/site-packages/airflow/example_dags/example_short_circuit_operator.py
[2026-08-24T14:01:08.319+0000] {logging_mixin.py:188} INFO - [2026-08-24T14:01:08.318+0000] {dag.py:3096} INFO - Sync 1 DAGs
[2026-08-24T14:01:08.348+0000] {logging_mixin.py:188} INFO - [2026-08-24T14:01:08.347+0000] {dag.py:3954} INFO - Setting next_dagrun for example_short_circuit_operator to 2026-08-23 00:00:00+00:00, run_after=2026-08-24 00:00:00+00:00
[2026-08-24T14:01:08.373+0000] {processor.py:183} INFO - Processing /home/airflow/.local/lib/python3.12/site-packages/airflow/example_dags/example_short_circuit_operator.py took 0.103 seconds
[2026-08-24T14:01:38.626+0000] {processor.py:161} INFO - Started process (PID=228) to work on /home/airflow/.local/lib/python3.12/site-packages/airflow/example_dags/example_short_circuit_operator.py
[2026-08-24T14:01:38.628+0000] {processor.py:830} INFO - Processing file /home/airflow/.local/lib/python3.12/site-packages/airflow/example_dags/example_short_circuit_operator.py for tasks to queue
[2026-08-24T14:01:38.632+0000] {logging_mixin.py:188} INFO - [2026-08-24T14:01:38.631+0000] {dagbag.py:545} INFO - Filling up the DagBag from /home/airflow/.local/lib/python3.12/site-packages/airflow/example_dags/example_short_circuit_operator.py
[2026-08-24T14:01:38.643+0000] {processor.py:840} INFO - DAG(s) 'example_short_circuit_operator' retrieved from /home/airflow/.local/lib/python3.12/site-packages/airflow/example_dags/example_short_circuit_operator.py
[2026-08-24T14:01:38.673+0000] {logging_mixin.py:188} INFO - [2026-08-24T14:01:38.673+0000] {dag.py:3096} INFO - Sync 1 DAGs
[2026-08-24T14:01:38.700+0000] {logging_mixin.py:188} INFO - [2026-08-24T14:01:38.700+0000] {dag.py:3954} INFO - Setting next_dagrun for example_short_circuit_operator to 2026-08-23 00:00:00+00:00, run_after=2026-08-24 00:00:00+00:00
[2026-08-24T14:01:38.726+0000] {processor.py:183} INFO - Processing /home/airflow/.local/lib/python3.12/site-packages/airflow/example_dags/example_short_circuit_operator.py took 0.109 seconds
[2026-08-24T14:02:09.128+0000] {processor.py:161} INFO - Started process (PID=287) to work on /home/airflow/.local/lib/python3.12/site-packages/airflow/example_dags/example_short_circuit_operator.py
[2026-08-24T14:02:09.129+0000] {processor.py:830} INFO - Processing file /home/airflow/.local/lib/python3.12/site-packages/airflow/example_dags/example_short_circuit_operator.py for tasks to queue
[2026-08-24T14:02:09.132+0000] {logging_mixin.py:188} INFO - [2026-08-24T14:02:09.131+0000] {dagbag.py:545} INFO - Filling up the DagBag from /home/airflow/.local/lib/python3.12/site-packages/airflow/example_dags/example_short_circuit_operator.py
[2026-08-24T14:02:09.140+0000] {processor.py:840} INFO - DAG(s) 'example_short_circuit_operator' retrieved from /home/airflow/.local/lib/python3.12/site-packages/airflow/example_dags/example_short_circuit_operator.py
[2026-08-24T14:02:09.168+0000] {logging_mixin.py:188} INFO - [2026-08-24T14:02:09.167+0000] {dag.py:3096} INFO - Sync 1 DAGs
[2026-08-24T14:02:09.194+0000] {logging_mixin.py:188} INFO - [2026-08-24T14:02:09.193+0000] {dag.py:3954} INFO - Setting next_dagrun for example_short_circuit_operator to 2026-08-23 00:00:00+00:00, run_after=2026-08-24 00:00:00+00:00
[2026-08-24T14:02:09.215+0000] {processor.py:183} INFO - Processing /home/airflow/.local/lib/python3.12/site-packages/airflow/example_dags/example_short_circuit_operator.py took 0.095 seconds
[2026-08-24T14:02:39.339+0000] {processor.py:161} INFO - Started process (PID=347) to work on /home/airflow/.local/lib/python3.12/site-packages/airflow/example_dags/example_short_circuit_operator.py
[2026-08-24T14:02:39.341+0000] {processor.py:830} INFO - Processing file /home/airflow/.local/lib/python3.12/site-packages/airflow/example_dags/example_short_circuit_operator.py for tasks to queue
[2026-08-24T14:02:39.343+0000] {logging_mixin.py:188} INFO - [2026-08-24T14:02:39.343+0000] {dagbag.py:545} INFO - Filling up the DagBag from /home/airflow/.local/lib/python3.12/site-packages/airflow/example_dags/example_short_circuit_operator.py
[2026-08-24T14:02:39.353+0000] {processor.py:840} INFO - DAG(s) 'example_short_circuit_operator' retrieved from /home/airflow/.local/lib/python3.12/site-packages/airflow/example_dags/example_short_circuit_operator.py
[2026-08-24T14:02:39.383+0000] {logging_mixin.py:188} INFO - [2026-08-24T14:02:39.383+0000] {dag.py:3096} INFO - Sync 1 DAGs
[2026-08-24T14:02:39.412+0000] {logging_mixin.py:188} INFO - [2026-08-24T14:02:39.412+0000] {dag.py:3954} INFO - Setting next_dagrun for example_short_circuit_operator to 2026-08-23 00:00:00+00:00, run_after=2026-08-24 00:00:00+00:00
[2026-08-24T14:02:39.436+0000] {processor.py:183} INFO - Processing /home/airflow/.local/lib/python3.12/site-packages/airflow/example_dags/example_short_circuit_operator.py took 0.104 seconds
[2026-08-24T14:03:10.104+0000] {processor.py:161} INFO - Started process (PID=406) to work on /home/airflow/.local/lib/python3.12/site-packages/airflow/example_dags/example_short_circuit_operator.py
[2026-08-24T14:03:10.106+0000] {processor.py:830} INFO - Processing file /home/airflow/.local/lib/python3.12/site-packages/airflow/example_dags/example_short_circuit_operator.py for tasks to queue
[2026-08-24T14:03:10.115+0000] {logging_mixin.py:188} INFO - [2026-08-24T14:03:10.114+0000] {dagbag.py:545} INFO - Filling up the DagBag from /home/airflow/.local/lib/python3.12/site-packages/airflow/example_dags/example_short_circuit_operator.py
[2026-08-24T14:03:10.170+0000] {processor.py:840} INFO - DAG(s) 'example_short_circuit_operator' retrieved from /home/airflow/.local/lib/python3.12/site-packages/airflow/example_dags/example_short_circuit_operator.py
[2026-08-24T14:03:10.264+0000] {logging_mixin.py:188} INFO - [2026-08-24T14:03:10.264+0000] {dag.py:3096} INFO - Sync 1 DAGs
[2026-08-24T14:03:10.484+0000] {logging_mixin.py:188} INFO - [2026-08-24T14:03:10.484+0000] {dag.py:3954} INFO - Setting next_dagrun for example_short_circuit_operator to 2026-08-23 00:00:00+00:00, run_after=2026-08-24 00:00:00+00:00
[2026-08-24T14:03:10.574+0000] {processor.py:183} INFO - Processing /home/airflow/.local/lib/python3.12/site-packages/airflow/example_dags/example_short_circuit_operator.py took 0.503 seconds
[2026-08-24T14:07:41.348+0000] {processor.py:161} INFO - Started process (PID=116) to work on /home/airflow/.local/lib/python3.12/site-packages/airflow/example_dags/example_short_circuit_operator.py
[2026-08-24T14:07:41.350+0000] {processor.py:830} INFO - Processing file /home/airflow/.local/lib/python3.12/site-packages/airflow/example_dags/example_short_circuit_operator.py for tasks to queue
[2026-08-24T14:07:41.353+0000] {logging_mixin.py:188} INFO - [2026-08-24T14:07:41.352+0000] {dagbag.py:545} INFO - Filling up the DagBag from /home/airflow/.local/lib/python3.12/site-packages/airflow/example_dags/example_short_circuit_operator.py
[2026-08-24T14:07:41.368+0000] {processor.py:840} INFO - DAG(s) 'example_short_circuit_operator' retrieved from /home/airflow/.local/lib/python3.12/site-packages/airflow/example_dags/example_short_circuit_operator.py
[2026-08-24T14:07:41.539+0000] {logging_mixin.py:188} INFO - [2026-08-24T14:07:41.539+0000] {dag.py:3096} INFO - Sync 1 DAGs
[2026-08-24T14:07:41.571+0000] {logging_mixin.py:188} INFO - [2026-08-24T14:07:41.571+0000] {dag.py:3954} INFO - Setting next_dagrun for example_short_circuit_operator to 2026-08-23 00:00:00+00:00, run_after=2026-08-24 00:00:00+00:00
[2026-08-24T14:07:41.607+0000] {processor.py:183} INFO - Processing /home/airflow/.local/lib/python3.12/site-packages/airflow/example_dags/example_short_circuit_operator.py took 0.269 seconds
[2026-08-24T14:08:12.507+0000] {processor.py:161} INFO - Started process (PID=175) to work on /home/airflow/.local/lib/python3.12/site-packages/airflow/example_dags/example_short_circuit_operator.py
[2026-08-24T14:08:12.508+0000] {processor.py:830} INFO - Processing file /home/airflow/.local/lib/python3.12/site-packages/airflow/example_dags/example_short_circuit_operator.py for tasks to queue
[2026-08-24T14:08:12.512+0000] {logging_mixin.py:188} INFO - [2026-08-24T14:08:12.511+0000] {dagbag.py:545} INFO - Filling up the DagBag from /home/airflow/.local/lib/python3.12/site-packages/airflow/example_dags/example_short_circuit_operator.py
[2026-08-24T14:08:12.528+0000] {processor.py:840} INFO - DAG(s) 'example_short_circuit_operator' retrieved from /home/airflow/.local/lib/python3.12/site-packages/airflow/example_dags/example_short_circuit_operator.py
[2026-08-24T14:08:12.560+0000] {logging_mixin.py:188} INFO - [2026-08-24T14:08:12.560+0000] {dag.py:3096} INFO - Sync 1 DAGs
[2026-08-24T14:08:12.602+0000] {logging_mixin.py:188} INFO - [2026-08-24T14:08:12.601+0000] {dag.py:3954} INFO - Setting next_dagrun for example_short_circuit_operator to 2026-08-23 00:00:00+00:00, run_after=2026-08-24 00:00:00+00:00
[2026-08-24T14:08:12.638+0000] {processor.py:183} INFO - Processing /home/airflow/.local/lib/python3.12/site-packages/airflow/example_dags/example_short_circuit_operator.py took 0.143 seconds
[2026-08-24T14:08:43.089+0000] {processor.py:161} INFO - Started process (PID=234) to work on /home/airflow/.local/lib/python3.12/site-packages/airflow/example_dags/example_short_circuit_operator.py
[2026-08-24T14:08:43.091+0000] {processor.py:830} INFO - Processing file /home/airflow/.local/lib/python3.12/site-packages/airflow/example_dags/example_short_circuit_operator.py for tasks to queue
[2026-08-24T14:08:43.094+0000] {logging_mixin.py:188} INFO - [2026-08-24T14:08:43.093+0000] {dagbag.py:545} INFO - Filling up the DagBag from /home/airflow/.local/lib/python3.12/site-packages/airflow/example_dags/example_short_circuit_operator.py
[2026-08-24T14:08:43.104+0000] {processor.py:840} INFO - DAG(s) 'example_short_circuit_operator' retrieved from /home/airflow/.local/lib/python3.12/site-packages/airflow/example_dags/example_short_circuit_operator.py
[2026-08-24T14:08:43.133+0000] {logging_mixin.py:188} INFO - [2026-08-24T14:08:43.133+0000] {dag.py:3096} INFO - Sync 1 DAGs
[2026-08-24T14:08:43.161+0000] {logging_mixin.py:188} INFO - [2026-08-24T14:08:43.160+0000] {dag.py:3954} INFO - Setting next_dagrun for example_short_circuit_operator to 2026-08-23 00:00:00+00:00, run_after=2026-08-24 00:00:00+00:00
[2026-08-24T14:08:43.183+0000] {processor.py:183} INFO - Processing /home/airflow/.local/lib/python3.12/site-packages/airflow/example_dags/example_short_circuit_operator.py took 0.101 seconds
[2026-08-24T14:09:13.315+0000] {processor.py:161} INFO - Started process (PID=293) to work on /home/airflow/.local/lib/python3.12/site-packages/airflow/example_dags/example_short_circuit_operator.py
[2026-08-24T14:09:13.316+0000] {processor.py:830} INFO - Processing file /home/airflow/.local/lib/python3.12/site-packages/airflow/example_dags/example_short_circuit_operator.py for tasks to queue
[2026-08-24T14:09:13.319+0000] {logging_mixin.py:188} INFO - [2026-08-24T14:09:13.318+0000] {dagbag.py:545} INFO - Filling up the DagBag from /home/airflow/.local/lib/python3.12/site-packages/airflow/example_dags/example_short_circuit_operator.py
[2026-08-24T14:09:13.330+0000] {processor.py:840} INFO - DAG(s) 'example_short_circuit_operator' retrieved from /home/airflow/.local/lib/python3.12/site-packages/airflow/example_dags/example_short_circuit_operator.py
[2026-08-24T14:09:13.358+0000] {logging_mixin.py:188} INFO - [2026-08-24T14:09:13.358+0000] {dag.py:3096} INFO - Sync 1 DAGs
[2026-08-24T14:09:13.386+0000] {logging_mixin.py:188} INFO - [2026-08-24T14:09:13.385+0000] {dag.py:3954} INFO - Setting next_dagrun for example_short_circuit_operator to 2026-08-23 00:00:00+00:00, run_after=2026-08-24 00:00:00+00:00
[2026-08-24T14:09:13.408+0000] {processor.py:183} INFO - Processing /home/airflow/.local/lib/python3.12/site-packages/airflow/example_dags/example_short_circuit_operator.py took 0.101 seconds
[2026-08-24T14:09:43.834+0000] {processor.py:161} INFO - Started process (PID=352) to work on /home/airflow/.local/lib/python3.12/site-packages/airflow/example_dags/example_short_circuit_operator.py
[2026-08-24T14:09:43.836+0000] {processor.py:830} INFO - Processing file /home/airflow/.local/lib/python3.12/site-packages/airflow/example_dags/example_short_circuit_operator.py for tasks to queue
[2026-08-24T14:09:43.839+0000] {logging_mixin.py:188} INFO - [2026-08-24T14:09:43.838+0000] {dagbag.py:545} INFO - Filling up the DagBag from /home/airflow/.local/lib/python3.12/site-packages/airflow/example_dags/example_short_circuit_operator.py
[2026-08-24T14:09:43.850+0000] {processor.py:840} INFO - DAG(s) 'example_short_circuit_operator' retrieved from /home/airflow/.local/lib/python3.12/site-packages/airflow/example_dags/example_short_circuit_operator.py
[2026-08-24T14:09:43.879+0000] {logging_mixin.py:188} INFO - [2026-08-24T14:09:43.879+0000] {dag.py:3096} INFO - Sync 1 DAGs
[2026-08-24T14:09:43.912+0000] {logging_mixin.py:188} INFO - [2026-08-24T14:09:43.912+0000] {dag.py:3954} INFO - Setting next_dagrun for example_short_circuit_operator to 2026-08-23 00:00:00+00:00, run_after=2026-08-24 00:00:00+00:00
[2026-08-24T14:09:43.937+0000] {processor.py:183} INFO - Processing /home/airflow/.local/lib/python3.12/site-packages/airflow/example_dags/example_short_circuit_operator.py took 0.111 seconds
[2026-08-24T14:10:14.378+0000] {processor.py:161} INFO - Started process (PID=411) to work on /home/airflow/.local/lib/python3.12/site-packages/airflow/example_dags/example_short_circuit_operator.py
[2026-08-24T14:10:14.380+0000] {processor.py:830} INFO - Processing file /home/airflow/.local/lib/python3.12/site-packages/airflow/example_dags/example_short_circuit_operator.py for tasks to queue
[2026-08-24T14:10:14.383+0000] {logging_mixin.py:188} INFO - [2026-08-24T14:10:14.383+0000] {dagbag.py:545} INFO - Filling up the DagBag from /home/airflow/.local/lib/python3.12/site-packages/airflow/example_dags/example_short_circuit_operator.py
[2026-08-24T14:10:14.393+0000] {processor.py:840} INFO - DAG(s) 'example_short_circuit_operator' retrieved from /home/airflow/.local/lib/python3.12/site-packages/airflow/example_dags/example_short_circuit_operator.py
[2026-08-24T14:10:14.422+0000] {logging_mixin.py:188} INFO - [2026-08-24T14:10:14.422+0000] {dag.py:3096} INFO - Sync 1 DAGs
[2026-08-24T14:10:14.452+0000] {logging_mixin.py:188} INFO - [2026-08-24T14:10:14.452+0000] {dag.py:3954} INFO - Setting next_dagrun for example_short_circuit_operator to 2026-08-23 00:00:00+00:00, run_after=2026-08-24 00:00:00+00:00
[2026-08-24T14:10:14.477+0000] {processor.py:183} INFO - Processing /home/airflow/.local/lib/python3.12/site-packages/airflow/example_dags/example_short_circuit_operator.py took 0.106 seconds
[2026-08-24T14:10:44.956+0000] {processor.py:161} INFO - Started process (PID=470) to work on /home/airflow/.local/lib/python3.12/site-packages/airflow/example_dags/example_short_circuit_operator.py
[2026-08-24T14:10:44.958+0000] {processor.py:830} INFO - Processing file /home/airflow/.local/lib/python3.12/site-packages/airflow/example_dags/example_short_circuit_operator.py for tasks to queue
[2026-08-24T14:10:44.961+0000] {logging_mixin.py:188} INFO - [2026-08-24T14:10:44.960+0000] {dagbag.py:545} INFO - Filling up the DagBag from /home/airflow/.local/lib/python3.12/site-packages/airflow/example_dags/example_short_circuit_operator.py
[2026-08-24T14:10:44.974+0000] {processor.py:840} INFO - DAG(s) 'example_short_circuit_operator' retrieved from /home/airflow/.local/lib/python3.12/site-packages/airflow/example_dags/example_short_circuit_operator.py
[2026-08-24T14:10:45.014+0000] {logging_mixin.py:188} INFO - [2026-08-24T14:10:45.013+0000] {dag.py:3096} INFO - Sync 1 DAGs
[2026-08-24T14:10:45.045+0000] {logging_mixin.py:188} INFO - [2026-08-24T14:10:45.045+0000] {dag.py:3954} INFO - Setting next_dagrun for example_short_circuit_operator to 2026-08-23 00:00:00+00:00, run_after=2026-08-24 00:00:00+00:00
[2026-08-24T14:10:45.072+0000] {processor.py:183} INFO - Processing /home/airflow/.local/lib/python3.12/site-packages/airflow/example_dags/example_short_circuit_operator.py took 0.125 seconds
[2026-08-24T14:13:27.933+0000] {processor.py:161} INFO - Started process (PID=120) to work on /home/airflow/.local/lib/python3.12/site-packages/airflow/example_dags/example_short_circuit_operator.py
[2026-08-24T14:13:27.935+0000] {processor.py:830} INFO - Processing file /home/airflow/.local/lib/python3.12/site-packages/airflow/example_dags/example_short_circuit_operator.py for tasks to queue
[2026-08-24T14:13:27.942+0000] {logging_mixin.py:188} INFO - [2026-08-24T14:13:27.941+0000] {dagbag.py:545} INFO - Filling up the DagBag from /home/airflow/.local/lib/python3.12/site-packages/airflow/example_dags/example_short_circuit_operator.py
[2026-08-24T14:13:27.953+0000] {processor.py:840} INFO - DAG(s) 'example_short_circuit_operator' retrieved from /home/airflow/.local/lib/python3.12/site-packages/airflow/example_dags/example_short_circuit_operator.py
[2026-08-24T14:13:28.109+0000] {logging_mixin.py:188} INFO - [2026-08-24T14:13:28.109+0000] {dag.py:3096} INFO - Sync 1 DAGs
[2026-08-24T14:13:28.156+0000] {logging_mixin.py:188} INFO - [2026-08-24T14:13:28.155+0000] {dag.py:3954} INFO - Setting next_dagrun for example_short_circuit_operator to 2026-08-23 00:00:00+00:00, run_after=2026-08-24 00:00:00+00:00
[2026-08-24T14:13:28.203+0000] {processor.py:183} INFO - Processing /home/airflow/.local/lib/python3.12/site-packages/airflow/example_dags/example_short_circuit_operator.py took 0.279 seconds
[2026-08-24T14:13:58.769+0000] {processor.py:161} INFO - Started process (PID=179) to work on /home/airflow/.local/lib/python3.12/site-packages/airflow/example_dags/example_short_circuit_operator.py
[2026-08-24T14:13:58.771+0000] {processor.py:830} INFO - Processing file /home/airflow/.local/lib/python3.12/site-packages/airflow/example_dags/example_short_circuit_operator.py for tasks to queue
[2026-08-24T14:13:58.775+0000] {logging_mixin.py:188} INFO - [2026-08-24T14:13:58.775+0000] {dagbag.py:545} INFO - Filling up the DagBag from /home/airflow/.local/lib/python3.12/site-packages/airflow/example_dags/example_short_circuit_operator.py
[2026-08-24T14:13:58.796+0000] {processor.py:840} INFO - DAG(s) 'example_short_circuit_operator' retrieved from /home/airflow/.local/lib/python3.12/site-packages/airflow/example_dags/example_short_circuit_operator.py
[2026-08-24T14:13:58.835+0000] {logging_mixin.py:188} INFO - [2026-08-24T14:13:58.835+0000] {dag.py:3096} INFO - Sync 1 DAGs
[2026-08-24T14:13:58.871+0000] {logging_mixin.py:188} INFO - [2026-08-24T14:13:58.871+0000] {dag.py:3954} INFO - Setting next_dagrun for example_short_circuit_operator to 2026-08-23 00:00:00+00:00, run_after=2026-08-24 00:00:00+00:00
[2026-08-24T14:13:58.899+0000] {processor.py:183} INFO - Processing /home/airflow/.local/lib/python3.12/site-packages/airflow/example_dags/example_short_circuit_operator.py took 0.148 seconds
[2026-08-24T14:14:29.203+0000] {processor.py:161} INFO - Started process (PID=238) to work on /home/airflow/.local/lib/python3.12/site-packages/airflow/example_dags/example_short_circuit_operator.py
[2026-08-24T14:14:29.204+0000] {processor.py:830} INFO - Processing file /home/airflow/.local/lib/python3.12/site-packages/airflow/example_dags/example_short_circuit_operator.py for tasks to queue
[2026-08-24T14:14:29.207+0000] {logging_mixin.py:188} INFO - [2026-08-24T14:14:29.207+0000] {dagbag.py:545} INFO - Filling up the DagBag from /home/airflow/.local/lib/python3.12/site-packages/airflow/example_dags/example_short_circuit_operator.py
[2026-08-24T14:14:29.217+0000] {processor.py:840} INFO - DAG(s) 'example_short_circuit_operator' retrieved from /home/airflow/.local/lib/python3.12/site-packages/airflow/example_dags/example_short_circuit_operator.py
[2026-08-24T14:14:29.250+0000] {logging_mixin.py:188} INFO - [2026-08-24T14:14:29.250+0000] {dag.py:3096} INFO - Sync 1 DAGs
[2026-08-24T14:14:29.280+0000] {logging_mixin.py:188} INFO - [2026-08-24T14:14:29.280+0000] {dag.py:3954} INFO - Setting next_dagrun for example_short_circuit_operator to 2026-08-23 00:00:00+00:00, run_after=2026-08-24 00:00:00+00:00
[2026-08-24T14:14:29.307+0000] {processor.py:183} INFO - Processing /home/airflow/.local/lib/python3.12/site-packages/airflow/example_dags/example_short_circuit_operator.py took 0.112 seconds
[2026-08-24T14:14:59.651+0000] {processor.py:161} INFO - Started process (PID=297) to work on /home/airflow/.local/lib/python3.12/site-packages/airflow/example_dags/example_short_circuit_operator.py
[2026-08-24T14:14:59.653+0000] {processor.py:830} INFO - Processing file /home/airflow/.local/lib/python3.12/site-packages/airflow/example_dags/example_short_circuit_operator.py for tasks to queue
[2026-08-24T14:14:59.656+0000] {logging_mixin.py:188} INFO - [2026-08-24T14:14:59.655+0000] {dagbag.py:545} INFO - Filling up the DagBag from /home/airflow/.local/lib/python3.12/site-packages/airflow/example_dags/example_short_circuit_operator.py
[2026-08-24T14:14:59.666+0000] {processor.py:840} INFO - DAG(s) 'example_short_circuit_operator' retrieved from /home/airflow/.local/lib/python3.12/site-packages/airflow/example_dags/example_short_circuit_operator.py
[2026-08-24T14:14:59.697+0000] {logging_mixin.py:188} INFO - [2026-08-24T14:14:59.697+0000] {dag.py:3096} INFO - Sync 1 DAGs
[2026-08-24T14:14:59.725+0000] {logging_mixin.py:188} INFO - [2026-08-24T14:14:59.725+0000] {dag.py:3954} INFO - Setting next_dagrun for example_short_circuit_operator to 2026-08-23 00:00:00+00:00, run_after=2026-08-24 00:00:00+00:00
[2026-08-24T14:14:59.749+0000] {processor.py:183} INFO - Processing /home/airflow/.local/lib/python3.12/site-packages/airflow/example_dags/example_short_circuit_operator.py took 0.105 seconds
[2026-08-24T14:15:30.357+0000] {processor.py:161} INFO - Started process (PID=356) to work on /home/airflow/.local/lib/python3.12/site-packages/airflow/example_dags/example_short_circuit_operator.py
[2026-08-24T14:15:30.358+0000] {processor.py:830} INFO - Processing file /home/airflow/.local/lib/python3.12/site-packages/airflow/example_dags/example_short_circuit_operator.py for tasks to queue
[2026-08-24T14:15:30.360+0000] {logging_mixin.py:188} INFO - [2026-08-24T14:15:30.360+0000] {dagbag.py:545} INFO - Filling up the DagBag from /home/airflow/.local/lib/python3.12/site-packages/airflow/example_dags/example_short_circuit_operator.py
[2026-08-24T14:15:30.370+0000] {processor.py:840} INFO - DAG(s) 'example_short_circuit_operator' retrieved from /home/airflow/.local/lib/python3.12/site-packages/airflow/example_dags/example_short_circuit_operator.py
[2026-08-24T14:15:30.399+0000] {logging_mixin.py:188} INFO - [2026-08-24T14:15:30.398+0000] {dag.py:3096} INFO - Sync 1 DAGs
[2026-08-24T14:15:30.427+0000] {logging_mixin.py:188} INFO - [2026-08-24T14:15:30.426+0000] {dag.py:3954} INFO - Setting next_dagrun for example_short_circuit_operator to 2026-08-23 00:00:00+00:00, run_after=2026-08-24 00:00:00+00:00
[2026-08-24T14:15:30.452+0000] {processor.py:183} INFO - Processing /home/airflow/.local/lib/python3.12/site-packages/airflow/example_dags/example_short_circuit_operator.py took 0.103 seconds
[2026-08-24T14:16:01.096+0000] {processor.py:161} INFO - Started process (PID=415) to work on /home/airflow/.local/lib/python3.12/site-packages/airflow/example_dags/example_short_circuit_operator.py
[2026-08-24T14:16:01.097+0000] {processor.py:830} INFO - Processing file /home/airflow/.local/lib/python3.12/site-packages/airflow/example_dags/example_short_circuit_operator.py for tasks to queue
[2026-08-24T14:16:01.100+0000] {logging_mixin.py:188} INFO - [2026-08-24T14:16:01.099+0000] {dagbag.py:545} INFO - Filling up the DagBag from /home/airflow/.local/lib/python3.12/site-packages/airflow/example_dags/example_short_circuit_operator.py
[2026-08-24T14:16:01.111+0000] {processor.py:840} INFO - DAG(s) 'example_short_circuit_operator' retrieved from /home/airflow/.local/lib/python3.12/site-packages/airflow/example_dags/example_short_circuit_operator.py
[2026-08-24T14:16:01.143+0000] {logging_mixin.py:188} INFO - [2026-08-24T14:16:01.142+0000] {dag.py:3096} INFO - Sync 1 DAGs
[2026-08-24T14:16:01.173+0000] {logging_mixin.py:188} INFO - [2026-08-24T14:16:01.172+0000] {dag.py:3954} INFO - Setting next_dagrun for example_short_circuit_operator to 2026-08-23 00:00:00+00:00, run_after=2026-08-24 00:00:00+00:00
[2026-08-24T14:16:01.198+0000] {processor.py:183} INFO - Processing /home/airflow/.local/lib/python3.12/site-packages/airflow/example_dags/example_short_circuit_operator.py took 0.111 seconds
[2026-08-24T14:16:31.523+0000] {processor.py:161} INFO - Started process (PID=474) to work on /home/airflow/.local/lib/python3.12/site-packages/airflow/example_dags/example_short_circuit_operator.py
[2026-08-24T14:16:31.524+0000] {processor.py:830} INFO - Processing file /home/airflow/.local/lib/python3.12/site-packages/airflow/example_dags/example_short_circuit_operator.py for tasks to queue
[2026-08-24T14:16:31.527+0000] {logging_mixin.py:188} INFO - [2026-08-24T14:16:31.527+0000] {dagbag.py:545} INFO - Filling up the DagBag from /home/airflow/.local/lib/python3.12/site-packages/airflow/example_dags/example_short_circuit_operator.py
[2026-08-24T14:16:31.539+0000] {processor.py:840} INFO - DAG(s) 'example_short_circuit_operator' retrieved from /home/airflow/.local/lib/python3.12/site-packages/airflow/example_dags/example_short_circuit_operator.py
[2026-08-24T14:16:31.573+0000] {logging_mixin.py:188} INFO - [2026-08-24T14:16:31.573+0000] {dag.py:3096} INFO - Sync 1 DAGs
[2026-08-24T14:16:31.612+0000] {logging_mixin.py:188} INFO - [2026-08-24T14:16:31.612+0000] {dag.py:3954} INFO - Setting next_dagrun for example_short_circuit_operator to 2026-08-23 00:00:00+00:00, run_after=2026-08-24 00:00:00+00:00
[2026-08-24T14:16:31.648+0000] {processor.py:183} INFO - Processing /home/airflow/.local/lib/python3.12/site-packages/airflow/example_dags/example_short_circuit_operator.py took 0.133 seconds
[2026-08-24T14:17:01.978+0000] {processor.py:161} INFO - Started process (PID=533) to work on /home/airflow/.local/lib/python3.12/site-packages/airflow/example_dags/example_short_circuit_operator.py
[2026-08-24T14:17:01.980+0000] {processor.py:830} INFO - Processing file /home/airflow/.local/lib/python3.12/site-packages/airflow/example_dags/example_short_circuit_operator.py for tasks to queue
[2026-08-24T14:17:01.984+0000] {logging_mixin.py:188} INFO - [2026-08-24T14:17:01.984+0000] {dagbag.py:545} INFO - Filling up the DagBag from /home/airflow/.local/lib/python3.12/site-packages/airflow/example_dags/example_short_circuit_operator.py
[2026-08-24T14:17:01.996+0000] {processor.py:840} INFO - DAG(s) 'example_short_circuit_operator' retrieved from /home/airflow/.local/lib/python3.12/site-packages/airflow/example_dags/example_short_circuit_operator.py
[2026-08-24T14:17:02.027+0000] {logging_mixin.py:188} INFO - [2026-08-24T14:17:02.027+0000] {dag.py:3096} INFO - Sync 1 DAGs
[2026-08-24T14:17:02.062+0000] {logging_mixin.py:188} INFO - [2026-08-24T14:17:02.062+0000] {dag.py:3954} INFO - Setting next_dagrun for example_short_circuit_operator to 2026-08-23 00:00:00+00:00, run_after=2026-08-24 00:00:00+00:00
[2026-08-24T14:17:02.090+0000] {processor.py:183} INFO - Processing /home/airflow/.local/lib/python3.12/site-packages/airflow/example_dags/example_short_circuit_operator.py took 0.119 seconds
[2026-08-24T14:17:32.859+0000] {processor.py:161} INFO - Started process (PID=592) to work on /home/airflow/.local/lib/python3.12/site-packages/airflow/example_dags/example_short_circuit_operator.py
[2026-08-24T14:17:32.861+0000] {processor.py:830} INFO - Processing file /home/airflow/.local/lib/python3.12/site-packages/airflow/example_dags/example_short_circuit_operator.py for tasks to queue
[2026-08-24T14:17:32.864+0000] {logging_mixin.py:188} INFO - [2026-08-24T14:17:32.863+0000] {dagbag.py:545} INFO - Filling up the DagBag from /home/airflow/.local/lib/python3.12/site-packages/airflow/example_dags/example_short_circuit_operator.py
[2026-08-24T14:17:32.875+0000] {processor.py:840} INFO - DAG(s) 'example_short_circuit_operator' retrieved from /home/airflow/.local/lib/python3.12/site-packages/airflow/example_dags/example_short_circuit_operator.py
[2026-08-24T14:17:32.914+0000] {logging_mixin.py:188} INFO - [2026-08-24T14:17:32.914+0000] {dag.py:3096} INFO - Sync 1 DAGs
[2026-08-24T14:17:32.946+0000] {logging_mixin.py:188} INFO - [2026-08-24T14:17:32.946+0000] {dag.py:3954} INFO - Setting next_dagrun for example_short_circuit_operator to 2026-08-23 00:00:00+00:00, run_after=2026-08-24 00:00:00+00:00
[2026-08-24T14:17:32.970+0000] {processor.py:183} INFO - Processing /home/airflow/.local/lib/python3.12/site-packages/airflow/example_dags/example_short_circuit_operator.py took 0.119 seconds
[2026-08-24T14:18:03.681+0000] {processor.py:161} INFO - Started process (PID=651) to work on /home/airflow/.local/lib/python3.12/site-packages/airflow/example_dags/example_short_circuit_operator.py
[2026-08-24T14:18:03.682+0000] {processor.py:830} INFO - Processing file /home/airflow/.local/lib/python3.12/site-packages/airflow/example_dags/example_short_circuit_operator.py for tasks to queue
[2026-08-24T14:18:03.685+0000] {logging_mixin.py:188} INFO - [2026-08-24T14:18:03.684+0000] {dagbag.py:545} INFO - Filling up the DagBag from /home/airflow/.local/lib/python3.12/site-packages/airflow/example_dags/example_short_circuit_operator.py
[2026-08-24T14:18:03.694+0000] {processor.py:840} INFO - DAG(s) 'example_short_circuit_operator' retrieved from /home/airflow/.local/lib/python3.12/site-packages/airflow/example_dags/example_short_circuit_operator.py
[2026-08-24T14:18:03.723+0000] {logging_mixin.py:188} INFO - [2026-08-24T14:18:03.723+0000] {dag.py:3096} INFO - Sync 1 DAGs
[2026-08-24T14:18:03.756+0000] {logging_mixin.py:188} INFO - [2026-08-24T14:18:03.756+0000] {dag.py:3954} INFO - Setting next_dagrun for example_short_circuit_operator to 2026-08-23 00:00:00+00:00, run_after=2026-08-24 00:00:00+00:00
[2026-08-24T14:18:03.782+0000] {processor.py:183} INFO - Processing /home/airflow/.local/lib/python3.12/site-packages/airflow/example_dags/example_short_circuit_operator.py took 0.110 seconds
[2026-08-24T14:18:33.870+0000] {processor.py:161} INFO - Started process (PID=711) to work on /home/airflow/.local/lib/python3.12/site-packages/airflow/example_dags/example_short_circuit_operator.py
[2026-08-24T14:18:33.871+0000] {processor.py:830} INFO - Processing file /home/airflow/.local/lib/python3.12/site-packages/airflow/example_dags/example_short_circuit_operator.py for tasks to queue
[2026-08-24T14:18:33.874+0000] {logging_mixin.py:188} INFO - [2026-08-24T14:18:33.874+0000] {dagbag.py:545} INFO - Filling up the DagBag from /home/airflow/.local/lib/python3.12/site-packages/airflow/example_dags/example_short_circuit_operator.py
[2026-08-24T14:18:33.884+0000] {processor.py:840} INFO - DAG(s) 'example_short_circuit_operator' retrieved from /home/airflow/.local/lib/python3.12/site-packages/airflow/example_dags/example_short_circuit_operator.py
[2026-08-24T14:18:33.912+0000] {logging_mixin.py:188} INFO - [2026-08-24T14:18:33.912+0000] {dag.py:3096} INFO - Sync 1 DAGs
[2026-08-24T14:18:33.940+0000] {logging_mixin.py:188} INFO - [2026-08-24T14:18:33.940+0000] {dag.py:3954} INFO - Setting next_dagrun for example_short_circuit_operator to 2026-08-23 00:00:00+00:00, run_after=2026-08-24 00:00:00+00:00
[2026-08-24T14:18:33.966+0000] {processor.py:183} INFO - Processing /home/airflow/.local/lib/python3.12/site-packages/airflow/example_dags/example_short_circuit_operator.py took 0.104 seconds
[2026-08-24T14:19:04.992+0000] {processor.py:161} INFO - Started process (PID=771) to work on /home/airflow/.local/lib/python3.12/site-packages/airflow/example_dags/example_short_circuit_operator.py
[2026-08-24T14:19:04.993+0000] {processor.py:830} INFO - Processing file /home/airflow/.local/lib/python3.12/site-packages/airflow/example_dags/example_short_circuit_operator.py for tasks to queue
[2026-08-24T14:19:04.996+0000] {logging_mixin.py:188} INFO - [2026-08-24T14:19:04.995+0000] {dagbag.py:545} INFO - Filling up the DagBag from /home/airflow/.local/lib/python3.12/site-packages/airflow/example_dags/example_short_circuit_operator.py
[2026-08-24T14:19:05.007+0000] {processor.py:840} INFO - DAG(s) 'example_short_circuit_operator' retrieved from /home/airflow/.local/lib/python3.12/site-packages/airflow/example_dags/example_short_circuit_operator.py
[2026-08-24T14:19:05.034+0000] {logging_mixin.py:188} INFO - [2026-08-24T14:19:05.034+0000] {dag.py:3096} INFO - Sync 1 DAGs
[2026-08-24T14:19:05.062+0000] {logging_mixin.py:188} INFO - [2026-08-24T14:19:05.062+0000] {dag.py:3954} INFO - Setting next_dagrun for example_short_circuit_operator to 2026-08-23 00:00:00+00:00, run_after=2026-08-24 00:00:00+00:00
[2026-08-24T14:19:05.085+0000] {processor.py:183} INFO - Processing /home/airflow/.local/lib/python3.12/site-packages/airflow/example_dags/example_short_circuit_operator.py took 0.102 seconds
[2026-08-24T14:19:36.892+0000] {processor.py:161} INFO - Started process (PID=837) to work on /home/airflow/.local/lib/python3.12/site-packages/airflow/example_dags/example_short_circuit_operator.py
[2026-08-24T14:19:36.897+0000] {processor.py:830} INFO - Processing file /home/airflow/.local/lib/python3.12/site-packages/airflow/example_dags/example_short_circuit_operator.py for tasks to queue
[2026-08-24T14:19:36.905+0000] {logging_mixin.py:188} INFO - [2026-08-24T14:19:36.904+0000] {dagbag.py:545} INFO - Filling up the DagBag from /home/airflow/.local/lib/python3.12/site-packages/airflow/example_dags/example_short_circuit_operator.py
[2026-08-24T14:19:36.926+0000] {processor.py:840} INFO - DAG(s) 'example_short_circuit_operator' retrieved from /home/airflow/.local/lib/python3.12/site-packages/airflow/example_dags/example_short_circuit_operator.py
[2026-08-24T14:19:37.010+0000] {logging_mixin.py:188} INFO - [2026-08-24T14:19:37.009+0000] {dag.py:3096} INFO - Sync 1 DAGs
[2026-08-24T14:19:37.087+0000] {logging_mixin.py:188} INFO - [2026-08-24T14:19:37.086+0000] {dag.py:3954} INFO - Setting next_dagrun for example_short_circuit_operator to 2026-08-23 00:00:00+00:00, run_after=2026-08-24 00:00:00+00:00
[2026-08-24T14:19:37.168+0000] {processor.py:183} INFO - Processing /home/airflow/.local/lib/python3.12/site-packages/airflow/example_dags/example_short_circuit_operator.py took 0.288 seconds
[2026-08-24T14:20:07.733+0000] {processor.py:161} INFO - Started process (PID=896) to work on /home/airflow/.local/lib/python3.12/site-packages/airflow/example_dags/example_short_circuit_operator.py
[2026-08-24T14:20:07.735+0000] {processor.py:830} INFO - Processing file /home/airflow/.local/lib/python3.12/site-packages/airflow/example_dags/example_short_circuit_operator.py for tasks to queue
[2026-08-24T14:20:07.738+0000] {logging_mixin.py:188} INFO - [2026-08-24T14:20:07.738+0000] {dagbag.py:545} INFO - Filling up the DagBag from /home/airflow/.local/lib/python3.12/site-packages/airflow/example_dags/example_short_circuit_operator.py
[2026-08-24T14:20:07.751+0000] {processor.py:840} INFO - DAG(s) 'example_short_circuit_operator' retrieved from /home/airflow/.local/lib/python3.12/site-packages/airflow/example_dags/example_short_circuit_operator.py
[2026-08-24T14:20:07.789+0000] {logging_mixin.py:188} INFO - [2026-08-24T14:20:07.789+0000] {dag.py:3096} INFO - Sync 1 DAGs
[2026-08-24T14:20:07.819+0000] {logging_mixin.py:188} INFO - [2026-08-24T14:20:07.819+0000] {dag.py:3954} INFO - Setting next_dagrun for example_short_circuit_operator to 2026-08-23 00:00:00+00:00, run_after=2026-08-24 00:00:00+00:00
[2026-08-24T14:20:07.846+0000] {processor.py:183} INFO - Processing /home/airflow/.local/lib/python3.12/site-packages/airflow/example_dags/example_short_circuit_operator.py took 0.123 seconds
[2026-08-24T14:22:19.078+0000] {processor.py:161} INFO - Started process (PID=120) to work on /home/airflow/.local/lib/python3.12/site-packages/airflow/example_dags/example_short_circuit_operator.py
[2026-08-24T14:22:19.079+0000] {processor.py:830} INFO - Processing file /home/airflow/.local/lib/python3.12/site-packages/airflow/example_dags/example_short_circuit_operator.py for tasks to queue
[2026-08-24T14:22:19.082+0000] {logging_mixin.py:188} INFO - [2026-08-24T14:22:19.081+0000] {dagbag.py:545} INFO - Filling up the DagBag from /home/airflow/.local/lib/python3.12/site-packages/airflow/example_dags/example_short_circuit_operator.py
[2026-08-24T14:22:19.091+0000] {processor.py:840} INFO - DAG(s) 'example_short_circuit_operator' retrieved from /home/airflow/.local/lib/python3.12/site-packages/airflow/example_dags/example_short_circuit_operator.py
[2026-08-24T14:22:19.245+0000] {logging_mixin.py:188} INFO - [2026-08-24T14:22:19.245+0000] {dag.py:3096} INFO - Sync 1 DAGs
[2026-08-24T14:22:19.289+0000] {logging_mixin.py:188} INFO - [2026-08-24T14:22:19.289+0000] {dag.py:3954} INFO - Setting next_dagrun for example_short_circuit_operator to 2026-08-23 00:00:00+00:00, run_after=2026-08-24 00:00:00+00:00
[2026-08-24T14:22:19.592+0000] {processor.py:183} INFO - Processing /home/airflow/.local/lib/python3.12/site-packages/airflow/example_dags/example_short_circuit_operator.py took 0.521 seconds
[2026-08-24T14:23:01.919+0000] {processor.py:161} INFO - Started process (PID=99) to work on /home/airflow/.local/lib/python3.12/site-packages/airflow/example_dags/example_short_circuit_operator.py
[2026-08-24T14:23:01.922+0000] {processor.py:830} INFO - Processing file /home/airflow/.local/lib/python3.12/site-packages/airflow/example_dags/example_short_circuit_operator.py for tasks to queue
[2026-08-24T14:23:01.925+0000] {logging_mixin.py:188} INFO - [2026-08-24T14:23:01.925+0000] {dagbag.py:545} INFO - Filling up the DagBag from /home/airflow/.local/lib/python3.12/site-packages/airflow/example_dags/example_short_circuit_operator.py
[2026-08-24T14:23:01.934+0000] {processor.py:840} INFO - DAG(s) 'example_short_circuit_operator' retrieved from /home/airflow/.local/lib/python3.12/site-packages/airflow/example_dags/example_short_circuit_operator.py
[2026-08-24T14:23:01.966+0000] {logging_mixin.py:188} INFO - [2026-08-24T14:23:01.966+0000] {dag.py:3096} INFO - Sync 1 DAGs
[2026-08-24T14:23:01.999+0000] {logging_mixin.py:188} INFO - [2026-08-24T14:23:01.999+0000] {dag.py:3954} INFO - Setting next_dagrun for example_short_circuit_operator to 2026-08-23 00:00:00+00:00, run_after=2026-08-24 00:00:00+00:00
[2026-08-24T14:23:02.024+0000] {processor.py:183} INFO - Processing /home/airflow/.local/lib/python3.12/site-packages/airflow/example_dags/example_short_circuit_operator.py took 0.112 seconds
[2026-08-24T14:23:32.774+0000] {processor.py:161} INFO - Started process (PID=165) to work on /home/airflow/.local/lib/python3.12/site-packages/airflow/example_dags/example_short_circuit_operator.py
[2026-08-24T14:23:32.776+0000] {processor.py:830} INFO - Processing file /home/airflow/.local/lib/python3.12/site-packages/airflow/example_dags/example_short_circuit_operator.py for tasks to queue
[2026-08-24T14:23:32.779+0000] {logging_mixin.py:188} INFO - [2026-08-24T14:23:32.779+0000] {dagbag.py:545} INFO - Filling up the DagBag from /home/airflow/.local/lib/python3.12/site-packages/airflow/example_dags/example_short_circuit_operator.py
[2026-08-24T14:23:32.804+0000] {processor.py:840} INFO - DAG(s) 'example_short_circuit_operator' retrieved from /home/airflow/.local/lib/python3.12/site-packages/airflow/example_dags/example_short_circuit_operator.py
[2026-08-24T14:23:32.860+0000] {logging_mixin.py:188} INFO - [2026-08-24T14:23:32.860+0000] {dag.py:3096} INFO - Sync 1 DAGs
[2026-08-24T14:23:32.917+0000] {logging_mixin.py:188} INFO - [2026-08-24T14:23:32.916+0000] {dag.py:3954} INFO - Setting next_dagrun for example_short_circuit_operator to 2026-08-23 00:00:00+00:00, run_after=2026-08-24 00:00:00+00:00
[2026-08-24T14:23:32.971+0000] {processor.py:183} INFO - Processing /home/airflow/.local/lib/python3.12/site-packages/airflow/example_dags/example_short_circuit_operator.py took 0.213 seconds
[2026-08-24T14:24:05.136+0000] {processor.py:161} INFO - Started process (PID=225) to work on /home/airflow/.local/lib/python3.12/site-packages/airflow/example_dags/example_short_circuit_operator.py
[2026-08-24T14:24:05.138+0000] {processor.py:830} INFO - Processing file /home/airflow/.local/lib/python3.12/site-packages/airflow/example_dags/example_short_circuit_operator.py for tasks to queue
[2026-08-24T14:24:05.141+0000] {logging_mixin.py:188} INFO - [2026-08-24T14:24:05.141+0000] {dagbag.py:545} INFO - Filling up the DagBag from /home/airflow/.local/lib/python3.12/site-packages/airflow/example_dags/example_short_circuit_operator.py
[2026-08-24T14:24:05.157+0000] {processor.py:840} INFO - DAG(s) 'example_short_circuit_operator' retrieved from /home/airflow/.local/lib/python3.12/site-packages/airflow/example_dags/example_short_circuit_operator.py
[2026-08-24T14:24:05.188+0000] {logging_mixin.py:188} INFO - [2026-08-24T14:24:05.188+0000] {dag.py:3096} INFO - Sync 1 DAGs
[2026-08-24T14:24:05.218+0000] {logging_mixin.py:188} INFO - [2026-08-24T14:24:05.218+0000] {dag.py:3954} INFO - Setting next_dagrun for example_short_circuit_operator to 2026-08-23 00:00:00+00:00, run_after=2026-08-24 00:00:00+00:00
[2026-08-24T14:24:05.245+0000] {processor.py:183} INFO - Processing /home/airflow/.local/lib/python3.12/site-packages/airflow/example_dags/example_short_circuit_operator.py took 0.118 seconds
[2026-08-24T14:24:36.130+0000] {processor.py:161} INFO - Started process (PID=285) to work on /home/airflow/.local/lib/python3.12/site-packages/airflow/example_dags/example_short_circuit_operator.py
[2026-08-24T14:24:36.132+0000] {processor.py:830} INFO - Processing file /home/airflow/.local/lib/python3.12/site-packages/airflow/example_dags/example_short_circuit_operator.py for tasks to queue
[2026-08-24T14:24:36.134+0000] {logging_mixin.py:188} INFO - [2026-08-24T14:24:36.134+0000] {dagbag.py:545} INFO - Filling up the DagBag from /home/airflow/.local/lib/python3.12/site-packages/airflow/example_dags/example_short_circuit_operator.py
[2026-08-24T14:24:36.144+0000] {processor.py:840} INFO - DAG(s) 'example_short_circuit_operator' retrieved from /home/airflow/.local/lib/python3.12/site-packages/airflow/example_dags/example_short_circuit_operator.py
[2026-08-24T14:24:36.173+0000] {logging_mixin.py:188} INFO - [2026-08-24T14:24:36.173+0000] {dag.py:3096} INFO - Sync 1 DAGs
[2026-08-24T14:24:36.202+0000] {logging_mixin.py:188} INFO - [2026-08-24T14:24:36.202+0000] {dag.py:3954} INFO - Setting next_dagrun for example_short_circuit_operator to 2026-08-23 00:00:00+00:00, run_after=2026-08-24 00:00:00+00:00
[2026-08-24T14:24:36.227+0000] {processor.py:183} INFO - Processing /home/airflow/.local/lib/python3.12/site-packages/airflow/example_dags/example_short_circuit_operator.py took 0.105 seconds
[2026-08-24T14:25:06.960+0000] {processor.py:161} INFO - Started process (PID=345) to work on /home/airflow/.local/lib/python3.12/site-packages/airflow/example_dags/example_short_circuit_operator.py
[2026-08-24T14:25:06.961+0000] {processor.py:830} INFO - Processing file /home/airflow/.local/lib/python3.12/site-packages/airflow/example_dags/example_short_circuit_operator.py for tasks to queue
[2026-08-24T14:25:06.964+0000] {logging_mixin.py:188} INFO - [2026-08-24T14:25:06.963+0000] {dagbag.py:545} INFO - Filling up the DagBag from /home/airflow/.local/lib/python3.12/site-packages/airflow/example_dags/example_short_circuit_operator.py
[2026-08-24T14:25:06.974+0000] {processor.py:840} INFO - DAG(s) 'example_short_circuit_operator' retrieved from /home/airflow/.local/lib/python3.12/site-packages/airflow/example_dags/example_short_circuit_operator.py
[2026-08-24T14:25:07.005+0000] {logging_mixin.py:188} INFO - [2026-08-24T14:25:07.004+0000] {dag.py:3096} INFO - Sync 1 DAGs
[2026-08-24T14:25:07.036+0000] {logging_mixin.py:188} INFO - [2026-08-24T14:25:07.035+0000] {dag.py:3954} INFO - Setting next_dagrun for example_short_circuit_operator to 2026-08-23 00:00:00+00:00, run_after=2026-08-24 00:00:00+00:00
[2026-08-24T14:25:07.068+0000] {processor.py:183} INFO - Processing /home/airflow/.local/lib/python3.12/site-packages/airflow/example_dags/example_short_circuit_operator.py took 0.117 seconds
[2026-08-24T14:25:38.074+0000] {processor.py:161} INFO - Started process (PID=405) to work on /home/airflow/.local/lib/python3.12/site-packages/airflow/example_dags/example_short_circuit_operator.py
[2026-08-24T14:25:38.075+0000] {processor.py:830} INFO - Processing file /home/airflow/.local/lib/python3.12/site-packages/airflow/example_dags/example_short_circuit_operator.py for tasks to queue
[2026-08-24T14:25:38.078+0000] {logging_mixin.py:188} INFO - [2026-08-24T14:25:38.078+0000] {dagbag.py:545} INFO - Filling up the DagBag from /home/airflow/.local/lib/python3.12/site-packages/airflow/example_dags/example_short_circuit_operator.py
[2026-08-24T14:25:38.088+0000] {processor.py:840} INFO - DAG(s) 'example_short_circuit_operator' retrieved from /home/airflow/.local/lib/python3.12/site-packages/airflow/example_dags/example_short_circuit_operator.py
[2026-08-24T14:25:38.117+0000] {logging_mixin.py:188} INFO - [2026-08-24T14:25:38.117+0000] {dag.py:3096} INFO - Sync 1 DAGs
[2026-08-24T14:25:38.145+0000] {logging_mixin.py:188} INFO - [2026-08-24T14:25:38.145+0000] {dag.py:3954} INFO - Setting next_dagrun for example_short_circuit_operator to 2026-08-23 00:00:00+00:00, run_after=2026-08-24 00:00:00+00:00
[2026-08-24T14:25:38.169+0000] {processor.py:183} INFO - Processing /home/airflow/.local/lib/python3.12/site-packages/airflow/example_dags/example_short_circuit_operator.py took 0.103 seconds
[2026-08-24T14:26:09.124+0000] {processor.py:161} INFO - Started process (PID=465) to work on /home/airflow/.local/lib/python3.12/site-packages/airflow/example_dags/example_short_circuit_operator.py
[2026-08-24T14:26:09.125+0000] {processor.py:830} INFO - Processing file /home/airflow/.local/lib/python3.12/site-packages/airflow/example_dags/example_short_circuit_operator.py for tasks to queue
[2026-08-24T14:26:09.128+0000] {logging_mixin.py:188} INFO - [2026-08-24T14:26:09.127+0000] {dagbag.py:545} INFO - Filling up the DagBag from /home/airflow/.local/lib/python3.12/site-packages/airflow/example_dags/example_short_circuit_operator.py
[2026-08-24T14:26:09.137+0000] {processor.py:840} INFO - DAG(s) 'example_short_circuit_operator' retrieved from /home/airflow/.local/lib/python3.12/site-packages/airflow/example_dags/example_short_circuit_operator.py
[2026-08-24T14:26:09.165+0000] {logging_mixin.py:188} INFO - [2026-08-24T14:26:09.164+0000] {dag.py:3096} INFO - Sync 1 DAGs
[2026-08-24T14:26:09.192+0000] {logging_mixin.py:188} INFO - [2026-08-24T14:26:09.191+0000] {dag.py:3954} INFO - Setting next_dagrun for example_short_circuit_operator to 2026-08-23 00:00:00+00:00, run_after=2026-08-24 00:00:00+00:00
[2026-08-24T14:26:09.213+0000] {processor.py:183} INFO - Processing /home/airflow/.local/lib/python3.12/site-packages/airflow/example_dags/example_short_circuit_operator.py took 0.097 seconds
[2026-08-24T14:26:39.950+0000] {processor.py:161} INFO - Started process (PID=525) to work on /home/airflow/.local/lib/python3.12/site-packages/airflow/example_dags/example_short_circuit_operator.py
[2026-08-24T14:26:39.951+0000] {processor.py:830} INFO - Processing file /home/airflow/.local/lib/python3.12/site-packages/airflow/example_dags/example_short_circuit_operator.py for tasks to queue
[2026-08-24T14:26:39.954+0000] {logging_mixin.py:188} INFO - [2026-08-24T14:26:39.953+0000] {dagbag.py:545} INFO - Filling up the DagBag from /home/airflow/.local/lib/python3.12/site-packages/airflow/example_dags/example_short_circuit_operator.py
[2026-08-24T14:26:39.965+0000] {processor.py:840} INFO - DAG(s) 'example_short_circuit_operator' retrieved from /home/airflow/.local/lib/python3.12/site-packages/airflow/example_dags/example_short_circuit_operator.py
[2026-08-24T14:26:39.996+0000] {logging_mixin.py:188} INFO - [2026-08-24T14:26:39.995+0000] {dag.py:3096} INFO - Sync 1 DAGs
[2026-08-24T14:26:40.024+0000] {logging_mixin.py:188} INFO - [2026-08-24T14:26:40.023+0000] {dag.py:3954} INFO - Setting next_dagrun for example_short_circuit_operator to 2026-08-23 00:00:00+00:00, run_after=2026-08-24 00:00:00+00:00
[2026-08-24T14:26:40.048+0000] {processor.py:183} INFO - Processing /home/airflow/.local/lib/python3.12/site-packages/airflow/example_dags/example_short_circuit_operator.py took 0.107 seconds
[2026-08-24T14:27:10.164+0000] {processor.py:161} INFO - Started process (PID=584) to work on /home/airflow/.local/lib/python3.12/site-packages/airflow/example_dags/example_short_circuit_operator.py
[2026-08-24T14:27:10.166+0000] {processor.py:830} INFO - Processing file /home/airflow/.local/lib/python3.12/site-packages/airflow/example_dags/example_short_circuit_operator.py for tasks to queue
[2026-08-24T14:27:10.168+0000] {logging_mixin.py:188} INFO - [2026-08-24T14:27:10.168+0000] {dagbag.py:545} INFO - Filling up the DagBag from /home/airflow/.local/lib/python3.12/site-packages/airflow/example_dags/example_short_circuit_operator.py
[2026-08-24T14:27:10.177+0000] {processor.py:840} INFO - DAG(s) 'example_short_circuit_operator' retrieved from /home/airflow/.local/lib/python3.12/site-packages/airflow/example_dags/example_short_circuit_operator.py
[2026-08-24T14:27:10.206+0000] {logging_mixin.py:188} INFO - [2026-08-24T14:27:10.205+0000] {dag.py:3096} INFO - Sync 1 DAGs
[2026-08-24T14:27:10.238+0000] {logging_mixin.py:188} INFO - [2026-08-24T14:27:10.237+0000] {dag.py:3954} INFO - Setting next_dagrun for example_short_circuit_operator to 2026-08-23 00:00:00+00:00, run_after=2026-08-24 00:00:00+00:00
[2026-08-24T14:27:10.260+0000] {processor.py:183} INFO - Processing /home/airflow/.local/lib/python3.12/site-packages/airflow/example_dags/example_short_circuit_operator.py took 0.102 seconds
[2026-08-24T14:27:40.429+0000] {processor.py:161} INFO - Started process (PID=643) to work on /home/airflow/.local/lib/python3.12/site-packages/airflow/example_dags/example_short_circuit_operator.py
[2026-08-24T14:27:40.431+0000] {processor.py:830} INFO - Processing file /home/airflow/.local/lib/python3.12/site-packages/airflow/example_dags/example_short_circuit_operator.py for tasks to queue
[2026-08-24T14:27:40.433+0000] {logging_mixin.py:188} INFO - [2026-08-24T14:27:40.433+0000] {dagbag.py:545} INFO - Filling up the DagBag from /home/airflow/.local/lib/python3.12/site-packages/airflow/example_dags/example_short_circuit_operator.py
[2026-08-24T14:27:40.443+0000] {processor.py:840} INFO - DAG(s) 'example_short_circuit_operator' retrieved from /home/airflow/.local/lib/python3.12/site-packages/airflow/example_dags/example_short_circuit_operator.py
[2026-08-24T14:27:40.472+0000] {logging_mixin.py:188} INFO - [2026-08-24T14:27:40.472+0000] {dag.py:3096} INFO - Sync 1 DAGs
[2026-08-24T14:27:40.498+0000] {logging_mixin.py:188} INFO - [2026-08-24T14:27:40.498+0000] {dag.py:3954} INFO - Setting next_dagrun for example_short_circuit_operator to 2026-08-23 00:00:00+00:00, run_after=2026-08-24 00:00:00+00:00
[2026-08-24T14:27:40.521+0000] {processor.py:183} INFO - Processing /home/airflow/.local/lib/python3.12/site-packages/airflow/example_dags/example_short_circuit_operator.py took 0.099 seconds
[2026-08-24T14:28:10.707+0000] {processor.py:161} INFO - Started process (PID=703) to work on /home/airflow/.local/lib/python3.12/site-packages/airflow/example_dags/example_short_circuit_operator.py
[2026-08-24T14:28:10.708+0000] {processor.py:830} INFO - Processing file /home/airflow/.local/lib/python3.12/site-packages/airflow/example_dags/example_short_circuit_operator.py for tasks to queue
[2026-08-24T14:28:10.710+0000] {logging_mixin.py:188} INFO - [2026-08-24T14:28:10.710+0000] {dagbag.py:545} INFO - Filling up the DagBag from /home/airflow/.local/lib/python3.12/site-packages/airflow/example_dags/example_short_circuit_operator.py
[2026-08-24T14:28:10.720+0000] {processor.py:840} INFO - DAG(s) 'example_short_circuit_operator' retrieved from /home/airflow/.local/lib/python3.12/site-packages/airflow/example_dags/example_short_circuit_operator.py
[2026-08-24T14:28:10.750+0000] {logging_mixin.py:188} INFO - [2026-08-24T14:28:10.749+0000] {dag.py:3096} INFO - Sync 1 DAGs
[2026-08-24T14:28:10.777+0000] {logging_mixin.py:188} INFO - [2026-08-24T14:28:10.777+0000] {dag.py:3954} INFO - Setting next_dagrun for example_short_circuit_operator to 2026-08-23 00:00:00+00:00, run_after=2026-08-24 00:00:00+00:00
[2026-08-24T14:28:10.802+0000] {processor.py:183} INFO - Processing /home/airflow/.local/lib/python3.12/site-packages/airflow/example_dags/example_short_circuit_operator.py took 0.102 seconds
[2026-08-24T14:28:41.296+0000] {processor.py:161} INFO - Started process (PID=763) to work on /home/airflow/.local/lib/python3.12/site-packages/airflow/example_dags/example_short_circuit_operator.py
[2026-08-24T14:28:41.297+0000] {processor.py:830} INFO - Processing file /home/airflow/.local/lib/python3.12/site-packages/airflow/example_dags/example_short_circuit_operator.py for tasks to queue
[2026-08-24T14:28:41.299+0000] {logging_mixin.py:188} INFO - [2026-08-24T14:28:41.299+0000] {dagbag.py:545} INFO - Filling up the DagBag from /home/airflow/.local/lib/python3.12/site-packages/airflow/example_dags/example_short_circuit_operator.py
[2026-08-24T14:28:41.308+0000] {processor.py:840} INFO - DAG(s) 'example_short_circuit_operator' retrieved from /home/airflow/.local/lib/python3.12/site-packages/airflow/example_dags/example_short_circuit_operator.py
[2026-08-24T14:28:41.337+0000] {logging_mixin.py:188} INFO - [2026-08-24T14:28:41.336+0000] {dag.py:3096} INFO - Sync 1 DAGs
[2026-08-24T14:28:41.365+0000] {logging_mixin.py:188} INFO - [2026-08-24T14:28:41.365+0000] {dag.py:3954} INFO - Setting next_dagrun for example_short_circuit_operator to 2026-08-23 00:00:00+00:00, run_after=2026-08-24 00:00:00+00:00
[2026-08-24T14:28:41.389+0000] {processor.py:183} INFO - Processing /home/airflow/.local/lib/python3.12/site-packages/airflow/example_dags/example_short_circuit_operator.py took 0.101 seconds
[2026-08-24T14:29:12.282+0000] {processor.py:161} INFO - Started process (PID=823) to work on /home/airflow/.local/lib/python3.12/site-packages/airflow/example_dags/example_short_circuit_operator.py
[2026-08-24T14:29:12.283+0000] {processor.py:830} INFO - Processing file /home/airflow/.local/lib/python3.12/site-packages/airflow/example_dags/example_short_circuit_operator.py for tasks to queue
[2026-08-24T14:29:12.286+0000] {logging_mixin.py:188} INFO - [2026-08-24T14:29:12.285+0000] {dagbag.py:545} INFO - Filling up the DagBag from /home/airflow/.local/lib/python3.12/site-packages/airflow/example_dags/example_short_circuit_operator.py
[2026-08-24T14:29:12.296+0000] {processor.py:840} INFO - DAG(s) 'example_short_circuit_operator' retrieved from /home/airflow/.local/lib/python3.12/site-packages/airflow/example_dags/example_short_circuit_operator.py
[2026-08-24T14:29:12.326+0000] {logging_mixin.py:188} INFO - [2026-08-24T14:29:12.326+0000] {dag.py:3096} INFO - Sync 1 DAGs
[2026-08-24T14:29:12.354+0000] {logging_mixin.py:188} INFO - [2026-08-24T14:29:12.354+0000] {dag.py:3954} INFO - Setting next_dagrun for example_short_circuit_operator to 2026-08-23 00:00:00+00:00, run_after=2026-08-24 00:00:00+00:00
[2026-08-24T14:29:12.378+0000] {processor.py:183} INFO - Processing /home/airflow/.local/lib/python3.12/site-packages/airflow/example_dags/example_short_circuit_operator.py took 0.104 seconds
[2026-08-24T14:29:42.662+0000] {processor.py:161} INFO - Started process (PID=884) to work on /home/airflow/.local/lib/python3.12/site-packages/airflow/example_dags/example_short_circuit_operator.py
[2026-08-24T14:29:42.664+0000] {processor.py:830} INFO - Processing file /home/airflow/.local/lib/python3.12/site-packages/airflow/example_dags/example_short_circuit_operator.py for tasks to queue
[2026-08-24T14:29:42.670+0000] {logging_mixin.py:188} INFO - [2026-08-24T14:29:42.668+0000] {dagbag.py:545} INFO - Filling up the DagBag from /home/airflow/.local/lib/python3.12/site-packages/airflow/example_dags/example_short_circuit_operator.py
[2026-08-24T14:29:42.686+0000] {processor.py:840} INFO - DAG(s) 'example_short_circuit_operator' retrieved from /home/airflow/.local/lib/python3.12/site-packages/airflow/example_dags/example_short_circuit_operator.py
[2026-08-24T14:29:42.736+0000] {logging_mixin.py:188} INFO - [2026-08-24T14:29:42.735+0000] {dag.py:3096} INFO - Sync 1 DAGs
[2026-08-24T14:29:42.780+0000] {logging_mixin.py:188} INFO - [2026-08-24T14:29:42.779+0000] {dag.py:3954} INFO - Setting next_dagrun for example_short_circuit_operator to 2026-08-23 00:00:00+00:00, run_after=2026-08-24 00:00:00+00:00
[2026-08-24T14:29:42.827+0000] {processor.py:183} INFO - Processing /home/airflow/.local/lib/python3.12/site-packages/airflow/example_dags/example_short_circuit_operator.py took 0.176 seconds
[2026-08-24T14:30:13.816+0000] {processor.py:161} INFO - Started process (PID=944) to work on /home/airflow/.local/lib/python3.12/site-packages/airflow/example_dags/example_short_circuit_operator.py
[2026-08-24T14:30:13.818+0000] {processor.py:830} INFO - Processing file /home/airflow/.local/lib/python3.12/site-packages/airflow/example_dags/example_short_circuit_operator.py for tasks to queue
[2026-08-24T14:30:13.820+0000] {logging_mixin.py:188} INFO - [2026-08-24T14:30:13.820+0000] {dagbag.py:545} INFO - Filling up the DagBag from /home/airflow/.local/lib/python3.12/site-packages/airflow/example_dags/example_short_circuit_operator.py
[2026-08-24T14:30:13.831+0000] {processor.py:840} INFO - DAG(s) 'example_short_circuit_operator' retrieved from /home/airflow/.local/lib/python3.12/site-packages/airflow/example_dags/example_short_circuit_operator.py
[2026-08-24T14:30:13.864+0000] {logging_mixin.py:188} INFO - [2026-08-24T14:30:13.864+0000] {dag.py:3096} INFO - Sync 1 DAGs
[2026-08-24T14:30:13.893+0000] {logging_mixin.py:188} INFO - [2026-08-24T14:30:13.892+0000] {dag.py:3954} INFO - Setting next_dagrun for example_short_circuit_operator to 2026-08-23 00:00:00+00:00, run_after=2026-08-24 00:00:00+00:00
[2026-08-24T14:30:13.918+0000] {processor.py:183} INFO - Processing /home/airflow/.local/lib/python3.12/site-packages/airflow/example_dags/example_short_circuit_operator.py took 0.110 seconds
[2026-08-24T14:30:44.469+0000] {processor.py:161} INFO - Started process (PID=1005) to work on /home/airflow/.local/lib/python3.12/site-packages/airflow/example_dags/example_short_circuit_operator.py
[2026-08-24T14:30:44.471+0000] {processor.py:830} INFO - Processing file /home/airflow/.local/lib/python3.12/site-packages/airflow/example_dags/example_short_circuit_operator.py for tasks to queue
[2026-08-24T14:30:44.474+0000] {logging_mixin.py:188} INFO - [2026-08-24T14:30:44.474+0000] {dagbag.py:545} INFO - Filling up the DagBag from /home/airflow/.local/lib/python3.12/site-packages/airflow/example_dags/example_short_circuit_operator.py
[2026-08-24T14:30:44.485+0000] {processor.py:840} INFO - DAG(s) 'example_short_circuit_operator' retrieved from /home/airflow/.local/lib/python3.12/site-packages/airflow/example_dags/example_short_circuit_operator.py
[2026-08-24T14:30:44.512+0000] {logging_mixin.py:188} INFO - [2026-08-24T14:30:44.511+0000] {dag.py:3096} INFO - Sync 1 DAGs
[2026-08-24T14:30:44.538+0000] {logging_mixin.py:188} INFO - [2026-08-24T14:30:44.538+0000] {dag.py:3954} INFO - Setting next_dagrun for example_short_circuit_operator to 2026-08-23 00:00:00+00:00, run_after=2026-08-24 00:00:00+00:00
[2026-08-24T14:30:44.561+0000] {processor.py:183} INFO - Processing /home/airflow/.local/lib/python3.12/site-packages/airflow/example_dags/example_short_circuit_operator.py took 0.101 seconds
[2026-08-24T14:35:26.520+0000] {processor.py:161} INFO - Started process (PID=122) to work on /home/airflow/.local/lib/python3.12/site-packages/airflow/example_dags/example_short_circuit_operator.py
[2026-08-24T14:35:26.522+0000] {processor.py:830} INFO - Processing file /home/airflow/.local/lib/python3.12/site-packages/airflow/example_dags/example_short_circuit_operator.py for tasks to queue
[2026-08-24T14:35:26.525+0000] {logging_mixin.py:188} INFO - [2026-08-24T14:35:26.525+0000] {dagbag.py:545} INFO - Filling up the DagBag from /home/airflow/.local/lib/python3.12/site-packages/airflow/example_dags/example_short_circuit_operator.py
[2026-08-24T14:35:26.539+0000] {processor.py:840} INFO - DAG(s) 'example_short_circuit_operator' retrieved from /home/airflow/.local/lib/python3.12/site-packages/airflow/example_dags/example_short_circuit_operator.py
[2026-08-24T14:35:26.743+0000] {logging_mixin.py:188} INFO - [2026-08-24T14:35:26.742+0000] {dag.py:3096} INFO - Sync 1 DAGs
[2026-08-24T14:35:26.776+0000] {logging_mixin.py:188} INFO - [2026-08-24T14:35:26.775+0000] {dag.py:3954} INFO - Setting next_dagrun for example_short_circuit_operator to 2026-08-23 00:00:00+00:00, run_after=2026-08-24 00:00:00+00:00
[2026-08-24T14:35:26.806+0000] {processor.py:183} INFO - Processing /home/airflow/.local/lib/python3.12/site-packages/airflow/example_dags/example_short_circuit_operator.py took 0.296 seconds
[2026-08-24T14:35:56.974+0000] {processor.py:161} INFO - Started process (PID=182) to work on /home/airflow/.local/lib/python3.12/site-packages/airflow/example_dags/example_short_circuit_operator.py
[2026-08-24T14:35:56.976+0000] {processor.py:830} INFO - Processing file /home/airflow/.local/lib/python3.12/site-packages/airflow/example_dags/example_short_circuit_operator.py for tasks to queue
[2026-08-24T14:35:56.978+0000] {logging_mixin.py:188} INFO - [2026-08-24T14:35:56.978+0000] {dagbag.py:545} INFO - Filling up the DagBag from /home/airflow/.local/lib/python3.12/site-packages/airflow/example_dags/example_short_circuit_operator.py
[2026-08-24T14:35:56.987+0000] {processor.py:840} INFO - DAG(s) 'example_short_circuit_operator' retrieved from /home/airflow/.local/lib/python3.12/site-packages/airflow/example_dags/example_short_circuit_operator.py
[2026-08-24T14:35:57.016+0000] {logging_mixin.py:188} INFO - [2026-08-24T14:35:57.016+0000] {dag.py:3096} INFO - Sync 1 DAGs
[2026-08-24T14:35:57.045+0000] {logging_mixin.py:188} INFO - [2026-08-24T14:35:57.044+0000] {dag.py:3954} INFO - Setting next_dagrun for example_short_circuit_operator to 2026-08-23 00:00:00+00:00, run_after=2026-08-24 00:00:00+00:00
[2026-08-24T14:35:57.068+0000] {processor.py:183} INFO - Processing /home/airflow/.local/lib/python3.12/site-packages/airflow/example_dags/example_short_circuit_operator.py took 0.101 seconds
[2026-08-24T14:36:27.315+0000] {processor.py:161} INFO - Started process (PID=242) to work on /home/airflow/.local/lib/python3.12/site-packages/airflow/example_dags/example_short_circuit_operator.py
[2026-08-24T14:36:27.316+0000] {processor.py:830} INFO - Processing file /home/airflow/.local/lib/python3.12/site-packages/airflow/example_dags/example_short_circuit_operator.py for tasks to queue
[2026-08-24T14:36:27.319+0000] {logging_mixin.py:188} INFO - [2026-08-24T14:36:27.318+0000] {dagbag.py:545} INFO - Filling up the DagBag from /home/airflow/.local/lib/python3.12/site-packages/airflow/example_dags/example_short_circuit_operator.py
[2026-08-24T14:36:27.331+0000] {processor.py:840} INFO - DAG(s) 'example_short_circuit_operator' retrieved from /home/airflow/.local/lib/python3.12/site-packages/airflow/example_dags/example_short_circuit_operator.py
[2026-08-24T14:36:27.375+0000] {logging_mixin.py:188} INFO - [2026-08-24T14:36:27.375+0000] {dag.py:3096} INFO - Sync 1 DAGs
[2026-08-24T14:36:27.419+0000] {logging_mixin.py:188} INFO - [2026-08-24T14:36:27.419+0000] {dag.py:3954} INFO - Setting next_dagrun for example_short_circuit_operator to 2026-08-23 00:00:00+00:00, run_after=2026-08-24 00:00:00+00:00
[2026-08-24T14:36:27.472+0000] {processor.py:183} INFO - Processing /home/airflow/.local/lib/python3.12/site-packages/airflow/example_dags/example_short_circuit_operator.py took 0.165 seconds
[2026-08-24T14:36:58.723+0000] {processor.py:161} INFO - Started process (PID=303) to work on /home/airflow/.local/lib/python3.12/site-packages/airflow/example_dags/example_short_circuit_operator.py
[2026-08-24T14:36:58.724+0000] {processor.py:830} INFO - Processing file /home/airflow/.local/lib/python3.12/site-packages/airflow/example_dags/example_short_circuit_operator.py for tasks to queue
[2026-08-24T14:36:58.728+0000] {logging_mixin.py:188} INFO - [2026-08-24T14:36:58.727+0000] {dagbag.py:545} INFO - Filling up the DagBag from /home/airflow/.local/lib/python3.12/site-packages/airflow/example_dags/example_short_circuit_operator.py
[2026-08-24T14:36:58.738+0000] {processor.py:840} INFO - DAG(s) 'example_short_circuit_operator' retrieved from /home/airflow/.local/lib/python3.12/site-packages/airflow/example_dags/example_short_circuit_operator.py
[2026-08-24T14:36:58.771+0000] {logging_mixin.py:188} INFO - [2026-08-24T14:36:58.771+0000] {dag.py:3096} INFO - Sync 1 DAGs
[2026-08-24T14:36:58.800+0000] {logging_mixin.py:188} INFO - [2026-08-24T14:36:58.800+0000] {dag.py:3954} INFO - Setting next_dagrun for example_short_circuit_operator to 2026-08-23 00:00:00+00:00, run_after=2026-08-24 00:00:00+00:00
[2026-08-24T14:36:58.829+0000] {processor.py:183} INFO - Processing /home/airflow/.local/lib/python3.12/site-packages/airflow/example_dags/example_short_circuit_operator.py took 0.114 seconds
[2026-08-24T14:37:30.141+0000] {processor.py:161} INFO - Started process (PID=369) to work on /home/airflow/.local/lib/python3.12/site-packages/airflow/example_dags/example_short_circuit_operator.py
[2026-08-24T14:37:30.142+0000] {processor.py:830} INFO - Processing file /home/airflow/.local/lib/python3.12/site-packages/airflow/example_dags/example_short_circuit_operator.py for tasks to queue
[2026-08-24T14:37:30.145+0000] {logging_mixin.py:188} INFO - [2026-08-24T14:37:30.144+0000] {dagbag.py:545} INFO - Filling up the DagBag from /home/airflow/.local/lib/python3.12/site-packages/airflow/example_dags/example_short_circuit_operator.py
[2026-08-24T14:37:30.157+0000] {processor.py:840} INFO - DAG(s) 'example_short_circuit_operator' retrieved from /home/airflow/.local/lib/python3.12/site-packages/airflow/example_dags/example_short_circuit_operator.py
[2026-08-24T14:37:30.188+0000] {logging_mixin.py:188} INFO - [2026-08-24T14:37:30.188+0000] {dag.py:3096} INFO - Sync 1 DAGs
[2026-08-24T14:37:30.220+0000] {logging_mixin.py:188} INFO - [2026-08-24T14:37:30.220+0000] {dag.py:3954} INFO - Setting next_dagrun for example_short_circuit_operator to 2026-08-23 00:00:00+00:00, run_after=2026-08-24 00:00:00+00:00
[2026-08-24T14:37:30.250+0000] {processor.py:183} INFO - Processing /home/airflow/.local/lib/python3.12/site-packages/airflow/example_dags/example_short_circuit_operator.py took 0.118 seconds
[2026-08-24T14:38:01.360+0000] {processor.py:161} INFO - Started process (PID=430) to work on /home/airflow/.local/lib/python3.12/site-packages/airflow/example_dags/example_short_circuit_operator.py
[2026-08-24T14:38:01.362+0000] {processor.py:830} INFO - Processing file /home/airflow/.local/lib/python3.12/site-packages/airflow/example_dags/example_short_circuit_operator.py for tasks to queue
[2026-08-24T14:38:01.366+0000] {logging_mixin.py:188} INFO - [2026-08-24T14:38:01.365+0000] {dagbag.py:545} INFO - Filling up the DagBag from /home/airflow/.local/lib/python3.12/site-packages/airflow/example_dags/example_short_circuit_operator.py
[2026-08-24T14:38:01.377+0000] {processor.py:840} INFO - DAG(s) 'example_short_circuit_operator' retrieved from /home/airflow/.local/lib/python3.12/site-packages/airflow/example_dags/example_short_circuit_operator.py
[2026-08-24T14:38:01.408+0000] {logging_mixin.py:188} INFO - [2026-08-24T14:38:01.407+0000] {dag.py:3096} INFO - Sync 1 DAGs
[2026-08-24T14:38:01.440+0000] {logging_mixin.py:188} INFO - [2026-08-24T14:38:01.440+0000] {dag.py:3954} INFO - Setting next_dagrun for example_short_circuit_operator to 2026-08-23 00:00:00+00:00, run_after=2026-08-24 00:00:00+00:00
[2026-08-24T14:38:01.468+0000] {processor.py:183} INFO - Processing /home/airflow/.local/lib/python3.12/site-packages/airflow/example_dags/example_short_circuit_operator.py took 0.115 seconds
[2026-08-24T14:38:31.734+0000] {processor.py:161} INFO - Started process (PID=488) to work on /home/airflow/.local/lib/python3.12/site-packages/airflow/example_dags/example_short_circuit_operator.py
[2026-08-24T14:38:31.736+0000] {processor.py:830} INFO - Processing file /home/airflow/.local/lib/python3.12/site-packages/airflow/example_dags/example_short_circuit_operator.py for tasks to queue
[2026-08-24T14:38:31.738+0000] {logging_mixin.py:188} INFO - [2026-08-24T14:38:31.738+0000] {dagbag.py:545} INFO - Filling up the DagBag from /home/airflow/.local/lib/python3.12/site-packages/airflow/example_dags/example_short_circuit_operator.py
[2026-08-24T14:38:31.749+0000] {processor.py:840} INFO - DAG(s) 'example_short_circuit_operator' retrieved from /home/airflow/.local/lib/python3.12/site-packages/airflow/example_dags/example_short_circuit_operator.py
[2026-08-24T14:38:31.779+0000] {logging_mixin.py:188} INFO - [2026-08-24T14:38:31.779+0000] {dag.py:3096} INFO - Sync 1 DAGs
[2026-08-24T14:38:31.807+0000] {logging_mixin.py:188} INFO - [2026-08-24T14:38:31.807+0000] {dag.py:3954} INFO - Setting next_dagrun for example_short_circuit_operator to 2026-08-23 00:00:00+00:00, run_after=2026-08-24 00:00:00+00:00
[2026-08-24T14:38:31.844+0000] {processor.py:183} INFO - Processing /home/airflow/.local/lib/python3.12/site-packages/airflow/example_dags/example_short_circuit_operator.py took 0.118 seconds
[2026-08-24T14:39:01.909+0000] {processor.py:161} INFO - Started process (PID=548) to work on /home/airflow/.local/lib/python3.12/site-packages/airflow/example_dags/example_short_circuit_operator.py
[2026-08-24T14:39:01.911+0000] {processor.py:830} INFO - Processing file /home/airflow/.local/lib/python3.12/site-packages/airflow/example_dags/example_short_circuit_operator.py for tasks to queue
[2026-08-24T14:39:01.914+0000] {logging_mixin.py:188} INFO - [2026-08-24T14:39:01.914+0000] {dagbag.py:545} INFO - Filling up the DagBag from /home/airflow/.local/lib/python3.12/site-packages/airflow/example_dags/example_short_circuit_operator.py
[2026-08-24T14:39:01.924+0000] {processor.py:840} INFO - DAG(s) 'example_short_circuit_operator' retrieved from /home/airflow/.local/lib/python3.12/site-packages/airflow/example_dags/example_short_circuit_operator.py
[2026-08-24T14:39:01.965+0000] {logging_mixin.py:188} INFO - [2026-08-24T14:39:01.965+0000] {dag.py:3096} INFO - Sync 1 DAGs
[2026-08-24T14:39:02.015+0000] {logging_mixin.py:188} INFO - [2026-08-24T14:39:02.015+0000] {dag.py:3954} INFO - Setting next_dagrun for example_short_circuit_operator to 2026-08-23 00:00:00+00:00, run_after=2026-08-24 00:00:00+00:00
[2026-08-24T14:39:02.059+0000] {processor.py:183} INFO - Processing /home/airflow/.local/lib/python3.12/site-packages/airflow/example_dags/example_short_circuit_operator.py took 0.158 seconds
[2026-08-24T14:41:19.623+0000] {processor.py:161} INFO - Started process (PID=127) to work on /home/airflow/.local/lib/python3.12/site-packages/airflow/example_dags/example_short_circuit_operator.py
[2026-08-24T14:41:19.625+0000] {processor.py:830} INFO - Processing file /home/airflow/.local/lib/python3.12/site-packages/airflow/example_dags/example_short_circuit_operator.py for tasks to queue
[2026-08-24T14:41:19.628+0000] {logging_mixin.py:188} INFO - [2026-08-24T14:41:19.628+0000] {dagbag.py:545} INFO - Filling up the DagBag from /home/airflow/.local/lib/python3.12/site-packages/airflow/example_dags/example_short_circuit_operator.py
[2026-08-24T14:41:19.642+0000] {processor.py:840} INFO - DAG(s) 'example_short_circuit_operator' retrieved from /home/airflow/.local/lib/python3.12/site-packages/airflow/example_dags/example_short_circuit_operator.py
[2026-08-24T14:41:19.838+0000] {logging_mixin.py:188} INFO - [2026-08-24T14:41:19.838+0000] {dag.py:3096} INFO - Sync 1 DAGs
[2026-08-24T14:41:19.871+0000] {logging_mixin.py:188} INFO - [2026-08-24T14:41:19.871+0000] {dag.py:3954} INFO - Setting next_dagrun for example_short_circuit_operator to 2026-08-23 00:00:00+00:00, run_after=2026-08-24 00:00:00+00:00
[2026-08-24T14:41:19.899+0000] {processor.py:183} INFO - Processing /home/airflow/.local/lib/python3.12/site-packages/airflow/example_dags/example_short_circuit_operator.py took 0.285 seconds
[2026-08-24T14:41:50.040+0000] {processor.py:161} INFO - Started process (PID=187) to work on /home/airflow/.local/lib/python3.12/site-packages/airflow/example_dags/example_short_circuit_operator.py
[2026-08-24T14:41:50.041+0000] {processor.py:830} INFO - Processing file /home/airflow/.local/lib/python3.12/site-packages/airflow/example_dags/example_short_circuit_operator.py for tasks to queue
[2026-08-24T14:41:50.043+0000] {logging_mixin.py:188} INFO - [2026-08-24T14:41:50.043+0000] {dagbag.py:545} INFO - Filling up the DagBag from /home/airflow/.local/lib/python3.12/site-packages/airflow/example_dags/example_short_circuit_operator.py
[2026-08-24T14:41:50.053+0000] {processor.py:840} INFO - DAG(s) 'example_short_circuit_operator' retrieved from /home/airflow/.local/lib/python3.12/site-packages/airflow/example_dags/example_short_circuit_operator.py
[2026-08-24T14:41:50.081+0000] {logging_mixin.py:188} INFO - [2026-08-24T14:41:50.080+0000] {dag.py:3096} INFO - Sync 1 DAGs
[2026-08-24T14:41:50.110+0000] {logging_mixin.py:188} INFO - [2026-08-24T14:41:50.109+0000] {dag.py:3954} INFO - Setting next_dagrun for example_short_circuit_operator to 2026-08-23 00:00:00+00:00, run_after=2026-08-24 00:00:00+00:00
[2026-08-24T14:41:50.132+0000] {processor.py:183} INFO - Processing /home/airflow/.local/lib/python3.12/site-packages/airflow/example_dags/example_short_circuit_operator.py took 0.100 seconds
[2026-08-24T14:42:20.714+0000] {processor.py:161} INFO - Started process (PID=247) to work on /home/airflow/.local/lib/python3.12/site-packages/airflow/example_dags/example_short_circuit_operator.py
[2026-08-24T14:42:20.716+0000] {processor.py:830} INFO - Processing file /home/airflow/.local/lib/python3.12/site-packages/airflow/example_dags/example_short_circuit_operator.py for tasks to queue
[2026-08-24T14:42:20.721+0000] {logging_mixin.py:188} INFO - [2026-08-24T14:42:20.719+0000] {dagbag.py:545} INFO - Filling up the DagBag from /home/airflow/.local/lib/python3.12/site-packages/airflow/example_dags/example_short_circuit_operator.py
[2026-08-24T14:42:20.733+0000] {processor.py:840} INFO - DAG(s) 'example_short_circuit_operator' retrieved from /home/airflow/.local/lib/python3.12/site-packages/airflow/example_dags/example_short_circuit_operator.py
[2026-08-24T14:42:20.767+0000] {logging_mixin.py:188} INFO - [2026-08-24T14:42:20.767+0000] {dag.py:3096} INFO - Sync 1 DAGs
[2026-08-24T14:42:20.814+0000] {logging_mixin.py:188} INFO - [2026-08-24T14:42:20.813+0000] {dag.py:3954} INFO - Setting next_dagrun for example_short_circuit_operator to 2026-08-23 00:00:00+00:00, run_after=2026-08-24 00:00:00+00:00
[2026-08-24T14:42:20.853+0000] {processor.py:183} INFO - Processing /home/airflow/.local/lib/python3.12/site-packages/airflow/example_dags/example_short_circuit_operator.py took 0.152 seconds
[2026-08-24T14:42:51.756+0000] {processor.py:161} INFO - Started process (PID=307) to work on /home/airflow/.local/lib/python3.12/site-packages/airflow/example_dags/example_short_circuit_operator.py
[2026-08-24T14:42:51.758+0000] {processor.py:830} INFO - Processing file /home/airflow/.local/lib/python3.12/site-packages/airflow/example_dags/example_short_circuit_operator.py for tasks to queue
[2026-08-24T14:42:51.761+0000] {logging_mixin.py:188} INFO - [2026-08-24T14:42:51.760+0000] {dagbag.py:545} INFO - Filling up the DagBag from /home/airflow/.local/lib/python3.12/site-packages/airflow/example_dags/example_short_circuit_operator.py
[2026-08-24T14:42:51.774+0000] {processor.py:840} INFO - DAG(s) 'example_short_circuit_operator' retrieved from /home/airflow/.local/lib/python3.12/site-packages/airflow/example_dags/example_short_circuit_operator.py
[2026-08-24T14:42:51.803+0000] {logging_mixin.py:188} INFO - [2026-08-24T14:42:51.803+0000] {dag.py:3096} INFO - Sync 1 DAGs
[2026-08-24T14:42:51.835+0000] {logging_mixin.py:188} INFO - [2026-08-24T14:42:51.835+0000] {dag.py:3954} INFO - Setting next_dagrun for example_short_circuit_operator to 2026-08-23 00:00:00+00:00, run_after=2026-08-24 00:00:00+00:00
[2026-08-24T14:42:51.863+0000] {processor.py:183} INFO - Processing /home/airflow/.local/lib/python3.12/site-packages/airflow/example_dags/example_short_circuit_operator.py took 0.114 seconds
[2026-08-24T14:43:23.036+0000] {processor.py:161} INFO - Started process (PID=367) to work on /home/airflow/.local/lib/python3.12/site-packages/airflow/example_dags/example_short_circuit_operator.py
[2026-08-24T14:43:23.038+0000] {processor.py:830} INFO - Processing file /home/airflow/.local/lib/python3.12/site-packages/airflow/example_dags/example_short_circuit_operator.py for tasks to queue
[2026-08-24T14:43:23.041+0000] {logging_mixin.py:188} INFO - [2026-08-24T14:43:23.040+0000] {dagbag.py:545} INFO - Filling up the DagBag from /home/airflow/.local/lib/python3.12/site-packages/airflow/example_dags/example_short_circuit_operator.py
[2026-08-24T14:43:23.057+0000] {processor.py:840} INFO - DAG(s) 'example_short_circuit_operator' retrieved from /home/airflow/.local/lib/python3.12/site-packages/airflow/example_dags/example_short_circuit_operator.py
[2026-08-24T14:43:23.089+0000] {logging_mixin.py:188} INFO - [2026-08-24T14:43:23.089+0000] {dag.py:3096} INFO - Sync 1 DAGs
[2026-08-24T14:43:23.119+0000] {logging_mixin.py:188} INFO - [2026-08-24T14:43:23.118+0000] {dag.py:3954} INFO - Setting next_dagrun for example_short_circuit_operator to 2026-08-23 00:00:00+00:00, run_after=2026-08-24 00:00:00+00:00
[2026-08-24T14:43:23.145+0000] {processor.py:183} INFO - Processing /home/airflow/.local/lib/python3.12/site-packages/airflow/example_dags/example_short_circuit_operator.py took 0.119 seconds
[2026-08-24T14:43:53.240+0000] {processor.py:161} INFO - Started process (PID=425) to work on /home/airflow/.local/lib/python3.12/site-packages/airflow/example_dags/example_short_circuit_operator.py
[2026-08-24T14:43:53.241+0000] {processor.py:830} INFO - Processing file /home/airflow/.local/lib/python3.12/site-packages/airflow/example_dags/example_short_circuit_operator.py for tasks to queue
[2026-08-24T14:43:53.244+0000] {logging_mixin.py:188} INFO - [2026-08-24T14:43:53.243+0000] {dagbag.py:545} INFO - Filling up the DagBag from /home/airflow/.local/lib/python3.12/site-packages/airflow/example_dags/example_short_circuit_operator.py
[2026-08-24T14:43:53.253+0000] {processor.py:840} INFO - DAG(s) 'example_short_circuit_operator' retrieved from /home/airflow/.local/lib/python3.12/site-packages/airflow/example_dags/example_short_circuit_operator.py
[2026-08-24T14:43:53.282+0000] {logging_mixin.py:188} INFO - [2026-08-24T14:43:53.282+0000] {dag.py:3096} INFO - Sync 1 DAGs
[2026-08-24T14:43:53.310+0000] {logging_mixin.py:188} INFO - [2026-08-24T14:43:53.310+0000] {dag.py:3954} INFO - Setting next_dagrun for example_short_circuit_operator to 2026-08-23 00:00:00+00:00, run_after=2026-08-24 00:00:00+00:00
[2026-08-24T14:43:53.334+0000] {processor.py:183} INFO - Processing /home/airflow/.local/lib/python3.12/site-packages/airflow/example_dags/example_short_circuit_operator.py took 0.102 seconds
[2026-08-24T14:44:23.547+0000] {processor.py:161} INFO - Started process (PID=485) to work on /home/airflow/.local/lib/python3.12/site-packages/airflow/example_dags/example_short_circuit_operator.py
[2026-08-24T14:44:23.549+0000] {processor.py:830} INFO - Processing file /home/airflow/.local/lib/python3.12/site-packages/airflow/example_dags/example_short_circuit_operator.py for tasks to queue
[2026-08-24T14:44:23.551+0000] {logging_mixin.py:188} INFO - [2026-08-24T14:44:23.551+0000] {dagbag.py:545} INFO - Filling up the DagBag from /home/airflow/.local/lib/python3.12/site-packages/airflow/example_dags/example_short_circuit_operator.py
[2026-08-24T14:44:23.560+0000] {processor.py:840} INFO - DAG(s) 'example_short_circuit_operator' retrieved from /home/airflow/.local/lib/python3.12/site-packages/airflow/example_dags/example_short_circuit_operator.py
[2026-08-24T14:44:23.587+0000] {logging_mixin.py:188} INFO - [2026-08-24T14:44:23.587+0000] {dag.py:3096} INFO - Sync 1 DAGs
[2026-08-24T14:44:23.614+0000] {logging_mixin.py:188} INFO - [2026-08-24T14:44:23.613+0000] {dag.py:3954} INFO - Setting next_dagrun for example_short_circuit_operator to 2026-08-23 00:00:00+00:00, run_after=2026-08-24 00:00:00+00:00
[2026-08-24T14:44:23.636+0000] {processor.py:183} INFO - Processing /home/airflow/.local/lib/python3.12/site-packages/airflow/example_dags/example_short_circuit_operator.py took 0.096 seconds
[2026-08-24T14:44:54.306+0000] {processor.py:161} INFO - Started process (PID=545) to work on /home/airflow/.local/lib/python3.12/site-packages/airflow/example_dags/example_short_circuit_operator.py
[2026-08-24T14:44:54.308+0000] {processor.py:830} INFO - Processing file /home/airflow/.local/lib/python3.12/site-packages/airflow/example_dags/example_short_circuit_operator.py for tasks to queue
[2026-08-24T14:44:54.311+0000] {logging_mixin.py:188} INFO - [2026-08-24T14:44:54.310+0000] {dagbag.py:545} INFO - Filling up the DagBag from /home/airflow/.local/lib/python3.12/site-packages/airflow/example_dags/example_short_circuit_operator.py
[2026-08-24T14:44:54.323+0000] {processor.py:840} INFO - DAG(s) 'example_short_circuit_operator' retrieved from /home/airflow/.local/lib/python3.12/site-packages/airflow/example_dags/example_short_circuit_operator.py
[2026-08-24T14:44:54.352+0000] {logging_mixin.py:188} INFO - [2026-08-24T14:44:54.352+0000] {dag.py:3096} INFO - Sync 1 DAGs
[2026-08-24T14:44:54.380+0000] {logging_mixin.py:188} INFO - [2026-08-24T14:44:54.380+0000] {dag.py:3954} INFO - Setting next_dagrun for example_short_circuit_operator to 2026-08-23 00:00:00+00:00, run_after=2026-08-24 00:00:00+00:00
[2026-08-24T14:44:54.405+0000] {processor.py:183} INFO - Processing /home/airflow/.local/lib/python3.12/site-packages/airflow/example_dags/example_short_circuit_operator.py took 0.107 seconds
[2026-08-24T14:49:22.373+0000] {processor.py:161} INFO - Started process (PID=126) to work on /home/airflow/.local/lib/python3.12/site-packages/airflow/example_dags/example_short_circuit_operator.py
[2026-08-24T14:49:22.375+0000] {processor.py:830} INFO - Processing file /home/airflow/.local/lib/python3.12/site-packages/airflow/example_dags/example_short_circuit_operator.py for tasks to queue
[2026-08-24T14:49:22.378+0000] {logging_mixin.py:188} INFO - [2026-08-24T14:49:22.377+0000] {dagbag.py:545} INFO - Filling up the DagBag from /home/airflow/.local/lib/python3.12/site-packages/airflow/example_dags/example_short_circuit_operator.py
[2026-08-24T14:49:22.400+0000] {processor.py:840} INFO - DAG(s) 'example_short_circuit_operator' retrieved from /home/airflow/.local/lib/python3.12/site-packages/airflow/example_dags/example_short_circuit_operator.py
[2026-08-24T14:49:22.652+0000] {logging_mixin.py:188} INFO - [2026-08-24T14:49:22.652+0000] {dag.py:3096} INFO - Sync 1 DAGs
[2026-08-24T14:49:22.706+0000] {logging_mixin.py:188} INFO - [2026-08-24T14:49:22.705+0000] {dag.py:3954} INFO - Setting next_dagrun for example_short_circuit_operator to 2026-08-23 00:00:00+00:00, run_after=2026-08-24 00:00:00+00:00
[2026-08-24T14:49:22.746+0000] {processor.py:183} INFO - Processing /home/airflow/.local/lib/python3.12/site-packages/airflow/example_dags/example_short_circuit_operator.py took 0.383 seconds
[2026-08-24T14:50:16.796+0000] {processor.py:161} INFO - Started process (PID=106) to work on /home/airflow/.local/lib/python3.12/site-packages/airflow/example_dags/example_short_circuit_operator.py
[2026-08-24T14:50:16.798+0000] {processor.py:830} INFO - Processing file /home/airflow/.local/lib/python3.12/site-packages/airflow/example_dags/example_short_circuit_operator.py for tasks to queue
[2026-08-24T14:50:16.804+0000] {logging_mixin.py:188} INFO - [2026-08-24T14:50:16.803+0000] {dagbag.py:545} INFO - Filling up the DagBag from /home/airflow/.local/lib/python3.12/site-packages/airflow/example_dags/example_short_circuit_operator.py
[2026-08-24T14:50:16.870+0000] {processor.py:840} INFO - DAG(s) 'example_short_circuit_operator' retrieved from /home/airflow/.local/lib/python3.12/site-packages/airflow/example_dags/example_short_circuit_operator.py
[2026-08-24T14:50:16.923+0000] {logging_mixin.py:188} INFO - [2026-08-24T14:50:16.923+0000] {dag.py:3096} INFO - Sync 1 DAGs
[2026-08-24T14:50:16.965+0000] {logging_mixin.py:188} INFO - [2026-08-24T14:50:16.965+0000] {dag.py:3954} INFO - Setting next_dagrun for example_short_circuit_operator to 2026-08-23 00:00:00+00:00, run_after=2026-08-24 00:00:00+00:00
[2026-08-24T14:50:16.998+0000] {processor.py:183} INFO - Processing /home/airflow/.local/lib/python3.12/site-packages/airflow/example_dags/example_short_circuit_operator.py took 0.210 seconds
[2026-08-24T14:50:47.968+0000] {processor.py:161} INFO - Started process (PID=166) to work on /home/airflow/.local/lib/python3.12/site-packages/airflow/example_dags/example_short_circuit_operator.py
[2026-08-24T14:50:47.969+0000] {processor.py:830} INFO - Processing file /home/airflow/.local/lib/python3.12/site-packages/airflow/example_dags/example_short_circuit_operator.py for tasks to queue
[2026-08-24T14:50:47.972+0000] {logging_mixin.py:188} INFO - [2026-08-24T14:50:47.972+0000] {dagbag.py:545} INFO - Filling up the DagBag from /home/airflow/.local/lib/python3.12/site-packages/airflow/example_dags/example_short_circuit_operator.py
[2026-08-24T14:50:47.981+0000] {processor.py:840} INFO - DAG(s) 'example_short_circuit_operator' retrieved from /home/airflow/.local/lib/python3.12/site-packages/airflow/example_dags/example_short_circuit_operator.py
[2026-08-24T14:50:48.012+0000] {logging_mixin.py:188} INFO - [2026-08-24T14:50:48.012+0000] {dag.py:3096} INFO - Sync 1 DAGs
[2026-08-24T14:50:48.041+0000] {logging_mixin.py:188} INFO - [2026-08-24T14:50:48.041+0000] {dag.py:3954} INFO - Setting next_dagrun for example_short_circuit_operator to 2026-08-23 00:00:00+00:00, run_after=2026-08-24 00:00:00+00:00
[2026-08-24T14:50:48.078+0000] {processor.py:183} INFO - Processing /home/airflow/.local/lib/python3.12/site-packages/airflow/example_dags/example_short_circuit_operator.py took 0.119 seconds
[2026-08-24T14:51:18.853+0000] {processor.py:161} INFO - Started process (PID=226) to work on /home/airflow/.local/lib/python3.12/site-packages/airflow/example_dags/example_short_circuit_operator.py
[2026-08-24T14:51:18.855+0000] {processor.py:830} INFO - Processing file /home/airflow/.local/lib/python3.12/site-packages/airflow/example_dags/example_short_circuit_operator.py for tasks to queue
[2026-08-24T14:51:18.857+0000] {logging_mixin.py:188} INFO - [2026-08-24T14:51:18.857+0000] {dagbag.py:545} INFO - Filling up the DagBag from /home/airflow/.local/lib/python3.12/site-packages/airflow/example_dags/example_short_circuit_operator.py
[2026-08-24T14:51:18.867+0000] {processor.py:840} INFO - DAG(s) 'example_short_circuit_operator' retrieved from /home/airflow/.local/lib/python3.12/site-packages/airflow/example_dags/example_short_circuit_operator.py
[2026-08-24T14:51:18.895+0000] {logging_mixin.py:188} INFO - [2026-08-24T14:51:18.894+0000] {dag.py:3096} INFO - Sync 1 DAGs
[2026-08-24T14:51:18.925+0000] {logging_mixin.py:188} INFO - [2026-08-24T14:51:18.925+0000] {dag.py:3954} INFO - Setting next_dagrun for example_short_circuit_operator to 2026-08-23 00:00:00+00:00, run_after=2026-08-24 00:00:00+00:00
[2026-08-24T14:51:18.956+0000] {processor.py:183} INFO - Processing /home/airflow/.local/lib/python3.12/site-packages/airflow/example_dags/example_short_circuit_operator.py took 0.110 seconds
