[2026-08-24T13:51:07.315+0000] {processor.py:161} INFO - Started process (PID=130) to work on /home/airflow/.local/lib/python3.12/site-packages/airflow/example_dags/example_xcom.py
[2026-08-24T13:51:07.317+0000] {processor.py:830} INFO - Processing file /home/airflow/.local/lib/python3.12/site-packages/airflow/example_dags/example_xcom.py for tasks to queue
[2026-08-24T13:51:07.320+0000] {logging_mixin.py:188} INFO - [2026-08-24T13:51:07.319+0000] {dagbag.py:545} INFO - Filling up the DagBag from /home/airflow/.local/lib/python3.12/site-packages/airflow/example_dags/example_xcom.py
[2026-08-24T13:51:07.332+0000] {processor.py:840} INFO - DAG(s) 'example_xcom' retrieved from /home/airflow/.local/lib/python3.12/site-packages/airflow/example_dags/example_xcom.py
[2026-08-24T13:51:07.480+0000] {logging_mixin.py:188} INFO - [2026-08-24T13:51:07.480+0000] {dag.py:3096} INFO - Sync 1 DAGs
[2026-08-24T13:51:07.504+0000] {logging_mixin.py:188} INFO - [2026-08-24T13:51:07.504+0000] {dag.py:3954} INFO - Setting next_dagrun for example_xcom to 2021-01-01 00:00:00+00:00, run_after=2021-01-01 00:00:00+00:00
[2026-08-24T13:51:07.532+0000] {processor.py:183} INFO - Processing /home/airflow/.local/lib/python3.12/site-packages/airflow/example_dags/example_xcom.py took 0.224 seconds
[2026-08-24T13:51:45.373+0000] {processor.py:161} INFO - Started process (PID=117) to work on /home/airflow/.local/lib/python3.12/site-packages/airflow/example_dags/example_xcom.py
[2026-08-24T13:51:45.375+0000] {processor.py:830} INFO - Processing file /home/airflow/.local/lib/python3.12/site-packages/airflow/example_dags/example_xcom.py for tasks to queue
[2026-08-24T13:51:45.378+0000] {logging_mixin.py:188} INFO - [2026-08-24T13:51:45.377+0000] {dagbag.py:545} INFO - Filling up the DagBag from /home/airflow/.local/lib/python3.12/site-packages/airflow/example_dags/example_xcom.py
[2026-08-24T13:51:45.389+0000] {processor.py:840} INFO - DAG(s) 'example_xcom' retrieved from /home/airflow/.local/lib/python3.12/site-packages/airflow/example_dags/example_xcom.py
[2026-08-24T13:51:45.421+0000] {logging_mixin.py:188} INFO - [2026-08-24T13:51:45.421+0000] {dag.py:3096} INFO - Sync 1 DAGs
[2026-08-24T13:51:45.463+0000] {logging_mixin.py:188} INFO - [2026-08-24T13:51:45.462+0000] {dag.py:3954} INFO - Setting next_dagrun for example_xcom to 2021-01-01 00:00:00+00:00, run_after=2021-01-01 00:00:00+00:00
[2026-08-24T13:51:45.492+0000] {processor.py:183} INFO - Processing /home/airflow/.local/lib/python3.12/site-packages/airflow/example_dags/example_xcom.py took 0.126 seconds
[2026-08-24T13:52:16.028+0000] {processor.py:161} INFO - Started process (PID=176) to work on /home/airflow/.local/lib/python3.12/site-packages/airflow/example_dags/example_xcom.py
[2026-08-24T13:52:16.030+0000] {processor.py:830} INFO - Processing file /home/airflow/.local/lib/python3.12/site-packages/airflow/example_dags/example_xcom.py for tasks to queue
[2026-08-24T13:52:16.032+0000] {logging_mixin.py:188} INFO - [2026-08-24T13:52:16.032+0000] {dagbag.py:545} INFO - Filling up the DagBag from /home/airflow/.local/lib/python3.12/site-packages/airflow/example_dags/example_xcom.py
[2026-08-24T13:52:16.042+0000] {processor.py:840} INFO - DAG(s) 'example_xcom' retrieved from /home/airflow/.local/lib/python3.12/site-packages/airflow/example_dags/example_xcom.py
[2026-08-24T13:52:16.067+0000] {logging_mixin.py:188} INFO - [2026-08-24T13:52:16.067+0000] {dag.py:3096} INFO - Sync 1 DAGs
[2026-08-24T13:52:16.095+0000] {logging_mixin.py:188} INFO - [2026-08-24T13:52:16.095+0000] {dag.py:3954} INFO - Setting next_dagrun for example_xcom to 2021-01-01 00:00:00+00:00, run_after=2021-01-01 00:00:00+00:00
[2026-08-24T13:52:16.120+0000] {processor.py:183} INFO - Processing /home/airflow/.local/lib/python3.12/site-packages/airflow/example_dags/example_xcom.py took 0.098 seconds
[2026-08-24T13:52:46.595+0000] {processor.py:161} INFO - Started process (PID=235) to work on /home/airflow/.local/lib/python3.12/site-packages/airflow/example_dags/example_xcom.py
[2026-08-24T13:52:46.596+0000] {processor.py:830} INFO - Processing file /home/airflow/.local/lib/python3.12/site-packages/airflow/example_dags/example_xcom.py for tasks to queue
[2026-08-24T13:52:46.600+0000] {logging_mixin.py:188} INFO - [2026-08-24T13:52:46.599+0000] {dagbag.py:545} INFO - Filling up the DagBag from /home/airflow/.local/lib/python3.12/site-packages/airflow/example_dags/example_xcom.py
[2026-08-24T13:52:46.617+0000] {processor.py:840} INFO - DAG(s) 'example_xcom' retrieved from /home/airflow/.local/lib/python3.12/site-packages/airflow/example_dags/example_xcom.py
[2026-08-24T13:52:46.647+0000] {logging_mixin.py:188} INFO - [2026-08-24T13:52:46.646+0000] {dag.py:3096} INFO - Sync 1 DAGs
[2026-08-24T13:52:46.701+0000] {logging_mixin.py:188} INFO - [2026-08-24T13:52:46.700+0000] {dag.py:3954} INFO - Setting next_dagrun for example_xcom to 2021-01-01 00:00:00+00:00, run_after=2021-01-01 00:00:00+00:00
[2026-08-24T13:52:46.731+0000] {processor.py:183} INFO - Processing /home/airflow/.local/lib/python3.12/site-packages/airflow/example_dags/example_xcom.py took 0.148 seconds
[2026-08-24T13:53:17.330+0000] {processor.py:161} INFO - Started process (PID=294) to work on /home/airflow/.local/lib/python3.12/site-packages/airflow/example_dags/example_xcom.py
[2026-08-24T13:53:17.331+0000] {processor.py:830} INFO - Processing file /home/airflow/.local/lib/python3.12/site-packages/airflow/example_dags/example_xcom.py for tasks to queue
[2026-08-24T13:53:17.334+0000] {logging_mixin.py:188} INFO - [2026-08-24T13:53:17.333+0000] {dagbag.py:545} INFO - Filling up the DagBag from /home/airflow/.local/lib/python3.12/site-packages/airflow/example_dags/example_xcom.py
[2026-08-24T13:53:17.343+0000] {processor.py:840} INFO - DAG(s) 'example_xcom' retrieved from /home/airflow/.local/lib/python3.12/site-packages/airflow/example_dags/example_xcom.py
[2026-08-24T13:53:17.367+0000] {logging_mixin.py:188} INFO - [2026-08-24T13:53:17.367+0000] {dag.py:3096} INFO - Sync 1 DAGs
[2026-08-24T13:53:17.398+0000] {logging_mixin.py:188} INFO - [2026-08-24T13:53:17.398+0000] {dag.py:3954} INFO - Setting next_dagrun for example_xcom to 2021-01-01 00:00:00+00:00, run_after=2021-01-01 00:00:00+00:00
[2026-08-24T13:53:17.422+0000] {processor.py:183} INFO - Processing /home/airflow/.local/lib/python3.12/site-packages/airflow/example_dags/example_xcom.py took 0.099 seconds
[2026-08-24T13:53:48.228+0000] {processor.py:161} INFO - Started process (PID=353) to work on /home/airflow/.local/lib/python3.12/site-packages/airflow/example_dags/example_xcom.py
[2026-08-24T13:53:48.229+0000] {processor.py:830} INFO - Processing file /home/airflow/.local/lib/python3.12/site-packages/airflow/example_dags/example_xcom.py for tasks to queue
[2026-08-24T13:53:48.232+0000] {logging_mixin.py:188} INFO - [2026-08-24T13:53:48.231+0000] {dagbag.py:545} INFO - Filling up the DagBag from /home/airflow/.local/lib/python3.12/site-packages/airflow/example_dags/example_xcom.py
[2026-08-24T13:53:48.243+0000] {processor.py:840} INFO - DAG(s) 'example_xcom' retrieved from /home/airflow/.local/lib/python3.12/site-packages/airflow/example_dags/example_xcom.py
[2026-08-24T13:53:48.268+0000] {logging_mixin.py:188} INFO - [2026-08-24T13:53:48.268+0000] {dag.py:3096} INFO - Sync 1 DAGs
[2026-08-24T13:53:48.301+0000] {logging_mixin.py:188} INFO - [2026-08-24T13:53:48.301+0000] {dag.py:3954} INFO - Setting next_dagrun for example_xcom to 2021-01-01 00:00:00+00:00, run_after=2021-01-01 00:00:00+00:00
[2026-08-24T13:53:48.323+0000] {processor.py:183} INFO - Processing /home/airflow/.local/lib/python3.12/site-packages/airflow/example_dags/example_xcom.py took 0.104 seconds
[2026-08-24T13:54:19.387+0000] {processor.py:161} INFO - Started process (PID=412) to work on /home/airflow/.local/lib/python3.12/site-packages/airflow/example_dags/example_xcom.py
[2026-08-24T13:54:19.388+0000] {processor.py:830} INFO - Processing file /home/airflow/.local/lib/python3.12/site-packages/airflow/example_dags/example_xcom.py for tasks to queue
[2026-08-24T13:54:19.391+0000] {logging_mixin.py:188} INFO - [2026-08-24T13:54:19.390+0000] {dagbag.py:545} INFO - Filling up the DagBag from /home/airflow/.local/lib/python3.12/site-packages/airflow/example_dags/example_xcom.py
[2026-08-24T13:54:19.403+0000] {processor.py:840} INFO - DAG(s) 'example_xcom' retrieved from /home/airflow/.local/lib/python3.12/site-packages/airflow/example_dags/example_xcom.py
[2026-08-24T13:54:19.434+0000] {logging_mixin.py:188} INFO - [2026-08-24T13:54:19.434+0000] {dag.py:3096} INFO - Sync 1 DAGs
[2026-08-24T13:54:19.471+0000] {logging_mixin.py:188} INFO - [2026-08-24T13:54:19.471+0000] {dag.py:3954} INFO - Setting next_dagrun for example_xcom to 2021-01-01 00:00:00+00:00, run_after=2021-01-01 00:00:00+00:00
[2026-08-24T13:54:19.506+0000] {processor.py:183} INFO - Processing /home/airflow/.local/lib/python3.12/site-packages/airflow/example_dags/example_xcom.py took 0.128 seconds
[2026-08-24T13:54:49.618+0000] {processor.py:161} INFO - Started process (PID=471) to work on /home/airflow/.local/lib/python3.12/site-packages/airflow/example_dags/example_xcom.py
[2026-08-24T13:54:49.619+0000] {processor.py:830} INFO - Processing file /home/airflow/.local/lib/python3.12/site-packages/airflow/example_dags/example_xcom.py for tasks to queue
[2026-08-24T13:54:49.622+0000] {logging_mixin.py:188} INFO - [2026-08-24T13:54:49.622+0000] {dagbag.py:545} INFO - Filling up the DagBag from /home/airflow/.local/lib/python3.12/site-packages/airflow/example_dags/example_xcom.py
[2026-08-24T13:54:49.631+0000] {processor.py:840} INFO - DAG(s) 'example_xcom' retrieved from /home/airflow/.local/lib/python3.12/site-packages/airflow/example_dags/example_xcom.py
[2026-08-24T13:54:49.651+0000] {logging_mixin.py:188} INFO - [2026-08-24T13:54:49.651+0000] {dag.py:3096} INFO - Sync 1 DAGs
[2026-08-24T13:54:49.684+0000] {logging_mixin.py:188} INFO - [2026-08-24T13:54:49.684+0000] {dag.py:3954} INFO - Setting next_dagrun for example_xcom to 2021-01-01 00:00:00+00:00, run_after=2021-01-01 00:00:00+00:00
[2026-08-24T13:54:49.716+0000] {processor.py:183} INFO - Processing /home/airflow/.local/lib/python3.12/site-packages/airflow/example_dags/example_xcom.py took 0.106 seconds
[2026-08-24T13:55:26.669+0000] {processor.py:161} INFO - Started process (PID=531) to work on /home/airflow/.local/lib/python3.12/site-packages/airflow/example_dags/example_xcom.py
[2026-08-24T13:55:26.671+0000] {processor.py:830} INFO - Processing file /home/airflow/.local/lib/python3.12/site-packages/airflow/example_dags/example_xcom.py for tasks to queue
[2026-08-24T13:55:26.678+0000] {logging_mixin.py:188} INFO - [2026-08-24T13:55:26.678+0000] {dagbag.py:545} INFO - Filling up the DagBag from /home/airflow/.local/lib/python3.12/site-packages/airflow/example_dags/example_xcom.py
[2026-08-24T13:55:26.697+0000] {processor.py:840} INFO - DAG(s) 'example_xcom' retrieved from /home/airflow/.local/lib/python3.12/site-packages/airflow/example_dags/example_xcom.py
[2026-08-24T13:55:26.890+0000] {logging_mixin.py:188} INFO - [2026-08-24T13:55:26.890+0000] {dag.py:3096} INFO - Sync 1 DAGs
[2026-08-24T13:55:26.924+0000] {logging_mixin.py:188} INFO - [2026-08-24T13:55:26.924+0000] {dag.py:3954} INFO - Setting next_dagrun for example_xcom to 2021-01-01 00:00:00+00:00, run_after=2021-01-01 00:00:00+00:00
[2026-08-24T13:55:26.959+0000] {processor.py:183} INFO - Processing /home/airflow/.local/lib/python3.12/site-packages/airflow/example_dags/example_xcom.py took 0.302 seconds
[2026-08-24T13:55:57.325+0000] {processor.py:161} INFO - Started process (PID=590) to work on /home/airflow/.local/lib/python3.12/site-packages/airflow/example_dags/example_xcom.py
[2026-08-24T13:55:57.327+0000] {processor.py:830} INFO - Processing file /home/airflow/.local/lib/python3.12/site-packages/airflow/example_dags/example_xcom.py for tasks to queue
[2026-08-24T13:55:57.331+0000] {logging_mixin.py:188} INFO - [2026-08-24T13:55:57.330+0000] {dagbag.py:545} INFO - Filling up the DagBag from /home/airflow/.local/lib/python3.12/site-packages/airflow/example_dags/example_xcom.py
[2026-08-24T13:55:57.349+0000] {processor.py:840} INFO - DAG(s) 'example_xcom' retrieved from /home/airflow/.local/lib/python3.12/site-packages/airflow/example_dags/example_xcom.py
[2026-08-24T13:55:57.385+0000] {logging_mixin.py:188} INFO - [2026-08-24T13:55:57.385+0000] {dag.py:3096} INFO - Sync 1 DAGs
[2026-08-24T13:55:57.429+0000] {logging_mixin.py:188} INFO - [2026-08-24T13:55:57.428+0000] {dag.py:3954} INFO - Setting next_dagrun for example_xcom to 2021-01-01 00:00:00+00:00, run_after=2021-01-01 00:00:00+00:00
[2026-08-24T13:55:57.467+0000] {processor.py:183} INFO - Processing /home/airflow/.local/lib/python3.12/site-packages/airflow/example_dags/example_xcom.py took 0.155 seconds
[2026-08-24T13:56:27.768+0000] {processor.py:161} INFO - Started process (PID=649) to work on /home/airflow/.local/lib/python3.12/site-packages/airflow/example_dags/example_xcom.py
[2026-08-24T13:56:27.770+0000] {processor.py:830} INFO - Processing file /home/airflow/.local/lib/python3.12/site-packages/airflow/example_dags/example_xcom.py for tasks to queue
[2026-08-24T13:56:27.776+0000] {logging_mixin.py:188} INFO - [2026-08-24T13:56:27.776+0000] {dagbag.py:545} INFO - Filling up the DagBag from /home/airflow/.local/lib/python3.12/site-packages/airflow/example_dags/example_xcom.py
[2026-08-24T13:56:27.790+0000] {processor.py:840} INFO - DAG(s) 'example_xcom' retrieved from /home/airflow/.local/lib/python3.12/site-packages/airflow/example_dags/example_xcom.py
[2026-08-24T13:56:27.827+0000] {logging_mixin.py:188} INFO - [2026-08-24T13:56:27.827+0000] {dag.py:3096} INFO - Sync 1 DAGs
[2026-08-24T13:56:27.863+0000] {logging_mixin.py:188} INFO - [2026-08-24T13:56:27.862+0000] {dag.py:3954} INFO - Setting next_dagrun for example_xcom to 2021-01-01 00:00:00+00:00, run_after=2021-01-01 00:00:00+00:00
[2026-08-24T13:56:27.894+0000] {processor.py:183} INFO - Processing /home/airflow/.local/lib/python3.12/site-packages/airflow/example_dags/example_xcom.py took 0.136 seconds
[2026-08-24T13:56:58.806+0000] {processor.py:161} INFO - Started process (PID=708) to work on /home/airflow/.local/lib/python3.12/site-packages/airflow/example_dags/example_xcom.py
[2026-08-24T13:56:58.807+0000] {processor.py:830} INFO - Processing file /home/airflow/.local/lib/python3.12/site-packages/airflow/example_dags/example_xcom.py for tasks to queue
[2026-08-24T13:56:58.813+0000] {logging_mixin.py:188} INFO - [2026-08-24T13:56:58.812+0000] {dagbag.py:545} INFO - Filling up the DagBag from /home/airflow/.local/lib/python3.12/site-packages/airflow/example_dags/example_xcom.py
[2026-08-24T13:56:58.832+0000] {processor.py:840} INFO - DAG(s) 'example_xcom' retrieved from /home/airflow/.local/lib/python3.12/site-packages/airflow/example_dags/example_xcom.py
[2026-08-24T13:56:58.874+0000] {logging_mixin.py:188} INFO - [2026-08-24T13:56:58.874+0000] {dag.py:3096} INFO - Sync 1 DAGs
[2026-08-24T13:56:58.920+0000] {logging_mixin.py:188} INFO - [2026-08-24T13:56:58.919+0000] {dag.py:3954} INFO - Setting next_dagrun for example_xcom to 2021-01-01 00:00:00+00:00, run_after=2021-01-01 00:00:00+00:00
[2026-08-24T13:56:58.964+0000] {processor.py:183} INFO - Processing /home/airflow/.local/lib/python3.12/site-packages/airflow/example_dags/example_xcom.py took 0.170 seconds
[2026-08-24T13:57:29.173+0000] {processor.py:161} INFO - Started process (PID=769) to work on /home/airflow/.local/lib/python3.12/site-packages/airflow/example_dags/example_xcom.py
[2026-08-24T13:57:29.176+0000] {processor.py:830} INFO - Processing file /home/airflow/.local/lib/python3.12/site-packages/airflow/example_dags/example_xcom.py for tasks to queue
[2026-08-24T13:57:29.179+0000] {logging_mixin.py:188} INFO - [2026-08-24T13:57:29.178+0000] {dagbag.py:545} INFO - Filling up the DagBag from /home/airflow/.local/lib/python3.12/site-packages/airflow/example_dags/example_xcom.py
[2026-08-24T13:57:29.190+0000] {processor.py:840} INFO - DAG(s) 'example_xcom' retrieved from /home/airflow/.local/lib/python3.12/site-packages/airflow/example_dags/example_xcom.py
[2026-08-24T13:57:29.216+0000] {logging_mixin.py:188} INFO - [2026-08-24T13:57:29.216+0000] {dag.py:3096} INFO - Sync 1 DAGs
[2026-08-24T13:57:29.243+0000] {logging_mixin.py:188} INFO - [2026-08-24T13:57:29.243+0000] {dag.py:3954} INFO - Setting next_dagrun for example_xcom to 2021-01-01 00:00:00+00:00, run_after=2021-01-01 00:00:00+00:00
[2026-08-24T13:57:29.268+0000] {processor.py:183} INFO - Processing /home/airflow/.local/lib/python3.12/site-packages/airflow/example_dags/example_xcom.py took 0.104 seconds
[2026-08-24T13:58:00.013+0000] {processor.py:161} INFO - Started process (PID=827) to work on /home/airflow/.local/lib/python3.12/site-packages/airflow/example_dags/example_xcom.py
[2026-08-24T13:58:00.014+0000] {processor.py:830} INFO - Processing file /home/airflow/.local/lib/python3.12/site-packages/airflow/example_dags/example_xcom.py for tasks to queue
[2026-08-24T13:58:00.016+0000] {logging_mixin.py:188} INFO - [2026-08-24T13:58:00.016+0000] {dagbag.py:545} INFO - Filling up the DagBag from /home/airflow/.local/lib/python3.12/site-packages/airflow/example_dags/example_xcom.py
[2026-08-24T13:58:00.026+0000] {processor.py:840} INFO - DAG(s) 'example_xcom' retrieved from /home/airflow/.local/lib/python3.12/site-packages/airflow/example_dags/example_xcom.py
[2026-08-24T13:58:00.052+0000] {logging_mixin.py:188} INFO - [2026-08-24T13:58:00.051+0000] {dag.py:3096} INFO - Sync 1 DAGs
[2026-08-24T13:58:00.078+0000] {logging_mixin.py:188} INFO - [2026-08-24T13:58:00.078+0000] {dag.py:3954} INFO - Setting next_dagrun for example_xcom to 2021-01-01 00:00:00+00:00, run_after=2021-01-01 00:00:00+00:00
[2026-08-24T13:58:00.108+0000] {processor.py:183} INFO - Processing /home/airflow/.local/lib/python3.12/site-packages/airflow/example_dags/example_xcom.py took 0.103 seconds
[2026-08-24T13:58:31.133+0000] {processor.py:161} INFO - Started process (PID=887) to work on /home/airflow/.local/lib/python3.12/site-packages/airflow/example_dags/example_xcom.py
[2026-08-24T13:58:31.134+0000] {processor.py:830} INFO - Processing file /home/airflow/.local/lib/python3.12/site-packages/airflow/example_dags/example_xcom.py for tasks to queue
[2026-08-24T13:58:31.141+0000] {logging_mixin.py:188} INFO - [2026-08-24T13:58:31.140+0000] {dagbag.py:545} INFO - Filling up the DagBag from /home/airflow/.local/lib/python3.12/site-packages/airflow/example_dags/example_xcom.py
[2026-08-24T13:58:31.155+0000] {processor.py:840} INFO - DAG(s) 'example_xcom' retrieved from /home/airflow/.local/lib/python3.12/site-packages/airflow/example_dags/example_xcom.py
[2026-08-24T13:58:31.183+0000] {logging_mixin.py:188} INFO - [2026-08-24T13:58:31.182+0000] {dag.py:3096} INFO - Sync 1 DAGs
[2026-08-24T13:58:31.213+0000] {logging_mixin.py:188} INFO - [2026-08-24T13:58:31.212+0000] {dag.py:3954} INFO - Setting next_dagrun for example_xcom to 2021-01-01 00:00:00+00:00, run_after=2021-01-01 00:00:00+00:00
[2026-08-24T13:58:31.239+0000] {processor.py:183} INFO - Processing /home/airflow/.local/lib/python3.12/site-packages/airflow/example_dags/example_xcom.py took 0.115 seconds
[2026-08-24T14:00:41.342+0000] {processor.py:161} INFO - Started process (PID=129) to work on /home/airflow/.local/lib/python3.12/site-packages/airflow/example_dags/example_xcom.py
[2026-08-24T14:00:41.344+0000] {processor.py:830} INFO - Processing file /home/airflow/.local/lib/python3.12/site-packages/airflow/example_dags/example_xcom.py for tasks to queue
[2026-08-24T14:00:41.346+0000] {logging_mixin.py:188} INFO - [2026-08-24T14:00:41.346+0000] {dagbag.py:545} INFO - Filling up the DagBag from /home/airflow/.local/lib/python3.12/site-packages/airflow/example_dags/example_xcom.py
[2026-08-24T14:00:41.359+0000] {processor.py:840} INFO - DAG(s) 'example_xcom' retrieved from /home/airflow/.local/lib/python3.12/site-packages/airflow/example_dags/example_xcom.py
[2026-08-24T14:00:41.514+0000] {logging_mixin.py:188} INFO - [2026-08-24T14:00:41.513+0000] {dag.py:3096} INFO - Sync 1 DAGs
[2026-08-24T14:00:41.539+0000] {logging_mixin.py:188} INFO - [2026-08-24T14:00:41.539+0000] {dag.py:3954} INFO - Setting next_dagrun for example_xcom to 2021-01-01 00:00:00+00:00, run_after=2021-01-01 00:00:00+00:00
[2026-08-24T14:00:41.568+0000] {processor.py:183} INFO - Processing /home/airflow/.local/lib/python3.12/site-packages/airflow/example_dags/example_xcom.py took 0.233 seconds
[2026-08-24T14:01:11.881+0000] {processor.py:161} INFO - Started process (PID=188) to work on /home/airflow/.local/lib/python3.12/site-packages/airflow/example_dags/example_xcom.py
[2026-08-24T14:01:11.883+0000] {processor.py:830} INFO - Processing file /home/airflow/.local/lib/python3.12/site-packages/airflow/example_dags/example_xcom.py for tasks to queue
[2026-08-24T14:01:11.886+0000] {logging_mixin.py:188} INFO - [2026-08-24T14:01:11.885+0000] {dagbag.py:545} INFO - Filling up the DagBag from /home/airflow/.local/lib/python3.12/site-packages/airflow/example_dags/example_xcom.py
[2026-08-24T14:01:11.898+0000] {processor.py:840} INFO - DAG(s) 'example_xcom' retrieved from /home/airflow/.local/lib/python3.12/site-packages/airflow/example_dags/example_xcom.py
[2026-08-24T14:01:11.936+0000] {logging_mixin.py:188} INFO - [2026-08-24T14:01:11.936+0000] {dag.py:3096} INFO - Sync 1 DAGs
[2026-08-24T14:01:11.982+0000] {logging_mixin.py:188} INFO - [2026-08-24T14:01:11.981+0000] {dag.py:3954} INFO - Setting next_dagrun for example_xcom to 2021-01-01 00:00:00+00:00, run_after=2021-01-01 00:00:00+00:00
[2026-08-24T14:01:12.037+0000] {processor.py:183} INFO - Processing /home/airflow/.local/lib/python3.12/site-packages/airflow/example_dags/example_xcom.py took 0.165 seconds
[2026-08-24T14:01:42.114+0000] {processor.py:161} INFO - Started process (PID=248) to work on /home/airflow/.local/lib/python3.12/site-packages/airflow/example_dags/example_xcom.py
[2026-08-24T14:01:42.115+0000] {processor.py:830} INFO - Processing file /home/airflow/.local/lib/python3.12/site-packages/airflow/example_dags/example_xcom.py for tasks to queue
[2026-08-24T14:01:42.118+0000] {logging_mixin.py:188} INFO - [2026-08-24T14:01:42.117+0000] {dagbag.py:545} INFO - Filling up the DagBag from /home/airflow/.local/lib/python3.12/site-packages/airflow/example_dags/example_xcom.py
[2026-08-24T14:01:42.132+0000] {processor.py:840} INFO - DAG(s) 'example_xcom' retrieved from /home/airflow/.local/lib/python3.12/site-packages/airflow/example_dags/example_xcom.py
[2026-08-24T14:01:42.162+0000] {logging_mixin.py:188} INFO - [2026-08-24T14:01:42.162+0000] {dag.py:3096} INFO - Sync 1 DAGs
[2026-08-24T14:01:42.196+0000] {logging_mixin.py:188} INFO - [2026-08-24T14:01:42.196+0000] {dag.py:3954} INFO - Setting next_dagrun for example_xcom to 2021-01-01 00:00:00+00:00, run_after=2021-01-01 00:00:00+00:00
[2026-08-24T14:01:42.232+0000] {processor.py:183} INFO - Processing /home/airflow/.local/lib/python3.12/site-packages/airflow/example_dags/example_xcom.py took 0.127 seconds
[2026-08-24T14:02:12.390+0000] {processor.py:161} INFO - Started process (PID=306) to work on /home/airflow/.local/lib/python3.12/site-packages/airflow/example_dags/example_xcom.py
[2026-08-24T14:02:12.391+0000] {processor.py:830} INFO - Processing file /home/airflow/.local/lib/python3.12/site-packages/airflow/example_dags/example_xcom.py for tasks to queue
[2026-08-24T14:02:12.394+0000] {logging_mixin.py:188} INFO - [2026-08-24T14:02:12.393+0000] {dagbag.py:545} INFO - Filling up the DagBag from /home/airflow/.local/lib/python3.12/site-packages/airflow/example_dags/example_xcom.py
[2026-08-24T14:02:12.403+0000] {processor.py:840} INFO - DAG(s) 'example_xcom' retrieved from /home/airflow/.local/lib/python3.12/site-packages/airflow/example_dags/example_xcom.py
[2026-08-24T14:02:12.431+0000] {logging_mixin.py:188} INFO - [2026-08-24T14:02:12.431+0000] {dag.py:3096} INFO - Sync 1 DAGs
[2026-08-24T14:02:12.461+0000] {logging_mixin.py:188} INFO - [2026-08-24T14:02:12.461+0000] {dag.py:3954} INFO - Setting next_dagrun for example_xcom to 2021-01-01 00:00:00+00:00, run_after=2021-01-01 00:00:00+00:00
[2026-08-24T14:02:12.486+0000] {processor.py:183} INFO - Processing /home/airflow/.local/lib/python3.12/site-packages/airflow/example_dags/example_xcom.py took 0.104 seconds
[2026-08-24T14:02:42.732+0000] {processor.py:161} INFO - Started process (PID=367) to work on /home/airflow/.local/lib/python3.12/site-packages/airflow/example_dags/example_xcom.py
[2026-08-24T14:02:42.733+0000] {processor.py:830} INFO - Processing file /home/airflow/.local/lib/python3.12/site-packages/airflow/example_dags/example_xcom.py for tasks to queue
[2026-08-24T14:02:42.735+0000] {logging_mixin.py:188} INFO - [2026-08-24T14:02:42.735+0000] {dagbag.py:545} INFO - Filling up the DagBag from /home/airflow/.local/lib/python3.12/site-packages/airflow/example_dags/example_xcom.py
[2026-08-24T14:02:42.745+0000] {processor.py:840} INFO - DAG(s) 'example_xcom' retrieved from /home/airflow/.local/lib/python3.12/site-packages/airflow/example_dags/example_xcom.py
[2026-08-24T14:02:42.771+0000] {logging_mixin.py:188} INFO - [2026-08-24T14:02:42.771+0000] {dag.py:3096} INFO - Sync 1 DAGs
[2026-08-24T14:02:42.799+0000] {logging_mixin.py:188} INFO - [2026-08-24T14:02:42.799+0000] {dag.py:3954} INFO - Setting next_dagrun for example_xcom to 2021-01-01 00:00:00+00:00, run_after=2021-01-01 00:00:00+00:00
[2026-08-24T14:02:42.824+0000] {processor.py:183} INFO - Processing /home/airflow/.local/lib/python3.12/site-packages/airflow/example_dags/example_xcom.py took 0.099 seconds
[2026-08-24T14:07:44.611+0000] {processor.py:161} INFO - Started process (PID=135) to work on /home/airflow/.local/lib/python3.12/site-packages/airflow/example_dags/example_xcom.py
[2026-08-24T14:07:44.612+0000] {processor.py:830} INFO - Processing file /home/airflow/.local/lib/python3.12/site-packages/airflow/example_dags/example_xcom.py for tasks to queue
[2026-08-24T14:07:44.615+0000] {logging_mixin.py:188} INFO - [2026-08-24T14:07:44.615+0000] {dagbag.py:545} INFO - Filling up the DagBag from /home/airflow/.local/lib/python3.12/site-packages/airflow/example_dags/example_xcom.py
[2026-08-24T14:07:44.627+0000] {processor.py:840} INFO - DAG(s) 'example_xcom' retrieved from /home/airflow/.local/lib/python3.12/site-packages/airflow/example_dags/example_xcom.py
[2026-08-24T14:07:44.756+0000] {logging_mixin.py:188} INFO - [2026-08-24T14:07:44.756+0000] {dag.py:3096} INFO - Sync 1 DAGs
[2026-08-24T14:07:44.782+0000] {logging_mixin.py:188} INFO - [2026-08-24T14:07:44.781+0000] {dag.py:3954} INFO - Setting next_dagrun for example_xcom to 2021-01-01 00:00:00+00:00, run_after=2021-01-01 00:00:00+00:00
[2026-08-24T14:07:44.807+0000] {processor.py:183} INFO - Processing /home/airflow/.local/lib/python3.12/site-packages/airflow/example_dags/example_xcom.py took 0.204 seconds
[2026-08-24T14:08:15.813+0000] {processor.py:161} INFO - Started process (PID=194) to work on /home/airflow/.local/lib/python3.12/site-packages/airflow/example_dags/example_xcom.py
[2026-08-24T14:08:15.814+0000] {processor.py:830} INFO - Processing file /home/airflow/.local/lib/python3.12/site-packages/airflow/example_dags/example_xcom.py for tasks to queue
[2026-08-24T14:08:15.816+0000] {logging_mixin.py:188} INFO - [2026-08-24T14:08:15.816+0000] {dagbag.py:545} INFO - Filling up the DagBag from /home/airflow/.local/lib/python3.12/site-packages/airflow/example_dags/example_xcom.py
[2026-08-24T14:08:15.828+0000] {processor.py:840} INFO - DAG(s) 'example_xcom' retrieved from /home/airflow/.local/lib/python3.12/site-packages/airflow/example_dags/example_xcom.py
[2026-08-24T14:08:15.857+0000] {logging_mixin.py:188} INFO - [2026-08-24T14:08:15.856+0000] {dag.py:3096} INFO - Sync 1 DAGs
[2026-08-24T14:08:15.894+0000] {logging_mixin.py:188} INFO - [2026-08-24T14:08:15.894+0000] {dag.py:3954} INFO - Setting next_dagrun for example_xcom to 2021-01-01 00:00:00+00:00, run_after=2021-01-01 00:00:00+00:00
[2026-08-24T14:08:15.921+0000] {processor.py:183} INFO - Processing /home/airflow/.local/lib/python3.12/site-packages/airflow/example_dags/example_xcom.py took 0.116 seconds
[2026-08-24T14:08:46.013+0000] {processor.py:161} INFO - Started process (PID=253) to work on /home/airflow/.local/lib/python3.12/site-packages/airflow/example_dags/example_xcom.py
[2026-08-24T14:08:46.014+0000] {processor.py:830} INFO - Processing file /home/airflow/.local/lib/python3.12/site-packages/airflow/example_dags/example_xcom.py for tasks to queue
[2026-08-24T14:08:46.017+0000] {logging_mixin.py:188} INFO - [2026-08-24T14:08:46.017+0000] {dagbag.py:545} INFO - Filling up the DagBag from /home/airflow/.local/lib/python3.12/site-packages/airflow/example_dags/example_xcom.py
[2026-08-24T14:08:46.028+0000] {processor.py:840} INFO - DAG(s) 'example_xcom' retrieved from /home/airflow/.local/lib/python3.12/site-packages/airflow/example_dags/example_xcom.py
[2026-08-24T14:08:46.068+0000] {logging_mixin.py:188} INFO - [2026-08-24T14:08:46.068+0000] {dag.py:3096} INFO - Sync 1 DAGs
[2026-08-24T14:08:46.117+0000] {logging_mixin.py:188} INFO - [2026-08-24T14:08:46.117+0000] {dag.py:3954} INFO - Setting next_dagrun for example_xcom to 2021-01-01 00:00:00+00:00, run_after=2021-01-01 00:00:00+00:00
[2026-08-24T14:08:46.160+0000] {processor.py:183} INFO - Processing /home/airflow/.local/lib/python3.12/site-packages/airflow/example_dags/example_xcom.py took 0.157 seconds
[2026-08-24T14:09:16.804+0000] {processor.py:161} INFO - Started process (PID=312) to work on /home/airflow/.local/lib/python3.12/site-packages/airflow/example_dags/example_xcom.py
[2026-08-24T14:09:16.805+0000] {processor.py:830} INFO - Processing file /home/airflow/.local/lib/python3.12/site-packages/airflow/example_dags/example_xcom.py for tasks to queue
[2026-08-24T14:09:16.808+0000] {logging_mixin.py:188} INFO - [2026-08-24T14:09:16.807+0000] {dagbag.py:545} INFO - Filling up the DagBag from /home/airflow/.local/lib/python3.12/site-packages/airflow/example_dags/example_xcom.py
[2026-08-24T14:09:16.817+0000] {processor.py:840} INFO - DAG(s) 'example_xcom' retrieved from /home/airflow/.local/lib/python3.12/site-packages/airflow/example_dags/example_xcom.py
[2026-08-24T14:09:16.844+0000] {logging_mixin.py:188} INFO - [2026-08-24T14:09:16.844+0000] {dag.py:3096} INFO - Sync 1 DAGs
[2026-08-24T14:09:16.871+0000] {logging_mixin.py:188} INFO - [2026-08-24T14:09:16.871+0000] {dag.py:3954} INFO - Setting next_dagrun for example_xcom to 2021-01-01 00:00:00+00:00, run_after=2021-01-01 00:00:00+00:00
[2026-08-24T14:09:16.895+0000] {processor.py:183} INFO - Processing /home/airflow/.local/lib/python3.12/site-packages/airflow/example_dags/example_xcom.py took 0.098 seconds
[2026-08-24T14:09:47.449+0000] {processor.py:161} INFO - Started process (PID=371) to work on /home/airflow/.local/lib/python3.12/site-packages/airflow/example_dags/example_xcom.py
[2026-08-24T14:09:47.450+0000] {processor.py:830} INFO - Processing file /home/airflow/.local/lib/python3.12/site-packages/airflow/example_dags/example_xcom.py for tasks to queue
[2026-08-24T14:09:47.453+0000] {logging_mixin.py:188} INFO - [2026-08-24T14:09:47.452+0000] {dagbag.py:545} INFO - Filling up the DagBag from /home/airflow/.local/lib/python3.12/site-packages/airflow/example_dags/example_xcom.py
[2026-08-24T14:09:47.463+0000] {processor.py:840} INFO - DAG(s) 'example_xcom' retrieved from /home/airflow/.local/lib/python3.12/site-packages/airflow/example_dags/example_xcom.py
[2026-08-24T14:09:47.494+0000] {logging_mixin.py:188} INFO - [2026-08-24T14:09:47.494+0000] {dag.py:3096} INFO - Sync 1 DAGs
[2026-08-24T14:09:47.528+0000] {logging_mixin.py:188} INFO - [2026-08-24T14:09:47.527+0000] {dag.py:3954} INFO - Setting next_dagrun for example_xcom to 2021-01-01 00:00:00+00:00, run_after=2021-01-01 00:00:00+00:00
[2026-08-24T14:09:47.564+0000] {processor.py:183} INFO - Processing /home/airflow/.local/lib/python3.12/site-packages/airflow/example_dags/example_xcom.py took 0.123 seconds
[2026-08-24T14:10:17.906+0000] {processor.py:161} INFO - Started process (PID=430) to work on /home/airflow/.local/lib/python3.12/site-packages/airflow/example_dags/example_xcom.py
[2026-08-24T14:10:17.908+0000] {processor.py:830} INFO - Processing file /home/airflow/.local/lib/python3.12/site-packages/airflow/example_dags/example_xcom.py for tasks to queue
[2026-08-24T14:10:17.910+0000] {logging_mixin.py:188} INFO - [2026-08-24T14:10:17.909+0000] {dagbag.py:545} INFO - Filling up the DagBag from /home/airflow/.local/lib/python3.12/site-packages/airflow/example_dags/example_xcom.py
[2026-08-24T14:10:17.920+0000] {processor.py:840} INFO - DAG(s) 'example_xcom' retrieved from /home/airflow/.local/lib/python3.12/site-packages/airflow/example_dags/example_xcom.py
[2026-08-24T14:10:17.948+0000] {logging_mixin.py:188} INFO - [2026-08-24T14:10:17.948+0000] {dag.py:3096} INFO - Sync 1 DAGs
[2026-08-24T14:10:17.976+0000] {logging_mixin.py:188} INFO - [2026-08-24T14:10:17.975+0000] {dag.py:3954} INFO - Setting next_dagrun for example_xcom to 2021-01-01 00:00:00+00:00, run_after=2021-01-01 00:00:00+00:00
[2026-08-24T14:10:17.999+0000] {processor.py:183} INFO - Processing /home/airflow/.local/lib/python3.12/site-packages/airflow/example_dags/example_xcom.py took 0.102 seconds
[2026-08-24T14:10:48.486+0000] {processor.py:161} INFO - Started process (PID=489) to work on /home/airflow/.local/lib/python3.12/site-packages/airflow/example_dags/example_xcom.py
[2026-08-24T14:10:48.487+0000] {processor.py:830} INFO - Processing file /home/airflow/.local/lib/python3.12/site-packages/airflow/example_dags/example_xcom.py for tasks to queue
[2026-08-24T14:10:48.490+0000] {logging_mixin.py:188} INFO - [2026-08-24T14:10:48.489+0000] {dagbag.py:545} INFO - Filling up the DagBag from /home/airflow/.local/lib/python3.12/site-packages/airflow/example_dags/example_xcom.py
[2026-08-24T14:10:48.504+0000] {processor.py:840} INFO - DAG(s) 'example_xcom' retrieved from /home/airflow/.local/lib/python3.12/site-packages/airflow/example_dags/example_xcom.py
[2026-08-24T14:10:48.537+0000] {logging_mixin.py:188} INFO - [2026-08-24T14:10:48.537+0000] {dag.py:3096} INFO - Sync 1 DAGs
[2026-08-24T14:10:48.572+0000] {logging_mixin.py:188} INFO - [2026-08-24T14:10:48.572+0000] {dag.py:3954} INFO - Setting next_dagrun for example_xcom to 2021-01-01 00:00:00+00:00, run_after=2021-01-01 00:00:00+00:00
[2026-08-24T14:10:48.602+0000] {processor.py:183} INFO - Processing /home/airflow/.local/lib/python3.12/site-packages/airflow/example_dags/example_xcom.py took 0.124 seconds
[2026-08-24T14:13:30.808+0000] {processor.py:161} INFO - Started process (PID=139) to work on /home/airflow/.local/lib/python3.12/site-packages/airflow/example_dags/example_xcom.py
[2026-08-24T14:13:30.809+0000] {processor.py:830} INFO - Processing file /home/airflow/.local/lib/python3.12/site-packages/airflow/example_dags/example_xcom.py for tasks to queue
[2026-08-24T14:13:30.813+0000] {logging_mixin.py:188} INFO - [2026-08-24T14:13:30.812+0000] {dagbag.py:545} INFO - Filling up the DagBag from /home/airflow/.local/lib/python3.12/site-packages/airflow/example_dags/example_xcom.py
[2026-08-24T14:13:30.827+0000] {processor.py:840} INFO - DAG(s) 'example_xcom' retrieved from /home/airflow/.local/lib/python3.12/site-packages/airflow/example_dags/example_xcom.py
[2026-08-24T14:13:30.973+0000] {logging_mixin.py:188} INFO - [2026-08-24T14:13:30.973+0000] {dag.py:3096} INFO - Sync 1 DAGs
[2026-08-24T14:13:30.997+0000] {logging_mixin.py:188} INFO - [2026-08-24T14:13:30.996+0000] {dag.py:3954} INFO - Setting next_dagrun for example_xcom to 2021-01-01 00:00:00+00:00, run_after=2021-01-01 00:00:00+00:00
[2026-08-24T14:13:31.022+0000] {processor.py:183} INFO - Processing /home/airflow/.local/lib/python3.12/site-packages/airflow/example_dags/example_xcom.py took 0.221 seconds
[2026-08-24T14:14:01.834+0000] {processor.py:161} INFO - Started process (PID=198) to work on /home/airflow/.local/lib/python3.12/site-packages/airflow/example_dags/example_xcom.py
[2026-08-24T14:14:01.835+0000] {processor.py:830} INFO - Processing file /home/airflow/.local/lib/python3.12/site-packages/airflow/example_dags/example_xcom.py for tasks to queue
[2026-08-24T14:14:01.838+0000] {logging_mixin.py:188} INFO - [2026-08-24T14:14:01.838+0000] {dagbag.py:545} INFO - Filling up the DagBag from /home/airflow/.local/lib/python3.12/site-packages/airflow/example_dags/example_xcom.py
[2026-08-24T14:14:01.849+0000] {processor.py:840} INFO - DAG(s) 'example_xcom' retrieved from /home/airflow/.local/lib/python3.12/site-packages/airflow/example_dags/example_xcom.py
[2026-08-24T14:14:01.875+0000] {logging_mixin.py:188} INFO - [2026-08-24T14:14:01.874+0000] {dag.py:3096} INFO - Sync 1 DAGs
[2026-08-24T14:14:01.904+0000] {logging_mixin.py:188} INFO - [2026-08-24T14:14:01.903+0000] {dag.py:3954} INFO - Setting next_dagrun for example_xcom to 2021-01-01 00:00:00+00:00, run_after=2021-01-01 00:00:00+00:00
[2026-08-24T14:14:01.929+0000] {processor.py:183} INFO - Processing /home/airflow/.local/lib/python3.12/site-packages/airflow/example_dags/example_xcom.py took 0.103 seconds
[2026-08-24T14:14:32.009+0000] {processor.py:161} INFO - Started process (PID=257) to work on /home/airflow/.local/lib/python3.12/site-packages/airflow/example_dags/example_xcom.py
[2026-08-24T14:14:32.011+0000] {processor.py:830} INFO - Processing file /home/airflow/.local/lib/python3.12/site-packages/airflow/example_dags/example_xcom.py for tasks to queue
[2026-08-24T14:14:32.015+0000] {logging_mixin.py:188} INFO - [2026-08-24T14:14:32.014+0000] {dagbag.py:545} INFO - Filling up the DagBag from /home/airflow/.local/lib/python3.12/site-packages/airflow/example_dags/example_xcom.py
[2026-08-24T14:14:32.027+0000] {processor.py:840} INFO - DAG(s) 'example_xcom' retrieved from /home/airflow/.local/lib/python3.12/site-packages/airflow/example_dags/example_xcom.py
[2026-08-24T14:14:32.058+0000] {logging_mixin.py:188} INFO - [2026-08-24T14:14:32.058+0000] {dag.py:3096} INFO - Sync 1 DAGs
[2026-08-24T14:14:32.092+0000] {logging_mixin.py:188} INFO - [2026-08-24T14:14:32.092+0000] {dag.py:3954} INFO - Setting next_dagrun for example_xcom to 2021-01-01 00:00:00+00:00, run_after=2021-01-01 00:00:00+00:00
[2026-08-24T14:14:32.123+0000] {processor.py:183} INFO - Processing /home/airflow/.local/lib/python3.12/site-packages/airflow/example_dags/example_xcom.py took 0.122 seconds
[2026-08-24T14:15:03.040+0000] {processor.py:161} INFO - Started process (PID=316) to work on /home/airflow/.local/lib/python3.12/site-packages/airflow/example_dags/example_xcom.py
[2026-08-24T14:15:03.041+0000] {processor.py:830} INFO - Processing file /home/airflow/.local/lib/python3.12/site-packages/airflow/example_dags/example_xcom.py for tasks to queue
[2026-08-24T14:15:03.045+0000] {logging_mixin.py:188} INFO - [2026-08-24T14:15:03.044+0000] {dagbag.py:545} INFO - Filling up the DagBag from /home/airflow/.local/lib/python3.12/site-packages/airflow/example_dags/example_xcom.py
[2026-08-24T14:15:03.056+0000] {processor.py:840} INFO - DAG(s) 'example_xcom' retrieved from /home/airflow/.local/lib/python3.12/site-packages/airflow/example_dags/example_xcom.py
[2026-08-24T14:15:03.091+0000] {logging_mixin.py:188} INFO - [2026-08-24T14:15:03.090+0000] {dag.py:3096} INFO - Sync 1 DAGs
[2026-08-24T14:15:03.123+0000] {logging_mixin.py:188} INFO - [2026-08-24T14:15:03.123+0000] {dag.py:3954} INFO - Setting next_dagrun for example_xcom to 2021-01-01 00:00:00+00:00, run_after=2021-01-01 00:00:00+00:00
[2026-08-24T14:15:03.158+0000] {processor.py:183} INFO - Processing /home/airflow/.local/lib/python3.12/site-packages/airflow/example_dags/example_xcom.py took 0.129 seconds
[2026-08-24T14:15:33.955+0000] {processor.py:161} INFO - Started process (PID=375) to work on /home/airflow/.local/lib/python3.12/site-packages/airflow/example_dags/example_xcom.py
[2026-08-24T14:15:33.956+0000] {processor.py:830} INFO - Processing file /home/airflow/.local/lib/python3.12/site-packages/airflow/example_dags/example_xcom.py for tasks to queue
[2026-08-24T14:15:33.958+0000] {logging_mixin.py:188} INFO - [2026-08-24T14:15:33.958+0000] {dagbag.py:545} INFO - Filling up the DagBag from /home/airflow/.local/lib/python3.12/site-packages/airflow/example_dags/example_xcom.py
[2026-08-24T14:15:33.967+0000] {processor.py:840} INFO - DAG(s) 'example_xcom' retrieved from /home/airflow/.local/lib/python3.12/site-packages/airflow/example_dags/example_xcom.py
[2026-08-24T14:15:33.993+0000] {logging_mixin.py:188} INFO - [2026-08-24T14:15:33.993+0000] {dag.py:3096} INFO - Sync 1 DAGs
[2026-08-24T14:15:34.022+0000] {logging_mixin.py:188} INFO - [2026-08-24T14:15:34.021+0000] {dag.py:3954} INFO - Setting next_dagrun for example_xcom to 2021-01-01 00:00:00+00:00, run_after=2021-01-01 00:00:00+00:00
[2026-08-24T14:15:34.046+0000] {processor.py:183} INFO - Processing /home/airflow/.local/lib/python3.12/site-packages/airflow/example_dags/example_xcom.py took 0.098 seconds
[2026-08-24T14:16:04.883+0000] {processor.py:161} INFO - Started process (PID=434) to work on /home/airflow/.local/lib/python3.12/site-packages/airflow/example_dags/example_xcom.py
[2026-08-24T14:16:04.884+0000] {processor.py:830} INFO - Processing file /home/airflow/.local/lib/python3.12/site-packages/airflow/example_dags/example_xcom.py for tasks to queue
[2026-08-24T14:16:04.886+0000] {logging_mixin.py:188} INFO - [2026-08-24T14:16:04.886+0000] {dagbag.py:545} INFO - Filling up the DagBag from /home/airflow/.local/lib/python3.12/site-packages/airflow/example_dags/example_xcom.py
[2026-08-24T14:16:04.896+0000] {processor.py:840} INFO - DAG(s) 'example_xcom' retrieved from /home/airflow/.local/lib/python3.12/site-packages/airflow/example_dags/example_xcom.py
[2026-08-24T14:16:04.925+0000] {logging_mixin.py:188} INFO - [2026-08-24T14:16:04.925+0000] {dag.py:3096} INFO - Sync 1 DAGs
[2026-08-24T14:16:04.961+0000] {logging_mixin.py:188} INFO - [2026-08-24T14:16:04.961+0000] {dag.py:3954} INFO - Setting next_dagrun for example_xcom to 2021-01-01 00:00:00+00:00, run_after=2021-01-01 00:00:00+00:00
[2026-08-24T14:16:04.987+0000] {processor.py:183} INFO - Processing /home/airflow/.local/lib/python3.12/site-packages/airflow/example_dags/example_xcom.py took 0.112 seconds
[2026-08-24T14:16:35.143+0000] {processor.py:161} INFO - Started process (PID=493) to work on /home/airflow/.local/lib/python3.12/site-packages/airflow/example_dags/example_xcom.py
[2026-08-24T14:16:35.145+0000] {processor.py:830} INFO - Processing file /home/airflow/.local/lib/python3.12/site-packages/airflow/example_dags/example_xcom.py for tasks to queue
[2026-08-24T14:16:35.148+0000] {logging_mixin.py:188} INFO - [2026-08-24T14:16:35.147+0000] {dagbag.py:545} INFO - Filling up the DagBag from /home/airflow/.local/lib/python3.12/site-packages/airflow/example_dags/example_xcom.py
[2026-08-24T14:16:35.162+0000] {processor.py:840} INFO - DAG(s) 'example_xcom' retrieved from /home/airflow/.local/lib/python3.12/site-packages/airflow/example_dags/example_xcom.py
[2026-08-24T14:16:35.193+0000] {logging_mixin.py:188} INFO - [2026-08-24T14:16:35.193+0000] {dag.py:3096} INFO - Sync 1 DAGs
[2026-08-24T14:16:35.226+0000] {logging_mixin.py:188} INFO - [2026-08-24T14:16:35.226+0000] {dag.py:3954} INFO - Setting next_dagrun for example_xcom to 2021-01-01 00:00:00+00:00, run_after=2021-01-01 00:00:00+00:00
[2026-08-24T14:16:35.251+0000] {processor.py:183} INFO - Processing /home/airflow/.local/lib/python3.12/site-packages/airflow/example_dags/example_xcom.py took 0.116 seconds
[2026-08-24T14:17:05.504+0000] {processor.py:161} INFO - Started process (PID=552) to work on /home/airflow/.local/lib/python3.12/site-packages/airflow/example_dags/example_xcom.py
[2026-08-24T14:17:05.506+0000] {processor.py:830} INFO - Processing file /home/airflow/.local/lib/python3.12/site-packages/airflow/example_dags/example_xcom.py for tasks to queue
[2026-08-24T14:17:05.514+0000] {logging_mixin.py:188} INFO - [2026-08-24T14:17:05.513+0000] {dagbag.py:545} INFO - Filling up the DagBag from /home/airflow/.local/lib/python3.12/site-packages/airflow/example_dags/example_xcom.py
[2026-08-24T14:17:05.543+0000] {processor.py:840} INFO - DAG(s) 'example_xcom' retrieved from /home/airflow/.local/lib/python3.12/site-packages/airflow/example_dags/example_xcom.py
[2026-08-24T14:17:05.597+0000] {logging_mixin.py:188} INFO - [2026-08-24T14:17:05.596+0000] {dag.py:3096} INFO - Sync 1 DAGs
[2026-08-24T14:17:05.643+0000] {logging_mixin.py:188} INFO - [2026-08-24T14:17:05.642+0000] {dag.py:3954} INFO - Setting next_dagrun for example_xcom to 2021-01-01 00:00:00+00:00, run_after=2021-01-01 00:00:00+00:00
[2026-08-24T14:17:05.693+0000] {processor.py:183} INFO - Processing /home/airflow/.local/lib/python3.12/site-packages/airflow/example_dags/example_xcom.py took 0.200 seconds
[2026-08-24T14:17:36.575+0000] {processor.py:161} INFO - Started process (PID=617) to work on /home/airflow/.local/lib/python3.12/site-packages/airflow/example_dags/example_xcom.py
[2026-08-24T14:17:36.576+0000] {processor.py:830} INFO - Processing file /home/airflow/.local/lib/python3.12/site-packages/airflow/example_dags/example_xcom.py for tasks to queue
[2026-08-24T14:17:36.581+0000] {logging_mixin.py:188} INFO - [2026-08-24T14:17:36.580+0000] {dagbag.py:545} INFO - Filling up the DagBag from /home/airflow/.local/lib/python3.12/site-packages/airflow/example_dags/example_xcom.py
[2026-08-24T14:17:36.599+0000] {processor.py:840} INFO - DAG(s) 'example_xcom' retrieved from /home/airflow/.local/lib/python3.12/site-packages/airflow/example_dags/example_xcom.py
[2026-08-24T14:17:36.642+0000] {logging_mixin.py:188} INFO - [2026-08-24T14:17:36.642+0000] {dag.py:3096} INFO - Sync 1 DAGs
[2026-08-24T14:17:36.681+0000] {logging_mixin.py:188} INFO - [2026-08-24T14:17:36.681+0000] {dag.py:3954} INFO - Setting next_dagrun for example_xcom to 2021-01-01 00:00:00+00:00, run_after=2021-01-01 00:00:00+00:00
[2026-08-24T14:17:36.716+0000] {processor.py:183} INFO - Processing /home/airflow/.local/lib/python3.12/site-packages/airflow/example_dags/example_xcom.py took 0.152 seconds
[2026-08-24T14:18:07.408+0000] {processor.py:161} INFO - Started process (PID=676) to work on /home/airflow/.local/lib/python3.12/site-packages/airflow/example_dags/example_xcom.py
[2026-08-24T14:18:07.410+0000] {processor.py:830} INFO - Processing file /home/airflow/.local/lib/python3.12/site-packages/airflow/example_dags/example_xcom.py for tasks to queue
[2026-08-24T14:18:07.413+0000] {logging_mixin.py:188} INFO - [2026-08-24T14:18:07.413+0000] {dagbag.py:545} INFO - Filling up the DagBag from /home/airflow/.local/lib/python3.12/site-packages/airflow/example_dags/example_xcom.py
[2026-08-24T14:18:07.427+0000] {processor.py:840} INFO - DAG(s) 'example_xcom' retrieved from /home/airflow/.local/lib/python3.12/site-packages/airflow/example_dags/example_xcom.py
[2026-08-24T14:18:07.463+0000] {logging_mixin.py:188} INFO - [2026-08-24T14:18:07.463+0000] {dag.py:3096} INFO - Sync 1 DAGs
[2026-08-24T14:18:07.495+0000] {logging_mixin.py:188} INFO - [2026-08-24T14:18:07.495+0000] {dag.py:3954} INFO - Setting next_dagrun for example_xcom to 2021-01-01 00:00:00+00:00, run_after=2021-01-01 00:00:00+00:00
[2026-08-24T14:18:07.524+0000] {processor.py:183} INFO - Processing /home/airflow/.local/lib/python3.12/site-packages/airflow/example_dags/example_xcom.py took 0.127 seconds
[2026-08-24T14:18:38.528+0000] {processor.py:161} INFO - Started process (PID=736) to work on /home/airflow/.local/lib/python3.12/site-packages/airflow/example_dags/example_xcom.py
[2026-08-24T14:18:38.529+0000] {processor.py:830} INFO - Processing file /home/airflow/.local/lib/python3.12/site-packages/airflow/example_dags/example_xcom.py for tasks to queue
[2026-08-24T14:18:38.534+0000] {logging_mixin.py:188} INFO - [2026-08-24T14:18:38.533+0000] {dagbag.py:545} INFO - Filling up the DagBag from /home/airflow/.local/lib/python3.12/site-packages/airflow/example_dags/example_xcom.py
[2026-08-24T14:18:38.554+0000] {processor.py:840} INFO - DAG(s) 'example_xcom' retrieved from /home/airflow/.local/lib/python3.12/site-packages/airflow/example_dags/example_xcom.py
[2026-08-24T14:18:38.624+0000] {logging_mixin.py:188} INFO - [2026-08-24T14:18:38.623+0000] {dag.py:3096} INFO - Sync 1 DAGs
[2026-08-24T14:18:38.677+0000] {logging_mixin.py:188} INFO - [2026-08-24T14:18:38.676+0000] {dag.py:3954} INFO - Setting next_dagrun for example_xcom to 2021-01-01 00:00:00+00:00, run_after=2021-01-01 00:00:00+00:00
[2026-08-24T14:18:38.706+0000] {processor.py:183} INFO - Processing /home/airflow/.local/lib/python3.12/site-packages/airflow/example_dags/example_xcom.py took 0.195 seconds
[2026-08-24T14:19:09.224+0000] {processor.py:161} INFO - Started process (PID=796) to work on /home/airflow/.local/lib/python3.12/site-packages/airflow/example_dags/example_xcom.py
[2026-08-24T14:19:09.226+0000] {processor.py:830} INFO - Processing file /home/airflow/.local/lib/python3.12/site-packages/airflow/example_dags/example_xcom.py for tasks to queue
[2026-08-24T14:19:09.233+0000] {logging_mixin.py:188} INFO - [2026-08-24T14:19:09.231+0000] {dagbag.py:545} INFO - Filling up the DagBag from /home/airflow/.local/lib/python3.12/site-packages/airflow/example_dags/example_xcom.py
[2026-08-24T14:19:09.248+0000] {processor.py:840} INFO - DAG(s) 'example_xcom' retrieved from /home/airflow/.local/lib/python3.12/site-packages/airflow/example_dags/example_xcom.py
[2026-08-24T14:19:09.289+0000] {logging_mixin.py:188} INFO - [2026-08-24T14:19:09.289+0000] {dag.py:3096} INFO - Sync 1 DAGs
[2026-08-24T14:19:09.330+0000] {logging_mixin.py:188} INFO - [2026-08-24T14:19:09.329+0000] {dag.py:3954} INFO - Setting next_dagrun for example_xcom to 2021-01-01 00:00:00+00:00, run_after=2021-01-01 00:00:00+00:00
[2026-08-24T14:19:09.362+0000] {processor.py:183} INFO - Processing /home/airflow/.local/lib/python3.12/site-packages/airflow/example_dags/example_xcom.py took 0.148 seconds
[2026-08-24T14:19:40.074+0000] {processor.py:161} INFO - Started process (PID=856) to work on /home/airflow/.local/lib/python3.12/site-packages/airflow/example_dags/example_xcom.py
[2026-08-24T14:19:40.076+0000] {processor.py:830} INFO - Processing file /home/airflow/.local/lib/python3.12/site-packages/airflow/example_dags/example_xcom.py for tasks to queue
[2026-08-24T14:19:40.079+0000] {logging_mixin.py:188} INFO - [2026-08-24T14:19:40.079+0000] {dagbag.py:545} INFO - Filling up the DagBag from /home/airflow/.local/lib/python3.12/site-packages/airflow/example_dags/example_xcom.py
[2026-08-24T14:19:40.092+0000] {processor.py:840} INFO - DAG(s) 'example_xcom' retrieved from /home/airflow/.local/lib/python3.12/site-packages/airflow/example_dags/example_xcom.py
[2026-08-24T14:19:40.120+0000] {logging_mixin.py:188} INFO - [2026-08-24T14:19:40.120+0000] {dag.py:3096} INFO - Sync 1 DAGs
[2026-08-24T14:19:40.148+0000] {logging_mixin.py:188} INFO - [2026-08-24T14:19:40.148+0000] {dag.py:3954} INFO - Setting next_dagrun for example_xcom to 2021-01-01 00:00:00+00:00, run_after=2021-01-01 00:00:00+00:00
[2026-08-24T14:19:40.172+0000] {processor.py:183} INFO - Processing /home/airflow/.local/lib/python3.12/site-packages/airflow/example_dags/example_xcom.py took 0.105 seconds
[2026-08-24T14:20:10.220+0000] {processor.py:161} INFO - Started process (PID=915) to work on /home/airflow/.local/lib/python3.12/site-packages/airflow/example_dags/example_xcom.py
[2026-08-24T14:20:10.221+0000] {processor.py:830} INFO - Processing file /home/airflow/.local/lib/python3.12/site-packages/airflow/example_dags/example_xcom.py for tasks to queue
[2026-08-24T14:20:10.226+0000] {logging_mixin.py:188} INFO - [2026-08-24T14:20:10.226+0000] {dagbag.py:545} INFO - Filling up the DagBag from /home/airflow/.local/lib/python3.12/site-packages/airflow/example_dags/example_xcom.py
[2026-08-24T14:20:10.237+0000] {processor.py:840} INFO - DAG(s) 'example_xcom' retrieved from /home/airflow/.local/lib/python3.12/site-packages/airflow/example_dags/example_xcom.py
[2026-08-24T14:20:10.271+0000] {logging_mixin.py:188} INFO - [2026-08-24T14:20:10.270+0000] {dag.py:3096} INFO - Sync 1 DAGs
[2026-08-24T14:20:10.313+0000] {logging_mixin.py:188} INFO - [2026-08-24T14:20:10.312+0000] {dag.py:3954} INFO - Setting next_dagrun for example_xcom to 2021-01-01 00:00:00+00:00, run_after=2021-01-01 00:00:00+00:00
[2026-08-24T14:20:10.343+0000] {processor.py:183} INFO - Processing /home/airflow/.local/lib/python3.12/site-packages/airflow/example_dags/example_xcom.py took 0.130 seconds
[2026-08-24T14:22:22.901+0000] {processor.py:161} INFO - Started process (PID=139) to work on /home/airflow/.local/lib/python3.12/site-packages/airflow/example_dags/example_xcom.py
[2026-08-24T14:22:22.902+0000] {processor.py:830} INFO - Processing file /home/airflow/.local/lib/python3.12/site-packages/airflow/example_dags/example_xcom.py for tasks to queue
[2026-08-24T14:22:22.905+0000] {logging_mixin.py:188} INFO - [2026-08-24T14:22:22.904+0000] {dagbag.py:545} INFO - Filling up the DagBag from /home/airflow/.local/lib/python3.12/site-packages/airflow/example_dags/example_xcom.py
[2026-08-24T14:22:22.917+0000] {processor.py:840} INFO - DAG(s) 'example_xcom' retrieved from /home/airflow/.local/lib/python3.12/site-packages/airflow/example_dags/example_xcom.py
[2026-08-24T14:22:23.045+0000] {logging_mixin.py:188} INFO - [2026-08-24T14:22:23.045+0000] {dag.py:3096} INFO - Sync 1 DAGs
[2026-08-24T14:22:23.067+0000] {logging_mixin.py:188} INFO - [2026-08-24T14:22:23.067+0000] {dag.py:3954} INFO - Setting next_dagrun for example_xcom to 2021-01-01 00:00:00+00:00, run_after=2021-01-01 00:00:00+00:00
[2026-08-24T14:22:23.090+0000] {processor.py:183} INFO - Processing /home/airflow/.local/lib/python3.12/site-packages/airflow/example_dags/example_xcom.py took 0.199 seconds
[2026-08-24T14:23:04.058+0000] {processor.py:161} INFO - Started process (PID=124) to work on /home/airflow/.local/lib/python3.12/site-packages/airflow/example_dags/example_xcom.py
[2026-08-24T14:23:04.059+0000] {processor.py:830} INFO - Processing file /home/airflow/.local/lib/python3.12/site-packages/airflow/example_dags/example_xcom.py for tasks to queue
[2026-08-24T14:23:04.062+0000] {logging_mixin.py:188} INFO - [2026-08-24T14:23:04.062+0000] {dagbag.py:545} INFO - Filling up the DagBag from /home/airflow/.local/lib/python3.12/site-packages/airflow/example_dags/example_xcom.py
[2026-08-24T14:23:04.073+0000] {processor.py:840} INFO - DAG(s) 'example_xcom' retrieved from /home/airflow/.local/lib/python3.12/site-packages/airflow/example_dags/example_xcom.py
[2026-08-24T14:23:04.099+0000] {logging_mixin.py:188} INFO - [2026-08-24T14:23:04.099+0000] {dag.py:3096} INFO - Sync 1 DAGs
[2026-08-24T14:23:04.131+0000] {logging_mixin.py:188} INFO - [2026-08-24T14:23:04.131+0000] {dag.py:3954} INFO - Setting next_dagrun for example_xcom to 2021-01-01 00:00:00+00:00, run_after=2021-01-01 00:00:00+00:00
[2026-08-24T14:23:04.156+0000] {processor.py:183} INFO - Processing /home/airflow/.local/lib/python3.12/site-packages/airflow/example_dags/example_xcom.py took 0.106 seconds
[2026-08-24T14:23:35.790+0000] {processor.py:161} INFO - Started process (PID=184) to work on /home/airflow/.local/lib/python3.12/site-packages/airflow/example_dags/example_xcom.py
[2026-08-24T14:23:35.793+0000] {processor.py:830} INFO - Processing file /home/airflow/.local/lib/python3.12/site-packages/airflow/example_dags/example_xcom.py for tasks to queue
[2026-08-24T14:23:35.798+0000] {logging_mixin.py:188} INFO - [2026-08-24T14:23:35.798+0000] {dagbag.py:545} INFO - Filling up the DagBag from /home/airflow/.local/lib/python3.12/site-packages/airflow/example_dags/example_xcom.py
[2026-08-24T14:23:35.822+0000] {processor.py:840} INFO - DAG(s) 'example_xcom' retrieved from /home/airflow/.local/lib/python3.12/site-packages/airflow/example_dags/example_xcom.py
[2026-08-24T14:23:35.924+0000] {logging_mixin.py:188} INFO - [2026-08-24T14:23:35.924+0000] {dag.py:3096} INFO - Sync 1 DAGs
[2026-08-24T14:23:36.007+0000] {logging_mixin.py:188} INFO - [2026-08-24T14:23:36.007+0000] {dag.py:3954} INFO - Setting next_dagrun for example_xcom to 2021-01-01 00:00:00+00:00, run_after=2021-01-01 00:00:00+00:00
[2026-08-24T14:23:36.062+0000] {processor.py:183} INFO - Processing /home/airflow/.local/lib/python3.12/site-packages/airflow/example_dags/example_xcom.py took 0.288 seconds
[2026-08-24T14:24:06.569+0000] {processor.py:161} INFO - Started process (PID=244) to work on /home/airflow/.local/lib/python3.12/site-packages/airflow/example_dags/example_xcom.py
[2026-08-24T14:24:06.571+0000] {processor.py:830} INFO - Processing file /home/airflow/.local/lib/python3.12/site-packages/airflow/example_dags/example_xcom.py for tasks to queue
[2026-08-24T14:24:06.575+0000] {logging_mixin.py:188} INFO - [2026-08-24T14:24:06.575+0000] {dagbag.py:545} INFO - Filling up the DagBag from /home/airflow/.local/lib/python3.12/site-packages/airflow/example_dags/example_xcom.py
[2026-08-24T14:24:06.588+0000] {processor.py:840} INFO - DAG(s) 'example_xcom' retrieved from /home/airflow/.local/lib/python3.12/site-packages/airflow/example_dags/example_xcom.py
[2026-08-24T14:24:06.622+0000] {logging_mixin.py:188} INFO - [2026-08-24T14:24:06.621+0000] {dag.py:3096} INFO - Sync 1 DAGs
[2026-08-24T14:24:06.660+0000] {logging_mixin.py:188} INFO - [2026-08-24T14:24:06.660+0000] {dag.py:3954} INFO - Setting next_dagrun for example_xcom to 2021-01-01 00:00:00+00:00, run_after=2021-01-01 00:00:00+00:00
[2026-08-24T14:24:06.689+0000] {processor.py:183} INFO - Processing /home/airflow/.local/lib/python3.12/site-packages/airflow/example_dags/example_xcom.py took 0.129 seconds
[2026-08-24T14:24:37.526+0000] {processor.py:161} INFO - Started process (PID=304) to work on /home/airflow/.local/lib/python3.12/site-packages/airflow/example_dags/example_xcom.py
[2026-08-24T14:24:37.527+0000] {processor.py:830} INFO - Processing file /home/airflow/.local/lib/python3.12/site-packages/airflow/example_dags/example_xcom.py for tasks to queue
[2026-08-24T14:24:37.530+0000] {logging_mixin.py:188} INFO - [2026-08-24T14:24:37.530+0000] {dagbag.py:545} INFO - Filling up the DagBag from /home/airflow/.local/lib/python3.12/site-packages/airflow/example_dags/example_xcom.py
[2026-08-24T14:24:37.539+0000] {processor.py:840} INFO - DAG(s) 'example_xcom' retrieved from /home/airflow/.local/lib/python3.12/site-packages/airflow/example_dags/example_xcom.py
[2026-08-24T14:24:37.566+0000] {logging_mixin.py:188} INFO - [2026-08-24T14:24:37.566+0000] {dag.py:3096} INFO - Sync 1 DAGs
[2026-08-24T14:24:37.593+0000] {logging_mixin.py:188} INFO - [2026-08-24T14:24:37.592+0000] {dag.py:3954} INFO - Setting next_dagrun for example_xcom to 2021-01-01 00:00:00+00:00, run_after=2021-01-01 00:00:00+00:00
[2026-08-24T14:24:37.621+0000] {processor.py:183} INFO - Processing /home/airflow/.local/lib/python3.12/site-packages/airflow/example_dags/example_xcom.py took 0.102 seconds
[2026-08-24T14:25:08.414+0000] {processor.py:161} INFO - Started process (PID=364) to work on /home/airflow/.local/lib/python3.12/site-packages/airflow/example_dags/example_xcom.py
[2026-08-24T14:25:08.416+0000] {processor.py:830} INFO - Processing file /home/airflow/.local/lib/python3.12/site-packages/airflow/example_dags/example_xcom.py for tasks to queue
[2026-08-24T14:25:08.418+0000] {logging_mixin.py:188} INFO - [2026-08-24T14:25:08.418+0000] {dagbag.py:545} INFO - Filling up the DagBag from /home/airflow/.local/lib/python3.12/site-packages/airflow/example_dags/example_xcom.py
[2026-08-24T14:25:08.428+0000] {processor.py:840} INFO - DAG(s) 'example_xcom' retrieved from /home/airflow/.local/lib/python3.12/site-packages/airflow/example_dags/example_xcom.py
[2026-08-24T14:25:08.453+0000] {logging_mixin.py:188} INFO - [2026-08-24T14:25:08.453+0000] {dag.py:3096} INFO - Sync 1 DAGs
[2026-08-24T14:25:08.479+0000] {logging_mixin.py:188} INFO - [2026-08-24T14:25:08.479+0000] {dag.py:3954} INFO - Setting next_dagrun for example_xcom to 2021-01-01 00:00:00+00:00, run_after=2021-01-01 00:00:00+00:00
[2026-08-24T14:25:08.502+0000] {processor.py:183} INFO - Processing /home/airflow/.local/lib/python3.12/site-packages/airflow/example_dags/example_xcom.py took 0.095 seconds
[2026-08-24T14:25:39.519+0000] {processor.py:161} INFO - Started process (PID=424) to work on /home/airflow/.local/lib/python3.12/site-packages/airflow/example_dags/example_xcom.py
[2026-08-24T14:25:39.521+0000] {processor.py:830} INFO - Processing file /home/airflow/.local/lib/python3.12/site-packages/airflow/example_dags/example_xcom.py for tasks to queue
[2026-08-24T14:25:39.524+0000] {logging_mixin.py:188} INFO - [2026-08-24T14:25:39.523+0000] {dagbag.py:545} INFO - Filling up the DagBag from /home/airflow/.local/lib/python3.12/site-packages/airflow/example_dags/example_xcom.py
[2026-08-24T14:25:39.540+0000] {processor.py:840} INFO - DAG(s) 'example_xcom' retrieved from /home/airflow/.local/lib/python3.12/site-packages/airflow/example_dags/example_xcom.py
[2026-08-24T14:25:39.570+0000] {logging_mixin.py:188} INFO - [2026-08-24T14:25:39.569+0000] {dag.py:3096} INFO - Sync 1 DAGs
[2026-08-24T14:25:39.599+0000] {logging_mixin.py:188} INFO - [2026-08-24T14:25:39.599+0000] {dag.py:3954} INFO - Setting next_dagrun for example_xcom to 2021-01-01 00:00:00+00:00, run_after=2021-01-01 00:00:00+00:00
[2026-08-24T14:25:39.625+0000] {processor.py:183} INFO - Processing /home/airflow/.local/lib/python3.12/site-packages/airflow/example_dags/example_xcom.py took 0.116 seconds
[2026-08-24T14:26:10.678+0000] {processor.py:161} INFO - Started process (PID=485) to work on /home/airflow/.local/lib/python3.12/site-packages/airflow/example_dags/example_xcom.py
[2026-08-24T14:26:10.680+0000] {processor.py:830} INFO - Processing file /home/airflow/.local/lib/python3.12/site-packages/airflow/example_dags/example_xcom.py for tasks to queue
[2026-08-24T14:26:10.683+0000] {logging_mixin.py:188} INFO - [2026-08-24T14:26:10.683+0000] {dagbag.py:545} INFO - Filling up the DagBag from /home/airflow/.local/lib/python3.12/site-packages/airflow/example_dags/example_xcom.py
[2026-08-24T14:26:10.692+0000] {processor.py:840} INFO - DAG(s) 'example_xcom' retrieved from /home/airflow/.local/lib/python3.12/site-packages/airflow/example_dags/example_xcom.py
[2026-08-24T14:26:10.718+0000] {logging_mixin.py:188} INFO - [2026-08-24T14:26:10.718+0000] {dag.py:3096} INFO - Sync 1 DAGs
[2026-08-24T14:26:10.746+0000] {logging_mixin.py:188} INFO - [2026-08-24T14:26:10.746+0000] {dag.py:3954} INFO - Setting next_dagrun for example_xcom to 2021-01-01 00:00:00+00:00, run_after=2021-01-01 00:00:00+00:00
[2026-08-24T14:26:10.771+0000] {processor.py:183} INFO - Processing /home/airflow/.local/lib/python3.12/site-packages/airflow/example_dags/example_xcom.py took 0.100 seconds
[2026-08-24T14:26:41.317+0000] {processor.py:161} INFO - Started process (PID=544) to work on /home/airflow/.local/lib/python3.12/site-packages/airflow/example_dags/example_xcom.py
[2026-08-24T14:26:41.322+0000] {processor.py:830} INFO - Processing file /home/airflow/.local/lib/python3.12/site-packages/airflow/example_dags/example_xcom.py for tasks to queue
[2026-08-24T14:26:41.324+0000] {logging_mixin.py:188} INFO - [2026-08-24T14:26:41.324+0000] {dagbag.py:545} INFO - Filling up the DagBag from /home/airflow/.local/lib/python3.12/site-packages/airflow/example_dags/example_xcom.py
[2026-08-24T14:26:41.335+0000] {processor.py:840} INFO - DAG(s) 'example_xcom' retrieved from /home/airflow/.local/lib/python3.12/site-packages/airflow/example_dags/example_xcom.py
[2026-08-24T14:26:41.359+0000] {logging_mixin.py:188} INFO - [2026-08-24T14:26:41.359+0000] {dag.py:3096} INFO - Sync 1 DAGs
[2026-08-24T14:26:41.388+0000] {logging_mixin.py:188} INFO - [2026-08-24T14:26:41.388+0000] {dag.py:3954} INFO - Setting next_dagrun for example_xcom to 2021-01-01 00:00:00+00:00, run_after=2021-01-01 00:00:00+00:00
[2026-08-24T14:26:41.414+0000] {processor.py:183} INFO - Processing /home/airflow/.local/lib/python3.12/site-packages/airflow/example_dags/example_xcom.py took 0.105 seconds
[2026-08-24T14:27:11.886+0000] {processor.py:161} INFO - Started process (PID=604) to work on /home/airflow/.local/lib/python3.12/site-packages/airflow/example_dags/example_xcom.py
[2026-08-24T14:27:11.889+0000] {processor.py:830} INFO - Processing file /home/airflow/.local/lib/python3.12/site-packages/airflow/example_dags/example_xcom.py for tasks to queue
[2026-08-24T14:27:11.893+0000] {logging_mixin.py:188} INFO - [2026-08-24T14:27:11.892+0000] {dagbag.py:545} INFO - Filling up the DagBag from /home/airflow/.local/lib/python3.12/site-packages/airflow/example_dags/example_xcom.py
[2026-08-24T14:27:11.906+0000] {processor.py:840} INFO - DAG(s) 'example_xcom' retrieved from /home/airflow/.local/lib/python3.12/site-packages/airflow/example_dags/example_xcom.py
[2026-08-24T14:27:11.933+0000] {logging_mixin.py:188} INFO - [2026-08-24T14:27:11.933+0000] {dag.py:3096} INFO - Sync 1 DAGs
[2026-08-24T14:27:11.961+0000] {logging_mixin.py:188} INFO - [2026-08-24T14:27:11.960+0000] {dag.py:3954} INFO - Setting next_dagrun for example_xcom to 2021-01-01 00:00:00+00:00, run_after=2021-01-01 00:00:00+00:00
[2026-08-24T14:27:11.985+0000] {processor.py:183} INFO - Processing /home/airflow/.local/lib/python3.12/site-packages/airflow/example_dags/example_xcom.py took 0.107 seconds
[2026-08-24T14:27:42.729+0000] {processor.py:161} INFO - Started process (PID=664) to work on /home/airflow/.local/lib/python3.12/site-packages/airflow/example_dags/example_xcom.py
[2026-08-24T14:27:42.730+0000] {processor.py:830} INFO - Processing file /home/airflow/.local/lib/python3.12/site-packages/airflow/example_dags/example_xcom.py for tasks to queue
[2026-08-24T14:27:42.732+0000] {logging_mixin.py:188} INFO - [2026-08-24T14:27:42.732+0000] {dagbag.py:545} INFO - Filling up the DagBag from /home/airflow/.local/lib/python3.12/site-packages/airflow/example_dags/example_xcom.py
[2026-08-24T14:27:42.743+0000] {processor.py:840} INFO - DAG(s) 'example_xcom' retrieved from /home/airflow/.local/lib/python3.12/site-packages/airflow/example_dags/example_xcom.py
[2026-08-24T14:27:42.769+0000] {logging_mixin.py:188} INFO - [2026-08-24T14:27:42.768+0000] {dag.py:3096} INFO - Sync 1 DAGs
[2026-08-24T14:27:42.798+0000] {logging_mixin.py:188} INFO - [2026-08-24T14:27:42.797+0000] {dag.py:3954} INFO - Setting next_dagrun for example_xcom to 2021-01-01 00:00:00+00:00, run_after=2021-01-01 00:00:00+00:00
[2026-08-24T14:27:42.823+0000] {processor.py:183} INFO - Processing /home/airflow/.local/lib/python3.12/site-packages/airflow/example_dags/example_xcom.py took 0.102 seconds
[2026-08-24T14:28:13.494+0000] {processor.py:161} INFO - Started process (PID=724) to work on /home/airflow/.local/lib/python3.12/site-packages/airflow/example_dags/example_xcom.py
[2026-08-24T14:28:13.495+0000] {processor.py:830} INFO - Processing file /home/airflow/.local/lib/python3.12/site-packages/airflow/example_dags/example_xcom.py for tasks to queue
[2026-08-24T14:28:13.498+0000] {logging_mixin.py:188} INFO - [2026-08-24T14:28:13.498+0000] {dagbag.py:545} INFO - Filling up the DagBag from /home/airflow/.local/lib/python3.12/site-packages/airflow/example_dags/example_xcom.py
[2026-08-24T14:28:13.508+0000] {processor.py:840} INFO - DAG(s) 'example_xcom' retrieved from /home/airflow/.local/lib/python3.12/site-packages/airflow/example_dags/example_xcom.py
[2026-08-24T14:28:13.537+0000] {logging_mixin.py:188} INFO - [2026-08-24T14:28:13.536+0000] {dag.py:3096} INFO - Sync 1 DAGs
[2026-08-24T14:28:13.564+0000] {logging_mixin.py:188} INFO - [2026-08-24T14:28:13.563+0000] {dag.py:3954} INFO - Setting next_dagrun for example_xcom to 2021-01-01 00:00:00+00:00, run_after=2021-01-01 00:00:00+00:00
[2026-08-24T14:28:13.591+0000] {processor.py:183} INFO - Processing /home/airflow/.local/lib/python3.12/site-packages/airflow/example_dags/example_xcom.py took 0.106 seconds
[2026-08-24T14:28:43.683+0000] {processor.py:161} INFO - Started process (PID=782) to work on /home/airflow/.local/lib/python3.12/site-packages/airflow/example_dags/example_xcom.py
[2026-08-24T14:28:43.685+0000] {processor.py:830} INFO - Processing file /home/airflow/.local/lib/python3.12/site-packages/airflow/example_dags/example_xcom.py for tasks to queue
[2026-08-24T14:28:43.687+0000] {logging_mixin.py:188} INFO - [2026-08-24T14:28:43.687+0000] {dagbag.py:545} INFO - Filling up the DagBag from /home/airflow/.local/lib/python3.12/site-packages/airflow/example_dags/example_xcom.py
[2026-08-24T14:28:43.696+0000] {processor.py:840} INFO - DAG(s) 'example_xcom' retrieved from /home/airflow/.local/lib/python3.12/site-packages/airflow/example_dags/example_xcom.py
[2026-08-24T14:28:43.720+0000] {logging_mixin.py:188} INFO - [2026-08-24T14:28:43.720+0000] {dag.py:3096} INFO - Sync 1 DAGs
[2026-08-24T14:28:43.747+0000] {logging_mixin.py:188} INFO - [2026-08-24T14:28:43.747+0000] {dag.py:3954} INFO - Setting next_dagrun for example_xcom to 2021-01-01 00:00:00+00:00, run_after=2021-01-01 00:00:00+00:00
[2026-08-24T14:28:43.770+0000] {processor.py:183} INFO - Processing /home/airflow/.local/lib/python3.12/site-packages/airflow/example_dags/example_xcom.py took 0.093 seconds
[2026-08-24T14:29:14.138+0000] {processor.py:161} INFO - Started process (PID=842) to work on /home/airflow/.local/lib/python3.12/site-packages/airflow/example_dags/example_xcom.py
[2026-08-24T14:29:14.140+0000] {processor.py:830} INFO - Processing file /home/airflow/.local/lib/python3.12/site-packages/airflow/example_dags/example_xcom.py for tasks to queue
[2026-08-24T14:29:14.144+0000] {logging_mixin.py:188} INFO - [2026-08-24T14:29:14.143+0000] {dagbag.py:545} INFO - Filling up the DagBag from /home/airflow/.local/lib/python3.12/site-packages/airflow/example_dags/example_xcom.py
[2026-08-24T14:29:14.163+0000] {processor.py:840} INFO - DAG(s) 'example_xcom' retrieved from /home/airflow/.local/lib/python3.12/site-packages/airflow/example_dags/example_xcom.py
[2026-08-24T14:29:14.204+0000] {logging_mixin.py:188} INFO - [2026-08-24T14:29:14.204+0000] {dag.py:3096} INFO - Sync 1 DAGs
[2026-08-24T14:29:14.251+0000] {logging_mixin.py:188} INFO - [2026-08-24T14:29:14.250+0000] {dag.py:3954} INFO - Setting next_dagrun for example_xcom to 2021-01-01 00:00:00+00:00, run_after=2021-01-01 00:00:00+00:00
[2026-08-24T14:29:14.289+0000] {processor.py:183} INFO - Processing /home/airflow/.local/lib/python3.12/site-packages/airflow/example_dags/example_xcom.py took 0.166 seconds
[2026-08-24T14:29:44.761+0000] {processor.py:161} INFO - Started process (PID=903) to work on /home/airflow/.local/lib/python3.12/site-packages/airflow/example_dags/example_xcom.py
[2026-08-24T14:29:44.762+0000] {processor.py:830} INFO - Processing file /home/airflow/.local/lib/python3.12/site-packages/airflow/example_dags/example_xcom.py for tasks to queue
[2026-08-24T14:29:44.765+0000] {logging_mixin.py:188} INFO - [2026-08-24T14:29:44.765+0000] {dagbag.py:545} INFO - Filling up the DagBag from /home/airflow/.local/lib/python3.12/site-packages/airflow/example_dags/example_xcom.py
[2026-08-24T14:29:44.776+0000] {processor.py:840} INFO - DAG(s) 'example_xcom' retrieved from /home/airflow/.local/lib/python3.12/site-packages/airflow/example_dags/example_xcom.py
[2026-08-24T14:29:44.809+0000] {logging_mixin.py:188} INFO - [2026-08-24T14:29:44.809+0000] {dag.py:3096} INFO - Sync 1 DAGs
[2026-08-24T14:29:44.870+0000] {logging_mixin.py:188} INFO - [2026-08-24T14:29:44.869+0000] {dag.py:3954} INFO - Setting next_dagrun for example_xcom to 2021-01-01 00:00:00+00:00, run_after=2021-01-01 00:00:00+00:00
[2026-08-24T14:29:44.942+0000] {processor.py:183} INFO - Processing /home/airflow/.local/lib/python3.12/site-packages/airflow/example_dags/example_xcom.py took 0.189 seconds
[2026-08-24T14:30:15.271+0000] {processor.py:161} INFO - Started process (PID=963) to work on /home/airflow/.local/lib/python3.12/site-packages/airflow/example_dags/example_xcom.py
[2026-08-24T14:30:15.273+0000] {processor.py:830} INFO - Processing file /home/airflow/.local/lib/python3.12/site-packages/airflow/example_dags/example_xcom.py for tasks to queue
[2026-08-24T14:30:15.276+0000] {logging_mixin.py:188} INFO - [2026-08-24T14:30:15.276+0000] {dagbag.py:545} INFO - Filling up the DagBag from /home/airflow/.local/lib/python3.12/site-packages/airflow/example_dags/example_xcom.py
[2026-08-24T14:30:15.289+0000] {processor.py:840} INFO - DAG(s) 'example_xcom' retrieved from /home/airflow/.local/lib/python3.12/site-packages/airflow/example_dags/example_xcom.py
[2026-08-24T14:30:15.322+0000] {logging_mixin.py:188} INFO - [2026-08-24T14:30:15.321+0000] {dag.py:3096} INFO - Sync 1 DAGs
[2026-08-24T14:30:15.355+0000] {logging_mixin.py:188} INFO - [2026-08-24T14:30:15.355+0000] {dag.py:3954} INFO - Setting next_dagrun for example_xcom to 2021-01-01 00:00:00+00:00, run_after=2021-01-01 00:00:00+00:00
[2026-08-24T14:30:15.388+0000] {processor.py:183} INFO - Processing /home/airflow/.local/lib/python3.12/site-packages/airflow/example_dags/example_xcom.py took 0.127 seconds
[2026-08-24T14:30:45.800+0000] {processor.py:161} INFO - Started process (PID=1024) to work on /home/airflow/.local/lib/python3.12/site-packages/airflow/example_dags/example_xcom.py
[2026-08-24T14:30:45.802+0000] {processor.py:830} INFO - Processing file /home/airflow/.local/lib/python3.12/site-packages/airflow/example_dags/example_xcom.py for tasks to queue
[2026-08-24T14:30:45.804+0000] {logging_mixin.py:188} INFO - [2026-08-24T14:30:45.804+0000] {dagbag.py:545} INFO - Filling up the DagBag from /home/airflow/.local/lib/python3.12/site-packages/airflow/example_dags/example_xcom.py
[2026-08-24T14:30:45.816+0000] {processor.py:840} INFO - DAG(s) 'example_xcom' retrieved from /home/airflow/.local/lib/python3.12/site-packages/airflow/example_dags/example_xcom.py
[2026-08-24T14:30:45.847+0000] {logging_mixin.py:188} INFO - [2026-08-24T14:30:45.847+0000] {dag.py:3096} INFO - Sync 1 DAGs
[2026-08-24T14:30:45.875+0000] {logging_mixin.py:188} INFO - [2026-08-24T14:30:45.875+0000] {dag.py:3954} INFO - Setting next_dagrun for example_xcom to 2021-01-01 00:00:00+00:00, run_after=2021-01-01 00:00:00+00:00
[2026-08-24T14:30:45.899+0000] {processor.py:183} INFO - Processing /home/airflow/.local/lib/python3.12/site-packages/airflow/example_dags/example_xcom.py took 0.106 seconds
[2026-08-24T14:35:30.348+0000] {processor.py:161} INFO - Started process (PID=147) to work on /home/airflow/.local/lib/python3.12/site-packages/airflow/example_dags/example_xcom.py
[2026-08-24T14:35:30.349+0000] {processor.py:830} INFO - Processing file /home/airflow/.local/lib/python3.12/site-packages/airflow/example_dags/example_xcom.py for tasks to queue
[2026-08-24T14:35:30.352+0000] {logging_mixin.py:188} INFO - [2026-08-24T14:35:30.352+0000] {dagbag.py:545} INFO - Filling up the DagBag from /home/airflow/.local/lib/python3.12/site-packages/airflow/example_dags/example_xcom.py
[2026-08-24T14:35:30.367+0000] {processor.py:840} INFO - DAG(s) 'example_xcom' retrieved from /home/airflow/.local/lib/python3.12/site-packages/airflow/example_dags/example_xcom.py
[2026-08-24T14:35:30.526+0000] {logging_mixin.py:188} INFO - [2026-08-24T14:35:30.526+0000] {dag.py:3096} INFO - Sync 1 DAGs
[2026-08-24T14:35:30.556+0000] {logging_mixin.py:188} INFO - [2026-08-24T14:35:30.555+0000] {dag.py:3954} INFO - Setting next_dagrun for example_xcom to 2021-01-01 00:00:00+00:00, run_after=2021-01-01 00:00:00+00:00
[2026-08-24T14:35:30.585+0000] {processor.py:183} INFO - Processing /home/airflow/.local/lib/python3.12/site-packages/airflow/example_dags/example_xcom.py took 0.245 seconds
[2026-08-24T14:36:01.351+0000] {processor.py:161} INFO - Started process (PID=207) to work on /home/airflow/.local/lib/python3.12/site-packages/airflow/example_dags/example_xcom.py
[2026-08-24T14:36:01.353+0000] {processor.py:830} INFO - Processing file /home/airflow/.local/lib/python3.12/site-packages/airflow/example_dags/example_xcom.py for tasks to queue
[2026-08-24T14:36:01.355+0000] {logging_mixin.py:188} INFO - [2026-08-24T14:36:01.355+0000] {dagbag.py:545} INFO - Filling up the DagBag from /home/airflow/.local/lib/python3.12/site-packages/airflow/example_dags/example_xcom.py
[2026-08-24T14:36:01.366+0000] {processor.py:840} INFO - DAG(s) 'example_xcom' retrieved from /home/airflow/.local/lib/python3.12/site-packages/airflow/example_dags/example_xcom.py
[2026-08-24T14:36:01.391+0000] {logging_mixin.py:188} INFO - [2026-08-24T14:36:01.391+0000] {dag.py:3096} INFO - Sync 1 DAGs
[2026-08-24T14:36:01.421+0000] {logging_mixin.py:188} INFO - [2026-08-24T14:36:01.420+0000] {dag.py:3954} INFO - Setting next_dagrun for example_xcom to 2021-01-01 00:00:00+00:00, run_after=2021-01-01 00:00:00+00:00
[2026-08-24T14:36:01.445+0000] {processor.py:183} INFO - Processing /home/airflow/.local/lib/python3.12/site-packages/airflow/example_dags/example_xcom.py took 0.101 seconds
[2026-08-24T14:36:32.134+0000] {processor.py:161} INFO - Started process (PID=268) to work on /home/airflow/.local/lib/python3.12/site-packages/airflow/example_dags/example_xcom.py
[2026-08-24T14:36:32.135+0000] {processor.py:830} INFO - Processing file /home/airflow/.local/lib/python3.12/site-packages/airflow/example_dags/example_xcom.py for tasks to queue
[2026-08-24T14:36:32.138+0000] {logging_mixin.py:188} INFO - [2026-08-24T14:36:32.138+0000] {dagbag.py:545} INFO - Filling up the DagBag from /home/airflow/.local/lib/python3.12/site-packages/airflow/example_dags/example_xcom.py
[2026-08-24T14:36:32.153+0000] {processor.py:840} INFO - DAG(s) 'example_xcom' retrieved from /home/airflow/.local/lib/python3.12/site-packages/airflow/example_dags/example_xcom.py
[2026-08-24T14:36:32.188+0000] {logging_mixin.py:188} INFO - [2026-08-24T14:36:32.188+0000] {dag.py:3096} INFO - Sync 1 DAGs
[2026-08-24T14:36:32.223+0000] {logging_mixin.py:188} INFO - [2026-08-24T14:36:32.223+0000] {dag.py:3954} INFO - Setting next_dagrun for example_xcom to 2021-01-01 00:00:00+00:00, run_after=2021-01-01 00:00:00+00:00
[2026-08-24T14:36:32.259+0000] {processor.py:183} INFO - Processing /home/airflow/.local/lib/python3.12/site-packages/airflow/example_dags/example_xcom.py took 0.136 seconds
[2026-08-24T14:37:02.604+0000] {processor.py:161} INFO - Started process (PID=328) to work on /home/airflow/.local/lib/python3.12/site-packages/airflow/example_dags/example_xcom.py
[2026-08-24T14:37:02.606+0000] {processor.py:830} INFO - Processing file /home/airflow/.local/lib/python3.12/site-packages/airflow/example_dags/example_xcom.py for tasks to queue
[2026-08-24T14:37:02.613+0000] {logging_mixin.py:188} INFO - [2026-08-24T14:37:02.612+0000] {dagbag.py:545} INFO - Filling up the DagBag from /home/airflow/.local/lib/python3.12/site-packages/airflow/example_dags/example_xcom.py
[2026-08-24T14:37:02.626+0000] {processor.py:840} INFO - DAG(s) 'example_xcom' retrieved from /home/airflow/.local/lib/python3.12/site-packages/airflow/example_dags/example_xcom.py
[2026-08-24T14:37:02.658+0000] {logging_mixin.py:188} INFO - [2026-08-24T14:37:02.658+0000] {dag.py:3096} INFO - Sync 1 DAGs
[2026-08-24T14:37:02.703+0000] {logging_mixin.py:188} INFO - [2026-08-24T14:37:02.703+0000] {dag.py:3954} INFO - Setting next_dagrun for example_xcom to 2021-01-01 00:00:00+00:00, run_after=2021-01-01 00:00:00+00:00
[2026-08-24T14:37:03.010+0000] {processor.py:183} INFO - Processing /home/airflow/.local/lib/python3.12/site-packages/airflow/example_dags/example_xcom.py took 0.417 seconds
[2026-08-24T14:37:33.540+0000] {processor.py:161} INFO - Started process (PID=388) to work on /home/airflow/.local/lib/python3.12/site-packages/airflow/example_dags/example_xcom.py
[2026-08-24T14:37:33.542+0000] {processor.py:830} INFO - Processing file /home/airflow/.local/lib/python3.12/site-packages/airflow/example_dags/example_xcom.py for tasks to queue
[2026-08-24T14:37:33.544+0000] {logging_mixin.py:188} INFO - [2026-08-24T14:37:33.544+0000] {dagbag.py:545} INFO - Filling up the DagBag from /home/airflow/.local/lib/python3.12/site-packages/airflow/example_dags/example_xcom.py
[2026-08-24T14:37:33.556+0000] {processor.py:840} INFO - DAG(s) 'example_xcom' retrieved from /home/airflow/.local/lib/python3.12/site-packages/airflow/example_dags/example_xcom.py
[2026-08-24T14:37:33.583+0000] {logging_mixin.py:188} INFO - [2026-08-24T14:37:33.583+0000] {dag.py:3096} INFO - Sync 1 DAGs
[2026-08-24T14:37:33.618+0000] {logging_mixin.py:188} INFO - [2026-08-24T14:37:33.618+0000] {dag.py:3954} INFO - Setting next_dagrun for example_xcom to 2021-01-01 00:00:00+00:00, run_after=2021-01-01 00:00:00+00:00
[2026-08-24T14:37:33.644+0000] {processor.py:183} INFO - Processing /home/airflow/.local/lib/python3.12/site-packages/airflow/example_dags/example_xcom.py took 0.112 seconds
[2026-08-24T14:38:04.056+0000] {processor.py:161} INFO - Started process (PID=449) to work on /home/airflow/.local/lib/python3.12/site-packages/airflow/example_dags/example_xcom.py
[2026-08-24T14:38:04.058+0000] {processor.py:830} INFO - Processing file /home/airflow/.local/lib/python3.12/site-packages/airflow/example_dags/example_xcom.py for tasks to queue
[2026-08-24T14:38:04.062+0000] {logging_mixin.py:188} INFO - [2026-08-24T14:38:04.061+0000] {dagbag.py:545} INFO - Filling up the DagBag from /home/airflow/.local/lib/python3.12/site-packages/airflow/example_dags/example_xcom.py
[2026-08-24T14:38:04.077+0000] {processor.py:840} INFO - DAG(s) 'example_xcom' retrieved from /home/airflow/.local/lib/python3.12/site-packages/airflow/example_dags/example_xcom.py
[2026-08-24T14:38:04.108+0000] {logging_mixin.py:188} INFO - [2026-08-24T14:38:04.108+0000] {dag.py:3096} INFO - Sync 1 DAGs
[2026-08-24T14:38:04.143+0000] {logging_mixin.py:188} INFO - [2026-08-24T14:38:04.143+0000] {dag.py:3954} INFO - Setting next_dagrun for example_xcom to 2021-01-01 00:00:00+00:00, run_after=2021-01-01 00:00:00+00:00
[2026-08-24T14:38:04.188+0000] {processor.py:183} INFO - Processing /home/airflow/.local/lib/python3.12/site-packages/airflow/example_dags/example_xcom.py took 0.140 seconds
[2026-08-24T14:38:35.039+0000] {processor.py:161} INFO - Started process (PID=509) to work on /home/airflow/.local/lib/python3.12/site-packages/airflow/example_dags/example_xcom.py
[2026-08-24T14:38:35.040+0000] {processor.py:830} INFO - Processing file /home/airflow/.local/lib/python3.12/site-packages/airflow/example_dags/example_xcom.py for tasks to queue
[2026-08-24T14:38:35.043+0000] {logging_mixin.py:188} INFO - [2026-08-24T14:38:35.043+0000] {dagbag.py:545} INFO - Filling up the DagBag from /home/airflow/.local/lib/python3.12/site-packages/airflow/example_dags/example_xcom.py
[2026-08-24T14:38:35.054+0000] {processor.py:840} INFO - DAG(s) 'example_xcom' retrieved from /home/airflow/.local/lib/python3.12/site-packages/airflow/example_dags/example_xcom.py
[2026-08-24T14:38:35.083+0000] {logging_mixin.py:188} INFO - [2026-08-24T14:38:35.083+0000] {dag.py:3096} INFO - Sync 1 DAGs
[2026-08-24T14:38:35.112+0000] {logging_mixin.py:188} INFO - [2026-08-24T14:38:35.112+0000] {dag.py:3954} INFO - Setting next_dagrun for example_xcom to 2021-01-01 00:00:00+00:00, run_after=2021-01-01 00:00:00+00:00
[2026-08-24T14:38:35.140+0000] {processor.py:183} INFO - Processing /home/airflow/.local/lib/python3.12/site-packages/airflow/example_dags/example_xcom.py took 0.109 seconds
[2026-08-24T14:39:05.835+0000] {processor.py:161} INFO - Started process (PID=569) to work on /home/airflow/.local/lib/python3.12/site-packages/airflow/example_dags/example_xcom.py
[2026-08-24T14:39:05.837+0000] {processor.py:830} INFO - Processing file /home/airflow/.local/lib/python3.12/site-packages/airflow/example_dags/example_xcom.py for tasks to queue
[2026-08-24T14:39:05.840+0000] {logging_mixin.py:188} INFO - [2026-08-24T14:39:05.840+0000] {dagbag.py:545} INFO - Filling up the DagBag from /home/airflow/.local/lib/python3.12/site-packages/airflow/example_dags/example_xcom.py
[2026-08-24T14:39:05.851+0000] {processor.py:840} INFO - DAG(s) 'example_xcom' retrieved from /home/airflow/.local/lib/python3.12/site-packages/airflow/example_dags/example_xcom.py
[2026-08-24T14:39:05.880+0000] {logging_mixin.py:188} INFO - [2026-08-24T14:39:05.880+0000] {dag.py:3096} INFO - Sync 1 DAGs
[2026-08-24T14:39:05.913+0000] {logging_mixin.py:188} INFO - [2026-08-24T14:39:05.913+0000] {dag.py:3954} INFO - Setting next_dagrun for example_xcom to 2021-01-01 00:00:00+00:00, run_after=2021-01-01 00:00:00+00:00
[2026-08-24T14:39:05.946+0000] {processor.py:183} INFO - Processing /home/airflow/.local/lib/python3.12/site-packages/airflow/example_dags/example_xcom.py took 0.119 seconds
[2026-08-24T14:41:22.972+0000] {processor.py:161} INFO - Started process (PID=146) to work on /home/airflow/.local/lib/python3.12/site-packages/airflow/example_dags/example_xcom.py
[2026-08-24T14:41:22.973+0000] {processor.py:830} INFO - Processing file /home/airflow/.local/lib/python3.12/site-packages/airflow/example_dags/example_xcom.py for tasks to queue
[2026-08-24T14:41:22.976+0000] {logging_mixin.py:188} INFO - [2026-08-24T14:41:22.975+0000] {dagbag.py:545} INFO - Filling up the DagBag from /home/airflow/.local/lib/python3.12/site-packages/airflow/example_dags/example_xcom.py
[2026-08-24T14:41:22.989+0000] {processor.py:840} INFO - DAG(s) 'example_xcom' retrieved from /home/airflow/.local/lib/python3.12/site-packages/airflow/example_dags/example_xcom.py
[2026-08-24T14:41:23.144+0000] {logging_mixin.py:188} INFO - [2026-08-24T14:41:23.144+0000] {dag.py:3096} INFO - Sync 1 DAGs
[2026-08-24T14:41:23.171+0000] {logging_mixin.py:188} INFO - [2026-08-24T14:41:23.171+0000] {dag.py:3954} INFO - Setting next_dagrun for example_xcom to 2021-01-01 00:00:00+00:00, run_after=2021-01-01 00:00:00+00:00
[2026-08-24T14:41:23.201+0000] {processor.py:183} INFO - Processing /home/airflow/.local/lib/python3.12/site-packages/airflow/example_dags/example_xcom.py took 0.237 seconds
[2026-08-24T14:41:53.573+0000] {processor.py:161} INFO - Started process (PID=206) to work on /home/airflow/.local/lib/python3.12/site-packages/airflow/example_dags/example_xcom.py
[2026-08-24T14:41:53.574+0000] {processor.py:830} INFO - Processing file /home/airflow/.local/lib/python3.12/site-packages/airflow/example_dags/example_xcom.py for tasks to queue
[2026-08-24T14:41:53.578+0000] {logging_mixin.py:188} INFO - [2026-08-24T14:41:53.577+0000] {dagbag.py:545} INFO - Filling up the DagBag from /home/airflow/.local/lib/python3.12/site-packages/airflow/example_dags/example_xcom.py
[2026-08-24T14:41:53.591+0000] {processor.py:840} INFO - DAG(s) 'example_xcom' retrieved from /home/airflow/.local/lib/python3.12/site-packages/airflow/example_dags/example_xcom.py
[2026-08-24T14:41:53.635+0000] {logging_mixin.py:188} INFO - [2026-08-24T14:41:53.635+0000] {dag.py:3096} INFO - Sync 1 DAGs
[2026-08-24T14:41:53.695+0000] {logging_mixin.py:188} INFO - [2026-08-24T14:41:53.695+0000] {dag.py:3954} INFO - Setting next_dagrun for example_xcom to 2021-01-01 00:00:00+00:00, run_after=2021-01-01 00:00:00+00:00
[2026-08-24T14:41:53.736+0000] {processor.py:183} INFO - Processing /home/airflow/.local/lib/python3.12/site-packages/airflow/example_dags/example_xcom.py took 0.171 seconds
[2026-08-24T14:42:24.729+0000] {processor.py:161} INFO - Started process (PID=266) to work on /home/airflow/.local/lib/python3.12/site-packages/airflow/example_dags/example_xcom.py
[2026-08-24T14:42:24.731+0000] {processor.py:830} INFO - Processing file /home/airflow/.local/lib/python3.12/site-packages/airflow/example_dags/example_xcom.py for tasks to queue
[2026-08-24T14:42:24.734+0000] {logging_mixin.py:188} INFO - [2026-08-24T14:42:24.733+0000] {dagbag.py:545} INFO - Filling up the DagBag from /home/airflow/.local/lib/python3.12/site-packages/airflow/example_dags/example_xcom.py
[2026-08-24T14:42:24.749+0000] {processor.py:840} INFO - DAG(s) 'example_xcom' retrieved from /home/airflow/.local/lib/python3.12/site-packages/airflow/example_dags/example_xcom.py
[2026-08-24T14:42:24.780+0000] {logging_mixin.py:188} INFO - [2026-08-24T14:42:24.780+0000] {dag.py:3096} INFO - Sync 1 DAGs
[2026-08-24T14:42:24.819+0000] {logging_mixin.py:188} INFO - [2026-08-24T14:42:24.819+0000] {dag.py:3954} INFO - Setting next_dagrun for example_xcom to 2021-01-01 00:00:00+00:00, run_after=2021-01-01 00:00:00+00:00
[2026-08-24T14:42:24.854+0000] {processor.py:183} INFO - Processing /home/airflow/.local/lib/python3.12/site-packages/airflow/example_dags/example_xcom.py took 0.136 seconds
[2026-08-24T14:42:55.158+0000] {processor.py:161} INFO - Started process (PID=326) to work on /home/airflow/.local/lib/python3.12/site-packages/airflow/example_dags/example_xcom.py
[2026-08-24T14:42:55.160+0000] {processor.py:830} INFO - Processing file /home/airflow/.local/lib/python3.12/site-packages/airflow/example_dags/example_xcom.py for tasks to queue
[2026-08-24T14:42:55.162+0000] {logging_mixin.py:188} INFO - [2026-08-24T14:42:55.162+0000] {dagbag.py:545} INFO - Filling up the DagBag from /home/airflow/.local/lib/python3.12/site-packages/airflow/example_dags/example_xcom.py
[2026-08-24T14:42:55.176+0000] {processor.py:840} INFO - DAG(s) 'example_xcom' retrieved from /home/airflow/.local/lib/python3.12/site-packages/airflow/example_dags/example_xcom.py
[2026-08-24T14:42:55.203+0000] {logging_mixin.py:188} INFO - [2026-08-24T14:42:55.203+0000] {dag.py:3096} INFO - Sync 1 DAGs
[2026-08-24T14:42:55.232+0000] {logging_mixin.py:188} INFO - [2026-08-24T14:42:55.232+0000] {dag.py:3954} INFO - Setting next_dagrun for example_xcom to 2021-01-01 00:00:00+00:00, run_after=2021-01-01 00:00:00+00:00
[2026-08-24T14:42:55.258+0000] {processor.py:183} INFO - Processing /home/airflow/.local/lib/python3.12/site-packages/airflow/example_dags/example_xcom.py took 0.107 seconds
[2026-08-24T14:43:26.111+0000] {processor.py:161} INFO - Started process (PID=386) to work on /home/airflow/.local/lib/python3.12/site-packages/airflow/example_dags/example_xcom.py
[2026-08-24T14:43:26.113+0000] {processor.py:830} INFO - Processing file /home/airflow/.local/lib/python3.12/site-packages/airflow/example_dags/example_xcom.py for tasks to queue
[2026-08-24T14:43:26.118+0000] {logging_mixin.py:188} INFO - [2026-08-24T14:43:26.116+0000] {dagbag.py:545} INFO - Filling up the DagBag from /home/airflow/.local/lib/python3.12/site-packages/airflow/example_dags/example_xcom.py
[2026-08-24T14:43:26.134+0000] {processor.py:840} INFO - DAG(s) 'example_xcom' retrieved from /home/airflow/.local/lib/python3.12/site-packages/airflow/example_dags/example_xcom.py
[2026-08-24T14:43:26.168+0000] {logging_mixin.py:188} INFO - [2026-08-24T14:43:26.168+0000] {dag.py:3096} INFO - Sync 1 DAGs
[2026-08-24T14:43:26.209+0000] {logging_mixin.py:188} INFO - [2026-08-24T14:43:26.208+0000] {dag.py:3954} INFO - Setting next_dagrun for example_xcom to 2021-01-01 00:00:00+00:00, run_after=2021-01-01 00:00:00+00:00
[2026-08-24T14:43:26.244+0000] {processor.py:183} INFO - Processing /home/airflow/.local/lib/python3.12/site-packages/airflow/example_dags/example_xcom.py took 0.143 seconds
[2026-08-24T14:43:56.591+0000] {processor.py:161} INFO - Started process (PID=446) to work on /home/airflow/.local/lib/python3.12/site-packages/airflow/example_dags/example_xcom.py
[2026-08-24T14:43:56.593+0000] {processor.py:830} INFO - Processing file /home/airflow/.local/lib/python3.12/site-packages/airflow/example_dags/example_xcom.py for tasks to queue
[2026-08-24T14:43:56.596+0000] {logging_mixin.py:188} INFO - [2026-08-24T14:43:56.595+0000] {dagbag.py:545} INFO - Filling up the DagBag from /home/airflow/.local/lib/python3.12/site-packages/airflow/example_dags/example_xcom.py
[2026-08-24T14:43:56.606+0000] {processor.py:840} INFO - DAG(s) 'example_xcom' retrieved from /home/airflow/.local/lib/python3.12/site-packages/airflow/example_dags/example_xcom.py
[2026-08-24T14:43:56.639+0000] {logging_mixin.py:188} INFO - [2026-08-24T14:43:56.638+0000] {dag.py:3096} INFO - Sync 1 DAGs
[2026-08-24T14:43:56.678+0000] {logging_mixin.py:188} INFO - [2026-08-24T14:43:56.677+0000] {dag.py:3954} INFO - Setting next_dagrun for example_xcom to 2021-01-01 00:00:00+00:00, run_after=2021-01-01 00:00:00+00:00
[2026-08-24T14:43:56.708+0000] {processor.py:183} INFO - Processing /home/airflow/.local/lib/python3.12/site-packages/airflow/example_dags/example_xcom.py took 0.124 seconds
[2026-08-24T14:44:27.039+0000] {processor.py:161} INFO - Started process (PID=506) to work on /home/airflow/.local/lib/python3.12/site-packages/airflow/example_dags/example_xcom.py
[2026-08-24T14:44:27.040+0000] {processor.py:830} INFO - Processing file /home/airflow/.local/lib/python3.12/site-packages/airflow/example_dags/example_xcom.py for tasks to queue
[2026-08-24T14:44:27.044+0000] {logging_mixin.py:188} INFO - [2026-08-24T14:44:27.043+0000] {dagbag.py:545} INFO - Filling up the DagBag from /home/airflow/.local/lib/python3.12/site-packages/airflow/example_dags/example_xcom.py
[2026-08-24T14:44:27.053+0000] {processor.py:840} INFO - DAG(s) 'example_xcom' retrieved from /home/airflow/.local/lib/python3.12/site-packages/airflow/example_dags/example_xcom.py
[2026-08-24T14:44:27.079+0000] {logging_mixin.py:188} INFO - [2026-08-24T14:44:27.079+0000] {dag.py:3096} INFO - Sync 1 DAGs
[2026-08-24T14:44:27.108+0000] {logging_mixin.py:188} INFO - [2026-08-24T14:44:27.108+0000] {dag.py:3954} INFO - Setting next_dagrun for example_xcom to 2021-01-01 00:00:00+00:00, run_after=2021-01-01 00:00:00+00:00
[2026-08-24T14:44:27.133+0000] {processor.py:183} INFO - Processing /home/airflow/.local/lib/python3.12/site-packages/airflow/example_dags/example_xcom.py took 0.101 seconds
[2026-08-24T14:49:26.104+0000] {processor.py:161} INFO - Started process (PID=145) to work on /home/airflow/.local/lib/python3.12/site-packages/airflow/example_dags/example_xcom.py
[2026-08-24T14:49:26.105+0000] {processor.py:830} INFO - Processing file /home/airflow/.local/lib/python3.12/site-packages/airflow/example_dags/example_xcom.py for tasks to queue
[2026-08-24T14:49:26.108+0000] {logging_mixin.py:188} INFO - [2026-08-24T14:49:26.108+0000] {dagbag.py:545} INFO - Filling up the DagBag from /home/airflow/.local/lib/python3.12/site-packages/airflow/example_dags/example_xcom.py
[2026-08-24T14:49:26.120+0000] {processor.py:840} INFO - DAG(s) 'example_xcom' retrieved from /home/airflow/.local/lib/python3.12/site-packages/airflow/example_dags/example_xcom.py
[2026-08-24T14:49:26.254+0000] {logging_mixin.py:188} INFO - [2026-08-24T14:49:26.254+0000] {dag.py:3096} INFO - Sync 1 DAGs
[2026-08-24T14:49:26.281+0000] {logging_mixin.py:188} INFO - [2026-08-24T14:49:26.280+0000] {dag.py:3954} INFO - Setting next_dagrun for example_xcom to 2021-01-01 00:00:00+00:00, run_after=2021-01-01 00:00:00+00:00
[2026-08-24T14:49:26.311+0000] {processor.py:183} INFO - Processing /home/airflow/.local/lib/python3.12/site-packages/airflow/example_dags/example_xcom.py took 0.214 seconds
[2026-08-24T14:50:19.052+0000] {processor.py:161} INFO - Started process (PID=125) to work on /home/airflow/.local/lib/python3.12/site-packages/airflow/example_dags/example_xcom.py
[2026-08-24T14:50:19.054+0000] {processor.py:830} INFO - Processing file /home/airflow/.local/lib/python3.12/site-packages/airflow/example_dags/example_xcom.py for tasks to queue
[2026-08-24T14:50:19.057+0000] {logging_mixin.py:188} INFO - [2026-08-24T14:50:19.056+0000] {dagbag.py:545} INFO - Filling up the DagBag from /home/airflow/.local/lib/python3.12/site-packages/airflow/example_dags/example_xcom.py
[2026-08-24T14:50:19.069+0000] {processor.py:840} INFO - DAG(s) 'example_xcom' retrieved from /home/airflow/.local/lib/python3.12/site-packages/airflow/example_dags/example_xcom.py
[2026-08-24T14:50:19.105+0000] {logging_mixin.py:188} INFO - [2026-08-24T14:50:19.103+0000] {dag.py:3096} INFO - Sync 1 DAGs
[2026-08-24T14:50:19.135+0000] {logging_mixin.py:188} INFO - [2026-08-24T14:50:19.134+0000] {dag.py:3954} INFO - Setting next_dagrun for example_xcom to 2021-01-01 00:00:00+00:00, run_after=2021-01-01 00:00:00+00:00
[2026-08-24T14:50:19.163+0000] {processor.py:183} INFO - Processing /home/airflow/.local/lib/python3.12/site-packages/airflow/example_dags/example_xcom.py took 0.121 seconds
[2026-08-24T14:50:49.916+0000] {processor.py:161} INFO - Started process (PID=185) to work on /home/airflow/.local/lib/python3.12/site-packages/airflow/example_dags/example_xcom.py
[2026-08-24T14:50:49.917+0000] {processor.py:830} INFO - Processing file /home/airflow/.local/lib/python3.12/site-packages/airflow/example_dags/example_xcom.py for tasks to queue
[2026-08-24T14:50:49.922+0000] {logging_mixin.py:188} INFO - [2026-08-24T14:50:49.921+0000] {dagbag.py:545} INFO - Filling up the DagBag from /home/airflow/.local/lib/python3.12/site-packages/airflow/example_dags/example_xcom.py
[2026-08-24T14:50:49.934+0000] {processor.py:840} INFO - DAG(s) 'example_xcom' retrieved from /home/airflow/.local/lib/python3.12/site-packages/airflow/example_dags/example_xcom.py
[2026-08-24T14:50:49.964+0000] {logging_mixin.py:188} INFO - [2026-08-24T14:50:49.964+0000] {dag.py:3096} INFO - Sync 1 DAGs
[2026-08-24T14:50:50.003+0000] {logging_mixin.py:188} INFO - [2026-08-24T14:50:50.003+0000] {dag.py:3954} INFO - Setting next_dagrun for example_xcom to 2021-01-01 00:00:00+00:00, run_after=2021-01-01 00:00:00+00:00
[2026-08-24T14:50:50.038+0000] {processor.py:183} INFO - Processing /home/airflow/.local/lib/python3.12/site-packages/airflow/example_dags/example_xcom.py took 0.131 seconds
[2026-08-24T14:51:20.384+0000] {processor.py:161} INFO - Started process (PID=245) to work on /home/airflow/.local/lib/python3.12/site-packages/airflow/example_dags/example_xcom.py
[2026-08-24T14:51:20.385+0000] {processor.py:830} INFO - Processing file /home/airflow/.local/lib/python3.12/site-packages/airflow/example_dags/example_xcom.py for tasks to queue
[2026-08-24T14:51:20.387+0000] {logging_mixin.py:188} INFO - [2026-08-24T14:51:20.387+0000] {dagbag.py:545} INFO - Filling up the DagBag from /home/airflow/.local/lib/python3.12/site-packages/airflow/example_dags/example_xcom.py
[2026-08-24T14:51:20.397+0000] {processor.py:840} INFO - DAG(s) 'example_xcom' retrieved from /home/airflow/.local/lib/python3.12/site-packages/airflow/example_dags/example_xcom.py
[2026-08-24T14:51:20.425+0000] {logging_mixin.py:188} INFO - [2026-08-24T14:51:20.425+0000] {dag.py:3096} INFO - Sync 1 DAGs
[2026-08-24T14:51:20.454+0000] {logging_mixin.py:188} INFO - [2026-08-24T14:51:20.454+0000] {dag.py:3954} INFO - Setting next_dagrun for example_xcom to 2021-01-01 00:00:00+00:00, run_after=2021-01-01 00:00:00+00:00
[2026-08-24T14:51:20.481+0000] {processor.py:183} INFO - Processing /home/airflow/.local/lib/python3.12/site-packages/airflow/example_dags/example_xcom.py took 0.105 seconds
[2026-08-24T14:51:51.774+0000] {processor.py:161} INFO - Started process (PID=305) to work on /home/airflow/.local/lib/python3.12/site-packages/airflow/example_dags/example_xcom.py
[2026-08-24T14:51:51.776+0000] {processor.py:830} INFO - Processing file /home/airflow/.local/lib/python3.12/site-packages/airflow/example_dags/example_xcom.py for tasks to queue
[2026-08-24T14:51:51.778+0000] {logging_mixin.py:188} INFO - [2026-08-24T14:51:51.778+0000] {dagbag.py:545} INFO - Filling up the DagBag from /home/airflow/.local/lib/python3.12/site-packages/airflow/example_dags/example_xcom.py
[2026-08-24T14:51:51.788+0000] {processor.py:840} INFO - DAG(s) 'example_xcom' retrieved from /home/airflow/.local/lib/python3.12/site-packages/airflow/example_dags/example_xcom.py
[2026-08-24T14:51:51.819+0000] {logging_mixin.py:188} INFO - [2026-08-24T14:51:51.818+0000] {dag.py:3096} INFO - Sync 1 DAGs
[2026-08-24T14:51:51.851+0000] {logging_mixin.py:188} INFO - [2026-08-24T14:51:51.850+0000] {dag.py:3954} INFO - Setting next_dagrun for example_xcom to 2021-01-01 00:00:00+00:00, run_after=2021-01-01 00:00:00+00:00
[2026-08-24T14:51:51.879+0000] {processor.py:183} INFO - Processing /home/airflow/.local/lib/python3.12/site-packages/airflow/example_dags/example_xcom.py took 0.113 seconds
[2026-08-24T14:52:23.848+0000] {processor.py:161} INFO - Started process (PID=365) to work on /home/airflow/.local/lib/python3.12/site-packages/airflow/example_dags/example_xcom.py
[2026-08-24T14:52:23.850+0000] {processor.py:830} INFO - Processing file /home/airflow/.local/lib/python3.12/site-packages/airflow/example_dags/example_xcom.py for tasks to queue
[2026-08-24T14:52:23.852+0000] {logging_mixin.py:188} INFO - [2026-08-24T14:52:23.852+0000] {dagbag.py:545} INFO - Filling up the DagBag from /home/airflow/.local/lib/python3.12/site-packages/airflow/example_dags/example_xcom.py
[2026-08-24T14:52:23.862+0000] {processor.py:840} INFO - DAG(s) 'example_xcom' retrieved from /home/airflow/.local/lib/python3.12/site-packages/airflow/example_dags/example_xcom.py
[2026-08-24T14:52:23.886+0000] {logging_mixin.py:188} INFO - [2026-08-24T14:52:23.886+0000] {dag.py:3096} INFO - Sync 1 DAGs
[2026-08-24T14:52:23.917+0000] {logging_mixin.py:188} INFO - [2026-08-24T14:52:23.917+0000] {dag.py:3954} INFO - Setting next_dagrun for example_xcom to 2021-01-01 00:00:00+00:00, run_after=2021-01-01 00:00:00+00:00
[2026-08-24T14:52:23.940+0000] {processor.py:183} INFO - Processing /home/airflow/.local/lib/python3.12/site-packages/airflow/example_dags/example_xcom.py took 0.100 seconds
[2026-08-24T14:52:54.772+0000] {processor.py:161} INFO - Started process (PID=425) to work on /home/airflow/.local/lib/python3.12/site-packages/airflow/example_dags/example_xcom.py
[2026-08-24T14:52:54.774+0000] {processor.py:830} INFO - Processing file /home/airflow/.local/lib/python3.12/site-packages/airflow/example_dags/example_xcom.py for tasks to queue
[2026-08-24T14:52:54.777+0000] {logging_mixin.py:188} INFO - [2026-08-24T14:52:54.776+0000] {dagbag.py:545} INFO - Filling up the DagBag from /home/airflow/.local/lib/python3.12/site-packages/airflow/example_dags/example_xcom.py
[2026-08-24T14:52:54.792+0000] {processor.py:840} INFO - DAG(s) 'example_xcom' retrieved from /home/airflow/.local/lib/python3.12/site-packages/airflow/example_dags/example_xcom.py
[2026-08-24T14:52:54.833+0000] {logging_mixin.py:188} INFO - [2026-08-24T14:52:54.833+0000] {dag.py:3096} INFO - Sync 1 DAGs
[2026-08-24T14:52:54.868+0000] {logging_mixin.py:188} INFO - [2026-08-24T14:52:54.868+0000] {dag.py:3954} INFO - Setting next_dagrun for example_xcom to 2021-01-01 00:00:00+00:00, run_after=2021-01-01 00:00:00+00:00
[2026-08-24T14:52:54.900+0000] {processor.py:183} INFO - Processing /home/airflow/.local/lib/python3.12/site-packages/airflow/example_dags/example_xcom.py took 0.139 seconds
[2026-08-24T14:53:24.991+0000] {processor.py:161} INFO - Started process (PID=485) to work on /home/airflow/.local/lib/python3.12/site-packages/airflow/example_dags/example_xcom.py
[2026-08-24T14:53:24.992+0000] {processor.py:830} INFO - Processing file /home/airflow/.local/lib/python3.12/site-packages/airflow/example_dags/example_xcom.py for tasks to queue
[2026-08-24T14:53:24.995+0000] {logging_mixin.py:188} INFO - [2026-08-24T14:53:24.995+0000] {dagbag.py:545} INFO - Filling up the DagBag from /home/airflow/.local/lib/python3.12/site-packages/airflow/example_dags/example_xcom.py
[2026-08-24T14:53:25.005+0000] {processor.py:840} INFO - DAG(s) 'example_xcom' retrieved from /home/airflow/.local/lib/python3.12/site-packages/airflow/example_dags/example_xcom.py
[2026-08-24T14:53:25.030+0000] {logging_mixin.py:188} INFO - [2026-08-24T14:53:25.030+0000] {dag.py:3096} INFO - Sync 1 DAGs
[2026-08-24T14:53:25.056+0000] {logging_mixin.py:188} INFO - [2026-08-24T14:53:25.056+0000] {dag.py:3954} INFO - Setting next_dagrun for example_xcom to 2021-01-01 00:00:00+00:00, run_after=2021-01-01 00:00:00+00:00
[2026-08-24T14:53:25.078+0000] {processor.py:183} INFO - Processing /home/airflow/.local/lib/python3.12/site-packages/airflow/example_dags/example_xcom.py took 0.095 seconds
[2026-08-24T14:53:55.618+0000] {processor.py:161} INFO - Started process (PID=545) to work on /home/airflow/.local/lib/python3.12/site-packages/airflow/example_dags/example_xcom.py
[2026-08-24T14:53:55.619+0000] {processor.py:830} INFO - Processing file /home/airflow/.local/lib/python3.12/site-packages/airflow/example_dags/example_xcom.py for tasks to queue
[2026-08-24T14:53:55.622+0000] {logging_mixin.py:188} INFO - [2026-08-24T14:53:55.621+0000] {dagbag.py:545} INFO - Filling up the DagBag from /home/airflow/.local/lib/python3.12/site-packages/airflow/example_dags/example_xcom.py
[2026-08-24T14:53:55.632+0000] {processor.py:840} INFO - DAG(s) 'example_xcom' retrieved from /home/airflow/.local/lib/python3.12/site-packages/airflow/example_dags/example_xcom.py
[2026-08-24T14:53:55.657+0000] {logging_mixin.py:188} INFO - [2026-08-24T14:53:55.657+0000] {dag.py:3096} INFO - Sync 1 DAGs
[2026-08-24T14:53:55.685+0000] {logging_mixin.py:188} INFO - [2026-08-24T14:53:55.685+0000] {dag.py:3954} INFO - Setting next_dagrun for example_xcom to 2021-01-01 00:00:00+00:00, run_after=2021-01-01 00:00:00+00:00
[2026-08-24T14:53:55.708+0000] {processor.py:183} INFO - Processing /home/airflow/.local/lib/python3.12/site-packages/airflow/example_dags/example_xcom.py took 0.097 seconds
[2026-08-24T14:54:26.094+0000] {processor.py:161} INFO - Started process (PID=605) to work on /home/airflow/.local/lib/python3.12/site-packages/airflow/example_dags/example_xcom.py
[2026-08-24T14:54:26.096+0000] {processor.py:830} INFO - Processing file /home/airflow/.local/lib/python3.12/site-packages/airflow/example_dags/example_xcom.py for tasks to queue
[2026-08-24T14:54:26.098+0000] {logging_mixin.py:188} INFO - [2026-08-24T14:54:26.098+0000] {dagbag.py:545} INFO - Filling up the DagBag from /home/airflow/.local/lib/python3.12/site-packages/airflow/example_dags/example_xcom.py
[2026-08-24T14:54:26.107+0000] {processor.py:840} INFO - DAG(s) 'example_xcom' retrieved from /home/airflow/.local/lib/python3.12/site-packages/airflow/example_dags/example_xcom.py
[2026-08-24T14:54:26.132+0000] {logging_mixin.py:188} INFO - [2026-08-24T14:54:26.132+0000] {dag.py:3096} INFO - Sync 1 DAGs
[2026-08-24T14:54:26.165+0000] {logging_mixin.py:188} INFO - [2026-08-24T14:54:26.165+0000] {dag.py:3954} INFO - Setting next_dagrun for example_xcom to 2021-01-01 00:00:00+00:00, run_after=2021-01-01 00:00:00+00:00
[2026-08-24T14:54:26.198+0000] {processor.py:183} INFO - Processing /home/airflow/.local/lib/python3.12/site-packages/airflow/example_dags/example_xcom.py took 0.112 seconds
[2026-08-24T14:54:56.815+0000] {processor.py:161} INFO - Started process (PID=663) to work on /home/airflow/.local/lib/python3.12/site-packages/airflow/example_dags/example_xcom.py
[2026-08-24T14:54:56.816+0000] {processor.py:830} INFO - Processing file /home/airflow/.local/lib/python3.12/site-packages/airflow/example_dags/example_xcom.py for tasks to queue
[2026-08-24T14:54:56.819+0000] {logging_mixin.py:188} INFO - [2026-08-24T14:54:56.818+0000] {dagbag.py:545} INFO - Filling up the DagBag from /home/airflow/.local/lib/python3.12/site-packages/airflow/example_dags/example_xcom.py
[2026-08-24T14:54:56.830+0000] {processor.py:840} INFO - DAG(s) 'example_xcom' retrieved from /home/airflow/.local/lib/python3.12/site-packages/airflow/example_dags/example_xcom.py
[2026-08-24T14:54:56.857+0000] {logging_mixin.py:188} INFO - [2026-08-24T14:54:56.856+0000] {dag.py:3096} INFO - Sync 1 DAGs
[2026-08-24T14:54:56.887+0000] {logging_mixin.py:188} INFO - [2026-08-24T14:54:56.887+0000] {dag.py:3954} INFO - Setting next_dagrun for example_xcom to 2021-01-01 00:00:00+00:00, run_after=2021-01-01 00:00:00+00:00
[2026-08-24T14:54:56.911+0000] {processor.py:183} INFO - Processing /home/airflow/.local/lib/python3.12/site-packages/airflow/example_dags/example_xcom.py took 0.104 seconds
[2026-08-24T14:55:26.997+0000] {processor.py:161} INFO - Started process (PID=723) to work on /home/airflow/.local/lib/python3.12/site-packages/airflow/example_dags/example_xcom.py
[2026-08-24T14:55:26.998+0000] {processor.py:830} INFO - Processing file /home/airflow/.local/lib/python3.12/site-packages/airflow/example_dags/example_xcom.py for tasks to queue
[2026-08-24T14:55:27.001+0000] {logging_mixin.py:188} INFO - [2026-08-24T14:55:27.000+0000] {dagbag.py:545} INFO - Filling up the DagBag from /home/airflow/.local/lib/python3.12/site-packages/airflow/example_dags/example_xcom.py
[2026-08-24T14:55:27.010+0000] {processor.py:840} INFO - DAG(s) 'example_xcom' retrieved from /home/airflow/.local/lib/python3.12/site-packages/airflow/example_dags/example_xcom.py
[2026-08-24T14:55:27.038+0000] {logging_mixin.py:188} INFO - [2026-08-24T14:55:27.038+0000] {dag.py:3096} INFO - Sync 1 DAGs
[2026-08-24T14:55:27.070+0000] {logging_mixin.py:188} INFO - [2026-08-24T14:55:27.070+0000] {dag.py:3954} INFO - Setting next_dagrun for example_xcom to 2021-01-01 00:00:00+00:00, run_after=2021-01-01 00:00:00+00:00
[2026-08-24T14:55:27.094+0000] {processor.py:183} INFO - Processing /home/airflow/.local/lib/python3.12/site-packages/airflow/example_dags/example_xcom.py took 0.105 seconds
[2026-08-24T14:55:58.077+0000] {processor.py:161} INFO - Started process (PID=783) to work on /home/airflow/.local/lib/python3.12/site-packages/airflow/example_dags/example_xcom.py
[2026-08-24T14:55:58.078+0000] {processor.py:830} INFO - Processing file /home/airflow/.local/lib/python3.12/site-packages/airflow/example_dags/example_xcom.py for tasks to queue
[2026-08-24T14:55:58.081+0000] {logging_mixin.py:188} INFO - [2026-08-24T14:55:58.080+0000] {dagbag.py:545} INFO - Filling up the DagBag from /home/airflow/.local/lib/python3.12/site-packages/airflow/example_dags/example_xcom.py
[2026-08-24T14:55:58.091+0000] {processor.py:840} INFO - DAG(s) 'example_xcom' retrieved from /home/airflow/.local/lib/python3.12/site-packages/airflow/example_dags/example_xcom.py
[2026-08-24T14:55:58.117+0000] {logging_mixin.py:188} INFO - [2026-08-24T14:55:58.117+0000] {dag.py:3096} INFO - Sync 1 DAGs
[2026-08-24T14:55:58.150+0000] {logging_mixin.py:188} INFO - [2026-08-24T14:55:58.150+0000] {dag.py:3954} INFO - Setting next_dagrun for example_xcom to 2021-01-01 00:00:00+00:00, run_after=2021-01-01 00:00:00+00:00
[2026-08-24T14:55:58.173+0000] {processor.py:183} INFO - Processing /home/airflow/.local/lib/python3.12/site-packages/airflow/example_dags/example_xcom.py took 0.104 seconds
