[2026-08-24T13:51:02.666+0000] {processor.py:161} INFO - Started process (PID=104) to work on /home/airflow/.local/lib/python3.12/site-packages/airflow/example_dags/example_kubernetes_executor.py
[2026-08-24T13:51:02.668+0000] {processor.py:830} INFO - Processing file /home/airflow/.local/lib/python3.12/site-packages/airflow/example_dags/example_kubernetes_executor.py for tasks to queue
[2026-08-24T13:51:02.672+0000] {logging_mixin.py:188} INFO - [2026-08-24T13:51:02.671+0000] {dagbag.py:545} INFO - Filling up the DagBag from /home/airflow/.local/lib/python3.12/site-packages/airflow/example_dags/example_kubernetes_executor.py
[2026-08-24T13:51:02.711+0000] {processor.py:840} INFO - DAG(s) 'example_kubernetes_executor' retrieved from /home/airflow/.local/lib/python3.12/site-packages/airflow/example_dags/example_kubernetes_executor.py
[2026-08-24T13:51:02.919+0000] {logging_mixin.py:188} INFO - [2026-08-24T13:51:02.918+0000] {dag.py:3096} INFO - Sync 1 DAGs
[2026-08-24T13:51:02.934+0000] {logging_mixin.py:188} INFO - [2026-08-24T13:51:02.933+0000] {dag.py:3954} INFO - Setting next_dagrun for example_kubernetes_executor to None, run_after=None
[2026-08-24T13:51:03.336+0000] {processor.py:183} INFO - Processing /home/airflow/.local/lib/python3.12/site-packages/airflow/example_dags/example_kubernetes_executor.py took 0.684 seconds
[2026-08-24T13:51:43.229+0000] {processor.py:161} INFO - Started process (PID=85) to work on /home/airflow/.local/lib/python3.12/site-packages/airflow/example_dags/example_kubernetes_executor.py
[2026-08-24T13:51:43.230+0000] {processor.py:830} INFO - Processing file /home/airflow/.local/lib/python3.12/site-packages/airflow/example_dags/example_kubernetes_executor.py for tasks to queue
[2026-08-24T13:51:43.232+0000] {logging_mixin.py:188} INFO - [2026-08-24T13:51:43.232+0000] {dagbag.py:545} INFO - Filling up the DagBag from /home/airflow/.local/lib/python3.12/site-packages/airflow/example_dags/example_kubernetes_executor.py
[2026-08-24T13:51:43.254+0000] {processor.py:840} INFO - DAG(s) 'example_kubernetes_executor' retrieved from /home/airflow/.local/lib/python3.12/site-packages/airflow/example_dags/example_kubernetes_executor.py
[2026-08-24T13:51:43.296+0000] {logging_mixin.py:188} INFO - [2026-08-24T13:51:43.296+0000] {dag.py:3096} INFO - Sync 1 DAGs
[2026-08-24T13:51:43.312+0000] {logging_mixin.py:188} INFO - [2026-08-24T13:51:43.312+0000] {dag.py:3954} INFO - Setting next_dagrun for example_kubernetes_executor to None, run_after=None
[2026-08-24T13:51:43.336+0000] {processor.py:183} INFO - Processing /home/airflow/.local/lib/python3.12/site-packages/airflow/example_dags/example_kubernetes_executor.py took 0.115 seconds
[2026-08-24T13:52:13.927+0000] {processor.py:161} INFO - Started process (PID=144) to work on /home/airflow/.local/lib/python3.12/site-packages/airflow/example_dags/example_kubernetes_executor.py
[2026-08-24T13:52:13.928+0000] {processor.py:830} INFO - Processing file /home/airflow/.local/lib/python3.12/site-packages/airflow/example_dags/example_kubernetes_executor.py for tasks to queue
[2026-08-24T13:52:13.930+0000] {logging_mixin.py:188} INFO - [2026-08-24T13:52:13.930+0000] {dagbag.py:545} INFO - Filling up the DagBag from /home/airflow/.local/lib/python3.12/site-packages/airflow/example_dags/example_kubernetes_executor.py
[2026-08-24T13:52:13.948+0000] {processor.py:840} INFO - DAG(s) 'example_kubernetes_executor' retrieved from /home/airflow/.local/lib/python3.12/site-packages/airflow/example_dags/example_kubernetes_executor.py
[2026-08-24T13:52:13.995+0000] {logging_mixin.py:188} INFO - [2026-08-24T13:52:13.995+0000] {dag.py:3096} INFO - Sync 1 DAGs
[2026-08-24T13:52:14.015+0000] {logging_mixin.py:188} INFO - [2026-08-24T13:52:14.015+0000] {dag.py:3954} INFO - Setting next_dagrun for example_kubernetes_executor to None, run_after=None
[2026-08-24T13:52:14.041+0000] {processor.py:183} INFO - Processing /home/airflow/.local/lib/python3.12/site-packages/airflow/example_dags/example_kubernetes_executor.py took 0.121 seconds
[2026-08-24T13:52:44.279+0000] {processor.py:161} INFO - Started process (PID=203) to work on /home/airflow/.local/lib/python3.12/site-packages/airflow/example_dags/example_kubernetes_executor.py
[2026-08-24T13:52:44.280+0000] {processor.py:830} INFO - Processing file /home/airflow/.local/lib/python3.12/site-packages/airflow/example_dags/example_kubernetes_executor.py for tasks to queue
[2026-08-24T13:52:44.282+0000] {logging_mixin.py:188} INFO - [2026-08-24T13:52:44.282+0000] {dagbag.py:545} INFO - Filling up the DagBag from /home/airflow/.local/lib/python3.12/site-packages/airflow/example_dags/example_kubernetes_executor.py
[2026-08-24T13:52:44.299+0000] {processor.py:840} INFO - DAG(s) 'example_kubernetes_executor' retrieved from /home/airflow/.local/lib/python3.12/site-packages/airflow/example_dags/example_kubernetes_executor.py
[2026-08-24T13:52:44.339+0000] {logging_mixin.py:188} INFO - [2026-08-24T13:52:44.339+0000] {dag.py:3096} INFO - Sync 1 DAGs
[2026-08-24T13:52:44.354+0000] {logging_mixin.py:188} INFO - [2026-08-24T13:52:44.354+0000] {dag.py:3954} INFO - Setting next_dagrun for example_kubernetes_executor to None, run_after=None
[2026-08-24T13:52:44.376+0000] {processor.py:183} INFO - Processing /home/airflow/.local/lib/python3.12/site-packages/airflow/example_dags/example_kubernetes_executor.py took 0.104 seconds
[2026-08-24T13:53:14.474+0000] {processor.py:161} INFO - Started process (PID=262) to work on /home/airflow/.local/lib/python3.12/site-packages/airflow/example_dags/example_kubernetes_executor.py
[2026-08-24T13:53:14.476+0000] {processor.py:830} INFO - Processing file /home/airflow/.local/lib/python3.12/site-packages/airflow/example_dags/example_kubernetes_executor.py for tasks to queue
[2026-08-24T13:53:14.479+0000] {logging_mixin.py:188} INFO - [2026-08-24T13:53:14.478+0000] {dagbag.py:545} INFO - Filling up the DagBag from /home/airflow/.local/lib/python3.12/site-packages/airflow/example_dags/example_kubernetes_executor.py
[2026-08-24T13:53:14.495+0000] {processor.py:840} INFO - DAG(s) 'example_kubernetes_executor' retrieved from /home/airflow/.local/lib/python3.12/site-packages/airflow/example_dags/example_kubernetes_executor.py
[2026-08-24T13:53:14.535+0000] {logging_mixin.py:188} INFO - [2026-08-24T13:53:14.535+0000] {dag.py:3096} INFO - Sync 1 DAGs
[2026-08-24T13:53:14.550+0000] {logging_mixin.py:188} INFO - [2026-08-24T13:53:14.550+0000] {dag.py:3954} INFO - Setting next_dagrun for example_kubernetes_executor to None, run_after=None
[2026-08-24T13:53:14.572+0000] {processor.py:183} INFO - Processing /home/airflow/.local/lib/python3.12/site-packages/airflow/example_dags/example_kubernetes_executor.py took 0.108 seconds
[2026-08-24T13:53:44.924+0000] {processor.py:161} INFO - Started process (PID=327) to work on /home/airflow/.local/lib/python3.12/site-packages/airflow/example_dags/example_kubernetes_executor.py
[2026-08-24T13:53:44.926+0000] {processor.py:830} INFO - Processing file /home/airflow/.local/lib/python3.12/site-packages/airflow/example_dags/example_kubernetes_executor.py for tasks to queue
[2026-08-24T13:53:44.929+0000] {logging_mixin.py:188} INFO - [2026-08-24T13:53:44.928+0000] {dagbag.py:545} INFO - Filling up the DagBag from /home/airflow/.local/lib/python3.12/site-packages/airflow/example_dags/example_kubernetes_executor.py
[2026-08-24T13:53:44.951+0000] {processor.py:840} INFO - DAG(s) 'example_kubernetes_executor' retrieved from /home/airflow/.local/lib/python3.12/site-packages/airflow/example_dags/example_kubernetes_executor.py
[2026-08-24T13:53:45.006+0000] {logging_mixin.py:188} INFO - [2026-08-24T13:53:45.006+0000] {dag.py:3096} INFO - Sync 1 DAGs
[2026-08-24T13:53:45.031+0000] {logging_mixin.py:188} INFO - [2026-08-24T13:53:45.031+0000] {dag.py:3954} INFO - Setting next_dagrun for example_kubernetes_executor to None, run_after=None
[2026-08-24T13:53:45.100+0000] {processor.py:183} INFO - Processing /home/airflow/.local/lib/python3.12/site-packages/airflow/example_dags/example_kubernetes_executor.py took 0.191 seconds
[2026-08-24T13:54:15.602+0000] {processor.py:161} INFO - Started process (PID=386) to work on /home/airflow/.local/lib/python3.12/site-packages/airflow/example_dags/example_kubernetes_executor.py
[2026-08-24T13:54:15.604+0000] {processor.py:830} INFO - Processing file /home/airflow/.local/lib/python3.12/site-packages/airflow/example_dags/example_kubernetes_executor.py for tasks to queue
[2026-08-24T13:54:15.615+0000] {logging_mixin.py:188} INFO - [2026-08-24T13:54:15.614+0000] {dagbag.py:545} INFO - Filling up the DagBag from /home/airflow/.local/lib/python3.12/site-packages/airflow/example_dags/example_kubernetes_executor.py
[2026-08-24T13:54:15.647+0000] {processor.py:840} INFO - DAG(s) 'example_kubernetes_executor' retrieved from /home/airflow/.local/lib/python3.12/site-packages/airflow/example_dags/example_kubernetes_executor.py
[2026-08-24T13:54:15.713+0000] {logging_mixin.py:188} INFO - [2026-08-24T13:54:15.712+0000] {dag.py:3096} INFO - Sync 1 DAGs
[2026-08-24T13:54:15.742+0000] {logging_mixin.py:188} INFO - [2026-08-24T13:54:15.742+0000] {dag.py:3954} INFO - Setting next_dagrun for example_kubernetes_executor to None, run_after=None
[2026-08-24T13:54:15.782+0000] {processor.py:183} INFO - Processing /home/airflow/.local/lib/python3.12/site-packages/airflow/example_dags/example_kubernetes_executor.py took 0.190 seconds
[2026-08-24T13:54:46.348+0000] {processor.py:161} INFO - Started process (PID=445) to work on /home/airflow/.local/lib/python3.12/site-packages/airflow/example_dags/example_kubernetes_executor.py
[2026-08-24T13:54:46.350+0000] {processor.py:830} INFO - Processing file /home/airflow/.local/lib/python3.12/site-packages/airflow/example_dags/example_kubernetes_executor.py for tasks to queue
[2026-08-24T13:54:46.355+0000] {logging_mixin.py:188} INFO - [2026-08-24T13:54:46.354+0000] {dagbag.py:545} INFO - Filling up the DagBag from /home/airflow/.local/lib/python3.12/site-packages/airflow/example_dags/example_kubernetes_executor.py
[2026-08-24T13:54:46.381+0000] {processor.py:840} INFO - DAG(s) 'example_kubernetes_executor' retrieved from /home/airflow/.local/lib/python3.12/site-packages/airflow/example_dags/example_kubernetes_executor.py
[2026-08-24T13:54:46.409+0000] {logging_mixin.py:188} INFO - [2026-08-24T13:54:46.409+0000] {dag.py:3096} INFO - Sync 1 DAGs
[2026-08-24T13:54:46.447+0000] {logging_mixin.py:188} INFO - [2026-08-24T13:54:46.447+0000] {dag.py:3954} INFO - Setting next_dagrun for example_kubernetes_executor to None, run_after=None
[2026-08-24T13:54:46.490+0000] {processor.py:183} INFO - Processing /home/airflow/.local/lib/python3.12/site-packages/airflow/example_dags/example_kubernetes_executor.py took 0.153 seconds
[2026-08-24T13:55:21.276+0000] {processor.py:161} INFO - Started process (PID=504) to work on /home/airflow/.local/lib/python3.12/site-packages/airflow/example_dags/example_kubernetes_executor.py
[2026-08-24T13:55:21.278+0000] {processor.py:830} INFO - Processing file /home/airflow/.local/lib/python3.12/site-packages/airflow/example_dags/example_kubernetes_executor.py for tasks to queue
[2026-08-24T13:55:21.280+0000] {logging_mixin.py:188} INFO - [2026-08-24T13:55:21.280+0000] {dagbag.py:545} INFO - Filling up the DagBag from /home/airflow/.local/lib/python3.12/site-packages/airflow/example_dags/example_kubernetes_executor.py
[2026-08-24T13:55:21.295+0000] {processor.py:840} INFO - DAG(s) 'example_kubernetes_executor' retrieved from /home/airflow/.local/lib/python3.12/site-packages/airflow/example_dags/example_kubernetes_executor.py
[2026-08-24T13:55:21.442+0000] {logging_mixin.py:188} INFO - [2026-08-24T13:55:21.442+0000] {dag.py:3096} INFO - Sync 1 DAGs
[2026-08-24T13:55:21.455+0000] {logging_mixin.py:188} INFO - [2026-08-24T13:55:21.455+0000] {dag.py:3954} INFO - Setting next_dagrun for example_kubernetes_executor to None, run_after=None
[2026-08-24T13:55:22.027+0000] {processor.py:183} INFO - Processing /home/airflow/.local/lib/python3.12/site-packages/airflow/example_dags/example_kubernetes_executor.py took 0.758 seconds
[2026-08-24T13:55:52.573+0000] {processor.py:161} INFO - Started process (PID=563) to work on /home/airflow/.local/lib/python3.12/site-packages/airflow/example_dags/example_kubernetes_executor.py
[2026-08-24T13:55:52.575+0000] {processor.py:830} INFO - Processing file /home/airflow/.local/lib/python3.12/site-packages/airflow/example_dags/example_kubernetes_executor.py for tasks to queue
[2026-08-24T13:55:52.580+0000] {logging_mixin.py:188} INFO - [2026-08-24T13:55:52.579+0000] {dagbag.py:545} INFO - Filling up the DagBag from /home/airflow/.local/lib/python3.12/site-packages/airflow/example_dags/example_kubernetes_executor.py
[2026-08-24T13:55:52.607+0000] {processor.py:840} INFO - DAG(s) 'example_kubernetes_executor' retrieved from /home/airflow/.local/lib/python3.12/site-packages/airflow/example_dags/example_kubernetes_executor.py
[2026-08-24T13:55:52.675+0000] {logging_mixin.py:188} INFO - [2026-08-24T13:55:52.675+0000] {dag.py:3096} INFO - Sync 1 DAGs
[2026-08-24T13:55:52.707+0000] {logging_mixin.py:188} INFO - [2026-08-24T13:55:52.707+0000] {dag.py:3954} INFO - Setting next_dagrun for example_kubernetes_executor to None, run_after=None
[2026-08-24T13:55:52.750+0000] {processor.py:183} INFO - Processing /home/airflow/.local/lib/python3.12/site-packages/airflow/example_dags/example_kubernetes_executor.py took 0.190 seconds
[2026-08-24T13:56:22.907+0000] {processor.py:161} INFO - Started process (PID=622) to work on /home/airflow/.local/lib/python3.12/site-packages/airflow/example_dags/example_kubernetes_executor.py
[2026-08-24T13:56:22.909+0000] {processor.py:830} INFO - Processing file /home/airflow/.local/lib/python3.12/site-packages/airflow/example_dags/example_kubernetes_executor.py for tasks to queue
[2026-08-24T13:56:22.912+0000] {logging_mixin.py:188} INFO - [2026-08-24T13:56:22.912+0000] {dagbag.py:545} INFO - Filling up the DagBag from /home/airflow/.local/lib/python3.12/site-packages/airflow/example_dags/example_kubernetes_executor.py
[2026-08-24T13:56:22.935+0000] {processor.py:840} INFO - DAG(s) 'example_kubernetes_executor' retrieved from /home/airflow/.local/lib/python3.12/site-packages/airflow/example_dags/example_kubernetes_executor.py
[2026-08-24T13:56:23.012+0000] {logging_mixin.py:188} INFO - [2026-08-24T13:56:23.012+0000] {dag.py:3096} INFO - Sync 1 DAGs
[2026-08-24T13:56:23.037+0000] {logging_mixin.py:188} INFO - [2026-08-24T13:56:23.036+0000] {dag.py:3954} INFO - Setting next_dagrun for example_kubernetes_executor to None, run_after=None
[2026-08-24T13:56:23.066+0000] {processor.py:183} INFO - Processing /home/airflow/.local/lib/python3.12/site-packages/airflow/example_dags/example_kubernetes_executor.py took 0.167 seconds
[2026-08-24T13:56:53.319+0000] {processor.py:161} INFO - Started process (PID=681) to work on /home/airflow/.local/lib/python3.12/site-packages/airflow/example_dags/example_kubernetes_executor.py
[2026-08-24T13:56:53.321+0000] {processor.py:830} INFO - Processing file /home/airflow/.local/lib/python3.12/site-packages/airflow/example_dags/example_kubernetes_executor.py for tasks to queue
[2026-08-24T13:56:53.324+0000] {logging_mixin.py:188} INFO - [2026-08-24T13:56:53.324+0000] {dagbag.py:545} INFO - Filling up the DagBag from /home/airflow/.local/lib/python3.12/site-packages/airflow/example_dags/example_kubernetes_executor.py
[2026-08-24T13:56:53.344+0000] {processor.py:840} INFO - DAG(s) 'example_kubernetes_executor' retrieved from /home/airflow/.local/lib/python3.12/site-packages/airflow/example_dags/example_kubernetes_executor.py
[2026-08-24T13:56:53.399+0000] {logging_mixin.py:188} INFO - [2026-08-24T13:56:53.398+0000] {dag.py:3096} INFO - Sync 1 DAGs
[2026-08-24T13:56:53.416+0000] {logging_mixin.py:188} INFO - [2026-08-24T13:56:53.416+0000] {dag.py:3954} INFO - Setting next_dagrun for example_kubernetes_executor to None, run_after=None
[2026-08-24T13:56:53.446+0000] {processor.py:183} INFO - Processing /home/airflow/.local/lib/python3.12/site-packages/airflow/example_dags/example_kubernetes_executor.py took 0.136 seconds
[2026-08-24T13:57:23.837+0000] {processor.py:161} INFO - Started process (PID=741) to work on /home/airflow/.local/lib/python3.12/site-packages/airflow/example_dags/example_kubernetes_executor.py
[2026-08-24T13:57:23.839+0000] {processor.py:830} INFO - Processing file /home/airflow/.local/lib/python3.12/site-packages/airflow/example_dags/example_kubernetes_executor.py for tasks to queue
[2026-08-24T13:57:23.841+0000] {logging_mixin.py:188} INFO - [2026-08-24T13:57:23.841+0000] {dagbag.py:545} INFO - Filling up the DagBag from /home/airflow/.local/lib/python3.12/site-packages/airflow/example_dags/example_kubernetes_executor.py
[2026-08-24T13:57:23.858+0000] {processor.py:840} INFO - DAG(s) 'example_kubernetes_executor' retrieved from /home/airflow/.local/lib/python3.12/site-packages/airflow/example_dags/example_kubernetes_executor.py
[2026-08-24T13:57:23.916+0000] {logging_mixin.py:188} INFO - [2026-08-24T13:57:23.916+0000] {dag.py:3096} INFO - Sync 1 DAGs
[2026-08-24T13:57:23.940+0000] {logging_mixin.py:188} INFO - [2026-08-24T13:57:23.939+0000] {dag.py:3954} INFO - Setting next_dagrun for example_kubernetes_executor to None, run_after=None
[2026-08-24T13:57:23.964+0000] {processor.py:183} INFO - Processing /home/airflow/.local/lib/python3.12/site-packages/airflow/example_dags/example_kubernetes_executor.py took 0.135 seconds
[2026-08-24T13:57:54.183+0000] {processor.py:161} INFO - Started process (PID=799) to work on /home/airflow/.local/lib/python3.12/site-packages/airflow/example_dags/example_kubernetes_executor.py
[2026-08-24T13:57:54.184+0000] {processor.py:830} INFO - Processing file /home/airflow/.local/lib/python3.12/site-packages/airflow/example_dags/example_kubernetes_executor.py for tasks to queue
[2026-08-24T13:57:54.186+0000] {logging_mixin.py:188} INFO - [2026-08-24T13:57:54.186+0000] {dagbag.py:545} INFO - Filling up the DagBag from /home/airflow/.local/lib/python3.12/site-packages/airflow/example_dags/example_kubernetes_executor.py
[2026-08-24T13:57:54.201+0000] {processor.py:840} INFO - DAG(s) 'example_kubernetes_executor' retrieved from /home/airflow/.local/lib/python3.12/site-packages/airflow/example_dags/example_kubernetes_executor.py
[2026-08-24T13:57:54.248+0000] {logging_mixin.py:188} INFO - [2026-08-24T13:57:54.247+0000] {dag.py:3096} INFO - Sync 1 DAGs
[2026-08-24T13:57:54.264+0000] {logging_mixin.py:188} INFO - [2026-08-24T13:57:54.264+0000] {dag.py:3954} INFO - Setting next_dagrun for example_kubernetes_executor to None, run_after=None
[2026-08-24T13:57:54.336+0000] {processor.py:183} INFO - Processing /home/airflow/.local/lib/python3.12/site-packages/airflow/example_dags/example_kubernetes_executor.py took 0.162 seconds
[2026-08-24T13:58:24.569+0000] {processor.py:161} INFO - Started process (PID=859) to work on /home/airflow/.local/lib/python3.12/site-packages/airflow/example_dags/example_kubernetes_executor.py
[2026-08-24T13:58:24.571+0000] {processor.py:830} INFO - Processing file /home/airflow/.local/lib/python3.12/site-packages/airflow/example_dags/example_kubernetes_executor.py for tasks to queue
[2026-08-24T13:58:24.573+0000] {logging_mixin.py:188} INFO - [2026-08-24T13:58:24.573+0000] {dagbag.py:545} INFO - Filling up the DagBag from /home/airflow/.local/lib/python3.12/site-packages/airflow/example_dags/example_kubernetes_executor.py
[2026-08-24T13:58:24.588+0000] {processor.py:840} INFO - DAG(s) 'example_kubernetes_executor' retrieved from /home/airflow/.local/lib/python3.12/site-packages/airflow/example_dags/example_kubernetes_executor.py
[2026-08-24T13:58:24.630+0000] {logging_mixin.py:188} INFO - [2026-08-24T13:58:24.630+0000] {dag.py:3096} INFO - Sync 1 DAGs
[2026-08-24T13:58:24.646+0000] {logging_mixin.py:188} INFO - [2026-08-24T13:58:24.645+0000] {dag.py:3954} INFO - Setting next_dagrun for example_kubernetes_executor to None, run_after=None
[2026-08-24T13:58:24.672+0000] {processor.py:183} INFO - Processing /home/airflow/.local/lib/python3.12/site-packages/airflow/example_dags/example_kubernetes_executor.py took 0.110 seconds
[2026-08-24T13:58:54.770+0000] {processor.py:161} INFO - Started process (PID=918) to work on /home/airflow/.local/lib/python3.12/site-packages/airflow/example_dags/example_kubernetes_executor.py
[2026-08-24T13:58:54.771+0000] {processor.py:830} INFO - Processing file /home/airflow/.local/lib/python3.12/site-packages/airflow/example_dags/example_kubernetes_executor.py for tasks to queue
[2026-08-24T13:58:54.774+0000] {logging_mixin.py:188} INFO - [2026-08-24T13:58:54.773+0000] {dagbag.py:545} INFO - Filling up the DagBag from /home/airflow/.local/lib/python3.12/site-packages/airflow/example_dags/example_kubernetes_executor.py
[2026-08-24T13:58:54.789+0000] {processor.py:840} INFO - DAG(s) 'example_kubernetes_executor' retrieved from /home/airflow/.local/lib/python3.12/site-packages/airflow/example_dags/example_kubernetes_executor.py
[2026-08-24T13:58:54.832+0000] {logging_mixin.py:188} INFO - [2026-08-24T13:58:54.831+0000] {dag.py:3096} INFO - Sync 1 DAGs
[2026-08-24T13:58:54.847+0000] {logging_mixin.py:188} INFO - [2026-08-24T13:58:54.847+0000] {dag.py:3954} INFO - Setting next_dagrun for example_kubernetes_executor to None, run_after=None
[2026-08-24T13:58:54.868+0000] {processor.py:183} INFO - Processing /home/airflow/.local/lib/python3.12/site-packages/airflow/example_dags/example_kubernetes_executor.py took 0.107 seconds
[2026-08-24T14:00:36.553+0000] {processor.py:161} INFO - Started process (PID=103) to work on /home/airflow/.local/lib/python3.12/site-packages/airflow/example_dags/example_kubernetes_executor.py
[2026-08-24T14:00:36.554+0000] {processor.py:830} INFO - Processing file /home/airflow/.local/lib/python3.12/site-packages/airflow/example_dags/example_kubernetes_executor.py for tasks to queue
[2026-08-24T14:00:36.557+0000] {logging_mixin.py:188} INFO - [2026-08-24T14:00:36.556+0000] {dagbag.py:545} INFO - Filling up the DagBag from /home/airflow/.local/lib/python3.12/site-packages/airflow/example_dags/example_kubernetes_executor.py
[2026-08-24T14:00:36.591+0000] {processor.py:840} INFO - DAG(s) 'example_kubernetes_executor' retrieved from /home/airflow/.local/lib/python3.12/site-packages/airflow/example_dags/example_kubernetes_executor.py
[2026-08-24T14:00:36.775+0000] {logging_mixin.py:188} INFO - [2026-08-24T14:00:36.775+0000] {dag.py:3096} INFO - Sync 1 DAGs
[2026-08-24T14:00:36.792+0000] {logging_mixin.py:188} INFO - [2026-08-24T14:00:36.792+0000] {dag.py:3954} INFO - Setting next_dagrun for example_kubernetes_executor to None, run_after=None
[2026-08-24T14:00:36.820+0000] {processor.py:183} INFO - Processing /home/airflow/.local/lib/python3.12/site-packages/airflow/example_dags/example_kubernetes_executor.py took 0.275 seconds
[2026-08-24T14:01:07.494+0000] {processor.py:161} INFO - Started process (PID=162) to work on /home/airflow/.local/lib/python3.12/site-packages/airflow/example_dags/example_kubernetes_executor.py
[2026-08-24T14:01:07.496+0000] {processor.py:830} INFO - Processing file /home/airflow/.local/lib/python3.12/site-packages/airflow/example_dags/example_kubernetes_executor.py for tasks to queue
[2026-08-24T14:01:07.498+0000] {logging_mixin.py:188} INFO - [2026-08-24T14:01:07.497+0000] {dagbag.py:545} INFO - Filling up the DagBag from /home/airflow/.local/lib/python3.12/site-packages/airflow/example_dags/example_kubernetes_executor.py
[2026-08-24T14:01:07.512+0000] {processor.py:840} INFO - DAG(s) 'example_kubernetes_executor' retrieved from /home/airflow/.local/lib/python3.12/site-packages/airflow/example_dags/example_kubernetes_executor.py
[2026-08-24T14:01:07.557+0000] {logging_mixin.py:188} INFO - [2026-08-24T14:01:07.556+0000] {dag.py:3096} INFO - Sync 1 DAGs
[2026-08-24T14:01:07.573+0000] {logging_mixin.py:188} INFO - [2026-08-24T14:01:07.572+0000] {dag.py:3954} INFO - Setting next_dagrun for example_kubernetes_executor to None, run_after=None
[2026-08-24T14:01:07.596+0000] {processor.py:183} INFO - Processing /home/airflow/.local/lib/python3.12/site-packages/airflow/example_dags/example_kubernetes_executor.py took 0.109 seconds
[2026-08-24T14:01:37.742+0000] {processor.py:161} INFO - Started process (PID=221) to work on /home/airflow/.local/lib/python3.12/site-packages/airflow/example_dags/example_kubernetes_executor.py
[2026-08-24T14:01:37.743+0000] {processor.py:830} INFO - Processing file /home/airflow/.local/lib/python3.12/site-packages/airflow/example_dags/example_kubernetes_executor.py for tasks to queue
[2026-08-24T14:01:37.746+0000] {logging_mixin.py:188} INFO - [2026-08-24T14:01:37.746+0000] {dagbag.py:545} INFO - Filling up the DagBag from /home/airflow/.local/lib/python3.12/site-packages/airflow/example_dags/example_kubernetes_executor.py
[2026-08-24T14:01:37.764+0000] {processor.py:840} INFO - DAG(s) 'example_kubernetes_executor' retrieved from /home/airflow/.local/lib/python3.12/site-packages/airflow/example_dags/example_kubernetes_executor.py
[2026-08-24T14:01:37.813+0000] {logging_mixin.py:188} INFO - [2026-08-24T14:01:37.813+0000] {dag.py:3096} INFO - Sync 1 DAGs
[2026-08-24T14:01:37.832+0000] {logging_mixin.py:188} INFO - [2026-08-24T14:01:37.831+0000] {dag.py:3954} INFO - Setting next_dagrun for example_kubernetes_executor to None, run_after=None
[2026-08-24T14:01:37.855+0000] {processor.py:183} INFO - Processing /home/airflow/.local/lib/python3.12/site-packages/airflow/example_dags/example_kubernetes_executor.py took 0.122 seconds
[2026-08-24T14:02:08.588+0000] {processor.py:161} INFO - Started process (PID=280) to work on /home/airflow/.local/lib/python3.12/site-packages/airflow/example_dags/example_kubernetes_executor.py
[2026-08-24T14:02:08.590+0000] {processor.py:830} INFO - Processing file /home/airflow/.local/lib/python3.12/site-packages/airflow/example_dags/example_kubernetes_executor.py for tasks to queue
[2026-08-24T14:02:08.592+0000] {logging_mixin.py:188} INFO - [2026-08-24T14:02:08.592+0000] {dagbag.py:545} INFO - Filling up the DagBag from /home/airflow/.local/lib/python3.12/site-packages/airflow/example_dags/example_kubernetes_executor.py
[2026-08-24T14:02:08.608+0000] {processor.py:840} INFO - DAG(s) 'example_kubernetes_executor' retrieved from /home/airflow/.local/lib/python3.12/site-packages/airflow/example_dags/example_kubernetes_executor.py
[2026-08-24T14:02:08.655+0000] {logging_mixin.py:188} INFO - [2026-08-24T14:02:08.655+0000] {dag.py:3096} INFO - Sync 1 DAGs
[2026-08-24T14:02:08.673+0000] {logging_mixin.py:188} INFO - [2026-08-24T14:02:08.673+0000] {dag.py:3954} INFO - Setting next_dagrun for example_kubernetes_executor to None, run_after=None
[2026-08-24T14:02:08.699+0000] {processor.py:183} INFO - Processing /home/airflow/.local/lib/python3.12/site-packages/airflow/example_dags/example_kubernetes_executor.py took 0.120 seconds
[2026-08-24T14:02:38.743+0000] {processor.py:161} INFO - Started process (PID=340) to work on /home/airflow/.local/lib/python3.12/site-packages/airflow/example_dags/example_kubernetes_executor.py
[2026-08-24T14:02:38.744+0000] {processor.py:830} INFO - Processing file /home/airflow/.local/lib/python3.12/site-packages/airflow/example_dags/example_kubernetes_executor.py for tasks to queue
[2026-08-24T14:02:38.747+0000] {logging_mixin.py:188} INFO - [2026-08-24T14:02:38.746+0000] {dagbag.py:545} INFO - Filling up the DagBag from /home/airflow/.local/lib/python3.12/site-packages/airflow/example_dags/example_kubernetes_executor.py
[2026-08-24T14:02:38.764+0000] {processor.py:840} INFO - DAG(s) 'example_kubernetes_executor' retrieved from /home/airflow/.local/lib/python3.12/site-packages/airflow/example_dags/example_kubernetes_executor.py
[2026-08-24T14:02:38.813+0000] {logging_mixin.py:188} INFO - [2026-08-24T14:02:38.813+0000] {dag.py:3096} INFO - Sync 1 DAGs
[2026-08-24T14:02:38.831+0000] {logging_mixin.py:188} INFO - [2026-08-24T14:02:38.830+0000] {dag.py:3954} INFO - Setting next_dagrun for example_kubernetes_executor to None, run_after=None
[2026-08-24T14:02:38.858+0000] {processor.py:183} INFO - Processing /home/airflow/.local/lib/python3.12/site-packages/airflow/example_dags/example_kubernetes_executor.py took 0.123 seconds
[2026-08-24T14:03:09.194+0000] {processor.py:161} INFO - Started process (PID=399) to work on /home/airflow/.local/lib/python3.12/site-packages/airflow/example_dags/example_kubernetes_executor.py
[2026-08-24T14:03:09.195+0000] {processor.py:830} INFO - Processing file /home/airflow/.local/lib/python3.12/site-packages/airflow/example_dags/example_kubernetes_executor.py for tasks to queue
[2026-08-24T14:03:09.198+0000] {logging_mixin.py:188} INFO - [2026-08-24T14:03:09.197+0000] {dagbag.py:545} INFO - Filling up the DagBag from /home/airflow/.local/lib/python3.12/site-packages/airflow/example_dags/example_kubernetes_executor.py
[2026-08-24T14:03:09.213+0000] {processor.py:840} INFO - DAG(s) 'example_kubernetes_executor' retrieved from /home/airflow/.local/lib/python3.12/site-packages/airflow/example_dags/example_kubernetes_executor.py
[2026-08-24T14:03:09.256+0000] {logging_mixin.py:188} INFO - [2026-08-24T14:03:09.256+0000] {dag.py:3096} INFO - Sync 1 DAGs
[2026-08-24T14:03:09.272+0000] {logging_mixin.py:188} INFO - [2026-08-24T14:03:09.271+0000] {dag.py:3954} INFO - Setting next_dagrun for example_kubernetes_executor to None, run_after=None
[2026-08-24T14:03:09.295+0000] {processor.py:183} INFO - Processing /home/airflow/.local/lib/python3.12/site-packages/airflow/example_dags/example_kubernetes_executor.py took 0.108 seconds
[2026-08-24T14:07:40.091+0000] {processor.py:161} INFO - Started process (PID=109) to work on /home/airflow/.local/lib/python3.12/site-packages/airflow/example_dags/example_kubernetes_executor.py
[2026-08-24T14:07:40.092+0000] {processor.py:830} INFO - Processing file /home/airflow/.local/lib/python3.12/site-packages/airflow/example_dags/example_kubernetes_executor.py for tasks to queue
[2026-08-24T14:07:40.095+0000] {logging_mixin.py:188} INFO - [2026-08-24T14:07:40.095+0000] {dagbag.py:545} INFO - Filling up the DagBag from /home/airflow/.local/lib/python3.12/site-packages/airflow/example_dags/example_kubernetes_executor.py
[2026-08-24T14:07:40.117+0000] {processor.py:840} INFO - DAG(s) 'example_kubernetes_executor' retrieved from /home/airflow/.local/lib/python3.12/site-packages/airflow/example_dags/example_kubernetes_executor.py
[2026-08-24T14:07:40.295+0000] {logging_mixin.py:188} INFO - [2026-08-24T14:07:40.294+0000] {dag.py:3096} INFO - Sync 1 DAGs
[2026-08-24T14:07:40.314+0000] {logging_mixin.py:188} INFO - [2026-08-24T14:07:40.313+0000] {dag.py:3954} INFO - Setting next_dagrun for example_kubernetes_executor to None, run_after=None
[2026-08-24T14:07:40.340+0000] {processor.py:183} INFO - Processing /home/airflow/.local/lib/python3.12/site-packages/airflow/example_dags/example_kubernetes_executor.py took 0.259 seconds
[2026-08-24T14:08:10.507+0000] {processor.py:161} INFO - Started process (PID=168) to work on /home/airflow/.local/lib/python3.12/site-packages/airflow/example_dags/example_kubernetes_executor.py
[2026-08-24T14:08:10.508+0000] {processor.py:830} INFO - Processing file /home/airflow/.local/lib/python3.12/site-packages/airflow/example_dags/example_kubernetes_executor.py for tasks to queue
[2026-08-24T14:08:10.511+0000] {logging_mixin.py:188} INFO - [2026-08-24T14:08:10.510+0000] {dagbag.py:545} INFO - Filling up the DagBag from /home/airflow/.local/lib/python3.12/site-packages/airflow/example_dags/example_kubernetes_executor.py
[2026-08-24T14:08:10.526+0000] {processor.py:840} INFO - DAG(s) 'example_kubernetes_executor' retrieved from /home/airflow/.local/lib/python3.12/site-packages/airflow/example_dags/example_kubernetes_executor.py
[2026-08-24T14:08:10.572+0000] {logging_mixin.py:188} INFO - [2026-08-24T14:08:10.571+0000] {dag.py:3096} INFO - Sync 1 DAGs
[2026-08-24T14:08:10.590+0000] {logging_mixin.py:188} INFO - [2026-08-24T14:08:10.589+0000] {dag.py:3954} INFO - Setting next_dagrun for example_kubernetes_executor to None, run_after=None
[2026-08-24T14:08:10.613+0000] {processor.py:183} INFO - Processing /home/airflow/.local/lib/python3.12/site-packages/airflow/example_dags/example_kubernetes_executor.py took 0.114 seconds
[2026-08-24T14:08:41.474+0000] {processor.py:161} INFO - Started process (PID=227) to work on /home/airflow/.local/lib/python3.12/site-packages/airflow/example_dags/example_kubernetes_executor.py
[2026-08-24T14:08:41.476+0000] {processor.py:830} INFO - Processing file /home/airflow/.local/lib/python3.12/site-packages/airflow/example_dags/example_kubernetes_executor.py for tasks to queue
[2026-08-24T14:08:41.479+0000] {logging_mixin.py:188} INFO - [2026-08-24T14:08:41.478+0000] {dagbag.py:545} INFO - Filling up the DagBag from /home/airflow/.local/lib/python3.12/site-packages/airflow/example_dags/example_kubernetes_executor.py
[2026-08-24T14:08:41.507+0000] {processor.py:840} INFO - DAG(s) 'example_kubernetes_executor' retrieved from /home/airflow/.local/lib/python3.12/site-packages/airflow/example_dags/example_kubernetes_executor.py
[2026-08-24T14:08:41.557+0000] {logging_mixin.py:188} INFO - [2026-08-24T14:08:41.557+0000] {dag.py:3096} INFO - Sync 1 DAGs
[2026-08-24T14:08:41.578+0000] {logging_mixin.py:188} INFO - [2026-08-24T14:08:41.578+0000] {dag.py:3954} INFO - Setting next_dagrun for example_kubernetes_executor to None, run_after=None
[2026-08-24T14:08:41.619+0000] {processor.py:183} INFO - Processing /home/airflow/.local/lib/python3.12/site-packages/airflow/example_dags/example_kubernetes_executor.py took 0.153 seconds
[2026-08-24T14:09:11.823+0000] {processor.py:161} INFO - Started process (PID=286) to work on /home/airflow/.local/lib/python3.12/site-packages/airflow/example_dags/example_kubernetes_executor.py
[2026-08-24T14:09:11.825+0000] {processor.py:830} INFO - Processing file /home/airflow/.local/lib/python3.12/site-packages/airflow/example_dags/example_kubernetes_executor.py for tasks to queue
[2026-08-24T14:09:11.827+0000] {logging_mixin.py:188} INFO - [2026-08-24T14:09:11.827+0000] {dagbag.py:545} INFO - Filling up the DagBag from /home/airflow/.local/lib/python3.12/site-packages/airflow/example_dags/example_kubernetes_executor.py
[2026-08-24T14:09:11.844+0000] {processor.py:840} INFO - DAG(s) 'example_kubernetes_executor' retrieved from /home/airflow/.local/lib/python3.12/site-packages/airflow/example_dags/example_kubernetes_executor.py
[2026-08-24T14:09:11.894+0000] {logging_mixin.py:188} INFO - [2026-08-24T14:09:11.894+0000] {dag.py:3096} INFO - Sync 1 DAGs
[2026-08-24T14:09:11.910+0000] {logging_mixin.py:188} INFO - [2026-08-24T14:09:11.910+0000] {dag.py:3954} INFO - Setting next_dagrun for example_kubernetes_executor to None, run_after=None
[2026-08-24T14:09:11.933+0000] {processor.py:183} INFO - Processing /home/airflow/.local/lib/python3.12/site-packages/airflow/example_dags/example_kubernetes_executor.py took 0.118 seconds
[2026-08-24T14:09:42.232+0000] {processor.py:161} INFO - Started process (PID=345) to work on /home/airflow/.local/lib/python3.12/site-packages/airflow/example_dags/example_kubernetes_executor.py
[2026-08-24T14:09:42.233+0000] {processor.py:830} INFO - Processing file /home/airflow/.local/lib/python3.12/site-packages/airflow/example_dags/example_kubernetes_executor.py for tasks to queue
[2026-08-24T14:09:42.237+0000] {logging_mixin.py:188} INFO - [2026-08-24T14:09:42.236+0000] {dagbag.py:545} INFO - Filling up the DagBag from /home/airflow/.local/lib/python3.12/site-packages/airflow/example_dags/example_kubernetes_executor.py
[2026-08-24T14:09:42.255+0000] {processor.py:840} INFO - DAG(s) 'example_kubernetes_executor' retrieved from /home/airflow/.local/lib/python3.12/site-packages/airflow/example_dags/example_kubernetes_executor.py
[2026-08-24T14:09:42.310+0000] {logging_mixin.py:188} INFO - [2026-08-24T14:09:42.310+0000] {dag.py:3096} INFO - Sync 1 DAGs
[2026-08-24T14:09:42.331+0000] {logging_mixin.py:188} INFO - [2026-08-24T14:09:42.331+0000] {dag.py:3954} INFO - Setting next_dagrun for example_kubernetes_executor to None, run_after=None
[2026-08-24T14:09:42.359+0000] {processor.py:183} INFO - Processing /home/airflow/.local/lib/python3.12/site-packages/airflow/example_dags/example_kubernetes_executor.py took 0.138 seconds
[2026-08-24T14:10:12.835+0000] {processor.py:161} INFO - Started process (PID=404) to work on /home/airflow/.local/lib/python3.12/site-packages/airflow/example_dags/example_kubernetes_executor.py
[2026-08-24T14:10:12.836+0000] {processor.py:830} INFO - Processing file /home/airflow/.local/lib/python3.12/site-packages/airflow/example_dags/example_kubernetes_executor.py for tasks to queue
[2026-08-24T14:10:12.838+0000] {logging_mixin.py:188} INFO - [2026-08-24T14:10:12.838+0000] {dagbag.py:545} INFO - Filling up the DagBag from /home/airflow/.local/lib/python3.12/site-packages/airflow/example_dags/example_kubernetes_executor.py
[2026-08-24T14:10:12.861+0000] {processor.py:840} INFO - DAG(s) 'example_kubernetes_executor' retrieved from /home/airflow/.local/lib/python3.12/site-packages/airflow/example_dags/example_kubernetes_executor.py
[2026-08-24T14:10:12.915+0000] {logging_mixin.py:188} INFO - [2026-08-24T14:10:12.914+0000] {dag.py:3096} INFO - Sync 1 DAGs
[2026-08-24T14:10:12.934+0000] {logging_mixin.py:188} INFO - [2026-08-24T14:10:12.933+0000] {dag.py:3954} INFO - Setting next_dagrun for example_kubernetes_executor to None, run_after=None
[2026-08-24T14:10:12.960+0000] {processor.py:183} INFO - Processing /home/airflow/.local/lib/python3.12/site-packages/airflow/example_dags/example_kubernetes_executor.py took 0.134 seconds
[2026-08-24T14:10:43.409+0000] {processor.py:161} INFO - Started process (PID=463) to work on /home/airflow/.local/lib/python3.12/site-packages/airflow/example_dags/example_kubernetes_executor.py
[2026-08-24T14:10:43.410+0000] {processor.py:830} INFO - Processing file /home/airflow/.local/lib/python3.12/site-packages/airflow/example_dags/example_kubernetes_executor.py for tasks to queue
[2026-08-24T14:10:43.413+0000] {logging_mixin.py:188} INFO - [2026-08-24T14:10:43.412+0000] {dagbag.py:545} INFO - Filling up the DagBag from /home/airflow/.local/lib/python3.12/site-packages/airflow/example_dags/example_kubernetes_executor.py
[2026-08-24T14:10:43.431+0000] {processor.py:840} INFO - DAG(s) 'example_kubernetes_executor' retrieved from /home/airflow/.local/lib/python3.12/site-packages/airflow/example_dags/example_kubernetes_executor.py
[2026-08-24T14:10:43.480+0000] {logging_mixin.py:188} INFO - [2026-08-24T14:10:43.479+0000] {dag.py:3096} INFO - Sync 1 DAGs
[2026-08-24T14:10:43.498+0000] {logging_mixin.py:188} INFO - [2026-08-24T14:10:43.498+0000] {dag.py:3954} INFO - Setting next_dagrun for example_kubernetes_executor to None, run_after=None
[2026-08-24T14:10:43.523+0000] {processor.py:183} INFO - Processing /home/airflow/.local/lib/python3.12/site-packages/airflow/example_dags/example_kubernetes_executor.py took 0.123 seconds
[2026-08-24T14:13:26.820+0000] {processor.py:161} INFO - Started process (PID=113) to work on /home/airflow/.local/lib/python3.12/site-packages/airflow/example_dags/example_kubernetes_executor.py
[2026-08-24T14:13:26.821+0000] {processor.py:830} INFO - Processing file /home/airflow/.local/lib/python3.12/site-packages/airflow/example_dags/example_kubernetes_executor.py for tasks to queue
[2026-08-24T14:13:26.824+0000] {logging_mixin.py:188} INFO - [2026-08-24T14:13:26.823+0000] {dagbag.py:545} INFO - Filling up the DagBag from /home/airflow/.local/lib/python3.12/site-packages/airflow/example_dags/example_kubernetes_executor.py
[2026-08-24T14:13:26.852+0000] {processor.py:840} INFO - DAG(s) 'example_kubernetes_executor' retrieved from /home/airflow/.local/lib/python3.12/site-packages/airflow/example_dags/example_kubernetes_executor.py
[2026-08-24T14:13:27.029+0000] {logging_mixin.py:188} INFO - [2026-08-24T14:13:27.029+0000] {dag.py:3096} INFO - Sync 1 DAGs
[2026-08-24T14:13:27.043+0000] {logging_mixin.py:188} INFO - [2026-08-24T14:13:27.043+0000] {dag.py:3954} INFO - Setting next_dagrun for example_kubernetes_executor to None, run_after=None
[2026-08-24T14:13:27.070+0000] {processor.py:183} INFO - Processing /home/airflow/.local/lib/python3.12/site-packages/airflow/example_dags/example_kubernetes_executor.py took 0.258 seconds
[2026-08-24T14:13:57.849+0000] {processor.py:161} INFO - Started process (PID=172) to work on /home/airflow/.local/lib/python3.12/site-packages/airflow/example_dags/example_kubernetes_executor.py
[2026-08-24T14:13:57.850+0000] {processor.py:830} INFO - Processing file /home/airflow/.local/lib/python3.12/site-packages/airflow/example_dags/example_kubernetes_executor.py for tasks to queue
[2026-08-24T14:13:57.853+0000] {logging_mixin.py:188} INFO - [2026-08-24T14:13:57.852+0000] {dagbag.py:545} INFO - Filling up the DagBag from /home/airflow/.local/lib/python3.12/site-packages/airflow/example_dags/example_kubernetes_executor.py
[2026-08-24T14:13:57.869+0000] {processor.py:840} INFO - DAG(s) 'example_kubernetes_executor' retrieved from /home/airflow/.local/lib/python3.12/site-packages/airflow/example_dags/example_kubernetes_executor.py
[2026-08-24T14:13:57.918+0000] {logging_mixin.py:188} INFO - [2026-08-24T14:13:57.917+0000] {dag.py:3096} INFO - Sync 1 DAGs
[2026-08-24T14:13:57.938+0000] {logging_mixin.py:188} INFO - [2026-08-24T14:13:57.938+0000] {dag.py:3954} INFO - Setting next_dagrun for example_kubernetes_executor to None, run_after=None
[2026-08-24T14:13:57.970+0000] {processor.py:183} INFO - Processing /home/airflow/.local/lib/python3.12/site-packages/airflow/example_dags/example_kubernetes_executor.py took 0.128 seconds
[2026-08-24T14:14:28.525+0000] {processor.py:161} INFO - Started process (PID=231) to work on /home/airflow/.local/lib/python3.12/site-packages/airflow/example_dags/example_kubernetes_executor.py
[2026-08-24T14:14:28.527+0000] {processor.py:830} INFO - Processing file /home/airflow/.local/lib/python3.12/site-packages/airflow/example_dags/example_kubernetes_executor.py for tasks to queue
[2026-08-24T14:14:28.529+0000] {logging_mixin.py:188} INFO - [2026-08-24T14:14:28.529+0000] {dagbag.py:545} INFO - Filling up the DagBag from /home/airflow/.local/lib/python3.12/site-packages/airflow/example_dags/example_kubernetes_executor.py
[2026-08-24T14:14:28.548+0000] {processor.py:840} INFO - DAG(s) 'example_kubernetes_executor' retrieved from /home/airflow/.local/lib/python3.12/site-packages/airflow/example_dags/example_kubernetes_executor.py
[2026-08-24T14:14:28.595+0000] {logging_mixin.py:188} INFO - [2026-08-24T14:14:28.595+0000] {dag.py:3096} INFO - Sync 1 DAGs
[2026-08-24T14:14:28.616+0000] {logging_mixin.py:188} INFO - [2026-08-24T14:14:28.616+0000] {dag.py:3954} INFO - Setting next_dagrun for example_kubernetes_executor to None, run_after=None
[2026-08-24T14:14:28.647+0000] {processor.py:183} INFO - Processing /home/airflow/.local/lib/python3.12/site-packages/airflow/example_dags/example_kubernetes_executor.py took 0.130 seconds
[2026-08-24T14:14:59.083+0000] {processor.py:161} INFO - Started process (PID=290) to work on /home/airflow/.local/lib/python3.12/site-packages/airflow/example_dags/example_kubernetes_executor.py
[2026-08-24T14:14:59.084+0000] {processor.py:830} INFO - Processing file /home/airflow/.local/lib/python3.12/site-packages/airflow/example_dags/example_kubernetes_executor.py for tasks to queue
[2026-08-24T14:14:59.087+0000] {logging_mixin.py:188} INFO - [2026-08-24T14:14:59.086+0000] {dagbag.py:545} INFO - Filling up the DagBag from /home/airflow/.local/lib/python3.12/site-packages/airflow/example_dags/example_kubernetes_executor.py
[2026-08-24T14:14:59.104+0000] {processor.py:840} INFO - DAG(s) 'example_kubernetes_executor' retrieved from /home/airflow/.local/lib/python3.12/site-packages/airflow/example_dags/example_kubernetes_executor.py
[2026-08-24T14:14:59.151+0000] {logging_mixin.py:188} INFO - [2026-08-24T14:14:59.150+0000] {dag.py:3096} INFO - Sync 1 DAGs
[2026-08-24T14:14:59.168+0000] {logging_mixin.py:188} INFO - [2026-08-24T14:14:59.167+0000] {dag.py:3954} INFO - Setting next_dagrun for example_kubernetes_executor to None, run_after=None
[2026-08-24T14:14:59.195+0000] {processor.py:183} INFO - Processing /home/airflow/.local/lib/python3.12/site-packages/airflow/example_dags/example_kubernetes_executor.py took 0.121 seconds
[2026-08-24T14:15:29.763+0000] {processor.py:161} INFO - Started process (PID=349) to work on /home/airflow/.local/lib/python3.12/site-packages/airflow/example_dags/example_kubernetes_executor.py
[2026-08-24T14:15:29.765+0000] {processor.py:830} INFO - Processing file /home/airflow/.local/lib/python3.12/site-packages/airflow/example_dags/example_kubernetes_executor.py for tasks to queue
[2026-08-24T14:15:29.767+0000] {logging_mixin.py:188} INFO - [2026-08-24T14:15:29.767+0000] {dagbag.py:545} INFO - Filling up the DagBag from /home/airflow/.local/lib/python3.12/site-packages/airflow/example_dags/example_kubernetes_executor.py
[2026-08-24T14:15:29.782+0000] {processor.py:840} INFO - DAG(s) 'example_kubernetes_executor' retrieved from /home/airflow/.local/lib/python3.12/site-packages/airflow/example_dags/example_kubernetes_executor.py
[2026-08-24T14:15:29.827+0000] {logging_mixin.py:188} INFO - [2026-08-24T14:15:29.827+0000] {dag.py:3096} INFO - Sync 1 DAGs
[2026-08-24T14:15:29.843+0000] {logging_mixin.py:188} INFO - [2026-08-24T14:15:29.843+0000] {dag.py:3954} INFO - Setting next_dagrun for example_kubernetes_executor to None, run_after=None
[2026-08-24T14:15:29.868+0000] {processor.py:183} INFO - Processing /home/airflow/.local/lib/python3.12/site-packages/airflow/example_dags/example_kubernetes_executor.py took 0.113 seconds
[2026-08-24T14:16:00.389+0000] {processor.py:161} INFO - Started process (PID=408) to work on /home/airflow/.local/lib/python3.12/site-packages/airflow/example_dags/example_kubernetes_executor.py
[2026-08-24T14:16:00.390+0000] {processor.py:830} INFO - Processing file /home/airflow/.local/lib/python3.12/site-packages/airflow/example_dags/example_kubernetes_executor.py for tasks to queue
[2026-08-24T14:16:00.394+0000] {logging_mixin.py:188} INFO - [2026-08-24T14:16:00.393+0000] {dagbag.py:545} INFO - Filling up the DagBag from /home/airflow/.local/lib/python3.12/site-packages/airflow/example_dags/example_kubernetes_executor.py
[2026-08-24T14:16:00.416+0000] {processor.py:840} INFO - DAG(s) 'example_kubernetes_executor' retrieved from /home/airflow/.local/lib/python3.12/site-packages/airflow/example_dags/example_kubernetes_executor.py
[2026-08-24T14:16:00.482+0000] {logging_mixin.py:188} INFO - [2026-08-24T14:16:00.482+0000] {dag.py:3096} INFO - Sync 1 DAGs
[2026-08-24T14:16:00.505+0000] {logging_mixin.py:188} INFO - [2026-08-24T14:16:00.505+0000] {dag.py:3954} INFO - Setting next_dagrun for example_kubernetes_executor to None, run_after=None
[2026-08-24T14:16:00.530+0000] {processor.py:183} INFO - Processing /home/airflow/.local/lib/python3.12/site-packages/airflow/example_dags/example_kubernetes_executor.py took 0.152 seconds
[2026-08-24T14:16:30.841+0000] {processor.py:161} INFO - Started process (PID=467) to work on /home/airflow/.local/lib/python3.12/site-packages/airflow/example_dags/example_kubernetes_executor.py
[2026-08-24T14:16:30.842+0000] {processor.py:830} INFO - Processing file /home/airflow/.local/lib/python3.12/site-packages/airflow/example_dags/example_kubernetes_executor.py for tasks to queue
[2026-08-24T14:16:30.845+0000] {logging_mixin.py:188} INFO - [2026-08-24T14:16:30.844+0000] {dagbag.py:545} INFO - Filling up the DagBag from /home/airflow/.local/lib/python3.12/site-packages/airflow/example_dags/example_kubernetes_executor.py
[2026-08-24T14:16:30.860+0000] {processor.py:840} INFO - DAG(s) 'example_kubernetes_executor' retrieved from /home/airflow/.local/lib/python3.12/site-packages/airflow/example_dags/example_kubernetes_executor.py
[2026-08-24T14:16:30.914+0000] {logging_mixin.py:188} INFO - [2026-08-24T14:16:30.914+0000] {dag.py:3096} INFO - Sync 1 DAGs
[2026-08-24T14:16:30.935+0000] {logging_mixin.py:188} INFO - [2026-08-24T14:16:30.934+0000] {dag.py:3954} INFO - Setting next_dagrun for example_kubernetes_executor to None, run_after=None
[2026-08-24T14:16:30.965+0000] {processor.py:183} INFO - Processing /home/airflow/.local/lib/python3.12/site-packages/airflow/example_dags/example_kubernetes_executor.py took 0.135 seconds
[2026-08-24T14:17:01.180+0000] {processor.py:161} INFO - Started process (PID=526) to work on /home/airflow/.local/lib/python3.12/site-packages/airflow/example_dags/example_kubernetes_executor.py
[2026-08-24T14:17:01.181+0000] {processor.py:830} INFO - Processing file /home/airflow/.local/lib/python3.12/site-packages/airflow/example_dags/example_kubernetes_executor.py for tasks to queue
[2026-08-24T14:17:01.184+0000] {logging_mixin.py:188} INFO - [2026-08-24T14:17:01.183+0000] {dagbag.py:545} INFO - Filling up the DagBag from /home/airflow/.local/lib/python3.12/site-packages/airflow/example_dags/example_kubernetes_executor.py
[2026-08-24T14:17:01.201+0000] {processor.py:840} INFO - DAG(s) 'example_kubernetes_executor' retrieved from /home/airflow/.local/lib/python3.12/site-packages/airflow/example_dags/example_kubernetes_executor.py
[2026-08-24T14:17:01.249+0000] {logging_mixin.py:188} INFO - [2026-08-24T14:17:01.249+0000] {dag.py:3096} INFO - Sync 1 DAGs
[2026-08-24T14:17:01.267+0000] {logging_mixin.py:188} INFO - [2026-08-24T14:17:01.267+0000] {dag.py:3954} INFO - Setting next_dagrun for example_kubernetes_executor to None, run_after=None
[2026-08-24T14:17:01.297+0000] {processor.py:183} INFO - Processing /home/airflow/.local/lib/python3.12/site-packages/airflow/example_dags/example_kubernetes_executor.py took 0.125 seconds
[2026-08-24T14:17:32.120+0000] {processor.py:161} INFO - Started process (PID=585) to work on /home/airflow/.local/lib/python3.12/site-packages/airflow/example_dags/example_kubernetes_executor.py
[2026-08-24T14:17:32.121+0000] {processor.py:830} INFO - Processing file /home/airflow/.local/lib/python3.12/site-packages/airflow/example_dags/example_kubernetes_executor.py for tasks to queue
[2026-08-24T14:17:32.124+0000] {logging_mixin.py:188} INFO - [2026-08-24T14:17:32.123+0000] {dagbag.py:545} INFO - Filling up the DagBag from /home/airflow/.local/lib/python3.12/site-packages/airflow/example_dags/example_kubernetes_executor.py
[2026-08-24T14:17:32.141+0000] {processor.py:840} INFO - DAG(s) 'example_kubernetes_executor' retrieved from /home/airflow/.local/lib/python3.12/site-packages/airflow/example_dags/example_kubernetes_executor.py
[2026-08-24T14:17:32.191+0000] {logging_mixin.py:188} INFO - [2026-08-24T14:17:32.191+0000] {dag.py:3096} INFO - Sync 1 DAGs
[2026-08-24T14:17:32.209+0000] {logging_mixin.py:188} INFO - [2026-08-24T14:17:32.208+0000] {dag.py:3954} INFO - Setting next_dagrun for example_kubernetes_executor to None, run_after=None
[2026-08-24T14:17:32.240+0000] {processor.py:183} INFO - Processing /home/airflow/.local/lib/python3.12/site-packages/airflow/example_dags/example_kubernetes_executor.py took 0.128 seconds
[2026-08-24T14:18:02.830+0000] {processor.py:161} INFO - Started process (PID=644) to work on /home/airflow/.local/lib/python3.12/site-packages/airflow/example_dags/example_kubernetes_executor.py
[2026-08-24T14:18:02.867+0000] {processor.py:830} INFO - Processing file /home/airflow/.local/lib/python3.12/site-packages/airflow/example_dags/example_kubernetes_executor.py for tasks to queue
[2026-08-24T14:18:02.870+0000] {logging_mixin.py:188} INFO - [2026-08-24T14:18:02.869+0000] {dagbag.py:545} INFO - Filling up the DagBag from /home/airflow/.local/lib/python3.12/site-packages/airflow/example_dags/example_kubernetes_executor.py
[2026-08-24T14:18:02.897+0000] {processor.py:840} INFO - DAG(s) 'example_kubernetes_executor' retrieved from /home/airflow/.local/lib/python3.12/site-packages/airflow/example_dags/example_kubernetes_executor.py
[2026-08-24T14:18:02.955+0000] {logging_mixin.py:188} INFO - [2026-08-24T14:18:02.955+0000] {dag.py:3096} INFO - Sync 1 DAGs
[2026-08-24T14:18:02.985+0000] {logging_mixin.py:188} INFO - [2026-08-24T14:18:02.985+0000] {dag.py:3954} INFO - Setting next_dagrun for example_kubernetes_executor to None, run_after=None
[2026-08-24T14:18:03.041+0000] {processor.py:183} INFO - Processing /home/airflow/.local/lib/python3.12/site-packages/airflow/example_dags/example_kubernetes_executor.py took 0.231 seconds
[2026-08-24T14:18:33.197+0000] {processor.py:161} INFO - Started process (PID=704) to work on /home/airflow/.local/lib/python3.12/site-packages/airflow/example_dags/example_kubernetes_executor.py
[2026-08-24T14:18:33.198+0000] {processor.py:830} INFO - Processing file /home/airflow/.local/lib/python3.12/site-packages/airflow/example_dags/example_kubernetes_executor.py for tasks to queue
[2026-08-24T14:18:33.202+0000] {logging_mixin.py:188} INFO - [2026-08-24T14:18:33.202+0000] {dagbag.py:545} INFO - Filling up the DagBag from /home/airflow/.local/lib/python3.12/site-packages/airflow/example_dags/example_kubernetes_executor.py
[2026-08-24T14:18:33.222+0000] {processor.py:840} INFO - DAG(s) 'example_kubernetes_executor' retrieved from /home/airflow/.local/lib/python3.12/site-packages/airflow/example_dags/example_kubernetes_executor.py
[2026-08-24T14:18:33.295+0000] {logging_mixin.py:188} INFO - [2026-08-24T14:18:33.295+0000] {dag.py:3096} INFO - Sync 1 DAGs
[2026-08-24T14:18:33.317+0000] {logging_mixin.py:188} INFO - [2026-08-24T14:18:33.317+0000] {dag.py:3954} INFO - Setting next_dagrun for example_kubernetes_executor to None, run_after=None
[2026-08-24T14:18:33.349+0000] {processor.py:183} INFO - Processing /home/airflow/.local/lib/python3.12/site-packages/airflow/example_dags/example_kubernetes_executor.py took 0.162 seconds
[2026-08-24T14:19:04.200+0000] {processor.py:161} INFO - Started process (PID=764) to work on /home/airflow/.local/lib/python3.12/site-packages/airflow/example_dags/example_kubernetes_executor.py
[2026-08-24T14:19:04.201+0000] {processor.py:830} INFO - Processing file /home/airflow/.local/lib/python3.12/site-packages/airflow/example_dags/example_kubernetes_executor.py for tasks to queue
[2026-08-24T14:19:04.205+0000] {logging_mixin.py:188} INFO - [2026-08-24T14:19:04.204+0000] {dagbag.py:545} INFO - Filling up the DagBag from /home/airflow/.local/lib/python3.12/site-packages/airflow/example_dags/example_kubernetes_executor.py
[2026-08-24T14:19:04.226+0000] {processor.py:840} INFO - DAG(s) 'example_kubernetes_executor' retrieved from /home/airflow/.local/lib/python3.12/site-packages/airflow/example_dags/example_kubernetes_executor.py
[2026-08-24T14:19:04.290+0000] {logging_mixin.py:188} INFO - [2026-08-24T14:19:04.289+0000] {dag.py:3096} INFO - Sync 1 DAGs
[2026-08-24T14:19:04.311+0000] {logging_mixin.py:188} INFO - [2026-08-24T14:19:04.311+0000] {dag.py:3954} INFO - Setting next_dagrun for example_kubernetes_executor to None, run_after=None
[2026-08-24T14:19:04.347+0000] {processor.py:183} INFO - Processing /home/airflow/.local/lib/python3.12/site-packages/airflow/example_dags/example_kubernetes_executor.py took 0.157 seconds
[2026-08-24T14:19:35.260+0000] {processor.py:161} INFO - Started process (PID=823) to work on /home/airflow/.local/lib/python3.12/site-packages/airflow/example_dags/example_kubernetes_executor.py
[2026-08-24T14:19:35.261+0000] {processor.py:830} INFO - Processing file /home/airflow/.local/lib/python3.12/site-packages/airflow/example_dags/example_kubernetes_executor.py for tasks to queue
[2026-08-24T14:19:35.264+0000] {logging_mixin.py:188} INFO - [2026-08-24T14:19:35.263+0000] {dagbag.py:545} INFO - Filling up the DagBag from /home/airflow/.local/lib/python3.12/site-packages/airflow/example_dags/example_kubernetes_executor.py
[2026-08-24T14:19:35.281+0000] {processor.py:840} INFO - DAG(s) 'example_kubernetes_executor' retrieved from /home/airflow/.local/lib/python3.12/site-packages/airflow/example_dags/example_kubernetes_executor.py
[2026-08-24T14:19:35.327+0000] {logging_mixin.py:188} INFO - [2026-08-24T14:19:35.327+0000] {dag.py:3096} INFO - Sync 1 DAGs
[2026-08-24T14:19:35.344+0000] {logging_mixin.py:188} INFO - [2026-08-24T14:19:35.344+0000] {dag.py:3954} INFO - Setting next_dagrun for example_kubernetes_executor to None, run_after=None
[2026-08-24T14:19:35.374+0000] {processor.py:183} INFO - Processing /home/airflow/.local/lib/python3.12/site-packages/airflow/example_dags/example_kubernetes_executor.py took 0.122 seconds
[2026-08-24T14:20:05.844+0000] {processor.py:161} INFO - Started process (PID=882) to work on /home/airflow/.local/lib/python3.12/site-packages/airflow/example_dags/example_kubernetes_executor.py
[2026-08-24T14:20:05.848+0000] {processor.py:830} INFO - Processing file /home/airflow/.local/lib/python3.12/site-packages/airflow/example_dags/example_kubernetes_executor.py for tasks to queue
[2026-08-24T14:20:05.853+0000] {logging_mixin.py:188} INFO - [2026-08-24T14:20:05.852+0000] {dagbag.py:545} INFO - Filling up the DagBag from /home/airflow/.local/lib/python3.12/site-packages/airflow/example_dags/example_kubernetes_executor.py
[2026-08-24T14:20:05.872+0000] {processor.py:840} INFO - DAG(s) 'example_kubernetes_executor' retrieved from /home/airflow/.local/lib/python3.12/site-packages/airflow/example_dags/example_kubernetes_executor.py
[2026-08-24T14:20:05.921+0000] {logging_mixin.py:188} INFO - [2026-08-24T14:20:05.920+0000] {dag.py:3096} INFO - Sync 1 DAGs
[2026-08-24T14:20:05.938+0000] {logging_mixin.py:188} INFO - [2026-08-24T14:20:05.937+0000] {dag.py:3954} INFO - Setting next_dagrun for example_kubernetes_executor to None, run_after=None
[2026-08-24T14:20:05.966+0000] {processor.py:183} INFO - Processing /home/airflow/.local/lib/python3.12/site-packages/airflow/example_dags/example_kubernetes_executor.py took 0.132 seconds
[2026-08-24T14:22:17.945+0000] {processor.py:161} INFO - Started process (PID=113) to work on /home/airflow/.local/lib/python3.12/site-packages/airflow/example_dags/example_kubernetes_executor.py
[2026-08-24T14:22:17.946+0000] {processor.py:830} INFO - Processing file /home/airflow/.local/lib/python3.12/site-packages/airflow/example_dags/example_kubernetes_executor.py for tasks to queue
[2026-08-24T14:22:17.950+0000] {logging_mixin.py:188} INFO - [2026-08-24T14:22:17.949+0000] {dagbag.py:545} INFO - Filling up the DagBag from /home/airflow/.local/lib/python3.12/site-packages/airflow/example_dags/example_kubernetes_executor.py
[2026-08-24T14:22:17.971+0000] {processor.py:840} INFO - DAG(s) 'example_kubernetes_executor' retrieved from /home/airflow/.local/lib/python3.12/site-packages/airflow/example_dags/example_kubernetes_executor.py
[2026-08-24T14:22:18.148+0000] {logging_mixin.py:188} INFO - [2026-08-24T14:22:18.147+0000] {dag.py:3096} INFO - Sync 1 DAGs
[2026-08-24T14:22:18.163+0000] {logging_mixin.py:188} INFO - [2026-08-24T14:22:18.162+0000] {dag.py:3954} INFO - Setting next_dagrun for example_kubernetes_executor to None, run_after=None
[2026-08-24T14:22:18.191+0000] {processor.py:183} INFO - Processing /home/airflow/.local/lib/python3.12/site-packages/airflow/example_dags/example_kubernetes_executor.py took 0.254 seconds
[2026-08-24T14:23:01.199+0000] {processor.py:161} INFO - Started process (PID=92) to work on /home/airflow/.local/lib/python3.12/site-packages/airflow/example_dags/example_kubernetes_executor.py
[2026-08-24T14:23:01.200+0000] {processor.py:830} INFO - Processing file /home/airflow/.local/lib/python3.12/site-packages/airflow/example_dags/example_kubernetes_executor.py for tasks to queue
[2026-08-24T14:23:01.204+0000] {logging_mixin.py:188} INFO - [2026-08-24T14:23:01.203+0000] {dagbag.py:545} INFO - Filling up the DagBag from /home/airflow/.local/lib/python3.12/site-packages/airflow/example_dags/example_kubernetes_executor.py
[2026-08-24T14:23:01.227+0000] {processor.py:840} INFO - DAG(s) 'example_kubernetes_executor' retrieved from /home/airflow/.local/lib/python3.12/site-packages/airflow/example_dags/example_kubernetes_executor.py
[2026-08-24T14:23:01.276+0000] {logging_mixin.py:188} INFO - [2026-08-24T14:23:01.276+0000] {dag.py:3096} INFO - Sync 1 DAGs
[2026-08-24T14:23:01.295+0000] {logging_mixin.py:188} INFO - [2026-08-24T14:23:01.295+0000] {dag.py:3954} INFO - Setting next_dagrun for example_kubernetes_executor to None, run_after=None
[2026-08-24T14:23:01.321+0000] {processor.py:183} INFO - Processing /home/airflow/.local/lib/python3.12/site-packages/airflow/example_dags/example_kubernetes_executor.py took 0.129 seconds
[2026-08-24T14:23:31.776+0000] {processor.py:161} INFO - Started process (PID=152) to work on /home/airflow/.local/lib/python3.12/site-packages/airflow/example_dags/example_kubernetes_executor.py
[2026-08-24T14:23:31.779+0000] {processor.py:830} INFO - Processing file /home/airflow/.local/lib/python3.12/site-packages/airflow/example_dags/example_kubernetes_executor.py for tasks to queue
[2026-08-24T14:23:31.784+0000] {logging_mixin.py:188} INFO - [2026-08-24T14:23:31.784+0000] {dagbag.py:545} INFO - Filling up the DagBag from /home/airflow/.local/lib/python3.12/site-packages/airflow/example_dags/example_kubernetes_executor.py
[2026-08-24T14:23:31.800+0000] {processor.py:840} INFO - DAG(s) 'example_kubernetes_executor' retrieved from /home/airflow/.local/lib/python3.12/site-packages/airflow/example_dags/example_kubernetes_executor.py
[2026-08-24T14:23:31.849+0000] {logging_mixin.py:188} INFO - [2026-08-24T14:23:31.848+0000] {dag.py:3096} INFO - Sync 1 DAGs
[2026-08-24T14:23:31.867+0000] {logging_mixin.py:188} INFO - [2026-08-24T14:23:31.867+0000] {dag.py:3954} INFO - Setting next_dagrun for example_kubernetes_executor to None, run_after=None
[2026-08-24T14:23:31.897+0000] {processor.py:183} INFO - Processing /home/airflow/.local/lib/python3.12/site-packages/airflow/example_dags/example_kubernetes_executor.py took 0.129 seconds
[2026-08-24T14:24:04.409+0000] {processor.py:161} INFO - Started process (PID=218) to work on /home/airflow/.local/lib/python3.12/site-packages/airflow/example_dags/example_kubernetes_executor.py
[2026-08-24T14:24:04.411+0000] {processor.py:830} INFO - Processing file /home/airflow/.local/lib/python3.12/site-packages/airflow/example_dags/example_kubernetes_executor.py for tasks to queue
[2026-08-24T14:24:04.414+0000] {logging_mixin.py:188} INFO - [2026-08-24T14:24:04.414+0000] {dagbag.py:545} INFO - Filling up the DagBag from /home/airflow/.local/lib/python3.12/site-packages/airflow/example_dags/example_kubernetes_executor.py
[2026-08-24T14:24:04.436+0000] {processor.py:840} INFO - DAG(s) 'example_kubernetes_executor' retrieved from /home/airflow/.local/lib/python3.12/site-packages/airflow/example_dags/example_kubernetes_executor.py
[2026-08-24T14:24:04.498+0000] {logging_mixin.py:188} INFO - [2026-08-24T14:24:04.498+0000] {dag.py:3096} INFO - Sync 1 DAGs
[2026-08-24T14:24:04.520+0000] {logging_mixin.py:188} INFO - [2026-08-24T14:24:04.519+0000] {dag.py:3954} INFO - Setting next_dagrun for example_kubernetes_executor to None, run_after=None
[2026-08-24T14:24:04.553+0000] {processor.py:183} INFO - Processing /home/airflow/.local/lib/python3.12/site-packages/airflow/example_dags/example_kubernetes_executor.py took 0.153 seconds
[2026-08-24T14:24:35.578+0000] {processor.py:161} INFO - Started process (PID=278) to work on /home/airflow/.local/lib/python3.12/site-packages/airflow/example_dags/example_kubernetes_executor.py
[2026-08-24T14:24:35.581+0000] {processor.py:830} INFO - Processing file /home/airflow/.local/lib/python3.12/site-packages/airflow/example_dags/example_kubernetes_executor.py for tasks to queue
[2026-08-24T14:24:35.586+0000] {logging_mixin.py:188} INFO - [2026-08-24T14:24:35.585+0000] {dagbag.py:545} INFO - Filling up the DagBag from /home/airflow/.local/lib/python3.12/site-packages/airflow/example_dags/example_kubernetes_executor.py
[2026-08-24T14:24:35.611+0000] {processor.py:840} INFO - DAG(s) 'example_kubernetes_executor' retrieved from /home/airflow/.local/lib/python3.12/site-packages/airflow/example_dags/example_kubernetes_executor.py
[2026-08-24T14:24:35.657+0000] {logging_mixin.py:188} INFO - [2026-08-24T14:24:35.657+0000] {dag.py:3096} INFO - Sync 1 DAGs
[2026-08-24T14:24:35.675+0000] {logging_mixin.py:188} INFO - [2026-08-24T14:24:35.675+0000] {dag.py:3954} INFO - Setting next_dagrun for example_kubernetes_executor to None, run_after=None
[2026-08-24T14:24:35.702+0000] {processor.py:183} INFO - Processing /home/airflow/.local/lib/python3.12/site-packages/airflow/example_dags/example_kubernetes_executor.py took 0.131 seconds
[2026-08-24T14:25:06.266+0000] {processor.py:161} INFO - Started process (PID=338) to work on /home/airflow/.local/lib/python3.12/site-packages/airflow/example_dags/example_kubernetes_executor.py
[2026-08-24T14:25:06.267+0000] {processor.py:830} INFO - Processing file /home/airflow/.local/lib/python3.12/site-packages/airflow/example_dags/example_kubernetes_executor.py for tasks to queue
[2026-08-24T14:25:06.270+0000] {logging_mixin.py:188} INFO - [2026-08-24T14:25:06.269+0000] {dagbag.py:545} INFO - Filling up the DagBag from /home/airflow/.local/lib/python3.12/site-packages/airflow/example_dags/example_kubernetes_executor.py
[2026-08-24T14:25:06.285+0000] {processor.py:840} INFO - DAG(s) 'example_kubernetes_executor' retrieved from /home/airflow/.local/lib/python3.12/site-packages/airflow/example_dags/example_kubernetes_executor.py
[2026-08-24T14:25:06.330+0000] {logging_mixin.py:188} INFO - [2026-08-24T14:25:06.330+0000] {dag.py:3096} INFO - Sync 1 DAGs
[2026-08-24T14:25:06.350+0000] {logging_mixin.py:188} INFO - [2026-08-24T14:25:06.350+0000] {dag.py:3954} INFO - Setting next_dagrun for example_kubernetes_executor to None, run_after=None
[2026-08-24T14:25:06.377+0000] {processor.py:183} INFO - Processing /home/airflow/.local/lib/python3.12/site-packages/airflow/example_dags/example_kubernetes_executor.py took 0.118 seconds
[2026-08-24T14:25:37.496+0000] {processor.py:161} INFO - Started process (PID=398) to work on /home/airflow/.local/lib/python3.12/site-packages/airflow/example_dags/example_kubernetes_executor.py
[2026-08-24T14:25:37.497+0000] {processor.py:830} INFO - Processing file /home/airflow/.local/lib/python3.12/site-packages/airflow/example_dags/example_kubernetes_executor.py for tasks to queue
[2026-08-24T14:25:37.500+0000] {logging_mixin.py:188} INFO - [2026-08-24T14:25:37.499+0000] {dagbag.py:545} INFO - Filling up the DagBag from /home/airflow/.local/lib/python3.12/site-packages/airflow/example_dags/example_kubernetes_executor.py
[2026-08-24T14:25:37.518+0000] {processor.py:840} INFO - DAG(s) 'example_kubernetes_executor' retrieved from /home/airflow/.local/lib/python3.12/site-packages/airflow/example_dags/example_kubernetes_executor.py
[2026-08-24T14:25:37.566+0000] {logging_mixin.py:188} INFO - [2026-08-24T14:25:37.565+0000] {dag.py:3096} INFO - Sync 1 DAGs
[2026-08-24T14:25:37.584+0000] {logging_mixin.py:188} INFO - [2026-08-24T14:25:37.584+0000] {dag.py:3954} INFO - Setting next_dagrun for example_kubernetes_executor to None, run_after=None
[2026-08-24T14:25:37.611+0000] {processor.py:183} INFO - Processing /home/airflow/.local/lib/python3.12/site-packages/airflow/example_dags/example_kubernetes_executor.py took 0.122 seconds
[2026-08-24T14:26:08.520+0000] {processor.py:161} INFO - Started process (PID=458) to work on /home/airflow/.local/lib/python3.12/site-packages/airflow/example_dags/example_kubernetes_executor.py
[2026-08-24T14:26:08.521+0000] {processor.py:830} INFO - Processing file /home/airflow/.local/lib/python3.12/site-packages/airflow/example_dags/example_kubernetes_executor.py for tasks to queue
[2026-08-24T14:26:08.525+0000] {logging_mixin.py:188} INFO - [2026-08-24T14:26:08.524+0000] {dagbag.py:545} INFO - Filling up the DagBag from /home/airflow/.local/lib/python3.12/site-packages/airflow/example_dags/example_kubernetes_executor.py
[2026-08-24T14:26:08.543+0000] {processor.py:840} INFO - DAG(s) 'example_kubernetes_executor' retrieved from /home/airflow/.local/lib/python3.12/site-packages/airflow/example_dags/example_kubernetes_executor.py
[2026-08-24T14:26:08.591+0000] {logging_mixin.py:188} INFO - [2026-08-24T14:26:08.590+0000] {dag.py:3096} INFO - Sync 1 DAGs
[2026-08-24T14:26:08.608+0000] {logging_mixin.py:188} INFO - [2026-08-24T14:26:08.608+0000] {dag.py:3954} INFO - Setting next_dagrun for example_kubernetes_executor to None, run_after=None
[2026-08-24T14:26:08.637+0000] {processor.py:183} INFO - Processing /home/airflow/.local/lib/python3.12/site-packages/airflow/example_dags/example_kubernetes_executor.py took 0.126 seconds
[2026-08-24T14:26:38.840+0000] {processor.py:161} INFO - Started process (PID=517) to work on /home/airflow/.local/lib/python3.12/site-packages/airflow/example_dags/example_kubernetes_executor.py
[2026-08-24T14:26:38.842+0000] {processor.py:830} INFO - Processing file /home/airflow/.local/lib/python3.12/site-packages/airflow/example_dags/example_kubernetes_executor.py for tasks to queue
[2026-08-24T14:26:38.845+0000] {logging_mixin.py:188} INFO - [2026-08-24T14:26:38.844+0000] {dagbag.py:545} INFO - Filling up the DagBag from /home/airflow/.local/lib/python3.12/site-packages/airflow/example_dags/example_kubernetes_executor.py
[2026-08-24T14:26:38.869+0000] {processor.py:840} INFO - DAG(s) 'example_kubernetes_executor' retrieved from /home/airflow/.local/lib/python3.12/site-packages/airflow/example_dags/example_kubernetes_executor.py
[2026-08-24T14:26:38.914+0000] {logging_mixin.py:188} INFO - [2026-08-24T14:26:38.913+0000] {dag.py:3096} INFO - Sync 1 DAGs
[2026-08-24T14:26:38.929+0000] {logging_mixin.py:188} INFO - [2026-08-24T14:26:38.929+0000] {dag.py:3954} INFO - Setting next_dagrun for example_kubernetes_executor to None, run_after=None
[2026-08-24T14:26:38.955+0000] {processor.py:183} INFO - Processing /home/airflow/.local/lib/python3.12/site-packages/airflow/example_dags/example_kubernetes_executor.py took 0.125 seconds
[2026-08-24T14:27:09.447+0000] {processor.py:161} INFO - Started process (PID=576) to work on /home/airflow/.local/lib/python3.12/site-packages/airflow/example_dags/example_kubernetes_executor.py
[2026-08-24T14:27:09.448+0000] {processor.py:830} INFO - Processing file /home/airflow/.local/lib/python3.12/site-packages/airflow/example_dags/example_kubernetes_executor.py for tasks to queue
[2026-08-24T14:27:09.452+0000] {logging_mixin.py:188} INFO - [2026-08-24T14:27:09.451+0000] {dagbag.py:545} INFO - Filling up the DagBag from /home/airflow/.local/lib/python3.12/site-packages/airflow/example_dags/example_kubernetes_executor.py
[2026-08-24T14:27:09.468+0000] {processor.py:840} INFO - DAG(s) 'example_kubernetes_executor' retrieved from /home/airflow/.local/lib/python3.12/site-packages/airflow/example_dags/example_kubernetes_executor.py
[2026-08-24T14:27:09.518+0000] {logging_mixin.py:188} INFO - [2026-08-24T14:27:09.518+0000] {dag.py:3096} INFO - Sync 1 DAGs
[2026-08-24T14:27:09.536+0000] {logging_mixin.py:188} INFO - [2026-08-24T14:27:09.535+0000] {dag.py:3954} INFO - Setting next_dagrun for example_kubernetes_executor to None, run_after=None
[2026-08-24T14:27:09.565+0000] {processor.py:183} INFO - Processing /home/airflow/.local/lib/python3.12/site-packages/airflow/example_dags/example_kubernetes_executor.py took 0.125 seconds
[2026-08-24T14:27:39.856+0000] {processor.py:161} INFO - Started process (PID=636) to work on /home/airflow/.local/lib/python3.12/site-packages/airflow/example_dags/example_kubernetes_executor.py
[2026-08-24T14:27:39.857+0000] {processor.py:830} INFO - Processing file /home/airflow/.local/lib/python3.12/site-packages/airflow/example_dags/example_kubernetes_executor.py for tasks to queue
[2026-08-24T14:27:39.860+0000] {logging_mixin.py:188} INFO - [2026-08-24T14:27:39.859+0000] {dagbag.py:545} INFO - Filling up the DagBag from /home/airflow/.local/lib/python3.12/site-packages/airflow/example_dags/example_kubernetes_executor.py
[2026-08-24T14:27:39.878+0000] {processor.py:840} INFO - DAG(s) 'example_kubernetes_executor' retrieved from /home/airflow/.local/lib/python3.12/site-packages/airflow/example_dags/example_kubernetes_executor.py
[2026-08-24T14:27:39.927+0000] {logging_mixin.py:188} INFO - [2026-08-24T14:27:39.926+0000] {dag.py:3096} INFO - Sync 1 DAGs
[2026-08-24T14:27:39.944+0000] {logging_mixin.py:188} INFO - [2026-08-24T14:27:39.944+0000] {dag.py:3954} INFO - Setting next_dagrun for example_kubernetes_executor to None, run_after=None
[2026-08-24T14:27:39.975+0000] {processor.py:183} INFO - Processing /home/airflow/.local/lib/python3.12/site-packages/airflow/example_dags/example_kubernetes_executor.py took 0.126 seconds
[2026-08-24T14:28:10.187+0000] {processor.py:161} INFO - Started process (PID=696) to work on /home/airflow/.local/lib/python3.12/site-packages/airflow/example_dags/example_kubernetes_executor.py
[2026-08-24T14:28:10.189+0000] {processor.py:830} INFO - Processing file /home/airflow/.local/lib/python3.12/site-packages/airflow/example_dags/example_kubernetes_executor.py for tasks to queue
[2026-08-24T14:28:10.191+0000] {logging_mixin.py:188} INFO - [2026-08-24T14:28:10.191+0000] {dagbag.py:545} INFO - Filling up the DagBag from /home/airflow/.local/lib/python3.12/site-packages/airflow/example_dags/example_kubernetes_executor.py
[2026-08-24T14:28:10.206+0000] {processor.py:840} INFO - DAG(s) 'example_kubernetes_executor' retrieved from /home/airflow/.local/lib/python3.12/site-packages/airflow/example_dags/example_kubernetes_executor.py
[2026-08-24T14:28:10.252+0000] {logging_mixin.py:188} INFO - [2026-08-24T14:28:10.252+0000] {dag.py:3096} INFO - Sync 1 DAGs
[2026-08-24T14:28:10.269+0000] {logging_mixin.py:188} INFO - [2026-08-24T14:28:10.268+0000] {dag.py:3954} INFO - Setting next_dagrun for example_kubernetes_executor to None, run_after=None
[2026-08-24T14:28:10.292+0000] {processor.py:183} INFO - Processing /home/airflow/.local/lib/python3.12/site-packages/airflow/example_dags/example_kubernetes_executor.py took 0.112 seconds
[2026-08-24T14:28:40.745+0000] {processor.py:161} INFO - Started process (PID=756) to work on /home/airflow/.local/lib/python3.12/site-packages/airflow/example_dags/example_kubernetes_executor.py
[2026-08-24T14:28:40.746+0000] {processor.py:830} INFO - Processing file /home/airflow/.local/lib/python3.12/site-packages/airflow/example_dags/example_kubernetes_executor.py for tasks to queue
[2026-08-24T14:28:40.749+0000] {logging_mixin.py:188} INFO - [2026-08-24T14:28:40.749+0000] {dagbag.py:545} INFO - Filling up the DagBag from /home/airflow/.local/lib/python3.12/site-packages/airflow/example_dags/example_kubernetes_executor.py
[2026-08-24T14:28:40.764+0000] {processor.py:840} INFO - DAG(s) 'example_kubernetes_executor' retrieved from /home/airflow/.local/lib/python3.12/site-packages/airflow/example_dags/example_kubernetes_executor.py
[2026-08-24T14:28:40.812+0000] {logging_mixin.py:188} INFO - [2026-08-24T14:28:40.812+0000] {dag.py:3096} INFO - Sync 1 DAGs
[2026-08-24T14:28:40.831+0000] {logging_mixin.py:188} INFO - [2026-08-24T14:28:40.831+0000] {dag.py:3954} INFO - Setting next_dagrun for example_kubernetes_executor to None, run_after=None
[2026-08-24T14:28:40.861+0000] {processor.py:183} INFO - Processing /home/airflow/.local/lib/python3.12/site-packages/airflow/example_dags/example_kubernetes_executor.py took 0.123 seconds
[2026-08-24T14:29:11.702+0000] {processor.py:161} INFO - Started process (PID=816) to work on /home/airflow/.local/lib/python3.12/site-packages/airflow/example_dags/example_kubernetes_executor.py
[2026-08-24T14:29:11.704+0000] {processor.py:830} INFO - Processing file /home/airflow/.local/lib/python3.12/site-packages/airflow/example_dags/example_kubernetes_executor.py for tasks to queue
[2026-08-24T14:29:11.707+0000] {logging_mixin.py:188} INFO - [2026-08-24T14:29:11.706+0000] {dagbag.py:545} INFO - Filling up the DagBag from /home/airflow/.local/lib/python3.12/site-packages/airflow/example_dags/example_kubernetes_executor.py
[2026-08-24T14:29:11.725+0000] {processor.py:840} INFO - DAG(s) 'example_kubernetes_executor' retrieved from /home/airflow/.local/lib/python3.12/site-packages/airflow/example_dags/example_kubernetes_executor.py
[2026-08-24T14:29:11.779+0000] {logging_mixin.py:188} INFO - [2026-08-24T14:29:11.779+0000] {dag.py:3096} INFO - Sync 1 DAGs
[2026-08-24T14:29:11.800+0000] {logging_mixin.py:188} INFO - [2026-08-24T14:29:11.799+0000] {dag.py:3954} INFO - Setting next_dagrun for example_kubernetes_executor to None, run_after=None
[2026-08-24T14:29:11.832+0000] {processor.py:183} INFO - Processing /home/airflow/.local/lib/python3.12/site-packages/airflow/example_dags/example_kubernetes_executor.py took 0.140 seconds
[2026-08-24T14:29:41.947+0000] {processor.py:161} INFO - Started process (PID=877) to work on /home/airflow/.local/lib/python3.12/site-packages/airflow/example_dags/example_kubernetes_executor.py
[2026-08-24T14:29:41.948+0000] {processor.py:830} INFO - Processing file /home/airflow/.local/lib/python3.12/site-packages/airflow/example_dags/example_kubernetes_executor.py for tasks to queue
[2026-08-24T14:29:41.951+0000] {logging_mixin.py:188} INFO - [2026-08-24T14:29:41.951+0000] {dagbag.py:545} INFO - Filling up the DagBag from /home/airflow/.local/lib/python3.12/site-packages/airflow/example_dags/example_kubernetes_executor.py
[2026-08-24T14:29:41.969+0000] {processor.py:840} INFO - DAG(s) 'example_kubernetes_executor' retrieved from /home/airflow/.local/lib/python3.12/site-packages/airflow/example_dags/example_kubernetes_executor.py
[2026-08-24T14:29:42.016+0000] {logging_mixin.py:188} INFO - [2026-08-24T14:29:42.016+0000] {dag.py:3096} INFO - Sync 1 DAGs
[2026-08-24T14:29:42.039+0000] {logging_mixin.py:188} INFO - [2026-08-24T14:29:42.039+0000] {dag.py:3954} INFO - Setting next_dagrun for example_kubernetes_executor to None, run_after=None
[2026-08-24T14:29:42.068+0000] {processor.py:183} INFO - Processing /home/airflow/.local/lib/python3.12/site-packages/airflow/example_dags/example_kubernetes_executor.py took 0.130 seconds
[2026-08-24T14:30:12.850+0000] {processor.py:161} INFO - Started process (PID=937) to work on /home/airflow/.local/lib/python3.12/site-packages/airflow/example_dags/example_kubernetes_executor.py
[2026-08-24T14:30:12.851+0000] {processor.py:830} INFO - Processing file /home/airflow/.local/lib/python3.12/site-packages/airflow/example_dags/example_kubernetes_executor.py for tasks to queue
[2026-08-24T14:30:12.854+0000] {logging_mixin.py:188} INFO - [2026-08-24T14:30:12.853+0000] {dagbag.py:545} INFO - Filling up the DagBag from /home/airflow/.local/lib/python3.12/site-packages/airflow/example_dags/example_kubernetes_executor.py
[2026-08-24T14:30:12.871+0000] {processor.py:840} INFO - DAG(s) 'example_kubernetes_executor' retrieved from /home/airflow/.local/lib/python3.12/site-packages/airflow/example_dags/example_kubernetes_executor.py
[2026-08-24T14:30:12.917+0000] {logging_mixin.py:188} INFO - [2026-08-24T14:30:12.917+0000] {dag.py:3096} INFO - Sync 1 DAGs
[2026-08-24T14:30:12.933+0000] {logging_mixin.py:188} INFO - [2026-08-24T14:30:12.933+0000] {dag.py:3954} INFO - Setting next_dagrun for example_kubernetes_executor to None, run_after=None
[2026-08-24T14:30:12.959+0000] {processor.py:183} INFO - Processing /home/airflow/.local/lib/python3.12/site-packages/airflow/example_dags/example_kubernetes_executor.py took 0.116 seconds
[2026-08-24T14:30:43.738+0000] {processor.py:161} INFO - Started process (PID=998) to work on /home/airflow/.local/lib/python3.12/site-packages/airflow/example_dags/example_kubernetes_executor.py
[2026-08-24T14:30:43.740+0000] {processor.py:830} INFO - Processing file /home/airflow/.local/lib/python3.12/site-packages/airflow/example_dags/example_kubernetes_executor.py for tasks to queue
[2026-08-24T14:30:43.743+0000] {logging_mixin.py:188} INFO - [2026-08-24T14:30:43.742+0000] {dagbag.py:545} INFO - Filling up the DagBag from /home/airflow/.local/lib/python3.12/site-packages/airflow/example_dags/example_kubernetes_executor.py
[2026-08-24T14:30:43.760+0000] {processor.py:840} INFO - DAG(s) 'example_kubernetes_executor' retrieved from /home/airflow/.local/lib/python3.12/site-packages/airflow/example_dags/example_kubernetes_executor.py
[2026-08-24T14:30:43.802+0000] {logging_mixin.py:188} INFO - [2026-08-24T14:30:43.802+0000] {dag.py:3096} INFO - Sync 1 DAGs
[2026-08-24T14:30:43.818+0000] {logging_mixin.py:188} INFO - [2026-08-24T14:30:43.818+0000] {dag.py:3954} INFO - Setting next_dagrun for example_kubernetes_executor to None, run_after=None
[2026-08-24T14:30:43.841+0000] {processor.py:183} INFO - Processing /home/airflow/.local/lib/python3.12/site-packages/airflow/example_dags/example_kubernetes_executor.py took 0.112 seconds
[2026-08-24T14:31:14.461+0000] {processor.py:161} INFO - Started process (PID=1058) to work on /home/airflow/.local/lib/python3.12/site-packages/airflow/example_dags/example_kubernetes_executor.py
[2026-08-24T14:31:14.464+0000] {processor.py:830} INFO - Processing file /home/airflow/.local/lib/python3.12/site-packages/airflow/example_dags/example_kubernetes_executor.py for tasks to queue
[2026-08-24T14:31:14.468+0000] {logging_mixin.py:188} INFO - [2026-08-24T14:31:14.467+0000] {dagbag.py:545} INFO - Filling up the DagBag from /home/airflow/.local/lib/python3.12/site-packages/airflow/example_dags/example_kubernetes_executor.py
[2026-08-24T14:35:25.252+0000] {processor.py:161} INFO - Started process (PID=115) to work on /home/airflow/.local/lib/python3.12/site-packages/airflow/example_dags/example_kubernetes_executor.py
[2026-08-24T14:35:25.254+0000] {processor.py:830} INFO - Processing file /home/airflow/.local/lib/python3.12/site-packages/airflow/example_dags/example_kubernetes_executor.py for tasks to queue
[2026-08-24T14:35:25.256+0000] {logging_mixin.py:188} INFO - [2026-08-24T14:35:25.256+0000] {dagbag.py:545} INFO - Filling up the DagBag from /home/airflow/.local/lib/python3.12/site-packages/airflow/example_dags/example_kubernetes_executor.py
[2026-08-24T14:35:25.279+0000] {processor.py:840} INFO - DAG(s) 'example_kubernetes_executor' retrieved from /home/airflow/.local/lib/python3.12/site-packages/airflow/example_dags/example_kubernetes_executor.py
[2026-08-24T14:35:25.443+0000] {logging_mixin.py:188} INFO - [2026-08-24T14:35:25.443+0000] {dag.py:3096} INFO - Sync 1 DAGs
[2026-08-24T14:35:25.457+0000] {logging_mixin.py:188} INFO - [2026-08-24T14:35:25.456+0000] {dag.py:3954} INFO - Setting next_dagrun for example_kubernetes_executor to None, run_after=None
[2026-08-24T14:35:25.481+0000] {processor.py:183} INFO - Processing /home/airflow/.local/lib/python3.12/site-packages/airflow/example_dags/example_kubernetes_executor.py took 0.236 seconds
[2026-08-24T14:35:56.389+0000] {processor.py:161} INFO - Started process (PID=175) to work on /home/airflow/.local/lib/python3.12/site-packages/airflow/example_dags/example_kubernetes_executor.py
[2026-08-24T14:35:56.391+0000] {processor.py:830} INFO - Processing file /home/airflow/.local/lib/python3.12/site-packages/airflow/example_dags/example_kubernetes_executor.py for tasks to queue
[2026-08-24T14:35:56.394+0000] {logging_mixin.py:188} INFO - [2026-08-24T14:35:56.393+0000] {dagbag.py:545} INFO - Filling up the DagBag from /home/airflow/.local/lib/python3.12/site-packages/airflow/example_dags/example_kubernetes_executor.py
[2026-08-24T14:35:56.412+0000] {processor.py:840} INFO - DAG(s) 'example_kubernetes_executor' retrieved from /home/airflow/.local/lib/python3.12/site-packages/airflow/example_dags/example_kubernetes_executor.py
[2026-08-24T14:35:56.457+0000] {logging_mixin.py:188} INFO - [2026-08-24T14:35:56.457+0000] {dag.py:3096} INFO - Sync 1 DAGs
[2026-08-24T14:35:56.473+0000] {logging_mixin.py:188} INFO - [2026-08-24T14:35:56.472+0000] {dag.py:3954} INFO - Setting next_dagrun for example_kubernetes_executor to None, run_after=None
[2026-08-24T14:35:56.499+0000] {processor.py:183} INFO - Processing /home/airflow/.local/lib/python3.12/site-packages/airflow/example_dags/example_kubernetes_executor.py took 0.118 seconds
[2026-08-24T14:36:26.696+0000] {processor.py:161} INFO - Started process (PID=235) to work on /home/airflow/.local/lib/python3.12/site-packages/airflow/example_dags/example_kubernetes_executor.py
[2026-08-24T14:36:26.697+0000] {processor.py:830} INFO - Processing file /home/airflow/.local/lib/python3.12/site-packages/airflow/example_dags/example_kubernetes_executor.py for tasks to queue
[2026-08-24T14:36:26.700+0000] {logging_mixin.py:188} INFO - [2026-08-24T14:36:26.699+0000] {dagbag.py:545} INFO - Filling up the DagBag from /home/airflow/.local/lib/python3.12/site-packages/airflow/example_dags/example_kubernetes_executor.py
[2026-08-24T14:36:26.715+0000] {processor.py:840} INFO - DAG(s) 'example_kubernetes_executor' retrieved from /home/airflow/.local/lib/python3.12/site-packages/airflow/example_dags/example_kubernetes_executor.py
[2026-08-24T14:36:26.766+0000] {logging_mixin.py:188} INFO - [2026-08-24T14:36:26.766+0000] {dag.py:3096} INFO - Sync 1 DAGs
[2026-08-24T14:36:26.783+0000] {logging_mixin.py:188} INFO - [2026-08-24T14:36:26.783+0000] {dag.py:3954} INFO - Setting next_dagrun for example_kubernetes_executor to None, run_after=None
[2026-08-24T14:36:26.807+0000] {processor.py:183} INFO - Processing /home/airflow/.local/lib/python3.12/site-packages/airflow/example_dags/example_kubernetes_executor.py took 0.119 seconds
[2026-08-24T14:36:57.899+0000] {processor.py:161} INFO - Started process (PID=296) to work on /home/airflow/.local/lib/python3.12/site-packages/airflow/example_dags/example_kubernetes_executor.py
[2026-08-24T14:36:57.901+0000] {processor.py:830} INFO - Processing file /home/airflow/.local/lib/python3.12/site-packages/airflow/example_dags/example_kubernetes_executor.py for tasks to queue
[2026-08-24T14:36:57.904+0000] {logging_mixin.py:188} INFO - [2026-08-24T14:36:57.904+0000] {dagbag.py:545} INFO - Filling up the DagBag from /home/airflow/.local/lib/python3.12/site-packages/airflow/example_dags/example_kubernetes_executor.py
[2026-08-24T14:36:57.921+0000] {processor.py:840} INFO - DAG(s) 'example_kubernetes_executor' retrieved from /home/airflow/.local/lib/python3.12/site-packages/airflow/example_dags/example_kubernetes_executor.py
[2026-08-24T14:36:57.973+0000] {logging_mixin.py:188} INFO - [2026-08-24T14:36:57.973+0000] {dag.py:3096} INFO - Sync 1 DAGs
[2026-08-24T14:36:57.992+0000] {logging_mixin.py:188} INFO - [2026-08-24T14:36:57.992+0000] {dag.py:3954} INFO - Setting next_dagrun for example_kubernetes_executor to None, run_after=None
[2026-08-24T14:36:58.029+0000] {processor.py:183} INFO - Processing /home/airflow/.local/lib/python3.12/site-packages/airflow/example_dags/example_kubernetes_executor.py took 0.138 seconds
[2026-08-24T14:37:29.039+0000] {processor.py:161} INFO - Started process (PID=355) to work on /home/airflow/.local/lib/python3.12/site-packages/airflow/example_dags/example_kubernetes_executor.py
[2026-08-24T14:37:29.040+0000] {processor.py:830} INFO - Processing file /home/airflow/.local/lib/python3.12/site-packages/airflow/example_dags/example_kubernetes_executor.py for tasks to queue
[2026-08-24T14:37:29.043+0000] {logging_mixin.py:188} INFO - [2026-08-24T14:37:29.043+0000] {dagbag.py:545} INFO - Filling up the DagBag from /home/airflow/.local/lib/python3.12/site-packages/airflow/example_dags/example_kubernetes_executor.py
[2026-08-24T14:37:29.064+0000] {processor.py:840} INFO - DAG(s) 'example_kubernetes_executor' retrieved from /home/airflow/.local/lib/python3.12/site-packages/airflow/example_dags/example_kubernetes_executor.py
[2026-08-24T14:37:29.119+0000] {logging_mixin.py:188} INFO - [2026-08-24T14:37:29.119+0000] {dag.py:3096} INFO - Sync 1 DAGs
[2026-08-24T14:37:29.142+0000] {logging_mixin.py:188} INFO - [2026-08-24T14:37:29.141+0000] {dag.py:3954} INFO - Setting next_dagrun for example_kubernetes_executor to None, run_after=None
[2026-08-24T14:37:29.171+0000] {processor.py:183} INFO - Processing /home/airflow/.local/lib/python3.12/site-packages/airflow/example_dags/example_kubernetes_executor.py took 0.144 seconds
[2026-08-24T14:37:59.265+0000] {processor.py:161} INFO - Started process (PID=414) to work on /home/airflow/.local/lib/python3.12/site-packages/airflow/example_dags/example_kubernetes_executor.py
[2026-08-24T14:37:59.267+0000] {processor.py:830} INFO - Processing file /home/airflow/.local/lib/python3.12/site-packages/airflow/example_dags/example_kubernetes_executor.py for tasks to queue
[2026-08-24T14:37:59.270+0000] {logging_mixin.py:188} INFO - [2026-08-24T14:37:59.270+0000] {dagbag.py:545} INFO - Filling up the DagBag from /home/airflow/.local/lib/python3.12/site-packages/airflow/example_dags/example_kubernetes_executor.py
[2026-08-24T14:37:59.289+0000] {processor.py:840} INFO - DAG(s) 'example_kubernetes_executor' retrieved from /home/airflow/.local/lib/python3.12/site-packages/airflow/example_dags/example_kubernetes_executor.py
[2026-08-24T14:37:59.338+0000] {logging_mixin.py:188} INFO - [2026-08-24T14:37:59.338+0000] {dag.py:3096} INFO - Sync 1 DAGs
[2026-08-24T14:37:59.355+0000] {logging_mixin.py:188} INFO - [2026-08-24T14:37:59.355+0000] {dag.py:3954} INFO - Setting next_dagrun for example_kubernetes_executor to None, run_after=None
[2026-08-24T14:37:59.381+0000] {processor.py:183} INFO - Processing /home/airflow/.local/lib/python3.12/site-packages/airflow/example_dags/example_kubernetes_executor.py took 0.124 seconds
[2026-08-24T14:38:29.583+0000] {processor.py:161} INFO - Started process (PID=475) to work on /home/airflow/.local/lib/python3.12/site-packages/airflow/example_dags/example_kubernetes_executor.py
[2026-08-24T14:38:29.584+0000] {processor.py:830} INFO - Processing file /home/airflow/.local/lib/python3.12/site-packages/airflow/example_dags/example_kubernetes_executor.py for tasks to queue
[2026-08-24T14:38:29.588+0000] {logging_mixin.py:188} INFO - [2026-08-24T14:38:29.587+0000] {dagbag.py:545} INFO - Filling up the DagBag from /home/airflow/.local/lib/python3.12/site-packages/airflow/example_dags/example_kubernetes_executor.py
[2026-08-24T14:38:29.605+0000] {processor.py:840} INFO - DAG(s) 'example_kubernetes_executor' retrieved from /home/airflow/.local/lib/python3.12/site-packages/airflow/example_dags/example_kubernetes_executor.py
[2026-08-24T14:38:29.652+0000] {logging_mixin.py:188} INFO - [2026-08-24T14:38:29.652+0000] {dag.py:3096} INFO - Sync 1 DAGs
[2026-08-24T14:38:29.688+0000] {logging_mixin.py:188} INFO - [2026-08-24T14:38:29.687+0000] {dag.py:3954} INFO - Setting next_dagrun for example_kubernetes_executor to None, run_after=None
[2026-08-24T14:38:29.751+0000] {processor.py:183} INFO - Processing /home/airflow/.local/lib/python3.12/site-packages/airflow/example_dags/example_kubernetes_executor.py took 0.176 seconds
[2026-08-24T14:39:00.148+0000] {processor.py:161} INFO - Started process (PID=541) to work on /home/airflow/.local/lib/python3.12/site-packages/airflow/example_dags/example_kubernetes_executor.py
[2026-08-24T14:39:00.149+0000] {processor.py:830} INFO - Processing file /home/airflow/.local/lib/python3.12/site-packages/airflow/example_dags/example_kubernetes_executor.py for tasks to queue
[2026-08-24T14:39:00.152+0000] {logging_mixin.py:188} INFO - [2026-08-24T14:39:00.151+0000] {dagbag.py:545} INFO - Filling up the DagBag from /home/airflow/.local/lib/python3.12/site-packages/airflow/example_dags/example_kubernetes_executor.py
[2026-08-24T14:39:00.173+0000] {processor.py:840} INFO - DAG(s) 'example_kubernetes_executor' retrieved from /home/airflow/.local/lib/python3.12/site-packages/airflow/example_dags/example_kubernetes_executor.py
[2026-08-24T14:39:00.231+0000] {logging_mixin.py:188} INFO - [2026-08-24T14:39:00.231+0000] {dag.py:3096} INFO - Sync 1 DAGs
[2026-08-24T14:39:00.251+0000] {logging_mixin.py:188} INFO - [2026-08-24T14:39:00.250+0000] {dag.py:3954} INFO - Setting next_dagrun for example_kubernetes_executor to None, run_after=None
[2026-08-24T14:39:00.283+0000] {processor.py:183} INFO - Processing /home/airflow/.local/lib/python3.12/site-packages/airflow/example_dags/example_kubernetes_executor.py took 0.144 seconds
[2026-08-24T14:41:18.318+0000] {processor.py:161} INFO - Started process (PID=120) to work on /home/airflow/.local/lib/python3.12/site-packages/airflow/example_dags/example_kubernetes_executor.py
[2026-08-24T14:41:18.320+0000] {processor.py:830} INFO - Processing file /home/airflow/.local/lib/python3.12/site-packages/airflow/example_dags/example_kubernetes_executor.py for tasks to queue
[2026-08-24T14:41:18.323+0000] {logging_mixin.py:188} INFO - [2026-08-24T14:41:18.323+0000] {dagbag.py:545} INFO - Filling up the DagBag from /home/airflow/.local/lib/python3.12/site-packages/airflow/example_dags/example_kubernetes_executor.py
[2026-08-24T14:41:18.351+0000] {processor.py:840} INFO - DAG(s) 'example_kubernetes_executor' retrieved from /home/airflow/.local/lib/python3.12/site-packages/airflow/example_dags/example_kubernetes_executor.py
[2026-08-24T14:41:18.578+0000] {logging_mixin.py:188} INFO - [2026-08-24T14:41:18.578+0000] {dag.py:3096} INFO - Sync 1 DAGs
[2026-08-24T14:41:18.600+0000] {logging_mixin.py:188} INFO - [2026-08-24T14:41:18.600+0000] {dag.py:3954} INFO - Setting next_dagrun for example_kubernetes_executor to None, run_after=None
[2026-08-24T14:41:18.636+0000] {processor.py:183} INFO - Processing /home/airflow/.local/lib/python3.12/site-packages/airflow/example_dags/example_kubernetes_executor.py took 0.328 seconds
[2026-08-24T14:41:49.453+0000] {processor.py:161} INFO - Started process (PID=180) to work on /home/airflow/.local/lib/python3.12/site-packages/airflow/example_dags/example_kubernetes_executor.py
[2026-08-24T14:41:49.454+0000] {processor.py:830} INFO - Processing file /home/airflow/.local/lib/python3.12/site-packages/airflow/example_dags/example_kubernetes_executor.py for tasks to queue
[2026-08-24T14:41:49.456+0000] {logging_mixin.py:188} INFO - [2026-08-24T14:41:49.456+0000] {dagbag.py:545} INFO - Filling up the DagBag from /home/airflow/.local/lib/python3.12/site-packages/airflow/example_dags/example_kubernetes_executor.py
[2026-08-24T14:41:49.473+0000] {processor.py:840} INFO - DAG(s) 'example_kubernetes_executor' retrieved from /home/airflow/.local/lib/python3.12/site-packages/airflow/example_dags/example_kubernetes_executor.py
[2026-08-24T14:41:49.518+0000] {logging_mixin.py:188} INFO - [2026-08-24T14:41:49.517+0000] {dag.py:3096} INFO - Sync 1 DAGs
[2026-08-24T14:41:49.541+0000] {logging_mixin.py:188} INFO - [2026-08-24T14:41:49.541+0000] {dag.py:3954} INFO - Setting next_dagrun for example_kubernetes_executor to None, run_after=None
[2026-08-24T14:41:49.575+0000] {processor.py:183} INFO - Processing /home/airflow/.local/lib/python3.12/site-packages/airflow/example_dags/example_kubernetes_executor.py took 0.129 seconds
[2026-08-24T14:42:19.741+0000] {processor.py:161} INFO - Started process (PID=240) to work on /home/airflow/.local/lib/python3.12/site-packages/airflow/example_dags/example_kubernetes_executor.py
[2026-08-24T14:42:19.742+0000] {processor.py:830} INFO - Processing file /home/airflow/.local/lib/python3.12/site-packages/airflow/example_dags/example_kubernetes_executor.py for tasks to queue
[2026-08-24T14:42:19.745+0000] {logging_mixin.py:188} INFO - [2026-08-24T14:42:19.744+0000] {dagbag.py:545} INFO - Filling up the DagBag from /home/airflow/.local/lib/python3.12/site-packages/airflow/example_dags/example_kubernetes_executor.py
[2026-08-24T14:42:19.768+0000] {processor.py:840} INFO - DAG(s) 'example_kubernetes_executor' retrieved from /home/airflow/.local/lib/python3.12/site-packages/airflow/example_dags/example_kubernetes_executor.py
[2026-08-24T14:42:19.824+0000] {logging_mixin.py:188} INFO - [2026-08-24T14:42:19.824+0000] {dag.py:3096} INFO - Sync 1 DAGs
[2026-08-24T14:42:19.849+0000] {logging_mixin.py:188} INFO - [2026-08-24T14:42:19.848+0000] {dag.py:3954} INFO - Setting next_dagrun for example_kubernetes_executor to None, run_after=None
[2026-08-24T14:42:19.878+0000] {processor.py:183} INFO - Processing /home/airflow/.local/lib/python3.12/site-packages/airflow/example_dags/example_kubernetes_executor.py took 0.146 seconds
[2026-08-24T14:42:50.744+0000] {processor.py:161} INFO - Started process (PID=299) to work on /home/airflow/.local/lib/python3.12/site-packages/airflow/example_dags/example_kubernetes_executor.py
[2026-08-24T14:42:50.746+0000] {processor.py:830} INFO - Processing file /home/airflow/.local/lib/python3.12/site-packages/airflow/example_dags/example_kubernetes_executor.py for tasks to queue
[2026-08-24T14:42:50.748+0000] {logging_mixin.py:188} INFO - [2026-08-24T14:42:50.748+0000] {dagbag.py:545} INFO - Filling up the DagBag from /home/airflow/.local/lib/python3.12/site-packages/airflow/example_dags/example_kubernetes_executor.py
[2026-08-24T14:42:50.764+0000] {processor.py:840} INFO - DAG(s) 'example_kubernetes_executor' retrieved from /home/airflow/.local/lib/python3.12/site-packages/airflow/example_dags/example_kubernetes_executor.py
[2026-08-24T14:42:50.808+0000] {logging_mixin.py:188} INFO - [2026-08-24T14:42:50.808+0000] {dag.py:3096} INFO - Sync 1 DAGs
[2026-08-24T14:42:50.825+0000] {logging_mixin.py:188} INFO - [2026-08-24T14:42:50.824+0000] {dag.py:3954} INFO - Setting next_dagrun for example_kubernetes_executor to None, run_after=None
[2026-08-24T14:42:50.848+0000] {processor.py:183} INFO - Processing /home/airflow/.local/lib/python3.12/site-packages/airflow/example_dags/example_kubernetes_executor.py took 0.111 seconds
[2026-08-24T14:43:20.963+0000] {processor.py:161} INFO - Started process (PID=358) to work on /home/airflow/.local/lib/python3.12/site-packages/airflow/example_dags/example_kubernetes_executor.py
[2026-08-24T14:43:20.965+0000] {processor.py:830} INFO - Processing file /home/airflow/.local/lib/python3.12/site-packages/airflow/example_dags/example_kubernetes_executor.py for tasks to queue
[2026-08-24T14:43:20.968+0000] {logging_mixin.py:188} INFO - [2026-08-24T14:43:20.967+0000] {dagbag.py:545} INFO - Filling up the DagBag from /home/airflow/.local/lib/python3.12/site-packages/airflow/example_dags/example_kubernetes_executor.py
[2026-08-24T14:43:20.988+0000] {processor.py:840} INFO - DAG(s) 'example_kubernetes_executor' retrieved from /home/airflow/.local/lib/python3.12/site-packages/airflow/example_dags/example_kubernetes_executor.py
[2026-08-24T14:43:21.039+0000] {logging_mixin.py:188} INFO - [2026-08-24T14:43:21.039+0000] {dag.py:3096} INFO - Sync 1 DAGs
[2026-08-24T14:43:21.058+0000] {logging_mixin.py:188} INFO - [2026-08-24T14:43:21.058+0000] {dag.py:3954} INFO - Setting next_dagrun for example_kubernetes_executor to None, run_after=None
[2026-08-24T14:43:21.085+0000] {processor.py:183} INFO - Processing /home/airflow/.local/lib/python3.12/site-packages/airflow/example_dags/example_kubernetes_executor.py took 0.132 seconds
[2026-08-24T14:43:51.314+0000] {processor.py:161} INFO - Started process (PID=418) to work on /home/airflow/.local/lib/python3.12/site-packages/airflow/example_dags/example_kubernetes_executor.py
[2026-08-24T14:43:51.315+0000] {processor.py:830} INFO - Processing file /home/airflow/.local/lib/python3.12/site-packages/airflow/example_dags/example_kubernetes_executor.py for tasks to queue
[2026-08-24T14:43:51.318+0000] {logging_mixin.py:188} INFO - [2026-08-24T14:43:51.317+0000] {dagbag.py:545} INFO - Filling up the DagBag from /home/airflow/.local/lib/python3.12/site-packages/airflow/example_dags/example_kubernetes_executor.py
[2026-08-24T14:43:51.333+0000] {processor.py:840} INFO - DAG(s) 'example_kubernetes_executor' retrieved from /home/airflow/.local/lib/python3.12/site-packages/airflow/example_dags/example_kubernetes_executor.py
[2026-08-24T14:43:51.377+0000] {logging_mixin.py:188} INFO - [2026-08-24T14:43:51.377+0000] {dag.py:3096} INFO - Sync 1 DAGs
[2026-08-24T14:43:51.393+0000] {logging_mixin.py:188} INFO - [2026-08-24T14:43:51.393+0000] {dag.py:3954} INFO - Setting next_dagrun for example_kubernetes_executor to None, run_after=None
[2026-08-24T14:43:51.418+0000] {processor.py:183} INFO - Processing /home/airflow/.local/lib/python3.12/site-packages/airflow/example_dags/example_kubernetes_executor.py took 0.111 seconds
[2026-08-24T14:44:21.901+0000] {processor.py:161} INFO - Started process (PID=478) to work on /home/airflow/.local/lib/python3.12/site-packages/airflow/example_dags/example_kubernetes_executor.py
[2026-08-24T14:44:21.902+0000] {processor.py:830} INFO - Processing file /home/airflow/.local/lib/python3.12/site-packages/airflow/example_dags/example_kubernetes_executor.py for tasks to queue
[2026-08-24T14:44:21.905+0000] {logging_mixin.py:188} INFO - [2026-08-24T14:44:21.904+0000] {dagbag.py:545} INFO - Filling up the DagBag from /home/airflow/.local/lib/python3.12/site-packages/airflow/example_dags/example_kubernetes_executor.py
[2026-08-24T14:44:21.925+0000] {processor.py:840} INFO - DAG(s) 'example_kubernetes_executor' retrieved from /home/airflow/.local/lib/python3.12/site-packages/airflow/example_dags/example_kubernetes_executor.py
[2026-08-24T14:44:21.980+0000] {logging_mixin.py:188} INFO - [2026-08-24T14:44:21.979+0000] {dag.py:3096} INFO - Sync 1 DAGs
[2026-08-24T14:44:22.001+0000] {logging_mixin.py:188} INFO - [2026-08-24T14:44:22.000+0000] {dag.py:3954} INFO - Setting next_dagrun for example_kubernetes_executor to None, run_after=None
[2026-08-24T14:44:22.033+0000] {processor.py:183} INFO - Processing /home/airflow/.local/lib/python3.12/site-packages/airflow/example_dags/example_kubernetes_executor.py took 0.141 seconds
[2026-08-24T14:44:52.647+0000] {processor.py:161} INFO - Started process (PID=538) to work on /home/airflow/.local/lib/python3.12/site-packages/airflow/example_dags/example_kubernetes_executor.py
[2026-08-24T14:44:52.649+0000] {processor.py:830} INFO - Processing file /home/airflow/.local/lib/python3.12/site-packages/airflow/example_dags/example_kubernetes_executor.py for tasks to queue
[2026-08-24T14:44:52.654+0000] {logging_mixin.py:188} INFO - [2026-08-24T14:44:52.653+0000] {dagbag.py:545} INFO - Filling up the DagBag from /home/airflow/.local/lib/python3.12/site-packages/airflow/example_dags/example_kubernetes_executor.py
[2026-08-24T14:44:52.684+0000] {processor.py:840} INFO - DAG(s) 'example_kubernetes_executor' retrieved from /home/airflow/.local/lib/python3.12/site-packages/airflow/example_dags/example_kubernetes_executor.py
[2026-08-24T14:44:52.766+0000] {logging_mixin.py:188} INFO - [2026-08-24T14:44:52.765+0000] {dag.py:3096} INFO - Sync 1 DAGs
[2026-08-24T14:44:52.785+0000] {logging_mixin.py:188} INFO - [2026-08-24T14:44:52.785+0000] {dag.py:3954} INFO - Setting next_dagrun for example_kubernetes_executor to None, run_after=None
[2026-08-24T14:44:52.815+0000] {processor.py:183} INFO - Processing /home/airflow/.local/lib/python3.12/site-packages/airflow/example_dags/example_kubernetes_executor.py took 0.179 seconds
[2026-08-24T14:49:20.582+0000] {processor.py:161} INFO - Started process (PID=119) to work on /home/airflow/.local/lib/python3.12/site-packages/airflow/example_dags/example_kubernetes_executor.py
[2026-08-24T14:49:20.583+0000] {processor.py:830} INFO - Processing file /home/airflow/.local/lib/python3.12/site-packages/airflow/example_dags/example_kubernetes_executor.py for tasks to queue
[2026-08-24T14:49:20.587+0000] {logging_mixin.py:188} INFO - [2026-08-24T14:49:20.587+0000] {dagbag.py:545} INFO - Filling up the DagBag from /home/airflow/.local/lib/python3.12/site-packages/airflow/example_dags/example_kubernetes_executor.py
[2026-08-24T14:49:20.613+0000] {processor.py:840} INFO - DAG(s) 'example_kubernetes_executor' retrieved from /home/airflow/.local/lib/python3.12/site-packages/airflow/example_dags/example_kubernetes_executor.py
[2026-08-24T14:49:20.792+0000] {logging_mixin.py:188} INFO - [2026-08-24T14:49:20.792+0000] {dag.py:3096} INFO - Sync 1 DAGs
[2026-08-24T14:49:20.808+0000] {logging_mixin.py:188} INFO - [2026-08-24T14:49:20.808+0000] {dag.py:3954} INFO - Setting next_dagrun for example_kubernetes_executor to None, run_after=None
[2026-08-24T14:49:20.840+0000] {processor.py:183} INFO - Processing /home/airflow/.local/lib/python3.12/site-packages/airflow/example_dags/example_kubernetes_executor.py took 0.270 seconds
[2026-08-24T14:50:16.030+0000] {processor.py:161} INFO - Started process (PID=99) to work on /home/airflow/.local/lib/python3.12/site-packages/airflow/example_dags/example_kubernetes_executor.py
[2026-08-24T14:50:16.031+0000] {processor.py:830} INFO - Processing file /home/airflow/.local/lib/python3.12/site-packages/airflow/example_dags/example_kubernetes_executor.py for tasks to queue
[2026-08-24T14:50:16.034+0000] {logging_mixin.py:188} INFO - [2026-08-24T14:50:16.033+0000] {dagbag.py:545} INFO - Filling up the DagBag from /home/airflow/.local/lib/python3.12/site-packages/airflow/example_dags/example_kubernetes_executor.py
[2026-08-24T14:50:16.053+0000] {processor.py:840} INFO - DAG(s) 'example_kubernetes_executor' retrieved from /home/airflow/.local/lib/python3.12/site-packages/airflow/example_dags/example_kubernetes_executor.py
[2026-08-24T14:50:16.097+0000] {logging_mixin.py:188} INFO - [2026-08-24T14:50:16.097+0000] {dag.py:3096} INFO - Sync 1 DAGs
[2026-08-24T14:50:16.114+0000] {logging_mixin.py:188} INFO - [2026-08-24T14:50:16.114+0000] {dag.py:3954} INFO - Setting next_dagrun for example_kubernetes_executor to None, run_after=None
[2026-08-24T14:50:16.143+0000] {processor.py:183} INFO - Processing /home/airflow/.local/lib/python3.12/site-packages/airflow/example_dags/example_kubernetes_executor.py took 0.120 seconds
[2026-08-24T14:50:47.175+0000] {processor.py:161} INFO - Started process (PID=159) to work on /home/airflow/.local/lib/python3.12/site-packages/airflow/example_dags/example_kubernetes_executor.py
[2026-08-24T14:50:47.176+0000] {processor.py:830} INFO - Processing file /home/airflow/.local/lib/python3.12/site-packages/airflow/example_dags/example_kubernetes_executor.py for tasks to queue
[2026-08-24T14:50:47.179+0000] {logging_mixin.py:188} INFO - [2026-08-24T14:50:47.178+0000] {dagbag.py:545} INFO - Filling up the DagBag from /home/airflow/.local/lib/python3.12/site-packages/airflow/example_dags/example_kubernetes_executor.py
[2026-08-24T14:50:47.196+0000] {processor.py:840} INFO - DAG(s) 'example_kubernetes_executor' retrieved from /home/airflow/.local/lib/python3.12/site-packages/airflow/example_dags/example_kubernetes_executor.py
[2026-08-24T14:50:47.243+0000] {logging_mixin.py:188} INFO - [2026-08-24T14:50:47.243+0000] {dag.py:3096} INFO - Sync 1 DAGs
[2026-08-24T14:50:47.263+0000] {logging_mixin.py:188} INFO - [2026-08-24T14:50:47.263+0000] {dag.py:3954} INFO - Setting next_dagrun for example_kubernetes_executor to None, run_after=None
[2026-08-24T14:50:47.295+0000] {processor.py:183} INFO - Processing /home/airflow/.local/lib/python3.12/site-packages/airflow/example_dags/example_kubernetes_executor.py took 0.127 seconds
[2026-08-24T14:51:18.247+0000] {processor.py:161} INFO - Started process (PID=219) to work on /home/airflow/.local/lib/python3.12/site-packages/airflow/example_dags/example_kubernetes_executor.py
[2026-08-24T14:51:18.249+0000] {processor.py:830} INFO - Processing file /home/airflow/.local/lib/python3.12/site-packages/airflow/example_dags/example_kubernetes_executor.py for tasks to queue
[2026-08-24T14:51:18.251+0000] {logging_mixin.py:188} INFO - [2026-08-24T14:51:18.251+0000] {dagbag.py:545} INFO - Filling up the DagBag from /home/airflow/.local/lib/python3.12/site-packages/airflow/example_dags/example_kubernetes_executor.py
[2026-08-24T14:51:18.268+0000] {processor.py:840} INFO - DAG(s) 'example_kubernetes_executor' retrieved from /home/airflow/.local/lib/python3.12/site-packages/airflow/example_dags/example_kubernetes_executor.py
[2026-08-24T14:51:18.314+0000] {logging_mixin.py:188} INFO - [2026-08-24T14:51:18.314+0000] {dag.py:3096} INFO - Sync 1 DAGs
[2026-08-24T14:51:18.332+0000] {logging_mixin.py:188} INFO - [2026-08-24T14:51:18.332+0000] {dag.py:3954} INFO - Setting next_dagrun for example_kubernetes_executor to None, run_after=None
[2026-08-24T14:51:18.360+0000] {processor.py:183} INFO - Processing /home/airflow/.local/lib/python3.12/site-packages/airflow/example_dags/example_kubernetes_executor.py took 0.120 seconds
[2026-08-24T14:51:49.343+0000] {processor.py:161} INFO - Started process (PID=279) to work on /home/airflow/.local/lib/python3.12/site-packages/airflow/example_dags/example_kubernetes_executor.py
[2026-08-24T14:51:49.345+0000] {processor.py:830} INFO - Processing file /home/airflow/.local/lib/python3.12/site-packages/airflow/example_dags/example_kubernetes_executor.py for tasks to queue
[2026-08-24T14:51:49.349+0000] {logging_mixin.py:188} INFO - [2026-08-24T14:51:49.349+0000] {dagbag.py:545} INFO - Filling up the DagBag from /home/airflow/.local/lib/python3.12/site-packages/airflow/example_dags/example_kubernetes_executor.py
[2026-08-24T14:51:49.374+0000] {processor.py:840} INFO - DAG(s) 'example_kubernetes_executor' retrieved from /home/airflow/.local/lib/python3.12/site-packages/airflow/example_dags/example_kubernetes_executor.py
[2026-08-24T14:51:49.445+0000] {logging_mixin.py:188} INFO - [2026-08-24T14:51:49.444+0000] {dag.py:3096} INFO - Sync 1 DAGs
[2026-08-24T14:51:49.469+0000] {logging_mixin.py:188} INFO - [2026-08-24T14:51:49.469+0000] {dag.py:3954} INFO - Setting next_dagrun for example_kubernetes_executor to None, run_after=None
[2026-08-24T14:51:49.516+0000] {processor.py:183} INFO - Processing /home/airflow/.local/lib/python3.12/site-packages/airflow/example_dags/example_kubernetes_executor.py took 0.185 seconds
[2026-08-24T14:52:20.279+0000] {processor.py:161} INFO - Started process (PID=338) to work on /home/airflow/.local/lib/python3.12/site-packages/airflow/example_dags/example_kubernetes_executor.py
[2026-08-24T14:52:20.281+0000] {processor.py:830} INFO - Processing file /home/airflow/.local/lib/python3.12/site-packages/airflow/example_dags/example_kubernetes_executor.py for tasks to queue
[2026-08-24T14:52:20.283+0000] {logging_mixin.py:188} INFO - [2026-08-24T14:52:20.283+0000] {dagbag.py:545} INFO - Filling up the DagBag from /home/airflow/.local/lib/python3.12/site-packages/airflow/example_dags/example_kubernetes_executor.py
[2026-08-24T14:52:20.307+0000] {processor.py:840} INFO - DAG(s) 'example_kubernetes_executor' retrieved from /home/airflow/.local/lib/python3.12/site-packages/airflow/example_dags/example_kubernetes_executor.py
[2026-08-24T14:52:20.363+0000] {logging_mixin.py:188} INFO - [2026-08-24T14:52:20.362+0000] {dag.py:3096} INFO - Sync 1 DAGs
[2026-08-24T14:52:20.383+0000] {logging_mixin.py:188} INFO - [2026-08-24T14:52:20.383+0000] {dag.py:3954} INFO - Setting next_dagrun for example_kubernetes_executor to None, run_after=None
[2026-08-24T14:52:20.421+0000] {processor.py:183} INFO - Processing /home/airflow/.local/lib/python3.12/site-packages/airflow/example_dags/example_kubernetes_executor.py took 0.153 seconds
[2026-08-24T14:52:51.213+0000] {processor.py:161} INFO - Started process (PID=398) to work on /home/airflow/.local/lib/python3.12/site-packages/airflow/example_dags/example_kubernetes_executor.py
[2026-08-24T14:52:51.214+0000] {processor.py:830} INFO - Processing file /home/airflow/.local/lib/python3.12/site-packages/airflow/example_dags/example_kubernetes_executor.py for tasks to queue
[2026-08-24T14:52:51.217+0000] {logging_mixin.py:188} INFO - [2026-08-24T14:52:51.217+0000] {dagbag.py:545} INFO - Filling up the DagBag from /home/airflow/.local/lib/python3.12/site-packages/airflow/example_dags/example_kubernetes_executor.py
[2026-08-24T14:52:51.234+0000] {processor.py:840} INFO - DAG(s) 'example_kubernetes_executor' retrieved from /home/airflow/.local/lib/python3.12/site-packages/airflow/example_dags/example_kubernetes_executor.py
[2026-08-24T14:52:51.279+0000] {logging_mixin.py:188} INFO - [2026-08-24T14:52:51.278+0000] {dag.py:3096} INFO - Sync 1 DAGs
[2026-08-24T14:52:51.299+0000] {logging_mixin.py:188} INFO - [2026-08-24T14:52:51.299+0000] {dag.py:3954} INFO - Setting next_dagrun for example_kubernetes_executor to None, run_after=None
[2026-08-24T14:52:51.324+0000] {processor.py:183} INFO - Processing /home/airflow/.local/lib/python3.12/site-packages/airflow/example_dags/example_kubernetes_executor.py took 0.119 seconds
[2026-08-24T14:53:21.759+0000] {processor.py:161} INFO - Started process (PID=457) to work on /home/airflow/.local/lib/python3.12/site-packages/airflow/example_dags/example_kubernetes_executor.py
[2026-08-24T14:53:21.760+0000] {processor.py:830} INFO - Processing file /home/airflow/.local/lib/python3.12/site-packages/airflow/example_dags/example_kubernetes_executor.py for tasks to queue
[2026-08-24T14:53:21.763+0000] {logging_mixin.py:188} INFO - [2026-08-24T14:53:21.762+0000] {dagbag.py:545} INFO - Filling up the DagBag from /home/airflow/.local/lib/python3.12/site-packages/airflow/example_dags/example_kubernetes_executor.py
[2026-08-24T14:53:21.782+0000] {processor.py:840} INFO - DAG(s) 'example_kubernetes_executor' retrieved from /home/airflow/.local/lib/python3.12/site-packages/airflow/example_dags/example_kubernetes_executor.py
[2026-08-24T14:53:21.829+0000] {logging_mixin.py:188} INFO - [2026-08-24T14:53:21.828+0000] {dag.py:3096} INFO - Sync 1 DAGs
[2026-08-24T14:53:21.852+0000] {logging_mixin.py:188} INFO - [2026-08-24T14:53:21.851+0000] {dag.py:3954} INFO - Setting next_dagrun for example_kubernetes_executor to None, run_after=None
[2026-08-24T14:53:21.878+0000] {processor.py:183} INFO - Processing /home/airflow/.local/lib/python3.12/site-packages/airflow/example_dags/example_kubernetes_executor.py took 0.129 seconds
[2026-08-24T14:53:52.058+0000] {processor.py:161} INFO - Started process (PID=517) to work on /home/airflow/.local/lib/python3.12/site-packages/airflow/example_dags/example_kubernetes_executor.py
[2026-08-24T14:53:52.060+0000] {processor.py:830} INFO - Processing file /home/airflow/.local/lib/python3.12/site-packages/airflow/example_dags/example_kubernetes_executor.py for tasks to queue
[2026-08-24T14:53:52.062+0000] {logging_mixin.py:188} INFO - [2026-08-24T14:53:52.061+0000] {dagbag.py:545} INFO - Filling up the DagBag from /home/airflow/.local/lib/python3.12/site-packages/airflow/example_dags/example_kubernetes_executor.py
[2026-08-24T14:53:52.077+0000] {processor.py:840} INFO - DAG(s) 'example_kubernetes_executor' retrieved from /home/airflow/.local/lib/python3.12/site-packages/airflow/example_dags/example_kubernetes_executor.py
[2026-08-24T14:53:52.120+0000] {logging_mixin.py:188} INFO - [2026-08-24T14:53:52.120+0000] {dag.py:3096} INFO - Sync 1 DAGs
[2026-08-24T14:53:52.135+0000] {logging_mixin.py:188} INFO - [2026-08-24T14:53:52.135+0000] {dag.py:3954} INFO - Setting next_dagrun for example_kubernetes_executor to None, run_after=None
[2026-08-24T14:53:52.159+0000] {processor.py:183} INFO - Processing /home/airflow/.local/lib/python3.12/site-packages/airflow/example_dags/example_kubernetes_executor.py took 0.108 seconds
[2026-08-24T14:54:22.387+0000] {processor.py:161} INFO - Started process (PID=577) to work on /home/airflow/.local/lib/python3.12/site-packages/airflow/example_dags/example_kubernetes_executor.py
[2026-08-24T14:54:22.388+0000] {processor.py:830} INFO - Processing file /home/airflow/.local/lib/python3.12/site-packages/airflow/example_dags/example_kubernetes_executor.py for tasks to queue
[2026-08-24T14:54:22.390+0000] {logging_mixin.py:188} INFO - [2026-08-24T14:54:22.390+0000] {dagbag.py:545} INFO - Filling up the DagBag from /home/airflow/.local/lib/python3.12/site-packages/airflow/example_dags/example_kubernetes_executor.py
[2026-08-24T14:54:22.404+0000] {processor.py:840} INFO - DAG(s) 'example_kubernetes_executor' retrieved from /home/airflow/.local/lib/python3.12/site-packages/airflow/example_dags/example_kubernetes_executor.py
[2026-08-24T14:54:22.450+0000] {logging_mixin.py:188} INFO - [2026-08-24T14:54:22.449+0000] {dag.py:3096} INFO - Sync 1 DAGs
[2026-08-24T14:54:22.469+0000] {logging_mixin.py:188} INFO - [2026-08-24T14:54:22.468+0000] {dag.py:3954} INFO - Setting next_dagrun for example_kubernetes_executor to None, run_after=None
[2026-08-24T14:54:22.495+0000] {processor.py:183} INFO - Processing /home/airflow/.local/lib/python3.12/site-packages/airflow/example_dags/example_kubernetes_executor.py took 0.115 seconds
[2026-08-24T14:54:52.580+0000] {processor.py:161} INFO - Started process (PID=637) to work on /home/airflow/.local/lib/python3.12/site-packages/airflow/example_dags/example_kubernetes_executor.py
[2026-08-24T14:54:52.582+0000] {processor.py:830} INFO - Processing file /home/airflow/.local/lib/python3.12/site-packages/airflow/example_dags/example_kubernetes_executor.py for tasks to queue
[2026-08-24T14:54:52.584+0000] {logging_mixin.py:188} INFO - [2026-08-24T14:54:52.583+0000] {dagbag.py:545} INFO - Filling up the DagBag from /home/airflow/.local/lib/python3.12/site-packages/airflow/example_dags/example_kubernetes_executor.py
[2026-08-24T14:54:52.601+0000] {processor.py:840} INFO - DAG(s) 'example_kubernetes_executor' retrieved from /home/airflow/.local/lib/python3.12/site-packages/airflow/example_dags/example_kubernetes_executor.py
[2026-08-24T14:54:52.647+0000] {logging_mixin.py:188} INFO - [2026-08-24T14:54:52.646+0000] {dag.py:3096} INFO - Sync 1 DAGs
[2026-08-24T14:54:52.665+0000] {logging_mixin.py:188} INFO - [2026-08-24T14:54:52.664+0000] {dag.py:3954} INFO - Setting next_dagrun for example_kubernetes_executor to None, run_after=None
[2026-08-24T14:54:52.690+0000] {processor.py:183} INFO - Processing /home/airflow/.local/lib/python3.12/site-packages/airflow/example_dags/example_kubernetes_executor.py took 0.117 seconds
[2026-08-24T14:55:23.083+0000] {processor.py:161} INFO - Started process (PID=697) to work on /home/airflow/.local/lib/python3.12/site-packages/airflow/example_dags/example_kubernetes_executor.py
[2026-08-24T14:55:23.084+0000] {processor.py:830} INFO - Processing file /home/airflow/.local/lib/python3.12/site-packages/airflow/example_dags/example_kubernetes_executor.py for tasks to queue
[2026-08-24T14:55:23.087+0000] {logging_mixin.py:188} INFO - [2026-08-24T14:55:23.086+0000] {dagbag.py:545} INFO - Filling up the DagBag from /home/airflow/.local/lib/python3.12/site-packages/airflow/example_dags/example_kubernetes_executor.py
[2026-08-24T14:55:23.101+0000] {processor.py:840} INFO - DAG(s) 'example_kubernetes_executor' retrieved from /home/airflow/.local/lib/python3.12/site-packages/airflow/example_dags/example_kubernetes_executor.py
[2026-08-24T14:55:23.146+0000] {logging_mixin.py:188} INFO - [2026-08-24T14:55:23.146+0000] {dag.py:3096} INFO - Sync 1 DAGs
[2026-08-24T14:55:23.164+0000] {logging_mixin.py:188} INFO - [2026-08-24T14:55:23.164+0000] {dag.py:3954} INFO - Setting next_dagrun for example_kubernetes_executor to None, run_after=None
[2026-08-24T14:55:23.192+0000] {processor.py:183} INFO - Processing /home/airflow/.local/lib/python3.12/site-packages/airflow/example_dags/example_kubernetes_executor.py took 0.117 seconds
[2026-08-24T14:55:53.615+0000] {processor.py:161} INFO - Started process (PID=757) to work on /home/airflow/.local/lib/python3.12/site-packages/airflow/example_dags/example_kubernetes_executor.py
[2026-08-24T14:55:53.617+0000] {processor.py:830} INFO - Processing file /home/airflow/.local/lib/python3.12/site-packages/airflow/example_dags/example_kubernetes_executor.py for tasks to queue
[2026-08-24T14:55:53.619+0000] {logging_mixin.py:188} INFO - [2026-08-24T14:55:53.619+0000] {dagbag.py:545} INFO - Filling up the DagBag from /home/airflow/.local/lib/python3.12/site-packages/airflow/example_dags/example_kubernetes_executor.py
[2026-08-24T14:55:53.636+0000] {processor.py:840} INFO - DAG(s) 'example_kubernetes_executor' retrieved from /home/airflow/.local/lib/python3.12/site-packages/airflow/example_dags/example_kubernetes_executor.py
[2026-08-24T14:55:53.684+0000] {logging_mixin.py:188} INFO - [2026-08-24T14:55:53.684+0000] {dag.py:3096} INFO - Sync 1 DAGs
[2026-08-24T14:55:53.703+0000] {logging_mixin.py:188} INFO - [2026-08-24T14:55:53.703+0000] {dag.py:3954} INFO - Setting next_dagrun for example_kubernetes_executor to None, run_after=None
[2026-08-24T14:55:53.837+0000] {processor.py:183} INFO - Processing /home/airflow/.local/lib/python3.12/site-packages/airflow/example_dags/example_kubernetes_executor.py took 0.230 seconds
