[2026-08-24T13:51:01.982+0000] {processor.py:161} INFO - Started process (PID=101) to work on /home/airflow/.local/lib/python3.12/site-packages/airflow/example_dags/example_external_task_marker_dag.py
[2026-08-24T13:51:01.984+0000] {processor.py:830} INFO - Processing file /home/airflow/.local/lib/python3.12/site-packages/airflow/example_dags/example_external_task_marker_dag.py for tasks to queue
[2026-08-24T13:51:01.987+0000] {logging_mixin.py:188} INFO - [2026-08-24T13:51:01.987+0000] {dagbag.py:545} INFO - Filling up the DagBag from /home/airflow/.local/lib/python3.12/site-packages/airflow/example_dags/example_external_task_marker_dag.py
[2026-08-24T13:51:02.006+0000] {processor.py:840} INFO - DAG(s) 'example_external_task_marker_child', 'example_external_task_marker_parent' retrieved from /home/airflow/.local/lib/python3.12/site-packages/airflow/example_dags/example_external_task_marker_dag.py
[2026-08-24T13:51:02.185+0000] {logging_mixin.py:188} INFO - [2026-08-24T13:51:02.185+0000] {dag.py:3096} INFO - Sync 2 DAGs
[2026-08-24T13:51:02.203+0000] {logging_mixin.py:188} INFO - [2026-08-24T13:51:02.203+0000] {dag.py:3954} INFO - Setting next_dagrun for example_external_task_marker_child to None, run_after=None
[2026-08-24T13:51:02.208+0000] {logging_mixin.py:188} INFO - [2026-08-24T13:51:02.207+0000] {dag.py:3954} INFO - Setting next_dagrun for example_external_task_marker_parent to None, run_after=None
[2026-08-24T13:51:02.238+0000] {processor.py:183} INFO - Processing /home/airflow/.local/lib/python3.12/site-packages/airflow/example_dags/example_external_task_marker_dag.py took 0.266 seconds
[2026-08-24T13:51:43.086+0000] {processor.py:161} INFO - Started process (PID=82) to work on /home/airflow/.local/lib/python3.12/site-packages/airflow/example_dags/example_external_task_marker_dag.py
[2026-08-24T13:51:43.087+0000] {processor.py:830} INFO - Processing file /home/airflow/.local/lib/python3.12/site-packages/airflow/example_dags/example_external_task_marker_dag.py for tasks to queue
[2026-08-24T13:51:43.091+0000] {logging_mixin.py:188} INFO - [2026-08-24T13:51:43.090+0000] {dagbag.py:545} INFO - Filling up the DagBag from /home/airflow/.local/lib/python3.12/site-packages/airflow/example_dags/example_external_task_marker_dag.py
[2026-08-24T13:51:43.102+0000] {processor.py:840} INFO - DAG(s) 'example_external_task_marker_parent', 'example_external_task_marker_child' retrieved from /home/airflow/.local/lib/python3.12/site-packages/airflow/example_dags/example_external_task_marker_dag.py
[2026-08-24T13:51:43.132+0000] {logging_mixin.py:188} INFO - [2026-08-24T13:51:43.132+0000] {dag.py:3096} INFO - Sync 2 DAGs
[2026-08-24T13:51:43.148+0000] {logging_mixin.py:188} INFO - [2026-08-24T13:51:43.148+0000] {dag.py:3954} INFO - Setting next_dagrun for example_external_task_marker_child to None, run_after=None
[2026-08-24T13:51:43.153+0000] {logging_mixin.py:188} INFO - [2026-08-24T13:51:43.152+0000] {dag.py:3954} INFO - Setting next_dagrun for example_external_task_marker_parent to None, run_after=None
[2026-08-24T13:51:43.171+0000] {processor.py:183} INFO - Processing /home/airflow/.local/lib/python3.12/site-packages/airflow/example_dags/example_external_task_marker_dag.py took 0.092 seconds
[2026-08-24T13:52:13.663+0000] {processor.py:161} INFO - Started process (PID=141) to work on /home/airflow/.local/lib/python3.12/site-packages/airflow/example_dags/example_external_task_marker_dag.py
[2026-08-24T13:52:13.664+0000] {processor.py:830} INFO - Processing file /home/airflow/.local/lib/python3.12/site-packages/airflow/example_dags/example_external_task_marker_dag.py for tasks to queue
[2026-08-24T13:52:13.667+0000] {logging_mixin.py:188} INFO - [2026-08-24T13:52:13.666+0000] {dagbag.py:545} INFO - Filling up the DagBag from /home/airflow/.local/lib/python3.12/site-packages/airflow/example_dags/example_external_task_marker_dag.py
[2026-08-24T13:52:13.675+0000] {processor.py:840} INFO - DAG(s) 'example_external_task_marker_parent', 'example_external_task_marker_child' retrieved from /home/airflow/.local/lib/python3.12/site-packages/airflow/example_dags/example_external_task_marker_dag.py
[2026-08-24T13:52:13.716+0000] {logging_mixin.py:188} INFO - [2026-08-24T13:52:13.715+0000] {dag.py:3096} INFO - Sync 2 DAGs
[2026-08-24T13:52:13.734+0000] {logging_mixin.py:188} INFO - [2026-08-24T13:52:13.733+0000] {dag.py:3954} INFO - Setting next_dagrun for example_external_task_marker_child to None, run_after=None
[2026-08-24T13:52:13.740+0000] {logging_mixin.py:188} INFO - [2026-08-24T13:52:13.740+0000] {dag.py:3954} INFO - Setting next_dagrun for example_external_task_marker_parent to None, run_after=None
[2026-08-24T13:52:13.762+0000] {processor.py:183} INFO - Processing /home/airflow/.local/lib/python3.12/site-packages/airflow/example_dags/example_external_task_marker_dag.py took 0.107 seconds
[2026-08-24T13:52:44.040+0000] {processor.py:161} INFO - Started process (PID=200) to work on /home/airflow/.local/lib/python3.12/site-packages/airflow/example_dags/example_external_task_marker_dag.py
[2026-08-24T13:52:44.041+0000] {processor.py:830} INFO - Processing file /home/airflow/.local/lib/python3.12/site-packages/airflow/example_dags/example_external_task_marker_dag.py for tasks to queue
[2026-08-24T13:52:44.044+0000] {logging_mixin.py:188} INFO - [2026-08-24T13:52:44.044+0000] {dagbag.py:545} INFO - Filling up the DagBag from /home/airflow/.local/lib/python3.12/site-packages/airflow/example_dags/example_external_task_marker_dag.py
[2026-08-24T13:52:44.052+0000] {processor.py:840} INFO - DAG(s) 'example_external_task_marker_parent', 'example_external_task_marker_child' retrieved from /home/airflow/.local/lib/python3.12/site-packages/airflow/example_dags/example_external_task_marker_dag.py
[2026-08-24T13:52:44.079+0000] {logging_mixin.py:188} INFO - [2026-08-24T13:52:44.079+0000] {dag.py:3096} INFO - Sync 2 DAGs
[2026-08-24T13:52:44.096+0000] {logging_mixin.py:188} INFO - [2026-08-24T13:52:44.095+0000] {dag.py:3954} INFO - Setting next_dagrun for example_external_task_marker_child to None, run_after=None
[2026-08-24T13:52:44.101+0000] {logging_mixin.py:188} INFO - [2026-08-24T13:52:44.100+0000] {dag.py:3954} INFO - Setting next_dagrun for example_external_task_marker_parent to None, run_after=None
[2026-08-24T13:52:44.119+0000] {processor.py:183} INFO - Processing /home/airflow/.local/lib/python3.12/site-packages/airflow/example_dags/example_external_task_marker_dag.py took 0.087 seconds
[2026-08-24T13:53:14.275+0000] {processor.py:161} INFO - Started process (PID=259) to work on /home/airflow/.local/lib/python3.12/site-packages/airflow/example_dags/example_external_task_marker_dag.py
[2026-08-24T13:53:14.276+0000] {processor.py:830} INFO - Processing file /home/airflow/.local/lib/python3.12/site-packages/airflow/example_dags/example_external_task_marker_dag.py for tasks to queue
[2026-08-24T13:53:14.278+0000] {logging_mixin.py:188} INFO - [2026-08-24T13:53:14.278+0000] {dagbag.py:545} INFO - Filling up the DagBag from /home/airflow/.local/lib/python3.12/site-packages/airflow/example_dags/example_external_task_marker_dag.py
[2026-08-24T13:53:14.286+0000] {processor.py:840} INFO - DAG(s) 'example_external_task_marker_parent', 'example_external_task_marker_child' retrieved from /home/airflow/.local/lib/python3.12/site-packages/airflow/example_dags/example_external_task_marker_dag.py
[2026-08-24T13:53:14.313+0000] {logging_mixin.py:188} INFO - [2026-08-24T13:53:14.313+0000] {dag.py:3096} INFO - Sync 2 DAGs
[2026-08-24T13:53:14.331+0000] {logging_mixin.py:188} INFO - [2026-08-24T13:53:14.331+0000] {dag.py:3954} INFO - Setting next_dagrun for example_external_task_marker_child to None, run_after=None
[2026-08-24T13:53:14.336+0000] {logging_mixin.py:188} INFO - [2026-08-24T13:53:14.336+0000] {dag.py:3954} INFO - Setting next_dagrun for example_external_task_marker_parent to None, run_after=None
[2026-08-24T13:53:14.358+0000] {processor.py:183} INFO - Processing /home/airflow/.local/lib/python3.12/site-packages/airflow/example_dags/example_external_task_marker_dag.py took 0.091 seconds
[2026-08-24T13:53:44.559+0000] {processor.py:161} INFO - Started process (PID=318) to work on /home/airflow/.local/lib/python3.12/site-packages/airflow/example_dags/example_external_task_marker_dag.py
[2026-08-24T13:53:44.562+0000] {processor.py:830} INFO - Processing file /home/airflow/.local/lib/python3.12/site-packages/airflow/example_dags/example_external_task_marker_dag.py for tasks to queue
[2026-08-24T13:53:44.571+0000] {logging_mixin.py:188} INFO - [2026-08-24T13:53:44.571+0000] {dagbag.py:545} INFO - Filling up the DagBag from /home/airflow/.local/lib/python3.12/site-packages/airflow/example_dags/example_external_task_marker_dag.py
[2026-08-24T13:53:44.590+0000] {processor.py:840} INFO - DAG(s) 'example_external_task_marker_parent', 'example_external_task_marker_child' retrieved from /home/airflow/.local/lib/python3.12/site-packages/airflow/example_dags/example_external_task_marker_dag.py
[2026-08-24T13:53:44.626+0000] {logging_mixin.py:188} INFO - [2026-08-24T13:53:44.625+0000] {dag.py:3096} INFO - Sync 2 DAGs
[2026-08-24T13:53:44.655+0000] {logging_mixin.py:188} INFO - [2026-08-24T13:53:44.655+0000] {dag.py:3954} INFO - Setting next_dagrun for example_external_task_marker_child to None, run_after=None
[2026-08-24T13:53:44.662+0000] {logging_mixin.py:188} INFO - [2026-08-24T13:53:44.661+0000] {dag.py:3954} INFO - Setting next_dagrun for example_external_task_marker_parent to None, run_after=None
[2026-08-24T13:53:44.685+0000] {processor.py:183} INFO - Processing /home/airflow/.local/lib/python3.12/site-packages/airflow/example_dags/example_external_task_marker_dag.py took 0.137 seconds
[2026-08-24T13:54:15.073+0000] {processor.py:161} INFO - Started process (PID=383) to work on /home/airflow/.local/lib/python3.12/site-packages/airflow/example_dags/example_external_task_marker_dag.py
[2026-08-24T13:54:15.074+0000] {processor.py:830} INFO - Processing file /home/airflow/.local/lib/python3.12/site-packages/airflow/example_dags/example_external_task_marker_dag.py for tasks to queue
[2026-08-24T13:54:15.077+0000] {logging_mixin.py:188} INFO - [2026-08-24T13:54:15.076+0000] {dagbag.py:545} INFO - Filling up the DagBag from /home/airflow/.local/lib/python3.12/site-packages/airflow/example_dags/example_external_task_marker_dag.py
[2026-08-24T13:54:15.084+0000] {processor.py:840} INFO - DAG(s) 'example_external_task_marker_child', 'example_external_task_marker_parent' retrieved from /home/airflow/.local/lib/python3.12/site-packages/airflow/example_dags/example_external_task_marker_dag.py
[2026-08-24T13:54:15.122+0000] {logging_mixin.py:188} INFO - [2026-08-24T13:54:15.122+0000] {dag.py:3096} INFO - Sync 2 DAGs
[2026-08-24T13:54:15.149+0000] {logging_mixin.py:188} INFO - [2026-08-24T13:54:15.149+0000] {dag.py:3954} INFO - Setting next_dagrun for example_external_task_marker_child to None, run_after=None
[2026-08-24T13:54:15.155+0000] {logging_mixin.py:188} INFO - [2026-08-24T13:54:15.154+0000] {dag.py:3954} INFO - Setting next_dagrun for example_external_task_marker_parent to None, run_after=None
[2026-08-24T13:54:15.189+0000] {processor.py:183} INFO - Processing /home/airflow/.local/lib/python3.12/site-packages/airflow/example_dags/example_external_task_marker_dag.py took 0.125 seconds
[2026-08-24T13:54:45.787+0000] {processor.py:161} INFO - Started process (PID=441) to work on /home/airflow/.local/lib/python3.12/site-packages/airflow/example_dags/example_external_task_marker_dag.py
[2026-08-24T13:54:45.790+0000] {processor.py:830} INFO - Processing file /home/airflow/.local/lib/python3.12/site-packages/airflow/example_dags/example_external_task_marker_dag.py for tasks to queue
[2026-08-24T13:54:45.803+0000] {logging_mixin.py:188} INFO - [2026-08-24T13:54:45.802+0000] {dagbag.py:545} INFO - Filling up the DagBag from /home/airflow/.local/lib/python3.12/site-packages/airflow/example_dags/example_external_task_marker_dag.py
[2026-08-24T13:54:45.824+0000] {processor.py:840} INFO - DAG(s) 'example_external_task_marker_child', 'example_external_task_marker_parent' retrieved from /home/airflow/.local/lib/python3.12/site-packages/airflow/example_dags/example_external_task_marker_dag.py
[2026-08-24T13:54:45.870+0000] {logging_mixin.py:188} INFO - [2026-08-24T13:54:45.869+0000] {dag.py:3096} INFO - Sync 2 DAGs
[2026-08-24T13:54:45.908+0000] {logging_mixin.py:188} INFO - [2026-08-24T13:54:45.907+0000] {dag.py:3954} INFO - Setting next_dagrun for example_external_task_marker_child to None, run_after=None
[2026-08-24T13:54:45.921+0000] {logging_mixin.py:188} INFO - [2026-08-24T13:54:45.920+0000] {dag.py:3954} INFO - Setting next_dagrun for example_external_task_marker_parent to None, run_after=None
[2026-08-24T13:54:45.972+0000] {processor.py:183} INFO - Processing /home/airflow/.local/lib/python3.12/site-packages/airflow/example_dags/example_external_task_marker_dag.py took 0.209 seconds
[2026-08-24T13:55:18.638+0000] {processor.py:161} INFO - Started process (PID=500) to work on /home/airflow/.local/lib/python3.12/site-packages/airflow/example_dags/example_external_task_marker_dag.py
[2026-08-24T13:55:18.639+0000] {processor.py:830} INFO - Processing file /home/airflow/.local/lib/python3.12/site-packages/airflow/example_dags/example_external_task_marker_dag.py for tasks to queue
[2026-08-24T13:55:18.644+0000] {logging_mixin.py:188} INFO - [2026-08-24T13:55:18.642+0000] {dagbag.py:545} INFO - Filling up the DagBag from /home/airflow/.local/lib/python3.12/site-packages/airflow/example_dags/example_external_task_marker_dag.py
[2026-08-24T13:55:18.657+0000] {processor.py:840} INFO - DAG(s) 'example_external_task_marker_child', 'example_external_task_marker_parent' retrieved from /home/airflow/.local/lib/python3.12/site-packages/airflow/example_dags/example_external_task_marker_dag.py
[2026-08-24T13:55:18.898+0000] {logging_mixin.py:188} INFO - [2026-08-24T13:55:18.897+0000] {dag.py:3096} INFO - Sync 2 DAGs
[2026-08-24T13:55:18.918+0000] {logging_mixin.py:188} INFO - [2026-08-24T13:55:18.918+0000] {dag.py:3954} INFO - Setting next_dagrun for example_external_task_marker_child to None, run_after=None
[2026-08-24T13:55:18.923+0000] {logging_mixin.py:188} INFO - [2026-08-24T13:55:18.923+0000] {dag.py:3954} INFO - Setting next_dagrun for example_external_task_marker_parent to None, run_after=None
[2026-08-24T13:55:19.094+0000] {processor.py:183} INFO - Processing /home/airflow/.local/lib/python3.12/site-packages/airflow/example_dags/example_external_task_marker_dag.py took 0.467 seconds
[2026-08-24T13:55:50.068+0000] {processor.py:161} INFO - Started process (PID=559) to work on /home/airflow/.local/lib/python3.12/site-packages/airflow/example_dags/example_external_task_marker_dag.py
[2026-08-24T13:55:50.070+0000] {processor.py:830} INFO - Processing file /home/airflow/.local/lib/python3.12/site-packages/airflow/example_dags/example_external_task_marker_dag.py for tasks to queue
[2026-08-24T13:55:50.073+0000] {logging_mixin.py:188} INFO - [2026-08-24T13:55:50.072+0000] {dagbag.py:545} INFO - Filling up the DagBag from /home/airflow/.local/lib/python3.12/site-packages/airflow/example_dags/example_external_task_marker_dag.py
[2026-08-24T13:55:50.082+0000] {processor.py:840} INFO - DAG(s) 'example_external_task_marker_child', 'example_external_task_marker_parent' retrieved from /home/airflow/.local/lib/python3.12/site-packages/airflow/example_dags/example_external_task_marker_dag.py
[2026-08-24T13:55:50.114+0000] {logging_mixin.py:188} INFO - [2026-08-24T13:55:50.114+0000] {dag.py:3096} INFO - Sync 2 DAGs
[2026-08-24T13:55:50.134+0000] {logging_mixin.py:188} INFO - [2026-08-24T13:55:50.134+0000] {dag.py:3954} INFO - Setting next_dagrun for example_external_task_marker_child to None, run_after=None
[2026-08-24T13:55:50.139+0000] {logging_mixin.py:188} INFO - [2026-08-24T13:55:50.139+0000] {dag.py:3954} INFO - Setting next_dagrun for example_external_task_marker_parent to None, run_after=None
[2026-08-24T13:55:50.160+0000] {processor.py:183} INFO - Processing /home/airflow/.local/lib/python3.12/site-packages/airflow/example_dags/example_external_task_marker_dag.py took 0.105 seconds
[2026-08-24T13:56:20.495+0000] {processor.py:161} INFO - Started process (PID=618) to work on /home/airflow/.local/lib/python3.12/site-packages/airflow/example_dags/example_external_task_marker_dag.py
[2026-08-24T13:56:20.496+0000] {processor.py:830} INFO - Processing file /home/airflow/.local/lib/python3.12/site-packages/airflow/example_dags/example_external_task_marker_dag.py for tasks to queue
[2026-08-24T13:56:20.498+0000] {logging_mixin.py:188} INFO - [2026-08-24T13:56:20.498+0000] {dagbag.py:545} INFO - Filling up the DagBag from /home/airflow/.local/lib/python3.12/site-packages/airflow/example_dags/example_external_task_marker_dag.py
[2026-08-24T13:56:20.506+0000] {processor.py:840} INFO - DAG(s) 'example_external_task_marker_parent', 'example_external_task_marker_child' retrieved from /home/airflow/.local/lib/python3.12/site-packages/airflow/example_dags/example_external_task_marker_dag.py
[2026-08-24T13:56:20.539+0000] {logging_mixin.py:188} INFO - [2026-08-24T13:56:20.539+0000] {dag.py:3096} INFO - Sync 2 DAGs
[2026-08-24T13:56:20.558+0000] {logging_mixin.py:188} INFO - [2026-08-24T13:56:20.557+0000] {dag.py:3954} INFO - Setting next_dagrun for example_external_task_marker_child to None, run_after=None
[2026-08-24T13:56:20.565+0000] {logging_mixin.py:188} INFO - [2026-08-24T13:56:20.565+0000] {dag.py:3954} INFO - Setting next_dagrun for example_external_task_marker_parent to None, run_after=None
[2026-08-24T13:56:20.590+0000] {processor.py:183} INFO - Processing /home/airflow/.local/lib/python3.12/site-packages/airflow/example_dags/example_external_task_marker_dag.py took 0.102 seconds
[2026-08-24T13:56:51.352+0000] {processor.py:161} INFO - Started process (PID=677) to work on /home/airflow/.local/lib/python3.12/site-packages/airflow/example_dags/example_external_task_marker_dag.py
[2026-08-24T13:56:51.353+0000] {processor.py:830} INFO - Processing file /home/airflow/.local/lib/python3.12/site-packages/airflow/example_dags/example_external_task_marker_dag.py for tasks to queue
[2026-08-24T13:56:51.356+0000] {logging_mixin.py:188} INFO - [2026-08-24T13:56:51.356+0000] {dagbag.py:545} INFO - Filling up the DagBag from /home/airflow/.local/lib/python3.12/site-packages/airflow/example_dags/example_external_task_marker_dag.py
[2026-08-24T13:56:51.367+0000] {processor.py:840} INFO - DAG(s) 'example_external_task_marker_child', 'example_external_task_marker_parent' retrieved from /home/airflow/.local/lib/python3.12/site-packages/airflow/example_dags/example_external_task_marker_dag.py
[2026-08-24T13:56:51.403+0000] {logging_mixin.py:188} INFO - [2026-08-24T13:56:51.403+0000] {dag.py:3096} INFO - Sync 2 DAGs
[2026-08-24T13:56:51.429+0000] {logging_mixin.py:188} INFO - [2026-08-24T13:56:51.428+0000] {dag.py:3954} INFO - Setting next_dagrun for example_external_task_marker_child to None, run_after=None
[2026-08-24T13:56:51.435+0000] {logging_mixin.py:188} INFO - [2026-08-24T13:56:51.434+0000] {dag.py:3954} INFO - Setting next_dagrun for example_external_task_marker_parent to None, run_after=None
[2026-08-24T13:56:51.462+0000] {processor.py:183} INFO - Processing /home/airflow/.local/lib/python3.12/site-packages/airflow/example_dags/example_external_task_marker_dag.py took 0.117 seconds
[2026-08-24T13:57:22.309+0000] {processor.py:161} INFO - Started process (PID=737) to work on /home/airflow/.local/lib/python3.12/site-packages/airflow/example_dags/example_external_task_marker_dag.py
[2026-08-24T13:57:22.310+0000] {processor.py:830} INFO - Processing file /home/airflow/.local/lib/python3.12/site-packages/airflow/example_dags/example_external_task_marker_dag.py for tasks to queue
[2026-08-24T13:57:22.313+0000] {logging_mixin.py:188} INFO - [2026-08-24T13:57:22.312+0000] {dagbag.py:545} INFO - Filling up the DagBag from /home/airflow/.local/lib/python3.12/site-packages/airflow/example_dags/example_external_task_marker_dag.py
[2026-08-24T13:57:22.320+0000] {processor.py:840} INFO - DAG(s) 'example_external_task_marker_parent', 'example_external_task_marker_child' retrieved from /home/airflow/.local/lib/python3.12/site-packages/airflow/example_dags/example_external_task_marker_dag.py
[2026-08-24T13:57:22.351+0000] {logging_mixin.py:188} INFO - [2026-08-24T13:57:22.350+0000] {dag.py:3096} INFO - Sync 2 DAGs
[2026-08-24T13:57:22.368+0000] {logging_mixin.py:188} INFO - [2026-08-24T13:57:22.368+0000] {dag.py:3954} INFO - Setting next_dagrun for example_external_task_marker_child to None, run_after=None
[2026-08-24T13:57:22.374+0000] {logging_mixin.py:188} INFO - [2026-08-24T13:57:22.374+0000] {dag.py:3954} INFO - Setting next_dagrun for example_external_task_marker_parent to None, run_after=None
[2026-08-24T13:57:22.398+0000] {processor.py:183} INFO - Processing /home/airflow/.local/lib/python3.12/site-packages/airflow/example_dags/example_external_task_marker_dag.py took 0.096 seconds
[2026-08-24T13:57:52.765+0000] {processor.py:161} INFO - Started process (PID=796) to work on /home/airflow/.local/lib/python3.12/site-packages/airflow/example_dags/example_external_task_marker_dag.py
[2026-08-24T13:57:52.766+0000] {processor.py:830} INFO - Processing file /home/airflow/.local/lib/python3.12/site-packages/airflow/example_dags/example_external_task_marker_dag.py for tasks to queue
[2026-08-24T13:57:52.769+0000] {logging_mixin.py:188} INFO - [2026-08-24T13:57:52.768+0000] {dagbag.py:545} INFO - Filling up the DagBag from /home/airflow/.local/lib/python3.12/site-packages/airflow/example_dags/example_external_task_marker_dag.py
[2026-08-24T13:57:52.777+0000] {processor.py:840} INFO - DAG(s) 'example_external_task_marker_child', 'example_external_task_marker_parent' retrieved from /home/airflow/.local/lib/python3.12/site-packages/airflow/example_dags/example_external_task_marker_dag.py
[2026-08-24T13:57:52.816+0000] {logging_mixin.py:188} INFO - [2026-08-24T13:57:52.815+0000] {dag.py:3096} INFO - Sync 2 DAGs
[2026-08-24T13:57:52.840+0000] {logging_mixin.py:188} INFO - [2026-08-24T13:57:52.839+0000] {dag.py:3954} INFO - Setting next_dagrun for example_external_task_marker_child to None, run_after=None
[2026-08-24T13:57:52.848+0000] {logging_mixin.py:188} INFO - [2026-08-24T13:57:52.848+0000] {dag.py:3954} INFO - Setting next_dagrun for example_external_task_marker_parent to None, run_after=None
[2026-08-24T13:57:52.889+0000] {processor.py:183} INFO - Processing /home/airflow/.local/lib/python3.12/site-packages/airflow/example_dags/example_external_task_marker_dag.py took 0.133 seconds
[2026-08-24T13:58:23.438+0000] {processor.py:161} INFO - Started process (PID=856) to work on /home/airflow/.local/lib/python3.12/site-packages/airflow/example_dags/example_external_task_marker_dag.py
[2026-08-24T13:58:23.439+0000] {processor.py:830} INFO - Processing file /home/airflow/.local/lib/python3.12/site-packages/airflow/example_dags/example_external_task_marker_dag.py for tasks to queue
[2026-08-24T13:58:23.442+0000] {logging_mixin.py:188} INFO - [2026-08-24T13:58:23.441+0000] {dagbag.py:545} INFO - Filling up the DagBag from /home/airflow/.local/lib/python3.12/site-packages/airflow/example_dags/example_external_task_marker_dag.py
[2026-08-24T13:58:23.449+0000] {processor.py:840} INFO - DAG(s) 'example_external_task_marker_parent', 'example_external_task_marker_child' retrieved from /home/airflow/.local/lib/python3.12/site-packages/airflow/example_dags/example_external_task_marker_dag.py
[2026-08-24T13:58:23.479+0000] {logging_mixin.py:188} INFO - [2026-08-24T13:58:23.479+0000] {dag.py:3096} INFO - Sync 2 DAGs
[2026-08-24T13:58:23.498+0000] {logging_mixin.py:188} INFO - [2026-08-24T13:58:23.497+0000] {dag.py:3954} INFO - Setting next_dagrun for example_external_task_marker_child to None, run_after=None
[2026-08-24T13:58:23.503+0000] {logging_mixin.py:188} INFO - [2026-08-24T13:58:23.502+0000] {dag.py:3954} INFO - Setting next_dagrun for example_external_task_marker_parent to None, run_after=None
[2026-08-24T13:58:23.527+0000] {processor.py:183} INFO - Processing /home/airflow/.local/lib/python3.12/site-packages/airflow/example_dags/example_external_task_marker_dag.py took 0.096 seconds
[2026-08-24T13:58:54.519+0000] {processor.py:161} INFO - Started process (PID=915) to work on /home/airflow/.local/lib/python3.12/site-packages/airflow/example_dags/example_external_task_marker_dag.py
[2026-08-24T13:58:54.521+0000] {processor.py:830} INFO - Processing file /home/airflow/.local/lib/python3.12/site-packages/airflow/example_dags/example_external_task_marker_dag.py for tasks to queue
[2026-08-24T13:58:54.523+0000] {logging_mixin.py:188} INFO - [2026-08-24T13:58:54.523+0000] {dagbag.py:545} INFO - Filling up the DagBag from /home/airflow/.local/lib/python3.12/site-packages/airflow/example_dags/example_external_task_marker_dag.py
[2026-08-24T13:58:54.532+0000] {processor.py:840} INFO - DAG(s) 'example_external_task_marker_child', 'example_external_task_marker_parent' retrieved from /home/airflow/.local/lib/python3.12/site-packages/airflow/example_dags/example_external_task_marker_dag.py
[2026-08-24T13:58:54.562+0000] {logging_mixin.py:188} INFO - [2026-08-24T13:58:54.562+0000] {dag.py:3096} INFO - Sync 2 DAGs
[2026-08-24T13:58:54.579+0000] {logging_mixin.py:188} INFO - [2026-08-24T13:58:54.579+0000] {dag.py:3954} INFO - Setting next_dagrun for example_external_task_marker_child to None, run_after=None
[2026-08-24T13:58:54.585+0000] {logging_mixin.py:188} INFO - [2026-08-24T13:58:54.584+0000] {dag.py:3954} INFO - Setting next_dagrun for example_external_task_marker_parent to None, run_after=None
[2026-08-24T13:58:54.607+0000] {processor.py:183} INFO - Processing /home/airflow/.local/lib/python3.12/site-packages/airflow/example_dags/example_external_task_marker_dag.py took 0.096 seconds
[2026-08-24T14:00:35.890+0000] {processor.py:161} INFO - Started process (PID=100) to work on /home/airflow/.local/lib/python3.12/site-packages/airflow/example_dags/example_external_task_marker_dag.py
[2026-08-24T14:00:35.892+0000] {processor.py:830} INFO - Processing file /home/airflow/.local/lib/python3.12/site-packages/airflow/example_dags/example_external_task_marker_dag.py for tasks to queue
[2026-08-24T14:00:35.895+0000] {logging_mixin.py:188} INFO - [2026-08-24T14:00:35.894+0000] {dagbag.py:545} INFO - Filling up the DagBag from /home/airflow/.local/lib/python3.12/site-packages/airflow/example_dags/example_external_task_marker_dag.py
[2026-08-24T14:00:35.914+0000] {processor.py:840} INFO - DAG(s) 'example_external_task_marker_child', 'example_external_task_marker_parent' retrieved from /home/airflow/.local/lib/python3.12/site-packages/airflow/example_dags/example_external_task_marker_dag.py
[2026-08-24T14:00:36.084+0000] {logging_mixin.py:188} INFO - [2026-08-24T14:00:36.084+0000] {dag.py:3096} INFO - Sync 2 DAGs
[2026-08-24T14:00:36.099+0000] {logging_mixin.py:188} INFO - [2026-08-24T14:00:36.098+0000] {dag.py:3954} INFO - Setting next_dagrun for example_external_task_marker_child to None, run_after=None
[2026-08-24T14:00:36.104+0000] {logging_mixin.py:188} INFO - [2026-08-24T14:00:36.103+0000] {dag.py:3954} INFO - Setting next_dagrun for example_external_task_marker_parent to None, run_after=None
[2026-08-24T14:00:36.132+0000] {processor.py:183} INFO - Processing /home/airflow/.local/lib/python3.12/site-packages/airflow/example_dags/example_external_task_marker_dag.py took 0.251 seconds
[2026-08-24T14:01:07.202+0000] {processor.py:161} INFO - Started process (PID=159) to work on /home/airflow/.local/lib/python3.12/site-packages/airflow/example_dags/example_external_task_marker_dag.py
[2026-08-24T14:01:07.205+0000] {processor.py:830} INFO - Processing file /home/airflow/.local/lib/python3.12/site-packages/airflow/example_dags/example_external_task_marker_dag.py for tasks to queue
[2026-08-24T14:01:07.211+0000] {logging_mixin.py:188} INFO - [2026-08-24T14:01:07.210+0000] {dagbag.py:545} INFO - Filling up the DagBag from /home/airflow/.local/lib/python3.12/site-packages/airflow/example_dags/example_external_task_marker_dag.py
[2026-08-24T14:01:07.228+0000] {processor.py:840} INFO - DAG(s) 'example_external_task_marker_child', 'example_external_task_marker_parent' retrieved from /home/airflow/.local/lib/python3.12/site-packages/airflow/example_dags/example_external_task_marker_dag.py
[2026-08-24T14:01:07.276+0000] {logging_mixin.py:188} INFO - [2026-08-24T14:01:07.275+0000] {dag.py:3096} INFO - Sync 2 DAGs
[2026-08-24T14:01:07.302+0000] {logging_mixin.py:188} INFO - [2026-08-24T14:01:07.302+0000] {dag.py:3954} INFO - Setting next_dagrun for example_external_task_marker_child to None, run_after=None
[2026-08-24T14:01:07.309+0000] {logging_mixin.py:188} INFO - [2026-08-24T14:01:07.308+0000] {dag.py:3954} INFO - Setting next_dagrun for example_external_task_marker_parent to None, run_after=None
[2026-08-24T14:01:07.333+0000] {processor.py:183} INFO - Processing /home/airflow/.local/lib/python3.12/site-packages/airflow/example_dags/example_external_task_marker_dag.py took 0.153 seconds
[2026-08-24T14:01:37.482+0000] {processor.py:161} INFO - Started process (PID=218) to work on /home/airflow/.local/lib/python3.12/site-packages/airflow/example_dags/example_external_task_marker_dag.py
[2026-08-24T14:01:37.483+0000] {processor.py:830} INFO - Processing file /home/airflow/.local/lib/python3.12/site-packages/airflow/example_dags/example_external_task_marker_dag.py for tasks to queue
[2026-08-24T14:01:37.486+0000] {logging_mixin.py:188} INFO - [2026-08-24T14:01:37.486+0000] {dagbag.py:545} INFO - Filling up the DagBag from /home/airflow/.local/lib/python3.12/site-packages/airflow/example_dags/example_external_task_marker_dag.py
[2026-08-24T14:01:37.495+0000] {processor.py:840} INFO - DAG(s) 'example_external_task_marker_parent', 'example_external_task_marker_child' retrieved from /home/airflow/.local/lib/python3.12/site-packages/airflow/example_dags/example_external_task_marker_dag.py
[2026-08-24T14:01:37.526+0000] {logging_mixin.py:188} INFO - [2026-08-24T14:01:37.525+0000] {dag.py:3096} INFO - Sync 2 DAGs
[2026-08-24T14:01:37.542+0000] {logging_mixin.py:188} INFO - [2026-08-24T14:01:37.542+0000] {dag.py:3954} INFO - Setting next_dagrun for example_external_task_marker_child to None, run_after=None
[2026-08-24T14:01:37.547+0000] {logging_mixin.py:188} INFO - [2026-08-24T14:01:37.547+0000] {dag.py:3954} INFO - Setting next_dagrun for example_external_task_marker_parent to None, run_after=None
[2026-08-24T14:01:37.574+0000] {processor.py:183} INFO - Processing /home/airflow/.local/lib/python3.12/site-packages/airflow/example_dags/example_external_task_marker_dag.py took 0.100 seconds
[2026-08-24T14:02:08.329+0000] {processor.py:161} INFO - Started process (PID=277) to work on /home/airflow/.local/lib/python3.12/site-packages/airflow/example_dags/example_external_task_marker_dag.py
[2026-08-24T14:02:08.330+0000] {processor.py:830} INFO - Processing file /home/airflow/.local/lib/python3.12/site-packages/airflow/example_dags/example_external_task_marker_dag.py for tasks to queue
[2026-08-24T14:02:08.333+0000] {logging_mixin.py:188} INFO - [2026-08-24T14:02:08.332+0000] {dagbag.py:545} INFO - Filling up the DagBag from /home/airflow/.local/lib/python3.12/site-packages/airflow/example_dags/example_external_task_marker_dag.py
[2026-08-24T14:02:08.343+0000] {processor.py:840} INFO - DAG(s) 'example_external_task_marker_child', 'example_external_task_marker_parent' retrieved from /home/airflow/.local/lib/python3.12/site-packages/airflow/example_dags/example_external_task_marker_dag.py
[2026-08-24T14:02:08.372+0000] {logging_mixin.py:188} INFO - [2026-08-24T14:02:08.372+0000] {dag.py:3096} INFO - Sync 2 DAGs
[2026-08-24T14:02:08.389+0000] {logging_mixin.py:188} INFO - [2026-08-24T14:02:08.388+0000] {dag.py:3954} INFO - Setting next_dagrun for example_external_task_marker_child to None, run_after=None
[2026-08-24T14:02:08.394+0000] {logging_mixin.py:188} INFO - [2026-08-24T14:02:08.393+0000] {dag.py:3954} INFO - Setting next_dagrun for example_external_task_marker_parent to None, run_after=None
[2026-08-24T14:02:08.416+0000] {processor.py:183} INFO - Processing /home/airflow/.local/lib/python3.12/site-packages/airflow/example_dags/example_external_task_marker_dag.py took 0.095 seconds
[2026-08-24T14:02:38.494+0000] {processor.py:161} INFO - Started process (PID=337) to work on /home/airflow/.local/lib/python3.12/site-packages/airflow/example_dags/example_external_task_marker_dag.py
[2026-08-24T14:02:38.495+0000] {processor.py:830} INFO - Processing file /home/airflow/.local/lib/python3.12/site-packages/airflow/example_dags/example_external_task_marker_dag.py for tasks to queue
[2026-08-24T14:02:38.498+0000] {logging_mixin.py:188} INFO - [2026-08-24T14:02:38.497+0000] {dagbag.py:545} INFO - Filling up the DagBag from /home/airflow/.local/lib/python3.12/site-packages/airflow/example_dags/example_external_task_marker_dag.py
[2026-08-24T14:02:38.505+0000] {processor.py:840} INFO - DAG(s) 'example_external_task_marker_child', 'example_external_task_marker_parent' retrieved from /home/airflow/.local/lib/python3.12/site-packages/airflow/example_dags/example_external_task_marker_dag.py
[2026-08-24T14:02:38.533+0000] {logging_mixin.py:188} INFO - [2026-08-24T14:02:38.533+0000] {dag.py:3096} INFO - Sync 2 DAGs
[2026-08-24T14:02:38.549+0000] {logging_mixin.py:188} INFO - [2026-08-24T14:02:38.549+0000] {dag.py:3954} INFO - Setting next_dagrun for example_external_task_marker_child to None, run_after=None
[2026-08-24T14:02:38.556+0000] {logging_mixin.py:188} INFO - [2026-08-24T14:02:38.555+0000] {dag.py:3954} INFO - Setting next_dagrun for example_external_task_marker_parent to None, run_after=None
[2026-08-24T14:02:38.578+0000] {processor.py:183} INFO - Processing /home/airflow/.local/lib/python3.12/site-packages/airflow/example_dags/example_external_task_marker_dag.py took 0.092 seconds
[2026-08-24T14:03:08.834+0000] {processor.py:161} INFO - Started process (PID=396) to work on /home/airflow/.local/lib/python3.12/site-packages/airflow/example_dags/example_external_task_marker_dag.py
[2026-08-24T14:03:08.836+0000] {processor.py:830} INFO - Processing file /home/airflow/.local/lib/python3.12/site-packages/airflow/example_dags/example_external_task_marker_dag.py for tasks to queue
[2026-08-24T14:03:08.838+0000] {logging_mixin.py:188} INFO - [2026-08-24T14:03:08.838+0000] {dagbag.py:545} INFO - Filling up the DagBag from /home/airflow/.local/lib/python3.12/site-packages/airflow/example_dags/example_external_task_marker_dag.py
[2026-08-24T14:03:08.846+0000] {processor.py:840} INFO - DAG(s) 'example_external_task_marker_child', 'example_external_task_marker_parent' retrieved from /home/airflow/.local/lib/python3.12/site-packages/airflow/example_dags/example_external_task_marker_dag.py
[2026-08-24T14:03:08.879+0000] {logging_mixin.py:188} INFO - [2026-08-24T14:03:08.879+0000] {dag.py:3096} INFO - Sync 2 DAGs
[2026-08-24T14:03:08.896+0000] {logging_mixin.py:188} INFO - [2026-08-24T14:03:08.895+0000] {dag.py:3954} INFO - Setting next_dagrun for example_external_task_marker_child to None, run_after=None
[2026-08-24T14:03:08.901+0000] {logging_mixin.py:188} INFO - [2026-08-24T14:03:08.901+0000] {dag.py:3954} INFO - Setting next_dagrun for example_external_task_marker_parent to None, run_after=None
[2026-08-24T14:03:08.921+0000] {processor.py:183} INFO - Processing /home/airflow/.local/lib/python3.12/site-packages/airflow/example_dags/example_external_task_marker_dag.py took 0.094 seconds
[2026-08-24T14:07:39.729+0000] {processor.py:161} INFO - Started process (PID=106) to work on /home/airflow/.local/lib/python3.12/site-packages/airflow/example_dags/example_external_task_marker_dag.py
[2026-08-24T14:07:39.731+0000] {processor.py:830} INFO - Processing file /home/airflow/.local/lib/python3.12/site-packages/airflow/example_dags/example_external_task_marker_dag.py for tasks to queue
[2026-08-24T14:07:39.735+0000] {logging_mixin.py:188} INFO - [2026-08-24T14:07:39.734+0000] {dagbag.py:545} INFO - Filling up the DagBag from /home/airflow/.local/lib/python3.12/site-packages/airflow/example_dags/example_external_task_marker_dag.py
[2026-08-24T14:07:39.760+0000] {processor.py:840} INFO - DAG(s) 'example_external_task_marker_child', 'example_external_task_marker_parent' retrieved from /home/airflow/.local/lib/python3.12/site-packages/airflow/example_dags/example_external_task_marker_dag.py
[2026-08-24T14:07:39.950+0000] {logging_mixin.py:188} INFO - [2026-08-24T14:07:39.950+0000] {dag.py:3096} INFO - Sync 2 DAGs
[2026-08-24T14:07:39.967+0000] {logging_mixin.py:188} INFO - [2026-08-24T14:07:39.966+0000] {dag.py:3954} INFO - Setting next_dagrun for example_external_task_marker_child to None, run_after=None
[2026-08-24T14:07:39.972+0000] {logging_mixin.py:188} INFO - [2026-08-24T14:07:39.972+0000] {dag.py:3954} INFO - Setting next_dagrun for example_external_task_marker_parent to None, run_after=None
[2026-08-24T14:07:40.007+0000] {processor.py:183} INFO - Processing /home/airflow/.local/lib/python3.12/site-packages/airflow/example_dags/example_external_task_marker_dag.py took 0.287 seconds
[2026-08-24T14:08:10.306+0000] {processor.py:161} INFO - Started process (PID=165) to work on /home/airflow/.local/lib/python3.12/site-packages/airflow/example_dags/example_external_task_marker_dag.py
[2026-08-24T14:08:10.308+0000] {processor.py:830} INFO - Processing file /home/airflow/.local/lib/python3.12/site-packages/airflow/example_dags/example_external_task_marker_dag.py for tasks to queue
[2026-08-24T14:08:10.311+0000] {logging_mixin.py:188} INFO - [2026-08-24T14:08:10.310+0000] {dagbag.py:545} INFO - Filling up the DagBag from /home/airflow/.local/lib/python3.12/site-packages/airflow/example_dags/example_external_task_marker_dag.py
[2026-08-24T14:08:10.319+0000] {processor.py:840} INFO - DAG(s) 'example_external_task_marker_child', 'example_external_task_marker_parent' retrieved from /home/airflow/.local/lib/python3.12/site-packages/airflow/example_dags/example_external_task_marker_dag.py
[2026-08-24T14:08:10.352+0000] {logging_mixin.py:188} INFO - [2026-08-24T14:08:10.352+0000] {dag.py:3096} INFO - Sync 2 DAGs
[2026-08-24T14:08:10.376+0000] {logging_mixin.py:188} INFO - [2026-08-24T14:08:10.376+0000] {dag.py:3954} INFO - Setting next_dagrun for example_external_task_marker_child to None, run_after=None
[2026-08-24T14:08:10.382+0000] {logging_mixin.py:188} INFO - [2026-08-24T14:08:10.381+0000] {dag.py:3954} INFO - Setting next_dagrun for example_external_task_marker_parent to None, run_after=None
[2026-08-24T14:08:10.405+0000] {processor.py:183} INFO - Processing /home/airflow/.local/lib/python3.12/site-packages/airflow/example_dags/example_external_task_marker_dag.py took 0.106 seconds
[2026-08-24T14:08:41.222+0000] {processor.py:161} INFO - Started process (PID=224) to work on /home/airflow/.local/lib/python3.12/site-packages/airflow/example_dags/example_external_task_marker_dag.py
[2026-08-24T14:08:41.223+0000] {processor.py:830} INFO - Processing file /home/airflow/.local/lib/python3.12/site-packages/airflow/example_dags/example_external_task_marker_dag.py for tasks to queue
[2026-08-24T14:08:41.226+0000] {logging_mixin.py:188} INFO - [2026-08-24T14:08:41.225+0000] {dagbag.py:545} INFO - Filling up the DagBag from /home/airflow/.local/lib/python3.12/site-packages/airflow/example_dags/example_external_task_marker_dag.py
[2026-08-24T14:08:41.234+0000] {processor.py:840} INFO - DAG(s) 'example_external_task_marker_child', 'example_external_task_marker_parent' retrieved from /home/airflow/.local/lib/python3.12/site-packages/airflow/example_dags/example_external_task_marker_dag.py
[2026-08-24T14:08:41.275+0000] {logging_mixin.py:188} INFO - [2026-08-24T14:08:41.274+0000] {dag.py:3096} INFO - Sync 2 DAGs
[2026-08-24T14:08:41.297+0000] {logging_mixin.py:188} INFO - [2026-08-24T14:08:41.296+0000] {dag.py:3954} INFO - Setting next_dagrun for example_external_task_marker_child to None, run_after=None
[2026-08-24T14:08:41.303+0000] {logging_mixin.py:188} INFO - [2026-08-24T14:08:41.303+0000] {dag.py:3954} INFO - Setting next_dagrun for example_external_task_marker_parent to None, run_after=None
[2026-08-24T14:08:41.330+0000] {processor.py:183} INFO - Processing /home/airflow/.local/lib/python3.12/site-packages/airflow/example_dags/example_external_task_marker_dag.py took 0.116 seconds
[2026-08-24T14:09:11.521+0000] {processor.py:161} INFO - Started process (PID=283) to work on /home/airflow/.local/lib/python3.12/site-packages/airflow/example_dags/example_external_task_marker_dag.py
[2026-08-24T14:09:11.523+0000] {processor.py:830} INFO - Processing file /home/airflow/.local/lib/python3.12/site-packages/airflow/example_dags/example_external_task_marker_dag.py for tasks to queue
[2026-08-24T14:09:11.526+0000] {logging_mixin.py:188} INFO - [2026-08-24T14:09:11.526+0000] {dagbag.py:545} INFO - Filling up the DagBag from /home/airflow/.local/lib/python3.12/site-packages/airflow/example_dags/example_external_task_marker_dag.py
[2026-08-24T14:09:11.537+0000] {processor.py:840} INFO - DAG(s) 'example_external_task_marker_child', 'example_external_task_marker_parent' retrieved from /home/airflow/.local/lib/python3.12/site-packages/airflow/example_dags/example_external_task_marker_dag.py
[2026-08-24T14:09:11.576+0000] {logging_mixin.py:188} INFO - [2026-08-24T14:09:11.576+0000] {dag.py:3096} INFO - Sync 2 DAGs
[2026-08-24T14:09:11.603+0000] {logging_mixin.py:188} INFO - [2026-08-24T14:09:11.603+0000] {dag.py:3954} INFO - Setting next_dagrun for example_external_task_marker_child to None, run_after=None
[2026-08-24T14:09:11.611+0000] {logging_mixin.py:188} INFO - [2026-08-24T14:09:11.610+0000] {dag.py:3954} INFO - Setting next_dagrun for example_external_task_marker_parent to None, run_after=None
[2026-08-24T14:09:11.640+0000] {processor.py:183} INFO - Processing /home/airflow/.local/lib/python3.12/site-packages/airflow/example_dags/example_external_task_marker_dag.py took 0.130 seconds
[2026-08-24T14:09:41.963+0000] {processor.py:161} INFO - Started process (PID=342) to work on /home/airflow/.local/lib/python3.12/site-packages/airflow/example_dags/example_external_task_marker_dag.py
[2026-08-24T14:09:41.965+0000] {processor.py:830} INFO - Processing file /home/airflow/.local/lib/python3.12/site-packages/airflow/example_dags/example_external_task_marker_dag.py for tasks to queue
[2026-08-24T14:09:41.968+0000] {logging_mixin.py:188} INFO - [2026-08-24T14:09:41.967+0000] {dagbag.py:545} INFO - Filling up the DagBag from /home/airflow/.local/lib/python3.12/site-packages/airflow/example_dags/example_external_task_marker_dag.py
[2026-08-24T14:09:41.979+0000] {processor.py:840} INFO - DAG(s) 'example_external_task_marker_parent', 'example_external_task_marker_child' retrieved from /home/airflow/.local/lib/python3.12/site-packages/airflow/example_dags/example_external_task_marker_dag.py
[2026-08-24T14:09:42.012+0000] {logging_mixin.py:188} INFO - [2026-08-24T14:09:42.011+0000] {dag.py:3096} INFO - Sync 2 DAGs
[2026-08-24T14:09:42.032+0000] {logging_mixin.py:188} INFO - [2026-08-24T14:09:42.032+0000] {dag.py:3954} INFO - Setting next_dagrun for example_external_task_marker_child to None, run_after=None
[2026-08-24T14:09:42.037+0000] {logging_mixin.py:188} INFO - [2026-08-24T14:09:42.037+0000] {dag.py:3954} INFO - Setting next_dagrun for example_external_task_marker_parent to None, run_after=None
[2026-08-24T14:09:42.062+0000] {processor.py:183} INFO - Processing /home/airflow/.local/lib/python3.12/site-packages/airflow/example_dags/example_external_task_marker_dag.py took 0.109 seconds
[2026-08-24T14:10:12.604+0000] {processor.py:161} INFO - Started process (PID=401) to work on /home/airflow/.local/lib/python3.12/site-packages/airflow/example_dags/example_external_task_marker_dag.py
[2026-08-24T14:10:12.605+0000] {processor.py:830} INFO - Processing file /home/airflow/.local/lib/python3.12/site-packages/airflow/example_dags/example_external_task_marker_dag.py for tasks to queue
[2026-08-24T14:10:12.609+0000] {logging_mixin.py:188} INFO - [2026-08-24T14:10:12.608+0000] {dagbag.py:545} INFO - Filling up the DagBag from /home/airflow/.local/lib/python3.12/site-packages/airflow/example_dags/example_external_task_marker_dag.py
[2026-08-24T14:10:12.616+0000] {processor.py:840} INFO - DAG(s) 'example_external_task_marker_parent', 'example_external_task_marker_child' retrieved from /home/airflow/.local/lib/python3.12/site-packages/airflow/example_dags/example_external_task_marker_dag.py
[2026-08-24T14:10:12.646+0000] {logging_mixin.py:188} INFO - [2026-08-24T14:10:12.646+0000] {dag.py:3096} INFO - Sync 2 DAGs
[2026-08-24T14:10:12.665+0000] {logging_mixin.py:188} INFO - [2026-08-24T14:10:12.665+0000] {dag.py:3954} INFO - Setting next_dagrun for example_external_task_marker_child to None, run_after=None
[2026-08-24T14:10:12.670+0000] {logging_mixin.py:188} INFO - [2026-08-24T14:10:12.669+0000] {dag.py:3954} INFO - Setting next_dagrun for example_external_task_marker_parent to None, run_after=None
[2026-08-24T14:10:12.694+0000] {processor.py:183} INFO - Processing /home/airflow/.local/lib/python3.12/site-packages/airflow/example_dags/example_external_task_marker_dag.py took 0.098 seconds
[2026-08-24T14:10:43.204+0000] {processor.py:161} INFO - Started process (PID=460) to work on /home/airflow/.local/lib/python3.12/site-packages/airflow/example_dags/example_external_task_marker_dag.py
[2026-08-24T14:10:43.205+0000] {processor.py:830} INFO - Processing file /home/airflow/.local/lib/python3.12/site-packages/airflow/example_dags/example_external_task_marker_dag.py for tasks to queue
[2026-08-24T14:10:43.207+0000] {logging_mixin.py:188} INFO - [2026-08-24T14:10:43.207+0000] {dagbag.py:545} INFO - Filling up the DagBag from /home/airflow/.local/lib/python3.12/site-packages/airflow/example_dags/example_external_task_marker_dag.py
[2026-08-24T14:10:43.215+0000] {processor.py:840} INFO - DAG(s) 'example_external_task_marker_child', 'example_external_task_marker_parent' retrieved from /home/airflow/.local/lib/python3.12/site-packages/airflow/example_dags/example_external_task_marker_dag.py
[2026-08-24T14:10:43.243+0000] {logging_mixin.py:188} INFO - [2026-08-24T14:10:43.243+0000] {dag.py:3096} INFO - Sync 2 DAGs
[2026-08-24T14:10:43.261+0000] {logging_mixin.py:188} INFO - [2026-08-24T14:10:43.260+0000] {dag.py:3954} INFO - Setting next_dagrun for example_external_task_marker_child to None, run_after=None
[2026-08-24T14:10:43.267+0000] {logging_mixin.py:188} INFO - [2026-08-24T14:10:43.267+0000] {dag.py:3954} INFO - Setting next_dagrun for example_external_task_marker_parent to None, run_after=None
[2026-08-24T14:10:43.289+0000] {processor.py:183} INFO - Processing /home/airflow/.local/lib/python3.12/site-packages/airflow/example_dags/example_external_task_marker_dag.py took 0.093 seconds
[2026-08-24T14:13:26.505+0000] {processor.py:161} INFO - Started process (PID=110) to work on /home/airflow/.local/lib/python3.12/site-packages/airflow/example_dags/example_external_task_marker_dag.py
[2026-08-24T14:13:26.507+0000] {processor.py:830} INFO - Processing file /home/airflow/.local/lib/python3.12/site-packages/airflow/example_dags/example_external_task_marker_dag.py for tasks to queue
[2026-08-24T14:13:26.510+0000] {logging_mixin.py:188} INFO - [2026-08-24T14:13:26.510+0000] {dagbag.py:545} INFO - Filling up the DagBag from /home/airflow/.local/lib/python3.12/site-packages/airflow/example_dags/example_external_task_marker_dag.py
[2026-08-24T14:13:26.529+0000] {processor.py:840} INFO - DAG(s) 'example_external_task_marker_child', 'example_external_task_marker_parent' retrieved from /home/airflow/.local/lib/python3.12/site-packages/airflow/example_dags/example_external_task_marker_dag.py
[2026-08-24T14:13:26.696+0000] {logging_mixin.py:188} INFO - [2026-08-24T14:13:26.696+0000] {dag.py:3096} INFO - Sync 2 DAGs
[2026-08-24T14:13:26.714+0000] {logging_mixin.py:188} INFO - [2026-08-24T14:13:26.714+0000] {dag.py:3954} INFO - Setting next_dagrun for example_external_task_marker_child to None, run_after=None
[2026-08-24T14:13:26.718+0000] {logging_mixin.py:188} INFO - [2026-08-24T14:13:26.717+0000] {dag.py:3954} INFO - Setting next_dagrun for example_external_task_marker_parent to None, run_after=None
[2026-08-24T14:13:26.747+0000] {processor.py:183} INFO - Processing /home/airflow/.local/lib/python3.12/site-packages/airflow/example_dags/example_external_task_marker_dag.py took 0.251 seconds
[2026-08-24T14:13:56.821+0000] {processor.py:161} INFO - Started process (PID=169) to work on /home/airflow/.local/lib/python3.12/site-packages/airflow/example_dags/example_external_task_marker_dag.py
[2026-08-24T14:13:56.823+0000] {processor.py:830} INFO - Processing file /home/airflow/.local/lib/python3.12/site-packages/airflow/example_dags/example_external_task_marker_dag.py for tasks to queue
[2026-08-24T14:13:56.825+0000] {logging_mixin.py:188} INFO - [2026-08-24T14:13:56.825+0000] {dagbag.py:545} INFO - Filling up the DagBag from /home/airflow/.local/lib/python3.12/site-packages/airflow/example_dags/example_external_task_marker_dag.py
[2026-08-24T14:13:56.833+0000] {processor.py:840} INFO - DAG(s) 'example_external_task_marker_parent', 'example_external_task_marker_child' retrieved from /home/airflow/.local/lib/python3.12/site-packages/airflow/example_dags/example_external_task_marker_dag.py
[2026-08-24T14:13:56.860+0000] {logging_mixin.py:188} INFO - [2026-08-24T14:13:56.860+0000] {dag.py:3096} INFO - Sync 2 DAGs
[2026-08-24T14:13:56.876+0000] {logging_mixin.py:188} INFO - [2026-08-24T14:13:56.876+0000] {dag.py:3954} INFO - Setting next_dagrun for example_external_task_marker_child to None, run_after=None
[2026-08-24T14:13:56.881+0000] {logging_mixin.py:188} INFO - [2026-08-24T14:13:56.881+0000] {dag.py:3954} INFO - Setting next_dagrun for example_external_task_marker_parent to None, run_after=None
[2026-08-24T14:13:56.904+0000] {processor.py:183} INFO - Processing /home/airflow/.local/lib/python3.12/site-packages/airflow/example_dags/example_external_task_marker_dag.py took 0.090 seconds
[2026-08-24T14:14:27.362+0000] {processor.py:161} INFO - Started process (PID=228) to work on /home/airflow/.local/lib/python3.12/site-packages/airflow/example_dags/example_external_task_marker_dag.py
[2026-08-24T14:14:27.364+0000] {processor.py:830} INFO - Processing file /home/airflow/.local/lib/python3.12/site-packages/airflow/example_dags/example_external_task_marker_dag.py for tasks to queue
[2026-08-24T14:14:27.367+0000] {logging_mixin.py:188} INFO - [2026-08-24T14:14:27.366+0000] {dagbag.py:545} INFO - Filling up the DagBag from /home/airflow/.local/lib/python3.12/site-packages/airflow/example_dags/example_external_task_marker_dag.py
[2026-08-24T14:14:27.376+0000] {processor.py:840} INFO - DAG(s) 'example_external_task_marker_child', 'example_external_task_marker_parent' retrieved from /home/airflow/.local/lib/python3.12/site-packages/airflow/example_dags/example_external_task_marker_dag.py
[2026-08-24T14:14:27.408+0000] {logging_mixin.py:188} INFO - [2026-08-24T14:14:27.408+0000] {dag.py:3096} INFO - Sync 2 DAGs
[2026-08-24T14:14:27.427+0000] {logging_mixin.py:188} INFO - [2026-08-24T14:14:27.427+0000] {dag.py:3954} INFO - Setting next_dagrun for example_external_task_marker_child to None, run_after=None
[2026-08-24T14:14:27.434+0000] {logging_mixin.py:188} INFO - [2026-08-24T14:14:27.434+0000] {dag.py:3954} INFO - Setting next_dagrun for example_external_task_marker_parent to None, run_after=None
[2026-08-24T14:14:27.462+0000] {processor.py:183} INFO - Processing /home/airflow/.local/lib/python3.12/site-packages/airflow/example_dags/example_external_task_marker_dag.py took 0.108 seconds
[2026-08-24T14:14:57.937+0000] {processor.py:161} INFO - Started process (PID=287) to work on /home/airflow/.local/lib/python3.12/site-packages/airflow/example_dags/example_external_task_marker_dag.py
[2026-08-24T14:14:57.938+0000] {processor.py:830} INFO - Processing file /home/airflow/.local/lib/python3.12/site-packages/airflow/example_dags/example_external_task_marker_dag.py for tasks to queue
[2026-08-24T14:14:57.941+0000] {logging_mixin.py:188} INFO - [2026-08-24T14:14:57.940+0000] {dagbag.py:545} INFO - Filling up the DagBag from /home/airflow/.local/lib/python3.12/site-packages/airflow/example_dags/example_external_task_marker_dag.py
[2026-08-24T14:14:57.949+0000] {processor.py:840} INFO - DAG(s) 'example_external_task_marker_parent', 'example_external_task_marker_child' retrieved from /home/airflow/.local/lib/python3.12/site-packages/airflow/example_dags/example_external_task_marker_dag.py
[2026-08-24T14:14:57.978+0000] {logging_mixin.py:188} INFO - [2026-08-24T14:14:57.978+0000] {dag.py:3096} INFO - Sync 2 DAGs
[2026-08-24T14:14:57.998+0000] {logging_mixin.py:188} INFO - [2026-08-24T14:14:57.997+0000] {dag.py:3954} INFO - Setting next_dagrun for example_external_task_marker_child to None, run_after=None
[2026-08-24T14:14:58.003+0000] {logging_mixin.py:188} INFO - [2026-08-24T14:14:58.003+0000] {dag.py:3954} INFO - Setting next_dagrun for example_external_task_marker_parent to None, run_after=None
[2026-08-24T14:14:58.024+0000] {processor.py:183} INFO - Processing /home/airflow/.local/lib/python3.12/site-packages/airflow/example_dags/example_external_task_marker_dag.py took 0.095 seconds
[2026-08-24T14:15:28.621+0000] {processor.py:161} INFO - Started process (PID=346) to work on /home/airflow/.local/lib/python3.12/site-packages/airflow/example_dags/example_external_task_marker_dag.py
[2026-08-24T14:15:28.622+0000] {processor.py:830} INFO - Processing file /home/airflow/.local/lib/python3.12/site-packages/airflow/example_dags/example_external_task_marker_dag.py for tasks to queue
[2026-08-24T14:15:28.625+0000] {logging_mixin.py:188} INFO - [2026-08-24T14:15:28.624+0000] {dagbag.py:545} INFO - Filling up the DagBag from /home/airflow/.local/lib/python3.12/site-packages/airflow/example_dags/example_external_task_marker_dag.py
[2026-08-24T14:15:28.636+0000] {processor.py:840} INFO - DAG(s) 'example_external_task_marker_parent', 'example_external_task_marker_child' retrieved from /home/airflow/.local/lib/python3.12/site-packages/airflow/example_dags/example_external_task_marker_dag.py
[2026-08-24T14:15:28.664+0000] {logging_mixin.py:188} INFO - [2026-08-24T14:15:28.664+0000] {dag.py:3096} INFO - Sync 2 DAGs
[2026-08-24T14:15:28.682+0000] {logging_mixin.py:188} INFO - [2026-08-24T14:15:28.682+0000] {dag.py:3954} INFO - Setting next_dagrun for example_external_task_marker_child to None, run_after=None
[2026-08-24T14:15:28.690+0000] {logging_mixin.py:188} INFO - [2026-08-24T14:15:28.690+0000] {dag.py:3954} INFO - Setting next_dagrun for example_external_task_marker_parent to None, run_after=None
[2026-08-24T14:15:28.711+0000] {processor.py:183} INFO - Processing /home/airflow/.local/lib/python3.12/site-packages/airflow/example_dags/example_external_task_marker_dag.py took 0.099 seconds
[2026-08-24T14:15:59.242+0000] {processor.py:161} INFO - Started process (PID=405) to work on /home/airflow/.local/lib/python3.12/site-packages/airflow/example_dags/example_external_task_marker_dag.py
[2026-08-24T14:15:59.243+0000] {processor.py:830} INFO - Processing file /home/airflow/.local/lib/python3.12/site-packages/airflow/example_dags/example_external_task_marker_dag.py for tasks to queue
[2026-08-24T14:15:59.247+0000] {logging_mixin.py:188} INFO - [2026-08-24T14:15:59.246+0000] {dagbag.py:545} INFO - Filling up the DagBag from /home/airflow/.local/lib/python3.12/site-packages/airflow/example_dags/example_external_task_marker_dag.py
[2026-08-24T14:15:59.257+0000] {processor.py:840} INFO - DAG(s) 'example_external_task_marker_parent', 'example_external_task_marker_child' retrieved from /home/airflow/.local/lib/python3.12/site-packages/airflow/example_dags/example_external_task_marker_dag.py
[2026-08-24T14:15:59.288+0000] {logging_mixin.py:188} INFO - [2026-08-24T14:15:59.288+0000] {dag.py:3096} INFO - Sync 2 DAGs
[2026-08-24T14:15:59.313+0000] {logging_mixin.py:188} INFO - [2026-08-24T14:15:59.313+0000] {dag.py:3954} INFO - Setting next_dagrun for example_external_task_marker_child to None, run_after=None
[2026-08-24T14:15:59.319+0000] {logging_mixin.py:188} INFO - [2026-08-24T14:15:59.318+0000] {dag.py:3954} INFO - Setting next_dagrun for example_external_task_marker_parent to None, run_after=None
[2026-08-24T14:15:59.344+0000] {processor.py:183} INFO - Processing /home/airflow/.local/lib/python3.12/site-packages/airflow/example_dags/example_external_task_marker_dag.py took 0.113 seconds
[2026-08-24T14:16:29.687+0000] {processor.py:161} INFO - Started process (PID=464) to work on /home/airflow/.local/lib/python3.12/site-packages/airflow/example_dags/example_external_task_marker_dag.py
[2026-08-24T14:16:29.690+0000] {processor.py:830} INFO - Processing file /home/airflow/.local/lib/python3.12/site-packages/airflow/example_dags/example_external_task_marker_dag.py for tasks to queue
[2026-08-24T14:16:29.693+0000] {logging_mixin.py:188} INFO - [2026-08-24T14:16:29.693+0000] {dagbag.py:545} INFO - Filling up the DagBag from /home/airflow/.local/lib/python3.12/site-packages/airflow/example_dags/example_external_task_marker_dag.py
[2026-08-24T14:16:29.705+0000] {processor.py:840} INFO - DAG(s) 'example_external_task_marker_parent', 'example_external_task_marker_child' retrieved from /home/airflow/.local/lib/python3.12/site-packages/airflow/example_dags/example_external_task_marker_dag.py
[2026-08-24T14:16:29.739+0000] {logging_mixin.py:188} INFO - [2026-08-24T14:16:29.739+0000] {dag.py:3096} INFO - Sync 2 DAGs
[2026-08-24T14:16:29.762+0000] {logging_mixin.py:188} INFO - [2026-08-24T14:16:29.762+0000] {dag.py:3954} INFO - Setting next_dagrun for example_external_task_marker_child to None, run_after=None
[2026-08-24T14:16:29.770+0000] {logging_mixin.py:188} INFO - [2026-08-24T14:16:29.770+0000] {dag.py:3954} INFO - Setting next_dagrun for example_external_task_marker_parent to None, run_after=None
[2026-08-24T14:16:29.802+0000] {processor.py:183} INFO - Processing /home/airflow/.local/lib/python3.12/site-packages/airflow/example_dags/example_external_task_marker_dag.py took 0.125 seconds
[2026-08-24T14:17:00.029+0000] {processor.py:161} INFO - Started process (PID=523) to work on /home/airflow/.local/lib/python3.12/site-packages/airflow/example_dags/example_external_task_marker_dag.py
[2026-08-24T14:17:00.031+0000] {processor.py:830} INFO - Processing file /home/airflow/.local/lib/python3.12/site-packages/airflow/example_dags/example_external_task_marker_dag.py for tasks to queue
[2026-08-24T14:17:00.034+0000] {logging_mixin.py:188} INFO - [2026-08-24T14:17:00.033+0000] {dagbag.py:545} INFO - Filling up the DagBag from /home/airflow/.local/lib/python3.12/site-packages/airflow/example_dags/example_external_task_marker_dag.py
[2026-08-24T14:17:00.041+0000] {processor.py:840} INFO - DAG(s) 'example_external_task_marker_child', 'example_external_task_marker_parent' retrieved from /home/airflow/.local/lib/python3.12/site-packages/airflow/example_dags/example_external_task_marker_dag.py
[2026-08-24T14:17:00.076+0000] {logging_mixin.py:188} INFO - [2026-08-24T14:17:00.076+0000] {dag.py:3096} INFO - Sync 2 DAGs
[2026-08-24T14:17:00.094+0000] {logging_mixin.py:188} INFO - [2026-08-24T14:17:00.094+0000] {dag.py:3954} INFO - Setting next_dagrun for example_external_task_marker_child to None, run_after=None
[2026-08-24T14:17:00.100+0000] {logging_mixin.py:188} INFO - [2026-08-24T14:17:00.100+0000] {dag.py:3954} INFO - Setting next_dagrun for example_external_task_marker_parent to None, run_after=None
[2026-08-24T14:17:00.123+0000] {processor.py:183} INFO - Processing /home/airflow/.local/lib/python3.12/site-packages/airflow/example_dags/example_external_task_marker_dag.py took 0.101 seconds
[2026-08-24T14:17:30.860+0000] {processor.py:161} INFO - Started process (PID=582) to work on /home/airflow/.local/lib/python3.12/site-packages/airflow/example_dags/example_external_task_marker_dag.py
[2026-08-24T14:17:30.861+0000] {processor.py:830} INFO - Processing file /home/airflow/.local/lib/python3.12/site-packages/airflow/example_dags/example_external_task_marker_dag.py for tasks to queue
[2026-08-24T14:17:30.864+0000] {logging_mixin.py:188} INFO - [2026-08-24T14:17:30.864+0000] {dagbag.py:545} INFO - Filling up the DagBag from /home/airflow/.local/lib/python3.12/site-packages/airflow/example_dags/example_external_task_marker_dag.py
[2026-08-24T14:17:30.876+0000] {processor.py:840} INFO - DAG(s) 'example_external_task_marker_parent', 'example_external_task_marker_child' retrieved from /home/airflow/.local/lib/python3.12/site-packages/airflow/example_dags/example_external_task_marker_dag.py
[2026-08-24T14:17:30.946+0000] {logging_mixin.py:188} INFO - [2026-08-24T14:17:30.946+0000] {dag.py:3096} INFO - Sync 2 DAGs
[2026-08-24T14:17:30.993+0000] {logging_mixin.py:188} INFO - [2026-08-24T14:17:30.992+0000] {dag.py:3954} INFO - Setting next_dagrun for example_external_task_marker_child to None, run_after=None
[2026-08-24T14:17:31.006+0000] {logging_mixin.py:188} INFO - [2026-08-24T14:17:31.006+0000] {dag.py:3954} INFO - Setting next_dagrun for example_external_task_marker_parent to None, run_after=None
[2026-08-24T14:17:31.077+0000] {processor.py:183} INFO - Processing /home/airflow/.local/lib/python3.12/site-packages/airflow/example_dags/example_external_task_marker_dag.py took 0.229 seconds
[2026-08-24T14:18:01.641+0000] {processor.py:161} INFO - Started process (PID=641) to work on /home/airflow/.local/lib/python3.12/site-packages/airflow/example_dags/example_external_task_marker_dag.py
[2026-08-24T14:18:01.643+0000] {processor.py:830} INFO - Processing file /home/airflow/.local/lib/python3.12/site-packages/airflow/example_dags/example_external_task_marker_dag.py for tasks to queue
[2026-08-24T14:18:01.645+0000] {logging_mixin.py:188} INFO - [2026-08-24T14:18:01.645+0000] {dagbag.py:545} INFO - Filling up the DagBag from /home/airflow/.local/lib/python3.12/site-packages/airflow/example_dags/example_external_task_marker_dag.py
[2026-08-24T14:18:01.654+0000] {processor.py:840} INFO - DAG(s) 'example_external_task_marker_parent', 'example_external_task_marker_child' retrieved from /home/airflow/.local/lib/python3.12/site-packages/airflow/example_dags/example_external_task_marker_dag.py
[2026-08-24T14:18:01.694+0000] {logging_mixin.py:188} INFO - [2026-08-24T14:18:01.693+0000] {dag.py:3096} INFO - Sync 2 DAGs
[2026-08-24T14:18:01.722+0000] {logging_mixin.py:188} INFO - [2026-08-24T14:18:01.721+0000] {dag.py:3954} INFO - Setting next_dagrun for example_external_task_marker_child to None, run_after=None
[2026-08-24T14:18:01.730+0000] {logging_mixin.py:188} INFO - [2026-08-24T14:18:01.729+0000] {dag.py:3954} INFO - Setting next_dagrun for example_external_task_marker_parent to None, run_after=None
[2026-08-24T14:18:01.753+0000] {processor.py:183} INFO - Processing /home/airflow/.local/lib/python3.12/site-packages/airflow/example_dags/example_external_task_marker_dag.py took 0.120 seconds
[2026-08-24T14:18:32.977+0000] {processor.py:161} INFO - Started process (PID=701) to work on /home/airflow/.local/lib/python3.12/site-packages/airflow/example_dags/example_external_task_marker_dag.py
[2026-08-24T14:18:32.978+0000] {processor.py:830} INFO - Processing file /home/airflow/.local/lib/python3.12/site-packages/airflow/example_dags/example_external_task_marker_dag.py for tasks to queue
[2026-08-24T14:18:32.980+0000] {logging_mixin.py:188} INFO - [2026-08-24T14:18:32.980+0000] {dagbag.py:545} INFO - Filling up the DagBag from /home/airflow/.local/lib/python3.12/site-packages/airflow/example_dags/example_external_task_marker_dag.py
[2026-08-24T14:18:32.990+0000] {processor.py:840} INFO - DAG(s) 'example_external_task_marker_child', 'example_external_task_marker_parent' retrieved from /home/airflow/.local/lib/python3.12/site-packages/airflow/example_dags/example_external_task_marker_dag.py
[2026-08-24T14:18:33.023+0000] {logging_mixin.py:188} INFO - [2026-08-24T14:18:33.023+0000] {dag.py:3096} INFO - Sync 2 DAGs
[2026-08-24T14:18:33.046+0000] {logging_mixin.py:188} INFO - [2026-08-24T14:18:33.045+0000] {dag.py:3954} INFO - Setting next_dagrun for example_external_task_marker_child to None, run_after=None
[2026-08-24T14:18:33.052+0000] {logging_mixin.py:188} INFO - [2026-08-24T14:18:33.051+0000] {dag.py:3954} INFO - Setting next_dagrun for example_external_task_marker_parent to None, run_after=None
[2026-08-24T14:18:33.076+0000] {processor.py:183} INFO - Processing /home/airflow/.local/lib/python3.12/site-packages/airflow/example_dags/example_external_task_marker_dag.py took 0.108 seconds
[2026-08-24T14:19:03.510+0000] {processor.py:161} INFO - Started process (PID=760) to work on /home/airflow/.local/lib/python3.12/site-packages/airflow/example_dags/example_external_task_marker_dag.py
[2026-08-24T14:19:03.512+0000] {processor.py:830} INFO - Processing file /home/airflow/.local/lib/python3.12/site-packages/airflow/example_dags/example_external_task_marker_dag.py for tasks to queue
[2026-08-24T14:19:03.517+0000] {logging_mixin.py:188} INFO - [2026-08-24T14:19:03.516+0000] {dagbag.py:545} INFO - Filling up the DagBag from /home/airflow/.local/lib/python3.12/site-packages/airflow/example_dags/example_external_task_marker_dag.py
[2026-08-24T14:19:03.530+0000] {processor.py:840} INFO - DAG(s) 'example_external_task_marker_child', 'example_external_task_marker_parent' retrieved from /home/airflow/.local/lib/python3.12/site-packages/airflow/example_dags/example_external_task_marker_dag.py
[2026-08-24T14:19:03.577+0000] {logging_mixin.py:188} INFO - [2026-08-24T14:19:03.577+0000] {dag.py:3096} INFO - Sync 2 DAGs
[2026-08-24T14:19:03.607+0000] {logging_mixin.py:188} INFO - [2026-08-24T14:19:03.607+0000] {dag.py:3954} INFO - Setting next_dagrun for example_external_task_marker_child to None, run_after=None
[2026-08-24T14:19:03.616+0000] {logging_mixin.py:188} INFO - [2026-08-24T14:19:03.615+0000] {dag.py:3954} INFO - Setting next_dagrun for example_external_task_marker_parent to None, run_after=None
[2026-08-24T14:19:03.650+0000] {processor.py:183} INFO - Processing /home/airflow/.local/lib/python3.12/site-packages/airflow/example_dags/example_external_task_marker_dag.py took 0.155 seconds
[2026-08-24T14:19:33.973+0000] {processor.py:161} INFO - Started process (PID=819) to work on /home/airflow/.local/lib/python3.12/site-packages/airflow/example_dags/example_external_task_marker_dag.py
[2026-08-24T14:19:33.974+0000] {processor.py:830} INFO - Processing file /home/airflow/.local/lib/python3.12/site-packages/airflow/example_dags/example_external_task_marker_dag.py for tasks to queue
[2026-08-24T14:19:33.976+0000] {logging_mixin.py:188} INFO - [2026-08-24T14:19:33.976+0000] {dagbag.py:545} INFO - Filling up the DagBag from /home/airflow/.local/lib/python3.12/site-packages/airflow/example_dags/example_external_task_marker_dag.py
[2026-08-24T14:19:33.985+0000] {processor.py:840} INFO - DAG(s) 'example_external_task_marker_parent', 'example_external_task_marker_child' retrieved from /home/airflow/.local/lib/python3.12/site-packages/airflow/example_dags/example_external_task_marker_dag.py
[2026-08-24T14:19:34.016+0000] {logging_mixin.py:188} INFO - [2026-08-24T14:19:34.015+0000] {dag.py:3096} INFO - Sync 2 DAGs
[2026-08-24T14:19:34.033+0000] {logging_mixin.py:188} INFO - [2026-08-24T14:19:34.033+0000] {dag.py:3954} INFO - Setting next_dagrun for example_external_task_marker_child to None, run_after=None
[2026-08-24T14:19:34.039+0000] {logging_mixin.py:188} INFO - [2026-08-24T14:19:34.039+0000] {dag.py:3954} INFO - Setting next_dagrun for example_external_task_marker_parent to None, run_after=None
[2026-08-24T14:19:34.059+0000] {processor.py:183} INFO - Processing /home/airflow/.local/lib/python3.12/site-packages/airflow/example_dags/example_external_task_marker_dag.py took 0.094 seconds
[2026-08-24T14:20:04.695+0000] {processor.py:161} INFO - Started process (PID=879) to work on /home/airflow/.local/lib/python3.12/site-packages/airflow/example_dags/example_external_task_marker_dag.py
[2026-08-24T14:20:04.696+0000] {processor.py:830} INFO - Processing file /home/airflow/.local/lib/python3.12/site-packages/airflow/example_dags/example_external_task_marker_dag.py for tasks to queue
[2026-08-24T14:20:04.699+0000] {logging_mixin.py:188} INFO - [2026-08-24T14:20:04.698+0000] {dagbag.py:545} INFO - Filling up the DagBag from /home/airflow/.local/lib/python3.12/site-packages/airflow/example_dags/example_external_task_marker_dag.py
[2026-08-24T14:20:04.709+0000] {processor.py:840} INFO - DAG(s) 'example_external_task_marker_parent', 'example_external_task_marker_child' retrieved from /home/airflow/.local/lib/python3.12/site-packages/airflow/example_dags/example_external_task_marker_dag.py
[2026-08-24T14:20:04.739+0000] {logging_mixin.py:188} INFO - [2026-08-24T14:20:04.739+0000] {dag.py:3096} INFO - Sync 2 DAGs
[2026-08-24T14:20:04.756+0000] {logging_mixin.py:188} INFO - [2026-08-24T14:20:04.756+0000] {dag.py:3954} INFO - Setting next_dagrun for example_external_task_marker_child to None, run_after=None
[2026-08-24T14:20:04.761+0000] {logging_mixin.py:188} INFO - [2026-08-24T14:20:04.760+0000] {dag.py:3954} INFO - Setting next_dagrun for example_external_task_marker_parent to None, run_after=None
[2026-08-24T14:20:04.781+0000] {processor.py:183} INFO - Processing /home/airflow/.local/lib/python3.12/site-packages/airflow/example_dags/example_external_task_marker_dag.py took 0.094 seconds
[2026-08-24T14:22:16.558+0000] {processor.py:161} INFO - Started process (PID=110) to work on /home/airflow/.local/lib/python3.12/site-packages/airflow/example_dags/example_external_task_marker_dag.py
[2026-08-24T14:22:16.559+0000] {processor.py:830} INFO - Processing file /home/airflow/.local/lib/python3.12/site-packages/airflow/example_dags/example_external_task_marker_dag.py for tasks to queue
[2026-08-24T14:22:16.562+0000] {logging_mixin.py:188} INFO - [2026-08-24T14:22:16.561+0000] {dagbag.py:545} INFO - Filling up the DagBag from /home/airflow/.local/lib/python3.12/site-packages/airflow/example_dags/example_external_task_marker_dag.py
[2026-08-24T14:22:16.576+0000] {processor.py:840} INFO - DAG(s) 'example_external_task_marker_child', 'example_external_task_marker_parent' retrieved from /home/airflow/.local/lib/python3.12/site-packages/airflow/example_dags/example_external_task_marker_dag.py
[2026-08-24T14:22:16.736+0000] {logging_mixin.py:188} INFO - [2026-08-24T14:22:16.735+0000] {dag.py:3096} INFO - Sync 2 DAGs
[2026-08-24T14:22:16.749+0000] {logging_mixin.py:188} INFO - [2026-08-24T14:22:16.749+0000] {dag.py:3954} INFO - Setting next_dagrun for example_external_task_marker_child to None, run_after=None
[2026-08-24T14:22:16.753+0000] {logging_mixin.py:188} INFO - [2026-08-24T14:22:16.753+0000] {dag.py:3954} INFO - Setting next_dagrun for example_external_task_marker_parent to None, run_after=None
[2026-08-24T14:22:17.589+0000] {processor.py:183} INFO - Processing /home/airflow/.local/lib/python3.12/site-packages/airflow/example_dags/example_external_task_marker_dag.py took 1.042 seconds
[2026-08-24T14:23:00.928+0000] {processor.py:161} INFO - Started process (PID=89) to work on /home/airflow/.local/lib/python3.12/site-packages/airflow/example_dags/example_external_task_marker_dag.py
[2026-08-24T14:23:00.929+0000] {processor.py:830} INFO - Processing file /home/airflow/.local/lib/python3.12/site-packages/airflow/example_dags/example_external_task_marker_dag.py for tasks to queue
[2026-08-24T14:23:00.932+0000] {logging_mixin.py:188} INFO - [2026-08-24T14:23:00.931+0000] {dagbag.py:545} INFO - Filling up the DagBag from /home/airflow/.local/lib/python3.12/site-packages/airflow/example_dags/example_external_task_marker_dag.py
[2026-08-24T14:23:00.950+0000] {processor.py:840} INFO - DAG(s) 'example_external_task_marker_parent', 'example_external_task_marker_child' retrieved from /home/airflow/.local/lib/python3.12/site-packages/airflow/example_dags/example_external_task_marker_dag.py
[2026-08-24T14:23:00.983+0000] {logging_mixin.py:188} INFO - [2026-08-24T14:23:00.983+0000] {dag.py:3096} INFO - Sync 2 DAGs
[2026-08-24T14:23:01.003+0000] {logging_mixin.py:188} INFO - [2026-08-24T14:23:01.003+0000] {dag.py:3954} INFO - Setting next_dagrun for example_external_task_marker_child to None, run_after=None
[2026-08-24T14:23:01.008+0000] {logging_mixin.py:188} INFO - [2026-08-24T14:23:01.008+0000] {dag.py:3954} INFO - Setting next_dagrun for example_external_task_marker_parent to None, run_after=None
[2026-08-24T14:23:01.030+0000] {processor.py:183} INFO - Processing /home/airflow/.local/lib/python3.12/site-packages/airflow/example_dags/example_external_task_marker_dag.py took 0.112 seconds
[2026-08-24T14:23:31.617+0000] {processor.py:161} INFO - Started process (PID=149) to work on /home/airflow/.local/lib/python3.12/site-packages/airflow/example_dags/example_external_task_marker_dag.py
[2026-08-24T14:23:31.619+0000] {processor.py:830} INFO - Processing file /home/airflow/.local/lib/python3.12/site-packages/airflow/example_dags/example_external_task_marker_dag.py for tasks to queue
[2026-08-24T14:23:31.622+0000] {logging_mixin.py:188} INFO - [2026-08-24T14:23:31.621+0000] {dagbag.py:545} INFO - Filling up the DagBag from /home/airflow/.local/lib/python3.12/site-packages/airflow/example_dags/example_external_task_marker_dag.py
[2026-08-24T14:23:31.633+0000] {processor.py:840} INFO - DAG(s) 'example_external_task_marker_child', 'example_external_task_marker_parent' retrieved from /home/airflow/.local/lib/python3.12/site-packages/airflow/example_dags/example_external_task_marker_dag.py
[2026-08-24T14:23:31.663+0000] {logging_mixin.py:188} INFO - [2026-08-24T14:23:31.663+0000] {dag.py:3096} INFO - Sync 2 DAGs
[2026-08-24T14:23:31.679+0000] {logging_mixin.py:188} INFO - [2026-08-24T14:23:31.679+0000] {dag.py:3954} INFO - Setting next_dagrun for example_external_task_marker_child to None, run_after=None
[2026-08-24T14:23:31.684+0000] {logging_mixin.py:188} INFO - [2026-08-24T14:23:31.684+0000] {dag.py:3954} INFO - Setting next_dagrun for example_external_task_marker_parent to None, run_after=None
[2026-08-24T14:23:31.705+0000] {processor.py:183} INFO - Processing /home/airflow/.local/lib/python3.12/site-packages/airflow/example_dags/example_external_task_marker_dag.py took 0.098 seconds
[2026-08-24T14:24:04.239+0000] {processor.py:161} INFO - Started process (PID=215) to work on /home/airflow/.local/lib/python3.12/site-packages/airflow/example_dags/example_external_task_marker_dag.py
[2026-08-24T14:24:04.240+0000] {processor.py:830} INFO - Processing file /home/airflow/.local/lib/python3.12/site-packages/airflow/example_dags/example_external_task_marker_dag.py for tasks to queue
[2026-08-24T14:24:04.245+0000] {logging_mixin.py:188} INFO - [2026-08-24T14:24:04.244+0000] {dagbag.py:545} INFO - Filling up the DagBag from /home/airflow/.local/lib/python3.12/site-packages/airflow/example_dags/example_external_task_marker_dag.py
[2026-08-24T14:24:04.256+0000] {processor.py:840} INFO - DAG(s) 'example_external_task_marker_parent', 'example_external_task_marker_child' retrieved from /home/airflow/.local/lib/python3.12/site-packages/airflow/example_dags/example_external_task_marker_dag.py
[2026-08-24T14:24:04.292+0000] {logging_mixin.py:188} INFO - [2026-08-24T14:24:04.292+0000] {dag.py:3096} INFO - Sync 2 DAGs
[2026-08-24T14:24:04.311+0000] {logging_mixin.py:188} INFO - [2026-08-24T14:24:04.310+0000] {dag.py:3954} INFO - Setting next_dagrun for example_external_task_marker_child to None, run_after=None
[2026-08-24T14:24:04.317+0000] {logging_mixin.py:188} INFO - [2026-08-24T14:24:04.316+0000] {dag.py:3954} INFO - Setting next_dagrun for example_external_task_marker_parent to None, run_after=None
[2026-08-24T14:24:04.340+0000] {processor.py:183} INFO - Processing /home/airflow/.local/lib/python3.12/site-packages/airflow/example_dags/example_external_task_marker_dag.py took 0.112 seconds
[2026-08-24T14:24:35.310+0000] {processor.py:161} INFO - Started process (PID=275) to work on /home/airflow/.local/lib/python3.12/site-packages/airflow/example_dags/example_external_task_marker_dag.py
[2026-08-24T14:24:35.311+0000] {processor.py:830} INFO - Processing file /home/airflow/.local/lib/python3.12/site-packages/airflow/example_dags/example_external_task_marker_dag.py for tasks to queue
[2026-08-24T14:24:35.315+0000] {logging_mixin.py:188} INFO - [2026-08-24T14:24:35.314+0000] {dagbag.py:545} INFO - Filling up the DagBag from /home/airflow/.local/lib/python3.12/site-packages/airflow/example_dags/example_external_task_marker_dag.py
[2026-08-24T14:24:35.323+0000] {processor.py:840} INFO - DAG(s) 'example_external_task_marker_parent', 'example_external_task_marker_child' retrieved from /home/airflow/.local/lib/python3.12/site-packages/airflow/example_dags/example_external_task_marker_dag.py
[2026-08-24T14:24:35.352+0000] {logging_mixin.py:188} INFO - [2026-08-24T14:24:35.352+0000] {dag.py:3096} INFO - Sync 2 DAGs
[2026-08-24T14:24:35.372+0000] {logging_mixin.py:188} INFO - [2026-08-24T14:24:35.371+0000] {dag.py:3954} INFO - Setting next_dagrun for example_external_task_marker_child to None, run_after=None
[2026-08-24T14:24:35.377+0000] {logging_mixin.py:188} INFO - [2026-08-24T14:24:35.376+0000] {dag.py:3954} INFO - Setting next_dagrun for example_external_task_marker_parent to None, run_after=None
[2026-08-24T14:24:35.397+0000] {processor.py:183} INFO - Processing /home/airflow/.local/lib/python3.12/site-packages/airflow/example_dags/example_external_task_marker_dag.py took 0.095 seconds
[2026-08-24T14:25:06.012+0000] {processor.py:161} INFO - Started process (PID=335) to work on /home/airflow/.local/lib/python3.12/site-packages/airflow/example_dags/example_external_task_marker_dag.py
[2026-08-24T14:25:06.014+0000] {processor.py:830} INFO - Processing file /home/airflow/.local/lib/python3.12/site-packages/airflow/example_dags/example_external_task_marker_dag.py for tasks to queue
[2026-08-24T14:25:06.017+0000] {logging_mixin.py:188} INFO - [2026-08-24T14:25:06.017+0000] {dagbag.py:545} INFO - Filling up the DagBag from /home/airflow/.local/lib/python3.12/site-packages/airflow/example_dags/example_external_task_marker_dag.py
[2026-08-24T14:25:06.029+0000] {processor.py:840} INFO - DAG(s) 'example_external_task_marker_parent', 'example_external_task_marker_child' retrieved from /home/airflow/.local/lib/python3.12/site-packages/airflow/example_dags/example_external_task_marker_dag.py
[2026-08-24T14:25:06.060+0000] {logging_mixin.py:188} INFO - [2026-08-24T14:25:06.059+0000] {dag.py:3096} INFO - Sync 2 DAGs
[2026-08-24T14:25:06.077+0000] {logging_mixin.py:188} INFO - [2026-08-24T14:25:06.076+0000] {dag.py:3954} INFO - Setting next_dagrun for example_external_task_marker_child to None, run_after=None
[2026-08-24T14:25:06.081+0000] {logging_mixin.py:188} INFO - [2026-08-24T14:25:06.081+0000] {dag.py:3954} INFO - Setting next_dagrun for example_external_task_marker_parent to None, run_after=None
[2026-08-24T14:25:06.104+0000] {processor.py:183} INFO - Processing /home/airflow/.local/lib/python3.12/site-packages/airflow/example_dags/example_external_task_marker_dag.py took 0.101 seconds
[2026-08-24T14:25:37.102+0000] {processor.py:161} INFO - Started process (PID=395) to work on /home/airflow/.local/lib/python3.12/site-packages/airflow/example_dags/example_external_task_marker_dag.py
[2026-08-24T14:25:37.104+0000] {processor.py:830} INFO - Processing file /home/airflow/.local/lib/python3.12/site-packages/airflow/example_dags/example_external_task_marker_dag.py for tasks to queue
[2026-08-24T14:25:37.106+0000] {logging_mixin.py:188} INFO - [2026-08-24T14:25:37.106+0000] {dagbag.py:545} INFO - Filling up the DagBag from /home/airflow/.local/lib/python3.12/site-packages/airflow/example_dags/example_external_task_marker_dag.py
[2026-08-24T14:25:37.115+0000] {processor.py:840} INFO - DAG(s) 'example_external_task_marker_child', 'example_external_task_marker_parent' retrieved from /home/airflow/.local/lib/python3.12/site-packages/airflow/example_dags/example_external_task_marker_dag.py
[2026-08-24T14:25:37.143+0000] {logging_mixin.py:188} INFO - [2026-08-24T14:25:37.143+0000] {dag.py:3096} INFO - Sync 2 DAGs
[2026-08-24T14:25:37.165+0000] {logging_mixin.py:188} INFO - [2026-08-24T14:25:37.165+0000] {dag.py:3954} INFO - Setting next_dagrun for example_external_task_marker_child to None, run_after=None
[2026-08-24T14:25:37.170+0000] {logging_mixin.py:188} INFO - [2026-08-24T14:25:37.170+0000] {dag.py:3954} INFO - Setting next_dagrun for example_external_task_marker_parent to None, run_after=None
[2026-08-24T14:25:37.194+0000] {processor.py:183} INFO - Processing /home/airflow/.local/lib/python3.12/site-packages/airflow/example_dags/example_external_task_marker_dag.py took 0.099 seconds
[2026-08-24T14:26:07.265+0000] {processor.py:161} INFO - Started process (PID=453) to work on /home/airflow/.local/lib/python3.12/site-packages/airflow/example_dags/example_external_task_marker_dag.py
[2026-08-24T14:26:07.266+0000] {processor.py:830} INFO - Processing file /home/airflow/.local/lib/python3.12/site-packages/airflow/example_dags/example_external_task_marker_dag.py for tasks to queue
[2026-08-24T14:26:07.270+0000] {logging_mixin.py:188} INFO - [2026-08-24T14:26:07.269+0000] {dagbag.py:545} INFO - Filling up the DagBag from /home/airflow/.local/lib/python3.12/site-packages/airflow/example_dags/example_external_task_marker_dag.py
[2026-08-24T14:26:07.278+0000] {processor.py:840} INFO - DAG(s) 'example_external_task_marker_child', 'example_external_task_marker_parent' retrieved from /home/airflow/.local/lib/python3.12/site-packages/airflow/example_dags/example_external_task_marker_dag.py
[2026-08-24T14:26:07.310+0000] {logging_mixin.py:188} INFO - [2026-08-24T14:26:07.309+0000] {dag.py:3096} INFO - Sync 2 DAGs
[2026-08-24T14:26:07.326+0000] {logging_mixin.py:188} INFO - [2026-08-24T14:26:07.325+0000] {dag.py:3954} INFO - Setting next_dagrun for example_external_task_marker_child to None, run_after=None
[2026-08-24T14:26:07.330+0000] {logging_mixin.py:188} INFO - [2026-08-24T14:26:07.330+0000] {dag.py:3954} INFO - Setting next_dagrun for example_external_task_marker_parent to None, run_after=None
[2026-08-24T14:26:07.349+0000] {processor.py:183} INFO - Processing /home/airflow/.local/lib/python3.12/site-packages/airflow/example_dags/example_external_task_marker_dag.py took 0.092 seconds
[2026-08-24T14:26:37.568+0000] {processor.py:161} INFO - Started process (PID=513) to work on /home/airflow/.local/lib/python3.12/site-packages/airflow/example_dags/example_external_task_marker_dag.py
[2026-08-24T14:26:37.570+0000] {processor.py:830} INFO - Processing file /home/airflow/.local/lib/python3.12/site-packages/airflow/example_dags/example_external_task_marker_dag.py for tasks to queue
[2026-08-24T14:26:37.573+0000] {logging_mixin.py:188} INFO - [2026-08-24T14:26:37.572+0000] {dagbag.py:545} INFO - Filling up the DagBag from /home/airflow/.local/lib/python3.12/site-packages/airflow/example_dags/example_external_task_marker_dag.py
[2026-08-24T14:26:37.580+0000] {processor.py:840} INFO - DAG(s) 'example_external_task_marker_parent', 'example_external_task_marker_child' retrieved from /home/airflow/.local/lib/python3.12/site-packages/airflow/example_dags/example_external_task_marker_dag.py
[2026-08-24T14:26:37.610+0000] {logging_mixin.py:188} INFO - [2026-08-24T14:26:37.610+0000] {dag.py:3096} INFO - Sync 2 DAGs
[2026-08-24T14:26:37.628+0000] {logging_mixin.py:188} INFO - [2026-08-24T14:26:37.627+0000] {dag.py:3954} INFO - Setting next_dagrun for example_external_task_marker_child to None, run_after=None
[2026-08-24T14:26:37.633+0000] {logging_mixin.py:188} INFO - [2026-08-24T14:26:37.632+0000] {dag.py:3954} INFO - Setting next_dagrun for example_external_task_marker_parent to None, run_after=None
[2026-08-24T14:26:37.656+0000] {processor.py:183} INFO - Processing /home/airflow/.local/lib/python3.12/site-packages/airflow/example_dags/example_external_task_marker_dag.py took 0.094 seconds
[2026-08-24T14:27:08.242+0000] {processor.py:161} INFO - Started process (PID=573) to work on /home/airflow/.local/lib/python3.12/site-packages/airflow/example_dags/example_external_task_marker_dag.py
[2026-08-24T14:27:08.243+0000] {processor.py:830} INFO - Processing file /home/airflow/.local/lib/python3.12/site-packages/airflow/example_dags/example_external_task_marker_dag.py for tasks to queue
[2026-08-24T14:27:08.247+0000] {logging_mixin.py:188} INFO - [2026-08-24T14:27:08.246+0000] {dagbag.py:545} INFO - Filling up the DagBag from /home/airflow/.local/lib/python3.12/site-packages/airflow/example_dags/example_external_task_marker_dag.py
[2026-08-24T14:27:08.256+0000] {processor.py:840} INFO - DAG(s) 'example_external_task_marker_child', 'example_external_task_marker_parent' retrieved from /home/airflow/.local/lib/python3.12/site-packages/airflow/example_dags/example_external_task_marker_dag.py
[2026-08-24T14:27:08.294+0000] {logging_mixin.py:188} INFO - [2026-08-24T14:27:08.294+0000] {dag.py:3096} INFO - Sync 2 DAGs
[2026-08-24T14:27:08.313+0000] {logging_mixin.py:188} INFO - [2026-08-24T14:27:08.313+0000] {dag.py:3954} INFO - Setting next_dagrun for example_external_task_marker_child to None, run_after=None
[2026-08-24T14:27:08.320+0000] {logging_mixin.py:188} INFO - [2026-08-24T14:27:08.320+0000] {dag.py:3954} INFO - Setting next_dagrun for example_external_task_marker_parent to None, run_after=None
[2026-08-24T14:27:08.346+0000] {processor.py:183} INFO - Processing /home/airflow/.local/lib/python3.12/site-packages/airflow/example_dags/example_external_task_marker_dag.py took 0.113 seconds
[2026-08-24T14:27:38.654+0000] {processor.py:161} INFO - Started process (PID=633) to work on /home/airflow/.local/lib/python3.12/site-packages/airflow/example_dags/example_external_task_marker_dag.py
[2026-08-24T14:27:38.656+0000] {processor.py:830} INFO - Processing file /home/airflow/.local/lib/python3.12/site-packages/airflow/example_dags/example_external_task_marker_dag.py for tasks to queue
[2026-08-24T14:27:38.661+0000] {logging_mixin.py:188} INFO - [2026-08-24T14:27:38.660+0000] {dagbag.py:545} INFO - Filling up the DagBag from /home/airflow/.local/lib/python3.12/site-packages/airflow/example_dags/example_external_task_marker_dag.py
[2026-08-24T14:27:38.670+0000] {processor.py:840} INFO - DAG(s) 'example_external_task_marker_parent', 'example_external_task_marker_child' retrieved from /home/airflow/.local/lib/python3.12/site-packages/airflow/example_dags/example_external_task_marker_dag.py
[2026-08-24T14:27:38.703+0000] {logging_mixin.py:188} INFO - [2026-08-24T14:27:38.703+0000] {dag.py:3096} INFO - Sync 2 DAGs
[2026-08-24T14:27:38.721+0000] {logging_mixin.py:188} INFO - [2026-08-24T14:27:38.720+0000] {dag.py:3954} INFO - Setting next_dagrun for example_external_task_marker_child to None, run_after=None
[2026-08-24T14:27:38.726+0000] {logging_mixin.py:188} INFO - [2026-08-24T14:27:38.725+0000] {dag.py:3954} INFO - Setting next_dagrun for example_external_task_marker_parent to None, run_after=None
[2026-08-24T14:27:38.748+0000] {processor.py:183} INFO - Processing /home/airflow/.local/lib/python3.12/site-packages/airflow/example_dags/example_external_task_marker_dag.py took 0.103 seconds
[2026-08-24T14:28:08.821+0000] {processor.py:161} INFO - Started process (PID=693) to work on /home/airflow/.local/lib/python3.12/site-packages/airflow/example_dags/example_external_task_marker_dag.py
[2026-08-24T14:28:08.822+0000] {processor.py:830} INFO - Processing file /home/airflow/.local/lib/python3.12/site-packages/airflow/example_dags/example_external_task_marker_dag.py for tasks to queue
[2026-08-24T14:28:08.824+0000] {logging_mixin.py:188} INFO - [2026-08-24T14:28:08.824+0000] {dagbag.py:545} INFO - Filling up the DagBag from /home/airflow/.local/lib/python3.12/site-packages/airflow/example_dags/example_external_task_marker_dag.py
[2026-08-24T14:28:08.832+0000] {processor.py:840} INFO - DAG(s) 'example_external_task_marker_child', 'example_external_task_marker_parent' retrieved from /home/airflow/.local/lib/python3.12/site-packages/airflow/example_dags/example_external_task_marker_dag.py
[2026-08-24T14:28:08.862+0000] {logging_mixin.py:188} INFO - [2026-08-24T14:28:08.862+0000] {dag.py:3096} INFO - Sync 2 DAGs
[2026-08-24T14:28:08.878+0000] {logging_mixin.py:188} INFO - [2026-08-24T14:28:08.878+0000] {dag.py:3954} INFO - Setting next_dagrun for example_external_task_marker_child to None, run_after=None
[2026-08-24T14:28:08.882+0000] {logging_mixin.py:188} INFO - [2026-08-24T14:28:08.882+0000] {dag.py:3954} INFO - Setting next_dagrun for example_external_task_marker_parent to None, run_after=None
[2026-08-24T14:28:08.904+0000] {processor.py:183} INFO - Processing /home/airflow/.local/lib/python3.12/site-packages/airflow/example_dags/example_external_task_marker_dag.py took 0.091 seconds
[2026-08-24T14:28:39.150+0000] {processor.py:161} INFO - Started process (PID=752) to work on /home/airflow/.local/lib/python3.12/site-packages/airflow/example_dags/example_external_task_marker_dag.py
[2026-08-24T14:28:39.151+0000] {processor.py:830} INFO - Processing file /home/airflow/.local/lib/python3.12/site-packages/airflow/example_dags/example_external_task_marker_dag.py for tasks to queue
[2026-08-24T14:28:39.153+0000] {logging_mixin.py:188} INFO - [2026-08-24T14:28:39.153+0000] {dagbag.py:545} INFO - Filling up the DagBag from /home/airflow/.local/lib/python3.12/site-packages/airflow/example_dags/example_external_task_marker_dag.py
[2026-08-24T14:28:39.161+0000] {processor.py:840} INFO - DAG(s) 'example_external_task_marker_child', 'example_external_task_marker_parent' retrieved from /home/airflow/.local/lib/python3.12/site-packages/airflow/example_dags/example_external_task_marker_dag.py
[2026-08-24T14:28:39.189+0000] {logging_mixin.py:188} INFO - [2026-08-24T14:28:39.189+0000] {dag.py:3096} INFO - Sync 2 DAGs
[2026-08-24T14:28:39.206+0000] {logging_mixin.py:188} INFO - [2026-08-24T14:28:39.206+0000] {dag.py:3954} INFO - Setting next_dagrun for example_external_task_marker_child to None, run_after=None
[2026-08-24T14:28:39.211+0000] {logging_mixin.py:188} INFO - [2026-08-24T14:28:39.210+0000] {dag.py:3954} INFO - Setting next_dagrun for example_external_task_marker_parent to None, run_after=None
[2026-08-24T14:28:39.230+0000] {processor.py:183} INFO - Processing /home/airflow/.local/lib/python3.12/site-packages/airflow/example_dags/example_external_task_marker_dag.py took 0.089 seconds
[2026-08-24T14:29:09.951+0000] {processor.py:161} INFO - Started process (PID=812) to work on /home/airflow/.local/lib/python3.12/site-packages/airflow/example_dags/example_external_task_marker_dag.py
[2026-08-24T14:29:09.953+0000] {processor.py:830} INFO - Processing file /home/airflow/.local/lib/python3.12/site-packages/airflow/example_dags/example_external_task_marker_dag.py for tasks to queue
[2026-08-24T14:29:09.956+0000] {logging_mixin.py:188} INFO - [2026-08-24T14:29:09.955+0000] {dagbag.py:545} INFO - Filling up the DagBag from /home/airflow/.local/lib/python3.12/site-packages/airflow/example_dags/example_external_task_marker_dag.py
[2026-08-24T14:29:09.967+0000] {processor.py:840} INFO - DAG(s) 'example_external_task_marker_parent', 'example_external_task_marker_child' retrieved from /home/airflow/.local/lib/python3.12/site-packages/airflow/example_dags/example_external_task_marker_dag.py
[2026-08-24T14:29:10.001+0000] {logging_mixin.py:188} INFO - [2026-08-24T14:29:10.001+0000] {dag.py:3096} INFO - Sync 2 DAGs
[2026-08-24T14:29:10.021+0000] {logging_mixin.py:188} INFO - [2026-08-24T14:29:10.021+0000] {dag.py:3954} INFO - Setting next_dagrun for example_external_task_marker_child to None, run_after=None
[2026-08-24T14:29:10.026+0000] {logging_mixin.py:188} INFO - [2026-08-24T14:29:10.026+0000] {dag.py:3954} INFO - Setting next_dagrun for example_external_task_marker_parent to None, run_after=None
[2026-08-24T14:29:10.050+0000] {processor.py:183} INFO - Processing /home/airflow/.local/lib/python3.12/site-packages/airflow/example_dags/example_external_task_marker_dag.py took 0.107 seconds
[2026-08-24T14:29:40.367+0000] {processor.py:161} INFO - Started process (PID=873) to work on /home/airflow/.local/lib/python3.12/site-packages/airflow/example_dags/example_external_task_marker_dag.py
[2026-08-24T14:29:40.368+0000] {processor.py:830} INFO - Processing file /home/airflow/.local/lib/python3.12/site-packages/airflow/example_dags/example_external_task_marker_dag.py for tasks to queue
[2026-08-24T14:29:40.371+0000] {logging_mixin.py:188} INFO - [2026-08-24T14:29:40.371+0000] {dagbag.py:545} INFO - Filling up the DagBag from /home/airflow/.local/lib/python3.12/site-packages/airflow/example_dags/example_external_task_marker_dag.py
[2026-08-24T14:29:40.381+0000] {processor.py:840} INFO - DAG(s) 'example_external_task_marker_child', 'example_external_task_marker_parent' retrieved from /home/airflow/.local/lib/python3.12/site-packages/airflow/example_dags/example_external_task_marker_dag.py
[2026-08-24T14:29:40.410+0000] {logging_mixin.py:188} INFO - [2026-08-24T14:29:40.410+0000] {dag.py:3096} INFO - Sync 2 DAGs
[2026-08-24T14:29:40.427+0000] {logging_mixin.py:188} INFO - [2026-08-24T14:29:40.427+0000] {dag.py:3954} INFO - Setting next_dagrun for example_external_task_marker_child to None, run_after=None
[2026-08-24T14:29:40.432+0000] {logging_mixin.py:188} INFO - [2026-08-24T14:29:40.432+0000] {dag.py:3954} INFO - Setting next_dagrun for example_external_task_marker_parent to None, run_after=None
[2026-08-24T14:29:40.465+0000] {processor.py:183} INFO - Processing /home/airflow/.local/lib/python3.12/site-packages/airflow/example_dags/example_external_task_marker_dag.py took 0.106 seconds
[2026-08-24T14:30:10.576+0000] {processor.py:161} INFO - Started process (PID=933) to work on /home/airflow/.local/lib/python3.12/site-packages/airflow/example_dags/example_external_task_marker_dag.py
[2026-08-24T14:30:10.578+0000] {processor.py:830} INFO - Processing file /home/airflow/.local/lib/python3.12/site-packages/airflow/example_dags/example_external_task_marker_dag.py for tasks to queue
[2026-08-24T14:30:10.580+0000] {logging_mixin.py:188} INFO - [2026-08-24T14:30:10.580+0000] {dagbag.py:545} INFO - Filling up the DagBag from /home/airflow/.local/lib/python3.12/site-packages/airflow/example_dags/example_external_task_marker_dag.py
[2026-08-24T14:30:10.590+0000] {processor.py:840} INFO - DAG(s) 'example_external_task_marker_child', 'example_external_task_marker_parent' retrieved from /home/airflow/.local/lib/python3.12/site-packages/airflow/example_dags/example_external_task_marker_dag.py
[2026-08-24T14:30:10.619+0000] {logging_mixin.py:188} INFO - [2026-08-24T14:30:10.619+0000] {dag.py:3096} INFO - Sync 2 DAGs
[2026-08-24T14:30:10.639+0000] {logging_mixin.py:188} INFO - [2026-08-24T14:30:10.639+0000] {dag.py:3954} INFO - Setting next_dagrun for example_external_task_marker_child to None, run_after=None
[2026-08-24T14:30:10.644+0000] {logging_mixin.py:188} INFO - [2026-08-24T14:30:10.644+0000] {dag.py:3954} INFO - Setting next_dagrun for example_external_task_marker_parent to None, run_after=None
[2026-08-24T14:30:10.666+0000] {processor.py:183} INFO - Processing /home/airflow/.local/lib/python3.12/site-packages/airflow/example_dags/example_external_task_marker_dag.py took 0.100 seconds
[2026-08-24T14:30:41.561+0000] {processor.py:161} INFO - Started process (PID=994) to work on /home/airflow/.local/lib/python3.12/site-packages/airflow/example_dags/example_external_task_marker_dag.py
[2026-08-24T14:30:41.563+0000] {processor.py:830} INFO - Processing file /home/airflow/.local/lib/python3.12/site-packages/airflow/example_dags/example_external_task_marker_dag.py for tasks to queue
[2026-08-24T14:30:41.566+0000] {logging_mixin.py:188} INFO - [2026-08-24T14:30:41.565+0000] {dagbag.py:545} INFO - Filling up the DagBag from /home/airflow/.local/lib/python3.12/site-packages/airflow/example_dags/example_external_task_marker_dag.py
[2026-08-24T14:30:41.573+0000] {processor.py:840} INFO - DAG(s) 'example_external_task_marker_child', 'example_external_task_marker_parent' retrieved from /home/airflow/.local/lib/python3.12/site-packages/airflow/example_dags/example_external_task_marker_dag.py
[2026-08-24T14:30:41.601+0000] {logging_mixin.py:188} INFO - [2026-08-24T14:30:41.600+0000] {dag.py:3096} INFO - Sync 2 DAGs
[2026-08-24T14:30:41.620+0000] {logging_mixin.py:188} INFO - [2026-08-24T14:30:41.620+0000] {dag.py:3954} INFO - Setting next_dagrun for example_external_task_marker_child to None, run_after=None
[2026-08-24T14:30:41.627+0000] {logging_mixin.py:188} INFO - [2026-08-24T14:30:41.626+0000] {dag.py:3954} INFO - Setting next_dagrun for example_external_task_marker_parent to None, run_after=None
[2026-08-24T14:30:41.648+0000] {processor.py:183} INFO - Processing /home/airflow/.local/lib/python3.12/site-packages/airflow/example_dags/example_external_task_marker_dag.py took 0.094 seconds
[2026-08-24T14:31:12.284+0000] {processor.py:161} INFO - Started process (PID=1054) to work on /home/airflow/.local/lib/python3.12/site-packages/airflow/example_dags/example_external_task_marker_dag.py
[2026-08-24T14:31:12.285+0000] {processor.py:830} INFO - Processing file /home/airflow/.local/lib/python3.12/site-packages/airflow/example_dags/example_external_task_marker_dag.py for tasks to queue
[2026-08-24T14:31:12.288+0000] {logging_mixin.py:188} INFO - [2026-08-24T14:31:12.288+0000] {dagbag.py:545} INFO - Filling up the DagBag from /home/airflow/.local/lib/python3.12/site-packages/airflow/example_dags/example_external_task_marker_dag.py
[2026-08-24T14:31:12.295+0000] {processor.py:840} INFO - DAG(s) 'example_external_task_marker_parent', 'example_external_task_marker_child' retrieved from /home/airflow/.local/lib/python3.12/site-packages/airflow/example_dags/example_external_task_marker_dag.py
[2026-08-24T14:31:12.322+0000] {logging_mixin.py:188} INFO - [2026-08-24T14:31:12.322+0000] {dag.py:3096} INFO - Sync 2 DAGs
[2026-08-24T14:31:12.338+0000] {logging_mixin.py:188} INFO - [2026-08-24T14:31:12.338+0000] {dag.py:3954} INFO - Setting next_dagrun for example_external_task_marker_child to None, run_after=None
[2026-08-24T14:31:12.343+0000] {logging_mixin.py:188} INFO - [2026-08-24T14:31:12.343+0000] {dag.py:3954} INFO - Setting next_dagrun for example_external_task_marker_parent to None, run_after=None
[2026-08-24T14:31:12.363+0000] {processor.py:183} INFO - Processing /home/airflow/.local/lib/python3.12/site-packages/airflow/example_dags/example_external_task_marker_dag.py took 0.086 seconds
[2026-08-24T14:35:24.688+0000] {processor.py:161} INFO - Started process (PID=112) to work on /home/airflow/.local/lib/python3.12/site-packages/airflow/example_dags/example_external_task_marker_dag.py
[2026-08-24T14:35:24.689+0000] {processor.py:830} INFO - Processing file /home/airflow/.local/lib/python3.12/site-packages/airflow/example_dags/example_external_task_marker_dag.py for tasks to queue
[2026-08-24T14:35:24.692+0000] {logging_mixin.py:188} INFO - [2026-08-24T14:35:24.691+0000] {dagbag.py:545} INFO - Filling up the DagBag from /home/airflow/.local/lib/python3.12/site-packages/airflow/example_dags/example_external_task_marker_dag.py
[2026-08-24T14:35:24.708+0000] {processor.py:840} INFO - DAG(s) 'example_external_task_marker_parent', 'example_external_task_marker_child' retrieved from /home/airflow/.local/lib/python3.12/site-packages/airflow/example_dags/example_external_task_marker_dag.py
[2026-08-24T14:35:24.864+0000] {logging_mixin.py:188} INFO - [2026-08-24T14:35:24.864+0000] {dag.py:3096} INFO - Sync 2 DAGs
[2026-08-24T14:35:24.880+0000] {logging_mixin.py:188} INFO - [2026-08-24T14:35:24.880+0000] {dag.py:3954} INFO - Setting next_dagrun for example_external_task_marker_child to None, run_after=None
[2026-08-24T14:35:24.884+0000] {logging_mixin.py:188} INFO - [2026-08-24T14:35:24.884+0000] {dag.py:3954} INFO - Setting next_dagrun for example_external_task_marker_parent to None, run_after=None
[2026-08-24T14:35:24.910+0000] {processor.py:183} INFO - Processing /home/airflow/.local/lib/python3.12/site-packages/airflow/example_dags/example_external_task_marker_dag.py took 0.229 seconds
[2026-08-24T14:35:55.191+0000] {processor.py:161} INFO - Started process (PID=172) to work on /home/airflow/.local/lib/python3.12/site-packages/airflow/example_dags/example_external_task_marker_dag.py
[2026-08-24T14:35:55.192+0000] {processor.py:830} INFO - Processing file /home/airflow/.local/lib/python3.12/site-packages/airflow/example_dags/example_external_task_marker_dag.py for tasks to queue
[2026-08-24T14:35:55.195+0000] {logging_mixin.py:188} INFO - [2026-08-24T14:35:55.194+0000] {dagbag.py:545} INFO - Filling up the DagBag from /home/airflow/.local/lib/python3.12/site-packages/airflow/example_dags/example_external_task_marker_dag.py
[2026-08-24T14:35:55.202+0000] {processor.py:840} INFO - DAG(s) 'example_external_task_marker_parent', 'example_external_task_marker_child' retrieved from /home/airflow/.local/lib/python3.12/site-packages/airflow/example_dags/example_external_task_marker_dag.py
[2026-08-24T14:35:55.232+0000] {logging_mixin.py:188} INFO - [2026-08-24T14:35:55.231+0000] {dag.py:3096} INFO - Sync 2 DAGs
[2026-08-24T14:35:55.255+0000] {logging_mixin.py:188} INFO - [2026-08-24T14:35:55.254+0000] {dag.py:3954} INFO - Setting next_dagrun for example_external_task_marker_child to None, run_after=None
[2026-08-24T14:35:55.260+0000] {logging_mixin.py:188} INFO - [2026-08-24T14:35:55.259+0000] {dag.py:3954} INFO - Setting next_dagrun for example_external_task_marker_parent to None, run_after=None
[2026-08-24T14:35:55.280+0000] {processor.py:183} INFO - Processing /home/airflow/.local/lib/python3.12/site-packages/airflow/example_dags/example_external_task_marker_dag.py took 0.097 seconds
[2026-08-24T14:36:26.514+0000] {processor.py:161} INFO - Started process (PID=232) to work on /home/airflow/.local/lib/python3.12/site-packages/airflow/example_dags/example_external_task_marker_dag.py
[2026-08-24T14:36:26.516+0000] {processor.py:830} INFO - Processing file /home/airflow/.local/lib/python3.12/site-packages/airflow/example_dags/example_external_task_marker_dag.py for tasks to queue
[2026-08-24T14:36:26.519+0000] {logging_mixin.py:188} INFO - [2026-08-24T14:36:26.518+0000] {dagbag.py:545} INFO - Filling up the DagBag from /home/airflow/.local/lib/python3.12/site-packages/airflow/example_dags/example_external_task_marker_dag.py
[2026-08-24T14:36:26.527+0000] {processor.py:840} INFO - DAG(s) 'example_external_task_marker_parent', 'example_external_task_marker_child' retrieved from /home/airflow/.local/lib/python3.12/site-packages/airflow/example_dags/example_external_task_marker_dag.py
[2026-08-24T14:36:26.561+0000] {logging_mixin.py:188} INFO - [2026-08-24T14:36:26.561+0000] {dag.py:3096} INFO - Sync 2 DAGs
[2026-08-24T14:36:26.579+0000] {logging_mixin.py:188} INFO - [2026-08-24T14:36:26.579+0000] {dag.py:3954} INFO - Setting next_dagrun for example_external_task_marker_child to None, run_after=None
[2026-08-24T14:36:26.585+0000] {logging_mixin.py:188} INFO - [2026-08-24T14:36:26.585+0000] {dag.py:3954} INFO - Setting next_dagrun for example_external_task_marker_parent to None, run_after=None
[2026-08-24T14:36:26.606+0000] {processor.py:183} INFO - Processing /home/airflow/.local/lib/python3.12/site-packages/airflow/example_dags/example_external_task_marker_dag.py took 0.102 seconds
[2026-08-24T14:36:57.361+0000] {processor.py:161} INFO - Started process (PID=293) to work on /home/airflow/.local/lib/python3.12/site-packages/airflow/example_dags/example_external_task_marker_dag.py
[2026-08-24T14:36:57.362+0000] {processor.py:830} INFO - Processing file /home/airflow/.local/lib/python3.12/site-packages/airflow/example_dags/example_external_task_marker_dag.py for tasks to queue
[2026-08-24T14:36:57.366+0000] {logging_mixin.py:188} INFO - [2026-08-24T14:36:57.365+0000] {dagbag.py:545} INFO - Filling up the DagBag from /home/airflow/.local/lib/python3.12/site-packages/airflow/example_dags/example_external_task_marker_dag.py
[2026-08-24T14:36:57.375+0000] {processor.py:840} INFO - DAG(s) 'example_external_task_marker_child', 'example_external_task_marker_parent' retrieved from /home/airflow/.local/lib/python3.12/site-packages/airflow/example_dags/example_external_task_marker_dag.py
[2026-08-24T14:36:57.407+0000] {logging_mixin.py:188} INFO - [2026-08-24T14:36:57.407+0000] {dag.py:3096} INFO - Sync 2 DAGs
[2026-08-24T14:36:57.428+0000] {logging_mixin.py:188} INFO - [2026-08-24T14:36:57.427+0000] {dag.py:3954} INFO - Setting next_dagrun for example_external_task_marker_child to None, run_after=None
[2026-08-24T14:36:57.438+0000] {logging_mixin.py:188} INFO - [2026-08-24T14:36:57.438+0000] {dag.py:3954} INFO - Setting next_dagrun for example_external_task_marker_parent to None, run_after=None
[2026-08-24T14:36:57.464+0000] {processor.py:183} INFO - Processing /home/airflow/.local/lib/python3.12/site-packages/airflow/example_dags/example_external_task_marker_dag.py took 0.111 seconds
[2026-08-24T14:37:27.537+0000] {processor.py:161} INFO - Started process (PID=351) to work on /home/airflow/.local/lib/python3.12/site-packages/airflow/example_dags/example_external_task_marker_dag.py
[2026-08-24T14:37:27.539+0000] {processor.py:830} INFO - Processing file /home/airflow/.local/lib/python3.12/site-packages/airflow/example_dags/example_external_task_marker_dag.py for tasks to queue
[2026-08-24T14:37:27.543+0000] {logging_mixin.py:188} INFO - [2026-08-24T14:37:27.542+0000] {dagbag.py:545} INFO - Filling up the DagBag from /home/airflow/.local/lib/python3.12/site-packages/airflow/example_dags/example_external_task_marker_dag.py
[2026-08-24T14:37:27.555+0000] {processor.py:840} INFO - DAG(s) 'example_external_task_marker_parent', 'example_external_task_marker_child' retrieved from /home/airflow/.local/lib/python3.12/site-packages/airflow/example_dags/example_external_task_marker_dag.py
[2026-08-24T14:37:27.596+0000] {logging_mixin.py:188} INFO - [2026-08-24T14:37:27.596+0000] {dag.py:3096} INFO - Sync 2 DAGs
[2026-08-24T14:37:27.621+0000] {logging_mixin.py:188} INFO - [2026-08-24T14:37:27.621+0000] {dag.py:3954} INFO - Setting next_dagrun for example_external_task_marker_child to None, run_after=None
[2026-08-24T14:37:27.629+0000] {logging_mixin.py:188} INFO - [2026-08-24T14:37:27.628+0000] {dag.py:3954} INFO - Setting next_dagrun for example_external_task_marker_parent to None, run_after=None
[2026-08-24T14:37:27.663+0000] {processor.py:183} INFO - Processing /home/airflow/.local/lib/python3.12/site-packages/airflow/example_dags/example_external_task_marker_dag.py took 0.135 seconds
[2026-08-24T14:37:57.856+0000] {processor.py:161} INFO - Started process (PID=411) to work on /home/airflow/.local/lib/python3.12/site-packages/airflow/example_dags/example_external_task_marker_dag.py
[2026-08-24T14:37:57.857+0000] {processor.py:830} INFO - Processing file /home/airflow/.local/lib/python3.12/site-packages/airflow/example_dags/example_external_task_marker_dag.py for tasks to queue
[2026-08-24T14:37:57.860+0000] {logging_mixin.py:188} INFO - [2026-08-24T14:37:57.859+0000] {dagbag.py:545} INFO - Filling up the DagBag from /home/airflow/.local/lib/python3.12/site-packages/airflow/example_dags/example_external_task_marker_dag.py
[2026-08-24T14:37:57.868+0000] {processor.py:840} INFO - DAG(s) 'example_external_task_marker_parent', 'example_external_task_marker_child' retrieved from /home/airflow/.local/lib/python3.12/site-packages/airflow/example_dags/example_external_task_marker_dag.py
[2026-08-24T14:37:57.899+0000] {logging_mixin.py:188} INFO - [2026-08-24T14:37:57.899+0000] {dag.py:3096} INFO - Sync 2 DAGs
[2026-08-24T14:37:57.916+0000] {logging_mixin.py:188} INFO - [2026-08-24T14:37:57.915+0000] {dag.py:3954} INFO - Setting next_dagrun for example_external_task_marker_child to None, run_after=None
[2026-08-24T14:37:57.921+0000] {logging_mixin.py:188} INFO - [2026-08-24T14:37:57.920+0000] {dag.py:3954} INFO - Setting next_dagrun for example_external_task_marker_parent to None, run_after=None
[2026-08-24T14:37:57.943+0000] {processor.py:183} INFO - Processing /home/airflow/.local/lib/python3.12/site-packages/airflow/example_dags/example_external_task_marker_dag.py took 0.095 seconds
[2026-08-24T14:38:28.367+0000] {processor.py:161} INFO - Started process (PID=472) to work on /home/airflow/.local/lib/python3.12/site-packages/airflow/example_dags/example_external_task_marker_dag.py
[2026-08-24T14:38:28.368+0000] {processor.py:830} INFO - Processing file /home/airflow/.local/lib/python3.12/site-packages/airflow/example_dags/example_external_task_marker_dag.py for tasks to queue
[2026-08-24T14:38:28.371+0000] {logging_mixin.py:188} INFO - [2026-08-24T14:38:28.371+0000] {dagbag.py:545} INFO - Filling up the DagBag from /home/airflow/.local/lib/python3.12/site-packages/airflow/example_dags/example_external_task_marker_dag.py
[2026-08-24T14:38:28.384+0000] {processor.py:840} INFO - DAG(s) 'example_external_task_marker_parent', 'example_external_task_marker_child' retrieved from /home/airflow/.local/lib/python3.12/site-packages/airflow/example_dags/example_external_task_marker_dag.py
[2026-08-24T14:38:28.419+0000] {logging_mixin.py:188} INFO - [2026-08-24T14:38:28.419+0000] {dag.py:3096} INFO - Sync 2 DAGs
[2026-08-24T14:38:28.436+0000] {logging_mixin.py:188} INFO - [2026-08-24T14:38:28.435+0000] {dag.py:3954} INFO - Setting next_dagrun for example_external_task_marker_child to None, run_after=None
[2026-08-24T14:38:28.441+0000] {logging_mixin.py:188} INFO - [2026-08-24T14:38:28.441+0000] {dag.py:3954} INFO - Setting next_dagrun for example_external_task_marker_parent to None, run_after=None
[2026-08-24T14:38:28.462+0000] {processor.py:183} INFO - Processing /home/airflow/.local/lib/python3.12/site-packages/airflow/example_dags/example_external_task_marker_dag.py took 0.104 seconds
[2026-08-24T14:38:58.721+0000] {processor.py:161} INFO - Started process (PID=532) to work on /home/airflow/.local/lib/python3.12/site-packages/airflow/example_dags/example_external_task_marker_dag.py
[2026-08-24T14:38:58.722+0000] {processor.py:830} INFO - Processing file /home/airflow/.local/lib/python3.12/site-packages/airflow/example_dags/example_external_task_marker_dag.py for tasks to queue
[2026-08-24T14:38:58.725+0000] {logging_mixin.py:188} INFO - [2026-08-24T14:38:58.725+0000] {dagbag.py:545} INFO - Filling up the DagBag from /home/airflow/.local/lib/python3.12/site-packages/airflow/example_dags/example_external_task_marker_dag.py
[2026-08-24T14:38:58.733+0000] {processor.py:840} INFO - DAG(s) 'example_external_task_marker_parent', 'example_external_task_marker_child' retrieved from /home/airflow/.local/lib/python3.12/site-packages/airflow/example_dags/example_external_task_marker_dag.py
[2026-08-24T14:38:58.765+0000] {logging_mixin.py:188} INFO - [2026-08-24T14:38:58.765+0000] {dag.py:3096} INFO - Sync 2 DAGs
[2026-08-24T14:38:58.782+0000] {logging_mixin.py:188} INFO - [2026-08-24T14:38:58.782+0000] {dag.py:3954} INFO - Setting next_dagrun for example_external_task_marker_child to None, run_after=None
[2026-08-24T14:38:58.788+0000] {logging_mixin.py:188} INFO - [2026-08-24T14:38:58.788+0000] {dag.py:3954} INFO - Setting next_dagrun for example_external_task_marker_parent to None, run_after=None
[2026-08-24T14:38:58.812+0000] {processor.py:183} INFO - Processing /home/airflow/.local/lib/python3.12/site-packages/airflow/example_dags/example_external_task_marker_dag.py took 0.099 seconds
[2026-08-24T14:41:17.268+0000] {processor.py:161} INFO - Started process (PID=117) to work on /home/airflow/.local/lib/python3.12/site-packages/airflow/example_dags/example_external_task_marker_dag.py
[2026-08-24T14:41:17.269+0000] {processor.py:830} INFO - Processing file /home/airflow/.local/lib/python3.12/site-packages/airflow/example_dags/example_external_task_marker_dag.py for tasks to queue
[2026-08-24T14:41:17.272+0000] {logging_mixin.py:188} INFO - [2026-08-24T14:41:17.272+0000] {dagbag.py:545} INFO - Filling up the DagBag from /home/airflow/.local/lib/python3.12/site-packages/airflow/example_dags/example_external_task_marker_dag.py
[2026-08-24T14:41:17.288+0000] {processor.py:840} INFO - DAG(s) 'example_external_task_marker_parent', 'example_external_task_marker_child' retrieved from /home/airflow/.local/lib/python3.12/site-packages/airflow/example_dags/example_external_task_marker_dag.py
[2026-08-24T14:41:17.483+0000] {logging_mixin.py:188} INFO - [2026-08-24T14:41:17.482+0000] {dag.py:3096} INFO - Sync 2 DAGs
[2026-08-24T14:41:17.505+0000] {logging_mixin.py:188} INFO - [2026-08-24T14:41:17.504+0000] {dag.py:3954} INFO - Setting next_dagrun for example_external_task_marker_child to None, run_after=None
[2026-08-24T14:41:17.511+0000] {logging_mixin.py:188} INFO - [2026-08-24T14:41:17.511+0000] {dag.py:3954} INFO - Setting next_dagrun for example_external_task_marker_parent to None, run_after=None
[2026-08-24T14:41:17.940+0000] {processor.py:183} INFO - Processing /home/airflow/.local/lib/python3.12/site-packages/airflow/example_dags/example_external_task_marker_dag.py took 0.680 seconds
[2026-08-24T14:41:48.224+0000] {processor.py:161} INFO - Started process (PID=177) to work on /home/airflow/.local/lib/python3.12/site-packages/airflow/example_dags/example_external_task_marker_dag.py
[2026-08-24T14:41:48.225+0000] {processor.py:830} INFO - Processing file /home/airflow/.local/lib/python3.12/site-packages/airflow/example_dags/example_external_task_marker_dag.py for tasks to queue
[2026-08-24T14:41:48.228+0000] {logging_mixin.py:188} INFO - [2026-08-24T14:41:48.227+0000] {dagbag.py:545} INFO - Filling up the DagBag from /home/airflow/.local/lib/python3.12/site-packages/airflow/example_dags/example_external_task_marker_dag.py
[2026-08-24T14:41:48.236+0000] {processor.py:840} INFO - DAG(s) 'example_external_task_marker_child', 'example_external_task_marker_parent' retrieved from /home/airflow/.local/lib/python3.12/site-packages/airflow/example_dags/example_external_task_marker_dag.py
[2026-08-24T14:41:48.266+0000] {logging_mixin.py:188} INFO - [2026-08-24T14:41:48.265+0000] {dag.py:3096} INFO - Sync 2 DAGs
[2026-08-24T14:41:48.289+0000] {logging_mixin.py:188} INFO - [2026-08-24T14:41:48.289+0000] {dag.py:3954} INFO - Setting next_dagrun for example_external_task_marker_child to None, run_after=None
[2026-08-24T14:41:48.296+0000] {logging_mixin.py:188} INFO - [2026-08-24T14:41:48.295+0000] {dag.py:3954} INFO - Setting next_dagrun for example_external_task_marker_parent to None, run_after=None
[2026-08-24T14:41:48.317+0000] {processor.py:183} INFO - Processing /home/airflow/.local/lib/python3.12/site-packages/airflow/example_dags/example_external_task_marker_dag.py took 0.100 seconds
[2026-08-24T14:42:19.055+0000] {processor.py:161} INFO - Started process (PID=236) to work on /home/airflow/.local/lib/python3.12/site-packages/airflow/example_dags/example_external_task_marker_dag.py
[2026-08-24T14:42:19.057+0000] {processor.py:830} INFO - Processing file /home/airflow/.local/lib/python3.12/site-packages/airflow/example_dags/example_external_task_marker_dag.py for tasks to queue
[2026-08-24T14:42:19.061+0000] {logging_mixin.py:188} INFO - [2026-08-24T14:42:19.060+0000] {dagbag.py:545} INFO - Filling up the DagBag from /home/airflow/.local/lib/python3.12/site-packages/airflow/example_dags/example_external_task_marker_dag.py
[2026-08-24T14:42:19.077+0000] {processor.py:840} INFO - DAG(s) 'example_external_task_marker_parent', 'example_external_task_marker_child' retrieved from /home/airflow/.local/lib/python3.12/site-packages/airflow/example_dags/example_external_task_marker_dag.py
[2026-08-24T14:42:19.129+0000] {logging_mixin.py:188} INFO - [2026-08-24T14:42:19.129+0000] {dag.py:3096} INFO - Sync 2 DAGs
[2026-08-24T14:42:19.168+0000] {logging_mixin.py:188} INFO - [2026-08-24T14:42:19.167+0000] {dag.py:3954} INFO - Setting next_dagrun for example_external_task_marker_child to None, run_after=None
[2026-08-24T14:42:19.179+0000] {logging_mixin.py:188} INFO - [2026-08-24T14:42:19.179+0000] {dag.py:3954} INFO - Setting next_dagrun for example_external_task_marker_parent to None, run_after=None
[2026-08-24T14:42:19.223+0000] {processor.py:183} INFO - Processing /home/airflow/.local/lib/python3.12/site-packages/airflow/example_dags/example_external_task_marker_dag.py took 0.184 seconds
[2026-08-24T14:42:49.363+0000] {processor.py:161} INFO - Started process (PID=295) to work on /home/airflow/.local/lib/python3.12/site-packages/airflow/example_dags/example_external_task_marker_dag.py
[2026-08-24T14:42:49.365+0000] {processor.py:830} INFO - Processing file /home/airflow/.local/lib/python3.12/site-packages/airflow/example_dags/example_external_task_marker_dag.py for tasks to queue
[2026-08-24T14:42:49.369+0000] {logging_mixin.py:188} INFO - [2026-08-24T14:42:49.368+0000] {dagbag.py:545} INFO - Filling up the DagBag from /home/airflow/.local/lib/python3.12/site-packages/airflow/example_dags/example_external_task_marker_dag.py
[2026-08-24T14:42:49.382+0000] {processor.py:840} INFO - DAG(s) 'example_external_task_marker_child', 'example_external_task_marker_parent' retrieved from /home/airflow/.local/lib/python3.12/site-packages/airflow/example_dags/example_external_task_marker_dag.py
[2026-08-24T14:42:49.420+0000] {logging_mixin.py:188} INFO - [2026-08-24T14:42:49.420+0000] {dag.py:3096} INFO - Sync 2 DAGs
[2026-08-24T14:42:49.441+0000] {logging_mixin.py:188} INFO - [2026-08-24T14:42:49.440+0000] {dag.py:3954} INFO - Setting next_dagrun for example_external_task_marker_child to None, run_after=None
[2026-08-24T14:42:49.446+0000] {logging_mixin.py:188} INFO - [2026-08-24T14:42:49.445+0000] {dag.py:3954} INFO - Setting next_dagrun for example_external_task_marker_parent to None, run_after=None
[2026-08-24T14:42:49.557+0000] {processor.py:183} INFO - Processing /home/airflow/.local/lib/python3.12/site-packages/airflow/example_dags/example_external_task_marker_dag.py took 0.206 seconds
[2026-08-24T14:43:19.796+0000] {processor.py:161} INFO - Started process (PID=355) to work on /home/airflow/.local/lib/python3.12/site-packages/airflow/example_dags/example_external_task_marker_dag.py
[2026-08-24T14:43:19.798+0000] {processor.py:830} INFO - Processing file /home/airflow/.local/lib/python3.12/site-packages/airflow/example_dags/example_external_task_marker_dag.py for tasks to queue
[2026-08-24T14:43:19.801+0000] {logging_mixin.py:188} INFO - [2026-08-24T14:43:19.800+0000] {dagbag.py:545} INFO - Filling up the DagBag from /home/airflow/.local/lib/python3.12/site-packages/airflow/example_dags/example_external_task_marker_dag.py
[2026-08-24T14:43:19.809+0000] {processor.py:840} INFO - DAG(s) 'example_external_task_marker_child', 'example_external_task_marker_parent' retrieved from /home/airflow/.local/lib/python3.12/site-packages/airflow/example_dags/example_external_task_marker_dag.py
[2026-08-24T14:43:19.840+0000] {logging_mixin.py:188} INFO - [2026-08-24T14:43:19.840+0000] {dag.py:3096} INFO - Sync 2 DAGs
[2026-08-24T14:43:19.858+0000] {logging_mixin.py:188} INFO - [2026-08-24T14:43:19.858+0000] {dag.py:3954} INFO - Setting next_dagrun for example_external_task_marker_child to None, run_after=None
[2026-08-24T14:43:19.864+0000] {logging_mixin.py:188} INFO - [2026-08-24T14:43:19.863+0000] {dag.py:3954} INFO - Setting next_dagrun for example_external_task_marker_parent to None, run_after=None
[2026-08-24T14:43:19.885+0000] {processor.py:183} INFO - Processing /home/airflow/.local/lib/python3.12/site-packages/airflow/example_dags/example_external_task_marker_dag.py took 0.098 seconds
[2026-08-24T14:43:50.176+0000] {processor.py:161} INFO - Started process (PID=415) to work on /home/airflow/.local/lib/python3.12/site-packages/airflow/example_dags/example_external_task_marker_dag.py
[2026-08-24T14:43:50.177+0000] {processor.py:830} INFO - Processing file /home/airflow/.local/lib/python3.12/site-packages/airflow/example_dags/example_external_task_marker_dag.py for tasks to queue
[2026-08-24T14:43:50.180+0000] {logging_mixin.py:188} INFO - [2026-08-24T14:43:50.180+0000] {dagbag.py:545} INFO - Filling up the DagBag from /home/airflow/.local/lib/python3.12/site-packages/airflow/example_dags/example_external_task_marker_dag.py
[2026-08-24T14:43:50.188+0000] {processor.py:840} INFO - DAG(s) 'example_external_task_marker_parent', 'example_external_task_marker_child' retrieved from /home/airflow/.local/lib/python3.12/site-packages/airflow/example_dags/example_external_task_marker_dag.py
[2026-08-24T14:43:50.218+0000] {logging_mixin.py:188} INFO - [2026-08-24T14:43:50.217+0000] {dag.py:3096} INFO - Sync 2 DAGs
[2026-08-24T14:43:50.235+0000] {logging_mixin.py:188} INFO - [2026-08-24T14:43:50.235+0000] {dag.py:3954} INFO - Setting next_dagrun for example_external_task_marker_child to None, run_after=None
[2026-08-24T14:43:50.240+0000] {logging_mixin.py:188} INFO - [2026-08-24T14:43:50.240+0000] {dag.py:3954} INFO - Setting next_dagrun for example_external_task_marker_parent to None, run_after=None
[2026-08-24T14:43:50.263+0000] {processor.py:183} INFO - Processing /home/airflow/.local/lib/python3.12/site-packages/airflow/example_dags/example_external_task_marker_dag.py took 0.094 seconds
[2026-08-24T14:44:20.737+0000] {processor.py:161} INFO - Started process (PID=475) to work on /home/airflow/.local/lib/python3.12/site-packages/airflow/example_dags/example_external_task_marker_dag.py
[2026-08-24T14:44:20.739+0000] {processor.py:830} INFO - Processing file /home/airflow/.local/lib/python3.12/site-packages/airflow/example_dags/example_external_task_marker_dag.py for tasks to queue
[2026-08-24T14:44:20.741+0000] {logging_mixin.py:188} INFO - [2026-08-24T14:44:20.741+0000] {dagbag.py:545} INFO - Filling up the DagBag from /home/airflow/.local/lib/python3.12/site-packages/airflow/example_dags/example_external_task_marker_dag.py
[2026-08-24T14:44:20.751+0000] {processor.py:840} INFO - DAG(s) 'example_external_task_marker_child', 'example_external_task_marker_parent' retrieved from /home/airflow/.local/lib/python3.12/site-packages/airflow/example_dags/example_external_task_marker_dag.py
[2026-08-24T14:44:20.783+0000] {logging_mixin.py:188} INFO - [2026-08-24T14:44:20.782+0000] {dag.py:3096} INFO - Sync 2 DAGs
[2026-08-24T14:44:20.805+0000] {logging_mixin.py:188} INFO - [2026-08-24T14:44:20.805+0000] {dag.py:3954} INFO - Setting next_dagrun for example_external_task_marker_child to None, run_after=None
[2026-08-24T14:44:20.812+0000] {logging_mixin.py:188} INFO - [2026-08-24T14:44:20.812+0000] {dag.py:3954} INFO - Setting next_dagrun for example_external_task_marker_parent to None, run_after=None
[2026-08-24T14:44:20.841+0000] {processor.py:183} INFO - Processing /home/airflow/.local/lib/python3.12/site-packages/airflow/example_dags/example_external_task_marker_dag.py took 0.112 seconds
[2026-08-24T14:44:51.627+0000] {processor.py:161} INFO - Started process (PID=535) to work on /home/airflow/.local/lib/python3.12/site-packages/airflow/example_dags/example_external_task_marker_dag.py
[2026-08-24T14:44:51.629+0000] {processor.py:830} INFO - Processing file /home/airflow/.local/lib/python3.12/site-packages/airflow/example_dags/example_external_task_marker_dag.py for tasks to queue
[2026-08-24T14:44:51.633+0000] {logging_mixin.py:188} INFO - [2026-08-24T14:44:51.633+0000] {dagbag.py:545} INFO - Filling up the DagBag from /home/airflow/.local/lib/python3.12/site-packages/airflow/example_dags/example_external_task_marker_dag.py
[2026-08-24T14:44:51.653+0000] {processor.py:840} INFO - DAG(s) 'example_external_task_marker_child', 'example_external_task_marker_parent' retrieved from /home/airflow/.local/lib/python3.12/site-packages/airflow/example_dags/example_external_task_marker_dag.py
[2026-08-24T14:44:51.710+0000] {logging_mixin.py:188} INFO - [2026-08-24T14:44:51.710+0000] {dag.py:3096} INFO - Sync 2 DAGs
[2026-08-24T14:44:51.737+0000] {logging_mixin.py:188} INFO - [2026-08-24T14:44:51.737+0000] {dag.py:3954} INFO - Setting next_dagrun for example_external_task_marker_child to None, run_after=None
[2026-08-24T14:44:51.744+0000] {logging_mixin.py:188} INFO - [2026-08-24T14:44:51.744+0000] {dag.py:3954} INFO - Setting next_dagrun for example_external_task_marker_parent to None, run_after=None
[2026-08-24T14:44:51.782+0000] {processor.py:183} INFO - Processing /home/airflow/.local/lib/python3.12/site-packages/airflow/example_dags/example_external_task_marker_dag.py took 0.170 seconds
[2026-08-24T14:49:19.894+0000] {processor.py:161} INFO - Started process (PID=116) to work on /home/airflow/.local/lib/python3.12/site-packages/airflow/example_dags/example_external_task_marker_dag.py
[2026-08-24T14:49:19.895+0000] {processor.py:830} INFO - Processing file /home/airflow/.local/lib/python3.12/site-packages/airflow/example_dags/example_external_task_marker_dag.py for tasks to queue
[2026-08-24T14:49:19.898+0000] {logging_mixin.py:188} INFO - [2026-08-24T14:49:19.898+0000] {dagbag.py:545} INFO - Filling up the DagBag from /home/airflow/.local/lib/python3.12/site-packages/airflow/example_dags/example_external_task_marker_dag.py
[2026-08-24T14:49:19.914+0000] {processor.py:840} INFO - DAG(s) 'example_external_task_marker_child', 'example_external_task_marker_parent' retrieved from /home/airflow/.local/lib/python3.12/site-packages/airflow/example_dags/example_external_task_marker_dag.py
[2026-08-24T14:49:20.111+0000] {logging_mixin.py:188} INFO - [2026-08-24T14:49:20.111+0000] {dag.py:3096} INFO - Sync 2 DAGs
[2026-08-24T14:49:20.130+0000] {logging_mixin.py:188} INFO - [2026-08-24T14:49:20.130+0000] {dag.py:3954} INFO - Setting next_dagrun for example_external_task_marker_child to None, run_after=None
[2026-08-24T14:49:20.135+0000] {logging_mixin.py:188} INFO - [2026-08-24T14:49:20.134+0000] {dag.py:3954} INFO - Setting next_dagrun for example_external_task_marker_parent to None, run_after=None
[2026-08-24T14:49:20.172+0000] {processor.py:183} INFO - Processing /home/airflow/.local/lib/python3.12/site-packages/airflow/example_dags/example_external_task_marker_dag.py took 0.288 seconds
[2026-08-24T14:50:15.758+0000] {processor.py:161} INFO - Started process (PID=96) to work on /home/airflow/.local/lib/python3.12/site-packages/airflow/example_dags/example_external_task_marker_dag.py
[2026-08-24T14:50:15.759+0000] {processor.py:830} INFO - Processing file /home/airflow/.local/lib/python3.12/site-packages/airflow/example_dags/example_external_task_marker_dag.py for tasks to queue
[2026-08-24T14:50:15.761+0000] {logging_mixin.py:188} INFO - [2026-08-24T14:50:15.760+0000] {dagbag.py:545} INFO - Filling up the DagBag from /home/airflow/.local/lib/python3.12/site-packages/airflow/example_dags/example_external_task_marker_dag.py
[2026-08-24T14:50:15.774+0000] {processor.py:840} INFO - DAG(s) 'example_external_task_marker_child', 'example_external_task_marker_parent' retrieved from /home/airflow/.local/lib/python3.12/site-packages/airflow/example_dags/example_external_task_marker_dag.py
[2026-08-24T14:50:15.804+0000] {logging_mixin.py:188} INFO - [2026-08-24T14:50:15.804+0000] {dag.py:3096} INFO - Sync 2 DAGs
[2026-08-24T14:50:15.822+0000] {logging_mixin.py:188} INFO - [2026-08-24T14:50:15.822+0000] {dag.py:3954} INFO - Setting next_dagrun for example_external_task_marker_child to None, run_after=None
[2026-08-24T14:50:15.828+0000] {logging_mixin.py:188} INFO - [2026-08-24T14:50:15.827+0000] {dag.py:3954} INFO - Setting next_dagrun for example_external_task_marker_parent to None, run_after=None
[2026-08-24T14:50:15.848+0000] {processor.py:183} INFO - Processing /home/airflow/.local/lib/python3.12/site-packages/airflow/example_dags/example_external_task_marker_dag.py took 0.098 seconds
[2026-08-24T14:50:47.021+0000] {processor.py:161} INFO - Started process (PID=156) to work on /home/airflow/.local/lib/python3.12/site-packages/airflow/example_dags/example_external_task_marker_dag.py
[2026-08-24T14:50:47.023+0000] {processor.py:830} INFO - Processing file /home/airflow/.local/lib/python3.12/site-packages/airflow/example_dags/example_external_task_marker_dag.py for tasks to queue
[2026-08-24T14:50:47.026+0000] {logging_mixin.py:188} INFO - [2026-08-24T14:50:47.025+0000] {dagbag.py:545} INFO - Filling up the DagBag from /home/airflow/.local/lib/python3.12/site-packages/airflow/example_dags/example_external_task_marker_dag.py
[2026-08-24T14:50:47.035+0000] {processor.py:840} INFO - DAG(s) 'example_external_task_marker_parent', 'example_external_task_marker_child' retrieved from /home/airflow/.local/lib/python3.12/site-packages/airflow/example_dags/example_external_task_marker_dag.py
[2026-08-24T14:50:47.065+0000] {logging_mixin.py:188} INFO - [2026-08-24T14:50:47.065+0000] {dag.py:3096} INFO - Sync 2 DAGs
[2026-08-24T14:50:47.083+0000] {logging_mixin.py:188} INFO - [2026-08-24T14:50:47.083+0000] {dag.py:3954} INFO - Setting next_dagrun for example_external_task_marker_child to None, run_after=None
[2026-08-24T14:50:47.088+0000] {logging_mixin.py:188} INFO - [2026-08-24T14:50:47.088+0000] {dag.py:3954} INFO - Setting next_dagrun for example_external_task_marker_parent to None, run_after=None
[2026-08-24T14:50:47.111+0000] {processor.py:183} INFO - Processing /home/airflow/.local/lib/python3.12/site-packages/airflow/example_dags/example_external_task_marker_dag.py took 0.099 seconds
[2026-08-24T14:51:18.073+0000] {processor.py:161} INFO - Started process (PID=216) to work on /home/airflow/.local/lib/python3.12/site-packages/airflow/example_dags/example_external_task_marker_dag.py
[2026-08-24T14:51:18.074+0000] {processor.py:830} INFO - Processing file /home/airflow/.local/lib/python3.12/site-packages/airflow/example_dags/example_external_task_marker_dag.py for tasks to queue
[2026-08-24T14:51:18.077+0000] {logging_mixin.py:188} INFO - [2026-08-24T14:51:18.077+0000] {dagbag.py:545} INFO - Filling up the DagBag from /home/airflow/.local/lib/python3.12/site-packages/airflow/example_dags/example_external_task_marker_dag.py
[2026-08-24T14:51:18.087+0000] {processor.py:840} INFO - DAG(s) 'example_external_task_marker_parent', 'example_external_task_marker_child' retrieved from /home/airflow/.local/lib/python3.12/site-packages/airflow/example_dags/example_external_task_marker_dag.py
[2026-08-24T14:51:18.119+0000] {logging_mixin.py:188} INFO - [2026-08-24T14:51:18.119+0000] {dag.py:3096} INFO - Sync 2 DAGs
[2026-08-24T14:51:18.138+0000] {logging_mixin.py:188} INFO - [2026-08-24T14:51:18.138+0000] {dag.py:3954} INFO - Setting next_dagrun for example_external_task_marker_child to None, run_after=None
[2026-08-24T14:51:18.144+0000] {logging_mixin.py:188} INFO - [2026-08-24T14:51:18.144+0000] {dag.py:3954} INFO - Setting next_dagrun for example_external_task_marker_parent to None, run_after=None
[2026-08-24T14:51:18.166+0000] {processor.py:183} INFO - Processing /home/airflow/.local/lib/python3.12/site-packages/airflow/example_dags/example_external_task_marker_dag.py took 0.103 seconds
