[2026-08-24T13:51:03.353+0000] {processor.py:161} INFO - Started process (PID=106) to work on /home/airflow/.local/lib/python3.12/site-packages/airflow/example_dags/example_latest_only_with_trigger.py
[2026-08-24T13:51:03.355+0000] {processor.py:830} INFO - Processing file /home/airflow/.local/lib/python3.12/site-packages/airflow/example_dags/example_latest_only_with_trigger.py for tasks to queue
[2026-08-24T13:51:03.358+0000] {logging_mixin.py:188} INFO - [2026-08-24T13:51:03.357+0000] {dagbag.py:545} INFO - Filling up the DagBag from /home/airflow/.local/lib/python3.12/site-packages/airflow/example_dags/example_latest_only_with_trigger.py
[2026-08-24T13:51:03.371+0000] {processor.py:840} INFO - DAG(s) 'latest_only_with_trigger' retrieved from /home/airflow/.local/lib/python3.12/site-packages/airflow/example_dags/example_latest_only_with_trigger.py
[2026-08-24T13:51:03.506+0000] {logging_mixin.py:188} INFO - [2026-08-24T13:51:03.506+0000] {dag.py:3096} INFO - Sync 1 DAGs
[2026-08-24T13:51:03.535+0000] {logging_mixin.py:188} INFO - [2026-08-24T13:51:03.535+0000] {dag.py:3954} INFO - Setting next_dagrun for latest_only_with_trigger to 2026-08-24 08:00:00+00:00, run_after=2026-08-24 12:00:00+00:00
[2026-08-24T13:51:03.560+0000] {processor.py:183} INFO - Processing /home/airflow/.local/lib/python3.12/site-packages/airflow/example_dags/example_latest_only_with_trigger.py took 0.215 seconds
[2026-08-24T13:51:43.427+0000] {processor.py:161} INFO - Started process (PID=87) to work on /home/airflow/.local/lib/python3.12/site-packages/airflow/example_dags/example_latest_only_with_trigger.py
[2026-08-24T13:51:43.428+0000] {processor.py:830} INFO - Processing file /home/airflow/.local/lib/python3.12/site-packages/airflow/example_dags/example_latest_only_with_trigger.py for tasks to queue
[2026-08-24T13:51:43.431+0000] {logging_mixin.py:188} INFO - [2026-08-24T13:51:43.430+0000] {dagbag.py:545} INFO - Filling up the DagBag from /home/airflow/.local/lib/python3.12/site-packages/airflow/example_dags/example_latest_only_with_trigger.py
[2026-08-24T13:51:43.443+0000] {processor.py:840} INFO - DAG(s) 'latest_only_with_trigger' retrieved from /home/airflow/.local/lib/python3.12/site-packages/airflow/example_dags/example_latest_only_with_trigger.py
[2026-08-24T13:51:43.472+0000] {logging_mixin.py:188} INFO - [2026-08-24T13:51:43.472+0000] {dag.py:3096} INFO - Sync 1 DAGs
[2026-08-24T13:51:43.498+0000] {logging_mixin.py:188} INFO - [2026-08-24T13:51:43.498+0000] {dag.py:3954} INFO - Setting next_dagrun for latest_only_with_trigger to 2026-08-24 08:00:00+00:00, run_after=2026-08-24 12:00:00+00:00
[2026-08-24T13:51:43.524+0000] {processor.py:183} INFO - Processing /home/airflow/.local/lib/python3.12/site-packages/airflow/example_dags/example_latest_only_with_trigger.py took 0.105 seconds
[2026-08-24T13:52:14.078+0000] {processor.py:161} INFO - Started process (PID=146) to work on /home/airflow/.local/lib/python3.12/site-packages/airflow/example_dags/example_latest_only_with_trigger.py
[2026-08-24T13:52:14.080+0000] {processor.py:830} INFO - Processing file /home/airflow/.local/lib/python3.12/site-packages/airflow/example_dags/example_latest_only_with_trigger.py for tasks to queue
[2026-08-24T13:52:14.082+0000] {logging_mixin.py:188} INFO - [2026-08-24T13:52:14.082+0000] {dagbag.py:545} INFO - Filling up the DagBag from /home/airflow/.local/lib/python3.12/site-packages/airflow/example_dags/example_latest_only_with_trigger.py
[2026-08-24T13:52:14.089+0000] {processor.py:840} INFO - DAG(s) 'latest_only_with_trigger' retrieved from /home/airflow/.local/lib/python3.12/site-packages/airflow/example_dags/example_latest_only_with_trigger.py
[2026-08-24T13:52:14.115+0000] {logging_mixin.py:188} INFO - [2026-08-24T13:52:14.115+0000] {dag.py:3096} INFO - Sync 1 DAGs
[2026-08-24T13:52:14.144+0000] {logging_mixin.py:188} INFO - [2026-08-24T13:52:14.144+0000] {dag.py:3954} INFO - Setting next_dagrun for latest_only_with_trigger to 2026-08-24 08:00:00+00:00, run_after=2026-08-24 12:00:00+00:00
[2026-08-24T13:52:14.173+0000] {processor.py:183} INFO - Processing /home/airflow/.local/lib/python3.12/site-packages/airflow/example_dags/example_latest_only_with_trigger.py took 0.104 seconds
[2026-08-24T13:52:44.424+0000] {processor.py:161} INFO - Started process (PID=205) to work on /home/airflow/.local/lib/python3.12/site-packages/airflow/example_dags/example_latest_only_with_trigger.py
[2026-08-24T13:52:44.426+0000] {processor.py:830} INFO - Processing file /home/airflow/.local/lib/python3.12/site-packages/airflow/example_dags/example_latest_only_with_trigger.py for tasks to queue
[2026-08-24T13:52:44.429+0000] {logging_mixin.py:188} INFO - [2026-08-24T13:52:44.428+0000] {dagbag.py:545} INFO - Filling up the DagBag from /home/airflow/.local/lib/python3.12/site-packages/airflow/example_dags/example_latest_only_with_trigger.py
[2026-08-24T13:52:44.438+0000] {processor.py:840} INFO - DAG(s) 'latest_only_with_trigger' retrieved from /home/airflow/.local/lib/python3.12/site-packages/airflow/example_dags/example_latest_only_with_trigger.py
[2026-08-24T13:52:44.468+0000] {logging_mixin.py:188} INFO - [2026-08-24T13:52:44.468+0000] {dag.py:3096} INFO - Sync 1 DAGs
[2026-08-24T13:52:44.498+0000] {logging_mixin.py:188} INFO - [2026-08-24T13:52:44.498+0000] {dag.py:3954} INFO - Setting next_dagrun for latest_only_with_trigger to 2026-08-24 08:00:00+00:00, run_after=2026-08-24 12:00:00+00:00
[2026-08-24T13:52:44.522+0000] {processor.py:183} INFO - Processing /home/airflow/.local/lib/python3.12/site-packages/airflow/example_dags/example_latest_only_with_trigger.py took 0.106 seconds
[2026-08-24T13:53:14.616+0000] {processor.py:161} INFO - Started process (PID=264) to work on /home/airflow/.local/lib/python3.12/site-packages/airflow/example_dags/example_latest_only_with_trigger.py
[2026-08-24T13:53:14.617+0000] {processor.py:830} INFO - Processing file /home/airflow/.local/lib/python3.12/site-packages/airflow/example_dags/example_latest_only_with_trigger.py for tasks to queue
[2026-08-24T13:53:14.619+0000] {logging_mixin.py:188} INFO - [2026-08-24T13:53:14.619+0000] {dagbag.py:545} INFO - Filling up the DagBag from /home/airflow/.local/lib/python3.12/site-packages/airflow/example_dags/example_latest_only_with_trigger.py
[2026-08-24T13:53:14.627+0000] {processor.py:840} INFO - DAG(s) 'latest_only_with_trigger' retrieved from /home/airflow/.local/lib/python3.12/site-packages/airflow/example_dags/example_latest_only_with_trigger.py
[2026-08-24T13:53:14.652+0000] {logging_mixin.py:188} INFO - [2026-08-24T13:53:14.652+0000] {dag.py:3096} INFO - Sync 1 DAGs
[2026-08-24T13:53:14.683+0000] {logging_mixin.py:188} INFO - [2026-08-24T13:53:14.683+0000] {dag.py:3954} INFO - Setting next_dagrun for latest_only_with_trigger to 2026-08-24 08:00:00+00:00, run_after=2026-08-24 12:00:00+00:00
[2026-08-24T13:53:14.711+0000] {processor.py:183} INFO - Processing /home/airflow/.local/lib/python3.12/site-packages/airflow/example_dags/example_latest_only_with_trigger.py took 0.101 seconds
[2026-08-24T13:53:45.160+0000] {processor.py:161} INFO - Started process (PID=329) to work on /home/airflow/.local/lib/python3.12/site-packages/airflow/example_dags/example_latest_only_with_trigger.py
[2026-08-24T13:53:45.162+0000] {processor.py:830} INFO - Processing file /home/airflow/.local/lib/python3.12/site-packages/airflow/example_dags/example_latest_only_with_trigger.py for tasks to queue
[2026-08-24T13:53:45.166+0000] {logging_mixin.py:188} INFO - [2026-08-24T13:53:45.165+0000] {dagbag.py:545} INFO - Filling up the DagBag from /home/airflow/.local/lib/python3.12/site-packages/airflow/example_dags/example_latest_only_with_trigger.py
[2026-08-24T13:53:45.176+0000] {processor.py:840} INFO - DAG(s) 'latest_only_with_trigger' retrieved from /home/airflow/.local/lib/python3.12/site-packages/airflow/example_dags/example_latest_only_with_trigger.py
[2026-08-24T13:53:45.205+0000] {logging_mixin.py:188} INFO - [2026-08-24T13:53:45.204+0000] {dag.py:3096} INFO - Sync 1 DAGs
[2026-08-24T13:53:45.236+0000] {logging_mixin.py:188} INFO - [2026-08-24T13:53:45.236+0000] {dag.py:3954} INFO - Setting next_dagrun for latest_only_with_trigger to 2026-08-24 08:00:00+00:00, run_after=2026-08-24 12:00:00+00:00
[2026-08-24T13:53:45.269+0000] {processor.py:183} INFO - Processing /home/airflow/.local/lib/python3.12/site-packages/airflow/example_dags/example_latest_only_with_trigger.py took 0.120 seconds
[2026-08-24T13:54:15.852+0000] {processor.py:161} INFO - Started process (PID=388) to work on /home/airflow/.local/lib/python3.12/site-packages/airflow/example_dags/example_latest_only_with_trigger.py
[2026-08-24T13:54:15.854+0000] {processor.py:830} INFO - Processing file /home/airflow/.local/lib/python3.12/site-packages/airflow/example_dags/example_latest_only_with_trigger.py for tasks to queue
[2026-08-24T13:54:15.860+0000] {logging_mixin.py:188} INFO - [2026-08-24T13:54:15.857+0000] {dagbag.py:545} INFO - Filling up the DagBag from /home/airflow/.local/lib/python3.12/site-packages/airflow/example_dags/example_latest_only_with_trigger.py
[2026-08-24T13:54:15.871+0000] {processor.py:840} INFO - DAG(s) 'latest_only_with_trigger' retrieved from /home/airflow/.local/lib/python3.12/site-packages/airflow/example_dags/example_latest_only_with_trigger.py
[2026-08-24T13:54:15.912+0000] {logging_mixin.py:188} INFO - [2026-08-24T13:54:15.912+0000] {dag.py:3096} INFO - Sync 1 DAGs
[2026-08-24T13:54:15.958+0000] {logging_mixin.py:188} INFO - [2026-08-24T13:54:15.958+0000] {dag.py:3954} INFO - Setting next_dagrun for latest_only_with_trigger to 2026-08-24 08:00:00+00:00, run_after=2026-08-24 12:00:00+00:00
[2026-08-24T13:54:15.987+0000] {processor.py:183} INFO - Processing /home/airflow/.local/lib/python3.12/site-packages/airflow/example_dags/example_latest_only_with_trigger.py took 0.145 seconds
[2026-08-24T13:54:46.562+0000] {processor.py:161} INFO - Started process (PID=447) to work on /home/airflow/.local/lib/python3.12/site-packages/airflow/example_dags/example_latest_only_with_trigger.py
[2026-08-24T13:54:46.564+0000] {processor.py:830} INFO - Processing file /home/airflow/.local/lib/python3.12/site-packages/airflow/example_dags/example_latest_only_with_trigger.py for tasks to queue
[2026-08-24T13:54:46.568+0000] {logging_mixin.py:188} INFO - [2026-08-24T13:54:46.567+0000] {dagbag.py:545} INFO - Filling up the DagBag from /home/airflow/.local/lib/python3.12/site-packages/airflow/example_dags/example_latest_only_with_trigger.py
[2026-08-24T13:54:46.588+0000] {processor.py:840} INFO - DAG(s) 'latest_only_with_trigger' retrieved from /home/airflow/.local/lib/python3.12/site-packages/airflow/example_dags/example_latest_only_with_trigger.py
[2026-08-24T13:54:46.631+0000] {logging_mixin.py:188} INFO - [2026-08-24T13:54:46.630+0000] {dag.py:3096} INFO - Sync 1 DAGs
[2026-08-24T13:54:46.709+0000] {logging_mixin.py:188} INFO - [2026-08-24T13:54:46.708+0000] {dag.py:3954} INFO - Setting next_dagrun for latest_only_with_trigger to 2026-08-24 08:00:00+00:00, run_after=2026-08-24 12:00:00+00:00
[2026-08-24T13:54:46.752+0000] {processor.py:183} INFO - Processing /home/airflow/.local/lib/python3.12/site-packages/airflow/example_dags/example_latest_only_with_trigger.py took 0.204 seconds
[2026-08-24T13:55:22.083+0000] {processor.py:161} INFO - Started process (PID=506) to work on /home/airflow/.local/lib/python3.12/site-packages/airflow/example_dags/example_latest_only_with_trigger.py
[2026-08-24T13:55:22.085+0000] {processor.py:830} INFO - Processing file /home/airflow/.local/lib/python3.12/site-packages/airflow/example_dags/example_latest_only_with_trigger.py for tasks to queue
[2026-08-24T13:55:22.089+0000] {logging_mixin.py:188} INFO - [2026-08-24T13:55:22.088+0000] {dagbag.py:545} INFO - Filling up the DagBag from /home/airflow/.local/lib/python3.12/site-packages/airflow/example_dags/example_latest_only_with_trigger.py
[2026-08-24T13:55:22.101+0000] {processor.py:840} INFO - DAG(s) 'latest_only_with_trigger' retrieved from /home/airflow/.local/lib/python3.12/site-packages/airflow/example_dags/example_latest_only_with_trigger.py
[2026-08-24T13:55:22.454+0000] {logging_mixin.py:188} INFO - [2026-08-24T13:55:22.447+0000] {dag.py:3096} INFO - Sync 1 DAGs
[2026-08-24T13:55:22.627+0000] {logging_mixin.py:188} INFO - [2026-08-24T13:55:22.627+0000] {dag.py:3954} INFO - Setting next_dagrun for latest_only_with_trigger to 2026-08-24 08:00:00+00:00, run_after=2026-08-24 12:00:00+00:00
[2026-08-24T13:55:22.760+0000] {processor.py:183} INFO - Processing /home/airflow/.local/lib/python3.12/site-packages/airflow/example_dags/example_latest_only_with_trigger.py took 0.690 seconds
[2026-08-24T13:55:53.778+0000] {processor.py:161} INFO - Started process (PID=565) to work on /home/airflow/.local/lib/python3.12/site-packages/airflow/example_dags/example_latest_only_with_trigger.py
[2026-08-24T13:55:53.780+0000] {processor.py:830} INFO - Processing file /home/airflow/.local/lib/python3.12/site-packages/airflow/example_dags/example_latest_only_with_trigger.py for tasks to queue
[2026-08-24T13:55:53.784+0000] {logging_mixin.py:188} INFO - [2026-08-24T13:55:53.783+0000] {dagbag.py:545} INFO - Filling up the DagBag from /home/airflow/.local/lib/python3.12/site-packages/airflow/example_dags/example_latest_only_with_trigger.py
[2026-08-24T13:55:53.794+0000] {processor.py:840} INFO - DAG(s) 'latest_only_with_trigger' retrieved from /home/airflow/.local/lib/python3.12/site-packages/airflow/example_dags/example_latest_only_with_trigger.py
[2026-08-24T13:55:53.829+0000] {logging_mixin.py:188} INFO - [2026-08-24T13:55:53.829+0000] {dag.py:3096} INFO - Sync 1 DAGs
[2026-08-24T13:55:53.867+0000] {logging_mixin.py:188} INFO - [2026-08-24T13:55:53.866+0000] {dag.py:3954} INFO - Setting next_dagrun for latest_only_with_trigger to 2026-08-24 08:00:00+00:00, run_after=2026-08-24 12:00:00+00:00
[2026-08-24T13:55:53.915+0000] {processor.py:183} INFO - Processing /home/airflow/.local/lib/python3.12/site-packages/airflow/example_dags/example_latest_only_with_trigger.py took 0.148 seconds
[2026-08-24T13:56:24.095+0000] {processor.py:161} INFO - Started process (PID=624) to work on /home/airflow/.local/lib/python3.12/site-packages/airflow/example_dags/example_latest_only_with_trigger.py
[2026-08-24T13:56:24.096+0000] {processor.py:830} INFO - Processing file /home/airflow/.local/lib/python3.12/site-packages/airflow/example_dags/example_latest_only_with_trigger.py for tasks to queue
[2026-08-24T13:56:24.099+0000] {logging_mixin.py:188} INFO - [2026-08-24T13:56:24.098+0000] {dagbag.py:545} INFO - Filling up the DagBag from /home/airflow/.local/lib/python3.12/site-packages/airflow/example_dags/example_latest_only_with_trigger.py
[2026-08-24T13:56:24.105+0000] {processor.py:840} INFO - DAG(s) 'latest_only_with_trigger' retrieved from /home/airflow/.local/lib/python3.12/site-packages/airflow/example_dags/example_latest_only_with_trigger.py
[2026-08-24T13:56:24.129+0000] {logging_mixin.py:188} INFO - [2026-08-24T13:56:24.129+0000] {dag.py:3096} INFO - Sync 1 DAGs
[2026-08-24T13:56:24.156+0000] {logging_mixin.py:188} INFO - [2026-08-24T13:56:24.156+0000] {dag.py:3954} INFO - Setting next_dagrun for latest_only_with_trigger to 2026-08-24 08:00:00+00:00, run_after=2026-08-24 12:00:00+00:00
[2026-08-24T13:56:24.179+0000] {processor.py:183} INFO - Processing /home/airflow/.local/lib/python3.12/site-packages/airflow/example_dags/example_latest_only_with_trigger.py took 0.091 seconds
[2026-08-24T13:56:54.490+0000] {processor.py:161} INFO - Started process (PID=683) to work on /home/airflow/.local/lib/python3.12/site-packages/airflow/example_dags/example_latest_only_with_trigger.py
[2026-08-24T13:56:54.492+0000] {processor.py:830} INFO - Processing file /home/airflow/.local/lib/python3.12/site-packages/airflow/example_dags/example_latest_only_with_trigger.py for tasks to queue
[2026-08-24T13:56:54.496+0000] {logging_mixin.py:188} INFO - [2026-08-24T13:56:54.495+0000] {dagbag.py:545} INFO - Filling up the DagBag from /home/airflow/.local/lib/python3.12/site-packages/airflow/example_dags/example_latest_only_with_trigger.py
[2026-08-24T13:56:54.506+0000] {processor.py:840} INFO - DAG(s) 'latest_only_with_trigger' retrieved from /home/airflow/.local/lib/python3.12/site-packages/airflow/example_dags/example_latest_only_with_trigger.py
[2026-08-24T13:56:54.541+0000] {logging_mixin.py:188} INFO - [2026-08-24T13:56:54.541+0000] {dag.py:3096} INFO - Sync 1 DAGs
[2026-08-24T13:56:54.577+0000] {logging_mixin.py:188} INFO - [2026-08-24T13:56:54.577+0000] {dag.py:3954} INFO - Setting next_dagrun for latest_only_with_trigger to 2026-08-24 08:00:00+00:00, run_after=2026-08-24 12:00:00+00:00
[2026-08-24T13:56:54.603+0000] {processor.py:183} INFO - Processing /home/airflow/.local/lib/python3.12/site-packages/airflow/example_dags/example_latest_only_with_trigger.py took 0.121 seconds
[2026-08-24T13:57:25.140+0000] {processor.py:161} INFO - Started process (PID=743) to work on /home/airflow/.local/lib/python3.12/site-packages/airflow/example_dags/example_latest_only_with_trigger.py
[2026-08-24T13:57:25.141+0000] {processor.py:830} INFO - Processing file /home/airflow/.local/lib/python3.12/site-packages/airflow/example_dags/example_latest_only_with_trigger.py for tasks to queue
[2026-08-24T13:57:25.144+0000] {logging_mixin.py:188} INFO - [2026-08-24T13:57:25.143+0000] {dagbag.py:545} INFO - Filling up the DagBag from /home/airflow/.local/lib/python3.12/site-packages/airflow/example_dags/example_latest_only_with_trigger.py
[2026-08-24T13:57:25.150+0000] {processor.py:840} INFO - DAG(s) 'latest_only_with_trigger' retrieved from /home/airflow/.local/lib/python3.12/site-packages/airflow/example_dags/example_latest_only_with_trigger.py
[2026-08-24T13:57:25.177+0000] {logging_mixin.py:188} INFO - [2026-08-24T13:57:25.177+0000] {dag.py:3096} INFO - Sync 1 DAGs
[2026-08-24T13:57:25.203+0000] {logging_mixin.py:188} INFO - [2026-08-24T13:57:25.203+0000] {dag.py:3954} INFO - Setting next_dagrun for latest_only_with_trigger to 2026-08-24 08:00:00+00:00, run_after=2026-08-24 12:00:00+00:00
[2026-08-24T13:57:25.225+0000] {processor.py:183} INFO - Processing /home/airflow/.local/lib/python3.12/site-packages/airflow/example_dags/example_latest_only_with_trigger.py took 0.092 seconds
[2026-08-24T13:57:55.539+0000] {processor.py:161} INFO - Started process (PID=802) to work on /home/airflow/.local/lib/python3.12/site-packages/airflow/example_dags/example_latest_only_with_trigger.py
[2026-08-24T13:57:55.540+0000] {processor.py:830} INFO - Processing file /home/airflow/.local/lib/python3.12/site-packages/airflow/example_dags/example_latest_only_with_trigger.py for tasks to queue
[2026-08-24T13:57:55.543+0000] {logging_mixin.py:188} INFO - [2026-08-24T13:57:55.542+0000] {dagbag.py:545} INFO - Filling up the DagBag from /home/airflow/.local/lib/python3.12/site-packages/airflow/example_dags/example_latest_only_with_trigger.py
[2026-08-24T13:57:55.551+0000] {processor.py:840} INFO - DAG(s) 'latest_only_with_trigger' retrieved from /home/airflow/.local/lib/python3.12/site-packages/airflow/example_dags/example_latest_only_with_trigger.py
[2026-08-24T13:57:55.584+0000] {logging_mixin.py:188} INFO - [2026-08-24T13:57:55.584+0000] {dag.py:3096} INFO - Sync 1 DAGs
[2026-08-24T13:57:55.620+0000] {logging_mixin.py:188} INFO - [2026-08-24T13:57:55.620+0000] {dag.py:3954} INFO - Setting next_dagrun for latest_only_with_trigger to 2026-08-24 08:00:00+00:00, run_after=2026-08-24 12:00:00+00:00
[2026-08-24T13:57:55.648+0000] {processor.py:183} INFO - Processing /home/airflow/.local/lib/python3.12/site-packages/airflow/example_dags/example_latest_only_with_trigger.py took 0.117 seconds
[2026-08-24T13:58:25.729+0000] {processor.py:161} INFO - Started process (PID=862) to work on /home/airflow/.local/lib/python3.12/site-packages/airflow/example_dags/example_latest_only_with_trigger.py
[2026-08-24T13:58:25.730+0000] {processor.py:830} INFO - Processing file /home/airflow/.local/lib/python3.12/site-packages/airflow/example_dags/example_latest_only_with_trigger.py for tasks to queue
[2026-08-24T13:58:25.733+0000] {logging_mixin.py:188} INFO - [2026-08-24T13:58:25.733+0000] {dagbag.py:545} INFO - Filling up the DagBag from /home/airflow/.local/lib/python3.12/site-packages/airflow/example_dags/example_latest_only_with_trigger.py
[2026-08-24T13:58:25.740+0000] {processor.py:840} INFO - DAG(s) 'latest_only_with_trigger' retrieved from /home/airflow/.local/lib/python3.12/site-packages/airflow/example_dags/example_latest_only_with_trigger.py
[2026-08-24T13:58:25.767+0000] {logging_mixin.py:188} INFO - [2026-08-24T13:58:25.767+0000] {dag.py:3096} INFO - Sync 1 DAGs
[2026-08-24T13:58:25.795+0000] {logging_mixin.py:188} INFO - [2026-08-24T13:58:25.795+0000] {dag.py:3954} INFO - Setting next_dagrun for latest_only_with_trigger to 2026-08-24 08:00:00+00:00, run_after=2026-08-24 12:00:00+00:00
[2026-08-24T13:58:25.819+0000] {processor.py:183} INFO - Processing /home/airflow/.local/lib/python3.12/site-packages/airflow/example_dags/example_latest_only_with_trigger.py took 0.097 seconds
[2026-08-24T13:58:55.945+0000] {processor.py:161} INFO - Started process (PID=920) to work on /home/airflow/.local/lib/python3.12/site-packages/airflow/example_dags/example_latest_only_with_trigger.py
[2026-08-24T13:58:55.946+0000] {processor.py:830} INFO - Processing file /home/airflow/.local/lib/python3.12/site-packages/airflow/example_dags/example_latest_only_with_trigger.py for tasks to queue
[2026-08-24T13:58:55.950+0000] {logging_mixin.py:188} INFO - [2026-08-24T13:58:55.949+0000] {dagbag.py:545} INFO - Filling up the DagBag from /home/airflow/.local/lib/python3.12/site-packages/airflow/example_dags/example_latest_only_with_trigger.py
[2026-08-24T13:58:55.959+0000] {processor.py:840} INFO - DAG(s) 'latest_only_with_trigger' retrieved from /home/airflow/.local/lib/python3.12/site-packages/airflow/example_dags/example_latest_only_with_trigger.py
[2026-08-24T13:58:55.996+0000] {logging_mixin.py:188} INFO - [2026-08-24T13:58:55.995+0000] {dag.py:3096} INFO - Sync 1 DAGs
[2026-08-24T13:58:56.035+0000] {logging_mixin.py:188} INFO - [2026-08-24T13:58:56.034+0000] {dag.py:3954} INFO - Setting next_dagrun for latest_only_with_trigger to 2026-08-24 08:00:00+00:00, run_after=2026-08-24 12:00:00+00:00
[2026-08-24T13:58:56.066+0000] {processor.py:183} INFO - Processing /home/airflow/.local/lib/python3.12/site-packages/airflow/example_dags/example_latest_only_with_trigger.py took 0.131 seconds
[2026-08-24T14:00:36.875+0000] {processor.py:161} INFO - Started process (PID=105) to work on /home/airflow/.local/lib/python3.12/site-packages/airflow/example_dags/example_latest_only_with_trigger.py
[2026-08-24T14:00:36.876+0000] {processor.py:830} INFO - Processing file /home/airflow/.local/lib/python3.12/site-packages/airflow/example_dags/example_latest_only_with_trigger.py for tasks to queue
[2026-08-24T14:00:36.879+0000] {logging_mixin.py:188} INFO - [2026-08-24T14:00:36.878+0000] {dagbag.py:545} INFO - Filling up the DagBag from /home/airflow/.local/lib/python3.12/site-packages/airflow/example_dags/example_latest_only_with_trigger.py
[2026-08-24T14:00:36.893+0000] {processor.py:840} INFO - DAG(s) 'latest_only_with_trigger' retrieved from /home/airflow/.local/lib/python3.12/site-packages/airflow/example_dags/example_latest_only_with_trigger.py
[2026-08-24T14:00:37.061+0000] {logging_mixin.py:188} INFO - [2026-08-24T14:00:37.061+0000] {dag.py:3096} INFO - Sync 1 DAGs
[2026-08-24T14:00:37.099+0000] {logging_mixin.py:188} INFO - [2026-08-24T14:00:37.099+0000] {dag.py:3954} INFO - Setting next_dagrun for latest_only_with_trigger to 2026-08-24 08:00:00+00:00, run_after=2026-08-24 12:00:00+00:00
[2026-08-24T14:00:37.133+0000] {processor.py:183} INFO - Processing /home/airflow/.local/lib/python3.12/site-packages/airflow/example_dags/example_latest_only_with_trigger.py took 0.269 seconds
[2026-08-24T14:01:07.641+0000] {processor.py:161} INFO - Started process (PID=164) to work on /home/airflow/.local/lib/python3.12/site-packages/airflow/example_dags/example_latest_only_with_trigger.py
[2026-08-24T14:01:07.642+0000] {processor.py:830} INFO - Processing file /home/airflow/.local/lib/python3.12/site-packages/airflow/example_dags/example_latest_only_with_trigger.py for tasks to queue
[2026-08-24T14:01:07.644+0000] {logging_mixin.py:188} INFO - [2026-08-24T14:01:07.644+0000] {dagbag.py:545} INFO - Filling up the DagBag from /home/airflow/.local/lib/python3.12/site-packages/airflow/example_dags/example_latest_only_with_trigger.py
[2026-08-24T14:01:07.651+0000] {processor.py:840} INFO - DAG(s) 'latest_only_with_trigger' retrieved from /home/airflow/.local/lib/python3.12/site-packages/airflow/example_dags/example_latest_only_with_trigger.py
[2026-08-24T14:01:07.677+0000] {logging_mixin.py:188} INFO - [2026-08-24T14:01:07.676+0000] {dag.py:3096} INFO - Sync 1 DAGs
[2026-08-24T14:01:07.704+0000] {logging_mixin.py:188} INFO - [2026-08-24T14:01:07.703+0000] {dag.py:3954} INFO - Setting next_dagrun for latest_only_with_trigger to 2026-08-24 08:00:00+00:00, run_after=2026-08-24 12:00:00+00:00
[2026-08-24T14:01:07.731+0000] {processor.py:183} INFO - Processing /home/airflow/.local/lib/python3.12/site-packages/airflow/example_dags/example_latest_only_with_trigger.py took 0.097 seconds
[2026-08-24T14:01:37.902+0000] {processor.py:161} INFO - Started process (PID=223) to work on /home/airflow/.local/lib/python3.12/site-packages/airflow/example_dags/example_latest_only_with_trigger.py
[2026-08-24T14:01:37.903+0000] {processor.py:830} INFO - Processing file /home/airflow/.local/lib/python3.12/site-packages/airflow/example_dags/example_latest_only_with_trigger.py for tasks to queue
[2026-08-24T14:01:37.906+0000] {logging_mixin.py:188} INFO - [2026-08-24T14:01:37.905+0000] {dagbag.py:545} INFO - Filling up the DagBag from /home/airflow/.local/lib/python3.12/site-packages/airflow/example_dags/example_latest_only_with_trigger.py
[2026-08-24T14:01:37.917+0000] {processor.py:840} INFO - DAG(s) 'latest_only_with_trigger' retrieved from /home/airflow/.local/lib/python3.12/site-packages/airflow/example_dags/example_latest_only_with_trigger.py
[2026-08-24T14:01:37.945+0000] {logging_mixin.py:188} INFO - [2026-08-24T14:01:37.945+0000] {dag.py:3096} INFO - Sync 1 DAGs
[2026-08-24T14:01:37.974+0000] {logging_mixin.py:188} INFO - [2026-08-24T14:01:37.974+0000] {dag.py:3954} INFO - Setting next_dagrun for latest_only_with_trigger to 2026-08-24 08:00:00+00:00, run_after=2026-08-24 12:00:00+00:00
[2026-08-24T14:01:38.003+0000] {processor.py:183} INFO - Processing /home/airflow/.local/lib/python3.12/site-packages/airflow/example_dags/example_latest_only_with_trigger.py took 0.108 seconds
[2026-08-24T14:02:08.718+0000] {processor.py:161} INFO - Started process (PID=282) to work on /home/airflow/.local/lib/python3.12/site-packages/airflow/example_dags/example_latest_only_with_trigger.py
[2026-08-24T14:02:08.720+0000] {processor.py:830} INFO - Processing file /home/airflow/.local/lib/python3.12/site-packages/airflow/example_dags/example_latest_only_with_trigger.py for tasks to queue
[2026-08-24T14:02:08.722+0000] {logging_mixin.py:188} INFO - [2026-08-24T14:02:08.722+0000] {dagbag.py:545} INFO - Filling up the DagBag from /home/airflow/.local/lib/python3.12/site-packages/airflow/example_dags/example_latest_only_with_trigger.py
[2026-08-24T14:02:08.729+0000] {processor.py:840} INFO - DAG(s) 'latest_only_with_trigger' retrieved from /home/airflow/.local/lib/python3.12/site-packages/airflow/example_dags/example_latest_only_with_trigger.py
[2026-08-24T14:02:08.753+0000] {logging_mixin.py:188} INFO - [2026-08-24T14:02:08.753+0000] {dag.py:3096} INFO - Sync 1 DAGs
[2026-08-24T14:02:08.780+0000] {logging_mixin.py:188} INFO - [2026-08-24T14:02:08.779+0000] {dag.py:3954} INFO - Setting next_dagrun for latest_only_with_trigger to 2026-08-24 08:00:00+00:00, run_after=2026-08-24 12:00:00+00:00
[2026-08-24T14:02:08.802+0000] {processor.py:183} INFO - Processing /home/airflow/.local/lib/python3.12/site-packages/airflow/example_dags/example_latest_only_with_trigger.py took 0.091 seconds
[2026-08-24T14:02:38.882+0000] {processor.py:161} INFO - Started process (PID=342) to work on /home/airflow/.local/lib/python3.12/site-packages/airflow/example_dags/example_latest_only_with_trigger.py
[2026-08-24T14:02:38.884+0000] {processor.py:830} INFO - Processing file /home/airflow/.local/lib/python3.12/site-packages/airflow/example_dags/example_latest_only_with_trigger.py for tasks to queue
[2026-08-24T14:02:38.886+0000] {logging_mixin.py:188} INFO - [2026-08-24T14:02:38.886+0000] {dagbag.py:545} INFO - Filling up the DagBag from /home/airflow/.local/lib/python3.12/site-packages/airflow/example_dags/example_latest_only_with_trigger.py
[2026-08-24T14:02:38.893+0000] {processor.py:840} INFO - DAG(s) 'latest_only_with_trigger' retrieved from /home/airflow/.local/lib/python3.12/site-packages/airflow/example_dags/example_latest_only_with_trigger.py
[2026-08-24T14:02:38.918+0000] {logging_mixin.py:188} INFO - [2026-08-24T14:02:38.918+0000] {dag.py:3096} INFO - Sync 1 DAGs
[2026-08-24T14:02:38.943+0000] {logging_mixin.py:188} INFO - [2026-08-24T14:02:38.943+0000] {dag.py:3954} INFO - Setting next_dagrun for latest_only_with_trigger to 2026-08-24 08:00:00+00:00, run_after=2026-08-24 12:00:00+00:00
[2026-08-24T14:02:38.964+0000] {processor.py:183} INFO - Processing /home/airflow/.local/lib/python3.12/site-packages/airflow/example_dags/example_latest_only_with_trigger.py took 0.089 seconds
[2026-08-24T14:03:09.339+0000] {processor.py:161} INFO - Started process (PID=401) to work on /home/airflow/.local/lib/python3.12/site-packages/airflow/example_dags/example_latest_only_with_trigger.py
[2026-08-24T14:03:09.341+0000] {processor.py:830} INFO - Processing file /home/airflow/.local/lib/python3.12/site-packages/airflow/example_dags/example_latest_only_with_trigger.py for tasks to queue
[2026-08-24T14:03:09.343+0000] {logging_mixin.py:188} INFO - [2026-08-24T14:03:09.343+0000] {dagbag.py:545} INFO - Filling up the DagBag from /home/airflow/.local/lib/python3.12/site-packages/airflow/example_dags/example_latest_only_with_trigger.py
[2026-08-24T14:03:09.350+0000] {processor.py:840} INFO - DAG(s) 'latest_only_with_trigger' retrieved from /home/airflow/.local/lib/python3.12/site-packages/airflow/example_dags/example_latest_only_with_trigger.py
[2026-08-24T14:03:09.375+0000] {logging_mixin.py:188} INFO - [2026-08-24T14:03:09.374+0000] {dag.py:3096} INFO - Sync 1 DAGs
[2026-08-24T14:03:09.401+0000] {logging_mixin.py:188} INFO - [2026-08-24T14:03:09.401+0000] {dag.py:3954} INFO - Setting next_dagrun for latest_only_with_trigger to 2026-08-24 08:00:00+00:00, run_after=2026-08-24 12:00:00+00:00
[2026-08-24T14:03:09.425+0000] {processor.py:183} INFO - Processing /home/airflow/.local/lib/python3.12/site-packages/airflow/example_dags/example_latest_only_with_trigger.py took 0.093 seconds
[2026-08-24T14:07:40.391+0000] {processor.py:161} INFO - Started process (PID=111) to work on /home/airflow/.local/lib/python3.12/site-packages/airflow/example_dags/example_latest_only_with_trigger.py
[2026-08-24T14:07:40.392+0000] {processor.py:830} INFO - Processing file /home/airflow/.local/lib/python3.12/site-packages/airflow/example_dags/example_latest_only_with_trigger.py for tasks to queue
[2026-08-24T14:07:40.395+0000] {logging_mixin.py:188} INFO - [2026-08-24T14:07:40.395+0000] {dagbag.py:545} INFO - Filling up the DagBag from /home/airflow/.local/lib/python3.12/site-packages/airflow/example_dags/example_latest_only_with_trigger.py
[2026-08-24T14:07:40.406+0000] {processor.py:840} INFO - DAG(s) 'latest_only_with_trigger' retrieved from /home/airflow/.local/lib/python3.12/site-packages/airflow/example_dags/example_latest_only_with_trigger.py
[2026-08-24T14:07:40.566+0000] {logging_mixin.py:188} INFO - [2026-08-24T14:07:40.565+0000] {dag.py:3096} INFO - Sync 1 DAGs
[2026-08-24T14:07:40.597+0000] {logging_mixin.py:188} INFO - [2026-08-24T14:07:40.597+0000] {dag.py:3954} INFO - Setting next_dagrun for latest_only_with_trigger to 2026-08-24 08:00:00+00:00, run_after=2026-08-24 12:00:00+00:00
[2026-08-24T14:07:40.625+0000] {processor.py:183} INFO - Processing /home/airflow/.local/lib/python3.12/site-packages/airflow/example_dags/example_latest_only_with_trigger.py took 0.242 seconds
[2026-08-24T14:08:10.833+0000] {processor.py:161} INFO - Started process (PID=170) to work on /home/airflow/.local/lib/python3.12/site-packages/airflow/example_dags/example_latest_only_with_trigger.py
[2026-08-24T14:08:10.835+0000] {processor.py:830} INFO - Processing file /home/airflow/.local/lib/python3.12/site-packages/airflow/example_dags/example_latest_only_with_trigger.py for tasks to queue
[2026-08-24T14:08:10.839+0000] {logging_mixin.py:188} INFO - [2026-08-24T14:08:10.839+0000] {dagbag.py:545} INFO - Filling up the DagBag from /home/airflow/.local/lib/python3.12/site-packages/airflow/example_dags/example_latest_only_with_trigger.py
[2026-08-24T14:08:10.850+0000] {processor.py:840} INFO - DAG(s) 'latest_only_with_trigger' retrieved from /home/airflow/.local/lib/python3.12/site-packages/airflow/example_dags/example_latest_only_with_trigger.py
[2026-08-24T14:08:10.885+0000] {logging_mixin.py:188} INFO - [2026-08-24T14:08:10.885+0000] {dag.py:3096} INFO - Sync 1 DAGs
[2026-08-24T14:08:10.917+0000] {logging_mixin.py:188} INFO - [2026-08-24T14:08:10.917+0000] {dag.py:3954} INFO - Setting next_dagrun for latest_only_with_trigger to 2026-08-24 08:00:00+00:00, run_after=2026-08-24 12:00:00+00:00
[2026-08-24T14:08:10.947+0000] {processor.py:183} INFO - Processing /home/airflow/.local/lib/python3.12/site-packages/airflow/example_dags/example_latest_only_with_trigger.py took 0.128 seconds
[2026-08-24T14:08:41.669+0000] {processor.py:161} INFO - Started process (PID=229) to work on /home/airflow/.local/lib/python3.12/site-packages/airflow/example_dags/example_latest_only_with_trigger.py
[2026-08-24T14:08:41.670+0000] {processor.py:830} INFO - Processing file /home/airflow/.local/lib/python3.12/site-packages/airflow/example_dags/example_latest_only_with_trigger.py for tasks to queue
[2026-08-24T14:08:41.674+0000] {logging_mixin.py:188} INFO - [2026-08-24T14:08:41.673+0000] {dagbag.py:545} INFO - Filling up the DagBag from /home/airflow/.local/lib/python3.12/site-packages/airflow/example_dags/example_latest_only_with_trigger.py
[2026-08-24T14:08:41.683+0000] {processor.py:840} INFO - DAG(s) 'latest_only_with_trigger' retrieved from /home/airflow/.local/lib/python3.12/site-packages/airflow/example_dags/example_latest_only_with_trigger.py
[2026-08-24T14:08:41.716+0000] {logging_mixin.py:188} INFO - [2026-08-24T14:08:41.715+0000] {dag.py:3096} INFO - Sync 1 DAGs
[2026-08-24T14:08:41.764+0000] {logging_mixin.py:188} INFO - [2026-08-24T14:08:41.764+0000] {dag.py:3954} INFO - Setting next_dagrun for latest_only_with_trigger to 2026-08-24 08:00:00+00:00, run_after=2026-08-24 12:00:00+00:00
[2026-08-24T14:08:41.924+0000] {processor.py:183} INFO - Processing /home/airflow/.local/lib/python3.12/site-packages/airflow/example_dags/example_latest_only_with_trigger.py took 0.266 seconds
[2026-08-24T14:09:11.973+0000] {processor.py:161} INFO - Started process (PID=288) to work on /home/airflow/.local/lib/python3.12/site-packages/airflow/example_dags/example_latest_only_with_trigger.py
[2026-08-24T14:09:11.974+0000] {processor.py:830} INFO - Processing file /home/airflow/.local/lib/python3.12/site-packages/airflow/example_dags/example_latest_only_with_trigger.py for tasks to queue
[2026-08-24T14:09:11.977+0000] {logging_mixin.py:188} INFO - [2026-08-24T14:09:11.976+0000] {dagbag.py:545} INFO - Filling up the DagBag from /home/airflow/.local/lib/python3.12/site-packages/airflow/example_dags/example_latest_only_with_trigger.py
[2026-08-24T14:09:11.984+0000] {processor.py:840} INFO - DAG(s) 'latest_only_with_trigger' retrieved from /home/airflow/.local/lib/python3.12/site-packages/airflow/example_dags/example_latest_only_with_trigger.py
[2026-08-24T14:09:12.010+0000] {logging_mixin.py:188} INFO - [2026-08-24T14:09:12.010+0000] {dag.py:3096} INFO - Sync 1 DAGs
[2026-08-24T14:09:12.039+0000] {logging_mixin.py:188} INFO - [2026-08-24T14:09:12.039+0000] {dag.py:3954} INFO - Setting next_dagrun for latest_only_with_trigger to 2026-08-24 08:00:00+00:00, run_after=2026-08-24 12:00:00+00:00
[2026-08-24T14:09:12.062+0000] {processor.py:183} INFO - Processing /home/airflow/.local/lib/python3.12/site-packages/airflow/example_dags/example_latest_only_with_trigger.py took 0.098 seconds
[2026-08-24T14:09:42.402+0000] {processor.py:161} INFO - Started process (PID=347) to work on /home/airflow/.local/lib/python3.12/site-packages/airflow/example_dags/example_latest_only_with_trigger.py
[2026-08-24T14:09:42.403+0000] {processor.py:830} INFO - Processing file /home/airflow/.local/lib/python3.12/site-packages/airflow/example_dags/example_latest_only_with_trigger.py for tasks to queue
[2026-08-24T14:09:42.407+0000] {logging_mixin.py:188} INFO - [2026-08-24T14:09:42.406+0000] {dagbag.py:545} INFO - Filling up the DagBag from /home/airflow/.local/lib/python3.12/site-packages/airflow/example_dags/example_latest_only_with_trigger.py
[2026-08-24T14:09:42.418+0000] {processor.py:840} INFO - DAG(s) 'latest_only_with_trigger' retrieved from /home/airflow/.local/lib/python3.12/site-packages/airflow/example_dags/example_latest_only_with_trigger.py
[2026-08-24T14:09:42.451+0000] {logging_mixin.py:188} INFO - [2026-08-24T14:09:42.451+0000] {dag.py:3096} INFO - Sync 1 DAGs
[2026-08-24T14:09:42.483+0000] {logging_mixin.py:188} INFO - [2026-08-24T14:09:42.483+0000] {dag.py:3954} INFO - Setting next_dagrun for latest_only_with_trigger to 2026-08-24 08:00:00+00:00, run_after=2026-08-24 12:00:00+00:00
[2026-08-24T14:09:42.508+0000] {processor.py:183} INFO - Processing /home/airflow/.local/lib/python3.12/site-packages/airflow/example_dags/example_latest_only_with_trigger.py took 0.115 seconds
[2026-08-24T14:10:13.003+0000] {processor.py:161} INFO - Started process (PID=406) to work on /home/airflow/.local/lib/python3.12/site-packages/airflow/example_dags/example_latest_only_with_trigger.py
[2026-08-24T14:10:13.005+0000] {processor.py:830} INFO - Processing file /home/airflow/.local/lib/python3.12/site-packages/airflow/example_dags/example_latest_only_with_trigger.py for tasks to queue
[2026-08-24T14:10:13.008+0000] {logging_mixin.py:188} INFO - [2026-08-24T14:10:13.007+0000] {dagbag.py:545} INFO - Filling up the DagBag from /home/airflow/.local/lib/python3.12/site-packages/airflow/example_dags/example_latest_only_with_trigger.py
[2026-08-24T14:10:13.015+0000] {processor.py:840} INFO - DAG(s) 'latest_only_with_trigger' retrieved from /home/airflow/.local/lib/python3.12/site-packages/airflow/example_dags/example_latest_only_with_trigger.py
[2026-08-24T14:10:13.040+0000] {logging_mixin.py:188} INFO - [2026-08-24T14:10:13.040+0000] {dag.py:3096} INFO - Sync 1 DAGs
[2026-08-24T14:10:13.069+0000] {logging_mixin.py:188} INFO - [2026-08-24T14:10:13.068+0000] {dag.py:3954} INFO - Setting next_dagrun for latest_only_with_trigger to 2026-08-24 08:00:00+00:00, run_after=2026-08-24 12:00:00+00:00
[2026-08-24T14:10:13.094+0000] {processor.py:183} INFO - Processing /home/airflow/.local/lib/python3.12/site-packages/airflow/example_dags/example_latest_only_with_trigger.py took 0.102 seconds
[2026-08-24T14:10:43.561+0000] {processor.py:161} INFO - Started process (PID=465) to work on /home/airflow/.local/lib/python3.12/site-packages/airflow/example_dags/example_latest_only_with_trigger.py
[2026-08-24T14:10:43.563+0000] {processor.py:830} INFO - Processing file /home/airflow/.local/lib/python3.12/site-packages/airflow/example_dags/example_latest_only_with_trigger.py for tasks to queue
[2026-08-24T14:10:43.566+0000] {logging_mixin.py:188} INFO - [2026-08-24T14:10:43.565+0000] {dagbag.py:545} INFO - Filling up the DagBag from /home/airflow/.local/lib/python3.12/site-packages/airflow/example_dags/example_latest_only_with_trigger.py
[2026-08-24T14:10:43.574+0000] {processor.py:840} INFO - DAG(s) 'latest_only_with_trigger' retrieved from /home/airflow/.local/lib/python3.12/site-packages/airflow/example_dags/example_latest_only_with_trigger.py
[2026-08-24T14:10:43.600+0000] {logging_mixin.py:188} INFO - [2026-08-24T14:10:43.600+0000] {dag.py:3096} INFO - Sync 1 DAGs
[2026-08-24T14:10:43.628+0000] {logging_mixin.py:188} INFO - [2026-08-24T14:10:43.628+0000] {dag.py:3954} INFO - Setting next_dagrun for latest_only_with_trigger to 2026-08-24 08:00:00+00:00, run_after=2026-08-24 12:00:00+00:00
[2026-08-24T14:10:43.650+0000] {processor.py:183} INFO - Processing /home/airflow/.local/lib/python3.12/site-packages/airflow/example_dags/example_latest_only_with_trigger.py took 0.098 seconds
[2026-08-24T14:13:27.107+0000] {processor.py:161} INFO - Started process (PID=115) to work on /home/airflow/.local/lib/python3.12/site-packages/airflow/example_dags/example_latest_only_with_trigger.py
[2026-08-24T14:13:27.109+0000] {processor.py:830} INFO - Processing file /home/airflow/.local/lib/python3.12/site-packages/airflow/example_dags/example_latest_only_with_trigger.py for tasks to queue
[2026-08-24T14:13:27.113+0000] {logging_mixin.py:188} INFO - [2026-08-24T14:13:27.112+0000] {dagbag.py:545} INFO - Filling up the DagBag from /home/airflow/.local/lib/python3.12/site-packages/airflow/example_dags/example_latest_only_with_trigger.py
[2026-08-24T14:13:27.126+0000] {processor.py:840} INFO - DAG(s) 'latest_only_with_trigger' retrieved from /home/airflow/.local/lib/python3.12/site-packages/airflow/example_dags/example_latest_only_with_trigger.py
[2026-08-24T14:13:27.270+0000] {logging_mixin.py:188} INFO - [2026-08-24T14:13:27.270+0000] {dag.py:3096} INFO - Sync 1 DAGs
[2026-08-24T14:13:27.299+0000] {logging_mixin.py:188} INFO - [2026-08-24T14:13:27.298+0000] {dag.py:3954} INFO - Setting next_dagrun for latest_only_with_trigger to 2026-08-24 08:00:00+00:00, run_after=2026-08-24 12:00:00+00:00
[2026-08-24T14:13:27.323+0000] {processor.py:183} INFO - Processing /home/airflow/.local/lib/python3.12/site-packages/airflow/example_dags/example_latest_only_with_trigger.py took 0.224 seconds
[2026-08-24T14:13:58.016+0000] {processor.py:161} INFO - Started process (PID=174) to work on /home/airflow/.local/lib/python3.12/site-packages/airflow/example_dags/example_latest_only_with_trigger.py
[2026-08-24T14:13:58.018+0000] {processor.py:830} INFO - Processing file /home/airflow/.local/lib/python3.12/site-packages/airflow/example_dags/example_latest_only_with_trigger.py for tasks to queue
[2026-08-24T14:13:58.021+0000] {logging_mixin.py:188} INFO - [2026-08-24T14:13:58.020+0000] {dagbag.py:545} INFO - Filling up the DagBag from /home/airflow/.local/lib/python3.12/site-packages/airflow/example_dags/example_latest_only_with_trigger.py
[2026-08-24T14:13:58.028+0000] {processor.py:840} INFO - DAG(s) 'latest_only_with_trigger' retrieved from /home/airflow/.local/lib/python3.12/site-packages/airflow/example_dags/example_latest_only_with_trigger.py
[2026-08-24T14:13:58.060+0000] {logging_mixin.py:188} INFO - [2026-08-24T14:13:58.060+0000] {dag.py:3096} INFO - Sync 1 DAGs
[2026-08-24T14:13:58.093+0000] {logging_mixin.py:188} INFO - [2026-08-24T14:13:58.092+0000] {dag.py:3954} INFO - Setting next_dagrun for latest_only_with_trigger to 2026-08-24 08:00:00+00:00, run_after=2026-08-24 12:00:00+00:00
[2026-08-24T14:13:58.124+0000] {processor.py:183} INFO - Processing /home/airflow/.local/lib/python3.12/site-packages/airflow/example_dags/example_latest_only_with_trigger.py took 0.116 seconds
[2026-08-24T14:14:28.694+0000] {processor.py:161} INFO - Started process (PID=233) to work on /home/airflow/.local/lib/python3.12/site-packages/airflow/example_dags/example_latest_only_with_trigger.py
[2026-08-24T14:14:28.696+0000] {processor.py:830} INFO - Processing file /home/airflow/.local/lib/python3.12/site-packages/airflow/example_dags/example_latest_only_with_trigger.py for tasks to queue
[2026-08-24T14:14:28.699+0000] {logging_mixin.py:188} INFO - [2026-08-24T14:14:28.699+0000] {dagbag.py:545} INFO - Filling up the DagBag from /home/airflow/.local/lib/python3.12/site-packages/airflow/example_dags/example_latest_only_with_trigger.py
[2026-08-24T14:14:28.707+0000] {processor.py:840} INFO - DAG(s) 'latest_only_with_trigger' retrieved from /home/airflow/.local/lib/python3.12/site-packages/airflow/example_dags/example_latest_only_with_trigger.py
[2026-08-24T14:14:28.734+0000] {logging_mixin.py:188} INFO - [2026-08-24T14:14:28.734+0000] {dag.py:3096} INFO - Sync 1 DAGs
[2026-08-24T14:14:28.762+0000] {logging_mixin.py:188} INFO - [2026-08-24T14:14:28.762+0000] {dag.py:3954} INFO - Setting next_dagrun for latest_only_with_trigger to 2026-08-24 08:00:00+00:00, run_after=2026-08-24 12:00:00+00:00
[2026-08-24T14:14:28.794+0000] {processor.py:183} INFO - Processing /home/airflow/.local/lib/python3.12/site-packages/airflow/example_dags/example_latest_only_with_trigger.py took 0.110 seconds
[2026-08-24T14:14:59.232+0000] {processor.py:161} INFO - Started process (PID=292) to work on /home/airflow/.local/lib/python3.12/site-packages/airflow/example_dags/example_latest_only_with_trigger.py
[2026-08-24T14:14:59.233+0000] {processor.py:830} INFO - Processing file /home/airflow/.local/lib/python3.12/site-packages/airflow/example_dags/example_latest_only_with_trigger.py for tasks to queue
[2026-08-24T14:14:59.236+0000] {logging_mixin.py:188} INFO - [2026-08-24T14:14:59.235+0000] {dagbag.py:545} INFO - Filling up the DagBag from /home/airflow/.local/lib/python3.12/site-packages/airflow/example_dags/example_latest_only_with_trigger.py
[2026-08-24T14:14:59.243+0000] {processor.py:840} INFO - DAG(s) 'latest_only_with_trigger' retrieved from /home/airflow/.local/lib/python3.12/site-packages/airflow/example_dags/example_latest_only_with_trigger.py
[2026-08-24T14:14:59.269+0000] {logging_mixin.py:188} INFO - [2026-08-24T14:14:59.268+0000] {dag.py:3096} INFO - Sync 1 DAGs
[2026-08-24T14:14:59.298+0000] {logging_mixin.py:188} INFO - [2026-08-24T14:14:59.298+0000] {dag.py:3954} INFO - Setting next_dagrun for latest_only_with_trigger to 2026-08-24 08:00:00+00:00, run_after=2026-08-24 12:00:00+00:00
[2026-08-24T14:14:59.325+0000] {processor.py:183} INFO - Processing /home/airflow/.local/lib/python3.12/site-packages/airflow/example_dags/example_latest_only_with_trigger.py took 0.101 seconds
[2026-08-24T14:15:29.910+0000] {processor.py:161} INFO - Started process (PID=351) to work on /home/airflow/.local/lib/python3.12/site-packages/airflow/example_dags/example_latest_only_with_trigger.py
[2026-08-24T14:15:29.911+0000] {processor.py:830} INFO - Processing file /home/airflow/.local/lib/python3.12/site-packages/airflow/example_dags/example_latest_only_with_trigger.py for tasks to queue
[2026-08-24T14:15:29.914+0000] {logging_mixin.py:188} INFO - [2026-08-24T14:15:29.914+0000] {dagbag.py:545} INFO - Filling up the DagBag from /home/airflow/.local/lib/python3.12/site-packages/airflow/example_dags/example_latest_only_with_trigger.py
[2026-08-24T14:15:29.922+0000] {processor.py:840} INFO - DAG(s) 'latest_only_with_trigger' retrieved from /home/airflow/.local/lib/python3.12/site-packages/airflow/example_dags/example_latest_only_with_trigger.py
[2026-08-24T14:15:29.949+0000] {logging_mixin.py:188} INFO - [2026-08-24T14:15:29.948+0000] {dag.py:3096} INFO - Sync 1 DAGs
[2026-08-24T14:15:29.977+0000] {logging_mixin.py:188} INFO - [2026-08-24T14:15:29.977+0000] {dag.py:3954} INFO - Setting next_dagrun for latest_only_with_trigger to 2026-08-24 08:00:00+00:00, run_after=2026-08-24 12:00:00+00:00
[2026-08-24T14:15:30.001+0000] {processor.py:183} INFO - Processing /home/airflow/.local/lib/python3.12/site-packages/airflow/example_dags/example_latest_only_with_trigger.py took 0.099 seconds
[2026-08-24T14:16:00.570+0000] {processor.py:161} INFO - Started process (PID=410) to work on /home/airflow/.local/lib/python3.12/site-packages/airflow/example_dags/example_latest_only_with_trigger.py
[2026-08-24T14:16:00.571+0000] {processor.py:830} INFO - Processing file /home/airflow/.local/lib/python3.12/site-packages/airflow/example_dags/example_latest_only_with_trigger.py for tasks to queue
[2026-08-24T14:16:00.574+0000] {logging_mixin.py:188} INFO - [2026-08-24T14:16:00.574+0000] {dagbag.py:545} INFO - Filling up the DagBag from /home/airflow/.local/lib/python3.12/site-packages/airflow/example_dags/example_latest_only_with_trigger.py
[2026-08-24T14:16:00.597+0000] {processor.py:840} INFO - DAG(s) 'latest_only_with_trigger' retrieved from /home/airflow/.local/lib/python3.12/site-packages/airflow/example_dags/example_latest_only_with_trigger.py
[2026-08-24T14:16:00.639+0000] {logging_mixin.py:188} INFO - [2026-08-24T14:16:00.639+0000] {dag.py:3096} INFO - Sync 1 DAGs
[2026-08-24T14:16:00.670+0000] {logging_mixin.py:188} INFO - [2026-08-24T14:16:00.670+0000] {dag.py:3954} INFO - Setting next_dagrun for latest_only_with_trigger to 2026-08-24 08:00:00+00:00, run_after=2026-08-24 12:00:00+00:00
[2026-08-24T14:16:00.698+0000] {processor.py:183} INFO - Processing /home/airflow/.local/lib/python3.12/site-packages/airflow/example_dags/example_latest_only_with_trigger.py took 0.136 seconds
[2026-08-24T14:16:31.006+0000] {processor.py:161} INFO - Started process (PID=469) to work on /home/airflow/.local/lib/python3.12/site-packages/airflow/example_dags/example_latest_only_with_trigger.py
[2026-08-24T14:16:31.008+0000] {processor.py:830} INFO - Processing file /home/airflow/.local/lib/python3.12/site-packages/airflow/example_dags/example_latest_only_with_trigger.py for tasks to queue
[2026-08-24T14:16:31.010+0000] {logging_mixin.py:188} INFO - [2026-08-24T14:16:31.010+0000] {dagbag.py:545} INFO - Filling up the DagBag from /home/airflow/.local/lib/python3.12/site-packages/airflow/example_dags/example_latest_only_with_trigger.py
[2026-08-24T14:16:31.020+0000] {processor.py:840} INFO - DAG(s) 'latest_only_with_trigger' retrieved from /home/airflow/.local/lib/python3.12/site-packages/airflow/example_dags/example_latest_only_with_trigger.py
[2026-08-24T14:16:31.048+0000] {logging_mixin.py:188} INFO - [2026-08-24T14:16:31.048+0000] {dag.py:3096} INFO - Sync 1 DAGs
[2026-08-24T14:16:31.084+0000] {logging_mixin.py:188} INFO - [2026-08-24T14:16:31.083+0000] {dag.py:3954} INFO - Setting next_dagrun for latest_only_with_trigger to 2026-08-24 08:00:00+00:00, run_after=2026-08-24 12:00:00+00:00
[2026-08-24T14:16:31.113+0000] {processor.py:183} INFO - Processing /home/airflow/.local/lib/python3.12/site-packages/airflow/example_dags/example_latest_only_with_trigger.py took 0.115 seconds
[2026-08-24T14:17:01.350+0000] {processor.py:161} INFO - Started process (PID=528) to work on /home/airflow/.local/lib/python3.12/site-packages/airflow/example_dags/example_latest_only_with_trigger.py
[2026-08-24T14:17:01.352+0000] {processor.py:830} INFO - Processing file /home/airflow/.local/lib/python3.12/site-packages/airflow/example_dags/example_latest_only_with_trigger.py for tasks to queue
[2026-08-24T14:17:01.356+0000] {logging_mixin.py:188} INFO - [2026-08-24T14:17:01.356+0000] {dagbag.py:545} INFO - Filling up the DagBag from /home/airflow/.local/lib/python3.12/site-packages/airflow/example_dags/example_latest_only_with_trigger.py
[2026-08-24T14:17:01.370+0000] {processor.py:840} INFO - DAG(s) 'latest_only_with_trigger' retrieved from /home/airflow/.local/lib/python3.12/site-packages/airflow/example_dags/example_latest_only_with_trigger.py
[2026-08-24T14:17:01.422+0000] {logging_mixin.py:188} INFO - [2026-08-24T14:17:01.421+0000] {dag.py:3096} INFO - Sync 1 DAGs
[2026-08-24T14:17:01.471+0000] {logging_mixin.py:188} INFO - [2026-08-24T14:17:01.471+0000] {dag.py:3954} INFO - Setting next_dagrun for latest_only_with_trigger to 2026-08-24 08:00:00+00:00, run_after=2026-08-24 12:00:00+00:00
[2026-08-24T14:17:01.508+0000] {processor.py:183} INFO - Processing /home/airflow/.local/lib/python3.12/site-packages/airflow/example_dags/example_latest_only_with_trigger.py took 0.170 seconds
[2026-08-24T14:17:32.283+0000] {processor.py:161} INFO - Started process (PID=587) to work on /home/airflow/.local/lib/python3.12/site-packages/airflow/example_dags/example_latest_only_with_trigger.py
[2026-08-24T14:17:32.284+0000] {processor.py:830} INFO - Processing file /home/airflow/.local/lib/python3.12/site-packages/airflow/example_dags/example_latest_only_with_trigger.py for tasks to queue
[2026-08-24T14:17:32.287+0000] {logging_mixin.py:188} INFO - [2026-08-24T14:17:32.287+0000] {dagbag.py:545} INFO - Filling up the DagBag from /home/airflow/.local/lib/python3.12/site-packages/airflow/example_dags/example_latest_only_with_trigger.py
[2026-08-24T14:17:32.298+0000] {processor.py:840} INFO - DAG(s) 'latest_only_with_trigger' retrieved from /home/airflow/.local/lib/python3.12/site-packages/airflow/example_dags/example_latest_only_with_trigger.py
[2026-08-24T14:17:32.329+0000] {logging_mixin.py:188} INFO - [2026-08-24T14:17:32.329+0000] {dag.py:3096} INFO - Sync 1 DAGs
[2026-08-24T14:17:32.362+0000] {logging_mixin.py:188} INFO - [2026-08-24T14:17:32.362+0000] {dag.py:3954} INFO - Setting next_dagrun for latest_only_with_trigger to 2026-08-24 08:00:00+00:00, run_after=2026-08-24 12:00:00+00:00
[2026-08-24T14:17:32.408+0000] {processor.py:183} INFO - Processing /home/airflow/.local/lib/python3.12/site-packages/airflow/example_dags/example_latest_only_with_trigger.py took 0.132 seconds
[2026-08-24T14:18:03.101+0000] {processor.py:161} INFO - Started process (PID=646) to work on /home/airflow/.local/lib/python3.12/site-packages/airflow/example_dags/example_latest_only_with_trigger.py
[2026-08-24T14:18:03.106+0000] {processor.py:830} INFO - Processing file /home/airflow/.local/lib/python3.12/site-packages/airflow/example_dags/example_latest_only_with_trigger.py for tasks to queue
[2026-08-24T14:18:03.111+0000] {logging_mixin.py:188} INFO - [2026-08-24T14:18:03.110+0000] {dagbag.py:545} INFO - Filling up the DagBag from /home/airflow/.local/lib/python3.12/site-packages/airflow/example_dags/example_latest_only_with_trigger.py
[2026-08-24T14:18:03.126+0000] {processor.py:840} INFO - DAG(s) 'latest_only_with_trigger' retrieved from /home/airflow/.local/lib/python3.12/site-packages/airflow/example_dags/example_latest_only_with_trigger.py
[2026-08-24T14:18:03.163+0000] {logging_mixin.py:188} INFO - [2026-08-24T14:18:03.162+0000] {dag.py:3096} INFO - Sync 1 DAGs
[2026-08-24T14:18:03.199+0000] {logging_mixin.py:188} INFO - [2026-08-24T14:18:03.199+0000] {dag.py:3954} INFO - Setting next_dagrun for latest_only_with_trigger to 2026-08-24 08:00:00+00:00, run_after=2026-08-24 12:00:00+00:00
[2026-08-24T14:18:03.233+0000] {processor.py:183} INFO - Processing /home/airflow/.local/lib/python3.12/site-packages/airflow/example_dags/example_latest_only_with_trigger.py took 0.142 seconds
[2026-08-24T14:18:33.397+0000] {processor.py:161} INFO - Started process (PID=706) to work on /home/airflow/.local/lib/python3.12/site-packages/airflow/example_dags/example_latest_only_with_trigger.py
[2026-08-24T14:18:33.400+0000] {processor.py:830} INFO - Processing file /home/airflow/.local/lib/python3.12/site-packages/airflow/example_dags/example_latest_only_with_trigger.py for tasks to queue
[2026-08-24T14:18:33.404+0000] {logging_mixin.py:188} INFO - [2026-08-24T14:18:33.403+0000] {dagbag.py:545} INFO - Filling up the DagBag from /home/airflow/.local/lib/python3.12/site-packages/airflow/example_dags/example_latest_only_with_trigger.py
[2026-08-24T14:18:33.413+0000] {processor.py:840} INFO - DAG(s) 'latest_only_with_trigger' retrieved from /home/airflow/.local/lib/python3.12/site-packages/airflow/example_dags/example_latest_only_with_trigger.py
[2026-08-24T14:18:33.443+0000] {logging_mixin.py:188} INFO - [2026-08-24T14:18:33.442+0000] {dag.py:3096} INFO - Sync 1 DAGs
[2026-08-24T14:18:33.475+0000] {logging_mixin.py:188} INFO - [2026-08-24T14:18:33.475+0000] {dag.py:3954} INFO - Setting next_dagrun for latest_only_with_trigger to 2026-08-24 08:00:00+00:00, run_after=2026-08-24 12:00:00+00:00
[2026-08-24T14:18:33.498+0000] {processor.py:183} INFO - Processing /home/airflow/.local/lib/python3.12/site-packages/airflow/example_dags/example_latest_only_with_trigger.py took 0.108 seconds
[2026-08-24T14:19:04.541+0000] {processor.py:161} INFO - Started process (PID=766) to work on /home/airflow/.local/lib/python3.12/site-packages/airflow/example_dags/example_latest_only_with_trigger.py
[2026-08-24T14:19:04.543+0000] {processor.py:830} INFO - Processing file /home/airflow/.local/lib/python3.12/site-packages/airflow/example_dags/example_latest_only_with_trigger.py for tasks to queue
[2026-08-24T14:19:04.547+0000] {logging_mixin.py:188} INFO - [2026-08-24T14:19:04.546+0000] {dagbag.py:545} INFO - Filling up the DagBag from /home/airflow/.local/lib/python3.12/site-packages/airflow/example_dags/example_latest_only_with_trigger.py
[2026-08-24T14:19:04.557+0000] {processor.py:840} INFO - DAG(s) 'latest_only_with_trigger' retrieved from /home/airflow/.local/lib/python3.12/site-packages/airflow/example_dags/example_latest_only_with_trigger.py
[2026-08-24T14:19:04.590+0000] {logging_mixin.py:188} INFO - [2026-08-24T14:19:04.589+0000] {dag.py:3096} INFO - Sync 1 DAGs
[2026-08-24T14:19:04.618+0000] {logging_mixin.py:188} INFO - [2026-08-24T14:19:04.618+0000] {dag.py:3954} INFO - Setting next_dagrun for latest_only_with_trigger to 2026-08-24 08:00:00+00:00, run_after=2026-08-24 12:00:00+00:00
[2026-08-24T14:19:04.644+0000] {processor.py:183} INFO - Processing /home/airflow/.local/lib/python3.12/site-packages/airflow/example_dags/example_latest_only_with_trigger.py took 0.115 seconds
[2026-08-24T14:19:35.571+0000] {processor.py:161} INFO - Started process (PID=825) to work on /home/airflow/.local/lib/python3.12/site-packages/airflow/example_dags/example_latest_only_with_trigger.py
[2026-08-24T14:19:35.573+0000] {processor.py:830} INFO - Processing file /home/airflow/.local/lib/python3.12/site-packages/airflow/example_dags/example_latest_only_with_trigger.py for tasks to queue
[2026-08-24T14:19:35.575+0000] {logging_mixin.py:188} INFO - [2026-08-24T14:19:35.574+0000] {dagbag.py:545} INFO - Filling up the DagBag from /home/airflow/.local/lib/python3.12/site-packages/airflow/example_dags/example_latest_only_with_trigger.py
[2026-08-24T14:19:35.581+0000] {processor.py:840} INFO - DAG(s) 'latest_only_with_trigger' retrieved from /home/airflow/.local/lib/python3.12/site-packages/airflow/example_dags/example_latest_only_with_trigger.py
[2026-08-24T14:19:35.610+0000] {logging_mixin.py:188} INFO - [2026-08-24T14:19:35.609+0000] {dag.py:3096} INFO - Sync 1 DAGs
[2026-08-24T14:19:35.640+0000] {logging_mixin.py:188} INFO - [2026-08-24T14:19:35.640+0000] {dag.py:3954} INFO - Setting next_dagrun for latest_only_with_trigger to 2026-08-24 08:00:00+00:00, run_after=2026-08-24 12:00:00+00:00
[2026-08-24T14:19:35.666+0000] {processor.py:183} INFO - Processing /home/airflow/.local/lib/python3.12/site-packages/airflow/example_dags/example_latest_only_with_trigger.py took 0.103 seconds
[2026-08-24T14:20:06.006+0000] {processor.py:161} INFO - Started process (PID=884) to work on /home/airflow/.local/lib/python3.12/site-packages/airflow/example_dags/example_latest_only_with_trigger.py
[2026-08-24T14:20:06.008+0000] {processor.py:830} INFO - Processing file /home/airflow/.local/lib/python3.12/site-packages/airflow/example_dags/example_latest_only_with_trigger.py for tasks to queue
[2026-08-24T14:20:06.010+0000] {logging_mixin.py:188} INFO - [2026-08-24T14:20:06.010+0000] {dagbag.py:545} INFO - Filling up the DagBag from /home/airflow/.local/lib/python3.12/site-packages/airflow/example_dags/example_latest_only_with_trigger.py
[2026-08-24T14:20:06.018+0000] {processor.py:840} INFO - DAG(s) 'latest_only_with_trigger' retrieved from /home/airflow/.local/lib/python3.12/site-packages/airflow/example_dags/example_latest_only_with_trigger.py
[2026-08-24T14:20:06.045+0000] {logging_mixin.py:188} INFO - [2026-08-24T14:20:06.045+0000] {dag.py:3096} INFO - Sync 1 DAGs
[2026-08-24T14:20:06.083+0000] {logging_mixin.py:188} INFO - [2026-08-24T14:20:06.083+0000] {dag.py:3954} INFO - Setting next_dagrun for latest_only_with_trigger to 2026-08-24 08:00:00+00:00, run_after=2026-08-24 12:00:00+00:00
[2026-08-24T14:20:06.116+0000] {processor.py:183} INFO - Processing /home/airflow/.local/lib/python3.12/site-packages/airflow/example_dags/example_latest_only_with_trigger.py took 0.118 seconds
[2026-08-24T14:22:18.236+0000] {processor.py:161} INFO - Started process (PID=115) to work on /home/airflow/.local/lib/python3.12/site-packages/airflow/example_dags/example_latest_only_with_trigger.py
[2026-08-24T14:22:18.237+0000] {processor.py:830} INFO - Processing file /home/airflow/.local/lib/python3.12/site-packages/airflow/example_dags/example_latest_only_with_trigger.py for tasks to queue
[2026-08-24T14:22:18.239+0000] {logging_mixin.py:188} INFO - [2026-08-24T14:22:18.239+0000] {dagbag.py:545} INFO - Filling up the DagBag from /home/airflow/.local/lib/python3.12/site-packages/airflow/example_dags/example_latest_only_with_trigger.py
[2026-08-24T14:22:18.250+0000] {processor.py:840} INFO - DAG(s) 'latest_only_with_trigger' retrieved from /home/airflow/.local/lib/python3.12/site-packages/airflow/example_dags/example_latest_only_with_trigger.py
[2026-08-24T14:22:18.378+0000] {logging_mixin.py:188} INFO - [2026-08-24T14:22:18.377+0000] {dag.py:3096} INFO - Sync 1 DAGs
[2026-08-24T14:22:18.401+0000] {logging_mixin.py:188} INFO - [2026-08-24T14:22:18.401+0000] {dag.py:3954} INFO - Setting next_dagrun for latest_only_with_trigger to 2026-08-24 08:00:00+00:00, run_after=2026-08-24 12:00:00+00:00
[2026-08-24T14:22:18.446+0000] {processor.py:183} INFO - Processing /home/airflow/.local/lib/python3.12/site-packages/airflow/example_dags/example_latest_only_with_trigger.py took 0.219 seconds
[2026-08-24T14:23:01.359+0000] {processor.py:161} INFO - Started process (PID=94) to work on /home/airflow/.local/lib/python3.12/site-packages/airflow/example_dags/example_latest_only_with_trigger.py
[2026-08-24T14:23:01.360+0000] {processor.py:830} INFO - Processing file /home/airflow/.local/lib/python3.12/site-packages/airflow/example_dags/example_latest_only_with_trigger.py for tasks to queue
[2026-08-24T14:23:01.363+0000] {logging_mixin.py:188} INFO - [2026-08-24T14:23:01.363+0000] {dagbag.py:545} INFO - Filling up the DagBag from /home/airflow/.local/lib/python3.12/site-packages/airflow/example_dags/example_latest_only_with_trigger.py
[2026-08-24T14:23:01.376+0000] {processor.py:840} INFO - DAG(s) 'latest_only_with_trigger' retrieved from /home/airflow/.local/lib/python3.12/site-packages/airflow/example_dags/example_latest_only_with_trigger.py
[2026-08-24T14:23:01.404+0000] {logging_mixin.py:188} INFO - [2026-08-24T14:23:01.404+0000] {dag.py:3096} INFO - Sync 1 DAGs
[2026-08-24T14:23:01.431+0000] {logging_mixin.py:188} INFO - [2026-08-24T14:23:01.431+0000] {dag.py:3954} INFO - Setting next_dagrun for latest_only_with_trigger to 2026-08-24 08:00:00+00:00, run_after=2026-08-24 12:00:00+00:00
[2026-08-24T14:23:01.455+0000] {processor.py:183} INFO - Processing /home/airflow/.local/lib/python3.12/site-packages/airflow/example_dags/example_latest_only_with_trigger.py took 0.103 seconds
[2026-08-24T14:23:31.938+0000] {processor.py:161} INFO - Started process (PID=154) to work on /home/airflow/.local/lib/python3.12/site-packages/airflow/example_dags/example_latest_only_with_trigger.py
[2026-08-24T14:23:31.939+0000] {processor.py:830} INFO - Processing file /home/airflow/.local/lib/python3.12/site-packages/airflow/example_dags/example_latest_only_with_trigger.py for tasks to queue
[2026-08-24T14:23:31.943+0000] {logging_mixin.py:188} INFO - [2026-08-24T14:23:31.942+0000] {dagbag.py:545} INFO - Filling up the DagBag from /home/airflow/.local/lib/python3.12/site-packages/airflow/example_dags/example_latest_only_with_trigger.py
[2026-08-24T14:23:31.952+0000] {processor.py:840} INFO - DAG(s) 'latest_only_with_trigger' retrieved from /home/airflow/.local/lib/python3.12/site-packages/airflow/example_dags/example_latest_only_with_trigger.py
[2026-08-24T14:23:31.988+0000] {logging_mixin.py:188} INFO - [2026-08-24T14:23:31.987+0000] {dag.py:3096} INFO - Sync 1 DAGs
[2026-08-24T14:23:32.044+0000] {logging_mixin.py:188} INFO - [2026-08-24T14:23:32.044+0000] {dag.py:3954} INFO - Setting next_dagrun for latest_only_with_trigger to 2026-08-24 08:00:00+00:00, run_after=2026-08-24 12:00:00+00:00
[2026-08-24T14:23:32.083+0000] {processor.py:183} INFO - Processing /home/airflow/.local/lib/python3.12/site-packages/airflow/example_dags/example_latest_only_with_trigger.py took 0.154 seconds
[2026-08-24T14:24:04.604+0000] {processor.py:161} INFO - Started process (PID=220) to work on /home/airflow/.local/lib/python3.12/site-packages/airflow/example_dags/example_latest_only_with_trigger.py
[2026-08-24T14:24:04.606+0000] {processor.py:830} INFO - Processing file /home/airflow/.local/lib/python3.12/site-packages/airflow/example_dags/example_latest_only_with_trigger.py for tasks to queue
[2026-08-24T14:24:04.609+0000] {logging_mixin.py:188} INFO - [2026-08-24T14:24:04.609+0000] {dagbag.py:545} INFO - Filling up the DagBag from /home/airflow/.local/lib/python3.12/site-packages/airflow/example_dags/example_latest_only_with_trigger.py
[2026-08-24T14:24:04.618+0000] {processor.py:840} INFO - DAG(s) 'latest_only_with_trigger' retrieved from /home/airflow/.local/lib/python3.12/site-packages/airflow/example_dags/example_latest_only_with_trigger.py
[2026-08-24T14:24:04.648+0000] {logging_mixin.py:188} INFO - [2026-08-24T14:24:04.648+0000] {dag.py:3096} INFO - Sync 1 DAGs
[2026-08-24T14:24:04.686+0000] {logging_mixin.py:188} INFO - [2026-08-24T14:24:04.686+0000] {dag.py:3954} INFO - Setting next_dagrun for latest_only_with_trigger to 2026-08-24 08:00:00+00:00, run_after=2026-08-24 12:00:00+00:00
[2026-08-24T14:24:04.717+0000] {processor.py:183} INFO - Processing /home/airflow/.local/lib/python3.12/site-packages/airflow/example_dags/example_latest_only_with_trigger.py took 0.123 seconds
[2026-08-24T14:24:35.715+0000] {processor.py:161} INFO - Started process (PID=280) to work on /home/airflow/.local/lib/python3.12/site-packages/airflow/example_dags/example_latest_only_with_trigger.py
[2026-08-24T14:24:35.716+0000] {processor.py:830} INFO - Processing file /home/airflow/.local/lib/python3.12/site-packages/airflow/example_dags/example_latest_only_with_trigger.py for tasks to queue
[2026-08-24T14:24:35.719+0000] {logging_mixin.py:188} INFO - [2026-08-24T14:24:35.719+0000] {dagbag.py:545} INFO - Filling up the DagBag from /home/airflow/.local/lib/python3.12/site-packages/airflow/example_dags/example_latest_only_with_trigger.py
[2026-08-24T14:24:35.726+0000] {processor.py:840} INFO - DAG(s) 'latest_only_with_trigger' retrieved from /home/airflow/.local/lib/python3.12/site-packages/airflow/example_dags/example_latest_only_with_trigger.py
[2026-08-24T14:24:35.753+0000] {logging_mixin.py:188} INFO - [2026-08-24T14:24:35.752+0000] {dag.py:3096} INFO - Sync 1 DAGs
[2026-08-24T14:24:35.788+0000] {logging_mixin.py:188} INFO - [2026-08-24T14:24:35.788+0000] {dag.py:3954} INFO - Setting next_dagrun for latest_only_with_trigger to 2026-08-24 08:00:00+00:00, run_after=2026-08-24 12:00:00+00:00
[2026-08-24T14:24:35.813+0000] {processor.py:183} INFO - Processing /home/airflow/.local/lib/python3.12/site-packages/airflow/example_dags/example_latest_only_with_trigger.py took 0.106 seconds
[2026-08-24T14:25:06.417+0000] {processor.py:161} INFO - Started process (PID=340) to work on /home/airflow/.local/lib/python3.12/site-packages/airflow/example_dags/example_latest_only_with_trigger.py
[2026-08-24T14:25:06.418+0000] {processor.py:830} INFO - Processing file /home/airflow/.local/lib/python3.12/site-packages/airflow/example_dags/example_latest_only_with_trigger.py for tasks to queue
[2026-08-24T14:25:06.421+0000] {logging_mixin.py:188} INFO - [2026-08-24T14:25:06.421+0000] {dagbag.py:545} INFO - Filling up the DagBag from /home/airflow/.local/lib/python3.12/site-packages/airflow/example_dags/example_latest_only_with_trigger.py
[2026-08-24T14:25:06.428+0000] {processor.py:840} INFO - DAG(s) 'latest_only_with_trigger' retrieved from /home/airflow/.local/lib/python3.12/site-packages/airflow/example_dags/example_latest_only_with_trigger.py
[2026-08-24T14:25:06.459+0000] {logging_mixin.py:188} INFO - [2026-08-24T14:25:06.458+0000] {dag.py:3096} INFO - Sync 1 DAGs
[2026-08-24T14:25:06.487+0000] {logging_mixin.py:188} INFO - [2026-08-24T14:25:06.487+0000] {dag.py:3954} INFO - Setting next_dagrun for latest_only_with_trigger to 2026-08-24 08:00:00+00:00, run_after=2026-08-24 12:00:00+00:00
[2026-08-24T14:25:06.513+0000] {processor.py:183} INFO - Processing /home/airflow/.local/lib/python3.12/site-packages/airflow/example_dags/example_latest_only_with_trigger.py took 0.103 seconds
[2026-08-24T14:25:37.652+0000] {processor.py:161} INFO - Started process (PID=400) to work on /home/airflow/.local/lib/python3.12/site-packages/airflow/example_dags/example_latest_only_with_trigger.py
[2026-08-24T14:25:37.653+0000] {processor.py:830} INFO - Processing file /home/airflow/.local/lib/python3.12/site-packages/airflow/example_dags/example_latest_only_with_trigger.py for tasks to queue
[2026-08-24T14:25:37.655+0000] {logging_mixin.py:188} INFO - [2026-08-24T14:25:37.655+0000] {dagbag.py:545} INFO - Filling up the DagBag from /home/airflow/.local/lib/python3.12/site-packages/airflow/example_dags/example_latest_only_with_trigger.py
[2026-08-24T14:25:37.663+0000] {processor.py:840} INFO - DAG(s) 'latest_only_with_trigger' retrieved from /home/airflow/.local/lib/python3.12/site-packages/airflow/example_dags/example_latest_only_with_trigger.py
[2026-08-24T14:25:37.691+0000] {logging_mixin.py:188} INFO - [2026-08-24T14:25:37.691+0000] {dag.py:3096} INFO - Sync 1 DAGs
[2026-08-24T14:25:37.722+0000] {logging_mixin.py:188} INFO - [2026-08-24T14:25:37.722+0000] {dag.py:3954} INFO - Setting next_dagrun for latest_only_with_trigger to 2026-08-24 08:00:00+00:00, run_after=2026-08-24 12:00:00+00:00
[2026-08-24T14:25:37.748+0000] {processor.py:183} INFO - Processing /home/airflow/.local/lib/python3.12/site-packages/airflow/example_dags/example_latest_only_with_trigger.py took 0.105 seconds
[2026-08-24T14:26:08.672+0000] {processor.py:161} INFO - Started process (PID=460) to work on /home/airflow/.local/lib/python3.12/site-packages/airflow/example_dags/example_latest_only_with_trigger.py
[2026-08-24T14:26:08.673+0000] {processor.py:830} INFO - Processing file /home/airflow/.local/lib/python3.12/site-packages/airflow/example_dags/example_latest_only_with_trigger.py for tasks to queue
[2026-08-24T14:26:08.676+0000] {logging_mixin.py:188} INFO - [2026-08-24T14:26:08.676+0000] {dagbag.py:545} INFO - Filling up the DagBag from /home/airflow/.local/lib/python3.12/site-packages/airflow/example_dags/example_latest_only_with_trigger.py
[2026-08-24T14:26:08.684+0000] {processor.py:840} INFO - DAG(s) 'latest_only_with_trigger' retrieved from /home/airflow/.local/lib/python3.12/site-packages/airflow/example_dags/example_latest_only_with_trigger.py
[2026-08-24T14:26:08.714+0000] {logging_mixin.py:188} INFO - [2026-08-24T14:26:08.713+0000] {dag.py:3096} INFO - Sync 1 DAGs
[2026-08-24T14:26:08.743+0000] {logging_mixin.py:188} INFO - [2026-08-24T14:26:08.743+0000] {dag.py:3954} INFO - Setting next_dagrun for latest_only_with_trigger to 2026-08-24 08:00:00+00:00, run_after=2026-08-24 12:00:00+00:00
[2026-08-24T14:26:08.769+0000] {processor.py:183} INFO - Processing /home/airflow/.local/lib/python3.12/site-packages/airflow/example_dags/example_latest_only_with_trigger.py took 0.105 seconds
[2026-08-24T14:26:39.137+0000] {processor.py:161} INFO - Started process (PID=519) to work on /home/airflow/.local/lib/python3.12/site-packages/airflow/example_dags/example_latest_only_with_trigger.py
[2026-08-24T14:26:39.139+0000] {processor.py:830} INFO - Processing file /home/airflow/.local/lib/python3.12/site-packages/airflow/example_dags/example_latest_only_with_trigger.py for tasks to queue
[2026-08-24T14:26:39.141+0000] {logging_mixin.py:188} INFO - [2026-08-24T14:26:39.141+0000] {dagbag.py:545} INFO - Filling up the DagBag from /home/airflow/.local/lib/python3.12/site-packages/airflow/example_dags/example_latest_only_with_trigger.py
[2026-08-24T14:26:39.149+0000] {processor.py:840} INFO - DAG(s) 'latest_only_with_trigger' retrieved from /home/airflow/.local/lib/python3.12/site-packages/airflow/example_dags/example_latest_only_with_trigger.py
[2026-08-24T14:26:39.175+0000] {logging_mixin.py:188} INFO - [2026-08-24T14:26:39.174+0000] {dag.py:3096} INFO - Sync 1 DAGs
[2026-08-24T14:26:39.204+0000] {logging_mixin.py:188} INFO - [2026-08-24T14:26:39.204+0000] {dag.py:3954} INFO - Setting next_dagrun for latest_only_with_trigger to 2026-08-24 08:00:00+00:00, run_after=2026-08-24 12:00:00+00:00
[2026-08-24T14:26:39.228+0000] {processor.py:183} INFO - Processing /home/airflow/.local/lib/python3.12/site-packages/airflow/example_dags/example_latest_only_with_trigger.py took 0.100 seconds
[2026-08-24T14:27:09.579+0000] {processor.py:161} INFO - Started process (PID=578) to work on /home/airflow/.local/lib/python3.12/site-packages/airflow/example_dags/example_latest_only_with_trigger.py
[2026-08-24T14:27:09.580+0000] {processor.py:830} INFO - Processing file /home/airflow/.local/lib/python3.12/site-packages/airflow/example_dags/example_latest_only_with_trigger.py for tasks to queue
[2026-08-24T14:27:09.583+0000] {logging_mixin.py:188} INFO - [2026-08-24T14:27:09.583+0000] {dagbag.py:545} INFO - Filling up the DagBag from /home/airflow/.local/lib/python3.12/site-packages/airflow/example_dags/example_latest_only_with_trigger.py
[2026-08-24T14:27:09.591+0000] {processor.py:840} INFO - DAG(s) 'latest_only_with_trigger' retrieved from /home/airflow/.local/lib/python3.12/site-packages/airflow/example_dags/example_latest_only_with_trigger.py
[2026-08-24T14:27:09.618+0000] {logging_mixin.py:188} INFO - [2026-08-24T14:27:09.618+0000] {dag.py:3096} INFO - Sync 1 DAGs
[2026-08-24T14:27:09.650+0000] {logging_mixin.py:188} INFO - [2026-08-24T14:27:09.649+0000] {dag.py:3954} INFO - Setting next_dagrun for latest_only_with_trigger to 2026-08-24 08:00:00+00:00, run_after=2026-08-24 12:00:00+00:00
[2026-08-24T14:27:09.672+0000] {processor.py:183} INFO - Processing /home/airflow/.local/lib/python3.12/site-packages/airflow/example_dags/example_latest_only_with_trigger.py took 0.102 seconds
[2026-08-24T14:27:39.990+0000] {processor.py:161} INFO - Started process (PID=638) to work on /home/airflow/.local/lib/python3.12/site-packages/airflow/example_dags/example_latest_only_with_trigger.py
[2026-08-24T14:27:39.991+0000] {processor.py:830} INFO - Processing file /home/airflow/.local/lib/python3.12/site-packages/airflow/example_dags/example_latest_only_with_trigger.py for tasks to queue
[2026-08-24T14:27:39.994+0000] {logging_mixin.py:188} INFO - [2026-08-24T14:27:39.994+0000] {dagbag.py:545} INFO - Filling up the DagBag from /home/airflow/.local/lib/python3.12/site-packages/airflow/example_dags/example_latest_only_with_trigger.py
[2026-08-24T14:27:40.002+0000] {processor.py:840} INFO - DAG(s) 'latest_only_with_trigger' retrieved from /home/airflow/.local/lib/python3.12/site-packages/airflow/example_dags/example_latest_only_with_trigger.py
[2026-08-24T14:27:40.028+0000] {logging_mixin.py:188} INFO - [2026-08-24T14:27:40.027+0000] {dag.py:3096} INFO - Sync 1 DAGs
[2026-08-24T14:27:40.057+0000] {logging_mixin.py:188} INFO - [2026-08-24T14:27:40.057+0000] {dag.py:3954} INFO - Setting next_dagrun for latest_only_with_trigger to 2026-08-24 08:00:00+00:00, run_after=2026-08-24 12:00:00+00:00
[2026-08-24T14:27:40.089+0000] {processor.py:183} INFO - Processing /home/airflow/.local/lib/python3.12/site-packages/airflow/example_dags/example_latest_only_with_trigger.py took 0.107 seconds
[2026-08-24T14:28:10.310+0000] {processor.py:161} INFO - Started process (PID=698) to work on /home/airflow/.local/lib/python3.12/site-packages/airflow/example_dags/example_latest_only_with_trigger.py
[2026-08-24T14:28:10.312+0000] {processor.py:830} INFO - Processing file /home/airflow/.local/lib/python3.12/site-packages/airflow/example_dags/example_latest_only_with_trigger.py for tasks to queue
[2026-08-24T14:28:10.315+0000] {logging_mixin.py:188} INFO - [2026-08-24T14:28:10.314+0000] {dagbag.py:545} INFO - Filling up the DagBag from /home/airflow/.local/lib/python3.12/site-packages/airflow/example_dags/example_latest_only_with_trigger.py
[2026-08-24T14:28:10.321+0000] {processor.py:840} INFO - DAG(s) 'latest_only_with_trigger' retrieved from /home/airflow/.local/lib/python3.12/site-packages/airflow/example_dags/example_latest_only_with_trigger.py
[2026-08-24T14:28:10.345+0000] {logging_mixin.py:188} INFO - [2026-08-24T14:28:10.345+0000] {dag.py:3096} INFO - Sync 1 DAGs
[2026-08-24T14:28:10.372+0000] {logging_mixin.py:188} INFO - [2026-08-24T14:28:10.372+0000] {dag.py:3954} INFO - Setting next_dagrun for latest_only_with_trigger to 2026-08-24 08:00:00+00:00, run_after=2026-08-24 12:00:00+00:00
[2026-08-24T14:28:10.395+0000] {processor.py:183} INFO - Processing /home/airflow/.local/lib/python3.12/site-packages/airflow/example_dags/example_latest_only_with_trigger.py took 0.095 seconds
[2026-08-24T14:28:40.873+0000] {processor.py:161} INFO - Started process (PID=758) to work on /home/airflow/.local/lib/python3.12/site-packages/airflow/example_dags/example_latest_only_with_trigger.py
[2026-08-24T14:28:40.874+0000] {processor.py:830} INFO - Processing file /home/airflow/.local/lib/python3.12/site-packages/airflow/example_dags/example_latest_only_with_trigger.py for tasks to queue
[2026-08-24T14:28:40.877+0000] {logging_mixin.py:188} INFO - [2026-08-24T14:28:40.876+0000] {dagbag.py:545} INFO - Filling up the DagBag from /home/airflow/.local/lib/python3.12/site-packages/airflow/example_dags/example_latest_only_with_trigger.py
[2026-08-24T14:28:40.885+0000] {processor.py:840} INFO - DAG(s) 'latest_only_with_trigger' retrieved from /home/airflow/.local/lib/python3.12/site-packages/airflow/example_dags/example_latest_only_with_trigger.py
[2026-08-24T14:28:40.911+0000] {logging_mixin.py:188} INFO - [2026-08-24T14:28:40.911+0000] {dag.py:3096} INFO - Sync 1 DAGs
[2026-08-24T14:28:40.939+0000] {logging_mixin.py:188} INFO - [2026-08-24T14:28:40.938+0000] {dag.py:3954} INFO - Setting next_dagrun for latest_only_with_trigger to 2026-08-24 08:00:00+00:00, run_after=2026-08-24 12:00:00+00:00
[2026-08-24T14:28:40.964+0000] {processor.py:183} INFO - Processing /home/airflow/.local/lib/python3.12/site-packages/airflow/example_dags/example_latest_only_with_trigger.py took 0.100 seconds
[2026-08-24T14:29:11.866+0000] {processor.py:161} INFO - Started process (PID=818) to work on /home/airflow/.local/lib/python3.12/site-packages/airflow/example_dags/example_latest_only_with_trigger.py
[2026-08-24T14:29:11.868+0000] {processor.py:830} INFO - Processing file /home/airflow/.local/lib/python3.12/site-packages/airflow/example_dags/example_latest_only_with_trigger.py for tasks to queue
[2026-08-24T14:29:11.871+0000] {logging_mixin.py:188} INFO - [2026-08-24T14:29:11.870+0000] {dagbag.py:545} INFO - Filling up the DagBag from /home/airflow/.local/lib/python3.12/site-packages/airflow/example_dags/example_latest_only_with_trigger.py
[2026-08-24T14:29:11.878+0000] {processor.py:840} INFO - DAG(s) 'latest_only_with_trigger' retrieved from /home/airflow/.local/lib/python3.12/site-packages/airflow/example_dags/example_latest_only_with_trigger.py
[2026-08-24T14:29:11.905+0000] {logging_mixin.py:188} INFO - [2026-08-24T14:29:11.905+0000] {dag.py:3096} INFO - Sync 1 DAGs
[2026-08-24T14:29:11.935+0000] {logging_mixin.py:188} INFO - [2026-08-24T14:29:11.935+0000] {dag.py:3954} INFO - Setting next_dagrun for latest_only_with_trigger to 2026-08-24 08:00:00+00:00, run_after=2026-08-24 12:00:00+00:00
[2026-08-24T14:29:11.960+0000] {processor.py:183} INFO - Processing /home/airflow/.local/lib/python3.12/site-packages/airflow/example_dags/example_latest_only_with_trigger.py took 0.103 seconds
[2026-08-24T14:29:42.092+0000] {processor.py:161} INFO - Started process (PID=879) to work on /home/airflow/.local/lib/python3.12/site-packages/airflow/example_dags/example_latest_only_with_trigger.py
[2026-08-24T14:29:42.094+0000] {processor.py:830} INFO - Processing file /home/airflow/.local/lib/python3.12/site-packages/airflow/example_dags/example_latest_only_with_trigger.py for tasks to queue
[2026-08-24T14:29:42.097+0000] {logging_mixin.py:188} INFO - [2026-08-24T14:29:42.097+0000] {dagbag.py:545} INFO - Filling up the DagBag from /home/airflow/.local/lib/python3.12/site-packages/airflow/example_dags/example_latest_only_with_trigger.py
[2026-08-24T14:29:42.108+0000] {processor.py:840} INFO - DAG(s) 'latest_only_with_trigger' retrieved from /home/airflow/.local/lib/python3.12/site-packages/airflow/example_dags/example_latest_only_with_trigger.py
[2026-08-24T14:29:42.138+0000] {logging_mixin.py:188} INFO - [2026-08-24T14:29:42.137+0000] {dag.py:3096} INFO - Sync 1 DAGs
[2026-08-24T14:29:42.168+0000] {logging_mixin.py:188} INFO - [2026-08-24T14:29:42.168+0000] {dag.py:3954} INFO - Setting next_dagrun for latest_only_with_trigger to 2026-08-24 08:00:00+00:00, run_after=2026-08-24 12:00:00+00:00
[2026-08-24T14:29:42.208+0000] {processor.py:183} INFO - Processing /home/airflow/.local/lib/python3.12/site-packages/airflow/example_dags/example_latest_only_with_trigger.py took 0.127 seconds
[2026-08-24T14:30:13.125+0000] {processor.py:161} INFO - Started process (PID=939) to work on /home/airflow/.local/lib/python3.12/site-packages/airflow/example_dags/example_latest_only_with_trigger.py
[2026-08-24T14:30:13.126+0000] {processor.py:830} INFO - Processing file /home/airflow/.local/lib/python3.12/site-packages/airflow/example_dags/example_latest_only_with_trigger.py for tasks to queue
[2026-08-24T14:30:13.129+0000] {logging_mixin.py:188} INFO - [2026-08-24T14:30:13.129+0000] {dagbag.py:545} INFO - Filling up the DagBag from /home/airflow/.local/lib/python3.12/site-packages/airflow/example_dags/example_latest_only_with_trigger.py
[2026-08-24T14:30:13.138+0000] {processor.py:840} INFO - DAG(s) 'latest_only_with_trigger' retrieved from /home/airflow/.local/lib/python3.12/site-packages/airflow/example_dags/example_latest_only_with_trigger.py
[2026-08-24T14:30:13.170+0000] {logging_mixin.py:188} INFO - [2026-08-24T14:30:13.170+0000] {dag.py:3096} INFO - Sync 1 DAGs
[2026-08-24T14:30:13.202+0000] {logging_mixin.py:188} INFO - [2026-08-24T14:30:13.202+0000] {dag.py:3954} INFO - Setting next_dagrun for latest_only_with_trigger to 2026-08-24 08:00:00+00:00, run_after=2026-08-24 12:00:00+00:00
[2026-08-24T14:30:13.229+0000] {processor.py:183} INFO - Processing /home/airflow/.local/lib/python3.12/site-packages/airflow/example_dags/example_latest_only_with_trigger.py took 0.112 seconds
[2026-08-24T14:30:43.997+0000] {processor.py:161} INFO - Started process (PID=1000) to work on /home/airflow/.local/lib/python3.12/site-packages/airflow/example_dags/example_latest_only_with_trigger.py
[2026-08-24T14:30:43.998+0000] {processor.py:830} INFO - Processing file /home/airflow/.local/lib/python3.12/site-packages/airflow/example_dags/example_latest_only_with_trigger.py for tasks to queue
[2026-08-24T14:30:44.001+0000] {logging_mixin.py:188} INFO - [2026-08-24T14:30:44.000+0000] {dagbag.py:545} INFO - Filling up the DagBag from /home/airflow/.local/lib/python3.12/site-packages/airflow/example_dags/example_latest_only_with_trigger.py
[2026-08-24T14:30:44.008+0000] {processor.py:840} INFO - DAG(s) 'latest_only_with_trigger' retrieved from /home/airflow/.local/lib/python3.12/site-packages/airflow/example_dags/example_latest_only_with_trigger.py
[2026-08-24T14:30:44.034+0000] {logging_mixin.py:188} INFO - [2026-08-24T14:30:44.034+0000] {dag.py:3096} INFO - Sync 1 DAGs
[2026-08-24T14:30:44.062+0000] {logging_mixin.py:188} INFO - [2026-08-24T14:30:44.062+0000] {dag.py:3954} INFO - Setting next_dagrun for latest_only_with_trigger to 2026-08-24 08:00:00+00:00, run_after=2026-08-24 12:00:00+00:00
[2026-08-24T14:30:44.086+0000] {processor.py:183} INFO - Processing /home/airflow/.local/lib/python3.12/site-packages/airflow/example_dags/example_latest_only_with_trigger.py took 0.096 seconds
[2026-08-24T14:35:25.529+0000] {processor.py:161} INFO - Started process (PID=117) to work on /home/airflow/.local/lib/python3.12/site-packages/airflow/example_dags/example_latest_only_with_trigger.py
[2026-08-24T14:35:25.531+0000] {processor.py:830} INFO - Processing file /home/airflow/.local/lib/python3.12/site-packages/airflow/example_dags/example_latest_only_with_trigger.py for tasks to queue
[2026-08-24T14:35:25.534+0000] {logging_mixin.py:188} INFO - [2026-08-24T14:35:25.533+0000] {dagbag.py:545} INFO - Filling up the DagBag from /home/airflow/.local/lib/python3.12/site-packages/airflow/example_dags/example_latest_only_with_trigger.py
[2026-08-24T14:35:25.546+0000] {processor.py:840} INFO - DAG(s) 'latest_only_with_trigger' retrieved from /home/airflow/.local/lib/python3.12/site-packages/airflow/example_dags/example_latest_only_with_trigger.py
[2026-08-24T14:35:25.721+0000] {logging_mixin.py:188} INFO - [2026-08-24T14:35:25.721+0000] {dag.py:3096} INFO - Sync 1 DAGs
[2026-08-24T14:35:25.747+0000] {logging_mixin.py:188} INFO - [2026-08-24T14:35:25.747+0000] {dag.py:3954} INFO - Setting next_dagrun for latest_only_with_trigger to 2026-08-24 08:00:00+00:00, run_after=2026-08-24 12:00:00+00:00
[2026-08-24T14:35:25.779+0000] {processor.py:183} INFO - Processing /home/airflow/.local/lib/python3.12/site-packages/airflow/example_dags/example_latest_only_with_trigger.py took 0.259 seconds
[2026-08-24T14:35:56.536+0000] {processor.py:161} INFO - Started process (PID=177) to work on /home/airflow/.local/lib/python3.12/site-packages/airflow/example_dags/example_latest_only_with_trigger.py
[2026-08-24T14:35:56.537+0000] {processor.py:830} INFO - Processing file /home/airflow/.local/lib/python3.12/site-packages/airflow/example_dags/example_latest_only_with_trigger.py for tasks to queue
[2026-08-24T14:35:56.540+0000] {logging_mixin.py:188} INFO - [2026-08-24T14:35:56.540+0000] {dagbag.py:545} INFO - Filling up the DagBag from /home/airflow/.local/lib/python3.12/site-packages/airflow/example_dags/example_latest_only_with_trigger.py
[2026-08-24T14:35:56.547+0000] {processor.py:840} INFO - DAG(s) 'latest_only_with_trigger' retrieved from /home/airflow/.local/lib/python3.12/site-packages/airflow/example_dags/example_latest_only_with_trigger.py
[2026-08-24T14:35:56.572+0000] {logging_mixin.py:188} INFO - [2026-08-24T14:35:56.572+0000] {dag.py:3096} INFO - Sync 1 DAGs
[2026-08-24T14:35:56.604+0000] {logging_mixin.py:188} INFO - [2026-08-24T14:35:56.603+0000] {dag.py:3954} INFO - Setting next_dagrun for latest_only_with_trigger to 2026-08-24 08:00:00+00:00, run_after=2026-08-24 12:00:00+00:00
[2026-08-24T14:35:56.631+0000] {processor.py:183} INFO - Processing /home/airflow/.local/lib/python3.12/site-packages/airflow/example_dags/example_latest_only_with_trigger.py took 0.102 seconds
[2026-08-24T14:36:26.848+0000] {processor.py:161} INFO - Started process (PID=237) to work on /home/airflow/.local/lib/python3.12/site-packages/airflow/example_dags/example_latest_only_with_trigger.py
[2026-08-24T14:36:26.849+0000] {processor.py:830} INFO - Processing file /home/airflow/.local/lib/python3.12/site-packages/airflow/example_dags/example_latest_only_with_trigger.py for tasks to queue
[2026-08-24T14:36:26.851+0000] {logging_mixin.py:188} INFO - [2026-08-24T14:36:26.851+0000] {dagbag.py:545} INFO - Filling up the DagBag from /home/airflow/.local/lib/python3.12/site-packages/airflow/example_dags/example_latest_only_with_trigger.py
[2026-08-24T14:36:26.859+0000] {processor.py:840} INFO - DAG(s) 'latest_only_with_trigger' retrieved from /home/airflow/.local/lib/python3.12/site-packages/airflow/example_dags/example_latest_only_with_trigger.py
[2026-08-24T14:36:26.885+0000] {logging_mixin.py:188} INFO - [2026-08-24T14:36:26.885+0000] {dag.py:3096} INFO - Sync 1 DAGs
[2026-08-24T14:36:26.918+0000] {logging_mixin.py:188} INFO - [2026-08-24T14:36:26.917+0000] {dag.py:3954} INFO - Setting next_dagrun for latest_only_with_trigger to 2026-08-24 08:00:00+00:00, run_after=2026-08-24 12:00:00+00:00
[2026-08-24T14:36:26.941+0000] {processor.py:183} INFO - Processing /home/airflow/.local/lib/python3.12/site-packages/airflow/example_dags/example_latest_only_with_trigger.py took 0.101 seconds
[2026-08-24T14:36:58.188+0000] {processor.py:161} INFO - Started process (PID=298) to work on /home/airflow/.local/lib/python3.12/site-packages/airflow/example_dags/example_latest_only_with_trigger.py
[2026-08-24T14:36:58.190+0000] {processor.py:830} INFO - Processing file /home/airflow/.local/lib/python3.12/site-packages/airflow/example_dags/example_latest_only_with_trigger.py for tasks to queue
[2026-08-24T14:36:58.193+0000] {logging_mixin.py:188} INFO - [2026-08-24T14:36:58.192+0000] {dagbag.py:545} INFO - Filling up the DagBag from /home/airflow/.local/lib/python3.12/site-packages/airflow/example_dags/example_latest_only_with_trigger.py
[2026-08-24T14:36:58.202+0000] {processor.py:840} INFO - DAG(s) 'latest_only_with_trigger' retrieved from /home/airflow/.local/lib/python3.12/site-packages/airflow/example_dags/example_latest_only_with_trigger.py
[2026-08-24T14:36:58.236+0000] {logging_mixin.py:188} INFO - [2026-08-24T14:36:58.236+0000] {dag.py:3096} INFO - Sync 1 DAGs
[2026-08-24T14:36:58.267+0000] {logging_mixin.py:188} INFO - [2026-08-24T14:36:58.266+0000] {dag.py:3954} INFO - Setting next_dagrun for latest_only_with_trigger to 2026-08-24 08:00:00+00:00, run_after=2026-08-24 12:00:00+00:00
[2026-08-24T14:36:58.297+0000] {processor.py:183} INFO - Processing /home/airflow/.local/lib/python3.12/site-packages/airflow/example_dags/example_latest_only_with_trigger.py took 0.117 seconds
[2026-08-24T14:37:29.386+0000] {processor.py:161} INFO - Started process (PID=358) to work on /home/airflow/.local/lib/python3.12/site-packages/airflow/example_dags/example_latest_only_with_trigger.py
[2026-08-24T14:37:29.387+0000] {processor.py:830} INFO - Processing file /home/airflow/.local/lib/python3.12/site-packages/airflow/example_dags/example_latest_only_with_trigger.py for tasks to queue
[2026-08-24T14:37:29.389+0000] {logging_mixin.py:188} INFO - [2026-08-24T14:37:29.389+0000] {dagbag.py:545} INFO - Filling up the DagBag from /home/airflow/.local/lib/python3.12/site-packages/airflow/example_dags/example_latest_only_with_trigger.py
[2026-08-24T14:37:29.399+0000] {processor.py:840} INFO - DAG(s) 'latest_only_with_trigger' retrieved from /home/airflow/.local/lib/python3.12/site-packages/airflow/example_dags/example_latest_only_with_trigger.py
[2026-08-24T14:37:29.429+0000] {logging_mixin.py:188} INFO - [2026-08-24T14:37:29.429+0000] {dag.py:3096} INFO - Sync 1 DAGs
[2026-08-24T14:37:29.462+0000] {logging_mixin.py:188} INFO - [2026-08-24T14:37:29.462+0000] {dag.py:3954} INFO - Setting next_dagrun for latest_only_with_trigger to 2026-08-24 08:00:00+00:00, run_after=2026-08-24 12:00:00+00:00
[2026-08-24T14:37:29.487+0000] {processor.py:183} INFO - Processing /home/airflow/.local/lib/python3.12/site-packages/airflow/example_dags/example_latest_only_with_trigger.py took 0.111 seconds
[2026-08-24T14:37:59.571+0000] {processor.py:161} INFO - Started process (PID=416) to work on /home/airflow/.local/lib/python3.12/site-packages/airflow/example_dags/example_latest_only_with_trigger.py
[2026-08-24T14:37:59.573+0000] {processor.py:830} INFO - Processing file /home/airflow/.local/lib/python3.12/site-packages/airflow/example_dags/example_latest_only_with_trigger.py for tasks to queue
[2026-08-24T14:37:59.576+0000] {logging_mixin.py:188} INFO - [2026-08-24T14:37:59.575+0000] {dagbag.py:545} INFO - Filling up the DagBag from /home/airflow/.local/lib/python3.12/site-packages/airflow/example_dags/example_latest_only_with_trigger.py
[2026-08-24T14:37:59.584+0000] {processor.py:840} INFO - DAG(s) 'latest_only_with_trigger' retrieved from /home/airflow/.local/lib/python3.12/site-packages/airflow/example_dags/example_latest_only_with_trigger.py
[2026-08-24T14:37:59.612+0000] {logging_mixin.py:188} INFO - [2026-08-24T14:37:59.611+0000] {dag.py:3096} INFO - Sync 1 DAGs
[2026-08-24T14:37:59.639+0000] {logging_mixin.py:188} INFO - [2026-08-24T14:37:59.639+0000] {dag.py:3954} INFO - Setting next_dagrun for latest_only_with_trigger to 2026-08-24 08:00:00+00:00, run_after=2026-08-24 12:00:00+00:00
[2026-08-24T14:37:59.664+0000] {processor.py:183} INFO - Processing /home/airflow/.local/lib/python3.12/site-packages/airflow/example_dags/example_latest_only_with_trigger.py took 0.104 seconds
[2026-08-24T14:38:29.842+0000] {processor.py:161} INFO - Started process (PID=477) to work on /home/airflow/.local/lib/python3.12/site-packages/airflow/example_dags/example_latest_only_with_trigger.py
[2026-08-24T14:38:29.844+0000] {processor.py:830} INFO - Processing file /home/airflow/.local/lib/python3.12/site-packages/airflow/example_dags/example_latest_only_with_trigger.py for tasks to queue
[2026-08-24T14:38:29.848+0000] {logging_mixin.py:188} INFO - [2026-08-24T14:38:29.847+0000] {dagbag.py:545} INFO - Filling up the DagBag from /home/airflow/.local/lib/python3.12/site-packages/airflow/example_dags/example_latest_only_with_trigger.py
[2026-08-24T14:38:29.860+0000] {processor.py:840} INFO - DAG(s) 'latest_only_with_trigger' retrieved from /home/airflow/.local/lib/python3.12/site-packages/airflow/example_dags/example_latest_only_with_trigger.py
[2026-08-24T14:38:29.906+0000] {logging_mixin.py:188} INFO - [2026-08-24T14:38:29.906+0000] {dag.py:3096} INFO - Sync 1 DAGs
[2026-08-24T14:38:29.936+0000] {logging_mixin.py:188} INFO - [2026-08-24T14:38:29.935+0000] {dag.py:3954} INFO - Setting next_dagrun for latest_only_with_trigger to 2026-08-24 08:00:00+00:00, run_after=2026-08-24 12:00:00+00:00
[2026-08-24T14:38:29.958+0000] {processor.py:183} INFO - Processing /home/airflow/.local/lib/python3.12/site-packages/airflow/example_dags/example_latest_only_with_trigger.py took 0.131 seconds
[2026-08-24T14:39:00.577+0000] {processor.py:161} INFO - Started process (PID=543) to work on /home/airflow/.local/lib/python3.12/site-packages/airflow/example_dags/example_latest_only_with_trigger.py
[2026-08-24T14:39:00.578+0000] {processor.py:830} INFO - Processing file /home/airflow/.local/lib/python3.12/site-packages/airflow/example_dags/example_latest_only_with_trigger.py for tasks to queue
[2026-08-24T14:39:00.581+0000] {logging_mixin.py:188} INFO - [2026-08-24T14:39:00.581+0000] {dagbag.py:545} INFO - Filling up the DagBag from /home/airflow/.local/lib/python3.12/site-packages/airflow/example_dags/example_latest_only_with_trigger.py
[2026-08-24T14:39:00.591+0000] {processor.py:840} INFO - DAG(s) 'latest_only_with_trigger' retrieved from /home/airflow/.local/lib/python3.12/site-packages/airflow/example_dags/example_latest_only_with_trigger.py
[2026-08-24T14:39:00.627+0000] {logging_mixin.py:188} INFO - [2026-08-24T14:39:00.627+0000] {dag.py:3096} INFO - Sync 1 DAGs
[2026-08-24T14:39:00.660+0000] {logging_mixin.py:188} INFO - [2026-08-24T14:39:00.660+0000] {dag.py:3954} INFO - Setting next_dagrun for latest_only_with_trigger to 2026-08-24 08:00:00+00:00, run_after=2026-08-24 12:00:00+00:00
[2026-08-24T14:39:00.689+0000] {processor.py:183} INFO - Processing /home/airflow/.local/lib/python3.12/site-packages/airflow/example_dags/example_latest_only_with_trigger.py took 0.122 seconds
[2026-08-24T14:41:18.655+0000] {processor.py:161} INFO - Started process (PID=122) to work on /home/airflow/.local/lib/python3.12/site-packages/airflow/example_dags/example_latest_only_with_trigger.py
[2026-08-24T14:41:18.657+0000] {processor.py:830} INFO - Processing file /home/airflow/.local/lib/python3.12/site-packages/airflow/example_dags/example_latest_only_with_trigger.py for tasks to queue
[2026-08-24T14:41:18.661+0000] {logging_mixin.py:188} INFO - [2026-08-24T14:41:18.660+0000] {dagbag.py:545} INFO - Filling up the DagBag from /home/airflow/.local/lib/python3.12/site-packages/airflow/example_dags/example_latest_only_with_trigger.py
[2026-08-24T14:41:18.676+0000] {processor.py:840} INFO - DAG(s) 'latest_only_with_trigger' retrieved from /home/airflow/.local/lib/python3.12/site-packages/airflow/example_dags/example_latest_only_with_trigger.py
[2026-08-24T14:41:18.856+0000] {logging_mixin.py:188} INFO - [2026-08-24T14:41:18.855+0000] {dag.py:3096} INFO - Sync 1 DAGs
[2026-08-24T14:41:18.895+0000] {logging_mixin.py:188} INFO - [2026-08-24T14:41:18.894+0000] {dag.py:3954} INFO - Setting next_dagrun for latest_only_with_trigger to 2026-08-24 08:00:00+00:00, run_after=2026-08-24 12:00:00+00:00
[2026-08-24T14:41:18.927+0000] {processor.py:183} INFO - Processing /home/airflow/.local/lib/python3.12/site-packages/airflow/example_dags/example_latest_only_with_trigger.py took 0.282 seconds
[2026-08-24T14:41:49.581+0000] {processor.py:161} INFO - Started process (PID=182) to work on /home/airflow/.local/lib/python3.12/site-packages/airflow/example_dags/example_latest_only_with_trigger.py
[2026-08-24T14:41:49.583+0000] {processor.py:830} INFO - Processing file /home/airflow/.local/lib/python3.12/site-packages/airflow/example_dags/example_latest_only_with_trigger.py for tasks to queue
[2026-08-24T14:41:49.587+0000] {logging_mixin.py:188} INFO - [2026-08-24T14:41:49.586+0000] {dagbag.py:545} INFO - Filling up the DagBag from /home/airflow/.local/lib/python3.12/site-packages/airflow/example_dags/example_latest_only_with_trigger.py
[2026-08-24T14:41:49.596+0000] {processor.py:840} INFO - DAG(s) 'latest_only_with_trigger' retrieved from /home/airflow/.local/lib/python3.12/site-packages/airflow/example_dags/example_latest_only_with_trigger.py
[2026-08-24T14:41:49.629+0000] {logging_mixin.py:188} INFO - [2026-08-24T14:41:49.628+0000] {dag.py:3096} INFO - Sync 1 DAGs
[2026-08-24T14:41:49.658+0000] {logging_mixin.py:188} INFO - [2026-08-24T14:41:49.657+0000] {dag.py:3954} INFO - Setting next_dagrun for latest_only_with_trigger to 2026-08-24 08:00:00+00:00, run_after=2026-08-24 12:00:00+00:00
[2026-08-24T14:41:49.684+0000] {processor.py:183} INFO - Processing /home/airflow/.local/lib/python3.12/site-packages/airflow/example_dags/example_latest_only_with_trigger.py took 0.112 seconds
[2026-08-24T14:42:20.097+0000] {processor.py:161} INFO - Started process (PID=242) to work on /home/airflow/.local/lib/python3.12/site-packages/airflow/example_dags/example_latest_only_with_trigger.py
[2026-08-24T14:42:20.099+0000] {processor.py:830} INFO - Processing file /home/airflow/.local/lib/python3.12/site-packages/airflow/example_dags/example_latest_only_with_trigger.py for tasks to queue
[2026-08-24T14:42:20.102+0000] {logging_mixin.py:188} INFO - [2026-08-24T14:42:20.101+0000] {dagbag.py:545} INFO - Filling up the DagBag from /home/airflow/.local/lib/python3.12/site-packages/airflow/example_dags/example_latest_only_with_trigger.py
[2026-08-24T14:42:20.110+0000] {processor.py:840} INFO - DAG(s) 'latest_only_with_trigger' retrieved from /home/airflow/.local/lib/python3.12/site-packages/airflow/example_dags/example_latest_only_with_trigger.py
[2026-08-24T14:42:20.144+0000] {logging_mixin.py:188} INFO - [2026-08-24T14:42:20.144+0000] {dag.py:3096} INFO - Sync 1 DAGs
[2026-08-24T14:42:20.185+0000] {logging_mixin.py:188} INFO - [2026-08-24T14:42:20.185+0000] {dag.py:3954} INFO - Setting next_dagrun for latest_only_with_trigger to 2026-08-24 08:00:00+00:00, run_after=2026-08-24 12:00:00+00:00
[2026-08-24T14:42:20.220+0000] {processor.py:183} INFO - Processing /home/airflow/.local/lib/python3.12/site-packages/airflow/example_dags/example_latest_only_with_trigger.py took 0.134 seconds
[2026-08-24T14:42:51.018+0000] {processor.py:161} INFO - Started process (PID=301) to work on /home/airflow/.local/lib/python3.12/site-packages/airflow/example_dags/example_latest_only_with_trigger.py
[2026-08-24T14:42:51.019+0000] {processor.py:830} INFO - Processing file /home/airflow/.local/lib/python3.12/site-packages/airflow/example_dags/example_latest_only_with_trigger.py for tasks to queue
[2026-08-24T14:42:51.021+0000] {logging_mixin.py:188} INFO - [2026-08-24T14:42:51.021+0000] {dagbag.py:545} INFO - Filling up the DagBag from /home/airflow/.local/lib/python3.12/site-packages/airflow/example_dags/example_latest_only_with_trigger.py
[2026-08-24T14:42:51.028+0000] {processor.py:840} INFO - DAG(s) 'latest_only_with_trigger' retrieved from /home/airflow/.local/lib/python3.12/site-packages/airflow/example_dags/example_latest_only_with_trigger.py
[2026-08-24T14:42:51.056+0000] {logging_mixin.py:188} INFO - [2026-08-24T14:42:51.056+0000] {dag.py:3096} INFO - Sync 1 DAGs
[2026-08-24T14:42:51.089+0000] {logging_mixin.py:188} INFO - [2026-08-24T14:42:51.088+0000] {dag.py:3954} INFO - Setting next_dagrun for latest_only_with_trigger to 2026-08-24 08:00:00+00:00, run_after=2026-08-24 12:00:00+00:00
[2026-08-24T14:42:51.115+0000] {processor.py:183} INFO - Processing /home/airflow/.local/lib/python3.12/site-packages/airflow/example_dags/example_latest_only_with_trigger.py took 0.106 seconds
[2026-08-24T14:43:21.222+0000] {processor.py:161} INFO - Started process (PID=360) to work on /home/airflow/.local/lib/python3.12/site-packages/airflow/example_dags/example_latest_only_with_trigger.py
[2026-08-24T14:43:21.223+0000] {processor.py:830} INFO - Processing file /home/airflow/.local/lib/python3.12/site-packages/airflow/example_dags/example_latest_only_with_trigger.py for tasks to queue
[2026-08-24T14:43:21.226+0000] {logging_mixin.py:188} INFO - [2026-08-24T14:43:21.226+0000] {dagbag.py:545} INFO - Filling up the DagBag from /home/airflow/.local/lib/python3.12/site-packages/airflow/example_dags/example_latest_only_with_trigger.py
[2026-08-24T14:43:21.234+0000] {processor.py:840} INFO - DAG(s) 'latest_only_with_trigger' retrieved from /home/airflow/.local/lib/python3.12/site-packages/airflow/example_dags/example_latest_only_with_trigger.py
[2026-08-24T14:43:21.264+0000] {logging_mixin.py:188} INFO - [2026-08-24T14:43:21.264+0000] {dag.py:3096} INFO - Sync 1 DAGs
[2026-08-24T14:43:21.292+0000] {logging_mixin.py:188} INFO - [2026-08-24T14:43:21.292+0000] {dag.py:3954} INFO - Setting next_dagrun for latest_only_with_trigger to 2026-08-24 08:00:00+00:00, run_after=2026-08-24 12:00:00+00:00
[2026-08-24T14:43:21.315+0000] {processor.py:183} INFO - Processing /home/airflow/.local/lib/python3.12/site-packages/airflow/example_dags/example_latest_only_with_trigger.py took 0.101 seconds
[2026-08-24T14:43:51.458+0000] {processor.py:161} INFO - Started process (PID=420) to work on /home/airflow/.local/lib/python3.12/site-packages/airflow/example_dags/example_latest_only_with_trigger.py
[2026-08-24T14:43:51.459+0000] {processor.py:830} INFO - Processing file /home/airflow/.local/lib/python3.12/site-packages/airflow/example_dags/example_latest_only_with_trigger.py for tasks to queue
[2026-08-24T14:43:51.462+0000] {logging_mixin.py:188} INFO - [2026-08-24T14:43:51.462+0000] {dagbag.py:545} INFO - Filling up the DagBag from /home/airflow/.local/lib/python3.12/site-packages/airflow/example_dags/example_latest_only_with_trigger.py
[2026-08-24T14:43:51.469+0000] {processor.py:840} INFO - DAG(s) 'latest_only_with_trigger' retrieved from /home/airflow/.local/lib/python3.12/site-packages/airflow/example_dags/example_latest_only_with_trigger.py
[2026-08-24T14:43:51.494+0000] {logging_mixin.py:188} INFO - [2026-08-24T14:43:51.494+0000] {dag.py:3096} INFO - Sync 1 DAGs
[2026-08-24T14:43:51.524+0000] {logging_mixin.py:188} INFO - [2026-08-24T14:43:51.523+0000] {dag.py:3954} INFO - Setting next_dagrun for latest_only_with_trigger to 2026-08-24 08:00:00+00:00, run_after=2026-08-24 12:00:00+00:00
[2026-08-24T14:43:51.550+0000] {processor.py:183} INFO - Processing /home/airflow/.local/lib/python3.12/site-packages/airflow/example_dags/example_latest_only_with_trigger.py took 0.099 seconds
[2026-08-24T14:44:22.076+0000] {processor.py:161} INFO - Started process (PID=480) to work on /home/airflow/.local/lib/python3.12/site-packages/airflow/example_dags/example_latest_only_with_trigger.py
[2026-08-24T14:44:22.077+0000] {processor.py:830} INFO - Processing file /home/airflow/.local/lib/python3.12/site-packages/airflow/example_dags/example_latest_only_with_trigger.py for tasks to queue
[2026-08-24T14:44:22.080+0000] {logging_mixin.py:188} INFO - [2026-08-24T14:44:22.080+0000] {dagbag.py:545} INFO - Filling up the DagBag from /home/airflow/.local/lib/python3.12/site-packages/airflow/example_dags/example_latest_only_with_trigger.py
[2026-08-24T14:44:22.090+0000] {processor.py:840} INFO - DAG(s) 'latest_only_with_trigger' retrieved from /home/airflow/.local/lib/python3.12/site-packages/airflow/example_dags/example_latest_only_with_trigger.py
[2026-08-24T14:44:22.120+0000] {logging_mixin.py:188} INFO - [2026-08-24T14:44:22.120+0000] {dag.py:3096} INFO - Sync 1 DAGs
[2026-08-24T14:44:22.151+0000] {logging_mixin.py:188} INFO - [2026-08-24T14:44:22.151+0000] {dag.py:3954} INFO - Setting next_dagrun for latest_only_with_trigger to 2026-08-24 08:00:00+00:00, run_after=2026-08-24 12:00:00+00:00
[2026-08-24T14:44:22.177+0000] {processor.py:183} INFO - Processing /home/airflow/.local/lib/python3.12/site-packages/airflow/example_dags/example_latest_only_with_trigger.py took 0.110 seconds
[2026-08-24T14:44:52.857+0000] {processor.py:161} INFO - Started process (PID=540) to work on /home/airflow/.local/lib/python3.12/site-packages/airflow/example_dags/example_latest_only_with_trigger.py
[2026-08-24T14:44:52.858+0000] {processor.py:830} INFO - Processing file /home/airflow/.local/lib/python3.12/site-packages/airflow/example_dags/example_latest_only_with_trigger.py for tasks to queue
[2026-08-24T14:44:52.861+0000] {logging_mixin.py:188} INFO - [2026-08-24T14:44:52.861+0000] {dagbag.py:545} INFO - Filling up the DagBag from /home/airflow/.local/lib/python3.12/site-packages/airflow/example_dags/example_latest_only_with_trigger.py
[2026-08-24T14:44:52.870+0000] {processor.py:840} INFO - DAG(s) 'latest_only_with_trigger' retrieved from /home/airflow/.local/lib/python3.12/site-packages/airflow/example_dags/example_latest_only_with_trigger.py
[2026-08-24T14:44:52.900+0000] {logging_mixin.py:188} INFO - [2026-08-24T14:44:52.900+0000] {dag.py:3096} INFO - Sync 1 DAGs
[2026-08-24T14:44:52.936+0000] {logging_mixin.py:188} INFO - [2026-08-24T14:44:52.936+0000] {dag.py:3954} INFO - Setting next_dagrun for latest_only_with_trigger to 2026-08-24 08:00:00+00:00, run_after=2026-08-24 12:00:00+00:00
[2026-08-24T14:44:52.969+0000] {processor.py:183} INFO - Processing /home/airflow/.local/lib/python3.12/site-packages/airflow/example_dags/example_latest_only_with_trigger.py took 0.121 seconds
[2026-08-24T14:49:20.889+0000] {processor.py:161} INFO - Started process (PID=121) to work on /home/airflow/.local/lib/python3.12/site-packages/airflow/example_dags/example_latest_only_with_trigger.py
[2026-08-24T14:49:20.890+0000] {processor.py:830} INFO - Processing file /home/airflow/.local/lib/python3.12/site-packages/airflow/example_dags/example_latest_only_with_trigger.py for tasks to queue
[2026-08-24T14:49:20.894+0000] {logging_mixin.py:188} INFO - [2026-08-24T14:49:20.893+0000] {dagbag.py:545} INFO - Filling up the DagBag from /home/airflow/.local/lib/python3.12/site-packages/airflow/example_dags/example_latest_only_with_trigger.py
[2026-08-24T14:49:20.911+0000] {processor.py:840} INFO - DAG(s) 'latest_only_with_trigger' retrieved from /home/airflow/.local/lib/python3.12/site-packages/airflow/example_dags/example_latest_only_with_trigger.py
[2026-08-24T14:49:21.078+0000] {logging_mixin.py:188} INFO - [2026-08-24T14:49:21.078+0000] {dag.py:3096} INFO - Sync 1 DAGs
[2026-08-24T14:49:21.113+0000] {logging_mixin.py:188} INFO - [2026-08-24T14:49:21.112+0000] {dag.py:3954} INFO - Setting next_dagrun for latest_only_with_trigger to 2026-08-24 08:00:00+00:00, run_after=2026-08-24 12:00:00+00:00
[2026-08-24T14:49:21.142+0000] {processor.py:183} INFO - Processing /home/airflow/.local/lib/python3.12/site-packages/airflow/example_dags/example_latest_only_with_trigger.py took 0.261 seconds
[2026-08-24T14:50:16.181+0000] {processor.py:161} INFO - Started process (PID=101) to work on /home/airflow/.local/lib/python3.12/site-packages/airflow/example_dags/example_latest_only_with_trigger.py
[2026-08-24T14:50:16.183+0000] {processor.py:830} INFO - Processing file /home/airflow/.local/lib/python3.12/site-packages/airflow/example_dags/example_latest_only_with_trigger.py for tasks to queue
[2026-08-24T14:50:16.185+0000] {logging_mixin.py:188} INFO - [2026-08-24T14:50:16.185+0000] {dagbag.py:545} INFO - Filling up the DagBag from /home/airflow/.local/lib/python3.12/site-packages/airflow/example_dags/example_latest_only_with_trigger.py
[2026-08-24T14:50:16.196+0000] {processor.py:840} INFO - DAG(s) 'latest_only_with_trigger' retrieved from /home/airflow/.local/lib/python3.12/site-packages/airflow/example_dags/example_latest_only_with_trigger.py
[2026-08-24T14:50:16.224+0000] {logging_mixin.py:188} INFO - [2026-08-24T14:50:16.224+0000] {dag.py:3096} INFO - Sync 1 DAGs
[2026-08-24T14:50:16.256+0000] {logging_mixin.py:188} INFO - [2026-08-24T14:50:16.255+0000] {dag.py:3954} INFO - Setting next_dagrun for latest_only_with_trigger to 2026-08-24 08:00:00+00:00, run_after=2026-08-24 12:00:00+00:00
[2026-08-24T14:50:16.283+0000] {processor.py:183} INFO - Processing /home/airflow/.local/lib/python3.12/site-packages/airflow/example_dags/example_latest_only_with_trigger.py took 0.110 seconds
[2026-08-24T14:50:47.289+0000] {processor.py:161} INFO - Started process (PID=160) to work on /home/airflow/.local/lib/python3.12/site-packages/airflow/example_dags/example_latest_only_with_trigger.py
[2026-08-24T14:50:47.291+0000] {processor.py:830} INFO - Processing file /home/airflow/.local/lib/python3.12/site-packages/airflow/example_dags/example_latest_only_with_trigger.py for tasks to queue
[2026-08-24T14:50:47.293+0000] {logging_mixin.py:188} INFO - [2026-08-24T14:50:47.293+0000] {dagbag.py:545} INFO - Filling up the DagBag from /home/airflow/.local/lib/python3.12/site-packages/airflow/example_dags/example_latest_only_with_trigger.py
[2026-08-24T14:50:47.302+0000] {processor.py:840} INFO - DAG(s) 'latest_only_with_trigger' retrieved from /home/airflow/.local/lib/python3.12/site-packages/airflow/example_dags/example_latest_only_with_trigger.py
[2026-08-24T14:50:47.334+0000] {logging_mixin.py:188} INFO - [2026-08-24T14:50:47.333+0000] {dag.py:3096} INFO - Sync 1 DAGs
[2026-08-24T14:50:47.363+0000] {logging_mixin.py:188} INFO - [2026-08-24T14:50:47.362+0000] {dag.py:3954} INFO - Setting next_dagrun for latest_only_with_trigger to 2026-08-24 08:00:00+00:00, run_after=2026-08-24 12:00:00+00:00
[2026-08-24T14:50:47.388+0000] {processor.py:183} INFO - Processing /home/airflow/.local/lib/python3.12/site-packages/airflow/example_dags/example_latest_only_with_trigger.py took 0.107 seconds
[2026-08-24T14:51:18.404+0000] {processor.py:161} INFO - Started process (PID=221) to work on /home/airflow/.local/lib/python3.12/site-packages/airflow/example_dags/example_latest_only_with_trigger.py
[2026-08-24T14:51:18.406+0000] {processor.py:830} INFO - Processing file /home/airflow/.local/lib/python3.12/site-packages/airflow/example_dags/example_latest_only_with_trigger.py for tasks to queue
[2026-08-24T14:51:18.409+0000] {logging_mixin.py:188} INFO - [2026-08-24T14:51:18.408+0000] {dagbag.py:545} INFO - Filling up the DagBag from /home/airflow/.local/lib/python3.12/site-packages/airflow/example_dags/example_latest_only_with_trigger.py
[2026-08-24T14:51:18.415+0000] {processor.py:840} INFO - DAG(s) 'latest_only_with_trigger' retrieved from /home/airflow/.local/lib/python3.12/site-packages/airflow/example_dags/example_latest_only_with_trigger.py
[2026-08-24T14:51:18.441+0000] {logging_mixin.py:188} INFO - [2026-08-24T14:51:18.441+0000] {dag.py:3096} INFO - Sync 1 DAGs
[2026-08-24T14:51:18.471+0000] {logging_mixin.py:188} INFO - [2026-08-24T14:51:18.470+0000] {dag.py:3954} INFO - Setting next_dagrun for latest_only_with_trigger to 2026-08-24 08:00:00+00:00, run_after=2026-08-24 12:00:00+00:00
[2026-08-24T14:51:18.493+0000] {processor.py:183} INFO - Processing /home/airflow/.local/lib/python3.12/site-packages/airflow/example_dags/example_latest_only_with_trigger.py took 0.100 seconds
