[2026-08-24T13:51:00.611+0000] {processor.py:161} INFO - Started process (PID=95) to work on /home/airflow/.local/lib/python3.12/site-packages/airflow/example_dags/example_latest_only.py
[2026-08-24T13:51:00.612+0000] {processor.py:830} INFO - Processing file /home/airflow/.local/lib/python3.12/site-packages/airflow/example_dags/example_latest_only.py for tasks to queue
[2026-08-24T13:51:00.615+0000] {logging_mixin.py:188} INFO - [2026-08-24T13:51:00.614+0000] {dagbag.py:545} INFO - Filling up the DagBag from /home/airflow/.local/lib/python3.12/site-packages/airflow/example_dags/example_latest_only.py
[2026-08-24T13:51:00.630+0000] {processor.py:840} INFO - DAG(s) 'latest_only' retrieved from /home/airflow/.local/lib/python3.12/site-packages/airflow/example_dags/example_latest_only.py
[2026-08-24T13:51:00.838+0000] {logging_mixin.py:188} INFO - [2026-08-24T13:51:00.837+0000] {dag.py:3096} INFO - Sync 1 DAGs
[2026-08-24T13:51:00.877+0000] {logging_mixin.py:188} INFO - [2026-08-24T13:51:00.877+0000] {dag.py:3954} INFO - Setting next_dagrun for latest_only to 2026-08-24 08:00:00+00:00, run_after=2026-08-24 12:00:00+00:00
[2026-08-24T13:51:00.909+0000] {processor.py:183} INFO - Processing /home/airflow/.local/lib/python3.12/site-packages/airflow/example_dags/example_latest_only.py took 0.307 seconds
[2026-08-24T13:51:42.439+0000] {processor.py:161} INFO - Started process (PID=76) to work on /home/airflow/.local/lib/python3.12/site-packages/airflow/example_dags/example_latest_only.py
[2026-08-24T13:51:42.440+0000] {processor.py:830} INFO - Processing file /home/airflow/.local/lib/python3.12/site-packages/airflow/example_dags/example_latest_only.py for tasks to queue
[2026-08-24T13:51:42.443+0000] {logging_mixin.py:188} INFO - [2026-08-24T13:51:42.443+0000] {dagbag.py:545} INFO - Filling up the DagBag from /home/airflow/.local/lib/python3.12/site-packages/airflow/example_dags/example_latest_only.py
[2026-08-24T13:51:42.453+0000] {processor.py:840} INFO - DAG(s) 'latest_only' retrieved from /home/airflow/.local/lib/python3.12/site-packages/airflow/example_dags/example_latest_only.py
[2026-08-24T13:51:42.486+0000] {logging_mixin.py:188} INFO - [2026-08-24T13:51:42.486+0000] {dag.py:3096} INFO - Sync 1 DAGs
[2026-08-24T13:51:42.519+0000] {logging_mixin.py:188} INFO - [2026-08-24T13:51:42.519+0000] {dag.py:3954} INFO - Setting next_dagrun for latest_only to 2026-08-24 08:00:00+00:00, run_after=2026-08-24 12:00:00+00:00
[2026-08-24T13:51:42.544+0000] {processor.py:183} INFO - Processing /home/airflow/.local/lib/python3.12/site-packages/airflow/example_dags/example_latest_only.py took 0.112 seconds
[2026-08-24T13:52:12.946+0000] {processor.py:161} INFO - Started process (PID=135) to work on /home/airflow/.local/lib/python3.12/site-packages/airflow/example_dags/example_latest_only.py
[2026-08-24T13:52:12.947+0000] {processor.py:830} INFO - Processing file /home/airflow/.local/lib/python3.12/site-packages/airflow/example_dags/example_latest_only.py for tasks to queue
[2026-08-24T13:52:12.949+0000] {logging_mixin.py:188} INFO - [2026-08-24T13:52:12.949+0000] {dagbag.py:545} INFO - Filling up the DagBag from /home/airflow/.local/lib/python3.12/site-packages/airflow/example_dags/example_latest_only.py
[2026-08-24T13:52:12.956+0000] {processor.py:840} INFO - DAG(s) 'latest_only' retrieved from /home/airflow/.local/lib/python3.12/site-packages/airflow/example_dags/example_latest_only.py
[2026-08-24T13:52:12.979+0000] {logging_mixin.py:188} INFO - [2026-08-24T13:52:12.979+0000] {dag.py:3096} INFO - Sync 1 DAGs
[2026-08-24T13:52:13.007+0000] {logging_mixin.py:188} INFO - [2026-08-24T13:52:13.007+0000] {dag.py:3954} INFO - Setting next_dagrun for latest_only to 2026-08-24 08:00:00+00:00, run_after=2026-08-24 12:00:00+00:00
[2026-08-24T13:52:13.033+0000] {processor.py:183} INFO - Processing /home/airflow/.local/lib/python3.12/site-packages/airflow/example_dags/example_latest_only.py took 0.094 seconds
[2026-08-24T13:52:43.458+0000] {processor.py:161} INFO - Started process (PID=194) to work on /home/airflow/.local/lib/python3.12/site-packages/airflow/example_dags/example_latest_only.py
[2026-08-24T13:52:43.460+0000] {processor.py:830} INFO - Processing file /home/airflow/.local/lib/python3.12/site-packages/airflow/example_dags/example_latest_only.py for tasks to queue
[2026-08-24T13:52:43.463+0000] {logging_mixin.py:188} INFO - [2026-08-24T13:52:43.462+0000] {dagbag.py:545} INFO - Filling up the DagBag from /home/airflow/.local/lib/python3.12/site-packages/airflow/example_dags/example_latest_only.py
[2026-08-24T13:52:43.471+0000] {processor.py:840} INFO - DAG(s) 'latest_only' retrieved from /home/airflow/.local/lib/python3.12/site-packages/airflow/example_dags/example_latest_only.py
[2026-08-24T13:52:43.501+0000] {logging_mixin.py:188} INFO - [2026-08-24T13:52:43.501+0000] {dag.py:3096} INFO - Sync 1 DAGs
[2026-08-24T13:52:43.530+0000] {logging_mixin.py:188} INFO - [2026-08-24T13:52:43.529+0000] {dag.py:3954} INFO - Setting next_dagrun for latest_only to 2026-08-24 08:00:00+00:00, run_after=2026-08-24 12:00:00+00:00
[2026-08-24T13:52:43.552+0000] {processor.py:183} INFO - Processing /home/airflow/.local/lib/python3.12/site-packages/airflow/example_dags/example_latest_only.py took 0.103 seconds
[2026-08-24T13:53:13.629+0000] {processor.py:161} INFO - Started process (PID=253) to work on /home/airflow/.local/lib/python3.12/site-packages/airflow/example_dags/example_latest_only.py
[2026-08-24T13:53:13.631+0000] {processor.py:830} INFO - Processing file /home/airflow/.local/lib/python3.12/site-packages/airflow/example_dags/example_latest_only.py for tasks to queue
[2026-08-24T13:53:13.633+0000] {logging_mixin.py:188} INFO - [2026-08-24T13:53:13.633+0000] {dagbag.py:545} INFO - Filling up the DagBag from /home/airflow/.local/lib/python3.12/site-packages/airflow/example_dags/example_latest_only.py
[2026-08-24T13:53:13.640+0000] {processor.py:840} INFO - DAG(s) 'latest_only' retrieved from /home/airflow/.local/lib/python3.12/site-packages/airflow/example_dags/example_latest_only.py
[2026-08-24T13:53:13.666+0000] {logging_mixin.py:188} INFO - [2026-08-24T13:53:13.665+0000] {dag.py:3096} INFO - Sync 1 DAGs
[2026-08-24T13:53:13.693+0000] {logging_mixin.py:188} INFO - [2026-08-24T13:53:13.693+0000] {dag.py:3954} INFO - Setting next_dagrun for latest_only to 2026-08-24 08:00:00+00:00, run_after=2026-08-24 12:00:00+00:00
[2026-08-24T13:53:13.771+0000] {processor.py:183} INFO - Processing /home/airflow/.local/lib/python3.12/site-packages/airflow/example_dags/example_latest_only.py took 0.149 seconds
[2026-08-24T13:53:44.068+0000] {processor.py:161} INFO - Started process (PID=312) to work on /home/airflow/.local/lib/python3.12/site-packages/airflow/example_dags/example_latest_only.py
[2026-08-24T13:53:44.070+0000] {processor.py:830} INFO - Processing file /home/airflow/.local/lib/python3.12/site-packages/airflow/example_dags/example_latest_only.py for tasks to queue
[2026-08-24T13:53:44.073+0000] {logging_mixin.py:188} INFO - [2026-08-24T13:53:44.072+0000] {dagbag.py:545} INFO - Filling up the DagBag from /home/airflow/.local/lib/python3.12/site-packages/airflow/example_dags/example_latest_only.py
[2026-08-24T13:53:44.080+0000] {processor.py:840} INFO - DAG(s) 'latest_only' retrieved from /home/airflow/.local/lib/python3.12/site-packages/airflow/example_dags/example_latest_only.py
[2026-08-24T13:53:44.107+0000] {logging_mixin.py:188} INFO - [2026-08-24T13:53:44.106+0000] {dag.py:3096} INFO - Sync 1 DAGs
[2026-08-24T13:53:44.136+0000] {logging_mixin.py:188} INFO - [2026-08-24T13:53:44.136+0000] {dag.py:3954} INFO - Setting next_dagrun for latest_only to 2026-08-24 08:00:00+00:00, run_after=2026-08-24 12:00:00+00:00
[2026-08-24T13:53:44.165+0000] {processor.py:183} INFO - Processing /home/airflow/.local/lib/python3.12/site-packages/airflow/example_dags/example_latest_only.py took 0.106 seconds
[2026-08-24T13:54:14.437+0000] {processor.py:161} INFO - Started process (PID=371) to work on /home/airflow/.local/lib/python3.12/site-packages/airflow/example_dags/example_latest_only.py
[2026-08-24T13:54:14.438+0000] {processor.py:830} INFO - Processing file /home/airflow/.local/lib/python3.12/site-packages/airflow/example_dags/example_latest_only.py for tasks to queue
[2026-08-24T13:54:14.440+0000] {logging_mixin.py:188} INFO - [2026-08-24T13:54:14.440+0000] {dagbag.py:545} INFO - Filling up the DagBag from /home/airflow/.local/lib/python3.12/site-packages/airflow/example_dags/example_latest_only.py
[2026-08-24T13:54:14.446+0000] {processor.py:840} INFO - DAG(s) 'latest_only' retrieved from /home/airflow/.local/lib/python3.12/site-packages/airflow/example_dags/example_latest_only.py
[2026-08-24T13:54:14.471+0000] {logging_mixin.py:188} INFO - [2026-08-24T13:54:14.471+0000] {dag.py:3096} INFO - Sync 1 DAGs
[2026-08-24T13:54:14.497+0000] {logging_mixin.py:188} INFO - [2026-08-24T13:54:14.497+0000] {dag.py:3954} INFO - Setting next_dagrun for latest_only to 2026-08-24 08:00:00+00:00, run_after=2026-08-24 12:00:00+00:00
[2026-08-24T13:54:14.523+0000] {processor.py:183} INFO - Processing /home/airflow/.local/lib/python3.12/site-packages/airflow/example_dags/example_latest_only.py took 0.093 seconds
[2026-08-24T13:54:45.132+0000] {processor.py:161} INFO - Started process (PID=436) to work on /home/airflow/.local/lib/python3.12/site-packages/airflow/example_dags/example_latest_only.py
[2026-08-24T13:54:45.139+0000] {processor.py:830} INFO - Processing file /home/airflow/.local/lib/python3.12/site-packages/airflow/example_dags/example_latest_only.py for tasks to queue
[2026-08-24T13:54:45.146+0000] {logging_mixin.py:188} INFO - [2026-08-24T13:54:45.145+0000] {dagbag.py:545} INFO - Filling up the DagBag from /home/airflow/.local/lib/python3.12/site-packages/airflow/example_dags/example_latest_only.py
[2026-08-24T13:54:45.162+0000] {processor.py:840} INFO - DAG(s) 'latest_only' retrieved from /home/airflow/.local/lib/python3.12/site-packages/airflow/example_dags/example_latest_only.py
[2026-08-24T13:54:45.190+0000] {logging_mixin.py:188} INFO - [2026-08-24T13:54:45.189+0000] {dag.py:3096} INFO - Sync 1 DAGs
[2026-08-24T13:54:45.255+0000] {logging_mixin.py:188} INFO - [2026-08-24T13:54:45.254+0000] {dag.py:3954} INFO - Setting next_dagrun for latest_only to 2026-08-24 08:00:00+00:00, run_after=2026-08-24 12:00:00+00:00
[2026-08-24T13:54:45.318+0000] {processor.py:183} INFO - Processing /home/airflow/.local/lib/python3.12/site-packages/airflow/example_dags/example_latest_only.py took 0.201 seconds
[2026-08-24T13:55:17.365+0000] {processor.py:161} INFO - Started process (PID=495) to work on /home/airflow/.local/lib/python3.12/site-packages/airflow/example_dags/example_latest_only.py
[2026-08-24T13:55:17.367+0000] {processor.py:830} INFO - Processing file /home/airflow/.local/lib/python3.12/site-packages/airflow/example_dags/example_latest_only.py for tasks to queue
[2026-08-24T13:55:17.369+0000] {logging_mixin.py:188} INFO - [2026-08-24T13:55:17.369+0000] {dagbag.py:545} INFO - Filling up the DagBag from /home/airflow/.local/lib/python3.12/site-packages/airflow/example_dags/example_latest_only.py
[2026-08-24T13:55:17.376+0000] {processor.py:840} INFO - DAG(s) 'latest_only' retrieved from /home/airflow/.local/lib/python3.12/site-packages/airflow/example_dags/example_latest_only.py
[2026-08-24T13:55:17.523+0000] {logging_mixin.py:188} INFO - [2026-08-24T13:55:17.522+0000] {dag.py:3096} INFO - Sync 1 DAGs
[2026-08-24T13:55:17.564+0000] {logging_mixin.py:188} INFO - [2026-08-24T13:55:17.563+0000] {dag.py:3954} INFO - Setting next_dagrun for latest_only to 2026-08-24 08:00:00+00:00, run_after=2026-08-24 12:00:00+00:00
[2026-08-24T13:55:17.661+0000] {processor.py:183} INFO - Processing /home/airflow/.local/lib/python3.12/site-packages/airflow/example_dags/example_latest_only.py took 0.303 seconds
[2026-08-24T13:55:47.722+0000] {processor.py:161} INFO - Started process (PID=554) to work on /home/airflow/.local/lib/python3.12/site-packages/airflow/example_dags/example_latest_only.py
[2026-08-24T13:55:47.723+0000] {processor.py:830} INFO - Processing file /home/airflow/.local/lib/python3.12/site-packages/airflow/example_dags/example_latest_only.py for tasks to queue
[2026-08-24T13:55:47.727+0000] {logging_mixin.py:188} INFO - [2026-08-24T13:55:47.726+0000] {dagbag.py:545} INFO - Filling up the DagBag from /home/airflow/.local/lib/python3.12/site-packages/airflow/example_dags/example_latest_only.py
[2026-08-24T13:55:47.734+0000] {processor.py:840} INFO - DAG(s) 'latest_only' retrieved from /home/airflow/.local/lib/python3.12/site-packages/airflow/example_dags/example_latest_only.py
[2026-08-24T13:55:47.757+0000] {logging_mixin.py:188} INFO - [2026-08-24T13:55:47.757+0000] {dag.py:3096} INFO - Sync 1 DAGs
[2026-08-24T13:55:47.784+0000] {logging_mixin.py:188} INFO - [2026-08-24T13:55:47.784+0000] {dag.py:3954} INFO - Setting next_dagrun for latest_only to 2026-08-24 08:00:00+00:00, run_after=2026-08-24 12:00:00+00:00
[2026-08-24T13:55:47.808+0000] {processor.py:183} INFO - Processing /home/airflow/.local/lib/python3.12/site-packages/airflow/example_dags/example_latest_only.py took 0.094 seconds
[2026-08-24T13:56:18.193+0000] {processor.py:161} INFO - Started process (PID=613) to work on /home/airflow/.local/lib/python3.12/site-packages/airflow/example_dags/example_latest_only.py
[2026-08-24T13:56:18.194+0000] {processor.py:830} INFO - Processing file /home/airflow/.local/lib/python3.12/site-packages/airflow/example_dags/example_latest_only.py for tasks to queue
[2026-08-24T13:56:18.197+0000] {logging_mixin.py:188} INFO - [2026-08-24T13:56:18.196+0000] {dagbag.py:545} INFO - Filling up the DagBag from /home/airflow/.local/lib/python3.12/site-packages/airflow/example_dags/example_latest_only.py
[2026-08-24T13:56:18.203+0000] {processor.py:840} INFO - DAG(s) 'latest_only' retrieved from /home/airflow/.local/lib/python3.12/site-packages/airflow/example_dags/example_latest_only.py
[2026-08-24T13:56:18.227+0000] {logging_mixin.py:188} INFO - [2026-08-24T13:56:18.227+0000] {dag.py:3096} INFO - Sync 1 DAGs
[2026-08-24T13:56:18.255+0000] {logging_mixin.py:188} INFO - [2026-08-24T13:56:18.255+0000] {dag.py:3954} INFO - Setting next_dagrun for latest_only to 2026-08-24 08:00:00+00:00, run_after=2026-08-24 12:00:00+00:00
[2026-08-24T13:56:18.278+0000] {processor.py:183} INFO - Processing /home/airflow/.local/lib/python3.12/site-packages/airflow/example_dags/example_latest_only.py took 0.092 seconds
[2026-08-24T13:56:48.972+0000] {processor.py:161} INFO - Started process (PID=672) to work on /home/airflow/.local/lib/python3.12/site-packages/airflow/example_dags/example_latest_only.py
[2026-08-24T13:56:48.975+0000] {processor.py:830} INFO - Processing file /home/airflow/.local/lib/python3.12/site-packages/airflow/example_dags/example_latest_only.py for tasks to queue
[2026-08-24T13:56:48.981+0000] {logging_mixin.py:188} INFO - [2026-08-24T13:56:48.980+0000] {dagbag.py:545} INFO - Filling up the DagBag from /home/airflow/.local/lib/python3.12/site-packages/airflow/example_dags/example_latest_only.py
[2026-08-24T13:56:48.990+0000] {processor.py:840} INFO - DAG(s) 'latest_only' retrieved from /home/airflow/.local/lib/python3.12/site-packages/airflow/example_dags/example_latest_only.py
[2026-08-24T13:56:49.027+0000] {logging_mixin.py:188} INFO - [2026-08-24T13:56:49.026+0000] {dag.py:3096} INFO - Sync 1 DAGs
[2026-08-24T13:56:49.064+0000] {logging_mixin.py:188} INFO - [2026-08-24T13:56:49.063+0000] {dag.py:3954} INFO - Setting next_dagrun for latest_only to 2026-08-24 08:00:00+00:00, run_after=2026-08-24 12:00:00+00:00
[2026-08-24T13:56:49.093+0000] {processor.py:183} INFO - Processing /home/airflow/.local/lib/python3.12/site-packages/airflow/example_dags/example_latest_only.py took 0.134 seconds
[2026-08-24T13:57:19.974+0000] {processor.py:161} INFO - Started process (PID=732) to work on /home/airflow/.local/lib/python3.12/site-packages/airflow/example_dags/example_latest_only.py
[2026-08-24T13:57:19.975+0000] {processor.py:830} INFO - Processing file /home/airflow/.local/lib/python3.12/site-packages/airflow/example_dags/example_latest_only.py for tasks to queue
[2026-08-24T13:57:19.979+0000] {logging_mixin.py:188} INFO - [2026-08-24T13:57:19.978+0000] {dagbag.py:545} INFO - Filling up the DagBag from /home/airflow/.local/lib/python3.12/site-packages/airflow/example_dags/example_latest_only.py
[2026-08-24T13:57:19.986+0000] {processor.py:840} INFO - DAG(s) 'latest_only' retrieved from /home/airflow/.local/lib/python3.12/site-packages/airflow/example_dags/example_latest_only.py
[2026-08-24T13:57:20.013+0000] {logging_mixin.py:188} INFO - [2026-08-24T13:57:20.013+0000] {dag.py:3096} INFO - Sync 1 DAGs
[2026-08-24T13:57:20.043+0000] {logging_mixin.py:188} INFO - [2026-08-24T13:57:20.042+0000] {dag.py:3954} INFO - Setting next_dagrun for latest_only to 2026-08-24 08:00:00+00:00, run_after=2026-08-24 12:00:00+00:00
[2026-08-24T13:57:20.073+0000] {processor.py:183} INFO - Processing /home/airflow/.local/lib/python3.12/site-packages/airflow/example_dags/example_latest_only.py took 0.106 seconds
[2026-08-24T13:57:51.265+0000] {processor.py:161} INFO - Started process (PID=791) to work on /home/airflow/.local/lib/python3.12/site-packages/airflow/example_dags/example_latest_only.py
[2026-08-24T13:57:51.266+0000] {processor.py:830} INFO - Processing file /home/airflow/.local/lib/python3.12/site-packages/airflow/example_dags/example_latest_only.py for tasks to queue
[2026-08-24T13:57:51.268+0000] {logging_mixin.py:188} INFO - [2026-08-24T13:57:51.268+0000] {dagbag.py:545} INFO - Filling up the DagBag from /home/airflow/.local/lib/python3.12/site-packages/airflow/example_dags/example_latest_only.py
[2026-08-24T13:57:51.275+0000] {processor.py:840} INFO - DAG(s) 'latest_only' retrieved from /home/airflow/.local/lib/python3.12/site-packages/airflow/example_dags/example_latest_only.py
[2026-08-24T13:57:51.298+0000] {logging_mixin.py:188} INFO - [2026-08-24T13:57:51.298+0000] {dag.py:3096} INFO - Sync 1 DAGs
[2026-08-24T13:57:51.330+0000] {logging_mixin.py:188} INFO - [2026-08-24T13:57:51.330+0000] {dag.py:3954} INFO - Setting next_dagrun for latest_only to 2026-08-24 08:00:00+00:00, run_after=2026-08-24 12:00:00+00:00
[2026-08-24T13:57:51.357+0000] {processor.py:183} INFO - Processing /home/airflow/.local/lib/python3.12/site-packages/airflow/example_dags/example_latest_only.py took 0.100 seconds
[2026-08-24T13:58:22.058+0000] {processor.py:161} INFO - Started process (PID=851) to work on /home/airflow/.local/lib/python3.12/site-packages/airflow/example_dags/example_latest_only.py
[2026-08-24T13:58:22.060+0000] {processor.py:830} INFO - Processing file /home/airflow/.local/lib/python3.12/site-packages/airflow/example_dags/example_latest_only.py for tasks to queue
[2026-08-24T13:58:22.062+0000] {logging_mixin.py:188} INFO - [2026-08-24T13:58:22.062+0000] {dagbag.py:545} INFO - Filling up the DagBag from /home/airflow/.local/lib/python3.12/site-packages/airflow/example_dags/example_latest_only.py
[2026-08-24T13:58:22.069+0000] {processor.py:840} INFO - DAG(s) 'latest_only' retrieved from /home/airflow/.local/lib/python3.12/site-packages/airflow/example_dags/example_latest_only.py
[2026-08-24T13:58:22.093+0000] {logging_mixin.py:188} INFO - [2026-08-24T13:58:22.093+0000] {dag.py:3096} INFO - Sync 1 DAGs
[2026-08-24T13:58:22.120+0000] {logging_mixin.py:188} INFO - [2026-08-24T13:58:22.120+0000] {dag.py:3954} INFO - Setting next_dagrun for latest_only to 2026-08-24 08:00:00+00:00, run_after=2026-08-24 12:00:00+00:00
[2026-08-24T13:58:22.157+0000] {processor.py:183} INFO - Processing /home/airflow/.local/lib/python3.12/site-packages/airflow/example_dags/example_latest_only.py took 0.106 seconds
[2026-08-24T13:58:53.201+0000] {processor.py:161} INFO - Started process (PID=910) to work on /home/airflow/.local/lib/python3.12/site-packages/airflow/example_dags/example_latest_only.py
[2026-08-24T13:58:53.203+0000] {processor.py:830} INFO - Processing file /home/airflow/.local/lib/python3.12/site-packages/airflow/example_dags/example_latest_only.py for tasks to queue
[2026-08-24T13:58:53.207+0000] {logging_mixin.py:188} INFO - [2026-08-24T13:58:53.206+0000] {dagbag.py:545} INFO - Filling up the DagBag from /home/airflow/.local/lib/python3.12/site-packages/airflow/example_dags/example_latest_only.py
[2026-08-24T13:58:53.218+0000] {processor.py:840} INFO - DAG(s) 'latest_only' retrieved from /home/airflow/.local/lib/python3.12/site-packages/airflow/example_dags/example_latest_only.py
[2026-08-24T13:58:53.247+0000] {logging_mixin.py:188} INFO - [2026-08-24T13:58:53.247+0000] {dag.py:3096} INFO - Sync 1 DAGs
[2026-08-24T13:58:53.278+0000] {logging_mixin.py:188} INFO - [2026-08-24T13:58:53.277+0000] {dag.py:3954} INFO - Setting next_dagrun for latest_only to 2026-08-24 08:00:00+00:00, run_after=2026-08-24 12:00:00+00:00
[2026-08-24T13:58:53.311+0000] {processor.py:183} INFO - Processing /home/airflow/.local/lib/python3.12/site-packages/airflow/example_dags/example_latest_only.py took 0.123 seconds
[2026-08-24T14:00:34.446+0000] {processor.py:161} INFO - Started process (PID=94) to work on /home/airflow/.local/lib/python3.12/site-packages/airflow/example_dags/example_latest_only.py
[2026-08-24T14:00:34.448+0000] {processor.py:830} INFO - Processing file /home/airflow/.local/lib/python3.12/site-packages/airflow/example_dags/example_latest_only.py for tasks to queue
[2026-08-24T14:00:34.451+0000] {logging_mixin.py:188} INFO - [2026-08-24T14:00:34.451+0000] {dagbag.py:545} INFO - Filling up the DagBag from /home/airflow/.local/lib/python3.12/site-packages/airflow/example_dags/example_latest_only.py
[2026-08-24T14:00:34.464+0000] {processor.py:840} INFO - DAG(s) 'latest_only' retrieved from /home/airflow/.local/lib/python3.12/site-packages/airflow/example_dags/example_latest_only.py
[2026-08-24T14:00:34.769+0000] {logging_mixin.py:188} INFO - [2026-08-24T14:00:34.768+0000] {dag.py:3096} INFO - Sync 1 DAGs
[2026-08-24T14:00:34.802+0000] {logging_mixin.py:188} INFO - [2026-08-24T14:00:34.802+0000] {dag.py:3954} INFO - Setting next_dagrun for latest_only to 2026-08-24 08:00:00+00:00, run_after=2026-08-24 12:00:00+00:00
[2026-08-24T14:00:34.836+0000] {processor.py:183} INFO - Processing /home/airflow/.local/lib/python3.12/site-packages/airflow/example_dags/example_latest_only.py took 0.400 seconds
[2026-08-24T14:01:05.338+0000] {processor.py:161} INFO - Started process (PID=153) to work on /home/airflow/.local/lib/python3.12/site-packages/airflow/example_dags/example_latest_only.py
[2026-08-24T14:01:05.340+0000] {processor.py:830} INFO - Processing file /home/airflow/.local/lib/python3.12/site-packages/airflow/example_dags/example_latest_only.py for tasks to queue
[2026-08-24T14:01:05.344+0000] {logging_mixin.py:188} INFO - [2026-08-24T14:01:05.344+0000] {dagbag.py:545} INFO - Filling up the DagBag from /home/airflow/.local/lib/python3.12/site-packages/airflow/example_dags/example_latest_only.py
[2026-08-24T14:01:05.356+0000] {processor.py:840} INFO - DAG(s) 'latest_only' retrieved from /home/airflow/.local/lib/python3.12/site-packages/airflow/example_dags/example_latest_only.py
[2026-08-24T14:01:05.392+0000] {logging_mixin.py:188} INFO - [2026-08-24T14:01:05.392+0000] {dag.py:3096} INFO - Sync 1 DAGs
[2026-08-24T14:01:05.427+0000] {logging_mixin.py:188} INFO - [2026-08-24T14:01:05.427+0000] {dag.py:3954} INFO - Setting next_dagrun for latest_only to 2026-08-24 08:00:00+00:00, run_after=2026-08-24 12:00:00+00:00
[2026-08-24T14:01:05.457+0000] {processor.py:183} INFO - Processing /home/airflow/.local/lib/python3.12/site-packages/airflow/example_dags/example_latest_only.py took 0.130 seconds
[2026-08-24T14:01:35.562+0000] {processor.py:161} INFO - Started process (PID=212) to work on /home/airflow/.local/lib/python3.12/site-packages/airflow/example_dags/example_latest_only.py
[2026-08-24T14:01:35.565+0000] {processor.py:830} INFO - Processing file /home/airflow/.local/lib/python3.12/site-packages/airflow/example_dags/example_latest_only.py for tasks to queue
[2026-08-24T14:01:35.568+0000] {logging_mixin.py:188} INFO - [2026-08-24T14:01:35.568+0000] {dagbag.py:545} INFO - Filling up the DagBag from /home/airflow/.local/lib/python3.12/site-packages/airflow/example_dags/example_latest_only.py
[2026-08-24T14:01:35.579+0000] {processor.py:840} INFO - DAG(s) 'latest_only' retrieved from /home/airflow/.local/lib/python3.12/site-packages/airflow/example_dags/example_latest_only.py
[2026-08-24T14:01:35.608+0000] {logging_mixin.py:188} INFO - [2026-08-24T14:01:35.608+0000] {dag.py:3096} INFO - Sync 1 DAGs
[2026-08-24T14:01:35.648+0000] {logging_mixin.py:188} INFO - [2026-08-24T14:01:35.648+0000] {dag.py:3954} INFO - Setting next_dagrun for latest_only to 2026-08-24 08:00:00+00:00, run_after=2026-08-24 12:00:00+00:00
[2026-08-24T14:01:35.679+0000] {processor.py:183} INFO - Processing /home/airflow/.local/lib/python3.12/site-packages/airflow/example_dags/example_latest_only.py took 0.125 seconds
[2026-08-24T14:02:05.749+0000] {processor.py:161} INFO - Started process (PID=271) to work on /home/airflow/.local/lib/python3.12/site-packages/airflow/example_dags/example_latest_only.py
[2026-08-24T14:02:05.750+0000] {processor.py:830} INFO - Processing file /home/airflow/.local/lib/python3.12/site-packages/airflow/example_dags/example_latest_only.py for tasks to queue
[2026-08-24T14:02:05.752+0000] {logging_mixin.py:188} INFO - [2026-08-24T14:02:05.752+0000] {dagbag.py:545} INFO - Filling up the DagBag from /home/airflow/.local/lib/python3.12/site-packages/airflow/example_dags/example_latest_only.py
[2026-08-24T14:02:05.759+0000] {processor.py:840} INFO - DAG(s) 'latest_only' retrieved from /home/airflow/.local/lib/python3.12/site-packages/airflow/example_dags/example_latest_only.py
[2026-08-24T14:02:05.784+0000] {logging_mixin.py:188} INFO - [2026-08-24T14:02:05.784+0000] {dag.py:3096} INFO - Sync 1 DAGs
[2026-08-24T14:02:05.811+0000] {logging_mixin.py:188} INFO - [2026-08-24T14:02:05.810+0000] {dag.py:3954} INFO - Setting next_dagrun for latest_only to 2026-08-24 08:00:00+00:00, run_after=2026-08-24 12:00:00+00:00
[2026-08-24T14:02:05.833+0000] {processor.py:183} INFO - Processing /home/airflow/.local/lib/python3.12/site-packages/airflow/example_dags/example_latest_only.py took 0.091 seconds
[2026-08-24T14:02:36.043+0000] {processor.py:161} INFO - Started process (PID=331) to work on /home/airflow/.local/lib/python3.12/site-packages/airflow/example_dags/example_latest_only.py
[2026-08-24T14:02:36.044+0000] {processor.py:830} INFO - Processing file /home/airflow/.local/lib/python3.12/site-packages/airflow/example_dags/example_latest_only.py for tasks to queue
[2026-08-24T14:02:36.047+0000] {logging_mixin.py:188} INFO - [2026-08-24T14:02:36.047+0000] {dagbag.py:545} INFO - Filling up the DagBag from /home/airflow/.local/lib/python3.12/site-packages/airflow/example_dags/example_latest_only.py
[2026-08-24T14:02:36.054+0000] {processor.py:840} INFO - DAG(s) 'latest_only' retrieved from /home/airflow/.local/lib/python3.12/site-packages/airflow/example_dags/example_latest_only.py
[2026-08-24T14:02:36.079+0000] {logging_mixin.py:188} INFO - [2026-08-24T14:02:36.078+0000] {dag.py:3096} INFO - Sync 1 DAGs
[2026-08-24T14:02:36.108+0000] {logging_mixin.py:188} INFO - [2026-08-24T14:02:36.108+0000] {dag.py:3954} INFO - Setting next_dagrun for latest_only to 2026-08-24 08:00:00+00:00, run_after=2026-08-24 12:00:00+00:00
[2026-08-24T14:02:36.135+0000] {processor.py:183} INFO - Processing /home/airflow/.local/lib/python3.12/site-packages/airflow/example_dags/example_latest_only.py took 0.100 seconds
[2026-08-24T14:03:06.403+0000] {processor.py:161} INFO - Started process (PID=390) to work on /home/airflow/.local/lib/python3.12/site-packages/airflow/example_dags/example_latest_only.py
[2026-08-24T14:03:06.404+0000] {processor.py:830} INFO - Processing file /home/airflow/.local/lib/python3.12/site-packages/airflow/example_dags/example_latest_only.py for tasks to queue
[2026-08-24T14:03:06.407+0000] {logging_mixin.py:188} INFO - [2026-08-24T14:03:06.407+0000] {dagbag.py:545} INFO - Filling up the DagBag from /home/airflow/.local/lib/python3.12/site-packages/airflow/example_dags/example_latest_only.py
[2026-08-24T14:03:06.414+0000] {processor.py:840} INFO - DAG(s) 'latest_only' retrieved from /home/airflow/.local/lib/python3.12/site-packages/airflow/example_dags/example_latest_only.py
[2026-08-24T14:03:06.438+0000] {logging_mixin.py:188} INFO - [2026-08-24T14:03:06.438+0000] {dag.py:3096} INFO - Sync 1 DAGs
[2026-08-24T14:03:06.466+0000] {logging_mixin.py:188} INFO - [2026-08-24T14:03:06.466+0000] {dag.py:3954} INFO - Setting next_dagrun for latest_only to 2026-08-24 08:00:00+00:00, run_after=2026-08-24 12:00:00+00:00
[2026-08-24T14:03:06.493+0000] {processor.py:183} INFO - Processing /home/airflow/.local/lib/python3.12/site-packages/airflow/example_dags/example_latest_only.py took 0.098 seconds
[2026-08-24T14:07:37.963+0000] {processor.py:161} INFO - Started process (PID=100) to work on /home/airflow/.local/lib/python3.12/site-packages/airflow/example_dags/example_latest_only.py
[2026-08-24T14:07:37.966+0000] {processor.py:830} INFO - Processing file /home/airflow/.local/lib/python3.12/site-packages/airflow/example_dags/example_latest_only.py for tasks to queue
[2026-08-24T14:07:37.973+0000] {logging_mixin.py:188} INFO - [2026-08-24T14:07:37.972+0000] {dagbag.py:545} INFO - Filling up the DagBag from /home/airflow/.local/lib/python3.12/site-packages/airflow/example_dags/example_latest_only.py
[2026-08-24T14:07:37.990+0000] {processor.py:840} INFO - DAG(s) 'latest_only' retrieved from /home/airflow/.local/lib/python3.12/site-packages/airflow/example_dags/example_latest_only.py
[2026-08-24T14:07:38.222+0000] {logging_mixin.py:188} INFO - [2026-08-24T14:07:38.222+0000] {dag.py:3096} INFO - Sync 1 DAGs
[2026-08-24T14:07:38.265+0000] {logging_mixin.py:188} INFO - [2026-08-24T14:07:38.265+0000] {dag.py:3954} INFO - Setting next_dagrun for latest_only to 2026-08-24 08:00:00+00:00, run_after=2026-08-24 12:00:00+00:00
[2026-08-24T14:07:38.306+0000] {processor.py:183} INFO - Processing /home/airflow/.local/lib/python3.12/site-packages/airflow/example_dags/example_latest_only.py took 0.354 seconds
[2026-08-24T14:08:08.817+0000] {processor.py:161} INFO - Started process (PID=159) to work on /home/airflow/.local/lib/python3.12/site-packages/airflow/example_dags/example_latest_only.py
[2026-08-24T14:08:08.818+0000] {processor.py:830} INFO - Processing file /home/airflow/.local/lib/python3.12/site-packages/airflow/example_dags/example_latest_only.py for tasks to queue
[2026-08-24T14:08:08.820+0000] {logging_mixin.py:188} INFO - [2026-08-24T14:08:08.820+0000] {dagbag.py:545} INFO - Filling up the DagBag from /home/airflow/.local/lib/python3.12/site-packages/airflow/example_dags/example_latest_only.py
[2026-08-24T14:08:08.827+0000] {processor.py:840} INFO - DAG(s) 'latest_only' retrieved from /home/airflow/.local/lib/python3.12/site-packages/airflow/example_dags/example_latest_only.py
[2026-08-24T14:08:08.851+0000] {logging_mixin.py:188} INFO - [2026-08-24T14:08:08.851+0000] {dag.py:3096} INFO - Sync 1 DAGs
[2026-08-24T14:08:08.879+0000] {logging_mixin.py:188} INFO - [2026-08-24T14:08:08.879+0000] {dag.py:3954} INFO - Setting next_dagrun for latest_only to 2026-08-24 08:00:00+00:00, run_after=2026-08-24 12:00:00+00:00
[2026-08-24T14:08:08.904+0000] {processor.py:183} INFO - Processing /home/airflow/.local/lib/python3.12/site-packages/airflow/example_dags/example_latest_only.py took 0.095 seconds
[2026-08-24T14:08:39.532+0000] {processor.py:161} INFO - Started process (PID=218) to work on /home/airflow/.local/lib/python3.12/site-packages/airflow/example_dags/example_latest_only.py
[2026-08-24T14:08:39.534+0000] {processor.py:830} INFO - Processing file /home/airflow/.local/lib/python3.12/site-packages/airflow/example_dags/example_latest_only.py for tasks to queue
[2026-08-24T14:08:39.538+0000] {logging_mixin.py:188} INFO - [2026-08-24T14:08:39.537+0000] {dagbag.py:545} INFO - Filling up the DagBag from /home/airflow/.local/lib/python3.12/site-packages/airflow/example_dags/example_latest_only.py
[2026-08-24T14:08:39.547+0000] {processor.py:840} INFO - DAG(s) 'latest_only' retrieved from /home/airflow/.local/lib/python3.12/site-packages/airflow/example_dags/example_latest_only.py
[2026-08-24T14:08:39.587+0000] {logging_mixin.py:188} INFO - [2026-08-24T14:08:39.586+0000] {dag.py:3096} INFO - Sync 1 DAGs
[2026-08-24T14:08:39.633+0000] {logging_mixin.py:188} INFO - [2026-08-24T14:08:39.633+0000] {dag.py:3954} INFO - Setting next_dagrun for latest_only to 2026-08-24 08:00:00+00:00, run_after=2026-08-24 12:00:00+00:00
[2026-08-24T14:08:39.683+0000] {processor.py:183} INFO - Processing /home/airflow/.local/lib/python3.12/site-packages/airflow/example_dags/example_latest_only.py took 0.161 seconds
[2026-08-24T14:09:09.994+0000] {processor.py:161} INFO - Started process (PID=277) to work on /home/airflow/.local/lib/python3.12/site-packages/airflow/example_dags/example_latest_only.py
[2026-08-24T14:09:09.995+0000] {processor.py:830} INFO - Processing file /home/airflow/.local/lib/python3.12/site-packages/airflow/example_dags/example_latest_only.py for tasks to queue
[2026-08-24T14:09:09.999+0000] {logging_mixin.py:188} INFO - [2026-08-24T14:09:09.998+0000] {dagbag.py:545} INFO - Filling up the DagBag from /home/airflow/.local/lib/python3.12/site-packages/airflow/example_dags/example_latest_only.py
[2026-08-24T14:09:10.007+0000] {processor.py:840} INFO - DAG(s) 'latest_only' retrieved from /home/airflow/.local/lib/python3.12/site-packages/airflow/example_dags/example_latest_only.py
[2026-08-24T14:09:10.041+0000] {logging_mixin.py:188} INFO - [2026-08-24T14:09:10.041+0000] {dag.py:3096} INFO - Sync 1 DAGs
[2026-08-24T14:09:10.075+0000] {logging_mixin.py:188} INFO - [2026-08-24T14:09:10.075+0000] {dag.py:3954} INFO - Setting next_dagrun for latest_only to 2026-08-24 08:00:00+00:00, run_after=2026-08-24 12:00:00+00:00
[2026-08-24T14:09:10.116+0000] {processor.py:183} INFO - Processing /home/airflow/.local/lib/python3.12/site-packages/airflow/example_dags/example_latest_only.py took 0.131 seconds
[2026-08-24T14:09:40.506+0000] {processor.py:161} INFO - Started process (PID=336) to work on /home/airflow/.local/lib/python3.12/site-packages/airflow/example_dags/example_latest_only.py
[2026-08-24T14:09:40.507+0000] {processor.py:830} INFO - Processing file /home/airflow/.local/lib/python3.12/site-packages/airflow/example_dags/example_latest_only.py for tasks to queue
[2026-08-24T14:09:40.511+0000] {logging_mixin.py:188} INFO - [2026-08-24T14:09:40.510+0000] {dagbag.py:545} INFO - Filling up the DagBag from /home/airflow/.local/lib/python3.12/site-packages/airflow/example_dags/example_latest_only.py
[2026-08-24T14:09:40.518+0000] {processor.py:840} INFO - DAG(s) 'latest_only' retrieved from /home/airflow/.local/lib/python3.12/site-packages/airflow/example_dags/example_latest_only.py
[2026-08-24T14:09:40.543+0000] {logging_mixin.py:188} INFO - [2026-08-24T14:09:40.542+0000] {dag.py:3096} INFO - Sync 1 DAGs
[2026-08-24T14:09:40.573+0000] {logging_mixin.py:188} INFO - [2026-08-24T14:09:40.573+0000] {dag.py:3954} INFO - Setting next_dagrun for latest_only to 2026-08-24 08:00:00+00:00, run_after=2026-08-24 12:00:00+00:00
[2026-08-24T14:09:40.606+0000] {processor.py:183} INFO - Processing /home/airflow/.local/lib/python3.12/site-packages/airflow/example_dags/example_latest_only.py took 0.110 seconds
[2026-08-24T14:10:11.102+0000] {processor.py:161} INFO - Started process (PID=395) to work on /home/airflow/.local/lib/python3.12/site-packages/airflow/example_dags/example_latest_only.py
[2026-08-24T14:10:11.103+0000] {processor.py:830} INFO - Processing file /home/airflow/.local/lib/python3.12/site-packages/airflow/example_dags/example_latest_only.py for tasks to queue
[2026-08-24T14:10:11.106+0000] {logging_mixin.py:188} INFO - [2026-08-24T14:10:11.105+0000] {dagbag.py:545} INFO - Filling up the DagBag from /home/airflow/.local/lib/python3.12/site-packages/airflow/example_dags/example_latest_only.py
[2026-08-24T14:10:11.112+0000] {processor.py:840} INFO - DAG(s) 'latest_only' retrieved from /home/airflow/.local/lib/python3.12/site-packages/airflow/example_dags/example_latest_only.py
[2026-08-24T14:10:11.136+0000] {logging_mixin.py:188} INFO - [2026-08-24T14:10:11.135+0000] {dag.py:3096} INFO - Sync 1 DAGs
[2026-08-24T14:10:11.164+0000] {logging_mixin.py:188} INFO - [2026-08-24T14:10:11.164+0000] {dag.py:3954} INFO - Setting next_dagrun for latest_only to 2026-08-24 08:00:00+00:00, run_after=2026-08-24 12:00:00+00:00
[2026-08-24T14:10:11.190+0000] {processor.py:183} INFO - Processing /home/airflow/.local/lib/python3.12/site-packages/airflow/example_dags/example_latest_only.py took 0.096 seconds
[2026-08-24T14:10:41.678+0000] {processor.py:161} INFO - Started process (PID=454) to work on /home/airflow/.local/lib/python3.12/site-packages/airflow/example_dags/example_latest_only.py
[2026-08-24T14:10:41.679+0000] {processor.py:830} INFO - Processing file /home/airflow/.local/lib/python3.12/site-packages/airflow/example_dags/example_latest_only.py for tasks to queue
[2026-08-24T14:10:41.683+0000] {logging_mixin.py:188} INFO - [2026-08-24T14:10:41.682+0000] {dagbag.py:545} INFO - Filling up the DagBag from /home/airflow/.local/lib/python3.12/site-packages/airflow/example_dags/example_latest_only.py
[2026-08-24T14:10:41.695+0000] {processor.py:840} INFO - DAG(s) 'latest_only' retrieved from /home/airflow/.local/lib/python3.12/site-packages/airflow/example_dags/example_latest_only.py
[2026-08-24T14:10:41.726+0000] {logging_mixin.py:188} INFO - [2026-08-24T14:10:41.725+0000] {dag.py:3096} INFO - Sync 1 DAGs
[2026-08-24T14:10:41.764+0000] {logging_mixin.py:188} INFO - [2026-08-24T14:10:41.763+0000] {dag.py:3954} INFO - Setting next_dagrun for latest_only to 2026-08-24 08:00:00+00:00, run_after=2026-08-24 12:00:00+00:00
[2026-08-24T14:10:41.803+0000] {processor.py:183} INFO - Processing /home/airflow/.local/lib/python3.12/site-packages/airflow/example_dags/example_latest_only.py took 0.137 seconds
[2026-08-24T14:13:25.256+0000] {processor.py:161} INFO - Started process (PID=104) to work on /home/airflow/.local/lib/python3.12/site-packages/airflow/example_dags/example_latest_only.py
[2026-08-24T14:13:25.258+0000] {processor.py:830} INFO - Processing file /home/airflow/.local/lib/python3.12/site-packages/airflow/example_dags/example_latest_only.py for tasks to queue
[2026-08-24T14:13:25.261+0000] {logging_mixin.py:188} INFO - [2026-08-24T14:13:25.261+0000] {dagbag.py:545} INFO - Filling up the DagBag from /home/airflow/.local/lib/python3.12/site-packages/airflow/example_dags/example_latest_only.py
[2026-08-24T14:13:25.277+0000] {processor.py:840} INFO - DAG(s) 'latest_only' retrieved from /home/airflow/.local/lib/python3.12/site-packages/airflow/example_dags/example_latest_only.py
[2026-08-24T14:13:25.473+0000] {logging_mixin.py:188} INFO - [2026-08-24T14:13:25.473+0000] {dag.py:3096} INFO - Sync 1 DAGs
[2026-08-24T14:13:25.503+0000] {logging_mixin.py:188} INFO - [2026-08-24T14:13:25.503+0000] {dag.py:3954} INFO - Setting next_dagrun for latest_only to 2026-08-24 08:00:00+00:00, run_after=2026-08-24 12:00:00+00:00
[2026-08-24T14:13:25.532+0000] {processor.py:183} INFO - Processing /home/airflow/.local/lib/python3.12/site-packages/airflow/example_dags/example_latest_only.py took 0.285 seconds
[2026-08-24T14:13:56.190+0000] {processor.py:161} INFO - Started process (PID=163) to work on /home/airflow/.local/lib/python3.12/site-packages/airflow/example_dags/example_latest_only.py
[2026-08-24T14:13:56.192+0000] {processor.py:830} INFO - Processing file /home/airflow/.local/lib/python3.12/site-packages/airflow/example_dags/example_latest_only.py for tasks to queue
[2026-08-24T14:13:56.195+0000] {logging_mixin.py:188} INFO - [2026-08-24T14:13:56.195+0000] {dagbag.py:545} INFO - Filling up the DagBag from /home/airflow/.local/lib/python3.12/site-packages/airflow/example_dags/example_latest_only.py
[2026-08-24T14:13:56.204+0000] {processor.py:840} INFO - DAG(s) 'latest_only' retrieved from /home/airflow/.local/lib/python3.12/site-packages/airflow/example_dags/example_latest_only.py
[2026-08-24T14:13:56.230+0000] {logging_mixin.py:188} INFO - [2026-08-24T14:13:56.229+0000] {dag.py:3096} INFO - Sync 1 DAGs
[2026-08-24T14:13:56.261+0000] {logging_mixin.py:188} INFO - [2026-08-24T14:13:56.261+0000] {dag.py:3954} INFO - Setting next_dagrun for latest_only to 2026-08-24 08:00:00+00:00, run_after=2026-08-24 12:00:00+00:00
[2026-08-24T14:13:56.297+0000] {processor.py:183} INFO - Processing /home/airflow/.local/lib/python3.12/site-packages/airflow/example_dags/example_latest_only.py took 0.120 seconds
[2026-08-24T14:14:26.804+0000] {processor.py:161} INFO - Started process (PID=222) to work on /home/airflow/.local/lib/python3.12/site-packages/airflow/example_dags/example_latest_only.py
[2026-08-24T14:14:26.806+0000] {processor.py:830} INFO - Processing file /home/airflow/.local/lib/python3.12/site-packages/airflow/example_dags/example_latest_only.py for tasks to queue
[2026-08-24T14:14:26.808+0000] {logging_mixin.py:188} INFO - [2026-08-24T14:14:26.808+0000] {dagbag.py:545} INFO - Filling up the DagBag from /home/airflow/.local/lib/python3.12/site-packages/airflow/example_dags/example_latest_only.py
[2026-08-24T14:14:26.815+0000] {processor.py:840} INFO - DAG(s) 'latest_only' retrieved from /home/airflow/.local/lib/python3.12/site-packages/airflow/example_dags/example_latest_only.py
[2026-08-24T14:14:26.840+0000] {logging_mixin.py:188} INFO - [2026-08-24T14:14:26.839+0000] {dag.py:3096} INFO - Sync 1 DAGs
[2026-08-24T14:14:26.868+0000] {logging_mixin.py:188} INFO - [2026-08-24T14:14:26.868+0000] {dag.py:3954} INFO - Setting next_dagrun for latest_only to 2026-08-24 08:00:00+00:00, run_after=2026-08-24 12:00:00+00:00
[2026-08-24T14:14:26.894+0000] {processor.py:183} INFO - Processing /home/airflow/.local/lib/python3.12/site-packages/airflow/example_dags/example_latest_only.py took 0.097 seconds
[2026-08-24T14:14:57.415+0000] {processor.py:161} INFO - Started process (PID=281) to work on /home/airflow/.local/lib/python3.12/site-packages/airflow/example_dags/example_latest_only.py
[2026-08-24T14:14:57.417+0000] {processor.py:830} INFO - Processing file /home/airflow/.local/lib/python3.12/site-packages/airflow/example_dags/example_latest_only.py for tasks to queue
[2026-08-24T14:14:57.420+0000] {logging_mixin.py:188} INFO - [2026-08-24T14:14:57.419+0000] {dagbag.py:545} INFO - Filling up the DagBag from /home/airflow/.local/lib/python3.12/site-packages/airflow/example_dags/example_latest_only.py
[2026-08-24T14:14:57.426+0000] {processor.py:840} INFO - DAG(s) 'latest_only' retrieved from /home/airflow/.local/lib/python3.12/site-packages/airflow/example_dags/example_latest_only.py
[2026-08-24T14:14:57.450+0000] {logging_mixin.py:188} INFO - [2026-08-24T14:14:57.449+0000] {dag.py:3096} INFO - Sync 1 DAGs
[2026-08-24T14:14:57.476+0000] {logging_mixin.py:188} INFO - [2026-08-24T14:14:57.476+0000] {dag.py:3954} INFO - Setting next_dagrun for latest_only to 2026-08-24 08:00:00+00:00, run_after=2026-08-24 12:00:00+00:00
[2026-08-24T14:14:57.500+0000] {processor.py:183} INFO - Processing /home/airflow/.local/lib/python3.12/site-packages/airflow/example_dags/example_latest_only.py took 0.092 seconds
[2026-08-24T14:15:27.963+0000] {processor.py:161} INFO - Started process (PID=340) to work on /home/airflow/.local/lib/python3.12/site-packages/airflow/example_dags/example_latest_only.py
[2026-08-24T14:15:27.964+0000] {processor.py:830} INFO - Processing file /home/airflow/.local/lib/python3.12/site-packages/airflow/example_dags/example_latest_only.py for tasks to queue
[2026-08-24T14:15:27.967+0000] {logging_mixin.py:188} INFO - [2026-08-24T14:15:27.967+0000] {dagbag.py:545} INFO - Filling up the DagBag from /home/airflow/.local/lib/python3.12/site-packages/airflow/example_dags/example_latest_only.py
[2026-08-24T14:15:27.975+0000] {processor.py:840} INFO - DAG(s) 'latest_only' retrieved from /home/airflow/.local/lib/python3.12/site-packages/airflow/example_dags/example_latest_only.py
[2026-08-24T14:15:28.001+0000] {logging_mixin.py:188} INFO - [2026-08-24T14:15:28.001+0000] {dag.py:3096} INFO - Sync 1 DAGs
[2026-08-24T14:15:28.030+0000] {logging_mixin.py:188} INFO - [2026-08-24T14:15:28.029+0000] {dag.py:3954} INFO - Setting next_dagrun for latest_only to 2026-08-24 08:00:00+00:00, run_after=2026-08-24 12:00:00+00:00
[2026-08-24T14:15:28.054+0000] {processor.py:183} INFO - Processing /home/airflow/.local/lib/python3.12/site-packages/airflow/example_dags/example_latest_only.py took 0.100 seconds
[2026-08-24T14:15:58.612+0000] {processor.py:161} INFO - Started process (PID=399) to work on /home/airflow/.local/lib/python3.12/site-packages/airflow/example_dags/example_latest_only.py
[2026-08-24T14:15:58.614+0000] {processor.py:830} INFO - Processing file /home/airflow/.local/lib/python3.12/site-packages/airflow/example_dags/example_latest_only.py for tasks to queue
[2026-08-24T14:15:58.617+0000] {logging_mixin.py:188} INFO - [2026-08-24T14:15:58.617+0000] {dagbag.py:545} INFO - Filling up the DagBag from /home/airflow/.local/lib/python3.12/site-packages/airflow/example_dags/example_latest_only.py
[2026-08-24T14:15:58.627+0000] {processor.py:840} INFO - DAG(s) 'latest_only' retrieved from /home/airflow/.local/lib/python3.12/site-packages/airflow/example_dags/example_latest_only.py
[2026-08-24T14:15:58.658+0000] {logging_mixin.py:188} INFO - [2026-08-24T14:15:58.658+0000] {dag.py:3096} INFO - Sync 1 DAGs
[2026-08-24T14:15:58.688+0000] {logging_mixin.py:188} INFO - [2026-08-24T14:15:58.687+0000] {dag.py:3954} INFO - Setting next_dagrun for latest_only to 2026-08-24 08:00:00+00:00, run_after=2026-08-24 12:00:00+00:00
[2026-08-24T14:15:58.716+0000] {processor.py:183} INFO - Processing /home/airflow/.local/lib/python3.12/site-packages/airflow/example_dags/example_latest_only.py took 0.115 seconds
[2026-08-24T14:16:28.811+0000] {processor.py:161} INFO - Started process (PID=458) to work on /home/airflow/.local/lib/python3.12/site-packages/airflow/example_dags/example_latest_only.py
[2026-08-24T14:16:28.812+0000] {processor.py:830} INFO - Processing file /home/airflow/.local/lib/python3.12/site-packages/airflow/example_dags/example_latest_only.py for tasks to queue
[2026-08-24T14:16:28.814+0000] {logging_mixin.py:188} INFO - [2026-08-24T14:16:28.814+0000] {dagbag.py:545} INFO - Filling up the DagBag from /home/airflow/.local/lib/python3.12/site-packages/airflow/example_dags/example_latest_only.py
[2026-08-24T14:16:28.821+0000] {processor.py:840} INFO - DAG(s) 'latest_only' retrieved from /home/airflow/.local/lib/python3.12/site-packages/airflow/example_dags/example_latest_only.py
[2026-08-24T14:16:28.849+0000] {logging_mixin.py:188} INFO - [2026-08-24T14:16:28.849+0000] {dag.py:3096} INFO - Sync 1 DAGs
[2026-08-24T14:16:28.879+0000] {logging_mixin.py:188} INFO - [2026-08-24T14:16:28.878+0000] {dag.py:3954} INFO - Setting next_dagrun for latest_only to 2026-08-24 08:00:00+00:00, run_after=2026-08-24 12:00:00+00:00
[2026-08-24T14:16:28.906+0000] {processor.py:183} INFO - Processing /home/airflow/.local/lib/python3.12/site-packages/airflow/example_dags/example_latest_only.py took 0.105 seconds
[2026-08-24T14:16:59.262+0000] {processor.py:161} INFO - Started process (PID=517) to work on /home/airflow/.local/lib/python3.12/site-packages/airflow/example_dags/example_latest_only.py
[2026-08-24T14:16:59.264+0000] {processor.py:830} INFO - Processing file /home/airflow/.local/lib/python3.12/site-packages/airflow/example_dags/example_latest_only.py for tasks to queue
[2026-08-24T14:16:59.266+0000] {logging_mixin.py:188} INFO - [2026-08-24T14:16:59.266+0000] {dagbag.py:545} INFO - Filling up the DagBag from /home/airflow/.local/lib/python3.12/site-packages/airflow/example_dags/example_latest_only.py
[2026-08-24T14:16:59.273+0000] {processor.py:840} INFO - DAG(s) 'latest_only' retrieved from /home/airflow/.local/lib/python3.12/site-packages/airflow/example_dags/example_latest_only.py
[2026-08-24T14:16:59.299+0000] {logging_mixin.py:188} INFO - [2026-08-24T14:16:59.298+0000] {dag.py:3096} INFO - Sync 1 DAGs
[2026-08-24T14:16:59.338+0000] {logging_mixin.py:188} INFO - [2026-08-24T14:16:59.338+0000] {dag.py:3954} INFO - Setting next_dagrun for latest_only to 2026-08-24 08:00:00+00:00, run_after=2026-08-24 12:00:00+00:00
[2026-08-24T14:16:59.367+0000] {processor.py:183} INFO - Processing /home/airflow/.local/lib/python3.12/site-packages/airflow/example_dags/example_latest_only.py took 0.112 seconds
[2026-08-24T14:17:29.612+0000] {processor.py:161} INFO - Started process (PID=576) to work on /home/airflow/.local/lib/python3.12/site-packages/airflow/example_dags/example_latest_only.py
[2026-08-24T14:17:29.613+0000] {processor.py:830} INFO - Processing file /home/airflow/.local/lib/python3.12/site-packages/airflow/example_dags/example_latest_only.py for tasks to queue
[2026-08-24T14:17:29.616+0000] {logging_mixin.py:188} INFO - [2026-08-24T14:17:29.615+0000] {dagbag.py:545} INFO - Filling up the DagBag from /home/airflow/.local/lib/python3.12/site-packages/airflow/example_dags/example_latest_only.py
[2026-08-24T14:17:29.623+0000] {processor.py:840} INFO - DAG(s) 'latest_only' retrieved from /home/airflow/.local/lib/python3.12/site-packages/airflow/example_dags/example_latest_only.py
[2026-08-24T14:17:29.649+0000] {logging_mixin.py:188} INFO - [2026-08-24T14:17:29.649+0000] {dag.py:3096} INFO - Sync 1 DAGs
[2026-08-24T14:17:29.688+0000] {logging_mixin.py:188} INFO - [2026-08-24T14:17:29.688+0000] {dag.py:3954} INFO - Setting next_dagrun for latest_only to 2026-08-24 08:00:00+00:00, run_after=2026-08-24 12:00:00+00:00
[2026-08-24T14:17:29.716+0000] {processor.py:183} INFO - Processing /home/airflow/.local/lib/python3.12/site-packages/airflow/example_dags/example_latest_only.py took 0.112 seconds
[2026-08-24T14:18:00.655+0000] {processor.py:161} INFO - Started process (PID=635) to work on /home/airflow/.local/lib/python3.12/site-packages/airflow/example_dags/example_latest_only.py
[2026-08-24T14:18:00.657+0000] {processor.py:830} INFO - Processing file /home/airflow/.local/lib/python3.12/site-packages/airflow/example_dags/example_latest_only.py for tasks to queue
[2026-08-24T14:18:00.660+0000] {logging_mixin.py:188} INFO - [2026-08-24T14:18:00.660+0000] {dagbag.py:545} INFO - Filling up the DagBag from /home/airflow/.local/lib/python3.12/site-packages/airflow/example_dags/example_latest_only.py
[2026-08-24T14:18:00.671+0000] {processor.py:840} INFO - DAG(s) 'latest_only' retrieved from /home/airflow/.local/lib/python3.12/site-packages/airflow/example_dags/example_latest_only.py
[2026-08-24T14:18:00.702+0000] {logging_mixin.py:188} INFO - [2026-08-24T14:18:00.702+0000] {dag.py:3096} INFO - Sync 1 DAGs
[2026-08-24T14:18:00.740+0000] {logging_mixin.py:188} INFO - [2026-08-24T14:18:00.740+0000] {dag.py:3954} INFO - Setting next_dagrun for latest_only to 2026-08-24 08:00:00+00:00, run_after=2026-08-24 12:00:00+00:00
[2026-08-24T14:18:00.772+0000] {processor.py:183} INFO - Processing /home/airflow/.local/lib/python3.12/site-packages/airflow/example_dags/example_latest_only.py took 0.126 seconds
[2026-08-24T14:18:31.586+0000] {processor.py:161} INFO - Started process (PID=694) to work on /home/airflow/.local/lib/python3.12/site-packages/airflow/example_dags/example_latest_only.py
[2026-08-24T14:18:31.587+0000] {processor.py:830} INFO - Processing file /home/airflow/.local/lib/python3.12/site-packages/airflow/example_dags/example_latest_only.py for tasks to queue
[2026-08-24T14:18:31.590+0000] {logging_mixin.py:188} INFO - [2026-08-24T14:18:31.590+0000] {dagbag.py:545} INFO - Filling up the DagBag from /home/airflow/.local/lib/python3.12/site-packages/airflow/example_dags/example_latest_only.py
[2026-08-24T14:18:31.600+0000] {processor.py:840} INFO - DAG(s) 'latest_only' retrieved from /home/airflow/.local/lib/python3.12/site-packages/airflow/example_dags/example_latest_only.py
[2026-08-24T14:18:31.650+0000] {logging_mixin.py:188} INFO - [2026-08-24T14:18:31.649+0000] {dag.py:3096} INFO - Sync 1 DAGs
[2026-08-24T14:18:31.702+0000] {logging_mixin.py:188} INFO - [2026-08-24T14:18:31.702+0000] {dag.py:3954} INFO - Setting next_dagrun for latest_only to 2026-08-24 08:00:00+00:00, run_after=2026-08-24 12:00:00+00:00
[2026-08-24T14:18:31.744+0000] {processor.py:183} INFO - Processing /home/airflow/.local/lib/python3.12/site-packages/airflow/example_dags/example_latest_only.py took 0.165 seconds
[2026-08-24T14:19:02.150+0000] {processor.py:161} INFO - Started process (PID=753) to work on /home/airflow/.local/lib/python3.12/site-packages/airflow/example_dags/example_latest_only.py
[2026-08-24T14:19:02.151+0000] {processor.py:830} INFO - Processing file /home/airflow/.local/lib/python3.12/site-packages/airflow/example_dags/example_latest_only.py for tasks to queue
[2026-08-24T14:19:02.154+0000] {logging_mixin.py:188} INFO - [2026-08-24T14:19:02.153+0000] {dagbag.py:545} INFO - Filling up the DagBag from /home/airflow/.local/lib/python3.12/site-packages/airflow/example_dags/example_latest_only.py
[2026-08-24T14:19:02.160+0000] {processor.py:840} INFO - DAG(s) 'latest_only' retrieved from /home/airflow/.local/lib/python3.12/site-packages/airflow/example_dags/example_latest_only.py
[2026-08-24T14:19:02.185+0000] {logging_mixin.py:188} INFO - [2026-08-24T14:19:02.185+0000] {dag.py:3096} INFO - Sync 1 DAGs
[2026-08-24T14:19:02.213+0000] {logging_mixin.py:188} INFO - [2026-08-24T14:19:02.212+0000] {dag.py:3954} INFO - Setting next_dagrun for latest_only to 2026-08-24 08:00:00+00:00, run_after=2026-08-24 12:00:00+00:00
[2026-08-24T14:19:02.235+0000] {processor.py:183} INFO - Processing /home/airflow/.local/lib/python3.12/site-packages/airflow/example_dags/example_latest_only.py took 0.093 seconds
[2026-08-24T14:19:32.490+0000] {processor.py:161} INFO - Started process (PID=813) to work on /home/airflow/.local/lib/python3.12/site-packages/airflow/example_dags/example_latest_only.py
[2026-08-24T14:19:32.491+0000] {processor.py:830} INFO - Processing file /home/airflow/.local/lib/python3.12/site-packages/airflow/example_dags/example_latest_only.py for tasks to queue
[2026-08-24T14:19:32.494+0000] {logging_mixin.py:188} INFO - [2026-08-24T14:19:32.493+0000] {dagbag.py:545} INFO - Filling up the DagBag from /home/airflow/.local/lib/python3.12/site-packages/airflow/example_dags/example_latest_only.py
[2026-08-24T14:19:32.501+0000] {processor.py:840} INFO - DAG(s) 'latest_only' retrieved from /home/airflow/.local/lib/python3.12/site-packages/airflow/example_dags/example_latest_only.py
[2026-08-24T14:19:32.524+0000] {logging_mixin.py:188} INFO - [2026-08-24T14:19:32.524+0000] {dag.py:3096} INFO - Sync 1 DAGs
[2026-08-24T14:19:32.551+0000] {logging_mixin.py:188} INFO - [2026-08-24T14:19:32.551+0000] {dag.py:3954} INFO - Setting next_dagrun for latest_only to 2026-08-24 08:00:00+00:00, run_after=2026-08-24 12:00:00+00:00
[2026-08-24T14:19:32.573+0000] {processor.py:183} INFO - Processing /home/airflow/.local/lib/python3.12/site-packages/airflow/example_dags/example_latest_only.py took 0.090 seconds
[2026-08-24T14:20:03.204+0000] {processor.py:161} INFO - Started process (PID=873) to work on /home/airflow/.local/lib/python3.12/site-packages/airflow/example_dags/example_latest_only.py
[2026-08-24T14:20:03.205+0000] {processor.py:830} INFO - Processing file /home/airflow/.local/lib/python3.12/site-packages/airflow/example_dags/example_latest_only.py for tasks to queue
[2026-08-24T14:20:03.208+0000] {logging_mixin.py:188} INFO - [2026-08-24T14:20:03.207+0000] {dagbag.py:545} INFO - Filling up the DagBag from /home/airflow/.local/lib/python3.12/site-packages/airflow/example_dags/example_latest_only.py
[2026-08-24T14:20:03.215+0000] {processor.py:840} INFO - DAG(s) 'latest_only' retrieved from /home/airflow/.local/lib/python3.12/site-packages/airflow/example_dags/example_latest_only.py
[2026-08-24T14:20:03.240+0000] {logging_mixin.py:188} INFO - [2026-08-24T14:20:03.240+0000] {dag.py:3096} INFO - Sync 1 DAGs
[2026-08-24T14:20:03.267+0000] {logging_mixin.py:188} INFO - [2026-08-24T14:20:03.266+0000] {dag.py:3954} INFO - Setting next_dagrun for latest_only to 2026-08-24 08:00:00+00:00, run_after=2026-08-24 12:00:00+00:00
[2026-08-24T14:20:03.289+0000] {processor.py:183} INFO - Processing /home/airflow/.local/lib/python3.12/site-packages/airflow/example_dags/example_latest_only.py took 0.093 seconds
[2026-08-24T14:22:15.397+0000] {processor.py:161} INFO - Started process (PID=104) to work on /home/airflow/.local/lib/python3.12/site-packages/airflow/example_dags/example_latest_only.py
[2026-08-24T14:22:15.399+0000] {processor.py:830} INFO - Processing file /home/airflow/.local/lib/python3.12/site-packages/airflow/example_dags/example_latest_only.py for tasks to queue
[2026-08-24T14:22:15.401+0000] {logging_mixin.py:188} INFO - [2026-08-24T14:22:15.401+0000] {dagbag.py:545} INFO - Filling up the DagBag from /home/airflow/.local/lib/python3.12/site-packages/airflow/example_dags/example_latest_only.py
[2026-08-24T14:22:15.413+0000] {processor.py:840} INFO - DAG(s) 'latest_only' retrieved from /home/airflow/.local/lib/python3.12/site-packages/airflow/example_dags/example_latest_only.py
[2026-08-24T14:22:15.564+0000] {logging_mixin.py:188} INFO - [2026-08-24T14:22:15.564+0000] {dag.py:3096} INFO - Sync 1 DAGs
[2026-08-24T14:22:15.590+0000] {logging_mixin.py:188} INFO - [2026-08-24T14:22:15.589+0000] {dag.py:3954} INFO - Setting next_dagrun for latest_only to 2026-08-24 08:00:00+00:00, run_after=2026-08-24 12:00:00+00:00
[2026-08-24T14:22:15.669+0000] {processor.py:183} INFO - Processing /home/airflow/.local/lib/python3.12/site-packages/airflow/example_dags/example_latest_only.py took 0.279 seconds
[2026-08-24T14:23:00.251+0000] {processor.py:161} INFO - Started process (PID=83) to work on /home/airflow/.local/lib/python3.12/site-packages/airflow/example_dags/example_latest_only.py
[2026-08-24T14:23:00.253+0000] {processor.py:830} INFO - Processing file /home/airflow/.local/lib/python3.12/site-packages/airflow/example_dags/example_latest_only.py for tasks to queue
[2026-08-24T14:23:00.257+0000] {logging_mixin.py:188} INFO - [2026-08-24T14:23:00.257+0000] {dagbag.py:545} INFO - Filling up the DagBag from /home/airflow/.local/lib/python3.12/site-packages/airflow/example_dags/example_latest_only.py
[2026-08-24T14:23:00.267+0000] {processor.py:840} INFO - DAG(s) 'latest_only' retrieved from /home/airflow/.local/lib/python3.12/site-packages/airflow/example_dags/example_latest_only.py
[2026-08-24T14:23:00.308+0000] {logging_mixin.py:188} INFO - [2026-08-24T14:23:00.307+0000] {dag.py:3096} INFO - Sync 1 DAGs
[2026-08-24T14:23:00.346+0000] {logging_mixin.py:188} INFO - [2026-08-24T14:23:00.346+0000] {dag.py:3954} INFO - Setting next_dagrun for latest_only to 2026-08-24 08:00:00+00:00, run_after=2026-08-24 12:00:00+00:00
[2026-08-24T14:23:00.370+0000] {processor.py:183} INFO - Processing /home/airflow/.local/lib/python3.12/site-packages/airflow/example_dags/example_latest_only.py took 0.129 seconds
[2026-08-24T14:23:30.826+0000] {processor.py:161} INFO - Started process (PID=143) to work on /home/airflow/.local/lib/python3.12/site-packages/airflow/example_dags/example_latest_only.py
[2026-08-24T14:23:30.827+0000] {processor.py:830} INFO - Processing file /home/airflow/.local/lib/python3.12/site-packages/airflow/example_dags/example_latest_only.py for tasks to queue
[2026-08-24T14:23:30.829+0000] {logging_mixin.py:188} INFO - [2026-08-24T14:23:30.829+0000] {dagbag.py:545} INFO - Filling up the DagBag from /home/airflow/.local/lib/python3.12/site-packages/airflow/example_dags/example_latest_only.py
[2026-08-24T14:23:30.837+0000] {processor.py:840} INFO - DAG(s) 'latest_only' retrieved from /home/airflow/.local/lib/python3.12/site-packages/airflow/example_dags/example_latest_only.py
[2026-08-24T14:23:30.863+0000] {logging_mixin.py:188} INFO - [2026-08-24T14:23:30.863+0000] {dag.py:3096} INFO - Sync 1 DAGs
[2026-08-24T14:23:30.897+0000] {logging_mixin.py:188} INFO - [2026-08-24T14:23:30.897+0000] {dag.py:3954} INFO - Setting next_dagrun for latest_only to 2026-08-24 08:00:00+00:00, run_after=2026-08-24 12:00:00+00:00
[2026-08-24T14:23:30.934+0000] {processor.py:183} INFO - Processing /home/airflow/.local/lib/python3.12/site-packages/airflow/example_dags/example_latest_only.py took 0.116 seconds
[2026-08-24T14:24:03.639+0000] {processor.py:161} INFO - Started process (PID=209) to work on /home/airflow/.local/lib/python3.12/site-packages/airflow/example_dags/example_latest_only.py
[2026-08-24T14:24:03.641+0000] {processor.py:830} INFO - Processing file /home/airflow/.local/lib/python3.12/site-packages/airflow/example_dags/example_latest_only.py for tasks to queue
[2026-08-24T14:24:03.643+0000] {logging_mixin.py:188} INFO - [2026-08-24T14:24:03.643+0000] {dagbag.py:545} INFO - Filling up the DagBag from /home/airflow/.local/lib/python3.12/site-packages/airflow/example_dags/example_latest_only.py
[2026-08-24T14:24:03.651+0000] {processor.py:840} INFO - DAG(s) 'latest_only' retrieved from /home/airflow/.local/lib/python3.12/site-packages/airflow/example_dags/example_latest_only.py
[2026-08-24T14:24:03.679+0000] {logging_mixin.py:188} INFO - [2026-08-24T14:24:03.679+0000] {dag.py:3096} INFO - Sync 1 DAGs
[2026-08-24T14:24:03.712+0000] {logging_mixin.py:188} INFO - [2026-08-24T14:24:03.712+0000] {dag.py:3954} INFO - Setting next_dagrun for latest_only to 2026-08-24 08:00:00+00:00, run_after=2026-08-24 12:00:00+00:00
[2026-08-24T14:24:03.736+0000] {processor.py:183} INFO - Processing /home/airflow/.local/lib/python3.12/site-packages/airflow/example_dags/example_latest_only.py took 0.106 seconds
[2026-08-24T14:24:34.718+0000] {processor.py:161} INFO - Started process (PID=269) to work on /home/airflow/.local/lib/python3.12/site-packages/airflow/example_dags/example_latest_only.py
[2026-08-24T14:24:34.724+0000] {processor.py:830} INFO - Processing file /home/airflow/.local/lib/python3.12/site-packages/airflow/example_dags/example_latest_only.py for tasks to queue
[2026-08-24T14:24:34.728+0000] {logging_mixin.py:188} INFO - [2026-08-24T14:24:34.727+0000] {dagbag.py:545} INFO - Filling up the DagBag from /home/airflow/.local/lib/python3.12/site-packages/airflow/example_dags/example_latest_only.py
[2026-08-24T14:24:34.735+0000] {processor.py:840} INFO - DAG(s) 'latest_only' retrieved from /home/airflow/.local/lib/python3.12/site-packages/airflow/example_dags/example_latest_only.py
[2026-08-24T14:24:34.763+0000] {logging_mixin.py:188} INFO - [2026-08-24T14:24:34.763+0000] {dag.py:3096} INFO - Sync 1 DAGs
[2026-08-24T14:24:34.801+0000] {logging_mixin.py:188} INFO - [2026-08-24T14:24:34.801+0000] {dag.py:3954} INFO - Setting next_dagrun for latest_only to 2026-08-24 08:00:00+00:00, run_after=2026-08-24 12:00:00+00:00
[2026-08-24T14:24:34.832+0000] {processor.py:183} INFO - Processing /home/airflow/.local/lib/python3.12/site-packages/airflow/example_dags/example_latest_only.py took 0.126 seconds
[2026-08-24T14:25:04.890+0000] {processor.py:161} INFO - Started process (PID=328) to work on /home/airflow/.local/lib/python3.12/site-packages/airflow/example_dags/example_latest_only.py
[2026-08-24T14:25:04.891+0000] {processor.py:830} INFO - Processing file /home/airflow/.local/lib/python3.12/site-packages/airflow/example_dags/example_latest_only.py for tasks to queue
[2026-08-24T14:25:04.893+0000] {logging_mixin.py:188} INFO - [2026-08-24T14:25:04.893+0000] {dagbag.py:545} INFO - Filling up the DagBag from /home/airflow/.local/lib/python3.12/site-packages/airflow/example_dags/example_latest_only.py
[2026-08-24T14:25:04.900+0000] {processor.py:840} INFO - DAG(s) 'latest_only' retrieved from /home/airflow/.local/lib/python3.12/site-packages/airflow/example_dags/example_latest_only.py
[2026-08-24T14:25:04.925+0000] {logging_mixin.py:188} INFO - [2026-08-24T14:25:04.925+0000] {dag.py:3096} INFO - Sync 1 DAGs
[2026-08-24T14:25:04.954+0000] {logging_mixin.py:188} INFO - [2026-08-24T14:25:04.953+0000] {dag.py:3954} INFO - Setting next_dagrun for latest_only to 2026-08-24 08:00:00+00:00, run_after=2026-08-24 12:00:00+00:00
[2026-08-24T14:25:04.977+0000] {processor.py:183} INFO - Processing /home/airflow/.local/lib/python3.12/site-packages/airflow/example_dags/example_latest_only.py took 0.095 seconds
[2026-08-24T14:25:35.104+0000] {processor.py:161} INFO - Started process (PID=387) to work on /home/airflow/.local/lib/python3.12/site-packages/airflow/example_dags/example_latest_only.py
[2026-08-24T14:25:35.105+0000] {processor.py:830} INFO - Processing file /home/airflow/.local/lib/python3.12/site-packages/airflow/example_dags/example_latest_only.py for tasks to queue
[2026-08-24T14:25:35.107+0000] {logging_mixin.py:188} INFO - [2026-08-24T14:25:35.107+0000] {dagbag.py:545} INFO - Filling up the DagBag from /home/airflow/.local/lib/python3.12/site-packages/airflow/example_dags/example_latest_only.py
[2026-08-24T14:25:35.114+0000] {processor.py:840} INFO - DAG(s) 'latest_only' retrieved from /home/airflow/.local/lib/python3.12/site-packages/airflow/example_dags/example_latest_only.py
[2026-08-24T14:25:35.139+0000] {logging_mixin.py:188} INFO - [2026-08-24T14:25:35.139+0000] {dag.py:3096} INFO - Sync 1 DAGs
[2026-08-24T14:25:35.166+0000] {logging_mixin.py:188} INFO - [2026-08-24T14:25:35.165+0000] {dag.py:3954} INFO - Setting next_dagrun for latest_only to 2026-08-24 08:00:00+00:00, run_after=2026-08-24 12:00:00+00:00
[2026-08-24T14:25:35.187+0000] {processor.py:183} INFO - Processing /home/airflow/.local/lib/python3.12/site-packages/airflow/example_dags/example_latest_only.py took 0.091 seconds
[2026-08-24T14:26:05.546+0000] {processor.py:161} INFO - Started process (PID=447) to work on /home/airflow/.local/lib/python3.12/site-packages/airflow/example_dags/example_latest_only.py
[2026-08-24T14:26:05.548+0000] {processor.py:830} INFO - Processing file /home/airflow/.local/lib/python3.12/site-packages/airflow/example_dags/example_latest_only.py for tasks to queue
[2026-08-24T14:26:05.551+0000] {logging_mixin.py:188} INFO - [2026-08-24T14:26:05.550+0000] {dagbag.py:545} INFO - Filling up the DagBag from /home/airflow/.local/lib/python3.12/site-packages/airflow/example_dags/example_latest_only.py
[2026-08-24T14:26:05.557+0000] {processor.py:840} INFO - DAG(s) 'latest_only' retrieved from /home/airflow/.local/lib/python3.12/site-packages/airflow/example_dags/example_latest_only.py
[2026-08-24T14:26:05.582+0000] {logging_mixin.py:188} INFO - [2026-08-24T14:26:05.582+0000] {dag.py:3096} INFO - Sync 1 DAGs
[2026-08-24T14:26:05.610+0000] {logging_mixin.py:188} INFO - [2026-08-24T14:26:05.609+0000] {dag.py:3954} INFO - Setting next_dagrun for latest_only to 2026-08-24 08:00:00+00:00, run_after=2026-08-24 12:00:00+00:00
[2026-08-24T14:26:05.634+0000] {processor.py:183} INFO - Processing /home/airflow/.local/lib/python3.12/site-packages/airflow/example_dags/example_latest_only.py took 0.095 seconds
[2026-08-24T14:26:35.811+0000] {processor.py:161} INFO - Started process (PID=507) to work on /home/airflow/.local/lib/python3.12/site-packages/airflow/example_dags/example_latest_only.py
[2026-08-24T14:26:35.813+0000] {processor.py:830} INFO - Processing file /home/airflow/.local/lib/python3.12/site-packages/airflow/example_dags/example_latest_only.py for tasks to queue
[2026-08-24T14:26:35.816+0000] {logging_mixin.py:188} INFO - [2026-08-24T14:26:35.816+0000] {dagbag.py:545} INFO - Filling up the DagBag from /home/airflow/.local/lib/python3.12/site-packages/airflow/example_dags/example_latest_only.py
[2026-08-24T14:26:35.823+0000] {processor.py:840} INFO - DAG(s) 'latest_only' retrieved from /home/airflow/.local/lib/python3.12/site-packages/airflow/example_dags/example_latest_only.py
[2026-08-24T14:26:35.849+0000] {logging_mixin.py:188} INFO - [2026-08-24T14:26:35.849+0000] {dag.py:3096} INFO - Sync 1 DAGs
[2026-08-24T14:26:35.877+0000] {logging_mixin.py:188} INFO - [2026-08-24T14:26:35.877+0000] {dag.py:3954} INFO - Setting next_dagrun for latest_only to 2026-08-24 08:00:00+00:00, run_after=2026-08-24 12:00:00+00:00
[2026-08-24T14:26:35.905+0000] {processor.py:183} INFO - Processing /home/airflow/.local/lib/python3.12/site-packages/airflow/example_dags/example_latest_only.py took 0.106 seconds
[2026-08-24T14:27:06.558+0000] {processor.py:161} INFO - Started process (PID=567) to work on /home/airflow/.local/lib/python3.12/site-packages/airflow/example_dags/example_latest_only.py
[2026-08-24T14:27:06.560+0000] {processor.py:830} INFO - Processing file /home/airflow/.local/lib/python3.12/site-packages/airflow/example_dags/example_latest_only.py for tasks to queue
[2026-08-24T14:27:06.562+0000] {logging_mixin.py:188} INFO - [2026-08-24T14:27:06.562+0000] {dagbag.py:545} INFO - Filling up the DagBag from /home/airflow/.local/lib/python3.12/site-packages/airflow/example_dags/example_latest_only.py
[2026-08-24T14:27:06.571+0000] {processor.py:840} INFO - DAG(s) 'latest_only' retrieved from /home/airflow/.local/lib/python3.12/site-packages/airflow/example_dags/example_latest_only.py
[2026-08-24T14:27:06.601+0000] {logging_mixin.py:188} INFO - [2026-08-24T14:27:06.601+0000] {dag.py:3096} INFO - Sync 1 DAGs
[2026-08-24T14:27:06.638+0000] {logging_mixin.py:188} INFO - [2026-08-24T14:27:06.637+0000] {dag.py:3954} INFO - Setting next_dagrun for latest_only to 2026-08-24 08:00:00+00:00, run_after=2026-08-24 12:00:00+00:00
[2026-08-24T14:27:06.673+0000] {processor.py:183} INFO - Processing /home/airflow/.local/lib/python3.12/site-packages/airflow/example_dags/example_latest_only.py took 0.123 seconds
[2026-08-24T14:27:37.042+0000] {processor.py:161} INFO - Started process (PID=627) to work on /home/airflow/.local/lib/python3.12/site-packages/airflow/example_dags/example_latest_only.py
[2026-08-24T14:27:37.043+0000] {processor.py:830} INFO - Processing file /home/airflow/.local/lib/python3.12/site-packages/airflow/example_dags/example_latest_only.py for tasks to queue
[2026-08-24T14:27:37.047+0000] {logging_mixin.py:188} INFO - [2026-08-24T14:27:37.046+0000] {dagbag.py:545} INFO - Filling up the DagBag from /home/airflow/.local/lib/python3.12/site-packages/airflow/example_dags/example_latest_only.py
[2026-08-24T14:27:37.053+0000] {processor.py:840} INFO - DAG(s) 'latest_only' retrieved from /home/airflow/.local/lib/python3.12/site-packages/airflow/example_dags/example_latest_only.py
[2026-08-24T14:27:37.087+0000] {logging_mixin.py:188} INFO - [2026-08-24T14:27:37.087+0000] {dag.py:3096} INFO - Sync 1 DAGs
[2026-08-24T14:27:37.121+0000] {logging_mixin.py:188} INFO - [2026-08-24T14:27:37.120+0000] {dag.py:3954} INFO - Setting next_dagrun for latest_only to 2026-08-24 08:00:00+00:00, run_after=2026-08-24 12:00:00+00:00
[2026-08-24T14:27:37.148+0000] {processor.py:183} INFO - Processing /home/airflow/.local/lib/python3.12/site-packages/airflow/example_dags/example_latest_only.py took 0.113 seconds
[2026-08-24T14:28:07.257+0000] {processor.py:161} INFO - Started process (PID=687) to work on /home/airflow/.local/lib/python3.12/site-packages/airflow/example_dags/example_latest_only.py
[2026-08-24T14:28:07.259+0000] {processor.py:830} INFO - Processing file /home/airflow/.local/lib/python3.12/site-packages/airflow/example_dags/example_latest_only.py for tasks to queue
[2026-08-24T14:28:07.261+0000] {logging_mixin.py:188} INFO - [2026-08-24T14:28:07.261+0000] {dagbag.py:545} INFO - Filling up the DagBag from /home/airflow/.local/lib/python3.12/site-packages/airflow/example_dags/example_latest_only.py
[2026-08-24T14:28:07.268+0000] {processor.py:840} INFO - DAG(s) 'latest_only' retrieved from /home/airflow/.local/lib/python3.12/site-packages/airflow/example_dags/example_latest_only.py
[2026-08-24T14:28:07.300+0000] {logging_mixin.py:188} INFO - [2026-08-24T14:28:07.299+0000] {dag.py:3096} INFO - Sync 1 DAGs
[2026-08-24T14:28:07.330+0000] {logging_mixin.py:188} INFO - [2026-08-24T14:28:07.329+0000] {dag.py:3954} INFO - Setting next_dagrun for latest_only to 2026-08-24 08:00:00+00:00, run_after=2026-08-24 12:00:00+00:00
[2026-08-24T14:28:07.358+0000] {processor.py:183} INFO - Processing /home/airflow/.local/lib/python3.12/site-packages/airflow/example_dags/example_latest_only.py took 0.108 seconds
[2026-08-24T14:28:37.748+0000] {processor.py:161} INFO - Started process (PID=747) to work on /home/airflow/.local/lib/python3.12/site-packages/airflow/example_dags/example_latest_only.py
[2026-08-24T14:28:37.750+0000] {processor.py:830} INFO - Processing file /home/airflow/.local/lib/python3.12/site-packages/airflow/example_dags/example_latest_only.py for tasks to queue
[2026-08-24T14:28:37.752+0000] {logging_mixin.py:188} INFO - [2026-08-24T14:28:37.752+0000] {dagbag.py:545} INFO - Filling up the DagBag from /home/airflow/.local/lib/python3.12/site-packages/airflow/example_dags/example_latest_only.py
[2026-08-24T14:28:37.758+0000] {processor.py:840} INFO - DAG(s) 'latest_only' retrieved from /home/airflow/.local/lib/python3.12/site-packages/airflow/example_dags/example_latest_only.py
[2026-08-24T14:28:37.784+0000] {logging_mixin.py:188} INFO - [2026-08-24T14:28:37.783+0000] {dag.py:3096} INFO - Sync 1 DAGs
[2026-08-24T14:28:37.810+0000] {logging_mixin.py:188} INFO - [2026-08-24T14:28:37.810+0000] {dag.py:3954} INFO - Setting next_dagrun for latest_only to 2026-08-24 08:00:00+00:00, run_after=2026-08-24 12:00:00+00:00
[2026-08-24T14:28:37.834+0000] {processor.py:183} INFO - Processing /home/airflow/.local/lib/python3.12/site-packages/airflow/example_dags/example_latest_only.py took 0.093 seconds
[2026-08-24T14:29:08.355+0000] {processor.py:161} INFO - Started process (PID=807) to work on /home/airflow/.local/lib/python3.12/site-packages/airflow/example_dags/example_latest_only.py
[2026-08-24T14:29:08.357+0000] {processor.py:830} INFO - Processing file /home/airflow/.local/lib/python3.12/site-packages/airflow/example_dags/example_latest_only.py for tasks to queue
[2026-08-24T14:29:08.359+0000] {logging_mixin.py:188} INFO - [2026-08-24T14:29:08.359+0000] {dagbag.py:545} INFO - Filling up the DagBag from /home/airflow/.local/lib/python3.12/site-packages/airflow/example_dags/example_latest_only.py
[2026-08-24T14:29:08.368+0000] {processor.py:840} INFO - DAG(s) 'latest_only' retrieved from /home/airflow/.local/lib/python3.12/site-packages/airflow/example_dags/example_latest_only.py
[2026-08-24T14:29:08.398+0000] {logging_mixin.py:188} INFO - [2026-08-24T14:29:08.397+0000] {dag.py:3096} INFO - Sync 1 DAGs
[2026-08-24T14:29:08.441+0000] {logging_mixin.py:188} INFO - [2026-08-24T14:29:08.441+0000] {dag.py:3954} INFO - Setting next_dagrun for latest_only to 2026-08-24 08:00:00+00:00, run_after=2026-08-24 12:00:00+00:00
[2026-08-24T14:29:08.487+0000] {processor.py:183} INFO - Processing /home/airflow/.local/lib/python3.12/site-packages/airflow/example_dags/example_latest_only.py took 0.138 seconds
[2026-08-24T14:29:38.906+0000] {processor.py:161} INFO - Started process (PID=868) to work on /home/airflow/.local/lib/python3.12/site-packages/airflow/example_dags/example_latest_only.py
[2026-08-24T14:29:38.908+0000] {processor.py:830} INFO - Processing file /home/airflow/.local/lib/python3.12/site-packages/airflow/example_dags/example_latest_only.py for tasks to queue
[2026-08-24T14:29:38.910+0000] {logging_mixin.py:188} INFO - [2026-08-24T14:29:38.910+0000] {dagbag.py:545} INFO - Filling up the DagBag from /home/airflow/.local/lib/python3.12/site-packages/airflow/example_dags/example_latest_only.py
[2026-08-24T14:29:38.916+0000] {processor.py:840} INFO - DAG(s) 'latest_only' retrieved from /home/airflow/.local/lib/python3.12/site-packages/airflow/example_dags/example_latest_only.py
[2026-08-24T14:29:38.942+0000] {logging_mixin.py:188} INFO - [2026-08-24T14:29:38.942+0000] {dag.py:3096} INFO - Sync 1 DAGs
[2026-08-24T14:29:38.973+0000] {logging_mixin.py:188} INFO - [2026-08-24T14:29:38.972+0000] {dag.py:3954} INFO - Setting next_dagrun for latest_only to 2026-08-24 08:00:00+00:00, run_after=2026-08-24 12:00:00+00:00
[2026-08-24T14:29:39.002+0000] {processor.py:183} INFO - Processing /home/airflow/.local/lib/python3.12/site-packages/airflow/example_dags/example_latest_only.py took 0.103 seconds
[2026-08-24T14:30:09.099+0000] {processor.py:161} INFO - Started process (PID=928) to work on /home/airflow/.local/lib/python3.12/site-packages/airflow/example_dags/example_latest_only.py
[2026-08-24T14:30:09.101+0000] {processor.py:830} INFO - Processing file /home/airflow/.local/lib/python3.12/site-packages/airflow/example_dags/example_latest_only.py for tasks to queue
[2026-08-24T14:30:09.104+0000] {logging_mixin.py:188} INFO - [2026-08-24T14:30:09.104+0000] {dagbag.py:545} INFO - Filling up the DagBag from /home/airflow/.local/lib/python3.12/site-packages/airflow/example_dags/example_latest_only.py
[2026-08-24T14:30:09.118+0000] {processor.py:840} INFO - DAG(s) 'latest_only' retrieved from /home/airflow/.local/lib/python3.12/site-packages/airflow/example_dags/example_latest_only.py
[2026-08-24T14:30:09.149+0000] {logging_mixin.py:188} INFO - [2026-08-24T14:30:09.148+0000] {dag.py:3096} INFO - Sync 1 DAGs
[2026-08-24T14:30:09.186+0000] {logging_mixin.py:188} INFO - [2026-08-24T14:30:09.185+0000] {dag.py:3954} INFO - Setting next_dagrun for latest_only to 2026-08-24 08:00:00+00:00, run_after=2026-08-24 12:00:00+00:00
[2026-08-24T14:30:09.214+0000] {processor.py:183} INFO - Processing /home/airflow/.local/lib/python3.12/site-packages/airflow/example_dags/example_latest_only.py took 0.122 seconds
[2026-08-24T14:30:39.287+0000] {processor.py:161} INFO - Started process (PID=989) to work on /home/airflow/.local/lib/python3.12/site-packages/airflow/example_dags/example_latest_only.py
[2026-08-24T14:30:39.289+0000] {processor.py:830} INFO - Processing file /home/airflow/.local/lib/python3.12/site-packages/airflow/example_dags/example_latest_only.py for tasks to queue
[2026-08-24T14:30:39.291+0000] {logging_mixin.py:188} INFO - [2026-08-24T14:30:39.291+0000] {dagbag.py:545} INFO - Filling up the DagBag from /home/airflow/.local/lib/python3.12/site-packages/airflow/example_dags/example_latest_only.py
[2026-08-24T14:30:39.297+0000] {processor.py:840} INFO - DAG(s) 'latest_only' retrieved from /home/airflow/.local/lib/python3.12/site-packages/airflow/example_dags/example_latest_only.py
[2026-08-24T14:30:39.321+0000] {logging_mixin.py:188} INFO - [2026-08-24T14:30:39.321+0000] {dag.py:3096} INFO - Sync 1 DAGs
[2026-08-24T14:30:39.348+0000] {logging_mixin.py:188} INFO - [2026-08-24T14:30:39.347+0000] {dag.py:3954} INFO - Setting next_dagrun for latest_only to 2026-08-24 08:00:00+00:00, run_after=2026-08-24 12:00:00+00:00
[2026-08-24T14:30:39.371+0000] {processor.py:183} INFO - Processing /home/airflow/.local/lib/python3.12/site-packages/airflow/example_dags/example_latest_only.py took 0.091 seconds
[2026-08-24T14:31:09.988+0000] {processor.py:161} INFO - Started process (PID=1049) to work on /home/airflow/.local/lib/python3.12/site-packages/airflow/example_dags/example_latest_only.py
[2026-08-24T14:31:09.989+0000] {processor.py:830} INFO - Processing file /home/airflow/.local/lib/python3.12/site-packages/airflow/example_dags/example_latest_only.py for tasks to queue
[2026-08-24T14:31:09.992+0000] {logging_mixin.py:188} INFO - [2026-08-24T14:31:09.992+0000] {dagbag.py:545} INFO - Filling up the DagBag from /home/airflow/.local/lib/python3.12/site-packages/airflow/example_dags/example_latest_only.py
[2026-08-24T14:31:09.999+0000] {processor.py:840} INFO - DAG(s) 'latest_only' retrieved from /home/airflow/.local/lib/python3.12/site-packages/airflow/example_dags/example_latest_only.py
[2026-08-24T14:31:10.028+0000] {logging_mixin.py:188} INFO - [2026-08-24T14:31:10.027+0000] {dag.py:3096} INFO - Sync 1 DAGs
[2026-08-24T14:31:10.056+0000] {logging_mixin.py:188} INFO - [2026-08-24T14:31:10.055+0000] {dag.py:3954} INFO - Setting next_dagrun for latest_only to 2026-08-24 08:00:00+00:00, run_after=2026-08-24 12:00:00+00:00
[2026-08-24T14:31:10.078+0000] {processor.py:183} INFO - Processing /home/airflow/.local/lib/python3.12/site-packages/airflow/example_dags/example_latest_only.py took 0.098 seconds
[2026-08-24T14:35:23.467+0000] {processor.py:161} INFO - Started process (PID=106) to work on /home/airflow/.local/lib/python3.12/site-packages/airflow/example_dags/example_latest_only.py
[2026-08-24T14:35:23.469+0000] {processor.py:830} INFO - Processing file /home/airflow/.local/lib/python3.12/site-packages/airflow/example_dags/example_latest_only.py for tasks to queue
[2026-08-24T14:35:23.471+0000] {logging_mixin.py:188} INFO - [2026-08-24T14:35:23.471+0000] {dagbag.py:545} INFO - Filling up the DagBag from /home/airflow/.local/lib/python3.12/site-packages/airflow/example_dags/example_latest_only.py
[2026-08-24T14:35:23.481+0000] {processor.py:840} INFO - DAG(s) 'latest_only' retrieved from /home/airflow/.local/lib/python3.12/site-packages/airflow/example_dags/example_latest_only.py
[2026-08-24T14:35:23.627+0000] {logging_mixin.py:188} INFO - [2026-08-24T14:35:23.627+0000] {dag.py:3096} INFO - Sync 1 DAGs
[2026-08-24T14:35:23.651+0000] {logging_mixin.py:188} INFO - [2026-08-24T14:35:23.651+0000] {dag.py:3954} INFO - Setting next_dagrun for latest_only to 2026-08-24 08:00:00+00:00, run_after=2026-08-24 12:00:00+00:00
[2026-08-24T14:35:23.682+0000] {processor.py:183} INFO - Processing /home/airflow/.local/lib/python3.12/site-packages/airflow/example_dags/example_latest_only.py took 0.225 seconds
[2026-08-24T14:35:54.398+0000] {processor.py:161} INFO - Started process (PID=166) to work on /home/airflow/.local/lib/python3.12/site-packages/airflow/example_dags/example_latest_only.py
[2026-08-24T14:35:54.399+0000] {processor.py:830} INFO - Processing file /home/airflow/.local/lib/python3.12/site-packages/airflow/example_dags/example_latest_only.py for tasks to queue
[2026-08-24T14:35:54.403+0000] {logging_mixin.py:188} INFO - [2026-08-24T14:35:54.402+0000] {dagbag.py:545} INFO - Filling up the DagBag from /home/airflow/.local/lib/python3.12/site-packages/airflow/example_dags/example_latest_only.py
[2026-08-24T14:35:54.412+0000] {processor.py:840} INFO - DAG(s) 'latest_only' retrieved from /home/airflow/.local/lib/python3.12/site-packages/airflow/example_dags/example_latest_only.py
[2026-08-24T14:35:54.440+0000] {logging_mixin.py:188} INFO - [2026-08-24T14:35:54.440+0000] {dag.py:3096} INFO - Sync 1 DAGs
[2026-08-24T14:35:54.474+0000] {logging_mixin.py:188} INFO - [2026-08-24T14:35:54.473+0000] {dag.py:3954} INFO - Setting next_dagrun for latest_only to 2026-08-24 08:00:00+00:00, run_after=2026-08-24 12:00:00+00:00
[2026-08-24T14:35:54.500+0000] {processor.py:183} INFO - Processing /home/airflow/.local/lib/python3.12/site-packages/airflow/example_dags/example_latest_only.py took 0.111 seconds
[2026-08-24T14:36:25.415+0000] {processor.py:161} INFO - Started process (PID=225) to work on /home/airflow/.local/lib/python3.12/site-packages/airflow/example_dags/example_latest_only.py
[2026-08-24T14:36:25.416+0000] {processor.py:830} INFO - Processing file /home/airflow/.local/lib/python3.12/site-packages/airflow/example_dags/example_latest_only.py for tasks to queue
[2026-08-24T14:36:25.419+0000] {logging_mixin.py:188} INFO - [2026-08-24T14:36:25.419+0000] {dagbag.py:545} INFO - Filling up the DagBag from /home/airflow/.local/lib/python3.12/site-packages/airflow/example_dags/example_latest_only.py
[2026-08-24T14:36:25.425+0000] {processor.py:840} INFO - DAG(s) 'latest_only' retrieved from /home/airflow/.local/lib/python3.12/site-packages/airflow/example_dags/example_latest_only.py
[2026-08-24T14:36:25.450+0000] {logging_mixin.py:188} INFO - [2026-08-24T14:36:25.450+0000] {dag.py:3096} INFO - Sync 1 DAGs
[2026-08-24T14:36:25.477+0000] {logging_mixin.py:188} INFO - [2026-08-24T14:36:25.477+0000] {dag.py:3954} INFO - Setting next_dagrun for latest_only to 2026-08-24 08:00:00+00:00, run_after=2026-08-24 12:00:00+00:00
[2026-08-24T14:36:25.501+0000] {processor.py:183} INFO - Processing /home/airflow/.local/lib/python3.12/site-packages/airflow/example_dags/example_latest_only.py took 0.093 seconds
[2026-08-24T14:36:56.184+0000] {processor.py:161} INFO - Started process (PID=285) to work on /home/airflow/.local/lib/python3.12/site-packages/airflow/example_dags/example_latest_only.py
[2026-08-24T14:36:56.186+0000] {processor.py:830} INFO - Processing file /home/airflow/.local/lib/python3.12/site-packages/airflow/example_dags/example_latest_only.py for tasks to queue
[2026-08-24T14:36:56.189+0000] {logging_mixin.py:188} INFO - [2026-08-24T14:36:56.188+0000] {dagbag.py:545} INFO - Filling up the DagBag from /home/airflow/.local/lib/python3.12/site-packages/airflow/example_dags/example_latest_only.py
[2026-08-24T14:36:56.199+0000] {processor.py:840} INFO - DAG(s) 'latest_only' retrieved from /home/airflow/.local/lib/python3.12/site-packages/airflow/example_dags/example_latest_only.py
[2026-08-24T14:36:56.241+0000] {logging_mixin.py:188} INFO - [2026-08-24T14:36:56.241+0000] {dag.py:3096} INFO - Sync 1 DAGs
[2026-08-24T14:36:56.292+0000] {logging_mixin.py:188} INFO - [2026-08-24T14:36:56.291+0000] {dag.py:3954} INFO - Setting next_dagrun for latest_only to 2026-08-24 08:00:00+00:00, run_after=2026-08-24 12:00:00+00:00
[2026-08-24T14:36:56.329+0000] {processor.py:183} INFO - Processing /home/airflow/.local/lib/python3.12/site-packages/airflow/example_dags/example_latest_only.py took 0.156 seconds
[2026-08-24T14:37:26.684+0000] {processor.py:161} INFO - Started process (PID=345) to work on /home/airflow/.local/lib/python3.12/site-packages/airflow/example_dags/example_latest_only.py
[2026-08-24T14:37:26.686+0000] {processor.py:830} INFO - Processing file /home/airflow/.local/lib/python3.12/site-packages/airflow/example_dags/example_latest_only.py for tasks to queue
[2026-08-24T14:37:26.688+0000] {logging_mixin.py:188} INFO - [2026-08-24T14:37:26.688+0000] {dagbag.py:545} INFO - Filling up the DagBag from /home/airflow/.local/lib/python3.12/site-packages/airflow/example_dags/example_latest_only.py
[2026-08-24T14:37:26.696+0000] {processor.py:840} INFO - DAG(s) 'latest_only' retrieved from /home/airflow/.local/lib/python3.12/site-packages/airflow/example_dags/example_latest_only.py
[2026-08-24T14:37:26.729+0000] {logging_mixin.py:188} INFO - [2026-08-24T14:37:26.729+0000] {dag.py:3096} INFO - Sync 1 DAGs
[2026-08-24T14:37:26.765+0000] {logging_mixin.py:188} INFO - [2026-08-24T14:37:26.765+0000] {dag.py:3954} INFO - Setting next_dagrun for latest_only to 2026-08-24 08:00:00+00:00, run_after=2026-08-24 12:00:00+00:00
[2026-08-24T14:37:26.797+0000] {processor.py:183} INFO - Processing /home/airflow/.local/lib/python3.12/site-packages/airflow/example_dags/example_latest_only.py took 0.123 seconds
[2026-08-24T14:37:57.216+0000] {processor.py:161} INFO - Started process (PID=405) to work on /home/airflow/.local/lib/python3.12/site-packages/airflow/example_dags/example_latest_only.py
[2026-08-24T14:37:57.217+0000] {processor.py:830} INFO - Processing file /home/airflow/.local/lib/python3.12/site-packages/airflow/example_dags/example_latest_only.py for tasks to queue
[2026-08-24T14:37:57.220+0000] {logging_mixin.py:188} INFO - [2026-08-24T14:37:57.219+0000] {dagbag.py:545} INFO - Filling up the DagBag from /home/airflow/.local/lib/python3.12/site-packages/airflow/example_dags/example_latest_only.py
[2026-08-24T14:37:57.227+0000] {processor.py:840} INFO - DAG(s) 'latest_only' retrieved from /home/airflow/.local/lib/python3.12/site-packages/airflow/example_dags/example_latest_only.py
[2026-08-24T14:37:57.254+0000] {logging_mixin.py:188} INFO - [2026-08-24T14:37:57.253+0000] {dag.py:3096} INFO - Sync 1 DAGs
[2026-08-24T14:37:57.283+0000] {logging_mixin.py:188} INFO - [2026-08-24T14:37:57.282+0000] {dag.py:3954} INFO - Setting next_dagrun for latest_only to 2026-08-24 08:00:00+00:00, run_after=2026-08-24 12:00:00+00:00
[2026-08-24T14:37:57.322+0000] {processor.py:183} INFO - Processing /home/airflow/.local/lib/python3.12/site-packages/airflow/example_dags/example_latest_only.py took 0.114 seconds
[2026-08-24T14:38:27.817+0000] {processor.py:161} INFO - Started process (PID=466) to work on /home/airflow/.local/lib/python3.12/site-packages/airflow/example_dags/example_latest_only.py
[2026-08-24T14:38:27.818+0000] {processor.py:830} INFO - Processing file /home/airflow/.local/lib/python3.12/site-packages/airflow/example_dags/example_latest_only.py for tasks to queue
[2026-08-24T14:38:27.821+0000] {logging_mixin.py:188} INFO - [2026-08-24T14:38:27.821+0000] {dagbag.py:545} INFO - Filling up the DagBag from /home/airflow/.local/lib/python3.12/site-packages/airflow/example_dags/example_latest_only.py
[2026-08-24T14:38:27.828+0000] {processor.py:840} INFO - DAG(s) 'latest_only' retrieved from /home/airflow/.local/lib/python3.12/site-packages/airflow/example_dags/example_latest_only.py
[2026-08-24T14:38:27.856+0000] {logging_mixin.py:188} INFO - [2026-08-24T14:38:27.856+0000] {dag.py:3096} INFO - Sync 1 DAGs
[2026-08-24T14:38:27.885+0000] {logging_mixin.py:188} INFO - [2026-08-24T14:38:27.884+0000] {dag.py:3954} INFO - Setting next_dagrun for latest_only to 2026-08-24 08:00:00+00:00, run_after=2026-08-24 12:00:00+00:00
[2026-08-24T14:38:27.912+0000] {processor.py:183} INFO - Processing /home/airflow/.local/lib/python3.12/site-packages/airflow/example_dags/example_latest_only.py took 0.102 seconds
[2026-08-24T14:38:58.012+0000] {processor.py:161} INFO - Started process (PID=526) to work on /home/airflow/.local/lib/python3.12/site-packages/airflow/example_dags/example_latest_only.py
[2026-08-24T14:38:58.013+0000] {processor.py:830} INFO - Processing file /home/airflow/.local/lib/python3.12/site-packages/airflow/example_dags/example_latest_only.py for tasks to queue
[2026-08-24T14:38:58.015+0000] {logging_mixin.py:188} INFO - [2026-08-24T14:38:58.015+0000] {dagbag.py:545} INFO - Filling up the DagBag from /home/airflow/.local/lib/python3.12/site-packages/airflow/example_dags/example_latest_only.py
[2026-08-24T14:38:58.023+0000] {processor.py:840} INFO - DAG(s) 'latest_only' retrieved from /home/airflow/.local/lib/python3.12/site-packages/airflow/example_dags/example_latest_only.py
[2026-08-24T14:38:58.048+0000] {logging_mixin.py:188} INFO - [2026-08-24T14:38:58.048+0000] {dag.py:3096} INFO - Sync 1 DAGs
[2026-08-24T14:38:58.076+0000] {logging_mixin.py:188} INFO - [2026-08-24T14:38:58.076+0000] {dag.py:3954} INFO - Setting next_dagrun for latest_only to 2026-08-24 08:00:00+00:00, run_after=2026-08-24 12:00:00+00:00
[2026-08-24T14:38:58.099+0000] {processor.py:183} INFO - Processing /home/airflow/.local/lib/python3.12/site-packages/airflow/example_dags/example_latest_only.py took 0.095 seconds
[2026-08-24T14:41:15.336+0000] {processor.py:161} INFO - Started process (PID=105) to work on /home/airflow/.local/lib/python3.12/site-packages/airflow/example_dags/example_latest_only.py
[2026-08-24T14:41:15.338+0000] {processor.py:830} INFO - Processing file /home/airflow/.local/lib/python3.12/site-packages/airflow/example_dags/example_latest_only.py for tasks to queue
[2026-08-24T14:41:15.341+0000] {logging_mixin.py:188} INFO - [2026-08-24T14:41:15.340+0000] {dagbag.py:545} INFO - Filling up the DagBag from /home/airflow/.local/lib/python3.12/site-packages/airflow/example_dags/example_latest_only.py
[2026-08-24T14:41:15.352+0000] {processor.py:840} INFO - DAG(s) 'latest_only' retrieved from /home/airflow/.local/lib/python3.12/site-packages/airflow/example_dags/example_latest_only.py
[2026-08-24T14:41:15.367+0000] {logging_mixin.py:188} INFO - [2026-08-24T14:41:15.366+0000] {dag.py:3096} INFO - Sync 1 DAGs
[2026-08-24T14:41:15.400+0000] {logging_mixin.py:188} INFO - [2026-08-24T14:41:15.400+0000] {dag.py:3954} INFO - Setting next_dagrun for latest_only to 2026-08-24 08:00:00+00:00, run_after=2026-08-24 12:00:00+00:00
[2026-08-24T14:41:15.429+0000] {processor.py:183} INFO - Processing /home/airflow/.local/lib/python3.12/site-packages/airflow/example_dags/example_latest_only.py took 0.101 seconds
[2026-08-24T14:41:45.527+0000] {processor.py:161} INFO - Started process (PID=163) to work on /home/airflow/.local/lib/python3.12/site-packages/airflow/example_dags/example_latest_only.py
[2026-08-24T14:41:45.528+0000] {processor.py:830} INFO - Processing file /home/airflow/.local/lib/python3.12/site-packages/airflow/example_dags/example_latest_only.py for tasks to queue
[2026-08-24T14:41:45.531+0000] {logging_mixin.py:188} INFO - [2026-08-24T14:41:45.530+0000] {dagbag.py:545} INFO - Filling up the DagBag from /home/airflow/.local/lib/python3.12/site-packages/airflow/example_dags/example_latest_only.py
[2026-08-24T14:41:45.537+0000] {processor.py:840} INFO - DAG(s) 'latest_only' retrieved from /home/airflow/.local/lib/python3.12/site-packages/airflow/example_dags/example_latest_only.py
[2026-08-24T14:41:45.666+0000] {logging_mixin.py:188} INFO - [2026-08-24T14:41:45.666+0000] {dag.py:3096} INFO - Sync 1 DAGs
[2026-08-24T14:41:45.692+0000] {logging_mixin.py:188} INFO - [2026-08-24T14:41:45.692+0000] {dag.py:3954} INFO - Setting next_dagrun for latest_only to 2026-08-24 08:00:00+00:00, run_after=2026-08-24 12:00:00+00:00
[2026-08-24T14:41:45.718+0000] {processor.py:183} INFO - Processing /home/airflow/.local/lib/python3.12/site-packages/airflow/example_dags/example_latest_only.py took 0.198 seconds
[2026-08-24T14:42:16.559+0000] {processor.py:161} INFO - Started process (PID=229) to work on /home/airflow/.local/lib/python3.12/site-packages/airflow/example_dags/example_latest_only.py
[2026-08-24T14:42:16.561+0000] {processor.py:830} INFO - Processing file /home/airflow/.local/lib/python3.12/site-packages/airflow/example_dags/example_latest_only.py for tasks to queue
[2026-08-24T14:42:16.563+0000] {logging_mixin.py:188} INFO - [2026-08-24T14:42:16.563+0000] {dagbag.py:545} INFO - Filling up the DagBag from /home/airflow/.local/lib/python3.12/site-packages/airflow/example_dags/example_latest_only.py
[2026-08-24T14:42:16.569+0000] {processor.py:840} INFO - DAG(s) 'latest_only' retrieved from /home/airflow/.local/lib/python3.12/site-packages/airflow/example_dags/example_latest_only.py
[2026-08-24T14:42:16.595+0000] {logging_mixin.py:188} INFO - [2026-08-24T14:42:16.594+0000] {dag.py:3096} INFO - Sync 1 DAGs
[2026-08-24T14:42:16.623+0000] {logging_mixin.py:188} INFO - [2026-08-24T14:42:16.623+0000] {dag.py:3954} INFO - Setting next_dagrun for latest_only to 2026-08-24 08:00:00+00:00, run_after=2026-08-24 12:00:00+00:00
[2026-08-24T14:42:16.657+0000] {processor.py:183} INFO - Processing /home/airflow/.local/lib/python3.12/site-packages/airflow/example_dags/example_latest_only.py took 0.105 seconds
[2026-08-24T14:42:46.767+0000] {processor.py:161} INFO - Started process (PID=289) to work on /home/airflow/.local/lib/python3.12/site-packages/airflow/example_dags/example_latest_only.py
[2026-08-24T14:42:46.768+0000] {processor.py:830} INFO - Processing file /home/airflow/.local/lib/python3.12/site-packages/airflow/example_dags/example_latest_only.py for tasks to queue
[2026-08-24T14:42:46.771+0000] {logging_mixin.py:188} INFO - [2026-08-24T14:42:46.771+0000] {dagbag.py:545} INFO - Filling up the DagBag from /home/airflow/.local/lib/python3.12/site-packages/airflow/example_dags/example_latest_only.py
[2026-08-24T14:42:46.777+0000] {processor.py:840} INFO - DAG(s) 'latest_only' retrieved from /home/airflow/.local/lib/python3.12/site-packages/airflow/example_dags/example_latest_only.py
[2026-08-24T14:42:46.806+0000] {logging_mixin.py:188} INFO - [2026-08-24T14:42:46.805+0000] {dag.py:3096} INFO - Sync 1 DAGs
[2026-08-24T14:42:46.835+0000] {logging_mixin.py:188} INFO - [2026-08-24T14:42:46.835+0000] {dag.py:3954} INFO - Setting next_dagrun for latest_only to 2026-08-24 08:00:00+00:00, run_after=2026-08-24 12:00:00+00:00
[2026-08-24T14:42:46.867+0000] {processor.py:183} INFO - Processing /home/airflow/.local/lib/python3.12/site-packages/airflow/example_dags/example_latest_only.py took 0.111 seconds
[2026-08-24T14:43:17.165+0000] {processor.py:161} INFO - Started process (PID=349) to work on /home/airflow/.local/lib/python3.12/site-packages/airflow/example_dags/example_latest_only.py
[2026-08-24T14:43:17.166+0000] {processor.py:830} INFO - Processing file /home/airflow/.local/lib/python3.12/site-packages/airflow/example_dags/example_latest_only.py for tasks to queue
[2026-08-24T14:43:17.169+0000] {logging_mixin.py:188} INFO - [2026-08-24T14:43:17.168+0000] {dagbag.py:545} INFO - Filling up the DagBag from /home/airflow/.local/lib/python3.12/site-packages/airflow/example_dags/example_latest_only.py
[2026-08-24T14:43:17.175+0000] {processor.py:840} INFO - DAG(s) 'latest_only' retrieved from /home/airflow/.local/lib/python3.12/site-packages/airflow/example_dags/example_latest_only.py
[2026-08-24T14:43:17.202+0000] {logging_mixin.py:188} INFO - [2026-08-24T14:43:17.202+0000] {dag.py:3096} INFO - Sync 1 DAGs
[2026-08-24T14:43:17.232+0000] {logging_mixin.py:188} INFO - [2026-08-24T14:43:17.232+0000] {dag.py:3954} INFO - Setting next_dagrun for latest_only to 2026-08-24 08:00:00+00:00, run_after=2026-08-24 12:00:00+00:00
[2026-08-24T14:43:17.258+0000] {processor.py:183} INFO - Processing /home/airflow/.local/lib/python3.12/site-packages/airflow/example_dags/example_latest_only.py took 0.101 seconds
[2026-08-24T14:43:47.679+0000] {processor.py:161} INFO - Started process (PID=409) to work on /home/airflow/.local/lib/python3.12/site-packages/airflow/example_dags/example_latest_only.py
[2026-08-24T14:43:47.681+0000] {processor.py:830} INFO - Processing file /home/airflow/.local/lib/python3.12/site-packages/airflow/example_dags/example_latest_only.py for tasks to queue
[2026-08-24T14:43:47.683+0000] {logging_mixin.py:188} INFO - [2026-08-24T14:43:47.683+0000] {dagbag.py:545} INFO - Filling up the DagBag from /home/airflow/.local/lib/python3.12/site-packages/airflow/example_dags/example_latest_only.py
[2026-08-24T14:43:47.690+0000] {processor.py:840} INFO - DAG(s) 'latest_only' retrieved from /home/airflow/.local/lib/python3.12/site-packages/airflow/example_dags/example_latest_only.py
[2026-08-24T14:43:47.716+0000] {logging_mixin.py:188} INFO - [2026-08-24T14:43:47.715+0000] {dag.py:3096} INFO - Sync 1 DAGs
[2026-08-24T14:43:47.744+0000] {logging_mixin.py:188} INFO - [2026-08-24T14:43:47.743+0000] {dag.py:3954} INFO - Setting next_dagrun for latest_only to 2026-08-24 08:00:00+00:00, run_after=2026-08-24 12:00:00+00:00
[2026-08-24T14:43:47.768+0000] {processor.py:183} INFO - Processing /home/airflow/.local/lib/python3.12/site-packages/airflow/example_dags/example_latest_only.py took 0.099 seconds
[2026-08-24T14:44:18.159+0000] {processor.py:161} INFO - Started process (PID=469) to work on /home/airflow/.local/lib/python3.12/site-packages/airflow/example_dags/example_latest_only.py
[2026-08-24T14:44:18.161+0000] {processor.py:830} INFO - Processing file /home/airflow/.local/lib/python3.12/site-packages/airflow/example_dags/example_latest_only.py for tasks to queue
[2026-08-24T14:44:18.165+0000] {logging_mixin.py:188} INFO - [2026-08-24T14:44:18.164+0000] {dagbag.py:545} INFO - Filling up the DagBag from /home/airflow/.local/lib/python3.12/site-packages/airflow/example_dags/example_latest_only.py
[2026-08-24T14:44:18.172+0000] {processor.py:840} INFO - DAG(s) 'latest_only' retrieved from /home/airflow/.local/lib/python3.12/site-packages/airflow/example_dags/example_latest_only.py
[2026-08-24T14:44:18.215+0000] {logging_mixin.py:188} INFO - [2026-08-24T14:44:18.214+0000] {dag.py:3096} INFO - Sync 1 DAGs
[2026-08-24T14:44:18.261+0000] {logging_mixin.py:188} INFO - [2026-08-24T14:44:18.260+0000] {dag.py:3954} INFO - Setting next_dagrun for latest_only to 2026-08-24 08:00:00+00:00, run_after=2026-08-24 12:00:00+00:00
[2026-08-24T14:44:18.291+0000] {processor.py:183} INFO - Processing /home/airflow/.local/lib/python3.12/site-packages/airflow/example_dags/example_latest_only.py took 0.144 seconds
[2026-08-24T14:44:48.556+0000] {processor.py:161} INFO - Started process (PID=529) to work on /home/airflow/.local/lib/python3.12/site-packages/airflow/example_dags/example_latest_only.py
[2026-08-24T14:44:48.557+0000] {processor.py:830} INFO - Processing file /home/airflow/.local/lib/python3.12/site-packages/airflow/example_dags/example_latest_only.py for tasks to queue
[2026-08-24T14:44:48.559+0000] {logging_mixin.py:188} INFO - [2026-08-24T14:44:48.559+0000] {dagbag.py:545} INFO - Filling up the DagBag from /home/airflow/.local/lib/python3.12/site-packages/airflow/example_dags/example_latest_only.py
[2026-08-24T14:44:48.566+0000] {processor.py:840} INFO - DAG(s) 'latest_only' retrieved from /home/airflow/.local/lib/python3.12/site-packages/airflow/example_dags/example_latest_only.py
[2026-08-24T14:44:48.594+0000] {logging_mixin.py:188} INFO - [2026-08-24T14:44:48.593+0000] {dag.py:3096} INFO - Sync 1 DAGs
[2026-08-24T14:44:48.626+0000] {logging_mixin.py:188} INFO - [2026-08-24T14:44:48.626+0000] {dag.py:3954} INFO - Setting next_dagrun for latest_only to 2026-08-24 08:00:00+00:00, run_after=2026-08-24 12:00:00+00:00
[2026-08-24T14:44:48.655+0000] {processor.py:183} INFO - Processing /home/airflow/.local/lib/python3.12/site-packages/airflow/example_dags/example_latest_only.py took 0.108 seconds
[2026-08-24T14:49:18.465+0000] {processor.py:161} INFO - Started process (PID=106) to work on /home/airflow/.local/lib/python3.12/site-packages/airflow/example_dags/example_latest_only.py
[2026-08-24T14:49:18.467+0000] {processor.py:830} INFO - Processing file /home/airflow/.local/lib/python3.12/site-packages/airflow/example_dags/example_latest_only.py for tasks to queue
[2026-08-24T14:49:18.471+0000] {logging_mixin.py:188} INFO - [2026-08-24T14:49:18.470+0000] {dagbag.py:545} INFO - Filling up the DagBag from /home/airflow/.local/lib/python3.12/site-packages/airflow/example_dags/example_latest_only.py
[2026-08-24T14:49:18.486+0000] {processor.py:840} INFO - DAG(s) 'latest_only' retrieved from /home/airflow/.local/lib/python3.12/site-packages/airflow/example_dags/example_latest_only.py
[2026-08-24T14:49:18.651+0000] {logging_mixin.py:188} INFO - [2026-08-24T14:49:18.650+0000] {dag.py:3096} INFO - Sync 1 DAGs
[2026-08-24T14:49:18.679+0000] {logging_mixin.py:188} INFO - [2026-08-24T14:49:18.679+0000] {dag.py:3954} INFO - Setting next_dagrun for latest_only to 2026-08-24 08:00:00+00:00, run_after=2026-08-24 12:00:00+00:00
[2026-08-24T14:49:18.711+0000] {processor.py:183} INFO - Processing /home/airflow/.local/lib/python3.12/site-packages/airflow/example_dags/example_latest_only.py took 0.258 seconds
[2026-08-24T14:50:15.150+0000] {processor.py:161} INFO - Started process (PID=90) to work on /home/airflow/.local/lib/python3.12/site-packages/airflow/example_dags/example_latest_only.py
[2026-08-24T14:50:15.151+0000] {processor.py:830} INFO - Processing file /home/airflow/.local/lib/python3.12/site-packages/airflow/example_dags/example_latest_only.py for tasks to queue
[2026-08-24T14:50:15.154+0000] {logging_mixin.py:188} INFO - [2026-08-24T14:50:15.154+0000] {dagbag.py:545} INFO - Filling up the DagBag from /home/airflow/.local/lib/python3.12/site-packages/airflow/example_dags/example_latest_only.py
[2026-08-24T14:50:15.164+0000] {processor.py:840} INFO - DAG(s) 'latest_only' retrieved from /home/airflow/.local/lib/python3.12/site-packages/airflow/example_dags/example_latest_only.py
[2026-08-24T14:50:15.205+0000] {logging_mixin.py:188} INFO - [2026-08-24T14:50:15.205+0000] {dag.py:3096} INFO - Sync 1 DAGs
[2026-08-24T14:50:15.235+0000] {logging_mixin.py:188} INFO - [2026-08-24T14:50:15.235+0000] {dag.py:3954} INFO - Setting next_dagrun for latest_only to 2026-08-24 08:00:00+00:00, run_after=2026-08-24 12:00:00+00:00
[2026-08-24T14:50:15.258+0000] {processor.py:183} INFO - Processing /home/airflow/.local/lib/python3.12/site-packages/airflow/example_dags/example_latest_only.py took 0.117 seconds
[2026-08-24T14:50:46.358+0000] {processor.py:161} INFO - Started process (PID=150) to work on /home/airflow/.local/lib/python3.12/site-packages/airflow/example_dags/example_latest_only.py
[2026-08-24T14:50:46.359+0000] {processor.py:830} INFO - Processing file /home/airflow/.local/lib/python3.12/site-packages/airflow/example_dags/example_latest_only.py for tasks to queue
[2026-08-24T14:50:46.361+0000] {logging_mixin.py:188} INFO - [2026-08-24T14:50:46.361+0000] {dagbag.py:545} INFO - Filling up the DagBag from /home/airflow/.local/lib/python3.12/site-packages/airflow/example_dags/example_latest_only.py
[2026-08-24T14:50:46.368+0000] {processor.py:840} INFO - DAG(s) 'latest_only' retrieved from /home/airflow/.local/lib/python3.12/site-packages/airflow/example_dags/example_latest_only.py
[2026-08-24T14:50:46.397+0000] {logging_mixin.py:188} INFO - [2026-08-24T14:50:46.396+0000] {dag.py:3096} INFO - Sync 1 DAGs
[2026-08-24T14:50:46.426+0000] {logging_mixin.py:188} INFO - [2026-08-24T14:50:46.426+0000] {dag.py:3954} INFO - Setting next_dagrun for latest_only to 2026-08-24 08:00:00+00:00, run_after=2026-08-24 12:00:00+00:00
[2026-08-24T14:50:46.463+0000] {processor.py:183} INFO - Processing /home/airflow/.local/lib/python3.12/site-packages/airflow/example_dags/example_latest_only.py took 0.113 seconds
[2026-08-24T14:51:16.531+0000] {processor.py:161} INFO - Started process (PID=209) to work on /home/airflow/.local/lib/python3.12/site-packages/airflow/example_dags/example_latest_only.py
[2026-08-24T14:51:16.533+0000] {processor.py:830} INFO - Processing file /home/airflow/.local/lib/python3.12/site-packages/airflow/example_dags/example_latest_only.py for tasks to queue
[2026-08-24T14:51:16.535+0000] {logging_mixin.py:188} INFO - [2026-08-24T14:51:16.535+0000] {dagbag.py:545} INFO - Filling up the DagBag from /home/airflow/.local/lib/python3.12/site-packages/airflow/example_dags/example_latest_only.py
[2026-08-24T14:51:16.542+0000] {processor.py:840} INFO - DAG(s) 'latest_only' retrieved from /home/airflow/.local/lib/python3.12/site-packages/airflow/example_dags/example_latest_only.py
[2026-08-24T14:51:16.569+0000] {logging_mixin.py:188} INFO - [2026-08-24T14:51:16.569+0000] {dag.py:3096} INFO - Sync 1 DAGs
[2026-08-24T14:51:16.596+0000] {logging_mixin.py:188} INFO - [2026-08-24T14:51:16.596+0000] {dag.py:3954} INFO - Setting next_dagrun for latest_only to 2026-08-24 08:00:00+00:00, run_after=2026-08-24 12:00:00+00:00
[2026-08-24T14:51:16.620+0000] {processor.py:183} INFO - Processing /home/airflow/.local/lib/python3.12/site-packages/airflow/example_dags/example_latest_only.py took 0.096 seconds
