[2026-08-24T13:51:00.530+0000] {processor.py:161} INFO - Started process (PID=94) to work on /home/airflow/.local/lib/python3.12/site-packages/airflow/example_dags/example_dynamic_task_mapping.py
[2026-08-24T13:51:00.532+0000] {processor.py:830} INFO - Processing file /home/airflow/.local/lib/python3.12/site-packages/airflow/example_dags/example_dynamic_task_mapping.py for tasks to queue
[2026-08-24T13:51:00.536+0000] {logging_mixin.py:188} INFO - [2026-08-24T13:51:00.536+0000] {dagbag.py:545} INFO - Filling up the DagBag from /home/airflow/.local/lib/python3.12/site-packages/airflow/example_dags/example_dynamic_task_mapping.py
[2026-08-24T13:51:00.558+0000] {processor.py:840} INFO - DAG(s) 'example_dynamic_task_mapping' retrieved from /home/airflow/.local/lib/python3.12/site-packages/airflow/example_dags/example_dynamic_task_mapping.py
[2026-08-24T13:51:00.754+0000] {logging_mixin.py:188} INFO - [2026-08-24T13:51:00.754+0000] {dag.py:3096} INFO - Sync 1 DAGs
[2026-08-24T13:51:00.795+0000] {logging_mixin.py:188} INFO - [2026-08-24T13:51:00.795+0000] {dag.py:3954} INFO - Setting next_dagrun for example_dynamic_task_mapping to 2022-03-04 00:00:00+00:00, run_after=2022-03-05 00:00:00+00:00
[2026-08-24T13:51:00.826+0000] {processor.py:183} INFO - Processing /home/airflow/.local/lib/python3.12/site-packages/airflow/example_dags/example_dynamic_task_mapping.py took 0.308 seconds
[2026-08-24T13:51:42.346+0000] {processor.py:161} INFO - Started process (PID=75) to work on /home/airflow/.local/lib/python3.12/site-packages/airflow/example_dags/example_dynamic_task_mapping.py
[2026-08-24T13:51:42.347+0000] {processor.py:830} INFO - Processing file /home/airflow/.local/lib/python3.12/site-packages/airflow/example_dags/example_dynamic_task_mapping.py for tasks to queue
[2026-08-24T13:51:42.350+0000] {logging_mixin.py:188} INFO - [2026-08-24T13:51:42.349+0000] {dagbag.py:545} INFO - Filling up the DagBag from /home/airflow/.local/lib/python3.12/site-packages/airflow/example_dags/example_dynamic_task_mapping.py
[2026-08-24T13:51:42.361+0000] {processor.py:840} INFO - DAG(s) 'example_dynamic_task_mapping' retrieved from /home/airflow/.local/lib/python3.12/site-packages/airflow/example_dags/example_dynamic_task_mapping.py
[2026-08-24T13:51:42.391+0000] {logging_mixin.py:188} INFO - [2026-08-24T13:51:42.391+0000] {dag.py:3096} INFO - Sync 1 DAGs
[2026-08-24T13:51:42.422+0000] {logging_mixin.py:188} INFO - [2026-08-24T13:51:42.421+0000] {dag.py:3954} INFO - Setting next_dagrun for example_dynamic_task_mapping to 2022-03-04 00:00:00+00:00, run_after=2022-03-05 00:00:00+00:00
[2026-08-24T13:51:42.443+0000] {processor.py:183} INFO - Processing /home/airflow/.local/lib/python3.12/site-packages/airflow/example_dags/example_dynamic_task_mapping.py took 0.104 seconds
[2026-08-24T13:52:12.951+0000] {processor.py:161} INFO - Started process (PID=134) to work on /home/airflow/.local/lib/python3.12/site-packages/airflow/example_dags/example_dynamic_task_mapping.py
[2026-08-24T13:52:12.952+0000] {processor.py:830} INFO - Processing file /home/airflow/.local/lib/python3.12/site-packages/airflow/example_dags/example_dynamic_task_mapping.py for tasks to queue
[2026-08-24T13:52:12.954+0000] {logging_mixin.py:188} INFO - [2026-08-24T13:52:12.954+0000] {dagbag.py:545} INFO - Filling up the DagBag from /home/airflow/.local/lib/python3.12/site-packages/airflow/example_dags/example_dynamic_task_mapping.py
[2026-08-24T13:52:12.963+0000] {processor.py:840} INFO - DAG(s) 'example_dynamic_task_mapping' retrieved from /home/airflow/.local/lib/python3.12/site-packages/airflow/example_dags/example_dynamic_task_mapping.py
[2026-08-24T13:52:12.986+0000] {logging_mixin.py:188} INFO - [2026-08-24T13:52:12.986+0000] {dag.py:3096} INFO - Sync 1 DAGs
[2026-08-24T13:52:13.016+0000] {logging_mixin.py:188} INFO - [2026-08-24T13:52:13.015+0000] {dag.py:3954} INFO - Setting next_dagrun for example_dynamic_task_mapping to 2022-03-04 00:00:00+00:00, run_after=2022-03-05 00:00:00+00:00
[2026-08-24T13:52:13.038+0000] {processor.py:183} INFO - Processing /home/airflow/.local/lib/python3.12/site-packages/airflow/example_dags/example_dynamic_task_mapping.py took 0.094 seconds
[2026-08-24T13:52:43.341+0000] {processor.py:161} INFO - Started process (PID=193) to work on /home/airflow/.local/lib/python3.12/site-packages/airflow/example_dags/example_dynamic_task_mapping.py
[2026-08-24T13:52:43.343+0000] {processor.py:830} INFO - Processing file /home/airflow/.local/lib/python3.12/site-packages/airflow/example_dags/example_dynamic_task_mapping.py for tasks to queue
[2026-08-24T13:52:43.347+0000] {logging_mixin.py:188} INFO - [2026-08-24T13:52:43.346+0000] {dagbag.py:545} INFO - Filling up the DagBag from /home/airflow/.local/lib/python3.12/site-packages/airflow/example_dags/example_dynamic_task_mapping.py
[2026-08-24T13:52:43.360+0000] {processor.py:840} INFO - DAG(s) 'example_dynamic_task_mapping' retrieved from /home/airflow/.local/lib/python3.12/site-packages/airflow/example_dags/example_dynamic_task_mapping.py
[2026-08-24T13:52:43.390+0000] {logging_mixin.py:188} INFO - [2026-08-24T13:52:43.390+0000] {dag.py:3096} INFO - Sync 1 DAGs
[2026-08-24T13:52:43.430+0000] {logging_mixin.py:188} INFO - [2026-08-24T13:52:43.429+0000] {dag.py:3954} INFO - Setting next_dagrun for example_dynamic_task_mapping to 2022-03-04 00:00:00+00:00, run_after=2022-03-05 00:00:00+00:00
[2026-08-24T13:52:43.462+0000] {processor.py:183} INFO - Processing /home/airflow/.local/lib/python3.12/site-packages/airflow/example_dags/example_dynamic_task_mapping.py took 0.131 seconds
[2026-08-24T13:53:13.539+0000] {processor.py:161} INFO - Started process (PID=252) to work on /home/airflow/.local/lib/python3.12/site-packages/airflow/example_dags/example_dynamic_task_mapping.py
[2026-08-24T13:53:13.540+0000] {processor.py:830} INFO - Processing file /home/airflow/.local/lib/python3.12/site-packages/airflow/example_dags/example_dynamic_task_mapping.py for tasks to queue
[2026-08-24T13:53:13.542+0000] {logging_mixin.py:188} INFO - [2026-08-24T13:53:13.542+0000] {dagbag.py:545} INFO - Filling up the DagBag from /home/airflow/.local/lib/python3.12/site-packages/airflow/example_dags/example_dynamic_task_mapping.py
[2026-08-24T13:53:13.551+0000] {processor.py:840} INFO - DAG(s) 'example_dynamic_task_mapping' retrieved from /home/airflow/.local/lib/python3.12/site-packages/airflow/example_dags/example_dynamic_task_mapping.py
[2026-08-24T13:53:13.576+0000] {logging_mixin.py:188} INFO - [2026-08-24T13:53:13.575+0000] {dag.py:3096} INFO - Sync 1 DAGs
[2026-08-24T13:53:13.605+0000] {logging_mixin.py:188} INFO - [2026-08-24T13:53:13.605+0000] {dag.py:3954} INFO - Setting next_dagrun for example_dynamic_task_mapping to 2022-03-04 00:00:00+00:00, run_after=2022-03-05 00:00:00+00:00
[2026-08-24T13:53:13.627+0000] {processor.py:183} INFO - Processing /home/airflow/.local/lib/python3.12/site-packages/airflow/example_dags/example_dynamic_task_mapping.py took 0.097 seconds
[2026-08-24T13:53:43.971+0000] {processor.py:161} INFO - Started process (PID=311) to work on /home/airflow/.local/lib/python3.12/site-packages/airflow/example_dags/example_dynamic_task_mapping.py
[2026-08-24T13:53:43.973+0000] {processor.py:830} INFO - Processing file /home/airflow/.local/lib/python3.12/site-packages/airflow/example_dags/example_dynamic_task_mapping.py for tasks to queue
[2026-08-24T13:53:43.975+0000] {logging_mixin.py:188} INFO - [2026-08-24T13:53:43.975+0000] {dagbag.py:545} INFO - Filling up the DagBag from /home/airflow/.local/lib/python3.12/site-packages/airflow/example_dags/example_dynamic_task_mapping.py
[2026-08-24T13:53:43.986+0000] {processor.py:840} INFO - DAG(s) 'example_dynamic_task_mapping' retrieved from /home/airflow/.local/lib/python3.12/site-packages/airflow/example_dags/example_dynamic_task_mapping.py
[2026-08-24T13:53:44.010+0000] {logging_mixin.py:188} INFO - [2026-08-24T13:53:44.009+0000] {dag.py:3096} INFO - Sync 1 DAGs
[2026-08-24T13:53:44.042+0000] {logging_mixin.py:188} INFO - [2026-08-24T13:53:44.041+0000] {dag.py:3954} INFO - Setting next_dagrun for example_dynamic_task_mapping to 2022-03-04 00:00:00+00:00, run_after=2022-03-05 00:00:00+00:00
[2026-08-24T13:53:44.066+0000] {processor.py:183} INFO - Processing /home/airflow/.local/lib/python3.12/site-packages/airflow/example_dags/example_dynamic_task_mapping.py took 0.103 seconds
[2026-08-24T13:54:14.437+0000] {processor.py:161} INFO - Started process (PID=370) to work on /home/airflow/.local/lib/python3.12/site-packages/airflow/example_dags/example_dynamic_task_mapping.py
[2026-08-24T13:54:14.438+0000] {processor.py:830} INFO - Processing file /home/airflow/.local/lib/python3.12/site-packages/airflow/example_dags/example_dynamic_task_mapping.py for tasks to queue
[2026-08-24T13:54:14.440+0000] {logging_mixin.py:188} INFO - [2026-08-24T13:54:14.440+0000] {dagbag.py:545} INFO - Filling up the DagBag from /home/airflow/.local/lib/python3.12/site-packages/airflow/example_dags/example_dynamic_task_mapping.py
[2026-08-24T13:54:14.449+0000] {processor.py:840} INFO - DAG(s) 'example_dynamic_task_mapping' retrieved from /home/airflow/.local/lib/python3.12/site-packages/airflow/example_dags/example_dynamic_task_mapping.py
[2026-08-24T13:54:14.473+0000] {logging_mixin.py:188} INFO - [2026-08-24T13:54:14.473+0000] {dag.py:3096} INFO - Sync 1 DAGs
[2026-08-24T13:54:14.501+0000] {logging_mixin.py:188} INFO - [2026-08-24T13:54:14.501+0000] {dag.py:3954} INFO - Setting next_dagrun for example_dynamic_task_mapping to 2022-03-04 00:00:00+00:00, run_after=2022-03-05 00:00:00+00:00
[2026-08-24T13:54:14.527+0000] {processor.py:183} INFO - Processing /home/airflow/.local/lib/python3.12/site-packages/airflow/example_dags/example_dynamic_task_mapping.py took 0.097 seconds
[2026-08-24T13:54:44.994+0000] {processor.py:161} INFO - Started process (PID=429) to work on /home/airflow/.local/lib/python3.12/site-packages/airflow/example_dags/example_dynamic_task_mapping.py
[2026-08-24T13:54:45.005+0000] {processor.py:830} INFO - Processing file /home/airflow/.local/lib/python3.12/site-packages/airflow/example_dags/example_dynamic_task_mapping.py for tasks to queue
[2026-08-24T13:54:45.018+0000] {logging_mixin.py:188} INFO - [2026-08-24T13:54:45.015+0000] {dagbag.py:545} INFO - Filling up the DagBag from /home/airflow/.local/lib/python3.12/site-packages/airflow/example_dags/example_dynamic_task_mapping.py
[2026-08-24T13:54:45.053+0000] {processor.py:840} INFO - DAG(s) 'example_dynamic_task_mapping' retrieved from /home/airflow/.local/lib/python3.12/site-packages/airflow/example_dags/example_dynamic_task_mapping.py
[2026-08-24T13:54:45.097+0000] {logging_mixin.py:188} INFO - [2026-08-24T13:54:45.096+0000] {dag.py:3096} INFO - Sync 1 DAGs
[2026-08-24T13:54:45.173+0000] {logging_mixin.py:188} INFO - [2026-08-24T13:54:45.173+0000] {dag.py:3954} INFO - Setting next_dagrun for example_dynamic_task_mapping to 2022-03-04 00:00:00+00:00, run_after=2022-03-05 00:00:00+00:00
[2026-08-24T13:54:45.216+0000] {processor.py:183} INFO - Processing /home/airflow/.local/lib/python3.12/site-packages/airflow/example_dags/example_dynamic_task_mapping.py took 0.235 seconds
[2026-08-24T13:55:17.074+0000] {processor.py:161} INFO - Started process (PID=494) to work on /home/airflow/.local/lib/python3.12/site-packages/airflow/example_dags/example_dynamic_task_mapping.py
[2026-08-24T13:55:17.076+0000] {processor.py:830} INFO - Processing file /home/airflow/.local/lib/python3.12/site-packages/airflow/example_dags/example_dynamic_task_mapping.py for tasks to queue
[2026-08-24T13:55:17.078+0000] {logging_mixin.py:188} INFO - [2026-08-24T13:55:17.078+0000] {dagbag.py:545} INFO - Filling up the DagBag from /home/airflow/.local/lib/python3.12/site-packages/airflow/example_dags/example_dynamic_task_mapping.py
[2026-08-24T13:55:17.089+0000] {processor.py:840} INFO - DAG(s) 'example_dynamic_task_mapping' retrieved from /home/airflow/.local/lib/python3.12/site-packages/airflow/example_dags/example_dynamic_task_mapping.py
[2026-08-24T13:55:17.253+0000] {logging_mixin.py:188} INFO - [2026-08-24T13:55:17.252+0000] {dag.py:3096} INFO - Sync 1 DAGs
[2026-08-24T13:55:17.313+0000] {logging_mixin.py:188} INFO - [2026-08-24T13:55:17.312+0000] {dag.py:3954} INFO - Setting next_dagrun for example_dynamic_task_mapping to 2022-03-04 00:00:00+00:00, run_after=2022-03-05 00:00:00+00:00
[2026-08-24T13:55:17.400+0000] {processor.py:183} INFO - Processing /home/airflow/.local/lib/python3.12/site-packages/airflow/example_dags/example_dynamic_task_mapping.py took 0.336 seconds
[2026-08-24T13:55:47.626+0000] {processor.py:161} INFO - Started process (PID=553) to work on /home/airflow/.local/lib/python3.12/site-packages/airflow/example_dags/example_dynamic_task_mapping.py
[2026-08-24T13:55:47.627+0000] {processor.py:830} INFO - Processing file /home/airflow/.local/lib/python3.12/site-packages/airflow/example_dags/example_dynamic_task_mapping.py for tasks to queue
[2026-08-24T13:55:47.630+0000] {logging_mixin.py:188} INFO - [2026-08-24T13:55:47.629+0000] {dagbag.py:545} INFO - Filling up the DagBag from /home/airflow/.local/lib/python3.12/site-packages/airflow/example_dags/example_dynamic_task_mapping.py
[2026-08-24T13:55:47.638+0000] {processor.py:840} INFO - DAG(s) 'example_dynamic_task_mapping' retrieved from /home/airflow/.local/lib/python3.12/site-packages/airflow/example_dags/example_dynamic_task_mapping.py
[2026-08-24T13:55:47.663+0000] {logging_mixin.py:188} INFO - [2026-08-24T13:55:47.662+0000] {dag.py:3096} INFO - Sync 1 DAGs
[2026-08-24T13:55:47.692+0000] {logging_mixin.py:188} INFO - [2026-08-24T13:55:47.691+0000] {dag.py:3954} INFO - Setting next_dagrun for example_dynamic_task_mapping to 2022-03-04 00:00:00+00:00, run_after=2022-03-05 00:00:00+00:00
[2026-08-24T13:55:47.716+0000] {processor.py:183} INFO - Processing /home/airflow/.local/lib/python3.12/site-packages/airflow/example_dags/example_dynamic_task_mapping.py took 0.099 seconds
[2026-08-24T13:56:18.072+0000] {processor.py:161} INFO - Started process (PID=612) to work on /home/airflow/.local/lib/python3.12/site-packages/airflow/example_dags/example_dynamic_task_mapping.py
[2026-08-24T13:56:18.073+0000] {processor.py:830} INFO - Processing file /home/airflow/.local/lib/python3.12/site-packages/airflow/example_dags/example_dynamic_task_mapping.py for tasks to queue
[2026-08-24T13:56:18.076+0000] {logging_mixin.py:188} INFO - [2026-08-24T13:56:18.075+0000] {dagbag.py:545} INFO - Filling up the DagBag from /home/airflow/.local/lib/python3.12/site-packages/airflow/example_dags/example_dynamic_task_mapping.py
[2026-08-24T13:56:18.085+0000] {processor.py:840} INFO - DAG(s) 'example_dynamic_task_mapping' retrieved from /home/airflow/.local/lib/python3.12/site-packages/airflow/example_dags/example_dynamic_task_mapping.py
[2026-08-24T13:56:18.108+0000] {logging_mixin.py:188} INFO - [2026-08-24T13:56:18.108+0000] {dag.py:3096} INFO - Sync 1 DAGs
[2026-08-24T13:56:18.135+0000] {logging_mixin.py:188} INFO - [2026-08-24T13:56:18.134+0000] {dag.py:3954} INFO - Setting next_dagrun for example_dynamic_task_mapping to 2022-03-04 00:00:00+00:00, run_after=2022-03-05 00:00:00+00:00
[2026-08-24T13:56:18.157+0000] {processor.py:183} INFO - Processing /home/airflow/.local/lib/python3.12/site-packages/airflow/example_dags/example_dynamic_task_mapping.py took 0.094 seconds
[2026-08-24T13:56:48.971+0000] {processor.py:161} INFO - Started process (PID=671) to work on /home/airflow/.local/lib/python3.12/site-packages/airflow/example_dags/example_dynamic_task_mapping.py
[2026-08-24T13:56:48.973+0000] {processor.py:830} INFO - Processing file /home/airflow/.local/lib/python3.12/site-packages/airflow/example_dags/example_dynamic_task_mapping.py for tasks to queue
[2026-08-24T13:56:48.977+0000] {logging_mixin.py:188} INFO - [2026-08-24T13:56:48.977+0000] {dagbag.py:545} INFO - Filling up the DagBag from /home/airflow/.local/lib/python3.12/site-packages/airflow/example_dags/example_dynamic_task_mapping.py
[2026-08-24T13:56:48.994+0000] {processor.py:840} INFO - DAG(s) 'example_dynamic_task_mapping' retrieved from /home/airflow/.local/lib/python3.12/site-packages/airflow/example_dags/example_dynamic_task_mapping.py
[2026-08-24T13:56:49.027+0000] {logging_mixin.py:188} INFO - [2026-08-24T13:56:49.026+0000] {dag.py:3096} INFO - Sync 1 DAGs
[2026-08-24T13:56:49.064+0000] {logging_mixin.py:188} INFO - [2026-08-24T13:56:49.064+0000] {dag.py:3954} INFO - Setting next_dagrun for example_dynamic_task_mapping to 2022-03-04 00:00:00+00:00, run_after=2022-03-05 00:00:00+00:00
[2026-08-24T13:56:49.096+0000] {processor.py:183} INFO - Processing /home/airflow/.local/lib/python3.12/site-packages/airflow/example_dags/example_dynamic_task_mapping.py took 0.139 seconds
[2026-08-24T13:57:19.974+0000] {processor.py:161} INFO - Started process (PID=731) to work on /home/airflow/.local/lib/python3.12/site-packages/airflow/example_dags/example_dynamic_task_mapping.py
[2026-08-24T13:57:19.976+0000] {processor.py:830} INFO - Processing file /home/airflow/.local/lib/python3.12/site-packages/airflow/example_dags/example_dynamic_task_mapping.py for tasks to queue
[2026-08-24T13:57:19.979+0000] {logging_mixin.py:188} INFO - [2026-08-24T13:57:19.978+0000] {dagbag.py:545} INFO - Filling up the DagBag from /home/airflow/.local/lib/python3.12/site-packages/airflow/example_dags/example_dynamic_task_mapping.py
[2026-08-24T13:57:19.989+0000] {processor.py:840} INFO - DAG(s) 'example_dynamic_task_mapping' retrieved from /home/airflow/.local/lib/python3.12/site-packages/airflow/example_dags/example_dynamic_task_mapping.py
[2026-08-24T13:57:20.015+0000] {logging_mixin.py:188} INFO - [2026-08-24T13:57:20.015+0000] {dag.py:3096} INFO - Sync 1 DAGs
[2026-08-24T13:57:20.043+0000] {logging_mixin.py:188} INFO - [2026-08-24T13:57:20.042+0000] {dag.py:3954} INFO - Setting next_dagrun for example_dynamic_task_mapping to 2022-03-04 00:00:00+00:00, run_after=2022-03-05 00:00:00+00:00
[2026-08-24T13:57:20.069+0000] {processor.py:183} INFO - Processing /home/airflow/.local/lib/python3.12/site-packages/airflow/example_dags/example_dynamic_task_mapping.py took 0.102 seconds
[2026-08-24T13:57:50.633+0000] {processor.py:161} INFO - Started process (PID=790) to work on /home/airflow/.local/lib/python3.12/site-packages/airflow/example_dags/example_dynamic_task_mapping.py
[2026-08-24T13:57:50.635+0000] {processor.py:830} INFO - Processing file /home/airflow/.local/lib/python3.12/site-packages/airflow/example_dags/example_dynamic_task_mapping.py for tasks to queue
[2026-08-24T13:57:50.637+0000] {logging_mixin.py:188} INFO - [2026-08-24T13:57:50.637+0000] {dagbag.py:545} INFO - Filling up the DagBag from /home/airflow/.local/lib/python3.12/site-packages/airflow/example_dags/example_dynamic_task_mapping.py
[2026-08-24T13:57:50.647+0000] {processor.py:840} INFO - DAG(s) 'example_dynamic_task_mapping' retrieved from /home/airflow/.local/lib/python3.12/site-packages/airflow/example_dags/example_dynamic_task_mapping.py
[2026-08-24T13:57:50.674+0000] {logging_mixin.py:188} INFO - [2026-08-24T13:57:50.673+0000] {dag.py:3096} INFO - Sync 1 DAGs
[2026-08-24T13:57:50.701+0000] {logging_mixin.py:188} INFO - [2026-08-24T13:57:50.700+0000] {dag.py:3954} INFO - Setting next_dagrun for example_dynamic_task_mapping to 2022-03-04 00:00:00+00:00, run_after=2022-03-05 00:00:00+00:00
[2026-08-24T13:57:51.224+0000] {processor.py:183} INFO - Processing /home/airflow/.local/lib/python3.12/site-packages/airflow/example_dags/example_dynamic_task_mapping.py took 0.600 seconds
[2026-08-24T13:58:21.778+0000] {processor.py:161} INFO - Started process (PID=850) to work on /home/airflow/.local/lib/python3.12/site-packages/airflow/example_dags/example_dynamic_task_mapping.py
[2026-08-24T13:58:21.779+0000] {processor.py:830} INFO - Processing file /home/airflow/.local/lib/python3.12/site-packages/airflow/example_dags/example_dynamic_task_mapping.py for tasks to queue
[2026-08-24T13:58:21.882+0000] {logging_mixin.py:188} INFO - [2026-08-24T13:58:21.882+0000] {dagbag.py:545} INFO - Filling up the DagBag from /home/airflow/.local/lib/python3.12/site-packages/airflow/example_dags/example_dynamic_task_mapping.py
[2026-08-24T13:58:21.897+0000] {processor.py:840} INFO - DAG(s) 'example_dynamic_task_mapping' retrieved from /home/airflow/.local/lib/python3.12/site-packages/airflow/example_dags/example_dynamic_task_mapping.py
[2026-08-24T13:58:21.923+0000] {logging_mixin.py:188} INFO - [2026-08-24T13:58:21.923+0000] {dag.py:3096} INFO - Sync 1 DAGs
[2026-08-24T13:58:21.954+0000] {logging_mixin.py:188} INFO - [2026-08-24T13:58:21.954+0000] {dag.py:3954} INFO - Setting next_dagrun for example_dynamic_task_mapping to 2022-03-04 00:00:00+00:00, run_after=2022-03-05 00:00:00+00:00
[2026-08-24T13:58:22.014+0000] {processor.py:183} INFO - Processing /home/airflow/.local/lib/python3.12/site-packages/airflow/example_dags/example_dynamic_task_mapping.py took 0.243 seconds
[2026-08-24T13:58:52.974+0000] {processor.py:161} INFO - Started process (PID=909) to work on /home/airflow/.local/lib/python3.12/site-packages/airflow/example_dags/example_dynamic_task_mapping.py
[2026-08-24T13:58:52.976+0000] {processor.py:830} INFO - Processing file /home/airflow/.local/lib/python3.12/site-packages/airflow/example_dags/example_dynamic_task_mapping.py for tasks to queue
[2026-08-24T13:58:52.981+0000] {logging_mixin.py:188} INFO - [2026-08-24T13:58:52.980+0000] {dagbag.py:545} INFO - Filling up the DagBag from /home/airflow/.local/lib/python3.12/site-packages/airflow/example_dags/example_dynamic_task_mapping.py
[2026-08-24T13:58:52.998+0000] {processor.py:840} INFO - DAG(s) 'example_dynamic_task_mapping' retrieved from /home/airflow/.local/lib/python3.12/site-packages/airflow/example_dags/example_dynamic_task_mapping.py
[2026-08-24T13:58:53.046+0000] {logging_mixin.py:188} INFO - [2026-08-24T13:58:53.045+0000] {dag.py:3096} INFO - Sync 1 DAGs
[2026-08-24T13:58:53.112+0000] {logging_mixin.py:188} INFO - [2026-08-24T13:58:53.112+0000] {dag.py:3954} INFO - Setting next_dagrun for example_dynamic_task_mapping to 2022-03-04 00:00:00+00:00, run_after=2022-03-05 00:00:00+00:00
[2026-08-24T13:58:53.167+0000] {processor.py:183} INFO - Processing /home/airflow/.local/lib/python3.12/site-packages/airflow/example_dags/example_dynamic_task_mapping.py took 0.209 seconds
[2026-08-24T14:00:34.387+0000] {processor.py:161} INFO - Started process (PID=93) to work on /home/airflow/.local/lib/python3.12/site-packages/airflow/example_dags/example_dynamic_task_mapping.py
[2026-08-24T14:00:34.390+0000] {processor.py:830} INFO - Processing file /home/airflow/.local/lib/python3.12/site-packages/airflow/example_dags/example_dynamic_task_mapping.py for tasks to queue
[2026-08-24T14:00:34.396+0000] {logging_mixin.py:188} INFO - [2026-08-24T14:00:34.395+0000] {dagbag.py:545} INFO - Filling up the DagBag from /home/airflow/.local/lib/python3.12/site-packages/airflow/example_dags/example_dynamic_task_mapping.py
[2026-08-24T14:00:34.428+0000] {processor.py:840} INFO - DAG(s) 'example_dynamic_task_mapping' retrieved from /home/airflow/.local/lib/python3.12/site-packages/airflow/example_dags/example_dynamic_task_mapping.py
[2026-08-24T14:00:34.733+0000] {logging_mixin.py:188} INFO - [2026-08-24T14:00:34.733+0000] {dag.py:3096} INFO - Sync 1 DAGs
[2026-08-24T14:00:34.772+0000] {logging_mixin.py:188} INFO - [2026-08-24T14:00:34.772+0000] {dag.py:3954} INFO - Setting next_dagrun for example_dynamic_task_mapping to 2022-03-04 00:00:00+00:00, run_after=2022-03-05 00:00:00+00:00
[2026-08-24T14:00:34.806+0000] {processor.py:183} INFO - Processing /home/airflow/.local/lib/python3.12/site-packages/airflow/example_dags/example_dynamic_task_mapping.py took 0.430 seconds
[2026-08-24T14:01:05.326+0000] {processor.py:161} INFO - Started process (PID=152) to work on /home/airflow/.local/lib/python3.12/site-packages/airflow/example_dags/example_dynamic_task_mapping.py
[2026-08-24T14:01:05.329+0000] {processor.py:830} INFO - Processing file /home/airflow/.local/lib/python3.12/site-packages/airflow/example_dags/example_dynamic_task_mapping.py for tasks to queue
[2026-08-24T14:01:05.332+0000] {logging_mixin.py:188} INFO - [2026-08-24T14:01:05.331+0000] {dagbag.py:545} INFO - Filling up the DagBag from /home/airflow/.local/lib/python3.12/site-packages/airflow/example_dags/example_dynamic_task_mapping.py
[2026-08-24T14:01:05.345+0000] {processor.py:840} INFO - DAG(s) 'example_dynamic_task_mapping' retrieved from /home/airflow/.local/lib/python3.12/site-packages/airflow/example_dags/example_dynamic_task_mapping.py
[2026-08-24T14:01:05.387+0000] {logging_mixin.py:188} INFO - [2026-08-24T14:01:05.386+0000] {dag.py:3096} INFO - Sync 1 DAGs
[2026-08-24T14:01:05.425+0000] {logging_mixin.py:188} INFO - [2026-08-24T14:01:05.425+0000] {dag.py:3954} INFO - Setting next_dagrun for example_dynamic_task_mapping to 2022-03-04 00:00:00+00:00, run_after=2022-03-05 00:00:00+00:00
[2026-08-24T14:01:05.453+0000] {processor.py:183} INFO - Processing /home/airflow/.local/lib/python3.12/site-packages/airflow/example_dags/example_dynamic_task_mapping.py took 0.139 seconds
[2026-08-24T14:01:35.545+0000] {processor.py:161} INFO - Started process (PID=211) to work on /home/airflow/.local/lib/python3.12/site-packages/airflow/example_dags/example_dynamic_task_mapping.py
[2026-08-24T14:01:35.546+0000] {processor.py:830} INFO - Processing file /home/airflow/.local/lib/python3.12/site-packages/airflow/example_dags/example_dynamic_task_mapping.py for tasks to queue
[2026-08-24T14:01:35.550+0000] {logging_mixin.py:188} INFO - [2026-08-24T14:01:35.549+0000] {dagbag.py:545} INFO - Filling up the DagBag from /home/airflow/.local/lib/python3.12/site-packages/airflow/example_dags/example_dynamic_task_mapping.py
[2026-08-24T14:01:35.559+0000] {processor.py:840} INFO - DAG(s) 'example_dynamic_task_mapping' retrieved from /home/airflow/.local/lib/python3.12/site-packages/airflow/example_dags/example_dynamic_task_mapping.py
[2026-08-24T14:01:35.592+0000] {logging_mixin.py:188} INFO - [2026-08-24T14:01:35.592+0000] {dag.py:3096} INFO - Sync 1 DAGs
[2026-08-24T14:01:35.628+0000] {logging_mixin.py:188} INFO - [2026-08-24T14:01:35.628+0000] {dag.py:3954} INFO - Setting next_dagrun for example_dynamic_task_mapping to 2022-03-04 00:00:00+00:00, run_after=2022-03-05 00:00:00+00:00
[2026-08-24T14:01:35.658+0000] {processor.py:183} INFO - Processing /home/airflow/.local/lib/python3.12/site-packages/airflow/example_dags/example_dynamic_task_mapping.py took 0.123 seconds
[2026-08-24T14:02:05.747+0000] {processor.py:161} INFO - Started process (PID=270) to work on /home/airflow/.local/lib/python3.12/site-packages/airflow/example_dags/example_dynamic_task_mapping.py
[2026-08-24T14:02:05.748+0000] {processor.py:830} INFO - Processing file /home/airflow/.local/lib/python3.12/site-packages/airflow/example_dags/example_dynamic_task_mapping.py for tasks to queue
[2026-08-24T14:02:05.751+0000] {logging_mixin.py:188} INFO - [2026-08-24T14:02:05.750+0000] {dagbag.py:545} INFO - Filling up the DagBag from /home/airflow/.local/lib/python3.12/site-packages/airflow/example_dags/example_dynamic_task_mapping.py
[2026-08-24T14:02:05.759+0000] {processor.py:840} INFO - DAG(s) 'example_dynamic_task_mapping' retrieved from /home/airflow/.local/lib/python3.12/site-packages/airflow/example_dags/example_dynamic_task_mapping.py
[2026-08-24T14:02:05.785+0000] {logging_mixin.py:188} INFO - [2026-08-24T14:02:05.785+0000] {dag.py:3096} INFO - Sync 1 DAGs
[2026-08-24T14:02:05.811+0000] {logging_mixin.py:188} INFO - [2026-08-24T14:02:05.810+0000] {dag.py:3954} INFO - Setting next_dagrun for example_dynamic_task_mapping to 2022-03-04 00:00:00+00:00, run_after=2022-03-05 00:00:00+00:00
[2026-08-24T14:02:05.832+0000] {processor.py:183} INFO - Processing /home/airflow/.local/lib/python3.12/site-packages/airflow/example_dags/example_dynamic_task_mapping.py took 0.092 seconds
[2026-08-24T14:02:36.024+0000] {processor.py:161} INFO - Started process (PID=330) to work on /home/airflow/.local/lib/python3.12/site-packages/airflow/example_dags/example_dynamic_task_mapping.py
[2026-08-24T14:02:36.025+0000] {processor.py:830} INFO - Processing file /home/airflow/.local/lib/python3.12/site-packages/airflow/example_dags/example_dynamic_task_mapping.py for tasks to queue
[2026-08-24T14:02:36.028+0000] {logging_mixin.py:188} INFO - [2026-08-24T14:02:36.028+0000] {dagbag.py:545} INFO - Filling up the DagBag from /home/airflow/.local/lib/python3.12/site-packages/airflow/example_dags/example_dynamic_task_mapping.py
[2026-08-24T14:02:36.037+0000] {processor.py:840} INFO - DAG(s) 'example_dynamic_task_mapping' retrieved from /home/airflow/.local/lib/python3.12/site-packages/airflow/example_dags/example_dynamic_task_mapping.py
[2026-08-24T14:02:36.063+0000] {logging_mixin.py:188} INFO - [2026-08-24T14:02:36.063+0000] {dag.py:3096} INFO - Sync 1 DAGs
[2026-08-24T14:02:36.094+0000] {logging_mixin.py:188} INFO - [2026-08-24T14:02:36.094+0000] {dag.py:3954} INFO - Setting next_dagrun for example_dynamic_task_mapping to 2022-03-04 00:00:00+00:00, run_after=2022-03-05 00:00:00+00:00
[2026-08-24T14:02:36.118+0000] {processor.py:183} INFO - Processing /home/airflow/.local/lib/python3.12/site-packages/airflow/example_dags/example_dynamic_task_mapping.py took 0.102 seconds
[2026-08-24T14:03:06.385+0000] {processor.py:161} INFO - Started process (PID=389) to work on /home/airflow/.local/lib/python3.12/site-packages/airflow/example_dags/example_dynamic_task_mapping.py
[2026-08-24T14:03:06.389+0000] {processor.py:830} INFO - Processing file /home/airflow/.local/lib/python3.12/site-packages/airflow/example_dags/example_dynamic_task_mapping.py for tasks to queue
[2026-08-24T14:03:06.392+0000] {logging_mixin.py:188} INFO - [2026-08-24T14:03:06.391+0000] {dagbag.py:545} INFO - Filling up the DagBag from /home/airflow/.local/lib/python3.12/site-packages/airflow/example_dags/example_dynamic_task_mapping.py
[2026-08-24T14:03:06.400+0000] {processor.py:840} INFO - DAG(s) 'example_dynamic_task_mapping' retrieved from /home/airflow/.local/lib/python3.12/site-packages/airflow/example_dags/example_dynamic_task_mapping.py
[2026-08-24T14:03:06.424+0000] {logging_mixin.py:188} INFO - [2026-08-24T14:03:06.423+0000] {dag.py:3096} INFO - Sync 1 DAGs
[2026-08-24T14:03:06.452+0000] {logging_mixin.py:188} INFO - [2026-08-24T14:03:06.452+0000] {dag.py:3954} INFO - Setting next_dagrun for example_dynamic_task_mapping to 2022-03-04 00:00:00+00:00, run_after=2022-03-05 00:00:00+00:00
[2026-08-24T14:03:06.474+0000] {processor.py:183} INFO - Processing /home/airflow/.local/lib/python3.12/site-packages/airflow/example_dags/example_dynamic_task_mapping.py took 0.097 seconds
[2026-08-24T14:07:37.841+0000] {processor.py:161} INFO - Started process (PID=99) to work on /home/airflow/.local/lib/python3.12/site-packages/airflow/example_dags/example_dynamic_task_mapping.py
[2026-08-24T14:07:37.842+0000] {processor.py:830} INFO - Processing file /home/airflow/.local/lib/python3.12/site-packages/airflow/example_dags/example_dynamic_task_mapping.py for tasks to queue
[2026-08-24T14:07:37.845+0000] {logging_mixin.py:188} INFO - [2026-08-24T14:07:37.845+0000] {dagbag.py:545} INFO - Filling up the DagBag from /home/airflow/.local/lib/python3.12/site-packages/airflow/example_dags/example_dynamic_task_mapping.py
[2026-08-24T14:07:37.897+0000] {processor.py:840} INFO - DAG(s) 'example_dynamic_task_mapping' retrieved from /home/airflow/.local/lib/python3.12/site-packages/airflow/example_dags/example_dynamic_task_mapping.py
[2026-08-24T14:07:38.134+0000] {logging_mixin.py:188} INFO - [2026-08-24T14:07:38.133+0000] {dag.py:3096} INFO - Sync 1 DAGs
[2026-08-24T14:07:38.173+0000] {logging_mixin.py:188} INFO - [2026-08-24T14:07:38.173+0000] {dag.py:3954} INFO - Setting next_dagrun for example_dynamic_task_mapping to 2022-03-04 00:00:00+00:00, run_after=2022-03-05 00:00:00+00:00
[2026-08-24T14:07:38.208+0000] {processor.py:183} INFO - Processing /home/airflow/.local/lib/python3.12/site-packages/airflow/example_dags/example_dynamic_task_mapping.py took 0.378 seconds
[2026-08-24T14:08:08.799+0000] {processor.py:161} INFO - Started process (PID=158) to work on /home/airflow/.local/lib/python3.12/site-packages/airflow/example_dags/example_dynamic_task_mapping.py
[2026-08-24T14:08:08.800+0000] {processor.py:830} INFO - Processing file /home/airflow/.local/lib/python3.12/site-packages/airflow/example_dags/example_dynamic_task_mapping.py for tasks to queue
[2026-08-24T14:08:08.803+0000] {logging_mixin.py:188} INFO - [2026-08-24T14:08:08.802+0000] {dagbag.py:545} INFO - Filling up the DagBag from /home/airflow/.local/lib/python3.12/site-packages/airflow/example_dags/example_dynamic_task_mapping.py
[2026-08-24T14:08:08.811+0000] {processor.py:840} INFO - DAG(s) 'example_dynamic_task_mapping' retrieved from /home/airflow/.local/lib/python3.12/site-packages/airflow/example_dags/example_dynamic_task_mapping.py
[2026-08-24T14:08:08.835+0000] {logging_mixin.py:188} INFO - [2026-08-24T14:08:08.835+0000] {dag.py:3096} INFO - Sync 1 DAGs
[2026-08-24T14:08:08.862+0000] {logging_mixin.py:188} INFO - [2026-08-24T14:08:08.862+0000] {dag.py:3954} INFO - Setting next_dagrun for example_dynamic_task_mapping to 2022-03-04 00:00:00+00:00, run_after=2022-03-05 00:00:00+00:00
[2026-08-24T14:08:08.884+0000] {processor.py:183} INFO - Processing /home/airflow/.local/lib/python3.12/site-packages/airflow/example_dags/example_dynamic_task_mapping.py took 0.092 seconds
[2026-08-24T14:08:39.498+0000] {processor.py:161} INFO - Started process (PID=217) to work on /home/airflow/.local/lib/python3.12/site-packages/airflow/example_dags/example_dynamic_task_mapping.py
[2026-08-24T14:08:39.500+0000] {processor.py:830} INFO - Processing file /home/airflow/.local/lib/python3.12/site-packages/airflow/example_dags/example_dynamic_task_mapping.py for tasks to queue
[2026-08-24T14:08:39.505+0000] {logging_mixin.py:188} INFO - [2026-08-24T14:08:39.504+0000] {dagbag.py:545} INFO - Filling up the DagBag from /home/airflow/.local/lib/python3.12/site-packages/airflow/example_dags/example_dynamic_task_mapping.py
[2026-08-24T14:08:39.522+0000] {processor.py:840} INFO - DAG(s) 'example_dynamic_task_mapping' retrieved from /home/airflow/.local/lib/python3.12/site-packages/airflow/example_dags/example_dynamic_task_mapping.py
[2026-08-24T14:08:39.559+0000] {logging_mixin.py:188} INFO - [2026-08-24T14:08:39.558+0000] {dag.py:3096} INFO - Sync 1 DAGs
[2026-08-24T14:08:39.598+0000] {logging_mixin.py:188} INFO - [2026-08-24T14:08:39.598+0000] {dag.py:3954} INFO - Setting next_dagrun for example_dynamic_task_mapping to 2022-03-04 00:00:00+00:00, run_after=2022-03-05 00:00:00+00:00
[2026-08-24T14:08:39.633+0000] {processor.py:183} INFO - Processing /home/airflow/.local/lib/python3.12/site-packages/airflow/example_dags/example_dynamic_task_mapping.py took 0.146 seconds
[2026-08-24T14:09:09.977+0000] {processor.py:161} INFO - Started process (PID=276) to work on /home/airflow/.local/lib/python3.12/site-packages/airflow/example_dags/example_dynamic_task_mapping.py
[2026-08-24T14:09:09.978+0000] {processor.py:830} INFO - Processing file /home/airflow/.local/lib/python3.12/site-packages/airflow/example_dags/example_dynamic_task_mapping.py for tasks to queue
[2026-08-24T14:09:09.981+0000] {logging_mixin.py:188} INFO - [2026-08-24T14:09:09.981+0000] {dagbag.py:545} INFO - Filling up the DagBag from /home/airflow/.local/lib/python3.12/site-packages/airflow/example_dags/example_dynamic_task_mapping.py
[2026-08-24T14:09:09.992+0000] {processor.py:840} INFO - DAG(s) 'example_dynamic_task_mapping' retrieved from /home/airflow/.local/lib/python3.12/site-packages/airflow/example_dags/example_dynamic_task_mapping.py
[2026-08-24T14:09:10.018+0000] {logging_mixin.py:188} INFO - [2026-08-24T14:09:10.018+0000] {dag.py:3096} INFO - Sync 1 DAGs
[2026-08-24T14:09:10.049+0000] {logging_mixin.py:188} INFO - [2026-08-24T14:09:10.049+0000] {dag.py:3954} INFO - Setting next_dagrun for example_dynamic_task_mapping to 2022-03-04 00:00:00+00:00, run_after=2022-03-05 00:00:00+00:00
[2026-08-24T14:09:10.081+0000] {processor.py:183} INFO - Processing /home/airflow/.local/lib/python3.12/site-packages/airflow/example_dags/example_dynamic_task_mapping.py took 0.113 seconds
[2026-08-24T14:09:40.487+0000] {processor.py:161} INFO - Started process (PID=335) to work on /home/airflow/.local/lib/python3.12/site-packages/airflow/example_dags/example_dynamic_task_mapping.py
[2026-08-24T14:09:40.488+0000] {processor.py:830} INFO - Processing file /home/airflow/.local/lib/python3.12/site-packages/airflow/example_dags/example_dynamic_task_mapping.py for tasks to queue
[2026-08-24T14:09:40.491+0000] {logging_mixin.py:188} INFO - [2026-08-24T14:09:40.491+0000] {dagbag.py:545} INFO - Filling up the DagBag from /home/airflow/.local/lib/python3.12/site-packages/airflow/example_dags/example_dynamic_task_mapping.py
[2026-08-24T14:09:40.502+0000] {processor.py:840} INFO - DAG(s) 'example_dynamic_task_mapping' retrieved from /home/airflow/.local/lib/python3.12/site-packages/airflow/example_dags/example_dynamic_task_mapping.py
[2026-08-24T14:09:40.529+0000] {logging_mixin.py:188} INFO - [2026-08-24T14:09:40.528+0000] {dag.py:3096} INFO - Sync 1 DAGs
[2026-08-24T14:09:40.560+0000] {logging_mixin.py:188} INFO - [2026-08-24T14:09:40.560+0000] {dag.py:3954} INFO - Setting next_dagrun for example_dynamic_task_mapping to 2022-03-04 00:00:00+00:00, run_after=2022-03-05 00:00:00+00:00
[2026-08-24T14:09:40.584+0000] {processor.py:183} INFO - Processing /home/airflow/.local/lib/python3.12/site-packages/airflow/example_dags/example_dynamic_task_mapping.py took 0.108 seconds
[2026-08-24T14:10:11.097+0000] {processor.py:161} INFO - Started process (PID=394) to work on /home/airflow/.local/lib/python3.12/site-packages/airflow/example_dags/example_dynamic_task_mapping.py
[2026-08-24T14:10:11.099+0000] {processor.py:830} INFO - Processing file /home/airflow/.local/lib/python3.12/site-packages/airflow/example_dags/example_dynamic_task_mapping.py for tasks to queue
[2026-08-24T14:10:11.102+0000] {logging_mixin.py:188} INFO - [2026-08-24T14:10:11.101+0000] {dagbag.py:545} INFO - Filling up the DagBag from /home/airflow/.local/lib/python3.12/site-packages/airflow/example_dags/example_dynamic_task_mapping.py
[2026-08-24T14:10:11.111+0000] {processor.py:840} INFO - DAG(s) 'example_dynamic_task_mapping' retrieved from /home/airflow/.local/lib/python3.12/site-packages/airflow/example_dags/example_dynamic_task_mapping.py
[2026-08-24T14:10:11.136+0000] {logging_mixin.py:188} INFO - [2026-08-24T14:10:11.135+0000] {dag.py:3096} INFO - Sync 1 DAGs
[2026-08-24T14:10:11.163+0000] {logging_mixin.py:188} INFO - [2026-08-24T14:10:11.163+0000] {dag.py:3954} INFO - Setting next_dagrun for example_dynamic_task_mapping to 2022-03-04 00:00:00+00:00, run_after=2022-03-05 00:00:00+00:00
[2026-08-24T14:10:11.189+0000] {processor.py:183} INFO - Processing /home/airflow/.local/lib/python3.12/site-packages/airflow/example_dags/example_dynamic_task_mapping.py took 0.098 seconds
[2026-08-24T14:10:41.642+0000] {processor.py:161} INFO - Started process (PID=453) to work on /home/airflow/.local/lib/python3.12/site-packages/airflow/example_dags/example_dynamic_task_mapping.py
[2026-08-24T14:10:41.646+0000] {processor.py:830} INFO - Processing file /home/airflow/.local/lib/python3.12/site-packages/airflow/example_dags/example_dynamic_task_mapping.py for tasks to queue
[2026-08-24T14:10:41.650+0000] {logging_mixin.py:188} INFO - [2026-08-24T14:10:41.649+0000] {dagbag.py:545} INFO - Filling up the DagBag from /home/airflow/.local/lib/python3.12/site-packages/airflow/example_dags/example_dynamic_task_mapping.py
[2026-08-24T14:10:41.662+0000] {processor.py:840} INFO - DAG(s) 'example_dynamic_task_mapping' retrieved from /home/airflow/.local/lib/python3.12/site-packages/airflow/example_dags/example_dynamic_task_mapping.py
[2026-08-24T14:10:41.702+0000] {logging_mixin.py:188} INFO - [2026-08-24T14:10:41.701+0000] {dag.py:3096} INFO - Sync 1 DAGs
[2026-08-24T14:10:41.739+0000] {logging_mixin.py:188} INFO - [2026-08-24T14:10:41.738+0000] {dag.py:3954} INFO - Setting next_dagrun for example_dynamic_task_mapping to 2022-03-04 00:00:00+00:00, run_after=2022-03-05 00:00:00+00:00
[2026-08-24T14:10:41.767+0000] {processor.py:183} INFO - Processing /home/airflow/.local/lib/python3.12/site-packages/airflow/example_dags/example_dynamic_task_mapping.py took 0.141 seconds
[2026-08-24T14:13:25.166+0000] {processor.py:161} INFO - Started process (PID=103) to work on /home/airflow/.local/lib/python3.12/site-packages/airflow/example_dags/example_dynamic_task_mapping.py
[2026-08-24T14:13:25.167+0000] {processor.py:830} INFO - Processing file /home/airflow/.local/lib/python3.12/site-packages/airflow/example_dags/example_dynamic_task_mapping.py for tasks to queue
[2026-08-24T14:13:25.174+0000] {logging_mixin.py:188} INFO - [2026-08-24T14:13:25.174+0000] {dagbag.py:545} INFO - Filling up the DagBag from /home/airflow/.local/lib/python3.12/site-packages/airflow/example_dags/example_dynamic_task_mapping.py
[2026-08-24T14:13:25.191+0000] {processor.py:840} INFO - DAG(s) 'example_dynamic_task_mapping' retrieved from /home/airflow/.local/lib/python3.12/site-packages/airflow/example_dags/example_dynamic_task_mapping.py
[2026-08-24T14:13:25.382+0000] {logging_mixin.py:188} INFO - [2026-08-24T14:13:25.382+0000] {dag.py:3096} INFO - Sync 1 DAGs
[2026-08-24T14:13:25.412+0000] {logging_mixin.py:188} INFO - [2026-08-24T14:13:25.411+0000] {dag.py:3954} INFO - Setting next_dagrun for example_dynamic_task_mapping to 2022-03-04 00:00:00+00:00, run_after=2022-03-05 00:00:00+00:00
[2026-08-24T14:13:25.439+0000] {processor.py:183} INFO - Processing /home/airflow/.local/lib/python3.12/site-packages/airflow/example_dags/example_dynamic_task_mapping.py took 0.281 seconds
[2026-08-24T14:13:56.165+0000] {processor.py:161} INFO - Started process (PID=162) to work on /home/airflow/.local/lib/python3.12/site-packages/airflow/example_dags/example_dynamic_task_mapping.py
[2026-08-24T14:13:56.167+0000] {processor.py:830} INFO - Processing file /home/airflow/.local/lib/python3.12/site-packages/airflow/example_dags/example_dynamic_task_mapping.py for tasks to queue
[2026-08-24T14:13:56.170+0000] {logging_mixin.py:188} INFO - [2026-08-24T14:13:56.169+0000] {dagbag.py:545} INFO - Filling up the DagBag from /home/airflow/.local/lib/python3.12/site-packages/airflow/example_dags/example_dynamic_task_mapping.py
[2026-08-24T14:13:56.183+0000] {processor.py:840} INFO - DAG(s) 'example_dynamic_task_mapping' retrieved from /home/airflow/.local/lib/python3.12/site-packages/airflow/example_dags/example_dynamic_task_mapping.py
[2026-08-24T14:13:56.214+0000] {logging_mixin.py:188} INFO - [2026-08-24T14:13:56.214+0000] {dag.py:3096} INFO - Sync 1 DAGs
[2026-08-24T14:13:56.248+0000] {logging_mixin.py:188} INFO - [2026-08-24T14:13:56.248+0000] {dag.py:3954} INFO - Setting next_dagrun for example_dynamic_task_mapping to 2022-03-04 00:00:00+00:00, run_after=2022-03-05 00:00:00+00:00
[2026-08-24T14:13:56.273+0000] {processor.py:183} INFO - Processing /home/airflow/.local/lib/python3.12/site-packages/airflow/example_dags/example_dynamic_task_mapping.py took 0.119 seconds
[2026-08-24T14:14:26.782+0000] {processor.py:161} INFO - Started process (PID=221) to work on /home/airflow/.local/lib/python3.12/site-packages/airflow/example_dags/example_dynamic_task_mapping.py
[2026-08-24T14:14:26.783+0000] {processor.py:830} INFO - Processing file /home/airflow/.local/lib/python3.12/site-packages/airflow/example_dags/example_dynamic_task_mapping.py for tasks to queue
[2026-08-24T14:14:26.785+0000] {logging_mixin.py:188} INFO - [2026-08-24T14:14:26.785+0000] {dagbag.py:545} INFO - Filling up the DagBag from /home/airflow/.local/lib/python3.12/site-packages/airflow/example_dags/example_dynamic_task_mapping.py
[2026-08-24T14:14:26.796+0000] {processor.py:840} INFO - DAG(s) 'example_dynamic_task_mapping' retrieved from /home/airflow/.local/lib/python3.12/site-packages/airflow/example_dags/example_dynamic_task_mapping.py
[2026-08-24T14:14:26.821+0000] {logging_mixin.py:188} INFO - [2026-08-24T14:14:26.820+0000] {dag.py:3096} INFO - Sync 1 DAGs
[2026-08-24T14:14:26.849+0000] {logging_mixin.py:188} INFO - [2026-08-24T14:14:26.849+0000] {dag.py:3954} INFO - Setting next_dagrun for example_dynamic_task_mapping to 2022-03-04 00:00:00+00:00, run_after=2022-03-05 00:00:00+00:00
[2026-08-24T14:14:26.872+0000] {processor.py:183} INFO - Processing /home/airflow/.local/lib/python3.12/site-packages/airflow/example_dags/example_dynamic_task_mapping.py took 0.099 seconds
[2026-08-24T14:14:57.397+0000] {processor.py:161} INFO - Started process (PID=280) to work on /home/airflow/.local/lib/python3.12/site-packages/airflow/example_dags/example_dynamic_task_mapping.py
[2026-08-24T14:14:57.398+0000] {processor.py:830} INFO - Processing file /home/airflow/.local/lib/python3.12/site-packages/airflow/example_dags/example_dynamic_task_mapping.py for tasks to queue
[2026-08-24T14:14:57.401+0000] {logging_mixin.py:188} INFO - [2026-08-24T14:14:57.400+0000] {dagbag.py:545} INFO - Filling up the DagBag from /home/airflow/.local/lib/python3.12/site-packages/airflow/example_dags/example_dynamic_task_mapping.py
[2026-08-24T14:14:57.411+0000] {processor.py:840} INFO - DAG(s) 'example_dynamic_task_mapping' retrieved from /home/airflow/.local/lib/python3.12/site-packages/airflow/example_dags/example_dynamic_task_mapping.py
[2026-08-24T14:14:57.436+0000] {logging_mixin.py:188} INFO - [2026-08-24T14:14:57.435+0000] {dag.py:3096} INFO - Sync 1 DAGs
[2026-08-24T14:14:57.463+0000] {logging_mixin.py:188} INFO - [2026-08-24T14:14:57.463+0000] {dag.py:3954} INFO - Setting next_dagrun for example_dynamic_task_mapping to 2022-03-04 00:00:00+00:00, run_after=2022-03-05 00:00:00+00:00
[2026-08-24T14:14:57.485+0000] {processor.py:183} INFO - Processing /home/airflow/.local/lib/python3.12/site-packages/airflow/example_dags/example_dynamic_task_mapping.py took 0.096 seconds
[2026-08-24T14:15:27.942+0000] {processor.py:161} INFO - Started process (PID=339) to work on /home/airflow/.local/lib/python3.12/site-packages/airflow/example_dags/example_dynamic_task_mapping.py
[2026-08-24T14:15:27.943+0000] {processor.py:830} INFO - Processing file /home/airflow/.local/lib/python3.12/site-packages/airflow/example_dags/example_dynamic_task_mapping.py for tasks to queue
[2026-08-24T14:15:27.946+0000] {logging_mixin.py:188} INFO - [2026-08-24T14:15:27.946+0000] {dagbag.py:545} INFO - Filling up the DagBag from /home/airflow/.local/lib/python3.12/site-packages/airflow/example_dags/example_dynamic_task_mapping.py
[2026-08-24T14:15:27.955+0000] {processor.py:840} INFO - DAG(s) 'example_dynamic_task_mapping' retrieved from /home/airflow/.local/lib/python3.12/site-packages/airflow/example_dags/example_dynamic_task_mapping.py
[2026-08-24T14:15:27.981+0000] {logging_mixin.py:188} INFO - [2026-08-24T14:15:27.980+0000] {dag.py:3096} INFO - Sync 1 DAGs
[2026-08-24T14:15:28.010+0000] {logging_mixin.py:188} INFO - [2026-08-24T14:15:28.010+0000] {dag.py:3954} INFO - Setting next_dagrun for example_dynamic_task_mapping to 2022-03-04 00:00:00+00:00, run_after=2022-03-05 00:00:00+00:00
[2026-08-24T14:15:28.032+0000] {processor.py:183} INFO - Processing /home/airflow/.local/lib/python3.12/site-packages/airflow/example_dags/example_dynamic_task_mapping.py took 0.098 seconds
[2026-08-24T14:15:58.547+0000] {processor.py:161} INFO - Started process (PID=398) to work on /home/airflow/.local/lib/python3.12/site-packages/airflow/example_dags/example_dynamic_task_mapping.py
[2026-08-24T14:15:58.561+0000] {processor.py:830} INFO - Processing file /home/airflow/.local/lib/python3.12/site-packages/airflow/example_dags/example_dynamic_task_mapping.py for tasks to queue
[2026-08-24T14:15:58.579+0000] {logging_mixin.py:188} INFO - [2026-08-24T14:15:58.578+0000] {dagbag.py:545} INFO - Filling up the DagBag from /home/airflow/.local/lib/python3.12/site-packages/airflow/example_dags/example_dynamic_task_mapping.py
[2026-08-24T14:15:58.604+0000] {processor.py:840} INFO - DAG(s) 'example_dynamic_task_mapping' retrieved from /home/airflow/.local/lib/python3.12/site-packages/airflow/example_dags/example_dynamic_task_mapping.py
[2026-08-24T14:15:58.635+0000] {logging_mixin.py:188} INFO - [2026-08-24T14:15:58.635+0000] {dag.py:3096} INFO - Sync 1 DAGs
[2026-08-24T14:15:58.667+0000] {logging_mixin.py:188} INFO - [2026-08-24T14:15:58.667+0000] {dag.py:3954} INFO - Setting next_dagrun for example_dynamic_task_mapping to 2022-03-04 00:00:00+00:00, run_after=2022-03-05 00:00:00+00:00
[2026-08-24T14:15:58.690+0000] {processor.py:183} INFO - Processing /home/airflow/.local/lib/python3.12/site-packages/airflow/example_dags/example_dynamic_task_mapping.py took 0.161 seconds
[2026-08-24T14:16:28.809+0000] {processor.py:161} INFO - Started process (PID=457) to work on /home/airflow/.local/lib/python3.12/site-packages/airflow/example_dags/example_dynamic_task_mapping.py
[2026-08-24T14:16:28.811+0000] {processor.py:830} INFO - Processing file /home/airflow/.local/lib/python3.12/site-packages/airflow/example_dags/example_dynamic_task_mapping.py for tasks to queue
[2026-08-24T14:16:28.814+0000] {logging_mixin.py:188} INFO - [2026-08-24T14:16:28.814+0000] {dagbag.py:545} INFO - Filling up the DagBag from /home/airflow/.local/lib/python3.12/site-packages/airflow/example_dags/example_dynamic_task_mapping.py
[2026-08-24T14:16:28.824+0000] {processor.py:840} INFO - DAG(s) 'example_dynamic_task_mapping' retrieved from /home/airflow/.local/lib/python3.12/site-packages/airflow/example_dags/example_dynamic_task_mapping.py
[2026-08-24T14:16:28.851+0000] {logging_mixin.py:188} INFO - [2026-08-24T14:16:28.850+0000] {dag.py:3096} INFO - Sync 1 DAGs
[2026-08-24T14:16:28.880+0000] {logging_mixin.py:188} INFO - [2026-08-24T14:16:28.880+0000] {dag.py:3954} INFO - Setting next_dagrun for example_dynamic_task_mapping to 2022-03-04 00:00:00+00:00, run_after=2022-03-05 00:00:00+00:00
[2026-08-24T14:16:28.909+0000] {processor.py:183} INFO - Processing /home/airflow/.local/lib/python3.12/site-packages/airflow/example_dags/example_dynamic_task_mapping.py took 0.107 seconds
[2026-08-24T14:16:59.086+0000] {processor.py:161} INFO - Started process (PID=516) to work on /home/airflow/.local/lib/python3.12/site-packages/airflow/example_dags/example_dynamic_task_mapping.py
[2026-08-24T14:16:59.092+0000] {processor.py:830} INFO - Processing file /home/airflow/.local/lib/python3.12/site-packages/airflow/example_dags/example_dynamic_task_mapping.py for tasks to queue
[2026-08-24T14:16:59.097+0000] {logging_mixin.py:188} INFO - [2026-08-24T14:16:59.096+0000] {dagbag.py:545} INFO - Filling up the DagBag from /home/airflow/.local/lib/python3.12/site-packages/airflow/example_dags/example_dynamic_task_mapping.py
[2026-08-24T14:16:59.111+0000] {processor.py:840} INFO - DAG(s) 'example_dynamic_task_mapping' retrieved from /home/airflow/.local/lib/python3.12/site-packages/airflow/example_dags/example_dynamic_task_mapping.py
[2026-08-24T14:16:59.148+0000] {logging_mixin.py:188} INFO - [2026-08-24T14:16:59.147+0000] {dag.py:3096} INFO - Sync 1 DAGs
[2026-08-24T14:16:59.190+0000] {logging_mixin.py:188} INFO - [2026-08-24T14:16:59.189+0000] {dag.py:3954} INFO - Setting next_dagrun for example_dynamic_task_mapping to 2022-03-04 00:00:00+00:00, run_after=2022-03-05 00:00:00+00:00
[2026-08-24T14:16:59.224+0000] {processor.py:183} INFO - Processing /home/airflow/.local/lib/python3.12/site-packages/airflow/example_dags/example_dynamic_task_mapping.py took 0.147 seconds
[2026-08-24T14:17:29.451+0000] {processor.py:161} INFO - Started process (PID=574) to work on /home/airflow/.local/lib/python3.12/site-packages/airflow/example_dags/example_dynamic_task_mapping.py
[2026-08-24T14:17:29.453+0000] {processor.py:830} INFO - Processing file /home/airflow/.local/lib/python3.12/site-packages/airflow/example_dags/example_dynamic_task_mapping.py for tasks to queue
[2026-08-24T14:17:29.456+0000] {logging_mixin.py:188} INFO - [2026-08-24T14:17:29.455+0000] {dagbag.py:545} INFO - Filling up the DagBag from /home/airflow/.local/lib/python3.12/site-packages/airflow/example_dags/example_dynamic_task_mapping.py
[2026-08-24T14:17:29.467+0000] {processor.py:840} INFO - DAG(s) 'example_dynamic_task_mapping' retrieved from /home/airflow/.local/lib/python3.12/site-packages/airflow/example_dags/example_dynamic_task_mapping.py
[2026-08-24T14:17:29.493+0000] {logging_mixin.py:188} INFO - [2026-08-24T14:17:29.493+0000] {dag.py:3096} INFO - Sync 1 DAGs
[2026-08-24T14:17:29.533+0000] {logging_mixin.py:188} INFO - [2026-08-24T14:17:29.533+0000] {dag.py:3954} INFO - Setting next_dagrun for example_dynamic_task_mapping to 2022-03-04 00:00:00+00:00, run_after=2022-03-05 00:00:00+00:00
[2026-08-24T14:17:29.560+0000] {processor.py:183} INFO - Processing /home/airflow/.local/lib/python3.12/site-packages/airflow/example_dags/example_dynamic_task_mapping.py took 0.119 seconds
[2026-08-24T14:17:59.605+0000] {processor.py:161} INFO - Started process (PID=633) to work on /home/airflow/.local/lib/python3.12/site-packages/airflow/example_dags/example_dynamic_task_mapping.py
[2026-08-24T14:17:59.606+0000] {processor.py:830} INFO - Processing file /home/airflow/.local/lib/python3.12/site-packages/airflow/example_dags/example_dynamic_task_mapping.py for tasks to queue
[2026-08-24T14:17:59.609+0000] {logging_mixin.py:188} INFO - [2026-08-24T14:17:59.608+0000] {dagbag.py:545} INFO - Filling up the DagBag from /home/airflow/.local/lib/python3.12/site-packages/airflow/example_dags/example_dynamic_task_mapping.py
[2026-08-24T14:17:59.618+0000] {processor.py:840} INFO - DAG(s) 'example_dynamic_task_mapping' retrieved from /home/airflow/.local/lib/python3.12/site-packages/airflow/example_dags/example_dynamic_task_mapping.py
[2026-08-24T14:17:59.642+0000] {logging_mixin.py:188} INFO - [2026-08-24T14:17:59.641+0000] {dag.py:3096} INFO - Sync 1 DAGs
[2026-08-24T14:17:59.674+0000] {logging_mixin.py:188} INFO - [2026-08-24T14:17:59.673+0000] {dag.py:3954} INFO - Setting next_dagrun for example_dynamic_task_mapping to 2022-03-04 00:00:00+00:00, run_after=2022-03-05 00:00:00+00:00
[2026-08-24T14:17:59.695+0000] {processor.py:183} INFO - Processing /home/airflow/.local/lib/python3.12/site-packages/airflow/example_dags/example_dynamic_task_mapping.py took 0.098 seconds
[2026-08-24T14:18:30.454+0000] {processor.py:161} INFO - Started process (PID=692) to work on /home/airflow/.local/lib/python3.12/site-packages/airflow/example_dags/example_dynamic_task_mapping.py
[2026-08-24T14:18:30.456+0000] {processor.py:830} INFO - Processing file /home/airflow/.local/lib/python3.12/site-packages/airflow/example_dags/example_dynamic_task_mapping.py for tasks to queue
[2026-08-24T14:18:30.459+0000] {logging_mixin.py:188} INFO - [2026-08-24T14:18:30.458+0000] {dagbag.py:545} INFO - Filling up the DagBag from /home/airflow/.local/lib/python3.12/site-packages/airflow/example_dags/example_dynamic_task_mapping.py
[2026-08-24T14:18:30.470+0000] {processor.py:840} INFO - DAG(s) 'example_dynamic_task_mapping' retrieved from /home/airflow/.local/lib/python3.12/site-packages/airflow/example_dags/example_dynamic_task_mapping.py
[2026-08-24T14:18:30.502+0000] {logging_mixin.py:188} INFO - [2026-08-24T14:18:30.501+0000] {dag.py:3096} INFO - Sync 1 DAGs
[2026-08-24T14:18:30.552+0000] {logging_mixin.py:188} INFO - [2026-08-24T14:18:30.552+0000] {dag.py:3954} INFO - Setting next_dagrun for example_dynamic_task_mapping to 2022-03-04 00:00:00+00:00, run_after=2022-03-05 00:00:00+00:00
[2026-08-24T14:18:30.600+0000] {processor.py:183} INFO - Processing /home/airflow/.local/lib/python3.12/site-packages/airflow/example_dags/example_dynamic_task_mapping.py took 0.158 seconds
[2026-08-24T14:19:01.140+0000] {processor.py:161} INFO - Started process (PID=752) to work on /home/airflow/.local/lib/python3.12/site-packages/airflow/example_dags/example_dynamic_task_mapping.py
[2026-08-24T14:19:01.141+0000] {processor.py:830} INFO - Processing file /home/airflow/.local/lib/python3.12/site-packages/airflow/example_dags/example_dynamic_task_mapping.py for tasks to queue
[2026-08-24T14:19:01.144+0000] {logging_mixin.py:188} INFO - [2026-08-24T14:19:01.143+0000] {dagbag.py:545} INFO - Filling up the DagBag from /home/airflow/.local/lib/python3.12/site-packages/airflow/example_dags/example_dynamic_task_mapping.py
[2026-08-24T14:19:01.153+0000] {processor.py:840} INFO - DAG(s) 'example_dynamic_task_mapping' retrieved from /home/airflow/.local/lib/python3.12/site-packages/airflow/example_dags/example_dynamic_task_mapping.py
[2026-08-24T14:19:01.177+0000] {logging_mixin.py:188} INFO - [2026-08-24T14:19:01.177+0000] {dag.py:3096} INFO - Sync 1 DAGs
[2026-08-24T14:19:01.205+0000] {logging_mixin.py:188} INFO - [2026-08-24T14:19:01.204+0000] {dag.py:3954} INFO - Setting next_dagrun for example_dynamic_task_mapping to 2022-03-04 00:00:00+00:00, run_after=2022-03-05 00:00:00+00:00
[2026-08-24T14:19:01.227+0000] {processor.py:183} INFO - Processing /home/airflow/.local/lib/python3.12/site-packages/airflow/example_dags/example_dynamic_task_mapping.py took 0.095 seconds
[2026-08-24T14:19:31.346+0000] {processor.py:161} INFO - Started process (PID=812) to work on /home/airflow/.local/lib/python3.12/site-packages/airflow/example_dags/example_dynamic_task_mapping.py
[2026-08-24T14:19:31.348+0000] {processor.py:830} INFO - Processing file /home/airflow/.local/lib/python3.12/site-packages/airflow/example_dags/example_dynamic_task_mapping.py for tasks to queue
[2026-08-24T14:19:31.351+0000] {logging_mixin.py:188} INFO - [2026-08-24T14:19:31.350+0000] {dagbag.py:545} INFO - Filling up the DagBag from /home/airflow/.local/lib/python3.12/site-packages/airflow/example_dags/example_dynamic_task_mapping.py
[2026-08-24T14:19:31.364+0000] {processor.py:840} INFO - DAG(s) 'example_dynamic_task_mapping' retrieved from /home/airflow/.local/lib/python3.12/site-packages/airflow/example_dags/example_dynamic_task_mapping.py
[2026-08-24T14:19:31.402+0000] {logging_mixin.py:188} INFO - [2026-08-24T14:19:31.402+0000] {dag.py:3096} INFO - Sync 1 DAGs
[2026-08-24T14:19:31.445+0000] {logging_mixin.py:188} INFO - [2026-08-24T14:19:31.445+0000] {dag.py:3954} INFO - Setting next_dagrun for example_dynamic_task_mapping to 2022-03-04 00:00:00+00:00, run_after=2022-03-05 00:00:00+00:00
[2026-08-24T14:19:31.470+0000] {processor.py:183} INFO - Processing /home/airflow/.local/lib/python3.12/site-packages/airflow/example_dags/example_dynamic_task_mapping.py took 0.134 seconds
[2026-08-24T14:20:02.078+0000] {processor.py:161} INFO - Started process (PID=872) to work on /home/airflow/.local/lib/python3.12/site-packages/airflow/example_dags/example_dynamic_task_mapping.py
[2026-08-24T14:20:02.080+0000] {processor.py:830} INFO - Processing file /home/airflow/.local/lib/python3.12/site-packages/airflow/example_dags/example_dynamic_task_mapping.py for tasks to queue
[2026-08-24T14:20:02.085+0000] {logging_mixin.py:188} INFO - [2026-08-24T14:20:02.084+0000] {dagbag.py:545} INFO - Filling up the DagBag from /home/airflow/.local/lib/python3.12/site-packages/airflow/example_dags/example_dynamic_task_mapping.py
[2026-08-24T14:20:02.097+0000] {processor.py:840} INFO - DAG(s) 'example_dynamic_task_mapping' retrieved from /home/airflow/.local/lib/python3.12/site-packages/airflow/example_dags/example_dynamic_task_mapping.py
[2026-08-24T14:20:02.129+0000] {logging_mixin.py:188} INFO - [2026-08-24T14:20:02.128+0000] {dag.py:3096} INFO - Sync 1 DAGs
[2026-08-24T14:20:02.164+0000] {logging_mixin.py:188} INFO - [2026-08-24T14:20:02.163+0000] {dag.py:3954} INFO - Setting next_dagrun for example_dynamic_task_mapping to 2022-03-04 00:00:00+00:00, run_after=2022-03-05 00:00:00+00:00
[2026-08-24T14:20:02.194+0000] {processor.py:183} INFO - Processing /home/airflow/.local/lib/python3.12/site-packages/airflow/example_dags/example_dynamic_task_mapping.py took 0.127 seconds
[2026-08-24T14:22:15.165+0000] {processor.py:161} INFO - Started process (PID=103) to work on /home/airflow/.local/lib/python3.12/site-packages/airflow/example_dags/example_dynamic_task_mapping.py
[2026-08-24T14:22:15.167+0000] {processor.py:830} INFO - Processing file /home/airflow/.local/lib/python3.12/site-packages/airflow/example_dags/example_dynamic_task_mapping.py for tasks to queue
[2026-08-24T14:22:15.169+0000] {logging_mixin.py:188} INFO - [2026-08-24T14:22:15.169+0000] {dagbag.py:545} INFO - Filling up the DagBag from /home/airflow/.local/lib/python3.12/site-packages/airflow/example_dags/example_dynamic_task_mapping.py
[2026-08-24T14:22:15.182+0000] {processor.py:840} INFO - DAG(s) 'example_dynamic_task_mapping' retrieved from /home/airflow/.local/lib/python3.12/site-packages/airflow/example_dags/example_dynamic_task_mapping.py
[2026-08-24T14:22:15.338+0000] {logging_mixin.py:188} INFO - [2026-08-24T14:22:15.338+0000] {dag.py:3096} INFO - Sync 1 DAGs
[2026-08-24T14:22:15.364+0000] {logging_mixin.py:188} INFO - [2026-08-24T14:22:15.364+0000] {dag.py:3954} INFO - Setting next_dagrun for example_dynamic_task_mapping to 2022-03-04 00:00:00+00:00, run_after=2022-03-05 00:00:00+00:00
[2026-08-24T14:22:15.392+0000] {processor.py:183} INFO - Processing /home/airflow/.local/lib/python3.12/site-packages/airflow/example_dags/example_dynamic_task_mapping.py took 0.234 seconds
[2026-08-24T14:23:00.164+0000] {processor.py:161} INFO - Started process (PID=82) to work on /home/airflow/.local/lib/python3.12/site-packages/airflow/example_dags/example_dynamic_task_mapping.py
[2026-08-24T14:23:00.166+0000] {processor.py:830} INFO - Processing file /home/airflow/.local/lib/python3.12/site-packages/airflow/example_dags/example_dynamic_task_mapping.py for tasks to queue
[2026-08-24T14:23:00.169+0000] {logging_mixin.py:188} INFO - [2026-08-24T14:23:00.168+0000] {dagbag.py:545} INFO - Filling up the DagBag from /home/airflow/.local/lib/python3.12/site-packages/airflow/example_dags/example_dynamic_task_mapping.py
[2026-08-24T14:23:00.181+0000] {processor.py:840} INFO - DAG(s) 'example_dynamic_task_mapping' retrieved from /home/airflow/.local/lib/python3.12/site-packages/airflow/example_dags/example_dynamic_task_mapping.py
[2026-08-24T14:23:00.227+0000] {logging_mixin.py:188} INFO - [2026-08-24T14:23:00.226+0000] {dag.py:3096} INFO - Sync 1 DAGs
[2026-08-24T14:23:00.264+0000] {logging_mixin.py:188} INFO - [2026-08-24T14:23:00.264+0000] {dag.py:3954} INFO - Setting next_dagrun for example_dynamic_task_mapping to 2022-03-04 00:00:00+00:00, run_after=2022-03-05 00:00:00+00:00
[2026-08-24T14:23:00.290+0000] {processor.py:183} INFO - Processing /home/airflow/.local/lib/python3.12/site-packages/airflow/example_dags/example_dynamic_task_mapping.py took 0.134 seconds
[2026-08-24T14:23:30.693+0000] {processor.py:161} INFO - Started process (PID=142) to work on /home/airflow/.local/lib/python3.12/site-packages/airflow/example_dags/example_dynamic_task_mapping.py
[2026-08-24T14:23:30.695+0000] {processor.py:830} INFO - Processing file /home/airflow/.local/lib/python3.12/site-packages/airflow/example_dags/example_dynamic_task_mapping.py for tasks to queue
[2026-08-24T14:23:30.697+0000] {logging_mixin.py:188} INFO - [2026-08-24T14:23:30.697+0000] {dagbag.py:545} INFO - Filling up the DagBag from /home/airflow/.local/lib/python3.12/site-packages/airflow/example_dags/example_dynamic_task_mapping.py
[2026-08-24T14:23:30.706+0000] {processor.py:840} INFO - DAG(s) 'example_dynamic_task_mapping' retrieved from /home/airflow/.local/lib/python3.12/site-packages/airflow/example_dags/example_dynamic_task_mapping.py
[2026-08-24T14:23:30.729+0000] {logging_mixin.py:188} INFO - [2026-08-24T14:23:30.729+0000] {dag.py:3096} INFO - Sync 1 DAGs
[2026-08-24T14:23:30.764+0000] {logging_mixin.py:188} INFO - [2026-08-24T14:23:30.764+0000] {dag.py:3954} INFO - Setting next_dagrun for example_dynamic_task_mapping to 2022-03-04 00:00:00+00:00, run_after=2022-03-05 00:00:00+00:00
[2026-08-24T14:23:30.788+0000] {processor.py:183} INFO - Processing /home/airflow/.local/lib/python3.12/site-packages/airflow/example_dags/example_dynamic_task_mapping.py took 0.103 seconds
[2026-08-24T14:24:03.549+0000] {processor.py:161} INFO - Started process (PID=208) to work on /home/airflow/.local/lib/python3.12/site-packages/airflow/example_dags/example_dynamic_task_mapping.py
[2026-08-24T14:24:03.551+0000] {processor.py:830} INFO - Processing file /home/airflow/.local/lib/python3.12/site-packages/airflow/example_dags/example_dynamic_task_mapping.py for tasks to queue
[2026-08-24T14:24:03.553+0000] {logging_mixin.py:188} INFO - [2026-08-24T14:24:03.553+0000] {dagbag.py:545} INFO - Filling up the DagBag from /home/airflow/.local/lib/python3.12/site-packages/airflow/example_dags/example_dynamic_task_mapping.py
[2026-08-24T14:24:03.563+0000] {processor.py:840} INFO - DAG(s) 'example_dynamic_task_mapping' retrieved from /home/airflow/.local/lib/python3.12/site-packages/airflow/example_dags/example_dynamic_task_mapping.py
[2026-08-24T14:24:03.591+0000] {logging_mixin.py:188} INFO - [2026-08-24T14:24:03.590+0000] {dag.py:3096} INFO - Sync 1 DAGs
[2026-08-24T14:24:03.627+0000] {logging_mixin.py:188} INFO - [2026-08-24T14:24:03.627+0000] {dag.py:3954} INFO - Setting next_dagrun for example_dynamic_task_mapping to 2022-03-04 00:00:00+00:00, run_after=2022-03-05 00:00:00+00:00
[2026-08-24T14:24:03.672+0000] {processor.py:183} INFO - Processing /home/airflow/.local/lib/python3.12/site-packages/airflow/example_dags/example_dynamic_task_mapping.py took 0.132 seconds
[2026-08-24T14:24:34.566+0000] {processor.py:161} INFO - Started process (PID=268) to work on /home/airflow/.local/lib/python3.12/site-packages/airflow/example_dags/example_dynamic_task_mapping.py
[2026-08-24T14:24:34.568+0000] {processor.py:830} INFO - Processing file /home/airflow/.local/lib/python3.12/site-packages/airflow/example_dags/example_dynamic_task_mapping.py for tasks to queue
[2026-08-24T14:24:34.571+0000] {logging_mixin.py:188} INFO - [2026-08-24T14:24:34.571+0000] {dagbag.py:545} INFO - Filling up the DagBag from /home/airflow/.local/lib/python3.12/site-packages/airflow/example_dags/example_dynamic_task_mapping.py
[2026-08-24T14:24:34.583+0000] {processor.py:840} INFO - DAG(s) 'example_dynamic_task_mapping' retrieved from /home/airflow/.local/lib/python3.12/site-packages/airflow/example_dags/example_dynamic_task_mapping.py
[2026-08-24T14:24:34.615+0000] {logging_mixin.py:188} INFO - [2026-08-24T14:24:34.615+0000] {dag.py:3096} INFO - Sync 1 DAGs
[2026-08-24T14:24:34.649+0000] {logging_mixin.py:188} INFO - [2026-08-24T14:24:34.648+0000] {dag.py:3954} INFO - Setting next_dagrun for example_dynamic_task_mapping to 2022-03-04 00:00:00+00:00, run_after=2022-03-05 00:00:00+00:00
[2026-08-24T14:24:34.674+0000] {processor.py:183} INFO - Processing /home/airflow/.local/lib/python3.12/site-packages/airflow/example_dags/example_dynamic_task_mapping.py took 0.117 seconds
[2026-08-24T14:25:04.758+0000] {processor.py:161} INFO - Started process (PID=326) to work on /home/airflow/.local/lib/python3.12/site-packages/airflow/example_dags/example_dynamic_task_mapping.py
[2026-08-24T14:25:04.760+0000] {processor.py:830} INFO - Processing file /home/airflow/.local/lib/python3.12/site-packages/airflow/example_dags/example_dynamic_task_mapping.py for tasks to queue
[2026-08-24T14:25:04.762+0000] {logging_mixin.py:188} INFO - [2026-08-24T14:25:04.762+0000] {dagbag.py:545} INFO - Filling up the DagBag from /home/airflow/.local/lib/python3.12/site-packages/airflow/example_dags/example_dynamic_task_mapping.py
[2026-08-24T14:25:04.771+0000] {processor.py:840} INFO - DAG(s) 'example_dynamic_task_mapping' retrieved from /home/airflow/.local/lib/python3.12/site-packages/airflow/example_dags/example_dynamic_task_mapping.py
[2026-08-24T14:25:04.796+0000] {logging_mixin.py:188} INFO - [2026-08-24T14:25:04.796+0000] {dag.py:3096} INFO - Sync 1 DAGs
[2026-08-24T14:25:04.822+0000] {logging_mixin.py:188} INFO - [2026-08-24T14:25:04.822+0000] {dag.py:3954} INFO - Setting next_dagrun for example_dynamic_task_mapping to 2022-03-04 00:00:00+00:00, run_after=2022-03-05 00:00:00+00:00
[2026-08-24T14:25:04.845+0000] {processor.py:183} INFO - Processing /home/airflow/.local/lib/python3.12/site-packages/airflow/example_dags/example_dynamic_task_mapping.py took 0.094 seconds
[2026-08-24T14:25:34.986+0000] {processor.py:161} INFO - Started process (PID=386) to work on /home/airflow/.local/lib/python3.12/site-packages/airflow/example_dags/example_dynamic_task_mapping.py
[2026-08-24T14:25:34.987+0000] {processor.py:830} INFO - Processing file /home/airflow/.local/lib/python3.12/site-packages/airflow/example_dags/example_dynamic_task_mapping.py for tasks to queue
[2026-08-24T14:25:34.990+0000] {logging_mixin.py:188} INFO - [2026-08-24T14:25:34.990+0000] {dagbag.py:545} INFO - Filling up the DagBag from /home/airflow/.local/lib/python3.12/site-packages/airflow/example_dags/example_dynamic_task_mapping.py
[2026-08-24T14:25:34.999+0000] {processor.py:840} INFO - DAG(s) 'example_dynamic_task_mapping' retrieved from /home/airflow/.local/lib/python3.12/site-packages/airflow/example_dags/example_dynamic_task_mapping.py
[2026-08-24T14:25:35.023+0000] {logging_mixin.py:188} INFO - [2026-08-24T14:25:35.023+0000] {dag.py:3096} INFO - Sync 1 DAGs
[2026-08-24T14:25:35.049+0000] {logging_mixin.py:188} INFO - [2026-08-24T14:25:35.049+0000] {dag.py:3954} INFO - Setting next_dagrun for example_dynamic_task_mapping to 2022-03-04 00:00:00+00:00, run_after=2022-03-05 00:00:00+00:00
[2026-08-24T14:25:35.070+0000] {processor.py:183} INFO - Processing /home/airflow/.local/lib/python3.12/site-packages/airflow/example_dags/example_dynamic_task_mapping.py took 0.091 seconds
[2026-08-24T14:26:05.546+0000] {processor.py:161} INFO - Started process (PID=446) to work on /home/airflow/.local/lib/python3.12/site-packages/airflow/example_dags/example_dynamic_task_mapping.py
[2026-08-24T14:26:05.548+0000] {processor.py:830} INFO - Processing file /home/airflow/.local/lib/python3.12/site-packages/airflow/example_dags/example_dynamic_task_mapping.py for tasks to queue
[2026-08-24T14:26:05.550+0000] {logging_mixin.py:188} INFO - [2026-08-24T14:26:05.550+0000] {dagbag.py:545} INFO - Filling up the DagBag from /home/airflow/.local/lib/python3.12/site-packages/airflow/example_dags/example_dynamic_task_mapping.py
[2026-08-24T14:26:05.558+0000] {processor.py:840} INFO - DAG(s) 'example_dynamic_task_mapping' retrieved from /home/airflow/.local/lib/python3.12/site-packages/airflow/example_dags/example_dynamic_task_mapping.py
[2026-08-24T14:26:05.582+0000] {logging_mixin.py:188} INFO - [2026-08-24T14:26:05.582+0000] {dag.py:3096} INFO - Sync 1 DAGs
[2026-08-24T14:26:05.613+0000] {logging_mixin.py:188} INFO - [2026-08-24T14:26:05.612+0000] {dag.py:3954} INFO - Setting next_dagrun for example_dynamic_task_mapping to 2022-03-04 00:00:00+00:00, run_after=2022-03-05 00:00:00+00:00
[2026-08-24T14:26:05.637+0000] {processor.py:183} INFO - Processing /home/airflow/.local/lib/python3.12/site-packages/airflow/example_dags/example_dynamic_task_mapping.py took 0.098 seconds
[2026-08-24T14:26:35.811+0000] {processor.py:161} INFO - Started process (PID=506) to work on /home/airflow/.local/lib/python3.12/site-packages/airflow/example_dags/example_dynamic_task_mapping.py
[2026-08-24T14:26:35.813+0000] {processor.py:830} INFO - Processing file /home/airflow/.local/lib/python3.12/site-packages/airflow/example_dags/example_dynamic_task_mapping.py for tasks to queue
[2026-08-24T14:26:35.816+0000] {logging_mixin.py:188} INFO - [2026-08-24T14:26:35.816+0000] {dagbag.py:545} INFO - Filling up the DagBag from /home/airflow/.local/lib/python3.12/site-packages/airflow/example_dags/example_dynamic_task_mapping.py
[2026-08-24T14:26:35.828+0000] {processor.py:840} INFO - DAG(s) 'example_dynamic_task_mapping' retrieved from /home/airflow/.local/lib/python3.12/site-packages/airflow/example_dags/example_dynamic_task_mapping.py
[2026-08-24T14:26:35.855+0000] {logging_mixin.py:188} INFO - [2026-08-24T14:26:35.855+0000] {dag.py:3096} INFO - Sync 1 DAGs
[2026-08-24T14:26:35.886+0000] {logging_mixin.py:188} INFO - [2026-08-24T14:26:35.886+0000] {dag.py:3954} INFO - Setting next_dagrun for example_dynamic_task_mapping to 2022-03-04 00:00:00+00:00, run_after=2022-03-05 00:00:00+00:00
[2026-08-24T14:26:35.911+0000] {processor.py:183} INFO - Processing /home/airflow/.local/lib/python3.12/site-packages/airflow/example_dags/example_dynamic_task_mapping.py took 0.112 seconds
[2026-08-24T14:27:06.558+0000] {processor.py:161} INFO - Started process (PID=566) to work on /home/airflow/.local/lib/python3.12/site-packages/airflow/example_dags/example_dynamic_task_mapping.py
[2026-08-24T14:27:06.559+0000] {processor.py:830} INFO - Processing file /home/airflow/.local/lib/python3.12/site-packages/airflow/example_dags/example_dynamic_task_mapping.py for tasks to queue
[2026-08-24T14:27:06.562+0000] {logging_mixin.py:188} INFO - [2026-08-24T14:27:06.562+0000] {dagbag.py:545} INFO - Filling up the DagBag from /home/airflow/.local/lib/python3.12/site-packages/airflow/example_dags/example_dynamic_task_mapping.py
[2026-08-24T14:27:06.573+0000] {processor.py:840} INFO - DAG(s) 'example_dynamic_task_mapping' retrieved from /home/airflow/.local/lib/python3.12/site-packages/airflow/example_dags/example_dynamic_task_mapping.py
[2026-08-24T14:27:06.601+0000] {logging_mixin.py:188} INFO - [2026-08-24T14:27:06.601+0000] {dag.py:3096} INFO - Sync 1 DAGs
[2026-08-24T14:27:06.641+0000] {logging_mixin.py:188} INFO - [2026-08-24T14:27:06.641+0000] {dag.py:3954} INFO - Setting next_dagrun for example_dynamic_task_mapping to 2022-03-04 00:00:00+00:00, run_after=2022-03-05 00:00:00+00:00
[2026-08-24T14:27:06.673+0000] {processor.py:183} INFO - Processing /home/airflow/.local/lib/python3.12/site-packages/airflow/example_dags/example_dynamic_task_mapping.py took 0.123 seconds
[2026-08-24T14:27:37.042+0000] {processor.py:161} INFO - Started process (PID=626) to work on /home/airflow/.local/lib/python3.12/site-packages/airflow/example_dags/example_dynamic_task_mapping.py
[2026-08-24T14:27:37.043+0000] {processor.py:830} INFO - Processing file /home/airflow/.local/lib/python3.12/site-packages/airflow/example_dags/example_dynamic_task_mapping.py for tasks to queue
[2026-08-24T14:27:37.046+0000] {logging_mixin.py:188} INFO - [2026-08-24T14:27:37.045+0000] {dagbag.py:545} INFO - Filling up the DagBag from /home/airflow/.local/lib/python3.12/site-packages/airflow/example_dags/example_dynamic_task_mapping.py
[2026-08-24T14:27:37.057+0000] {processor.py:840} INFO - DAG(s) 'example_dynamic_task_mapping' retrieved from /home/airflow/.local/lib/python3.12/site-packages/airflow/example_dags/example_dynamic_task_mapping.py
[2026-08-24T14:27:37.090+0000] {logging_mixin.py:188} INFO - [2026-08-24T14:27:37.090+0000] {dag.py:3096} INFO - Sync 1 DAGs
[2026-08-24T14:27:37.122+0000] {logging_mixin.py:188} INFO - [2026-08-24T14:27:37.121+0000] {dag.py:3954} INFO - Setting next_dagrun for example_dynamic_task_mapping to 2022-03-04 00:00:00+00:00, run_after=2022-03-05 00:00:00+00:00
[2026-08-24T14:27:37.148+0000] {processor.py:183} INFO - Processing /home/airflow/.local/lib/python3.12/site-packages/airflow/example_dags/example_dynamic_task_mapping.py took 0.113 seconds
[2026-08-24T14:28:07.258+0000] {processor.py:161} INFO - Started process (PID=686) to work on /home/airflow/.local/lib/python3.12/site-packages/airflow/example_dags/example_dynamic_task_mapping.py
[2026-08-24T14:28:07.260+0000] {processor.py:830} INFO - Processing file /home/airflow/.local/lib/python3.12/site-packages/airflow/example_dags/example_dynamic_task_mapping.py for tasks to queue
[2026-08-24T14:28:07.263+0000] {logging_mixin.py:188} INFO - [2026-08-24T14:28:07.262+0000] {dagbag.py:545} INFO - Filling up the DagBag from /home/airflow/.local/lib/python3.12/site-packages/airflow/example_dags/example_dynamic_task_mapping.py
[2026-08-24T14:28:07.274+0000] {processor.py:840} INFO - DAG(s) 'example_dynamic_task_mapping' retrieved from /home/airflow/.local/lib/python3.12/site-packages/airflow/example_dags/example_dynamic_task_mapping.py
[2026-08-24T14:28:07.302+0000] {logging_mixin.py:188} INFO - [2026-08-24T14:28:07.302+0000] {dag.py:3096} INFO - Sync 1 DAGs
[2026-08-24T14:28:07.331+0000] {logging_mixin.py:188} INFO - [2026-08-24T14:28:07.330+0000] {dag.py:3954} INFO - Setting next_dagrun for example_dynamic_task_mapping to 2022-03-04 00:00:00+00:00, run_after=2022-03-05 00:00:00+00:00
[2026-08-24T14:28:07.358+0000] {processor.py:183} INFO - Processing /home/airflow/.local/lib/python3.12/site-packages/airflow/example_dags/example_dynamic_task_mapping.py took 0.108 seconds
[2026-08-24T14:28:37.748+0000] {processor.py:161} INFO - Started process (PID=746) to work on /home/airflow/.local/lib/python3.12/site-packages/airflow/example_dags/example_dynamic_task_mapping.py
[2026-08-24T14:28:37.750+0000] {processor.py:830} INFO - Processing file /home/airflow/.local/lib/python3.12/site-packages/airflow/example_dags/example_dynamic_task_mapping.py for tasks to queue
[2026-08-24T14:28:37.752+0000] {logging_mixin.py:188} INFO - [2026-08-24T14:28:37.752+0000] {dagbag.py:545} INFO - Filling up the DagBag from /home/airflow/.local/lib/python3.12/site-packages/airflow/example_dags/example_dynamic_task_mapping.py
[2026-08-24T14:28:37.760+0000] {processor.py:840} INFO - DAG(s) 'example_dynamic_task_mapping' retrieved from /home/airflow/.local/lib/python3.12/site-packages/airflow/example_dags/example_dynamic_task_mapping.py
[2026-08-24T14:28:37.784+0000] {logging_mixin.py:188} INFO - [2026-08-24T14:28:37.784+0000] {dag.py:3096} INFO - Sync 1 DAGs
[2026-08-24T14:28:37.810+0000] {logging_mixin.py:188} INFO - [2026-08-24T14:28:37.810+0000] {dag.py:3954} INFO - Setting next_dagrun for example_dynamic_task_mapping to 2022-03-04 00:00:00+00:00, run_after=2022-03-05 00:00:00+00:00
[2026-08-24T14:28:37.832+0000] {processor.py:183} INFO - Processing /home/airflow/.local/lib/python3.12/site-packages/airflow/example_dags/example_dynamic_task_mapping.py took 0.091 seconds
[2026-08-24T14:29:08.354+0000] {processor.py:161} INFO - Started process (PID=806) to work on /home/airflow/.local/lib/python3.12/site-packages/airflow/example_dags/example_dynamic_task_mapping.py
[2026-08-24T14:29:08.355+0000] {processor.py:830} INFO - Processing file /home/airflow/.local/lib/python3.12/site-packages/airflow/example_dags/example_dynamic_task_mapping.py for tasks to queue
[2026-08-24T14:29:08.358+0000] {logging_mixin.py:188} INFO - [2026-08-24T14:29:08.357+0000] {dagbag.py:545} INFO - Filling up the DagBag from /home/airflow/.local/lib/python3.12/site-packages/airflow/example_dags/example_dynamic_task_mapping.py
[2026-08-24T14:29:08.369+0000] {processor.py:840} INFO - DAG(s) 'example_dynamic_task_mapping' retrieved from /home/airflow/.local/lib/python3.12/site-packages/airflow/example_dags/example_dynamic_task_mapping.py
[2026-08-24T14:29:08.398+0000] {logging_mixin.py:188} INFO - [2026-08-24T14:29:08.397+0000] {dag.py:3096} INFO - Sync 1 DAGs
[2026-08-24T14:29:08.441+0000] {logging_mixin.py:188} INFO - [2026-08-24T14:29:08.440+0000] {dag.py:3954} INFO - Setting next_dagrun for example_dynamic_task_mapping to 2022-03-04 00:00:00+00:00, run_after=2022-03-05 00:00:00+00:00
[2026-08-24T14:29:08.484+0000] {processor.py:183} INFO - Processing /home/airflow/.local/lib/python3.12/site-packages/airflow/example_dags/example_dynamic_task_mapping.py took 0.138 seconds
[2026-08-24T14:29:38.906+0000] {processor.py:161} INFO - Started process (PID=867) to work on /home/airflow/.local/lib/python3.12/site-packages/airflow/example_dags/example_dynamic_task_mapping.py
[2026-08-24T14:29:38.908+0000] {processor.py:830} INFO - Processing file /home/airflow/.local/lib/python3.12/site-packages/airflow/example_dags/example_dynamic_task_mapping.py for tasks to queue
[2026-08-24T14:29:38.910+0000] {logging_mixin.py:188} INFO - [2026-08-24T14:29:38.910+0000] {dagbag.py:545} INFO - Filling up the DagBag from /home/airflow/.local/lib/python3.12/site-packages/airflow/example_dags/example_dynamic_task_mapping.py
[2026-08-24T14:29:38.923+0000] {processor.py:840} INFO - DAG(s) 'example_dynamic_task_mapping' retrieved from /home/airflow/.local/lib/python3.12/site-packages/airflow/example_dags/example_dynamic_task_mapping.py
[2026-08-24T14:29:38.948+0000] {logging_mixin.py:188} INFO - [2026-08-24T14:29:38.947+0000] {dag.py:3096} INFO - Sync 1 DAGs
[2026-08-24T14:29:38.976+0000] {logging_mixin.py:188} INFO - [2026-08-24T14:29:38.976+0000] {dag.py:3954} INFO - Setting next_dagrun for example_dynamic_task_mapping to 2022-03-04 00:00:00+00:00, run_after=2022-03-05 00:00:00+00:00
[2026-08-24T14:29:39.003+0000] {processor.py:183} INFO - Processing /home/airflow/.local/lib/python3.12/site-packages/airflow/example_dags/example_dynamic_task_mapping.py took 0.104 seconds
[2026-08-24T14:30:09.098+0000] {processor.py:161} INFO - Started process (PID=927) to work on /home/airflow/.local/lib/python3.12/site-packages/airflow/example_dags/example_dynamic_task_mapping.py
[2026-08-24T14:30:09.099+0000] {processor.py:830} INFO - Processing file /home/airflow/.local/lib/python3.12/site-packages/airflow/example_dags/example_dynamic_task_mapping.py for tasks to queue
[2026-08-24T14:30:09.103+0000] {logging_mixin.py:188} INFO - [2026-08-24T14:30:09.103+0000] {dagbag.py:545} INFO - Filling up the DagBag from /home/airflow/.local/lib/python3.12/site-packages/airflow/example_dags/example_dynamic_task_mapping.py
[2026-08-24T14:30:09.113+0000] {processor.py:840} INFO - DAG(s) 'example_dynamic_task_mapping' retrieved from /home/airflow/.local/lib/python3.12/site-packages/airflow/example_dags/example_dynamic_task_mapping.py
[2026-08-24T14:30:09.147+0000] {logging_mixin.py:188} INFO - [2026-08-24T14:30:09.147+0000] {dag.py:3096} INFO - Sync 1 DAGs
[2026-08-24T14:30:09.183+0000] {logging_mixin.py:188} INFO - [2026-08-24T14:30:09.183+0000] {dag.py:3954} INFO - Setting next_dagrun for example_dynamic_task_mapping to 2022-03-04 00:00:00+00:00, run_after=2022-03-05 00:00:00+00:00
[2026-08-24T14:30:09.213+0000] {processor.py:183} INFO - Processing /home/airflow/.local/lib/python3.12/site-packages/airflow/example_dags/example_dynamic_task_mapping.py took 0.122 seconds
[2026-08-24T14:30:39.287+0000] {processor.py:161} INFO - Started process (PID=988) to work on /home/airflow/.local/lib/python3.12/site-packages/airflow/example_dags/example_dynamic_task_mapping.py
[2026-08-24T14:30:39.289+0000] {processor.py:830} INFO - Processing file /home/airflow/.local/lib/python3.12/site-packages/airflow/example_dags/example_dynamic_task_mapping.py for tasks to queue
[2026-08-24T14:30:39.291+0000] {logging_mixin.py:188} INFO - [2026-08-24T14:30:39.291+0000] {dagbag.py:545} INFO - Filling up the DagBag from /home/airflow/.local/lib/python3.12/site-packages/airflow/example_dags/example_dynamic_task_mapping.py
[2026-08-24T14:30:39.300+0000] {processor.py:840} INFO - DAG(s) 'example_dynamic_task_mapping' retrieved from /home/airflow/.local/lib/python3.12/site-packages/airflow/example_dags/example_dynamic_task_mapping.py
[2026-08-24T14:30:39.325+0000] {logging_mixin.py:188} INFO - [2026-08-24T14:30:39.324+0000] {dag.py:3096} INFO - Sync 1 DAGs
[2026-08-24T14:30:39.352+0000] {logging_mixin.py:188} INFO - [2026-08-24T14:30:39.351+0000] {dag.py:3954} INFO - Setting next_dagrun for example_dynamic_task_mapping to 2022-03-04 00:00:00+00:00, run_after=2022-03-05 00:00:00+00:00
[2026-08-24T14:30:39.373+0000] {processor.py:183} INFO - Processing /home/airflow/.local/lib/python3.12/site-packages/airflow/example_dags/example_dynamic_task_mapping.py took 0.092 seconds
[2026-08-24T14:31:09.988+0000] {processor.py:161} INFO - Started process (PID=1048) to work on /home/airflow/.local/lib/python3.12/site-packages/airflow/example_dags/example_dynamic_task_mapping.py
[2026-08-24T14:31:09.989+0000] {processor.py:830} INFO - Processing file /home/airflow/.local/lib/python3.12/site-packages/airflow/example_dags/example_dynamic_task_mapping.py for tasks to queue
[2026-08-24T14:31:09.992+0000] {logging_mixin.py:188} INFO - [2026-08-24T14:31:09.992+0000] {dagbag.py:545} INFO - Filling up the DagBag from /home/airflow/.local/lib/python3.12/site-packages/airflow/example_dags/example_dynamic_task_mapping.py
[2026-08-24T14:31:10.001+0000] {processor.py:840} INFO - DAG(s) 'example_dynamic_task_mapping' retrieved from /home/airflow/.local/lib/python3.12/site-packages/airflow/example_dags/example_dynamic_task_mapping.py
[2026-08-24T14:31:10.030+0000] {logging_mixin.py:188} INFO - [2026-08-24T14:31:10.030+0000] {dag.py:3096} INFO - Sync 1 DAGs
[2026-08-24T14:31:10.058+0000] {logging_mixin.py:188} INFO - [2026-08-24T14:31:10.057+0000] {dag.py:3954} INFO - Setting next_dagrun for example_dynamic_task_mapping to 2022-03-04 00:00:00+00:00, run_after=2022-03-05 00:00:00+00:00
[2026-08-24T14:31:10.079+0000] {processor.py:183} INFO - Processing /home/airflow/.local/lib/python3.12/site-packages/airflow/example_dags/example_dynamic_task_mapping.py took 0.098 seconds
[2026-08-24T14:35:23.417+0000] {processor.py:161} INFO - Started process (PID=105) to work on /home/airflow/.local/lib/python3.12/site-packages/airflow/example_dags/example_dynamic_task_mapping.py
[2026-08-24T14:35:23.418+0000] {processor.py:830} INFO - Processing file /home/airflow/.local/lib/python3.12/site-packages/airflow/example_dags/example_dynamic_task_mapping.py for tasks to queue
[2026-08-24T14:35:23.422+0000] {logging_mixin.py:188} INFO - [2026-08-24T14:35:23.422+0000] {dagbag.py:545} INFO - Filling up the DagBag from /home/airflow/.local/lib/python3.12/site-packages/airflow/example_dags/example_dynamic_task_mapping.py
[2026-08-24T14:35:23.440+0000] {processor.py:840} INFO - DAG(s) 'example_dynamic_task_mapping' retrieved from /home/airflow/.local/lib/python3.12/site-packages/airflow/example_dags/example_dynamic_task_mapping.py
[2026-08-24T14:35:23.597+0000] {logging_mixin.py:188} INFO - [2026-08-24T14:35:23.596+0000] {dag.py:3096} INFO - Sync 1 DAGs
[2026-08-24T14:35:23.621+0000] {logging_mixin.py:188} INFO - [2026-08-24T14:35:23.620+0000] {dag.py:3954} INFO - Setting next_dagrun for example_dynamic_task_mapping to 2022-03-04 00:00:00+00:00, run_after=2022-03-05 00:00:00+00:00
[2026-08-24T14:35:23.645+0000] {processor.py:183} INFO - Processing /home/airflow/.local/lib/python3.12/site-packages/airflow/example_dags/example_dynamic_task_mapping.py took 0.237 seconds
[2026-08-24T14:35:54.268+0000] {processor.py:161} INFO - Started process (PID=164) to work on /home/airflow/.local/lib/python3.12/site-packages/airflow/example_dags/example_dynamic_task_mapping.py
[2026-08-24T14:35:54.269+0000] {processor.py:830} INFO - Processing file /home/airflow/.local/lib/python3.12/site-packages/airflow/example_dags/example_dynamic_task_mapping.py for tasks to queue
[2026-08-24T14:35:54.273+0000] {logging_mixin.py:188} INFO - [2026-08-24T14:35:54.273+0000] {dagbag.py:545} INFO - Filling up the DagBag from /home/airflow/.local/lib/python3.12/site-packages/airflow/example_dags/example_dynamic_task_mapping.py
[2026-08-24T14:35:54.283+0000] {processor.py:840} INFO - DAG(s) 'example_dynamic_task_mapping' retrieved from /home/airflow/.local/lib/python3.12/site-packages/airflow/example_dags/example_dynamic_task_mapping.py
[2026-08-24T14:35:54.308+0000] {logging_mixin.py:188} INFO - [2026-08-24T14:35:54.308+0000] {dag.py:3096} INFO - Sync 1 DAGs
[2026-08-24T14:35:54.335+0000] {logging_mixin.py:188} INFO - [2026-08-24T14:35:54.335+0000] {dag.py:3954} INFO - Setting next_dagrun for example_dynamic_task_mapping to 2022-03-04 00:00:00+00:00, run_after=2022-03-05 00:00:00+00:00
[2026-08-24T14:35:54.358+0000] {processor.py:183} INFO - Processing /home/airflow/.local/lib/python3.12/site-packages/airflow/example_dags/example_dynamic_task_mapping.py took 0.099 seconds
[2026-08-24T14:36:24.397+0000] {processor.py:161} INFO - Started process (PID=223) to work on /home/airflow/.local/lib/python3.12/site-packages/airflow/example_dags/example_dynamic_task_mapping.py
[2026-08-24T14:36:24.398+0000] {processor.py:830} INFO - Processing file /home/airflow/.local/lib/python3.12/site-packages/airflow/example_dags/example_dynamic_task_mapping.py for tasks to queue
[2026-08-24T14:36:24.401+0000] {logging_mixin.py:188} INFO - [2026-08-24T14:36:24.400+0000] {dagbag.py:545} INFO - Filling up the DagBag from /home/airflow/.local/lib/python3.12/site-packages/airflow/example_dags/example_dynamic_task_mapping.py
[2026-08-24T14:36:24.410+0000] {processor.py:840} INFO - DAG(s) 'example_dynamic_task_mapping' retrieved from /home/airflow/.local/lib/python3.12/site-packages/airflow/example_dags/example_dynamic_task_mapping.py
[2026-08-24T14:36:24.433+0000] {logging_mixin.py:188} INFO - [2026-08-24T14:36:24.433+0000] {dag.py:3096} INFO - Sync 1 DAGs
[2026-08-24T14:36:24.461+0000] {logging_mixin.py:188} INFO - [2026-08-24T14:36:24.461+0000] {dag.py:3954} INFO - Setting next_dagrun for example_dynamic_task_mapping to 2022-03-04 00:00:00+00:00, run_after=2022-03-05 00:00:00+00:00
[2026-08-24T14:36:24.482+0000] {processor.py:183} INFO - Processing /home/airflow/.local/lib/python3.12/site-packages/airflow/example_dags/example_dynamic_task_mapping.py took 0.092 seconds
[2026-08-24T14:36:55.132+0000] {processor.py:161} INFO - Started process (PID=284) to work on /home/airflow/.local/lib/python3.12/site-packages/airflow/example_dags/example_dynamic_task_mapping.py
[2026-08-24T14:36:55.134+0000] {processor.py:830} INFO - Processing file /home/airflow/.local/lib/python3.12/site-packages/airflow/example_dags/example_dynamic_task_mapping.py for tasks to queue
[2026-08-24T14:36:55.137+0000] {logging_mixin.py:188} INFO - [2026-08-24T14:36:55.136+0000] {dagbag.py:545} INFO - Filling up the DagBag from /home/airflow/.local/lib/python3.12/site-packages/airflow/example_dags/example_dynamic_task_mapping.py
[2026-08-24T14:36:55.147+0000] {processor.py:840} INFO - DAG(s) 'example_dynamic_task_mapping' retrieved from /home/airflow/.local/lib/python3.12/site-packages/airflow/example_dags/example_dynamic_task_mapping.py
[2026-08-24T14:36:55.171+0000] {logging_mixin.py:188} INFO - [2026-08-24T14:36:55.171+0000] {dag.py:3096} INFO - Sync 1 DAGs
[2026-08-24T14:36:55.199+0000] {logging_mixin.py:188} INFO - [2026-08-24T14:36:55.199+0000] {dag.py:3954} INFO - Setting next_dagrun for example_dynamic_task_mapping to 2022-03-04 00:00:00+00:00, run_after=2022-03-05 00:00:00+00:00
[2026-08-24T14:36:55.223+0000] {processor.py:183} INFO - Processing /home/airflow/.local/lib/python3.12/site-packages/airflow/example_dags/example_dynamic_task_mapping.py took 0.101 seconds
[2026-08-24T14:37:25.635+0000] {processor.py:161} INFO - Started process (PID=344) to work on /home/airflow/.local/lib/python3.12/site-packages/airflow/example_dags/example_dynamic_task_mapping.py
[2026-08-24T14:37:25.636+0000] {processor.py:830} INFO - Processing file /home/airflow/.local/lib/python3.12/site-packages/airflow/example_dags/example_dynamic_task_mapping.py for tasks to queue
[2026-08-24T14:37:25.639+0000] {logging_mixin.py:188} INFO - [2026-08-24T14:37:25.638+0000] {dagbag.py:545} INFO - Filling up the DagBag from /home/airflow/.local/lib/python3.12/site-packages/airflow/example_dags/example_dynamic_task_mapping.py
[2026-08-24T14:37:25.648+0000] {processor.py:840} INFO - DAG(s) 'example_dynamic_task_mapping' retrieved from /home/airflow/.local/lib/python3.12/site-packages/airflow/example_dags/example_dynamic_task_mapping.py
[2026-08-24T14:37:25.672+0000] {logging_mixin.py:188} INFO - [2026-08-24T14:37:25.671+0000] {dag.py:3096} INFO - Sync 1 DAGs
[2026-08-24T14:37:25.701+0000] {logging_mixin.py:188} INFO - [2026-08-24T14:37:25.700+0000] {dag.py:3954} INFO - Setting next_dagrun for example_dynamic_task_mapping to 2022-03-04 00:00:00+00:00, run_after=2022-03-05 00:00:00+00:00
[2026-08-24T14:37:25.724+0000] {processor.py:183} INFO - Processing /home/airflow/.local/lib/python3.12/site-packages/airflow/example_dags/example_dynamic_task_mapping.py took 0.097 seconds
[2026-08-24T14:37:56.185+0000] {processor.py:161} INFO - Started process (PID=404) to work on /home/airflow/.local/lib/python3.12/site-packages/airflow/example_dags/example_dynamic_task_mapping.py
[2026-08-24T14:37:56.186+0000] {processor.py:830} INFO - Processing file /home/airflow/.local/lib/python3.12/site-packages/airflow/example_dags/example_dynamic_task_mapping.py for tasks to queue
[2026-08-24T14:37:56.189+0000] {logging_mixin.py:188} INFO - [2026-08-24T14:37:56.188+0000] {dagbag.py:545} INFO - Filling up the DagBag from /home/airflow/.local/lib/python3.12/site-packages/airflow/example_dags/example_dynamic_task_mapping.py
[2026-08-24T14:37:56.197+0000] {processor.py:840} INFO - DAG(s) 'example_dynamic_task_mapping' retrieved from /home/airflow/.local/lib/python3.12/site-packages/airflow/example_dags/example_dynamic_task_mapping.py
[2026-08-24T14:37:56.224+0000] {logging_mixin.py:188} INFO - [2026-08-24T14:37:56.224+0000] {dag.py:3096} INFO - Sync 1 DAGs
[2026-08-24T14:37:56.255+0000] {logging_mixin.py:188} INFO - [2026-08-24T14:37:56.255+0000] {dag.py:3954} INFO - Setting next_dagrun for example_dynamic_task_mapping to 2022-03-04 00:00:00+00:00, run_after=2022-03-05 00:00:00+00:00
[2026-08-24T14:37:56.278+0000] {processor.py:183} INFO - Processing /home/airflow/.local/lib/python3.12/site-packages/airflow/example_dags/example_dynamic_task_mapping.py took 0.102 seconds
[2026-08-24T14:38:26.772+0000] {processor.py:161} INFO - Started process (PID=465) to work on /home/airflow/.local/lib/python3.12/site-packages/airflow/example_dags/example_dynamic_task_mapping.py
[2026-08-24T14:38:26.773+0000] {processor.py:830} INFO - Processing file /home/airflow/.local/lib/python3.12/site-packages/airflow/example_dags/example_dynamic_task_mapping.py for tasks to queue
[2026-08-24T14:38:26.777+0000] {logging_mixin.py:188} INFO - [2026-08-24T14:38:26.776+0000] {dagbag.py:545} INFO - Filling up the DagBag from /home/airflow/.local/lib/python3.12/site-packages/airflow/example_dags/example_dynamic_task_mapping.py
[2026-08-24T14:38:26.787+0000] {processor.py:840} INFO - DAG(s) 'example_dynamic_task_mapping' retrieved from /home/airflow/.local/lib/python3.12/site-packages/airflow/example_dags/example_dynamic_task_mapping.py
[2026-08-24T14:38:26.814+0000] {logging_mixin.py:188} INFO - [2026-08-24T14:38:26.814+0000] {dag.py:3096} INFO - Sync 1 DAGs
[2026-08-24T14:38:26.843+0000] {logging_mixin.py:188} INFO - [2026-08-24T14:38:26.843+0000] {dag.py:3954} INFO - Setting next_dagrun for example_dynamic_task_mapping to 2022-03-04 00:00:00+00:00, run_after=2022-03-05 00:00:00+00:00
[2026-08-24T14:38:26.869+0000] {processor.py:183} INFO - Processing /home/airflow/.local/lib/python3.12/site-packages/airflow/example_dags/example_dynamic_task_mapping.py took 0.108 seconds
[2026-08-24T14:38:56.999+0000] {processor.py:161} INFO - Started process (PID=525) to work on /home/airflow/.local/lib/python3.12/site-packages/airflow/example_dags/example_dynamic_task_mapping.py
[2026-08-24T14:38:57.001+0000] {processor.py:830} INFO - Processing file /home/airflow/.local/lib/python3.12/site-packages/airflow/example_dags/example_dynamic_task_mapping.py for tasks to queue
[2026-08-24T14:38:57.003+0000] {logging_mixin.py:188} INFO - [2026-08-24T14:38:57.003+0000] {dagbag.py:545} INFO - Filling up the DagBag from /home/airflow/.local/lib/python3.12/site-packages/airflow/example_dags/example_dynamic_task_mapping.py
[2026-08-24T14:38:57.013+0000] {processor.py:840} INFO - DAG(s) 'example_dynamic_task_mapping' retrieved from /home/airflow/.local/lib/python3.12/site-packages/airflow/example_dags/example_dynamic_task_mapping.py
[2026-08-24T14:38:57.038+0000] {logging_mixin.py:188} INFO - [2026-08-24T14:38:57.038+0000] {dag.py:3096} INFO - Sync 1 DAGs
[2026-08-24T14:38:57.066+0000] {logging_mixin.py:188} INFO - [2026-08-24T14:38:57.066+0000] {dag.py:3954} INFO - Setting next_dagrun for example_dynamic_task_mapping to 2022-03-04 00:00:00+00:00, run_after=2022-03-05 00:00:00+00:00
[2026-08-24T14:38:57.090+0000] {processor.py:183} INFO - Processing /home/airflow/.local/lib/python3.12/site-packages/airflow/example_dags/example_dynamic_task_mapping.py took 0.098 seconds
[2026-08-24T14:41:15.180+0000] {processor.py:161} INFO - Started process (PID=104) to work on /home/airflow/.local/lib/python3.12/site-packages/airflow/example_dags/example_dynamic_task_mapping.py
[2026-08-24T14:41:15.182+0000] {processor.py:830} INFO - Processing file /home/airflow/.local/lib/python3.12/site-packages/airflow/example_dags/example_dynamic_task_mapping.py for tasks to queue
[2026-08-24T14:41:15.185+0000] {logging_mixin.py:188} INFO - [2026-08-24T14:41:15.184+0000] {dagbag.py:545} INFO - Filling up the DagBag from /home/airflow/.local/lib/python3.12/site-packages/airflow/example_dags/example_dynamic_task_mapping.py
[2026-08-24T14:41:15.201+0000] {processor.py:840} INFO - DAG(s) 'example_dynamic_task_mapping' retrieved from /home/airflow/.local/lib/python3.12/site-packages/airflow/example_dags/example_dynamic_task_mapping.py
[2026-08-24T14:41:15.217+0000] {logging_mixin.py:188} INFO - [2026-08-24T14:41:15.217+0000] {dag.py:3096} INFO - Sync 1 DAGs
[2026-08-24T14:41:15.256+0000] {logging_mixin.py:188} INFO - [2026-08-24T14:41:15.256+0000] {dag.py:3954} INFO - Setting next_dagrun for example_dynamic_task_mapping to 2022-03-04 00:00:00+00:00, run_after=2022-03-05 00:00:00+00:00
[2026-08-24T14:41:15.292+0000] {processor.py:183} INFO - Processing /home/airflow/.local/lib/python3.12/site-packages/airflow/example_dags/example_dynamic_task_mapping.py took 0.121 seconds
[2026-08-24T14:41:45.527+0000] {processor.py:161} INFO - Started process (PID=162) to work on /home/airflow/.local/lib/python3.12/site-packages/airflow/example_dags/example_dynamic_task_mapping.py
[2026-08-24T14:41:45.528+0000] {processor.py:830} INFO - Processing file /home/airflow/.local/lib/python3.12/site-packages/airflow/example_dags/example_dynamic_task_mapping.py for tasks to queue
[2026-08-24T14:41:45.531+0000] {logging_mixin.py:188} INFO - [2026-08-24T14:41:45.530+0000] {dagbag.py:545} INFO - Filling up the DagBag from /home/airflow/.local/lib/python3.12/site-packages/airflow/example_dags/example_dynamic_task_mapping.py
[2026-08-24T14:41:45.539+0000] {processor.py:840} INFO - DAG(s) 'example_dynamic_task_mapping' retrieved from /home/airflow/.local/lib/python3.12/site-packages/airflow/example_dags/example_dynamic_task_mapping.py
[2026-08-24T14:41:45.666+0000] {logging_mixin.py:188} INFO - [2026-08-24T14:41:45.666+0000] {dag.py:3096} INFO - Sync 1 DAGs
[2026-08-24T14:41:45.692+0000] {logging_mixin.py:188} INFO - [2026-08-24T14:41:45.691+0000] {dag.py:3954} INFO - Setting next_dagrun for example_dynamic_task_mapping to 2022-03-04 00:00:00+00:00, run_after=2022-03-05 00:00:00+00:00
[2026-08-24T14:41:45.716+0000] {processor.py:183} INFO - Processing /home/airflow/.local/lib/python3.12/site-packages/airflow/example_dags/example_dynamic_task_mapping.py took 0.197 seconds
[2026-08-24T14:42:16.560+0000] {processor.py:161} INFO - Started process (PID=228) to work on /home/airflow/.local/lib/python3.12/site-packages/airflow/example_dags/example_dynamic_task_mapping.py
[2026-08-24T14:42:16.561+0000] {processor.py:830} INFO - Processing file /home/airflow/.local/lib/python3.12/site-packages/airflow/example_dags/example_dynamic_task_mapping.py for tasks to queue
[2026-08-24T14:42:16.563+0000] {logging_mixin.py:188} INFO - [2026-08-24T14:42:16.563+0000] {dagbag.py:545} INFO - Filling up the DagBag from /home/airflow/.local/lib/python3.12/site-packages/airflow/example_dags/example_dynamic_task_mapping.py
[2026-08-24T14:42:16.572+0000] {processor.py:840} INFO - DAG(s) 'example_dynamic_task_mapping' retrieved from /home/airflow/.local/lib/python3.12/site-packages/airflow/example_dags/example_dynamic_task_mapping.py
[2026-08-24T14:42:16.595+0000] {logging_mixin.py:188} INFO - [2026-08-24T14:42:16.595+0000] {dag.py:3096} INFO - Sync 1 DAGs
[2026-08-24T14:42:16.627+0000] {logging_mixin.py:188} INFO - [2026-08-24T14:42:16.627+0000] {dag.py:3954} INFO - Setting next_dagrun for example_dynamic_task_mapping to 2022-03-04 00:00:00+00:00, run_after=2022-03-05 00:00:00+00:00
[2026-08-24T14:42:16.657+0000] {processor.py:183} INFO - Processing /home/airflow/.local/lib/python3.12/site-packages/airflow/example_dags/example_dynamic_task_mapping.py took 0.105 seconds
[2026-08-24T14:42:46.766+0000] {processor.py:161} INFO - Started process (PID=288) to work on /home/airflow/.local/lib/python3.12/site-packages/airflow/example_dags/example_dynamic_task_mapping.py
[2026-08-24T14:42:46.767+0000] {processor.py:830} INFO - Processing file /home/airflow/.local/lib/python3.12/site-packages/airflow/example_dags/example_dynamic_task_mapping.py for tasks to queue
[2026-08-24T14:42:46.771+0000] {logging_mixin.py:188} INFO - [2026-08-24T14:42:46.770+0000] {dagbag.py:545} INFO - Filling up the DagBag from /home/airflow/.local/lib/python3.12/site-packages/airflow/example_dags/example_dynamic_task_mapping.py
[2026-08-24T14:42:46.781+0000] {processor.py:840} INFO - DAG(s) 'example_dynamic_task_mapping' retrieved from /home/airflow/.local/lib/python3.12/site-packages/airflow/example_dags/example_dynamic_task_mapping.py
[2026-08-24T14:42:46.811+0000] {logging_mixin.py:188} INFO - [2026-08-24T14:42:46.811+0000] {dag.py:3096} INFO - Sync 1 DAGs
[2026-08-24T14:42:46.844+0000] {logging_mixin.py:188} INFO - [2026-08-24T14:42:46.844+0000] {dag.py:3954} INFO - Setting next_dagrun for example_dynamic_task_mapping to 2022-03-04 00:00:00+00:00, run_after=2022-03-05 00:00:00+00:00
[2026-08-24T14:42:46.872+0000] {processor.py:183} INFO - Processing /home/airflow/.local/lib/python3.12/site-packages/airflow/example_dags/example_dynamic_task_mapping.py took 0.116 seconds
[2026-08-24T14:43:17.171+0000] {processor.py:161} INFO - Started process (PID=348) to work on /home/airflow/.local/lib/python3.12/site-packages/airflow/example_dags/example_dynamic_task_mapping.py
[2026-08-24T14:43:17.172+0000] {processor.py:830} INFO - Processing file /home/airflow/.local/lib/python3.12/site-packages/airflow/example_dags/example_dynamic_task_mapping.py for tasks to queue
[2026-08-24T14:43:17.175+0000] {logging_mixin.py:188} INFO - [2026-08-24T14:43:17.174+0000] {dagbag.py:545} INFO - Filling up the DagBag from /home/airflow/.local/lib/python3.12/site-packages/airflow/example_dags/example_dynamic_task_mapping.py
[2026-08-24T14:43:17.184+0000] {processor.py:840} INFO - DAG(s) 'example_dynamic_task_mapping' retrieved from /home/airflow/.local/lib/python3.12/site-packages/airflow/example_dags/example_dynamic_task_mapping.py
[2026-08-24T14:43:17.208+0000] {logging_mixin.py:188} INFO - [2026-08-24T14:43:17.208+0000] {dag.py:3096} INFO - Sync 1 DAGs
[2026-08-24T14:43:17.236+0000] {logging_mixin.py:188} INFO - [2026-08-24T14:43:17.236+0000] {dag.py:3954} INFO - Setting next_dagrun for example_dynamic_task_mapping to 2022-03-04 00:00:00+00:00, run_after=2022-03-05 00:00:00+00:00
[2026-08-24T14:43:17.259+0000] {processor.py:183} INFO - Processing /home/airflow/.local/lib/python3.12/site-packages/airflow/example_dags/example_dynamic_task_mapping.py took 0.097 seconds
[2026-08-24T14:43:47.679+0000] {processor.py:161} INFO - Started process (PID=408) to work on /home/airflow/.local/lib/python3.12/site-packages/airflow/example_dags/example_dynamic_task_mapping.py
[2026-08-24T14:43:47.681+0000] {processor.py:830} INFO - Processing file /home/airflow/.local/lib/python3.12/site-packages/airflow/example_dags/example_dynamic_task_mapping.py for tasks to queue
[2026-08-24T14:43:47.683+0000] {logging_mixin.py:188} INFO - [2026-08-24T14:43:47.683+0000] {dagbag.py:545} INFO - Filling up the DagBag from /home/airflow/.local/lib/python3.12/site-packages/airflow/example_dags/example_dynamic_task_mapping.py
[2026-08-24T14:43:47.693+0000] {processor.py:840} INFO - DAG(s) 'example_dynamic_task_mapping' retrieved from /home/airflow/.local/lib/python3.12/site-packages/airflow/example_dags/example_dynamic_task_mapping.py
[2026-08-24T14:43:47.719+0000] {logging_mixin.py:188} INFO - [2026-08-24T14:43:47.719+0000] {dag.py:3096} INFO - Sync 1 DAGs
[2026-08-24T14:43:47.748+0000] {logging_mixin.py:188} INFO - [2026-08-24T14:43:47.747+0000] {dag.py:3954} INFO - Setting next_dagrun for example_dynamic_task_mapping to 2022-03-04 00:00:00+00:00, run_after=2022-03-05 00:00:00+00:00
[2026-08-24T14:43:47.772+0000] {processor.py:183} INFO - Processing /home/airflow/.local/lib/python3.12/site-packages/airflow/example_dags/example_dynamic_task_mapping.py took 0.103 seconds
[2026-08-24T14:44:18.156+0000] {processor.py:161} INFO - Started process (PID=468) to work on /home/airflow/.local/lib/python3.12/site-packages/airflow/example_dags/example_dynamic_task_mapping.py
[2026-08-24T14:44:18.158+0000] {processor.py:830} INFO - Processing file /home/airflow/.local/lib/python3.12/site-packages/airflow/example_dags/example_dynamic_task_mapping.py for tasks to queue
[2026-08-24T14:44:18.162+0000] {logging_mixin.py:188} INFO - [2026-08-24T14:44:18.161+0000] {dagbag.py:545} INFO - Filling up the DagBag from /home/airflow/.local/lib/python3.12/site-packages/airflow/example_dags/example_dynamic_task_mapping.py
[2026-08-24T14:44:18.177+0000] {processor.py:840} INFO - DAG(s) 'example_dynamic_task_mapping' retrieved from /home/airflow/.local/lib/python3.12/site-packages/airflow/example_dags/example_dynamic_task_mapping.py
[2026-08-24T14:44:18.220+0000] {logging_mixin.py:188} INFO - [2026-08-24T14:44:18.219+0000] {dag.py:3096} INFO - Sync 1 DAGs
[2026-08-24T14:44:18.263+0000] {logging_mixin.py:188} INFO - [2026-08-24T14:44:18.263+0000] {dag.py:3954} INFO - Setting next_dagrun for example_dynamic_task_mapping to 2022-03-04 00:00:00+00:00, run_after=2022-03-05 00:00:00+00:00
[2026-08-24T14:44:18.295+0000] {processor.py:183} INFO - Processing /home/airflow/.local/lib/python3.12/site-packages/airflow/example_dags/example_dynamic_task_mapping.py took 0.148 seconds
[2026-08-24T14:44:48.555+0000] {processor.py:161} INFO - Started process (PID=528) to work on /home/airflow/.local/lib/python3.12/site-packages/airflow/example_dags/example_dynamic_task_mapping.py
[2026-08-24T14:44:48.556+0000] {processor.py:830} INFO - Processing file /home/airflow/.local/lib/python3.12/site-packages/airflow/example_dags/example_dynamic_task_mapping.py for tasks to queue
[2026-08-24T14:44:48.560+0000] {logging_mixin.py:188} INFO - [2026-08-24T14:44:48.559+0000] {dagbag.py:545} INFO - Filling up the DagBag from /home/airflow/.local/lib/python3.12/site-packages/airflow/example_dags/example_dynamic_task_mapping.py
[2026-08-24T14:44:48.569+0000] {processor.py:840} INFO - DAG(s) 'example_dynamic_task_mapping' retrieved from /home/airflow/.local/lib/python3.12/site-packages/airflow/example_dags/example_dynamic_task_mapping.py
[2026-08-24T14:44:48.594+0000] {logging_mixin.py:188} INFO - [2026-08-24T14:44:48.593+0000] {dag.py:3096} INFO - Sync 1 DAGs
[2026-08-24T14:44:48.628+0000] {logging_mixin.py:188} INFO - [2026-08-24T14:44:48.628+0000] {dag.py:3954} INFO - Setting next_dagrun for example_dynamic_task_mapping to 2022-03-04 00:00:00+00:00, run_after=2022-03-05 00:00:00+00:00
[2026-08-24T14:44:48.655+0000] {processor.py:183} INFO - Processing /home/airflow/.local/lib/python3.12/site-packages/airflow/example_dags/example_dynamic_task_mapping.py took 0.108 seconds
[2026-08-24T14:49:18.422+0000] {processor.py:161} INFO - Started process (PID=105) to work on /home/airflow/.local/lib/python3.12/site-packages/airflow/example_dags/example_dynamic_task_mapping.py
[2026-08-24T14:49:18.424+0000] {processor.py:830} INFO - Processing file /home/airflow/.local/lib/python3.12/site-packages/airflow/example_dags/example_dynamic_task_mapping.py for tasks to queue
[2026-08-24T14:49:18.432+0000] {logging_mixin.py:188} INFO - [2026-08-24T14:49:18.431+0000] {dagbag.py:545} INFO - Filling up the DagBag from /home/airflow/.local/lib/python3.12/site-packages/airflow/example_dags/example_dynamic_task_mapping.py
[2026-08-24T14:49:18.457+0000] {processor.py:840} INFO - DAG(s) 'example_dynamic_task_mapping' retrieved from /home/airflow/.local/lib/python3.12/site-packages/airflow/example_dags/example_dynamic_task_mapping.py
[2026-08-24T14:49:18.620+0000] {logging_mixin.py:188} INFO - [2026-08-24T14:49:18.619+0000] {dag.py:3096} INFO - Sync 1 DAGs
[2026-08-24T14:49:18.647+0000] {logging_mixin.py:188} INFO - [2026-08-24T14:49:18.646+0000] {dag.py:3954} INFO - Setting next_dagrun for example_dynamic_task_mapping to 2022-03-04 00:00:00+00:00, run_after=2022-03-05 00:00:00+00:00
[2026-08-24T14:49:18.671+0000] {processor.py:183} INFO - Processing /home/airflow/.local/lib/python3.12/site-packages/airflow/example_dags/example_dynamic_task_mapping.py took 0.260 seconds
[2026-08-24T14:50:15.065+0000] {processor.py:161} INFO - Started process (PID=89) to work on /home/airflow/.local/lib/python3.12/site-packages/airflow/example_dags/example_dynamic_task_mapping.py
[2026-08-24T14:50:15.066+0000] {processor.py:830} INFO - Processing file /home/airflow/.local/lib/python3.12/site-packages/airflow/example_dags/example_dynamic_task_mapping.py for tasks to queue
[2026-08-24T14:50:15.069+0000] {logging_mixin.py:188} INFO - [2026-08-24T14:50:15.068+0000] {dagbag.py:545} INFO - Filling up the DagBag from /home/airflow/.local/lib/python3.12/site-packages/airflow/example_dags/example_dynamic_task_mapping.py
[2026-08-24T14:50:15.080+0000] {processor.py:840} INFO - DAG(s) 'example_dynamic_task_mapping' retrieved from /home/airflow/.local/lib/python3.12/site-packages/airflow/example_dags/example_dynamic_task_mapping.py
[2026-08-24T14:50:15.114+0000] {logging_mixin.py:188} INFO - [2026-08-24T14:50:15.114+0000] {dag.py:3096} INFO - Sync 1 DAGs
[2026-08-24T14:50:15.147+0000] {logging_mixin.py:188} INFO - [2026-08-24T14:50:15.147+0000] {dag.py:3954} INFO - Setting next_dagrun for example_dynamic_task_mapping to 2022-03-04 00:00:00+00:00, run_after=2022-03-05 00:00:00+00:00
[2026-08-24T14:50:15.171+0000] {processor.py:183} INFO - Processing /home/airflow/.local/lib/python3.12/site-packages/airflow/example_dags/example_dynamic_task_mapping.py took 0.114 seconds
[2026-08-24T14:50:46.217+0000] {processor.py:161} INFO - Started process (PID=149) to work on /home/airflow/.local/lib/python3.12/site-packages/airflow/example_dags/example_dynamic_task_mapping.py
[2026-08-24T14:50:46.218+0000] {processor.py:830} INFO - Processing file /home/airflow/.local/lib/python3.12/site-packages/airflow/example_dags/example_dynamic_task_mapping.py for tasks to queue
[2026-08-24T14:50:46.221+0000] {logging_mixin.py:188} INFO - [2026-08-24T14:50:46.221+0000] {dagbag.py:545} INFO - Filling up the DagBag from /home/airflow/.local/lib/python3.12/site-packages/airflow/example_dags/example_dynamic_task_mapping.py
[2026-08-24T14:50:46.230+0000] {processor.py:840} INFO - DAG(s) 'example_dynamic_task_mapping' retrieved from /home/airflow/.local/lib/python3.12/site-packages/airflow/example_dags/example_dynamic_task_mapping.py
[2026-08-24T14:50:46.256+0000] {logging_mixin.py:188} INFO - [2026-08-24T14:50:46.256+0000] {dag.py:3096} INFO - Sync 1 DAGs
[2026-08-24T14:50:46.285+0000] {logging_mixin.py:188} INFO - [2026-08-24T14:50:46.284+0000] {dag.py:3954} INFO - Setting next_dagrun for example_dynamic_task_mapping to 2022-03-04 00:00:00+00:00, run_after=2022-03-05 00:00:00+00:00
[2026-08-24T14:50:46.311+0000] {processor.py:183} INFO - Processing /home/airflow/.local/lib/python3.12/site-packages/airflow/example_dags/example_dynamic_task_mapping.py took 0.101 seconds
[2026-08-24T14:51:16.394+0000] {processor.py:161} INFO - Started process (PID=207) to work on /home/airflow/.local/lib/python3.12/site-packages/airflow/example_dags/example_dynamic_task_mapping.py
[2026-08-24T14:51:16.395+0000] {processor.py:830} INFO - Processing file /home/airflow/.local/lib/python3.12/site-packages/airflow/example_dags/example_dynamic_task_mapping.py for tasks to queue
[2026-08-24T14:51:16.397+0000] {logging_mixin.py:188} INFO - [2026-08-24T14:51:16.397+0000] {dagbag.py:545} INFO - Filling up the DagBag from /home/airflow/.local/lib/python3.12/site-packages/airflow/example_dags/example_dynamic_task_mapping.py
[2026-08-24T14:51:16.406+0000] {processor.py:840} INFO - DAG(s) 'example_dynamic_task_mapping' retrieved from /home/airflow/.local/lib/python3.12/site-packages/airflow/example_dags/example_dynamic_task_mapping.py
[2026-08-24T14:51:16.429+0000] {logging_mixin.py:188} INFO - [2026-08-24T14:51:16.429+0000] {dag.py:3096} INFO - Sync 1 DAGs
[2026-08-24T14:51:16.457+0000] {logging_mixin.py:188} INFO - [2026-08-24T14:51:16.457+0000] {dag.py:3954} INFO - Setting next_dagrun for example_dynamic_task_mapping to 2022-03-04 00:00:00+00:00, run_after=2022-03-05 00:00:00+00:00
[2026-08-24T14:51:16.479+0000] {processor.py:183} INFO - Processing /home/airflow/.local/lib/python3.12/site-packages/airflow/example_dags/example_dynamic_task_mapping.py took 0.092 seconds
[2026-08-24T14:51:46.528+0000] {processor.py:161} INFO - Started process (PID=267) to work on /home/airflow/.local/lib/python3.12/site-packages/airflow/example_dags/example_dynamic_task_mapping.py
[2026-08-24T14:51:46.529+0000] {processor.py:830} INFO - Processing file /home/airflow/.local/lib/python3.12/site-packages/airflow/example_dags/example_dynamic_task_mapping.py for tasks to queue
[2026-08-24T14:51:46.532+0000] {logging_mixin.py:188} INFO - [2026-08-24T14:51:46.531+0000] {dagbag.py:545} INFO - Filling up the DagBag from /home/airflow/.local/lib/python3.12/site-packages/airflow/example_dags/example_dynamic_task_mapping.py
[2026-08-24T14:51:46.540+0000] {processor.py:840} INFO - DAG(s) 'example_dynamic_task_mapping' retrieved from /home/airflow/.local/lib/python3.12/site-packages/airflow/example_dags/example_dynamic_task_mapping.py
[2026-08-24T14:51:46.566+0000] {logging_mixin.py:188} INFO - [2026-08-24T14:51:46.566+0000] {dag.py:3096} INFO - Sync 1 DAGs
[2026-08-24T14:51:46.594+0000] {logging_mixin.py:188} INFO - [2026-08-24T14:51:46.594+0000] {dag.py:3954} INFO - Setting next_dagrun for example_dynamic_task_mapping to 2022-03-04 00:00:00+00:00, run_after=2022-03-05 00:00:00+00:00
[2026-08-24T14:51:46.618+0000] {processor.py:183} INFO - Processing /home/airflow/.local/lib/python3.12/site-packages/airflow/example_dags/example_dynamic_task_mapping.py took 0.100 seconds
[2026-08-24T14:52:17.104+0000] {processor.py:161} INFO - Started process (PID=327) to work on /home/airflow/.local/lib/python3.12/site-packages/airflow/example_dags/example_dynamic_task_mapping.py
[2026-08-24T14:52:17.106+0000] {processor.py:830} INFO - Processing file /home/airflow/.local/lib/python3.12/site-packages/airflow/example_dags/example_dynamic_task_mapping.py for tasks to queue
[2026-08-24T14:52:17.108+0000] {logging_mixin.py:188} INFO - [2026-08-24T14:52:17.108+0000] {dagbag.py:545} INFO - Filling up the DagBag from /home/airflow/.local/lib/python3.12/site-packages/airflow/example_dags/example_dynamic_task_mapping.py
[2026-08-24T14:52:17.118+0000] {processor.py:840} INFO - DAG(s) 'example_dynamic_task_mapping' retrieved from /home/airflow/.local/lib/python3.12/site-packages/airflow/example_dags/example_dynamic_task_mapping.py
[2026-08-24T14:52:17.142+0000] {logging_mixin.py:188} INFO - [2026-08-24T14:52:17.142+0000] {dag.py:3096} INFO - Sync 1 DAGs
[2026-08-24T14:52:17.170+0000] {logging_mixin.py:188} INFO - [2026-08-24T14:52:17.170+0000] {dag.py:3954} INFO - Setting next_dagrun for example_dynamic_task_mapping to 2022-03-04 00:00:00+00:00, run_after=2022-03-05 00:00:00+00:00
[2026-08-24T14:52:17.300+0000] {processor.py:183} INFO - Processing /home/airflow/.local/lib/python3.12/site-packages/airflow/example_dags/example_dynamic_task_mapping.py took 0.203 seconds
[2026-08-24T14:52:47.466+0000] {processor.py:161} INFO - Started process (PID=388) to work on /home/airflow/.local/lib/python3.12/site-packages/airflow/example_dags/example_dynamic_task_mapping.py
[2026-08-24T14:52:47.467+0000] {processor.py:830} INFO - Processing file /home/airflow/.local/lib/python3.12/site-packages/airflow/example_dags/example_dynamic_task_mapping.py for tasks to queue
[2026-08-24T14:52:47.469+0000] {logging_mixin.py:188} INFO - [2026-08-24T14:52:47.469+0000] {dagbag.py:545} INFO - Filling up the DagBag from /home/airflow/.local/lib/python3.12/site-packages/airflow/example_dags/example_dynamic_task_mapping.py
[2026-08-24T14:52:47.478+0000] {processor.py:840} INFO - DAG(s) 'example_dynamic_task_mapping' retrieved from /home/airflow/.local/lib/python3.12/site-packages/airflow/example_dags/example_dynamic_task_mapping.py
[2026-08-24T14:52:47.505+0000] {logging_mixin.py:188} INFO - [2026-08-24T14:52:47.504+0000] {dag.py:3096} INFO - Sync 1 DAGs
[2026-08-24T14:52:47.531+0000] {logging_mixin.py:188} INFO - [2026-08-24T14:52:47.530+0000] {dag.py:3954} INFO - Setting next_dagrun for example_dynamic_task_mapping to 2022-03-04 00:00:00+00:00, run_after=2022-03-05 00:00:00+00:00
[2026-08-24T14:52:47.552+0000] {processor.py:183} INFO - Processing /home/airflow/.local/lib/python3.12/site-packages/airflow/example_dags/example_dynamic_task_mapping.py took 0.093 seconds
[2026-08-24T14:53:18.064+0000] {processor.py:161} INFO - Started process (PID=448) to work on /home/airflow/.local/lib/python3.12/site-packages/airflow/example_dags/example_dynamic_task_mapping.py
[2026-08-24T14:53:18.066+0000] {processor.py:830} INFO - Processing file /home/airflow/.local/lib/python3.12/site-packages/airflow/example_dags/example_dynamic_task_mapping.py for tasks to queue
[2026-08-24T14:53:18.068+0000] {logging_mixin.py:188} INFO - [2026-08-24T14:53:18.068+0000] {dagbag.py:545} INFO - Filling up the DagBag from /home/airflow/.local/lib/python3.12/site-packages/airflow/example_dags/example_dynamic_task_mapping.py
[2026-08-24T14:53:18.077+0000] {processor.py:840} INFO - DAG(s) 'example_dynamic_task_mapping' retrieved from /home/airflow/.local/lib/python3.12/site-packages/airflow/example_dags/example_dynamic_task_mapping.py
[2026-08-24T14:53:18.107+0000] {logging_mixin.py:188} INFO - [2026-08-24T14:53:18.107+0000] {dag.py:3096} INFO - Sync 1 DAGs
[2026-08-24T14:53:18.143+0000] {logging_mixin.py:188} INFO - [2026-08-24T14:53:18.143+0000] {dag.py:3954} INFO - Setting next_dagrun for example_dynamic_task_mapping to 2022-03-04 00:00:00+00:00, run_after=2022-03-05 00:00:00+00:00
[2026-08-24T14:53:18.181+0000] {processor.py:183} INFO - Processing /home/airflow/.local/lib/python3.12/site-packages/airflow/example_dags/example_dynamic_task_mapping.py took 0.127 seconds
[2026-08-24T14:53:48.393+0000] {processor.py:161} INFO - Started process (PID=508) to work on /home/airflow/.local/lib/python3.12/site-packages/airflow/example_dags/example_dynamic_task_mapping.py
[2026-08-24T14:53:48.396+0000] {processor.py:830} INFO - Processing file /home/airflow/.local/lib/python3.12/site-packages/airflow/example_dags/example_dynamic_task_mapping.py for tasks to queue
[2026-08-24T14:53:48.400+0000] {logging_mixin.py:188} INFO - [2026-08-24T14:53:48.399+0000] {dagbag.py:545} INFO - Filling up the DagBag from /home/airflow/.local/lib/python3.12/site-packages/airflow/example_dags/example_dynamic_task_mapping.py
[2026-08-24T14:53:48.413+0000] {processor.py:840} INFO - DAG(s) 'example_dynamic_task_mapping' retrieved from /home/airflow/.local/lib/python3.12/site-packages/airflow/example_dags/example_dynamic_task_mapping.py
[2026-08-24T14:53:48.441+0000] {logging_mixin.py:188} INFO - [2026-08-24T14:53:48.440+0000] {dag.py:3096} INFO - Sync 1 DAGs
[2026-08-24T14:53:48.475+0000] {logging_mixin.py:188} INFO - [2026-08-24T14:53:48.474+0000] {dag.py:3954} INFO - Setting next_dagrun for example_dynamic_task_mapping to 2022-03-04 00:00:00+00:00, run_after=2022-03-05 00:00:00+00:00
[2026-08-24T14:53:48.502+0000] {processor.py:183} INFO - Processing /home/airflow/.local/lib/python3.12/site-packages/airflow/example_dags/example_dynamic_task_mapping.py took 0.120 seconds
[2026-08-24T14:54:18.575+0000] {processor.py:161} INFO - Started process (PID=567) to work on /home/airflow/.local/lib/python3.12/site-packages/airflow/example_dags/example_dynamic_task_mapping.py
[2026-08-24T14:54:18.577+0000] {processor.py:830} INFO - Processing file /home/airflow/.local/lib/python3.12/site-packages/airflow/example_dags/example_dynamic_task_mapping.py for tasks to queue
[2026-08-24T14:54:18.579+0000] {logging_mixin.py:188} INFO - [2026-08-24T14:54:18.578+0000] {dagbag.py:545} INFO - Filling up the DagBag from /home/airflow/.local/lib/python3.12/site-packages/airflow/example_dags/example_dynamic_task_mapping.py
[2026-08-24T14:54:18.589+0000] {processor.py:840} INFO - DAG(s) 'example_dynamic_task_mapping' retrieved from /home/airflow/.local/lib/python3.12/site-packages/airflow/example_dags/example_dynamic_task_mapping.py
[2026-08-24T14:54:18.614+0000] {logging_mixin.py:188} INFO - [2026-08-24T14:54:18.614+0000] {dag.py:3096} INFO - Sync 1 DAGs
[2026-08-24T14:54:18.646+0000] {logging_mixin.py:188} INFO - [2026-08-24T14:54:18.645+0000] {dag.py:3954} INFO - Setting next_dagrun for example_dynamic_task_mapping to 2022-03-04 00:00:00+00:00, run_after=2022-03-05 00:00:00+00:00
[2026-08-24T14:54:18.671+0000] {processor.py:183} INFO - Processing /home/airflow/.local/lib/python3.12/site-packages/airflow/example_dags/example_dynamic_task_mapping.py took 0.104 seconds
[2026-08-24T14:54:48.934+0000] {processor.py:161} INFO - Started process (PID=627) to work on /home/airflow/.local/lib/python3.12/site-packages/airflow/example_dags/example_dynamic_task_mapping.py
[2026-08-24T14:54:48.936+0000] {processor.py:830} INFO - Processing file /home/airflow/.local/lib/python3.12/site-packages/airflow/example_dags/example_dynamic_task_mapping.py for tasks to queue
[2026-08-24T14:54:48.938+0000] {logging_mixin.py:188} INFO - [2026-08-24T14:54:48.938+0000] {dagbag.py:545} INFO - Filling up the DagBag from /home/airflow/.local/lib/python3.12/site-packages/airflow/example_dags/example_dynamic_task_mapping.py
[2026-08-24T14:54:48.947+0000] {processor.py:840} INFO - DAG(s) 'example_dynamic_task_mapping' retrieved from /home/airflow/.local/lib/python3.12/site-packages/airflow/example_dags/example_dynamic_task_mapping.py
[2026-08-24T14:54:48.974+0000] {logging_mixin.py:188} INFO - [2026-08-24T14:54:48.974+0000] {dag.py:3096} INFO - Sync 1 DAGs
[2026-08-24T14:54:49.004+0000] {logging_mixin.py:188} INFO - [2026-08-24T14:54:49.003+0000] {dag.py:3954} INFO - Setting next_dagrun for example_dynamic_task_mapping to 2022-03-04 00:00:00+00:00, run_after=2022-03-05 00:00:00+00:00
[2026-08-24T14:54:49.027+0000] {processor.py:183} INFO - Processing /home/airflow/.local/lib/python3.12/site-packages/airflow/example_dags/example_dynamic_task_mapping.py took 0.101 seconds
[2026-08-24T14:55:19.515+0000] {processor.py:161} INFO - Started process (PID=687) to work on /home/airflow/.local/lib/python3.12/site-packages/airflow/example_dags/example_dynamic_task_mapping.py
[2026-08-24T14:55:19.516+0000] {processor.py:830} INFO - Processing file /home/airflow/.local/lib/python3.12/site-packages/airflow/example_dags/example_dynamic_task_mapping.py for tasks to queue
[2026-08-24T14:55:19.519+0000] {logging_mixin.py:188} INFO - [2026-08-24T14:55:19.518+0000] {dagbag.py:545} INFO - Filling up the DagBag from /home/airflow/.local/lib/python3.12/site-packages/airflow/example_dags/example_dynamic_task_mapping.py
[2026-08-24T14:55:19.529+0000] {processor.py:840} INFO - DAG(s) 'example_dynamic_task_mapping' retrieved from /home/airflow/.local/lib/python3.12/site-packages/airflow/example_dags/example_dynamic_task_mapping.py
[2026-08-24T14:55:19.552+0000] {logging_mixin.py:188} INFO - [2026-08-24T14:55:19.551+0000] {dag.py:3096} INFO - Sync 1 DAGs
[2026-08-24T14:55:19.578+0000] {logging_mixin.py:188} INFO - [2026-08-24T14:55:19.578+0000] {dag.py:3954} INFO - Setting next_dagrun for example_dynamic_task_mapping to 2022-03-04 00:00:00+00:00, run_after=2022-03-05 00:00:00+00:00
[2026-08-24T14:55:19.599+0000] {processor.py:183} INFO - Processing /home/airflow/.local/lib/python3.12/site-packages/airflow/example_dags/example_dynamic_task_mapping.py took 0.092 seconds
[2026-08-24T14:55:50.616+0000] {processor.py:161} INFO - Started process (PID=747) to work on /home/airflow/.local/lib/python3.12/site-packages/airflow/example_dags/example_dynamic_task_mapping.py
[2026-08-24T14:55:50.617+0000] {processor.py:830} INFO - Processing file /home/airflow/.local/lib/python3.12/site-packages/airflow/example_dags/example_dynamic_task_mapping.py for tasks to queue
[2026-08-24T14:55:50.620+0000] {logging_mixin.py:188} INFO - [2026-08-24T14:55:50.619+0000] {dagbag.py:545} INFO - Filling up the DagBag from /home/airflow/.local/lib/python3.12/site-packages/airflow/example_dags/example_dynamic_task_mapping.py
[2026-08-24T14:55:50.628+0000] {processor.py:840} INFO - DAG(s) 'example_dynamic_task_mapping' retrieved from /home/airflow/.local/lib/python3.12/site-packages/airflow/example_dags/example_dynamic_task_mapping.py
[2026-08-24T14:55:50.654+0000] {logging_mixin.py:188} INFO - [2026-08-24T14:55:50.653+0000] {dag.py:3096} INFO - Sync 1 DAGs
[2026-08-24T14:55:50.683+0000] {logging_mixin.py:188} INFO - [2026-08-24T14:55:50.683+0000] {dag.py:3954} INFO - Setting next_dagrun for example_dynamic_task_mapping to 2022-03-04 00:00:00+00:00, run_after=2022-03-05 00:00:00+00:00
[2026-08-24T14:55:50.708+0000] {processor.py:183} INFO - Processing /home/airflow/.local/lib/python3.12/site-packages/airflow/example_dags/example_dynamic_task_mapping.py took 0.099 seconds
[2026-08-24T14:56:24.149+0000] {processor.py:161} INFO - Started process (PID=807) to work on /home/airflow/.local/lib/python3.12/site-packages/airflow/example_dags/example_dynamic_task_mapping.py
[2026-08-24T14:56:24.163+0000] {processor.py:830} INFO - Processing file /home/airflow/.local/lib/python3.12/site-packages/airflow/example_dags/example_dynamic_task_mapping.py for tasks to queue
[2026-08-24T14:56:24.168+0000] {logging_mixin.py:188} INFO - [2026-08-24T14:56:24.167+0000] {dagbag.py:545} INFO - Filling up the DagBag from /home/airflow/.local/lib/python3.12/site-packages/airflow/example_dags/example_dynamic_task_mapping.py
[2026-08-24T14:56:24.191+0000] {processor.py:840} INFO - DAG(s) 'example_dynamic_task_mapping' retrieved from /home/airflow/.local/lib/python3.12/site-packages/airflow/example_dags/example_dynamic_task_mapping.py
[2026-08-24T14:56:24.289+0000] {logging_mixin.py:188} INFO - [2026-08-24T14:56:24.289+0000] {dag.py:3096} INFO - Sync 1 DAGs
[2026-08-24T14:56:24.427+0000] {logging_mixin.py:188} INFO - [2026-08-24T14:56:24.427+0000] {dag.py:3954} INFO - Setting next_dagrun for example_dynamic_task_mapping to 2022-03-04 00:00:00+00:00, run_after=2022-03-05 00:00:00+00:00
[2026-08-24T14:56:24.520+0000] {processor.py:183} INFO - Processing /home/airflow/.local/lib/python3.12/site-packages/airflow/example_dags/example_dynamic_task_mapping.py took 0.392 seconds
