[2026-08-24T13:51:05.312+0000] {processor.py:161} INFO - Started process (PID=117) to work on /home/airflow/.local/lib/python3.12/site-packages/airflow/example_dags/example_bash_decorator.py
[2026-08-24T13:51:05.314+0000] {processor.py:830} INFO - Processing file /home/airflow/.local/lib/python3.12/site-packages/airflow/example_dags/example_bash_decorator.py for tasks to queue
[2026-08-24T13:51:05.317+0000] {logging_mixin.py:188} INFO - [2026-08-24T13:51:05.316+0000] {dagbag.py:545} INFO - Filling up the DagBag from /home/airflow/.local/lib/python3.12/site-packages/airflow/example_dags/example_bash_decorator.py
[2026-08-24T13:51:05.341+0000] {processor.py:840} INFO - DAG(s) 'example_bash_decorator' retrieved from /home/airflow/.local/lib/python3.12/site-packages/airflow/example_dags/example_bash_decorator.py
[2026-08-24T13:51:05.516+0000] {logging_mixin.py:188} INFO - [2026-08-24T13:51:05.516+0000] {dag.py:3096} INFO - Sync 1 DAGs
[2026-08-24T13:51:05.531+0000] {logging_mixin.py:188} INFO - [2026-08-24T13:51:05.531+0000] {dag.py:3954} INFO - Setting next_dagrun for example_bash_decorator to None, run_after=None
[2026-08-24T13:51:05.625+0000] {processor.py:183} INFO - Processing /home/airflow/.local/lib/python3.12/site-packages/airflow/example_dags/example_bash_decorator.py took 0.321 seconds
[2026-08-24T13:51:44.361+0000] {processor.py:161} INFO - Started process (PID=98) to work on /home/airflow/.local/lib/python3.12/site-packages/airflow/example_dags/example_bash_decorator.py
[2026-08-24T13:51:44.362+0000] {processor.py:830} INFO - Processing file /home/airflow/.local/lib/python3.12/site-packages/airflow/example_dags/example_bash_decorator.py for tasks to queue
[2026-08-24T13:51:44.364+0000] {logging_mixin.py:188} INFO - [2026-08-24T13:51:44.364+0000] {dagbag.py:545} INFO - Filling up the DagBag from /home/airflow/.local/lib/python3.12/site-packages/airflow/example_dags/example_bash_decorator.py
[2026-08-24T13:51:44.381+0000] {processor.py:840} INFO - DAG(s) 'example_bash_decorator' retrieved from /home/airflow/.local/lib/python3.12/site-packages/airflow/example_dags/example_bash_decorator.py
[2026-08-24T13:51:44.556+0000] {logging_mixin.py:188} INFO - [2026-08-24T13:51:44.556+0000] {dag.py:3096} INFO - Sync 1 DAGs
[2026-08-24T13:51:44.573+0000] {logging_mixin.py:188} INFO - [2026-08-24T13:51:44.573+0000] {dag.py:3954} INFO - Setting next_dagrun for example_bash_decorator to None, run_after=None
[2026-08-24T13:51:44.599+0000] {processor.py:183} INFO - Processing /home/airflow/.local/lib/python3.12/site-packages/airflow/example_dags/example_bash_decorator.py took 0.246 seconds
[2026-08-24T13:52:15.073+0000] {processor.py:161} INFO - Started process (PID=163) to work on /home/airflow/.local/lib/python3.12/site-packages/airflow/example_dags/example_bash_decorator.py
[2026-08-24T13:52:15.074+0000] {processor.py:830} INFO - Processing file /home/airflow/.local/lib/python3.12/site-packages/airflow/example_dags/example_bash_decorator.py for tasks to queue
[2026-08-24T13:52:15.076+0000] {logging_mixin.py:188} INFO - [2026-08-24T13:52:15.076+0000] {dagbag.py:545} INFO - Filling up the DagBag from /home/airflow/.local/lib/python3.12/site-packages/airflow/example_dags/example_bash_decorator.py
[2026-08-24T13:52:15.093+0000] {processor.py:840} INFO - DAG(s) 'example_bash_decorator' retrieved from /home/airflow/.local/lib/python3.12/site-packages/airflow/example_dags/example_bash_decorator.py
[2026-08-24T13:52:15.119+0000] {logging_mixin.py:188} INFO - [2026-08-24T13:52:15.119+0000] {dag.py:3096} INFO - Sync 1 DAGs
[2026-08-24T13:52:15.135+0000] {logging_mixin.py:188} INFO - [2026-08-24T13:52:15.135+0000] {dag.py:3954} INFO - Setting next_dagrun for example_bash_decorator to None, run_after=None
[2026-08-24T13:52:15.155+0000] {processor.py:183} INFO - Processing /home/airflow/.local/lib/python3.12/site-packages/airflow/example_dags/example_bash_decorator.py took 0.090 seconds
[2026-08-24T13:52:45.550+0000] {processor.py:161} INFO - Started process (PID=222) to work on /home/airflow/.local/lib/python3.12/site-packages/airflow/example_dags/example_bash_decorator.py
[2026-08-24T13:52:45.552+0000] {processor.py:830} INFO - Processing file /home/airflow/.local/lib/python3.12/site-packages/airflow/example_dags/example_bash_decorator.py for tasks to queue
[2026-08-24T13:52:45.555+0000] {logging_mixin.py:188} INFO - [2026-08-24T13:52:45.554+0000] {dagbag.py:545} INFO - Filling up the DagBag from /home/airflow/.local/lib/python3.12/site-packages/airflow/example_dags/example_bash_decorator.py
[2026-08-24T13:52:45.574+0000] {processor.py:840} INFO - DAG(s) 'example_bash_decorator' retrieved from /home/airflow/.local/lib/python3.12/site-packages/airflow/example_dags/example_bash_decorator.py
[2026-08-24T13:52:45.606+0000] {logging_mixin.py:188} INFO - [2026-08-24T13:52:45.606+0000] {dag.py:3096} INFO - Sync 1 DAGs
[2026-08-24T13:52:45.625+0000] {logging_mixin.py:188} INFO - [2026-08-24T13:52:45.625+0000] {dag.py:3954} INFO - Setting next_dagrun for example_bash_decorator to None, run_after=None
[2026-08-24T13:52:45.647+0000] {processor.py:183} INFO - Processing /home/airflow/.local/lib/python3.12/site-packages/airflow/example_dags/example_bash_decorator.py took 0.104 seconds
[2026-08-24T13:53:16.380+0000] {processor.py:161} INFO - Started process (PID=281) to work on /home/airflow/.local/lib/python3.12/site-packages/airflow/example_dags/example_bash_decorator.py
[2026-08-24T13:53:16.381+0000] {processor.py:830} INFO - Processing file /home/airflow/.local/lib/python3.12/site-packages/airflow/example_dags/example_bash_decorator.py for tasks to queue
[2026-08-24T13:53:16.384+0000] {logging_mixin.py:188} INFO - [2026-08-24T13:53:16.384+0000] {dagbag.py:545} INFO - Filling up the DagBag from /home/airflow/.local/lib/python3.12/site-packages/airflow/example_dags/example_bash_decorator.py
[2026-08-24T13:53:16.404+0000] {processor.py:840} INFO - DAG(s) 'example_bash_decorator' retrieved from /home/airflow/.local/lib/python3.12/site-packages/airflow/example_dags/example_bash_decorator.py
[2026-08-24T13:53:16.437+0000] {logging_mixin.py:188} INFO - [2026-08-24T13:53:16.437+0000] {dag.py:3096} INFO - Sync 1 DAGs
[2026-08-24T13:53:16.454+0000] {logging_mixin.py:188} INFO - [2026-08-24T13:53:16.454+0000] {dag.py:3954} INFO - Setting next_dagrun for example_bash_decorator to None, run_after=None
[2026-08-24T13:53:16.476+0000] {processor.py:183} INFO - Processing /home/airflow/.local/lib/python3.12/site-packages/airflow/example_dags/example_bash_decorator.py took 0.104 seconds
[2026-08-24T13:53:47.201+0000] {processor.py:161} INFO - Started process (PID=340) to work on /home/airflow/.local/lib/python3.12/site-packages/airflow/example_dags/example_bash_decorator.py
[2026-08-24T13:53:47.202+0000] {processor.py:830} INFO - Processing file /home/airflow/.local/lib/python3.12/site-packages/airflow/example_dags/example_bash_decorator.py for tasks to queue
[2026-08-24T13:53:47.205+0000] {logging_mixin.py:188} INFO - [2026-08-24T13:53:47.205+0000] {dagbag.py:545} INFO - Filling up the DagBag from /home/airflow/.local/lib/python3.12/site-packages/airflow/example_dags/example_bash_decorator.py
[2026-08-24T13:53:47.225+0000] {processor.py:840} INFO - DAG(s) 'example_bash_decorator' retrieved from /home/airflow/.local/lib/python3.12/site-packages/airflow/example_dags/example_bash_decorator.py
[2026-08-24T13:53:47.260+0000] {logging_mixin.py:188} INFO - [2026-08-24T13:53:47.259+0000] {dag.py:3096} INFO - Sync 1 DAGs
[2026-08-24T13:53:47.281+0000] {logging_mixin.py:188} INFO - [2026-08-24T13:53:47.281+0000] {dag.py:3954} INFO - Setting next_dagrun for example_bash_decorator to None, run_after=None
[2026-08-24T13:53:47.310+0000] {processor.py:183} INFO - Processing /home/airflow/.local/lib/python3.12/site-packages/airflow/example_dags/example_bash_decorator.py took 0.118 seconds
[2026-08-24T13:54:17.594+0000] {processor.py:161} INFO - Started process (PID=399) to work on /home/airflow/.local/lib/python3.12/site-packages/airflow/example_dags/example_bash_decorator.py
[2026-08-24T13:54:17.595+0000] {processor.py:830} INFO - Processing file /home/airflow/.local/lib/python3.12/site-packages/airflow/example_dags/example_bash_decorator.py for tasks to queue
[2026-08-24T13:54:17.598+0000] {logging_mixin.py:188} INFO - [2026-08-24T13:54:17.597+0000] {dagbag.py:545} INFO - Filling up the DagBag from /home/airflow/.local/lib/python3.12/site-packages/airflow/example_dags/example_bash_decorator.py
[2026-08-24T13:54:17.614+0000] {processor.py:840} INFO - DAG(s) 'example_bash_decorator' retrieved from /home/airflow/.local/lib/python3.12/site-packages/airflow/example_dags/example_bash_decorator.py
[2026-08-24T13:54:17.650+0000] {logging_mixin.py:188} INFO - [2026-08-24T13:54:17.649+0000] {dag.py:3096} INFO - Sync 1 DAGs
[2026-08-24T13:54:17.696+0000] {logging_mixin.py:188} INFO - [2026-08-24T13:54:17.696+0000] {dag.py:3954} INFO - Setting next_dagrun for example_bash_decorator to None, run_after=None
[2026-08-24T13:54:17.737+0000] {processor.py:183} INFO - Processing /home/airflow/.local/lib/python3.12/site-packages/airflow/example_dags/example_bash_decorator.py took 0.150 seconds
[2026-08-24T13:54:48.488+0000] {processor.py:161} INFO - Started process (PID=458) to work on /home/airflow/.local/lib/python3.12/site-packages/airflow/example_dags/example_bash_decorator.py
[2026-08-24T13:54:48.489+0000] {processor.py:830} INFO - Processing file /home/airflow/.local/lib/python3.12/site-packages/airflow/example_dags/example_bash_decorator.py for tasks to queue
[2026-08-24T13:54:48.492+0000] {logging_mixin.py:188} INFO - [2026-08-24T13:54:48.492+0000] {dagbag.py:545} INFO - Filling up the DagBag from /home/airflow/.local/lib/python3.12/site-packages/airflow/example_dags/example_bash_decorator.py
[2026-08-24T13:54:48.509+0000] {processor.py:840} INFO - DAG(s) 'example_bash_decorator' retrieved from /home/airflow/.local/lib/python3.12/site-packages/airflow/example_dags/example_bash_decorator.py
[2026-08-24T13:54:48.529+0000] {logging_mixin.py:188} INFO - [2026-08-24T13:54:48.529+0000] {dag.py:3096} INFO - Sync 1 DAGs
[2026-08-24T13:54:48.546+0000] {logging_mixin.py:188} INFO - [2026-08-24T13:54:48.546+0000] {dag.py:3954} INFO - Setting next_dagrun for example_bash_decorator to None, run_after=None
[2026-08-24T13:54:48.569+0000] {processor.py:183} INFO - Processing /home/airflow/.local/lib/python3.12/site-packages/airflow/example_dags/example_bash_decorator.py took 0.089 seconds
[2026-08-24T13:55:24.366+0000] {processor.py:161} INFO - Started process (PID=517) to work on /home/airflow/.local/lib/python3.12/site-packages/airflow/example_dags/example_bash_decorator.py
[2026-08-24T13:55:24.367+0000] {processor.py:830} INFO - Processing file /home/airflow/.local/lib/python3.12/site-packages/airflow/example_dags/example_bash_decorator.py for tasks to queue
[2026-08-24T13:55:24.370+0000] {logging_mixin.py:188} INFO - [2026-08-24T13:55:24.370+0000] {dagbag.py:545} INFO - Filling up the DagBag from /home/airflow/.local/lib/python3.12/site-packages/airflow/example_dags/example_bash_decorator.py
[2026-08-24T13:55:24.388+0000] {processor.py:840} INFO - DAG(s) 'example_bash_decorator' retrieved from /home/airflow/.local/lib/python3.12/site-packages/airflow/example_dags/example_bash_decorator.py
[2026-08-24T13:55:24.543+0000] {logging_mixin.py:188} INFO - [2026-08-24T13:55:24.543+0000] {dag.py:3096} INFO - Sync 1 DAGs
[2026-08-24T13:55:24.563+0000] {logging_mixin.py:188} INFO - [2026-08-24T13:55:24.562+0000] {dag.py:3954} INFO - Setting next_dagrun for example_bash_decorator to None, run_after=None
[2026-08-24T13:55:24.587+0000] {processor.py:183} INFO - Processing /home/airflow/.local/lib/python3.12/site-packages/airflow/example_dags/example_bash_decorator.py took 0.229 seconds
[2026-08-24T13:55:54.787+0000] {processor.py:161} INFO - Started process (PID=576) to work on /home/airflow/.local/lib/python3.12/site-packages/airflow/example_dags/example_bash_decorator.py
[2026-08-24T13:55:54.791+0000] {processor.py:830} INFO - Processing file /home/airflow/.local/lib/python3.12/site-packages/airflow/example_dags/example_bash_decorator.py for tasks to queue
[2026-08-24T13:55:54.794+0000] {logging_mixin.py:188} INFO - [2026-08-24T13:55:54.794+0000] {dagbag.py:545} INFO - Filling up the DagBag from /home/airflow/.local/lib/python3.12/site-packages/airflow/example_dags/example_bash_decorator.py
[2026-08-24T13:55:54.816+0000] {processor.py:840} INFO - DAG(s) 'example_bash_decorator' retrieved from /home/airflow/.local/lib/python3.12/site-packages/airflow/example_dags/example_bash_decorator.py
[2026-08-24T13:55:54.853+0000] {logging_mixin.py:188} INFO - [2026-08-24T13:55:54.853+0000] {dag.py:3096} INFO - Sync 1 DAGs
[2026-08-24T13:55:54.871+0000] {logging_mixin.py:188} INFO - [2026-08-24T13:55:54.871+0000] {dag.py:3954} INFO - Setting next_dagrun for example_bash_decorator to None, run_after=None
[2026-08-24T13:55:54.903+0000] {processor.py:183} INFO - Processing /home/airflow/.local/lib/python3.12/site-packages/airflow/example_dags/example_bash_decorator.py took 0.125 seconds
[2026-08-24T13:56:24.982+0000] {processor.py:161} INFO - Started process (PID=635) to work on /home/airflow/.local/lib/python3.12/site-packages/airflow/example_dags/example_bash_decorator.py
[2026-08-24T13:56:24.984+0000] {processor.py:830} INFO - Processing file /home/airflow/.local/lib/python3.12/site-packages/airflow/example_dags/example_bash_decorator.py for tasks to queue
[2026-08-24T13:56:24.986+0000] {logging_mixin.py:188} INFO - [2026-08-24T13:56:24.986+0000] {dagbag.py:545} INFO - Filling up the DagBag from /home/airflow/.local/lib/python3.12/site-packages/airflow/example_dags/example_bash_decorator.py
[2026-08-24T13:56:25.008+0000] {processor.py:840} INFO - DAG(s) 'example_bash_decorator' retrieved from /home/airflow/.local/lib/python3.12/site-packages/airflow/example_dags/example_bash_decorator.py
[2026-08-24T13:56:25.043+0000] {logging_mixin.py:188} INFO - [2026-08-24T13:56:25.043+0000] {dag.py:3096} INFO - Sync 1 DAGs
[2026-08-24T13:56:25.060+0000] {logging_mixin.py:188} INFO - [2026-08-24T13:56:25.060+0000] {dag.py:3954} INFO - Setting next_dagrun for example_bash_decorator to None, run_after=None
[2026-08-24T13:56:25.089+0000] {processor.py:183} INFO - Processing /home/airflow/.local/lib/python3.12/site-packages/airflow/example_dags/example_bash_decorator.py took 0.115 seconds
[2026-08-24T13:56:55.429+0000] {processor.py:161} INFO - Started process (PID=694) to work on /home/airflow/.local/lib/python3.12/site-packages/airflow/example_dags/example_bash_decorator.py
[2026-08-24T13:56:55.430+0000] {processor.py:830} INFO - Processing file /home/airflow/.local/lib/python3.12/site-packages/airflow/example_dags/example_bash_decorator.py for tasks to queue
[2026-08-24T13:56:55.433+0000] {logging_mixin.py:188} INFO - [2026-08-24T13:56:55.432+0000] {dagbag.py:545} INFO - Filling up the DagBag from /home/airflow/.local/lib/python3.12/site-packages/airflow/example_dags/example_bash_decorator.py
[2026-08-24T13:56:55.458+0000] {processor.py:840} INFO - DAG(s) 'example_bash_decorator' retrieved from /home/airflow/.local/lib/python3.12/site-packages/airflow/example_dags/example_bash_decorator.py
[2026-08-24T13:56:55.495+0000] {logging_mixin.py:188} INFO - [2026-08-24T13:56:55.494+0000] {dag.py:3096} INFO - Sync 1 DAGs
[2026-08-24T13:56:55.512+0000] {logging_mixin.py:188} INFO - [2026-08-24T13:56:55.512+0000] {dag.py:3954} INFO - Setting next_dagrun for example_bash_decorator to None, run_after=None
[2026-08-24T13:56:55.539+0000] {processor.py:183} INFO - Processing /home/airflow/.local/lib/python3.12/site-packages/airflow/example_dags/example_bash_decorator.py took 0.117 seconds
[2026-08-24T13:57:26.081+0000] {processor.py:161} INFO - Started process (PID=754) to work on /home/airflow/.local/lib/python3.12/site-packages/airflow/example_dags/example_bash_decorator.py
[2026-08-24T13:57:26.082+0000] {processor.py:830} INFO - Processing file /home/airflow/.local/lib/python3.12/site-packages/airflow/example_dags/example_bash_decorator.py for tasks to queue
[2026-08-24T13:57:26.085+0000] {logging_mixin.py:188} INFO - [2026-08-24T13:57:26.085+0000] {dagbag.py:545} INFO - Filling up the DagBag from /home/airflow/.local/lib/python3.12/site-packages/airflow/example_dags/example_bash_decorator.py
[2026-08-24T13:57:26.106+0000] {processor.py:840} INFO - DAG(s) 'example_bash_decorator' retrieved from /home/airflow/.local/lib/python3.12/site-packages/airflow/example_dags/example_bash_decorator.py
[2026-08-24T13:57:26.141+0000] {logging_mixin.py:188} INFO - [2026-08-24T13:57:26.141+0000] {dag.py:3096} INFO - Sync 1 DAGs
[2026-08-24T13:57:26.158+0000] {logging_mixin.py:188} INFO - [2026-08-24T13:57:26.158+0000] {dag.py:3954} INFO - Setting next_dagrun for example_bash_decorator to None, run_after=None
[2026-08-24T13:57:26.186+0000] {processor.py:183} INFO - Processing /home/airflow/.local/lib/python3.12/site-packages/airflow/example_dags/example_bash_decorator.py took 0.118 seconds
[2026-08-24T13:57:56.887+0000] {processor.py:161} INFO - Started process (PID=813) to work on /home/airflow/.local/lib/python3.12/site-packages/airflow/example_dags/example_bash_decorator.py
[2026-08-24T13:57:56.888+0000] {processor.py:830} INFO - Processing file /home/airflow/.local/lib/python3.12/site-packages/airflow/example_dags/example_bash_decorator.py for tasks to queue
[2026-08-24T13:57:56.891+0000] {logging_mixin.py:188} INFO - [2026-08-24T13:57:56.890+0000] {dagbag.py:545} INFO - Filling up the DagBag from /home/airflow/.local/lib/python3.12/site-packages/airflow/example_dags/example_bash_decorator.py
[2026-08-24T13:57:56.909+0000] {processor.py:840} INFO - DAG(s) 'example_bash_decorator' retrieved from /home/airflow/.local/lib/python3.12/site-packages/airflow/example_dags/example_bash_decorator.py
[2026-08-24T13:57:56.940+0000] {logging_mixin.py:188} INFO - [2026-08-24T13:57:56.939+0000] {dag.py:3096} INFO - Sync 1 DAGs
[2026-08-24T13:57:56.955+0000] {logging_mixin.py:188} INFO - [2026-08-24T13:57:56.955+0000] {dag.py:3954} INFO - Setting next_dagrun for example_bash_decorator to None, run_after=None
[2026-08-24T13:57:56.978+0000] {processor.py:183} INFO - Processing /home/airflow/.local/lib/python3.12/site-packages/airflow/example_dags/example_bash_decorator.py took 0.099 seconds
[2026-08-24T13:58:27.182+0000] {processor.py:161} INFO - Started process (PID=873) to work on /home/airflow/.local/lib/python3.12/site-packages/airflow/example_dags/example_bash_decorator.py
[2026-08-24T13:58:27.184+0000] {processor.py:830} INFO - Processing file /home/airflow/.local/lib/python3.12/site-packages/airflow/example_dags/example_bash_decorator.py for tasks to queue
[2026-08-24T13:58:27.186+0000] {logging_mixin.py:188} INFO - [2026-08-24T13:58:27.186+0000] {dagbag.py:545} INFO - Filling up the DagBag from /home/airflow/.local/lib/python3.12/site-packages/airflow/example_dags/example_bash_decorator.py
[2026-08-24T13:58:27.204+0000] {processor.py:840} INFO - DAG(s) 'example_bash_decorator' retrieved from /home/airflow/.local/lib/python3.12/site-packages/airflow/example_dags/example_bash_decorator.py
[2026-08-24T13:58:27.233+0000] {logging_mixin.py:188} INFO - [2026-08-24T13:58:27.233+0000] {dag.py:3096} INFO - Sync 1 DAGs
[2026-08-24T13:58:27.251+0000] {logging_mixin.py:188} INFO - [2026-08-24T13:58:27.251+0000] {dag.py:3954} INFO - Setting next_dagrun for example_bash_decorator to None, run_after=None
[2026-08-24T13:58:27.274+0000] {processor.py:183} INFO - Processing /home/airflow/.local/lib/python3.12/site-packages/airflow/example_dags/example_bash_decorator.py took 0.100 seconds
[2026-08-24T13:58:58.239+0000] {processor.py:161} INFO - Started process (PID=932) to work on /home/airflow/.local/lib/python3.12/site-packages/airflow/example_dags/example_bash_decorator.py
[2026-08-24T13:58:58.240+0000] {processor.py:830} INFO - Processing file /home/airflow/.local/lib/python3.12/site-packages/airflow/example_dags/example_bash_decorator.py for tasks to queue
[2026-08-24T13:58:58.242+0000] {logging_mixin.py:188} INFO - [2026-08-24T13:58:58.242+0000] {dagbag.py:545} INFO - Filling up the DagBag from /home/airflow/.local/lib/python3.12/site-packages/airflow/example_dags/example_bash_decorator.py
[2026-08-24T13:58:58.262+0000] {processor.py:840} INFO - DAG(s) 'example_bash_decorator' retrieved from /home/airflow/.local/lib/python3.12/site-packages/airflow/example_dags/example_bash_decorator.py
[2026-08-24T13:58:58.297+0000] {logging_mixin.py:188} INFO - [2026-08-24T13:58:58.296+0000] {dag.py:3096} INFO - Sync 1 DAGs
[2026-08-24T13:58:58.313+0000] {logging_mixin.py:188} INFO - [2026-08-24T13:58:58.313+0000] {dag.py:3954} INFO - Setting next_dagrun for example_bash_decorator to None, run_after=None
[2026-08-24T13:58:58.339+0000] {processor.py:183} INFO - Processing /home/airflow/.local/lib/python3.12/site-packages/airflow/example_dags/example_bash_decorator.py took 0.109 seconds
[2026-08-24T14:00:38.997+0000] {processor.py:161} INFO - Started process (PID=116) to work on /home/airflow/.local/lib/python3.12/site-packages/airflow/example_dags/example_bash_decorator.py
[2026-08-24T14:00:38.998+0000] {processor.py:830} INFO - Processing file /home/airflow/.local/lib/python3.12/site-packages/airflow/example_dags/example_bash_decorator.py for tasks to queue
[2026-08-24T14:00:39.001+0000] {logging_mixin.py:188} INFO - [2026-08-24T14:00:39.000+0000] {dagbag.py:545} INFO - Filling up the DagBag from /home/airflow/.local/lib/python3.12/site-packages/airflow/example_dags/example_bash_decorator.py
[2026-08-24T14:00:39.023+0000] {processor.py:840} INFO - DAG(s) 'example_bash_decorator' retrieved from /home/airflow/.local/lib/python3.12/site-packages/airflow/example_dags/example_bash_decorator.py
[2026-08-24T14:00:39.251+0000] {logging_mixin.py:188} INFO - [2026-08-24T14:00:39.251+0000] {dag.py:3096} INFO - Sync 1 DAGs
[2026-08-24T14:00:39.270+0000] {logging_mixin.py:188} INFO - [2026-08-24T14:00:39.270+0000] {dag.py:3954} INFO - Setting next_dagrun for example_bash_decorator to None, run_after=None
[2026-08-24T14:00:39.301+0000] {processor.py:183} INFO - Processing /home/airflow/.local/lib/python3.12/site-packages/airflow/example_dags/example_bash_decorator.py took 0.312 seconds
[2026-08-24T14:01:09.832+0000] {processor.py:161} INFO - Started process (PID=175) to work on /home/airflow/.local/lib/python3.12/site-packages/airflow/example_dags/example_bash_decorator.py
[2026-08-24T14:01:09.834+0000] {processor.py:830} INFO - Processing file /home/airflow/.local/lib/python3.12/site-packages/airflow/example_dags/example_bash_decorator.py for tasks to queue
[2026-08-24T14:01:09.839+0000] {logging_mixin.py:188} INFO - [2026-08-24T14:01:09.838+0000] {dagbag.py:545} INFO - Filling up the DagBag from /home/airflow/.local/lib/python3.12/site-packages/airflow/example_dags/example_bash_decorator.py
[2026-08-24T14:01:09.870+0000] {processor.py:840} INFO - DAG(s) 'example_bash_decorator' retrieved from /home/airflow/.local/lib/python3.12/site-packages/airflow/example_dags/example_bash_decorator.py
[2026-08-24T14:01:09.924+0000] {logging_mixin.py:188} INFO - [2026-08-24T14:01:09.923+0000] {dag.py:3096} INFO - Sync 1 DAGs
[2026-08-24T14:01:09.964+0000] {logging_mixin.py:188} INFO - [2026-08-24T14:01:09.964+0000] {dag.py:3954} INFO - Setting next_dagrun for example_bash_decorator to None, run_after=None
[2026-08-24T14:01:10.001+0000] {processor.py:183} INFO - Processing /home/airflow/.local/lib/python3.12/site-packages/airflow/example_dags/example_bash_decorator.py took 0.182 seconds
[2026-08-24T14:01:40.124+0000] {processor.py:161} INFO - Started process (PID=234) to work on /home/airflow/.local/lib/python3.12/site-packages/airflow/example_dags/example_bash_decorator.py
[2026-08-24T14:01:40.125+0000] {processor.py:830} INFO - Processing file /home/airflow/.local/lib/python3.12/site-packages/airflow/example_dags/example_bash_decorator.py for tasks to queue
[2026-08-24T14:01:40.128+0000] {logging_mixin.py:188} INFO - [2026-08-24T14:01:40.127+0000] {dagbag.py:545} INFO - Filling up the DagBag from /home/airflow/.local/lib/python3.12/site-packages/airflow/example_dags/example_bash_decorator.py
[2026-08-24T14:01:40.146+0000] {processor.py:840} INFO - DAG(s) 'example_bash_decorator' retrieved from /home/airflow/.local/lib/python3.12/site-packages/airflow/example_dags/example_bash_decorator.py
[2026-08-24T14:01:40.175+0000] {logging_mixin.py:188} INFO - [2026-08-24T14:01:40.175+0000] {dag.py:3096} INFO - Sync 1 DAGs
[2026-08-24T14:01:40.192+0000] {logging_mixin.py:188} INFO - [2026-08-24T14:01:40.191+0000] {dag.py:3954} INFO - Setting next_dagrun for example_bash_decorator to None, run_after=None
[2026-08-24T14:01:40.218+0000] {processor.py:183} INFO - Processing /home/airflow/.local/lib/python3.12/site-packages/airflow/example_dags/example_bash_decorator.py took 0.101 seconds
[2026-08-24T14:02:10.398+0000] {processor.py:161} INFO - Started process (PID=293) to work on /home/airflow/.local/lib/python3.12/site-packages/airflow/example_dags/example_bash_decorator.py
[2026-08-24T14:02:10.399+0000] {processor.py:830} INFO - Processing file /home/airflow/.local/lib/python3.12/site-packages/airflow/example_dags/example_bash_decorator.py for tasks to queue
[2026-08-24T14:02:10.402+0000] {logging_mixin.py:188} INFO - [2026-08-24T14:02:10.401+0000] {dagbag.py:545} INFO - Filling up the DagBag from /home/airflow/.local/lib/python3.12/site-packages/airflow/example_dags/example_bash_decorator.py
[2026-08-24T14:02:10.418+0000] {processor.py:840} INFO - DAG(s) 'example_bash_decorator' retrieved from /home/airflow/.local/lib/python3.12/site-packages/airflow/example_dags/example_bash_decorator.py
[2026-08-24T14:02:10.447+0000] {logging_mixin.py:188} INFO - [2026-08-24T14:02:10.447+0000] {dag.py:3096} INFO - Sync 1 DAGs
[2026-08-24T14:02:10.463+0000] {logging_mixin.py:188} INFO - [2026-08-24T14:02:10.462+0000] {dag.py:3954} INFO - Setting next_dagrun for example_bash_decorator to None, run_after=None
[2026-08-24T14:02:10.485+0000] {processor.py:183} INFO - Processing /home/airflow/.local/lib/python3.12/site-packages/airflow/example_dags/example_bash_decorator.py took 0.095 seconds
[2026-08-24T14:02:40.753+0000] {processor.py:161} INFO - Started process (PID=353) to work on /home/airflow/.local/lib/python3.12/site-packages/airflow/example_dags/example_bash_decorator.py
[2026-08-24T14:02:40.755+0000] {processor.py:830} INFO - Processing file /home/airflow/.local/lib/python3.12/site-packages/airflow/example_dags/example_bash_decorator.py for tasks to queue
[2026-08-24T14:02:40.757+0000] {logging_mixin.py:188} INFO - [2026-08-24T14:02:40.757+0000] {dagbag.py:545} INFO - Filling up the DagBag from /home/airflow/.local/lib/python3.12/site-packages/airflow/example_dags/example_bash_decorator.py
[2026-08-24T14:02:40.775+0000] {processor.py:840} INFO - DAG(s) 'example_bash_decorator' retrieved from /home/airflow/.local/lib/python3.12/site-packages/airflow/example_dags/example_bash_decorator.py
[2026-08-24T14:02:40.803+0000] {logging_mixin.py:188} INFO - [2026-08-24T14:02:40.803+0000] {dag.py:3096} INFO - Sync 1 DAGs
[2026-08-24T14:02:40.818+0000] {logging_mixin.py:188} INFO - [2026-08-24T14:02:40.818+0000] {dag.py:3954} INFO - Setting next_dagrun for example_bash_decorator to None, run_after=None
[2026-08-24T14:02:40.841+0000] {processor.py:183} INFO - Processing /home/airflow/.local/lib/python3.12/site-packages/airflow/example_dags/example_bash_decorator.py took 0.095 seconds
[2026-08-24T14:07:42.423+0000] {processor.py:161} INFO - Started process (PID=122) to work on /home/airflow/.local/lib/python3.12/site-packages/airflow/example_dags/example_bash_decorator.py
[2026-08-24T14:07:42.424+0000] {processor.py:830} INFO - Processing file /home/airflow/.local/lib/python3.12/site-packages/airflow/example_dags/example_bash_decorator.py for tasks to queue
[2026-08-24T14:07:42.427+0000] {logging_mixin.py:188} INFO - [2026-08-24T14:07:42.426+0000] {dagbag.py:545} INFO - Filling up the DagBag from /home/airflow/.local/lib/python3.12/site-packages/airflow/example_dags/example_bash_decorator.py
[2026-08-24T14:07:42.446+0000] {processor.py:840} INFO - DAG(s) 'example_bash_decorator' retrieved from /home/airflow/.local/lib/python3.12/site-packages/airflow/example_dags/example_bash_decorator.py
[2026-08-24T14:07:42.603+0000] {logging_mixin.py:188} INFO - [2026-08-24T14:07:42.603+0000] {dag.py:3096} INFO - Sync 1 DAGs
[2026-08-24T14:07:42.622+0000] {logging_mixin.py:188} INFO - [2026-08-24T14:07:42.621+0000] {dag.py:3954} INFO - Setting next_dagrun for example_bash_decorator to None, run_after=None
[2026-08-24T14:07:42.654+0000] {processor.py:183} INFO - Processing /home/airflow/.local/lib/python3.12/site-packages/airflow/example_dags/example_bash_decorator.py took 0.239 seconds
[2026-08-24T14:08:13.015+0000] {processor.py:161} INFO - Started process (PID=181) to work on /home/airflow/.local/lib/python3.12/site-packages/airflow/example_dags/example_bash_decorator.py
[2026-08-24T14:08:13.017+0000] {processor.py:830} INFO - Processing file /home/airflow/.local/lib/python3.12/site-packages/airflow/example_dags/example_bash_decorator.py for tasks to queue
[2026-08-24T14:08:13.020+0000] {logging_mixin.py:188} INFO - [2026-08-24T14:08:13.020+0000] {dagbag.py:545} INFO - Filling up the DagBag from /home/airflow/.local/lib/python3.12/site-packages/airflow/example_dags/example_bash_decorator.py
[2026-08-24T14:08:13.047+0000] {processor.py:840} INFO - DAG(s) 'example_bash_decorator' retrieved from /home/airflow/.local/lib/python3.12/site-packages/airflow/example_dags/example_bash_decorator.py
[2026-08-24T14:08:13.087+0000] {logging_mixin.py:188} INFO - [2026-08-24T14:08:13.086+0000] {dag.py:3096} INFO - Sync 1 DAGs
[2026-08-24T14:08:13.109+0000] {logging_mixin.py:188} INFO - [2026-08-24T14:08:13.108+0000] {dag.py:3954} INFO - Setting next_dagrun for example_bash_decorator to None, run_after=None
[2026-08-24T14:08:13.138+0000] {processor.py:183} INFO - Processing /home/airflow/.local/lib/python3.12/site-packages/airflow/example_dags/example_bash_decorator.py took 0.135 seconds
[2026-08-24T14:08:43.478+0000] {processor.py:161} INFO - Started process (PID=240) to work on /home/airflow/.local/lib/python3.12/site-packages/airflow/example_dags/example_bash_decorator.py
[2026-08-24T14:08:43.479+0000] {processor.py:830} INFO - Processing file /home/airflow/.local/lib/python3.12/site-packages/airflow/example_dags/example_bash_decorator.py for tasks to queue
[2026-08-24T14:08:43.482+0000] {logging_mixin.py:188} INFO - [2026-08-24T14:08:43.481+0000] {dagbag.py:545} INFO - Filling up the DagBag from /home/airflow/.local/lib/python3.12/site-packages/airflow/example_dags/example_bash_decorator.py
[2026-08-24T14:08:43.504+0000] {processor.py:840} INFO - DAG(s) 'example_bash_decorator' retrieved from /home/airflow/.local/lib/python3.12/site-packages/airflow/example_dags/example_bash_decorator.py
[2026-08-24T14:08:43.543+0000] {logging_mixin.py:188} INFO - [2026-08-24T14:08:43.543+0000] {dag.py:3096} INFO - Sync 1 DAGs
[2026-08-24T14:08:43.564+0000] {logging_mixin.py:188} INFO - [2026-08-24T14:08:43.563+0000] {dag.py:3954} INFO - Setting next_dagrun for example_bash_decorator to None, run_after=None
[2026-08-24T14:08:43.591+0000] {processor.py:183} INFO - Processing /home/airflow/.local/lib/python3.12/site-packages/airflow/example_dags/example_bash_decorator.py took 0.123 seconds
[2026-08-24T14:09:13.696+0000] {processor.py:161} INFO - Started process (PID=299) to work on /home/airflow/.local/lib/python3.12/site-packages/airflow/example_dags/example_bash_decorator.py
[2026-08-24T14:09:13.698+0000] {processor.py:830} INFO - Processing file /home/airflow/.local/lib/python3.12/site-packages/airflow/example_dags/example_bash_decorator.py for tasks to queue
[2026-08-24T14:09:13.700+0000] {logging_mixin.py:188} INFO - [2026-08-24T14:09:13.700+0000] {dagbag.py:545} INFO - Filling up the DagBag from /home/airflow/.local/lib/python3.12/site-packages/airflow/example_dags/example_bash_decorator.py
[2026-08-24T14:09:13.722+0000] {processor.py:840} INFO - DAG(s) 'example_bash_decorator' retrieved from /home/airflow/.local/lib/python3.12/site-packages/airflow/example_dags/example_bash_decorator.py
[2026-08-24T14:09:13.759+0000] {logging_mixin.py:188} INFO - [2026-08-24T14:09:13.758+0000] {dag.py:3096} INFO - Sync 1 DAGs
[2026-08-24T14:09:13.784+0000] {logging_mixin.py:188} INFO - [2026-08-24T14:09:13.784+0000] {dag.py:3954} INFO - Setting next_dagrun for example_bash_decorator to None, run_after=None
[2026-08-24T14:09:13.815+0000] {processor.py:183} INFO - Processing /home/airflow/.local/lib/python3.12/site-packages/airflow/example_dags/example_bash_decorator.py took 0.127 seconds
[2026-08-24T14:09:44.287+0000] {processor.py:161} INFO - Started process (PID=358) to work on /home/airflow/.local/lib/python3.12/site-packages/airflow/example_dags/example_bash_decorator.py
[2026-08-24T14:09:44.289+0000] {processor.py:830} INFO - Processing file /home/airflow/.local/lib/python3.12/site-packages/airflow/example_dags/example_bash_decorator.py for tasks to queue
[2026-08-24T14:09:44.292+0000] {logging_mixin.py:188} INFO - [2026-08-24T14:09:44.291+0000] {dagbag.py:545} INFO - Filling up the DagBag from /home/airflow/.local/lib/python3.12/site-packages/airflow/example_dags/example_bash_decorator.py
[2026-08-24T14:09:44.320+0000] {processor.py:840} INFO - DAG(s) 'example_bash_decorator' retrieved from /home/airflow/.local/lib/python3.12/site-packages/airflow/example_dags/example_bash_decorator.py
[2026-08-24T14:09:44.354+0000] {logging_mixin.py:188} INFO - [2026-08-24T14:09:44.353+0000] {dag.py:3096} INFO - Sync 1 DAGs
[2026-08-24T14:09:44.372+0000] {logging_mixin.py:188} INFO - [2026-08-24T14:09:44.372+0000] {dag.py:3954} INFO - Setting next_dagrun for example_bash_decorator to None, run_after=None
[2026-08-24T14:09:44.399+0000] {processor.py:183} INFO - Processing /home/airflow/.local/lib/python3.12/site-packages/airflow/example_dags/example_bash_decorator.py took 0.121 seconds
[2026-08-24T14:10:14.811+0000] {processor.py:161} INFO - Started process (PID=417) to work on /home/airflow/.local/lib/python3.12/site-packages/airflow/example_dags/example_bash_decorator.py
[2026-08-24T14:10:14.813+0000] {processor.py:830} INFO - Processing file /home/airflow/.local/lib/python3.12/site-packages/airflow/example_dags/example_bash_decorator.py for tasks to queue
[2026-08-24T14:10:14.815+0000] {logging_mixin.py:188} INFO - [2026-08-24T14:10:14.815+0000] {dagbag.py:545} INFO - Filling up the DagBag from /home/airflow/.local/lib/python3.12/site-packages/airflow/example_dags/example_bash_decorator.py
[2026-08-24T14:10:14.832+0000] {processor.py:840} INFO - DAG(s) 'example_bash_decorator' retrieved from /home/airflow/.local/lib/python3.12/site-packages/airflow/example_dags/example_bash_decorator.py
[2026-08-24T14:10:14.863+0000] {logging_mixin.py:188} INFO - [2026-08-24T14:10:14.863+0000] {dag.py:3096} INFO - Sync 1 DAGs
[2026-08-24T14:10:14.880+0000] {logging_mixin.py:188} INFO - [2026-08-24T14:10:14.880+0000] {dag.py:3954} INFO - Setting next_dagrun for example_bash_decorator to None, run_after=None
[2026-08-24T14:10:14.909+0000] {processor.py:183} INFO - Processing /home/airflow/.local/lib/python3.12/site-packages/airflow/example_dags/example_bash_decorator.py took 0.108 seconds
[2026-08-24T14:10:45.393+0000] {processor.py:161} INFO - Started process (PID=476) to work on /home/airflow/.local/lib/python3.12/site-packages/airflow/example_dags/example_bash_decorator.py
[2026-08-24T14:10:45.395+0000] {processor.py:830} INFO - Processing file /home/airflow/.local/lib/python3.12/site-packages/airflow/example_dags/example_bash_decorator.py for tasks to queue
[2026-08-24T14:10:45.397+0000] {logging_mixin.py:188} INFO - [2026-08-24T14:10:45.397+0000] {dagbag.py:545} INFO - Filling up the DagBag from /home/airflow/.local/lib/python3.12/site-packages/airflow/example_dags/example_bash_decorator.py
[2026-08-24T14:10:45.416+0000] {processor.py:840} INFO - DAG(s) 'example_bash_decorator' retrieved from /home/airflow/.local/lib/python3.12/site-packages/airflow/example_dags/example_bash_decorator.py
[2026-08-24T14:10:45.454+0000] {logging_mixin.py:188} INFO - [2026-08-24T14:10:45.453+0000] {dag.py:3096} INFO - Sync 1 DAGs
[2026-08-24T14:10:45.475+0000] {logging_mixin.py:188} INFO - [2026-08-24T14:10:45.475+0000] {dag.py:3954} INFO - Setting next_dagrun for example_bash_decorator to None, run_after=None
[2026-08-24T14:10:45.503+0000] {processor.py:183} INFO - Processing /home/airflow/.local/lib/python3.12/site-packages/airflow/example_dags/example_bash_decorator.py took 0.119 seconds
[2026-08-24T14:13:28.980+0000] {processor.py:161} INFO - Started process (PID=126) to work on /home/airflow/.local/lib/python3.12/site-packages/airflow/example_dags/example_bash_decorator.py
[2026-08-24T14:13:28.996+0000] {processor.py:830} INFO - Processing file /home/airflow/.local/lib/python3.12/site-packages/airflow/example_dags/example_bash_decorator.py for tasks to queue
[2026-08-24T14:13:28.999+0000] {logging_mixin.py:188} INFO - [2026-08-24T14:13:28.998+0000] {dagbag.py:545} INFO - Filling up the DagBag from /home/airflow/.local/lib/python3.12/site-packages/airflow/example_dags/example_bash_decorator.py
[2026-08-24T14:13:29.017+0000] {processor.py:840} INFO - DAG(s) 'example_bash_decorator' retrieved from /home/airflow/.local/lib/python3.12/site-packages/airflow/example_dags/example_bash_decorator.py
[2026-08-24T14:13:29.225+0000] {logging_mixin.py:188} INFO - [2026-08-24T14:13:29.224+0000] {dag.py:3096} INFO - Sync 1 DAGs
[2026-08-24T14:13:29.239+0000] {logging_mixin.py:188} INFO - [2026-08-24T14:13:29.239+0000] {dag.py:3954} INFO - Setting next_dagrun for example_bash_decorator to None, run_after=None
[2026-08-24T14:13:29.275+0000] {processor.py:183} INFO - Processing /home/airflow/.local/lib/python3.12/site-packages/airflow/example_dags/example_bash_decorator.py took 0.305 seconds
[2026-08-24T14:13:59.358+0000] {processor.py:161} INFO - Started process (PID=185) to work on /home/airflow/.local/lib/python3.12/site-packages/airflow/example_dags/example_bash_decorator.py
[2026-08-24T14:13:59.359+0000] {processor.py:830} INFO - Processing file /home/airflow/.local/lib/python3.12/site-packages/airflow/example_dags/example_bash_decorator.py for tasks to queue
[2026-08-24T14:13:59.362+0000] {logging_mixin.py:188} INFO - [2026-08-24T14:13:59.361+0000] {dagbag.py:545} INFO - Filling up the DagBag from /home/airflow/.local/lib/python3.12/site-packages/airflow/example_dags/example_bash_decorator.py
[2026-08-24T14:13:59.378+0000] {processor.py:840} INFO - DAG(s) 'example_bash_decorator' retrieved from /home/airflow/.local/lib/python3.12/site-packages/airflow/example_dags/example_bash_decorator.py
[2026-08-24T14:13:59.410+0000] {logging_mixin.py:188} INFO - [2026-08-24T14:13:59.409+0000] {dag.py:3096} INFO - Sync 1 DAGs
[2026-08-24T14:13:59.425+0000] {logging_mixin.py:188} INFO - [2026-08-24T14:13:59.425+0000] {dag.py:3954} INFO - Setting next_dagrun for example_bash_decorator to None, run_after=None
[2026-08-24T14:13:59.445+0000] {processor.py:183} INFO - Processing /home/airflow/.local/lib/python3.12/site-packages/airflow/example_dags/example_bash_decorator.py took 0.094 seconds
[2026-08-24T14:14:29.789+0000] {processor.py:161} INFO - Started process (PID=244) to work on /home/airflow/.local/lib/python3.12/site-packages/airflow/example_dags/example_bash_decorator.py
[2026-08-24T14:14:29.790+0000] {processor.py:830} INFO - Processing file /home/airflow/.local/lib/python3.12/site-packages/airflow/example_dags/example_bash_decorator.py for tasks to queue
[2026-08-24T14:14:29.792+0000] {logging_mixin.py:188} INFO - [2026-08-24T14:14:29.792+0000] {dagbag.py:545} INFO - Filling up the DagBag from /home/airflow/.local/lib/python3.12/site-packages/airflow/example_dags/example_bash_decorator.py
[2026-08-24T14:14:29.811+0000] {processor.py:840} INFO - DAG(s) 'example_bash_decorator' retrieved from /home/airflow/.local/lib/python3.12/site-packages/airflow/example_dags/example_bash_decorator.py
[2026-08-24T14:14:29.844+0000] {logging_mixin.py:188} INFO - [2026-08-24T14:14:29.844+0000] {dag.py:3096} INFO - Sync 1 DAGs
[2026-08-24T14:14:29.863+0000] {logging_mixin.py:188} INFO - [2026-08-24T14:14:29.862+0000] {dag.py:3954} INFO - Setting next_dagrun for example_bash_decorator to None, run_after=None
[2026-08-24T14:14:29.886+0000] {processor.py:183} INFO - Processing /home/airflow/.local/lib/python3.12/site-packages/airflow/example_dags/example_bash_decorator.py took 0.105 seconds
[2026-08-24T14:15:00.019+0000] {processor.py:161} INFO - Started process (PID=303) to work on /home/airflow/.local/lib/python3.12/site-packages/airflow/example_dags/example_bash_decorator.py
[2026-08-24T14:15:00.020+0000] {processor.py:830} INFO - Processing file /home/airflow/.local/lib/python3.12/site-packages/airflow/example_dags/example_bash_decorator.py for tasks to queue
[2026-08-24T14:15:00.023+0000] {logging_mixin.py:188} INFO - [2026-08-24T14:15:00.022+0000] {dagbag.py:545} INFO - Filling up the DagBag from /home/airflow/.local/lib/python3.12/site-packages/airflow/example_dags/example_bash_decorator.py
[2026-08-24T14:15:00.040+0000] {processor.py:840} INFO - DAG(s) 'example_bash_decorator' retrieved from /home/airflow/.local/lib/python3.12/site-packages/airflow/example_dags/example_bash_decorator.py
[2026-08-24T14:15:00.070+0000] {logging_mixin.py:188} INFO - [2026-08-24T14:15:00.069+0000] {dag.py:3096} INFO - Sync 1 DAGs
[2026-08-24T14:15:00.090+0000] {logging_mixin.py:188} INFO - [2026-08-24T14:15:00.090+0000] {dag.py:3954} INFO - Setting next_dagrun for example_bash_decorator to None, run_after=None
[2026-08-24T14:15:00.113+0000] {processor.py:183} INFO - Processing /home/airflow/.local/lib/python3.12/site-packages/airflow/example_dags/example_bash_decorator.py took 0.102 seconds
[2026-08-24T14:15:30.992+0000] {processor.py:161} INFO - Started process (PID=362) to work on /home/airflow/.local/lib/python3.12/site-packages/airflow/example_dags/example_bash_decorator.py
[2026-08-24T14:15:30.993+0000] {processor.py:830} INFO - Processing file /home/airflow/.local/lib/python3.12/site-packages/airflow/example_dags/example_bash_decorator.py for tasks to queue
[2026-08-24T14:15:30.996+0000] {logging_mixin.py:188} INFO - [2026-08-24T14:15:30.995+0000] {dagbag.py:545} INFO - Filling up the DagBag from /home/airflow/.local/lib/python3.12/site-packages/airflow/example_dags/example_bash_decorator.py
[2026-08-24T14:15:31.014+0000] {processor.py:840} INFO - DAG(s) 'example_bash_decorator' retrieved from /home/airflow/.local/lib/python3.12/site-packages/airflow/example_dags/example_bash_decorator.py
[2026-08-24T14:15:31.043+0000] {logging_mixin.py:188} INFO - [2026-08-24T14:15:31.043+0000] {dag.py:3096} INFO - Sync 1 DAGs
[2026-08-24T14:15:31.059+0000] {logging_mixin.py:188} INFO - [2026-08-24T14:15:31.059+0000] {dag.py:3954} INFO - Setting next_dagrun for example_bash_decorator to None, run_after=None
[2026-08-24T14:15:31.082+0000] {processor.py:183} INFO - Processing /home/airflow/.local/lib/python3.12/site-packages/airflow/example_dags/example_bash_decorator.py took 0.098 seconds
[2026-08-24T14:16:01.767+0000] {processor.py:161} INFO - Started process (PID=421) to work on /home/airflow/.local/lib/python3.12/site-packages/airflow/example_dags/example_bash_decorator.py
[2026-08-24T14:16:01.768+0000] {processor.py:830} INFO - Processing file /home/airflow/.local/lib/python3.12/site-packages/airflow/example_dags/example_bash_decorator.py for tasks to queue
[2026-08-24T14:16:01.771+0000] {logging_mixin.py:188} INFO - [2026-08-24T14:16:01.770+0000] {dagbag.py:545} INFO - Filling up the DagBag from /home/airflow/.local/lib/python3.12/site-packages/airflow/example_dags/example_bash_decorator.py
[2026-08-24T14:16:01.792+0000] {processor.py:840} INFO - DAG(s) 'example_bash_decorator' retrieved from /home/airflow/.local/lib/python3.12/site-packages/airflow/example_dags/example_bash_decorator.py
[2026-08-24T14:16:01.824+0000] {logging_mixin.py:188} INFO - [2026-08-24T14:16:01.823+0000] {dag.py:3096} INFO - Sync 1 DAGs
[2026-08-24T14:16:01.845+0000] {logging_mixin.py:188} INFO - [2026-08-24T14:16:01.845+0000] {dag.py:3954} INFO - Setting next_dagrun for example_bash_decorator to None, run_after=None
[2026-08-24T14:16:01.890+0000] {processor.py:183} INFO - Processing /home/airflow/.local/lib/python3.12/site-packages/airflow/example_dags/example_bash_decorator.py took 0.131 seconds
[2026-08-24T14:16:31.985+0000] {processor.py:161} INFO - Started process (PID=480) to work on /home/airflow/.local/lib/python3.12/site-packages/airflow/example_dags/example_bash_decorator.py
[2026-08-24T14:16:31.986+0000] {processor.py:830} INFO - Processing file /home/airflow/.local/lib/python3.12/site-packages/airflow/example_dags/example_bash_decorator.py for tasks to queue
[2026-08-24T14:16:31.989+0000] {logging_mixin.py:188} INFO - [2026-08-24T14:16:31.988+0000] {dagbag.py:545} INFO - Filling up the DagBag from /home/airflow/.local/lib/python3.12/site-packages/airflow/example_dags/example_bash_decorator.py
[2026-08-24T14:16:32.011+0000] {processor.py:840} INFO - DAG(s) 'example_bash_decorator' retrieved from /home/airflow/.local/lib/python3.12/site-packages/airflow/example_dags/example_bash_decorator.py
[2026-08-24T14:16:32.055+0000] {logging_mixin.py:188} INFO - [2026-08-24T14:16:32.055+0000] {dag.py:3096} INFO - Sync 1 DAGs
[2026-08-24T14:16:32.073+0000] {logging_mixin.py:188} INFO - [2026-08-24T14:16:32.073+0000] {dag.py:3954} INFO - Setting next_dagrun for example_bash_decorator to None, run_after=None
[2026-08-24T14:16:32.107+0000] {processor.py:183} INFO - Processing /home/airflow/.local/lib/python3.12/site-packages/airflow/example_dags/example_bash_decorator.py took 0.134 seconds
[2026-08-24T14:17:02.425+0000] {processor.py:161} INFO - Started process (PID=539) to work on /home/airflow/.local/lib/python3.12/site-packages/airflow/example_dags/example_bash_decorator.py
[2026-08-24T14:17:02.426+0000] {processor.py:830} INFO - Processing file /home/airflow/.local/lib/python3.12/site-packages/airflow/example_dags/example_bash_decorator.py for tasks to queue
[2026-08-24T14:17:02.429+0000] {logging_mixin.py:188} INFO - [2026-08-24T14:17:02.429+0000] {dagbag.py:545} INFO - Filling up the DagBag from /home/airflow/.local/lib/python3.12/site-packages/airflow/example_dags/example_bash_decorator.py
[2026-08-24T14:17:02.452+0000] {processor.py:840} INFO - DAG(s) 'example_bash_decorator' retrieved from /home/airflow/.local/lib/python3.12/site-packages/airflow/example_dags/example_bash_decorator.py
[2026-08-24T14:17:02.490+0000] {logging_mixin.py:188} INFO - [2026-08-24T14:17:02.490+0000] {dag.py:3096} INFO - Sync 1 DAGs
[2026-08-24T14:17:02.510+0000] {logging_mixin.py:188} INFO - [2026-08-24T14:17:02.510+0000] {dag.py:3954} INFO - Setting next_dagrun for example_bash_decorator to None, run_after=None
[2026-08-24T14:17:02.535+0000] {processor.py:183} INFO - Processing /home/airflow/.local/lib/python3.12/site-packages/airflow/example_dags/example_bash_decorator.py took 0.119 seconds
[2026-08-24T14:17:33.428+0000] {processor.py:161} INFO - Started process (PID=598) to work on /home/airflow/.local/lib/python3.12/site-packages/airflow/example_dags/example_bash_decorator.py
[2026-08-24T14:17:33.429+0000] {processor.py:830} INFO - Processing file /home/airflow/.local/lib/python3.12/site-packages/airflow/example_dags/example_bash_decorator.py for tasks to queue
[2026-08-24T14:17:33.432+0000] {logging_mixin.py:188} INFO - [2026-08-24T14:17:33.431+0000] {dagbag.py:545} INFO - Filling up the DagBag from /home/airflow/.local/lib/python3.12/site-packages/airflow/example_dags/example_bash_decorator.py
[2026-08-24T14:17:33.452+0000] {processor.py:840} INFO - DAG(s) 'example_bash_decorator' retrieved from /home/airflow/.local/lib/python3.12/site-packages/airflow/example_dags/example_bash_decorator.py
[2026-08-24T14:17:33.482+0000] {logging_mixin.py:188} INFO - [2026-08-24T14:17:33.481+0000] {dag.py:3096} INFO - Sync 1 DAGs
[2026-08-24T14:17:33.501+0000] {logging_mixin.py:188} INFO - [2026-08-24T14:17:33.500+0000] {dag.py:3954} INFO - Setting next_dagrun for example_bash_decorator to None, run_after=None
[2026-08-24T14:17:33.524+0000] {processor.py:183} INFO - Processing /home/airflow/.local/lib/python3.12/site-packages/airflow/example_dags/example_bash_decorator.py took 0.104 seconds
[2026-08-24T14:18:04.270+0000] {processor.py:161} INFO - Started process (PID=657) to work on /home/airflow/.local/lib/python3.12/site-packages/airflow/example_dags/example_bash_decorator.py
[2026-08-24T14:18:04.271+0000] {processor.py:830} INFO - Processing file /home/airflow/.local/lib/python3.12/site-packages/airflow/example_dags/example_bash_decorator.py for tasks to queue
[2026-08-24T14:18:04.273+0000] {logging_mixin.py:188} INFO - [2026-08-24T14:18:04.273+0000] {dagbag.py:545} INFO - Filling up the DagBag from /home/airflow/.local/lib/python3.12/site-packages/airflow/example_dags/example_bash_decorator.py
[2026-08-24T14:18:04.290+0000] {processor.py:840} INFO - DAG(s) 'example_bash_decorator' retrieved from /home/airflow/.local/lib/python3.12/site-packages/airflow/example_dags/example_bash_decorator.py
[2026-08-24T14:18:04.320+0000] {logging_mixin.py:188} INFO - [2026-08-24T14:18:04.319+0000] {dag.py:3096} INFO - Sync 1 DAGs
[2026-08-24T14:18:04.336+0000] {logging_mixin.py:188} INFO - [2026-08-24T14:18:04.336+0000] {dag.py:3954} INFO - Setting next_dagrun for example_bash_decorator to None, run_after=None
[2026-08-24T14:18:04.360+0000] {processor.py:183} INFO - Processing /home/airflow/.local/lib/python3.12/site-packages/airflow/example_dags/example_bash_decorator.py took 0.098 seconds
[2026-08-24T14:18:34.409+0000] {processor.py:161} INFO - Started process (PID=717) to work on /home/airflow/.local/lib/python3.12/site-packages/airflow/example_dags/example_bash_decorator.py
[2026-08-24T14:18:34.410+0000] {processor.py:830} INFO - Processing file /home/airflow/.local/lib/python3.12/site-packages/airflow/example_dags/example_bash_decorator.py for tasks to queue
[2026-08-24T14:18:34.414+0000] {logging_mixin.py:188} INFO - [2026-08-24T14:18:34.413+0000] {dagbag.py:545} INFO - Filling up the DagBag from /home/airflow/.local/lib/python3.12/site-packages/airflow/example_dags/example_bash_decorator.py
[2026-08-24T14:18:34.430+0000] {processor.py:840} INFO - DAG(s) 'example_bash_decorator' retrieved from /home/airflow/.local/lib/python3.12/site-packages/airflow/example_dags/example_bash_decorator.py
[2026-08-24T14:18:34.459+0000] {logging_mixin.py:188} INFO - [2026-08-24T14:18:34.458+0000] {dag.py:3096} INFO - Sync 1 DAGs
[2026-08-24T14:18:34.475+0000] {logging_mixin.py:188} INFO - [2026-08-24T14:18:34.474+0000] {dag.py:3954} INFO - Setting next_dagrun for example_bash_decorator to None, run_after=None
[2026-08-24T14:18:34.504+0000] {processor.py:183} INFO - Processing /home/airflow/.local/lib/python3.12/site-packages/airflow/example_dags/example_bash_decorator.py took 0.104 seconds
[2026-08-24T14:19:05.391+0000] {processor.py:161} INFO - Started process (PID=777) to work on /home/airflow/.local/lib/python3.12/site-packages/airflow/example_dags/example_bash_decorator.py
[2026-08-24T14:19:05.393+0000] {processor.py:830} INFO - Processing file /home/airflow/.local/lib/python3.12/site-packages/airflow/example_dags/example_bash_decorator.py for tasks to queue
[2026-08-24T14:19:05.396+0000] {logging_mixin.py:188} INFO - [2026-08-24T14:19:05.396+0000] {dagbag.py:545} INFO - Filling up the DagBag from /home/airflow/.local/lib/python3.12/site-packages/airflow/example_dags/example_bash_decorator.py
[2026-08-24T14:19:05.420+0000] {processor.py:840} INFO - DAG(s) 'example_bash_decorator' retrieved from /home/airflow/.local/lib/python3.12/site-packages/airflow/example_dags/example_bash_decorator.py
[2026-08-24T14:19:05.466+0000] {logging_mixin.py:188} INFO - [2026-08-24T14:19:05.466+0000] {dag.py:3096} INFO - Sync 1 DAGs
[2026-08-24T14:19:05.489+0000] {logging_mixin.py:188} INFO - [2026-08-24T14:19:05.489+0000] {dag.py:3954} INFO - Setting next_dagrun for example_bash_decorator to None, run_after=None
[2026-08-24T14:19:05.520+0000] {processor.py:183} INFO - Processing /home/airflow/.local/lib/python3.12/site-packages/airflow/example_dags/example_bash_decorator.py took 0.142 seconds
[2026-08-24T14:19:37.729+0000] {processor.py:161} INFO - Started process (PID=843) to work on /home/airflow/.local/lib/python3.12/site-packages/airflow/example_dags/example_bash_decorator.py
[2026-08-24T14:19:37.732+0000] {processor.py:830} INFO - Processing file /home/airflow/.local/lib/python3.12/site-packages/airflow/example_dags/example_bash_decorator.py for tasks to queue
[2026-08-24T14:19:37.737+0000] {logging_mixin.py:188} INFO - [2026-08-24T14:19:37.736+0000] {dagbag.py:545} INFO - Filling up the DagBag from /home/airflow/.local/lib/python3.12/site-packages/airflow/example_dags/example_bash_decorator.py
[2026-08-24T14:19:37.765+0000] {processor.py:840} INFO - DAG(s) 'example_bash_decorator' retrieved from /home/airflow/.local/lib/python3.12/site-packages/airflow/example_dags/example_bash_decorator.py
[2026-08-24T14:19:37.801+0000] {logging_mixin.py:188} INFO - [2026-08-24T14:19:37.801+0000] {dag.py:3096} INFO - Sync 1 DAGs
[2026-08-24T14:19:37.820+0000] {logging_mixin.py:188} INFO - [2026-08-24T14:19:37.819+0000] {dag.py:3954} INFO - Setting next_dagrun for example_bash_decorator to None, run_after=None
[2026-08-24T14:19:37.848+0000] {processor.py:183} INFO - Processing /home/airflow/.local/lib/python3.12/site-packages/airflow/example_dags/example_bash_decorator.py took 0.131 seconds
[2026-08-24T14:20:09.043+0000] {processor.py:161} INFO - Started process (PID=903) to work on /home/airflow/.local/lib/python3.12/site-packages/airflow/example_dags/example_bash_decorator.py
[2026-08-24T14:20:09.044+0000] {processor.py:830} INFO - Processing file /home/airflow/.local/lib/python3.12/site-packages/airflow/example_dags/example_bash_decorator.py for tasks to queue
[2026-08-24T14:20:09.048+0000] {logging_mixin.py:188} INFO - [2026-08-24T14:20:09.047+0000] {dagbag.py:545} INFO - Filling up the DagBag from /home/airflow/.local/lib/python3.12/site-packages/airflow/example_dags/example_bash_decorator.py
[2026-08-24T14:20:09.072+0000] {processor.py:840} INFO - DAG(s) 'example_bash_decorator' retrieved from /home/airflow/.local/lib/python3.12/site-packages/airflow/example_dags/example_bash_decorator.py
[2026-08-24T14:20:09.114+0000] {logging_mixin.py:188} INFO - [2026-08-24T14:20:09.113+0000] {dag.py:3096} INFO - Sync 1 DAGs
[2026-08-24T14:20:09.140+0000] {logging_mixin.py:188} INFO - [2026-08-24T14:20:09.140+0000] {dag.py:3954} INFO - Setting next_dagrun for example_bash_decorator to None, run_after=None
[2026-08-24T14:20:09.180+0000] {processor.py:183} INFO - Processing /home/airflow/.local/lib/python3.12/site-packages/airflow/example_dags/example_bash_decorator.py took 0.147 seconds
[2026-08-24T14:22:20.347+0000] {processor.py:161} INFO - Started process (PID=126) to work on /home/airflow/.local/lib/python3.12/site-packages/airflow/example_dags/example_bash_decorator.py
[2026-08-24T14:22:20.348+0000] {processor.py:830} INFO - Processing file /home/airflow/.local/lib/python3.12/site-packages/airflow/example_dags/example_bash_decorator.py for tasks to queue
[2026-08-24T14:22:20.351+0000] {logging_mixin.py:188} INFO - [2026-08-24T14:22:20.351+0000] {dagbag.py:545} INFO - Filling up the DagBag from /home/airflow/.local/lib/python3.12/site-packages/airflow/example_dags/example_bash_decorator.py
[2026-08-24T14:22:20.371+0000] {processor.py:840} INFO - DAG(s) 'example_bash_decorator' retrieved from /home/airflow/.local/lib/python3.12/site-packages/airflow/example_dags/example_bash_decorator.py
[2026-08-24T14:22:20.504+0000] {logging_mixin.py:188} INFO - [2026-08-24T14:22:20.503+0000] {dag.py:3096} INFO - Sync 1 DAGs
[2026-08-24T14:22:20.524+0000] {logging_mixin.py:188} INFO - [2026-08-24T14:22:20.523+0000] {dag.py:3954} INFO - Setting next_dagrun for example_bash_decorator to None, run_after=None
[2026-08-24T14:22:20.563+0000] {processor.py:183} INFO - Processing /home/airflow/.local/lib/python3.12/site-packages/airflow/example_dags/example_bash_decorator.py took 0.226 seconds
[2026-08-24T14:23:02.517+0000] {processor.py:161} INFO - Started process (PID=111) to work on /home/airflow/.local/lib/python3.12/site-packages/airflow/example_dags/example_bash_decorator.py
[2026-08-24T14:23:02.519+0000] {processor.py:830} INFO - Processing file /home/airflow/.local/lib/python3.12/site-packages/airflow/example_dags/example_bash_decorator.py for tasks to queue
[2026-08-24T14:23:02.526+0000] {logging_mixin.py:188} INFO - [2026-08-24T14:23:02.526+0000] {dagbag.py:545} INFO - Filling up the DagBag from /home/airflow/.local/lib/python3.12/site-packages/airflow/example_dags/example_bash_decorator.py
[2026-08-24T14:23:02.555+0000] {processor.py:840} INFO - DAG(s) 'example_bash_decorator' retrieved from /home/airflow/.local/lib/python3.12/site-packages/airflow/example_dags/example_bash_decorator.py
[2026-08-24T14:23:02.784+0000] {logging_mixin.py:188} INFO - [2026-08-24T14:23:02.784+0000] {dag.py:3096} INFO - Sync 1 DAGs
[2026-08-24T14:23:02.814+0000] {logging_mixin.py:188} INFO - [2026-08-24T14:23:02.814+0000] {dag.py:3954} INFO - Setting next_dagrun for example_bash_decorator to None, run_after=None
[2026-08-24T14:23:02.850+0000] {processor.py:183} INFO - Processing /home/airflow/.local/lib/python3.12/site-packages/airflow/example_dags/example_bash_decorator.py took 0.343 seconds
[2026-08-24T14:23:33.592+0000] {processor.py:161} INFO - Started process (PID=171) to work on /home/airflow/.local/lib/python3.12/site-packages/airflow/example_dags/example_bash_decorator.py
[2026-08-24T14:23:33.595+0000] {processor.py:830} INFO - Processing file /home/airflow/.local/lib/python3.12/site-packages/airflow/example_dags/example_bash_decorator.py for tasks to queue
[2026-08-24T14:23:33.600+0000] {logging_mixin.py:188} INFO - [2026-08-24T14:23:33.599+0000] {dagbag.py:545} INFO - Filling up the DagBag from /home/airflow/.local/lib/python3.12/site-packages/airflow/example_dags/example_bash_decorator.py
[2026-08-24T14:23:33.638+0000] {processor.py:840} INFO - DAG(s) 'example_bash_decorator' retrieved from /home/airflow/.local/lib/python3.12/site-packages/airflow/example_dags/example_bash_decorator.py
[2026-08-24T14:23:33.698+0000] {logging_mixin.py:188} INFO - [2026-08-24T14:23:33.698+0000] {dag.py:3096} INFO - Sync 1 DAGs
[2026-08-24T14:23:33.727+0000] {logging_mixin.py:188} INFO - [2026-08-24T14:23:33.726+0000] {dag.py:3954} INFO - Setting next_dagrun for example_bash_decorator to None, run_after=None
[2026-08-24T14:23:33.777+0000] {processor.py:183} INFO - Processing /home/airflow/.local/lib/python3.12/site-packages/airflow/example_dags/example_bash_decorator.py took 0.197 seconds
[2026-08-24T14:24:05.535+0000] {processor.py:161} INFO - Started process (PID=231) to work on /home/airflow/.local/lib/python3.12/site-packages/airflow/example_dags/example_bash_decorator.py
[2026-08-24T14:24:05.536+0000] {processor.py:830} INFO - Processing file /home/airflow/.local/lib/python3.12/site-packages/airflow/example_dags/example_bash_decorator.py for tasks to queue
[2026-08-24T14:24:05.539+0000] {logging_mixin.py:188} INFO - [2026-08-24T14:24:05.539+0000] {dagbag.py:545} INFO - Filling up the DagBag from /home/airflow/.local/lib/python3.12/site-packages/airflow/example_dags/example_bash_decorator.py
[2026-08-24T14:24:05.560+0000] {processor.py:840} INFO - DAG(s) 'example_bash_decorator' retrieved from /home/airflow/.local/lib/python3.12/site-packages/airflow/example_dags/example_bash_decorator.py
[2026-08-24T14:24:05.595+0000] {logging_mixin.py:188} INFO - [2026-08-24T14:24:05.595+0000] {dag.py:3096} INFO - Sync 1 DAGs
[2026-08-24T14:24:05.616+0000] {logging_mixin.py:188} INFO - [2026-08-24T14:24:05.616+0000] {dag.py:3954} INFO - Setting next_dagrun for example_bash_decorator to None, run_after=None
[2026-08-24T14:24:05.645+0000] {processor.py:183} INFO - Processing /home/airflow/.local/lib/python3.12/site-packages/airflow/example_dags/example_bash_decorator.py took 0.118 seconds
[2026-08-24T14:24:36.551+0000] {processor.py:161} INFO - Started process (PID=291) to work on /home/airflow/.local/lib/python3.12/site-packages/airflow/example_dags/example_bash_decorator.py
[2026-08-24T14:24:36.552+0000] {processor.py:830} INFO - Processing file /home/airflow/.local/lib/python3.12/site-packages/airflow/example_dags/example_bash_decorator.py for tasks to queue
[2026-08-24T14:24:36.556+0000] {logging_mixin.py:188} INFO - [2026-08-24T14:24:36.555+0000] {dagbag.py:545} INFO - Filling up the DagBag from /home/airflow/.local/lib/python3.12/site-packages/airflow/example_dags/example_bash_decorator.py
[2026-08-24T14:24:36.574+0000] {processor.py:840} INFO - DAG(s) 'example_bash_decorator' retrieved from /home/airflow/.local/lib/python3.12/site-packages/airflow/example_dags/example_bash_decorator.py
[2026-08-24T14:24:36.605+0000] {logging_mixin.py:188} INFO - [2026-08-24T14:24:36.605+0000] {dag.py:3096} INFO - Sync 1 DAGs
[2026-08-24T14:24:36.629+0000] {logging_mixin.py:188} INFO - [2026-08-24T14:24:36.629+0000] {dag.py:3954} INFO - Setting next_dagrun for example_bash_decorator to None, run_after=None
[2026-08-24T14:24:36.657+0000] {processor.py:183} INFO - Processing /home/airflow/.local/lib/python3.12/site-packages/airflow/example_dags/example_bash_decorator.py took 0.116 seconds
[2026-08-24T14:25:07.490+0000] {processor.py:161} INFO - Started process (PID=351) to work on /home/airflow/.local/lib/python3.12/site-packages/airflow/example_dags/example_bash_decorator.py
[2026-08-24T14:25:07.492+0000] {processor.py:830} INFO - Processing file /home/airflow/.local/lib/python3.12/site-packages/airflow/example_dags/example_bash_decorator.py for tasks to queue
[2026-08-24T14:25:07.495+0000] {logging_mixin.py:188} INFO - [2026-08-24T14:25:07.494+0000] {dagbag.py:545} INFO - Filling up the DagBag from /home/airflow/.local/lib/python3.12/site-packages/airflow/example_dags/example_bash_decorator.py
[2026-08-24T14:25:07.514+0000] {processor.py:840} INFO - DAG(s) 'example_bash_decorator' retrieved from /home/airflow/.local/lib/python3.12/site-packages/airflow/example_dags/example_bash_decorator.py
[2026-08-24T14:25:07.543+0000] {logging_mixin.py:188} INFO - [2026-08-24T14:25:07.542+0000] {dag.py:3096} INFO - Sync 1 DAGs
[2026-08-24T14:25:07.558+0000] {logging_mixin.py:188} INFO - [2026-08-24T14:25:07.558+0000] {dag.py:3954} INFO - Setting next_dagrun for example_bash_decorator to None, run_after=None
[2026-08-24T14:25:07.580+0000] {processor.py:183} INFO - Processing /home/airflow/.local/lib/python3.12/site-packages/airflow/example_dags/example_bash_decorator.py took 0.097 seconds
[2026-08-24T14:25:38.447+0000] {processor.py:161} INFO - Started process (PID=411) to work on /home/airflow/.local/lib/python3.12/site-packages/airflow/example_dags/example_bash_decorator.py
[2026-08-24T14:25:38.448+0000] {processor.py:830} INFO - Processing file /home/airflow/.local/lib/python3.12/site-packages/airflow/example_dags/example_bash_decorator.py for tasks to queue
[2026-08-24T14:25:38.451+0000] {logging_mixin.py:188} INFO - [2026-08-24T14:25:38.451+0000] {dagbag.py:545} INFO - Filling up the DagBag from /home/airflow/.local/lib/python3.12/site-packages/airflow/example_dags/example_bash_decorator.py
[2026-08-24T14:25:38.469+0000] {processor.py:840} INFO - DAG(s) 'example_bash_decorator' retrieved from /home/airflow/.local/lib/python3.12/site-packages/airflow/example_dags/example_bash_decorator.py
[2026-08-24T14:25:38.504+0000] {logging_mixin.py:188} INFO - [2026-08-24T14:25:38.504+0000] {dag.py:3096} INFO - Sync 1 DAGs
[2026-08-24T14:25:38.521+0000] {logging_mixin.py:188} INFO - [2026-08-24T14:25:38.521+0000] {dag.py:3954} INFO - Setting next_dagrun for example_bash_decorator to None, run_after=None
[2026-08-24T14:25:38.547+0000] {processor.py:183} INFO - Processing /home/airflow/.local/lib/python3.12/site-packages/airflow/example_dags/example_bash_decorator.py took 0.108 seconds
[2026-08-24T14:26:09.639+0000] {processor.py:161} INFO - Started process (PID=471) to work on /home/airflow/.local/lib/python3.12/site-packages/airflow/example_dags/example_bash_decorator.py
[2026-08-24T14:26:09.640+0000] {processor.py:830} INFO - Processing file /home/airflow/.local/lib/python3.12/site-packages/airflow/example_dags/example_bash_decorator.py for tasks to queue
[2026-08-24T14:26:09.642+0000] {logging_mixin.py:188} INFO - [2026-08-24T14:26:09.642+0000] {dagbag.py:545} INFO - Filling up the DagBag from /home/airflow/.local/lib/python3.12/site-packages/airflow/example_dags/example_bash_decorator.py
[2026-08-24T14:26:09.660+0000] {processor.py:840} INFO - DAG(s) 'example_bash_decorator' retrieved from /home/airflow/.local/lib/python3.12/site-packages/airflow/example_dags/example_bash_decorator.py
[2026-08-24T14:26:09.689+0000] {logging_mixin.py:188} INFO - [2026-08-24T14:26:09.689+0000] {dag.py:3096} INFO - Sync 1 DAGs
[2026-08-24T14:26:09.705+0000] {logging_mixin.py:188} INFO - [2026-08-24T14:26:09.705+0000] {dag.py:3954} INFO - Setting next_dagrun for example_bash_decorator to None, run_after=None
[2026-08-24T14:26:09.728+0000] {processor.py:183} INFO - Processing /home/airflow/.local/lib/python3.12/site-packages/airflow/example_dags/example_bash_decorator.py took 0.097 seconds
[2026-08-24T14:26:40.323+0000] {processor.py:161} INFO - Started process (PID=531) to work on /home/airflow/.local/lib/python3.12/site-packages/airflow/example_dags/example_bash_decorator.py
[2026-08-24T14:26:40.324+0000] {processor.py:830} INFO - Processing file /home/airflow/.local/lib/python3.12/site-packages/airflow/example_dags/example_bash_decorator.py for tasks to queue
[2026-08-24T14:26:40.327+0000] {logging_mixin.py:188} INFO - [2026-08-24T14:26:40.327+0000] {dagbag.py:545} INFO - Filling up the DagBag from /home/airflow/.local/lib/python3.12/site-packages/airflow/example_dags/example_bash_decorator.py
[2026-08-24T14:26:40.344+0000] {processor.py:840} INFO - DAG(s) 'example_bash_decorator' retrieved from /home/airflow/.local/lib/python3.12/site-packages/airflow/example_dags/example_bash_decorator.py
[2026-08-24T14:26:40.385+0000] {logging_mixin.py:188} INFO - [2026-08-24T14:26:40.384+0000] {dag.py:3096} INFO - Sync 1 DAGs
[2026-08-24T14:26:40.412+0000] {logging_mixin.py:188} INFO - [2026-08-24T14:26:40.411+0000] {dag.py:3954} INFO - Setting next_dagrun for example_bash_decorator to None, run_after=None
[2026-08-24T14:26:40.440+0000] {processor.py:183} INFO - Processing /home/airflow/.local/lib/python3.12/site-packages/airflow/example_dags/example_bash_decorator.py took 0.125 seconds
[2026-08-24T14:27:10.956+0000] {processor.py:161} INFO - Started process (PID=591) to work on /home/airflow/.local/lib/python3.12/site-packages/airflow/example_dags/example_bash_decorator.py
[2026-08-24T14:27:10.957+0000] {processor.py:830} INFO - Processing file /home/airflow/.local/lib/python3.12/site-packages/airflow/example_dags/example_bash_decorator.py for tasks to queue
[2026-08-24T14:27:10.959+0000] {logging_mixin.py:188} INFO - [2026-08-24T14:27:10.959+0000] {dagbag.py:545} INFO - Filling up the DagBag from /home/airflow/.local/lib/python3.12/site-packages/airflow/example_dags/example_bash_decorator.py
[2026-08-24T14:27:10.976+0000] {processor.py:840} INFO - DAG(s) 'example_bash_decorator' retrieved from /home/airflow/.local/lib/python3.12/site-packages/airflow/example_dags/example_bash_decorator.py
[2026-08-24T14:27:11.003+0000] {logging_mixin.py:188} INFO - [2026-08-24T14:27:11.003+0000] {dag.py:3096} INFO - Sync 1 DAGs
[2026-08-24T14:27:11.020+0000] {logging_mixin.py:188} INFO - [2026-08-24T14:27:11.019+0000] {dag.py:3954} INFO - Setting next_dagrun for example_bash_decorator to None, run_after=None
[2026-08-24T14:27:11.042+0000] {processor.py:183} INFO - Processing /home/airflow/.local/lib/python3.12/site-packages/airflow/example_dags/example_bash_decorator.py took 0.094 seconds
[2026-08-24T14:27:41.095+0000] {processor.py:161} INFO - Started process (PID=649) to work on /home/airflow/.local/lib/python3.12/site-packages/airflow/example_dags/example_bash_decorator.py
[2026-08-24T14:27:41.096+0000] {processor.py:830} INFO - Processing file /home/airflow/.local/lib/python3.12/site-packages/airflow/example_dags/example_bash_decorator.py for tasks to queue
[2026-08-24T14:27:41.099+0000] {logging_mixin.py:188} INFO - [2026-08-24T14:27:41.099+0000] {dagbag.py:545} INFO - Filling up the DagBag from /home/airflow/.local/lib/python3.12/site-packages/airflow/example_dags/example_bash_decorator.py
[2026-08-24T14:27:41.118+0000] {processor.py:840} INFO - DAG(s) 'example_bash_decorator' retrieved from /home/airflow/.local/lib/python3.12/site-packages/airflow/example_dags/example_bash_decorator.py
[2026-08-24T14:27:41.147+0000] {logging_mixin.py:188} INFO - [2026-08-24T14:27:41.147+0000] {dag.py:3096} INFO - Sync 1 DAGs
[2026-08-24T14:27:41.162+0000] {logging_mixin.py:188} INFO - [2026-08-24T14:27:41.162+0000] {dag.py:3954} INFO - Setting next_dagrun for example_bash_decorator to None, run_after=None
[2026-08-24T14:27:41.185+0000] {processor.py:183} INFO - Processing /home/airflow/.local/lib/python3.12/site-packages/airflow/example_dags/example_bash_decorator.py took 0.098 seconds
[2026-08-24T14:28:11.225+0000] {processor.py:161} INFO - Started process (PID=709) to work on /home/airflow/.local/lib/python3.12/site-packages/airflow/example_dags/example_bash_decorator.py
[2026-08-24T14:28:11.226+0000] {processor.py:830} INFO - Processing file /home/airflow/.local/lib/python3.12/site-packages/airflow/example_dags/example_bash_decorator.py for tasks to queue
[2026-08-24T14:28:11.229+0000] {logging_mixin.py:188} INFO - [2026-08-24T14:28:11.228+0000] {dagbag.py:545} INFO - Filling up the DagBag from /home/airflow/.local/lib/python3.12/site-packages/airflow/example_dags/example_bash_decorator.py
[2026-08-24T14:28:11.245+0000] {processor.py:840} INFO - DAG(s) 'example_bash_decorator' retrieved from /home/airflow/.local/lib/python3.12/site-packages/airflow/example_dags/example_bash_decorator.py
[2026-08-24T14:28:11.271+0000] {logging_mixin.py:188} INFO - [2026-08-24T14:28:11.271+0000] {dag.py:3096} INFO - Sync 1 DAGs
[2026-08-24T14:28:11.287+0000] {logging_mixin.py:188} INFO - [2026-08-24T14:28:11.286+0000] {dag.py:3954} INFO - Setting next_dagrun for example_bash_decorator to None, run_after=None
[2026-08-24T14:28:11.307+0000] {processor.py:183} INFO - Processing /home/airflow/.local/lib/python3.12/site-packages/airflow/example_dags/example_bash_decorator.py took 0.089 seconds
[2026-08-24T14:28:41.844+0000] {processor.py:161} INFO - Started process (PID=769) to work on /home/airflow/.local/lib/python3.12/site-packages/airflow/example_dags/example_bash_decorator.py
[2026-08-24T14:28:41.845+0000] {processor.py:830} INFO - Processing file /home/airflow/.local/lib/python3.12/site-packages/airflow/example_dags/example_bash_decorator.py for tasks to queue
[2026-08-24T14:28:41.847+0000] {logging_mixin.py:188} INFO - [2026-08-24T14:28:41.847+0000] {dagbag.py:545} INFO - Filling up the DagBag from /home/airflow/.local/lib/python3.12/site-packages/airflow/example_dags/example_bash_decorator.py
[2026-08-24T14:28:41.863+0000] {processor.py:840} INFO - DAG(s) 'example_bash_decorator' retrieved from /home/airflow/.local/lib/python3.12/site-packages/airflow/example_dags/example_bash_decorator.py
[2026-08-24T14:28:41.893+0000] {logging_mixin.py:188} INFO - [2026-08-24T14:28:41.893+0000] {dag.py:3096} INFO - Sync 1 DAGs
[2026-08-24T14:28:41.910+0000] {logging_mixin.py:188} INFO - [2026-08-24T14:28:41.910+0000] {dag.py:3954} INFO - Setting next_dagrun for example_bash_decorator to None, run_after=None
[2026-08-24T14:28:41.933+0000] {processor.py:183} INFO - Processing /home/airflow/.local/lib/python3.12/site-packages/airflow/example_dags/example_bash_decorator.py took 0.097 seconds
[2026-08-24T14:29:12.935+0000] {processor.py:161} INFO - Started process (PID=829) to work on /home/airflow/.local/lib/python3.12/site-packages/airflow/example_dags/example_bash_decorator.py
[2026-08-24T14:29:12.936+0000] {processor.py:830} INFO - Processing file /home/airflow/.local/lib/python3.12/site-packages/airflow/example_dags/example_bash_decorator.py for tasks to queue
[2026-08-24T14:29:12.939+0000] {logging_mixin.py:188} INFO - [2026-08-24T14:29:12.939+0000] {dagbag.py:545} INFO - Filling up the DagBag from /home/airflow/.local/lib/python3.12/site-packages/airflow/example_dags/example_bash_decorator.py
[2026-08-24T14:29:12.956+0000] {processor.py:840} INFO - DAG(s) 'example_bash_decorator' retrieved from /home/airflow/.local/lib/python3.12/site-packages/airflow/example_dags/example_bash_decorator.py
[2026-08-24T14:29:12.988+0000] {logging_mixin.py:188} INFO - [2026-08-24T14:29:12.988+0000] {dag.py:3096} INFO - Sync 1 DAGs
[2026-08-24T14:29:13.004+0000] {logging_mixin.py:188} INFO - [2026-08-24T14:29:13.004+0000] {dag.py:3954} INFO - Setting next_dagrun for example_bash_decorator to None, run_after=None
[2026-08-24T14:29:13.027+0000] {processor.py:183} INFO - Processing /home/airflow/.local/lib/python3.12/site-packages/airflow/example_dags/example_bash_decorator.py took 0.100 seconds
[2026-08-24T14:29:43.208+0000] {processor.py:161} INFO - Started process (PID=890) to work on /home/airflow/.local/lib/python3.12/site-packages/airflow/example_dags/example_bash_decorator.py
[2026-08-24T14:29:43.210+0000] {processor.py:830} INFO - Processing file /home/airflow/.local/lib/python3.12/site-packages/airflow/example_dags/example_bash_decorator.py for tasks to queue
[2026-08-24T14:29:43.212+0000] {logging_mixin.py:188} INFO - [2026-08-24T14:29:43.212+0000] {dagbag.py:545} INFO - Filling up the DagBag from /home/airflow/.local/lib/python3.12/site-packages/airflow/example_dags/example_bash_decorator.py
[2026-08-24T14:29:43.230+0000] {processor.py:840} INFO - DAG(s) 'example_bash_decorator' retrieved from /home/airflow/.local/lib/python3.12/site-packages/airflow/example_dags/example_bash_decorator.py
[2026-08-24T14:29:43.266+0000] {logging_mixin.py:188} INFO - [2026-08-24T14:29:43.266+0000] {dag.py:3096} INFO - Sync 1 DAGs
[2026-08-24T14:29:43.287+0000] {logging_mixin.py:188} INFO - [2026-08-24T14:29:43.286+0000] {dag.py:3954} INFO - Setting next_dagrun for example_bash_decorator to None, run_after=None
[2026-08-24T14:29:43.315+0000] {processor.py:183} INFO - Processing /home/airflow/.local/lib/python3.12/site-packages/airflow/example_dags/example_bash_decorator.py took 0.116 seconds
[2026-08-24T14:30:14.235+0000] {processor.py:161} INFO - Started process (PID=950) to work on /home/airflow/.local/lib/python3.12/site-packages/airflow/example_dags/example_bash_decorator.py
[2026-08-24T14:30:14.237+0000] {processor.py:830} INFO - Processing file /home/airflow/.local/lib/python3.12/site-packages/airflow/example_dags/example_bash_decorator.py for tasks to queue
[2026-08-24T14:30:14.240+0000] {logging_mixin.py:188} INFO - [2026-08-24T14:30:14.239+0000] {dagbag.py:545} INFO - Filling up the DagBag from /home/airflow/.local/lib/python3.12/site-packages/airflow/example_dags/example_bash_decorator.py
[2026-08-24T14:30:14.261+0000] {processor.py:840} INFO - DAG(s) 'example_bash_decorator' retrieved from /home/airflow/.local/lib/python3.12/site-packages/airflow/example_dags/example_bash_decorator.py
[2026-08-24T14:30:14.292+0000] {logging_mixin.py:188} INFO - [2026-08-24T14:30:14.292+0000] {dag.py:3096} INFO - Sync 1 DAGs
[2026-08-24T14:30:14.313+0000] {logging_mixin.py:188} INFO - [2026-08-24T14:30:14.312+0000] {dag.py:3954} INFO - Setting next_dagrun for example_bash_decorator to None, run_after=None
[2026-08-24T14:30:14.341+0000] {processor.py:183} INFO - Processing /home/airflow/.local/lib/python3.12/site-packages/airflow/example_dags/example_bash_decorator.py took 0.114 seconds
[2026-08-24T14:30:44.864+0000] {processor.py:161} INFO - Started process (PID=1011) to work on /home/airflow/.local/lib/python3.12/site-packages/airflow/example_dags/example_bash_decorator.py
[2026-08-24T14:30:44.865+0000] {processor.py:830} INFO - Processing file /home/airflow/.local/lib/python3.12/site-packages/airflow/example_dags/example_bash_decorator.py for tasks to queue
[2026-08-24T14:30:44.868+0000] {logging_mixin.py:188} INFO - [2026-08-24T14:30:44.867+0000] {dagbag.py:545} INFO - Filling up the DagBag from /home/airflow/.local/lib/python3.12/site-packages/airflow/example_dags/example_bash_decorator.py
[2026-08-24T14:30:44.890+0000] {processor.py:840} INFO - DAG(s) 'example_bash_decorator' retrieved from /home/airflow/.local/lib/python3.12/site-packages/airflow/example_dags/example_bash_decorator.py
[2026-08-24T14:30:44.922+0000] {logging_mixin.py:188} INFO - [2026-08-24T14:30:44.921+0000] {dag.py:3096} INFO - Sync 1 DAGs
[2026-08-24T14:30:44.944+0000] {logging_mixin.py:188} INFO - [2026-08-24T14:30:44.944+0000] {dag.py:3954} INFO - Setting next_dagrun for example_bash_decorator to None, run_after=None
[2026-08-24T14:30:44.968+0000] {processor.py:183} INFO - Processing /home/airflow/.local/lib/python3.12/site-packages/airflow/example_dags/example_bash_decorator.py took 0.114 seconds
[2026-08-24T14:35:27.909+0000] {processor.py:161} INFO - Started process (PID=128) to work on /home/airflow/.local/lib/python3.12/site-packages/airflow/example_dags/example_bash_decorator.py
[2026-08-24T14:35:27.910+0000] {processor.py:830} INFO - Processing file /home/airflow/.local/lib/python3.12/site-packages/airflow/example_dags/example_bash_decorator.py for tasks to queue
[2026-08-24T14:35:27.913+0000] {logging_mixin.py:188} INFO - [2026-08-24T14:35:27.912+0000] {dagbag.py:545} INFO - Filling up the DagBag from /home/airflow/.local/lib/python3.12/site-packages/airflow/example_dags/example_bash_decorator.py
[2026-08-24T14:35:27.932+0000] {processor.py:840} INFO - DAG(s) 'example_bash_decorator' retrieved from /home/airflow/.local/lib/python3.12/site-packages/airflow/example_dags/example_bash_decorator.py
[2026-08-24T14:35:28.097+0000] {logging_mixin.py:188} INFO - [2026-08-24T14:35:28.096+0000] {dag.py:3096} INFO - Sync 1 DAGs
[2026-08-24T14:35:28.113+0000] {logging_mixin.py:188} INFO - [2026-08-24T14:35:28.113+0000] {dag.py:3954} INFO - Setting next_dagrun for example_bash_decorator to None, run_after=None
[2026-08-24T14:35:28.140+0000] {processor.py:183} INFO - Processing /home/airflow/.local/lib/python3.12/site-packages/airflow/example_dags/example_bash_decorator.py took 0.241 seconds
[2026-08-24T14:35:58.429+0000] {processor.py:161} INFO - Started process (PID=188) to work on /home/airflow/.local/lib/python3.12/site-packages/airflow/example_dags/example_bash_decorator.py
[2026-08-24T14:35:58.431+0000] {processor.py:830} INFO - Processing file /home/airflow/.local/lib/python3.12/site-packages/airflow/example_dags/example_bash_decorator.py for tasks to queue
[2026-08-24T14:35:58.434+0000] {logging_mixin.py:188} INFO - [2026-08-24T14:35:58.433+0000] {dagbag.py:545} INFO - Filling up the DagBag from /home/airflow/.local/lib/python3.12/site-packages/airflow/example_dags/example_bash_decorator.py
[2026-08-24T14:35:58.451+0000] {processor.py:840} INFO - DAG(s) 'example_bash_decorator' retrieved from /home/airflow/.local/lib/python3.12/site-packages/airflow/example_dags/example_bash_decorator.py
[2026-08-24T14:35:58.478+0000] {logging_mixin.py:188} INFO - [2026-08-24T14:35:58.478+0000] {dag.py:3096} INFO - Sync 1 DAGs
[2026-08-24T14:35:58.494+0000] {logging_mixin.py:188} INFO - [2026-08-24T14:35:58.494+0000] {dag.py:3954} INFO - Setting next_dagrun for example_bash_decorator to None, run_after=None
[2026-08-24T14:35:58.517+0000] {processor.py:183} INFO - Processing /home/airflow/.local/lib/python3.12/site-packages/airflow/example_dags/example_bash_decorator.py took 0.096 seconds
[2026-08-24T14:36:28.842+0000] {processor.py:161} INFO - Started process (PID=248) to work on /home/airflow/.local/lib/python3.12/site-packages/airflow/example_dags/example_bash_decorator.py
[2026-08-24T14:36:28.844+0000] {processor.py:830} INFO - Processing file /home/airflow/.local/lib/python3.12/site-packages/airflow/example_dags/example_bash_decorator.py for tasks to queue
[2026-08-24T14:36:28.849+0000] {logging_mixin.py:188} INFO - [2026-08-24T14:36:28.848+0000] {dagbag.py:545} INFO - Filling up the DagBag from /home/airflow/.local/lib/python3.12/site-packages/airflow/example_dags/example_bash_decorator.py
[2026-08-24T14:36:28.878+0000] {processor.py:840} INFO - DAG(s) 'example_bash_decorator' retrieved from /home/airflow/.local/lib/python3.12/site-packages/airflow/example_dags/example_bash_decorator.py
[2026-08-24T14:36:28.910+0000] {logging_mixin.py:188} INFO - [2026-08-24T14:36:28.909+0000] {dag.py:3096} INFO - Sync 1 DAGs
[2026-08-24T14:36:28.929+0000] {logging_mixin.py:188} INFO - [2026-08-24T14:36:28.928+0000] {dag.py:3954} INFO - Setting next_dagrun for example_bash_decorator to None, run_after=None
[2026-08-24T14:36:28.957+0000] {processor.py:183} INFO - Processing /home/airflow/.local/lib/python3.12/site-packages/airflow/example_dags/example_bash_decorator.py took 0.127 seconds
[2026-08-24T14:36:59.267+0000] {processor.py:161} INFO - Started process (PID=309) to work on /home/airflow/.local/lib/python3.12/site-packages/airflow/example_dags/example_bash_decorator.py
[2026-08-24T14:36:59.268+0000] {processor.py:830} INFO - Processing file /home/airflow/.local/lib/python3.12/site-packages/airflow/example_dags/example_bash_decorator.py for tasks to queue
[2026-08-24T14:36:59.270+0000] {logging_mixin.py:188} INFO - [2026-08-24T14:36:59.270+0000] {dagbag.py:545} INFO - Filling up the DagBag from /home/airflow/.local/lib/python3.12/site-packages/airflow/example_dags/example_bash_decorator.py
[2026-08-24T14:36:59.288+0000] {processor.py:840} INFO - DAG(s) 'example_bash_decorator' retrieved from /home/airflow/.local/lib/python3.12/site-packages/airflow/example_dags/example_bash_decorator.py
[2026-08-24T14:36:59.316+0000] {logging_mixin.py:188} INFO - [2026-08-24T14:36:59.316+0000] {dag.py:3096} INFO - Sync 1 DAGs
[2026-08-24T14:36:59.333+0000] {logging_mixin.py:188} INFO - [2026-08-24T14:36:59.332+0000] {dag.py:3954} INFO - Setting next_dagrun for example_bash_decorator to None, run_after=None
[2026-08-24T14:36:59.358+0000] {processor.py:183} INFO - Processing /home/airflow/.local/lib/python3.12/site-packages/airflow/example_dags/example_bash_decorator.py took 0.101 seconds
[2026-08-24T14:37:30.567+0000] {processor.py:161} INFO - Started process (PID=375) to work on /home/airflow/.local/lib/python3.12/site-packages/airflow/example_dags/example_bash_decorator.py
[2026-08-24T14:37:30.568+0000] {processor.py:830} INFO - Processing file /home/airflow/.local/lib/python3.12/site-packages/airflow/example_dags/example_bash_decorator.py for tasks to queue
[2026-08-24T14:37:30.571+0000] {logging_mixin.py:188} INFO - [2026-08-24T14:37:30.570+0000] {dagbag.py:545} INFO - Filling up the DagBag from /home/airflow/.local/lib/python3.12/site-packages/airflow/example_dags/example_bash_decorator.py
[2026-08-24T14:37:30.588+0000] {processor.py:840} INFO - DAG(s) 'example_bash_decorator' retrieved from /home/airflow/.local/lib/python3.12/site-packages/airflow/example_dags/example_bash_decorator.py
[2026-08-24T14:37:30.620+0000] {logging_mixin.py:188} INFO - [2026-08-24T14:37:30.620+0000] {dag.py:3096} INFO - Sync 1 DAGs
[2026-08-24T14:37:30.639+0000] {logging_mixin.py:188} INFO - [2026-08-24T14:37:30.639+0000] {dag.py:3954} INFO - Setting next_dagrun for example_bash_decorator to None, run_after=None
[2026-08-24T14:37:30.673+0000] {processor.py:183} INFO - Processing /home/airflow/.local/lib/python3.12/site-packages/airflow/example_dags/example_bash_decorator.py took 0.114 seconds
[2026-08-24T14:38:02.018+0000] {processor.py:161} INFO - Started process (PID=436) to work on /home/airflow/.local/lib/python3.12/site-packages/airflow/example_dags/example_bash_decorator.py
[2026-08-24T14:38:02.020+0000] {processor.py:830} INFO - Processing file /home/airflow/.local/lib/python3.12/site-packages/airflow/example_dags/example_bash_decorator.py for tasks to queue
[2026-08-24T14:38:02.024+0000] {logging_mixin.py:188} INFO - [2026-08-24T14:38:02.024+0000] {dagbag.py:545} INFO - Filling up the DagBag from /home/airflow/.local/lib/python3.12/site-packages/airflow/example_dags/example_bash_decorator.py
[2026-08-24T14:38:02.054+0000] {processor.py:840} INFO - DAG(s) 'example_bash_decorator' retrieved from /home/airflow/.local/lib/python3.12/site-packages/airflow/example_dags/example_bash_decorator.py
[2026-08-24T14:38:02.105+0000] {logging_mixin.py:188} INFO - [2026-08-24T14:38:02.104+0000] {dag.py:3096} INFO - Sync 1 DAGs
[2026-08-24T14:38:02.135+0000] {logging_mixin.py:188} INFO - [2026-08-24T14:38:02.135+0000] {dag.py:3954} INFO - Setting next_dagrun for example_bash_decorator to None, run_after=None
[2026-08-24T14:38:02.184+0000] {processor.py:183} INFO - Processing /home/airflow/.local/lib/python3.12/site-packages/airflow/example_dags/example_bash_decorator.py took 0.179 seconds
[2026-08-24T14:38:32.825+0000] {processor.py:161} INFO - Started process (PID=496) to work on /home/airflow/.local/lib/python3.12/site-packages/airflow/example_dags/example_bash_decorator.py
[2026-08-24T14:38:32.826+0000] {processor.py:830} INFO - Processing file /home/airflow/.local/lib/python3.12/site-packages/airflow/example_dags/example_bash_decorator.py for tasks to queue
[2026-08-24T14:38:32.829+0000] {logging_mixin.py:188} INFO - [2026-08-24T14:38:32.828+0000] {dagbag.py:545} INFO - Filling up the DagBag from /home/airflow/.local/lib/python3.12/site-packages/airflow/example_dags/example_bash_decorator.py
[2026-08-24T14:38:32.847+0000] {processor.py:840} INFO - DAG(s) 'example_bash_decorator' retrieved from /home/airflow/.local/lib/python3.12/site-packages/airflow/example_dags/example_bash_decorator.py
[2026-08-24T14:38:32.885+0000] {logging_mixin.py:188} INFO - [2026-08-24T14:38:32.885+0000] {dag.py:3096} INFO - Sync 1 DAGs
[2026-08-24T14:38:32.908+0000] {logging_mixin.py:188} INFO - [2026-08-24T14:38:32.908+0000] {dag.py:3954} INFO - Setting next_dagrun for example_bash_decorator to None, run_after=None
[2026-08-24T14:38:32.938+0000] {processor.py:183} INFO - Processing /home/airflow/.local/lib/python3.12/site-packages/airflow/example_dags/example_bash_decorator.py took 0.122 seconds
[2026-08-24T14:39:03.231+0000] {processor.py:161} INFO - Started process (PID=554) to work on /home/airflow/.local/lib/python3.12/site-packages/airflow/example_dags/example_bash_decorator.py
[2026-08-24T14:39:03.232+0000] {processor.py:830} INFO - Processing file /home/airflow/.local/lib/python3.12/site-packages/airflow/example_dags/example_bash_decorator.py for tasks to queue
[2026-08-24T14:39:03.235+0000] {logging_mixin.py:188} INFO - [2026-08-24T14:39:03.234+0000] {dagbag.py:545} INFO - Filling up the DagBag from /home/airflow/.local/lib/python3.12/site-packages/airflow/example_dags/example_bash_decorator.py
[2026-08-24T14:39:03.252+0000] {processor.py:840} INFO - DAG(s) 'example_bash_decorator' retrieved from /home/airflow/.local/lib/python3.12/site-packages/airflow/example_dags/example_bash_decorator.py
[2026-08-24T14:39:03.283+0000] {logging_mixin.py:188} INFO - [2026-08-24T14:39:03.283+0000] {dag.py:3096} INFO - Sync 1 DAGs
[2026-08-24T14:39:03.302+0000] {logging_mixin.py:188} INFO - [2026-08-24T14:39:03.302+0000] {dag.py:3954} INFO - Setting next_dagrun for example_bash_decorator to None, run_after=None
[2026-08-24T14:39:03.329+0000] {processor.py:183} INFO - Processing /home/airflow/.local/lib/python3.12/site-packages/airflow/example_dags/example_bash_decorator.py took 0.107 seconds
[2026-08-24T14:41:20.959+0000] {processor.py:161} INFO - Started process (PID=133) to work on /home/airflow/.local/lib/python3.12/site-packages/airflow/example_dags/example_bash_decorator.py
[2026-08-24T14:41:20.961+0000] {processor.py:830} INFO - Processing file /home/airflow/.local/lib/python3.12/site-packages/airflow/example_dags/example_bash_decorator.py for tasks to queue
[2026-08-24T14:41:20.964+0000] {logging_mixin.py:188} INFO - [2026-08-24T14:41:20.964+0000] {dagbag.py:545} INFO - Filling up the DagBag from /home/airflow/.local/lib/python3.12/site-packages/airflow/example_dags/example_bash_decorator.py
[2026-08-24T14:41:20.989+0000] {processor.py:840} INFO - DAG(s) 'example_bash_decorator' retrieved from /home/airflow/.local/lib/python3.12/site-packages/airflow/example_dags/example_bash_decorator.py
[2026-08-24T14:41:21.156+0000] {logging_mixin.py:188} INFO - [2026-08-24T14:41:21.156+0000] {dag.py:3096} INFO - Sync 1 DAGs
[2026-08-24T14:41:21.171+0000] {logging_mixin.py:188} INFO - [2026-08-24T14:41:21.171+0000] {dag.py:3954} INFO - Setting next_dagrun for example_bash_decorator to None, run_after=None
[2026-08-24T14:41:21.198+0000] {processor.py:183} INFO - Processing /home/airflow/.local/lib/python3.12/site-packages/airflow/example_dags/example_bash_decorator.py took 0.247 seconds
[2026-08-24T14:41:51.487+0000] {processor.py:161} INFO - Started process (PID=193) to work on /home/airflow/.local/lib/python3.12/site-packages/airflow/example_dags/example_bash_decorator.py
[2026-08-24T14:41:51.488+0000] {processor.py:830} INFO - Processing file /home/airflow/.local/lib/python3.12/site-packages/airflow/example_dags/example_bash_decorator.py for tasks to queue
[2026-08-24T14:41:51.491+0000] {logging_mixin.py:188} INFO - [2026-08-24T14:41:51.491+0000] {dagbag.py:545} INFO - Filling up the DagBag from /home/airflow/.local/lib/python3.12/site-packages/airflow/example_dags/example_bash_decorator.py
[2026-08-24T14:41:51.512+0000] {processor.py:840} INFO - DAG(s) 'example_bash_decorator' retrieved from /home/airflow/.local/lib/python3.12/site-packages/airflow/example_dags/example_bash_decorator.py
[2026-08-24T14:41:51.544+0000] {logging_mixin.py:188} INFO - [2026-08-24T14:41:51.543+0000] {dag.py:3096} INFO - Sync 1 DAGs
[2026-08-24T14:41:51.563+0000] {logging_mixin.py:188} INFO - [2026-08-24T14:41:51.563+0000] {dag.py:3954} INFO - Setting next_dagrun for example_bash_decorator to None, run_after=None
[2026-08-24T14:41:51.591+0000] {processor.py:183} INFO - Processing /home/airflow/.local/lib/python3.12/site-packages/airflow/example_dags/example_bash_decorator.py took 0.113 seconds
[2026-08-24T14:42:22.271+0000] {processor.py:161} INFO - Started process (PID=253) to work on /home/airflow/.local/lib/python3.12/site-packages/airflow/example_dags/example_bash_decorator.py
[2026-08-24T14:42:22.272+0000] {processor.py:830} INFO - Processing file /home/airflow/.local/lib/python3.12/site-packages/airflow/example_dags/example_bash_decorator.py for tasks to queue
[2026-08-24T14:42:22.276+0000] {logging_mixin.py:188} INFO - [2026-08-24T14:42:22.275+0000] {dagbag.py:545} INFO - Filling up the DagBag from /home/airflow/.local/lib/python3.12/site-packages/airflow/example_dags/example_bash_decorator.py
[2026-08-24T14:42:22.302+0000] {processor.py:840} INFO - DAG(s) 'example_bash_decorator' retrieved from /home/airflow/.local/lib/python3.12/site-packages/airflow/example_dags/example_bash_decorator.py
[2026-08-24T14:42:22.340+0000] {logging_mixin.py:188} INFO - [2026-08-24T14:42:22.339+0000] {dag.py:3096} INFO - Sync 1 DAGs
[2026-08-24T14:42:22.359+0000] {logging_mixin.py:188} INFO - [2026-08-24T14:42:22.359+0000] {dag.py:3954} INFO - Setting next_dagrun for example_bash_decorator to None, run_after=None
[2026-08-24T14:42:22.391+0000] {processor.py:183} INFO - Processing /home/airflow/.local/lib/python3.12/site-packages/airflow/example_dags/example_bash_decorator.py took 0.130 seconds
[2026-08-24T14:42:53.174+0000] {processor.py:161} INFO - Started process (PID=313) to work on /home/airflow/.local/lib/python3.12/site-packages/airflow/example_dags/example_bash_decorator.py
[2026-08-24T14:42:53.175+0000] {processor.py:830} INFO - Processing file /home/airflow/.local/lib/python3.12/site-packages/airflow/example_dags/example_bash_decorator.py for tasks to queue
[2026-08-24T14:42:53.179+0000] {logging_mixin.py:188} INFO - [2026-08-24T14:42:53.178+0000] {dagbag.py:545} INFO - Filling up the DagBag from /home/airflow/.local/lib/python3.12/site-packages/airflow/example_dags/example_bash_decorator.py
[2026-08-24T14:42:53.206+0000] {processor.py:840} INFO - DAG(s) 'example_bash_decorator' retrieved from /home/airflow/.local/lib/python3.12/site-packages/airflow/example_dags/example_bash_decorator.py
[2026-08-24T14:42:53.236+0000] {logging_mixin.py:188} INFO - [2026-08-24T14:42:53.235+0000] {dag.py:3096} INFO - Sync 1 DAGs
[2026-08-24T14:42:53.253+0000] {logging_mixin.py:188} INFO - [2026-08-24T14:42:53.253+0000] {dag.py:3954} INFO - Setting next_dagrun for example_bash_decorator to None, run_after=None
[2026-08-24T14:42:53.276+0000] {processor.py:183} INFO - Processing /home/airflow/.local/lib/python3.12/site-packages/airflow/example_dags/example_bash_decorator.py took 0.113 seconds
[2026-08-24T14:43:23.901+0000] {processor.py:161} INFO - Started process (PID=373) to work on /home/airflow/.local/lib/python3.12/site-packages/airflow/example_dags/example_bash_decorator.py
[2026-08-24T14:43:23.904+0000] {processor.py:830} INFO - Processing file /home/airflow/.local/lib/python3.12/site-packages/airflow/example_dags/example_bash_decorator.py for tasks to queue
[2026-08-24T14:43:23.910+0000] {logging_mixin.py:188} INFO - [2026-08-24T14:43:23.909+0000] {dagbag.py:545} INFO - Filling up the DagBag from /home/airflow/.local/lib/python3.12/site-packages/airflow/example_dags/example_bash_decorator.py
[2026-08-24T14:43:23.930+0000] {processor.py:840} INFO - DAG(s) 'example_bash_decorator' retrieved from /home/airflow/.local/lib/python3.12/site-packages/airflow/example_dags/example_bash_decorator.py
[2026-08-24T14:43:23.961+0000] {logging_mixin.py:188} INFO - [2026-08-24T14:43:23.961+0000] {dag.py:3096} INFO - Sync 1 DAGs
[2026-08-24T14:43:23.979+0000] {logging_mixin.py:188} INFO - [2026-08-24T14:43:23.978+0000] {dag.py:3954} INFO - Setting next_dagrun for example_bash_decorator to None, run_after=None
[2026-08-24T14:43:24.006+0000] {processor.py:183} INFO - Processing /home/airflow/.local/lib/python3.12/site-packages/airflow/example_dags/example_bash_decorator.py took 0.123 seconds
[2026-08-24T14:43:54.177+0000] {processor.py:161} INFO - Started process (PID=433) to work on /home/airflow/.local/lib/python3.12/site-packages/airflow/example_dags/example_bash_decorator.py
[2026-08-24T14:43:54.179+0000] {processor.py:830} INFO - Processing file /home/airflow/.local/lib/python3.12/site-packages/airflow/example_dags/example_bash_decorator.py for tasks to queue
[2026-08-24T14:43:54.182+0000] {logging_mixin.py:188} INFO - [2026-08-24T14:43:54.181+0000] {dagbag.py:545} INFO - Filling up the DagBag from /home/airflow/.local/lib/python3.12/site-packages/airflow/example_dags/example_bash_decorator.py
[2026-08-24T14:43:54.200+0000] {processor.py:840} INFO - DAG(s) 'example_bash_decorator' retrieved from /home/airflow/.local/lib/python3.12/site-packages/airflow/example_dags/example_bash_decorator.py
[2026-08-24T14:43:54.228+0000] {logging_mixin.py:188} INFO - [2026-08-24T14:43:54.228+0000] {dag.py:3096} INFO - Sync 1 DAGs
[2026-08-24T14:43:54.245+0000] {logging_mixin.py:188} INFO - [2026-08-24T14:43:54.245+0000] {dag.py:3954} INFO - Setting next_dagrun for example_bash_decorator to None, run_after=None
[2026-08-24T14:43:54.269+0000] {processor.py:183} INFO - Processing /home/airflow/.local/lib/python3.12/site-packages/airflow/example_dags/example_bash_decorator.py took 0.099 seconds
[2026-08-24T14:44:24.752+0000] {processor.py:161} INFO - Started process (PID=491) to work on /home/airflow/.local/lib/python3.12/site-packages/airflow/example_dags/example_bash_decorator.py
[2026-08-24T14:44:24.754+0000] {processor.py:830} INFO - Processing file /home/airflow/.local/lib/python3.12/site-packages/airflow/example_dags/example_bash_decorator.py for tasks to queue
[2026-08-24T14:44:24.757+0000] {logging_mixin.py:188} INFO - [2026-08-24T14:44:24.757+0000] {dagbag.py:545} INFO - Filling up the DagBag from /home/airflow/.local/lib/python3.12/site-packages/airflow/example_dags/example_bash_decorator.py
[2026-08-24T14:44:24.780+0000] {processor.py:840} INFO - DAG(s) 'example_bash_decorator' retrieved from /home/airflow/.local/lib/python3.12/site-packages/airflow/example_dags/example_bash_decorator.py
[2026-08-24T14:44:24.809+0000] {logging_mixin.py:188} INFO - [2026-08-24T14:44:24.808+0000] {dag.py:3096} INFO - Sync 1 DAGs
[2026-08-24T14:44:24.826+0000] {logging_mixin.py:188} INFO - [2026-08-24T14:44:24.825+0000] {dag.py:3954} INFO - Setting next_dagrun for example_bash_decorator to None, run_after=None
[2026-08-24T14:44:24.851+0000] {processor.py:183} INFO - Processing /home/airflow/.local/lib/python3.12/site-packages/airflow/example_dags/example_bash_decorator.py took 0.109 seconds
[2026-08-24T14:44:55.630+0000] {processor.py:161} INFO - Started process (PID=551) to work on /home/airflow/.local/lib/python3.12/site-packages/airflow/example_dags/example_bash_decorator.py
[2026-08-24T14:44:55.632+0000] {processor.py:830} INFO - Processing file /home/airflow/.local/lib/python3.12/site-packages/airflow/example_dags/example_bash_decorator.py for tasks to queue
[2026-08-24T14:44:55.634+0000] {logging_mixin.py:188} INFO - [2026-08-24T14:44:55.634+0000] {dagbag.py:545} INFO - Filling up the DagBag from /home/airflow/.local/lib/python3.12/site-packages/airflow/example_dags/example_bash_decorator.py
[2026-08-24T14:44:55.651+0000] {processor.py:840} INFO - DAG(s) 'example_bash_decorator' retrieved from /home/airflow/.local/lib/python3.12/site-packages/airflow/example_dags/example_bash_decorator.py
[2026-08-24T14:44:55.681+0000] {logging_mixin.py:188} INFO - [2026-08-24T14:44:55.681+0000] {dag.py:3096} INFO - Sync 1 DAGs
[2026-08-24T14:44:55.706+0000] {logging_mixin.py:188} INFO - [2026-08-24T14:44:55.706+0000] {dag.py:3954} INFO - Setting next_dagrun for example_bash_decorator to None, run_after=None
[2026-08-24T14:44:55.750+0000] {processor.py:183} INFO - Processing /home/airflow/.local/lib/python3.12/site-packages/airflow/example_dags/example_bash_decorator.py took 0.128 seconds
[2026-08-24T14:49:23.642+0000] {processor.py:161} INFO - Started process (PID=132) to work on /home/airflow/.local/lib/python3.12/site-packages/airflow/example_dags/example_bash_decorator.py
[2026-08-24T14:49:23.644+0000] {processor.py:830} INFO - Processing file /home/airflow/.local/lib/python3.12/site-packages/airflow/example_dags/example_bash_decorator.py for tasks to queue
[2026-08-24T14:49:23.648+0000] {logging_mixin.py:188} INFO - [2026-08-24T14:49:23.647+0000] {dagbag.py:545} INFO - Filling up the DagBag from /home/airflow/.local/lib/python3.12/site-packages/airflow/example_dags/example_bash_decorator.py
[2026-08-24T14:49:23.668+0000] {processor.py:840} INFO - DAG(s) 'example_bash_decorator' retrieved from /home/airflow/.local/lib/python3.12/site-packages/airflow/example_dags/example_bash_decorator.py
[2026-08-24T14:49:23.843+0000] {logging_mixin.py:188} INFO - [2026-08-24T14:49:23.842+0000] {dag.py:3096} INFO - Sync 1 DAGs
[2026-08-24T14:49:23.862+0000] {logging_mixin.py:188} INFO - [2026-08-24T14:49:23.862+0000] {dag.py:3954} INFO - Setting next_dagrun for example_bash_decorator to None, run_after=None
[2026-08-24T14:49:23.894+0000] {processor.py:183} INFO - Processing /home/airflow/.local/lib/python3.12/site-packages/airflow/example_dags/example_bash_decorator.py took 0.260 seconds
[2026-08-24T14:50:17.484+0000] {processor.py:161} INFO - Started process (PID=112) to work on /home/airflow/.local/lib/python3.12/site-packages/airflow/example_dags/example_bash_decorator.py
[2026-08-24T14:50:17.486+0000] {processor.py:830} INFO - Processing file /home/airflow/.local/lib/python3.12/site-packages/airflow/example_dags/example_bash_decorator.py for tasks to queue
[2026-08-24T14:50:17.498+0000] {logging_mixin.py:188} INFO - [2026-08-24T14:50:17.497+0000] {dagbag.py:545} INFO - Filling up the DagBag from /home/airflow/.local/lib/python3.12/site-packages/airflow/example_dags/example_bash_decorator.py
[2026-08-24T14:50:17.546+0000] {processor.py:840} INFO - DAG(s) 'example_bash_decorator' retrieved from /home/airflow/.local/lib/python3.12/site-packages/airflow/example_dags/example_bash_decorator.py
[2026-08-24T14:50:17.841+0000] {logging_mixin.py:188} INFO - [2026-08-24T14:50:17.841+0000] {dag.py:3096} INFO - Sync 1 DAGs
[2026-08-24T14:50:17.860+0000] {logging_mixin.py:188} INFO - [2026-08-24T14:50:17.859+0000] {dag.py:3954} INFO - Setting next_dagrun for example_bash_decorator to None, run_after=None
[2026-08-24T14:50:17.894+0000] {processor.py:183} INFO - Processing /home/airflow/.local/lib/python3.12/site-packages/airflow/example_dags/example_bash_decorator.py took 0.423 seconds
[2026-08-24T14:50:48.592+0000] {processor.py:161} INFO - Started process (PID=172) to work on /home/airflow/.local/lib/python3.12/site-packages/airflow/example_dags/example_bash_decorator.py
[2026-08-24T14:50:48.594+0000] {processor.py:830} INFO - Processing file /home/airflow/.local/lib/python3.12/site-packages/airflow/example_dags/example_bash_decorator.py for tasks to queue
[2026-08-24T14:50:48.599+0000] {logging_mixin.py:188} INFO - [2026-08-24T14:50:48.599+0000] {dagbag.py:545} INFO - Filling up the DagBag from /home/airflow/.local/lib/python3.12/site-packages/airflow/example_dags/example_bash_decorator.py
[2026-08-24T14:50:48.623+0000] {processor.py:840} INFO - DAG(s) 'example_bash_decorator' retrieved from /home/airflow/.local/lib/python3.12/site-packages/airflow/example_dags/example_bash_decorator.py
[2026-08-24T14:50:48.660+0000] {logging_mixin.py:188} INFO - [2026-08-24T14:50:48.659+0000] {dag.py:3096} INFO - Sync 1 DAGs
[2026-08-24T14:50:48.680+0000] {logging_mixin.py:188} INFO - [2026-08-24T14:50:48.679+0000] {dag.py:3954} INFO - Setting next_dagrun for example_bash_decorator to None, run_after=None
[2026-08-24T14:50:48.717+0000] {processor.py:183} INFO - Processing /home/airflow/.local/lib/python3.12/site-packages/airflow/example_dags/example_bash_decorator.py took 0.132 seconds
[2026-08-24T14:51:19.376+0000] {processor.py:161} INFO - Started process (PID=232) to work on /home/airflow/.local/lib/python3.12/site-packages/airflow/example_dags/example_bash_decorator.py
[2026-08-24T14:51:19.377+0000] {processor.py:830} INFO - Processing file /home/airflow/.local/lib/python3.12/site-packages/airflow/example_dags/example_bash_decorator.py for tasks to queue
[2026-08-24T14:51:19.380+0000] {logging_mixin.py:188} INFO - [2026-08-24T14:51:19.379+0000] {dagbag.py:545} INFO - Filling up the DagBag from /home/airflow/.local/lib/python3.12/site-packages/airflow/example_dags/example_bash_decorator.py
[2026-08-24T14:51:19.398+0000] {processor.py:840} INFO - DAG(s) 'example_bash_decorator' retrieved from /home/airflow/.local/lib/python3.12/site-packages/airflow/example_dags/example_bash_decorator.py
[2026-08-24T14:51:19.426+0000] {logging_mixin.py:188} INFO - [2026-08-24T14:51:19.426+0000] {dag.py:3096} INFO - Sync 1 DAGs
[2026-08-24T14:51:19.443+0000] {logging_mixin.py:188} INFO - [2026-08-24T14:51:19.442+0000] {dag.py:3954} INFO - Setting next_dagrun for example_bash_decorator to None, run_after=None
[2026-08-24T14:51:19.465+0000] {processor.py:183} INFO - Processing /home/airflow/.local/lib/python3.12/site-packages/airflow/example_dags/example_bash_decorator.py took 0.097 seconds
[2026-08-24T14:51:50.732+0000] {processor.py:161} INFO - Started process (PID=292) to work on /home/airflow/.local/lib/python3.12/site-packages/airflow/example_dags/example_bash_decorator.py
[2026-08-24T14:51:50.733+0000] {processor.py:830} INFO - Processing file /home/airflow/.local/lib/python3.12/site-packages/airflow/example_dags/example_bash_decorator.py for tasks to queue
[2026-08-24T14:51:50.736+0000] {logging_mixin.py:188} INFO - [2026-08-24T14:51:50.736+0000] {dagbag.py:545} INFO - Filling up the DagBag from /home/airflow/.local/lib/python3.12/site-packages/airflow/example_dags/example_bash_decorator.py
[2026-08-24T14:51:50.755+0000] {processor.py:840} INFO - DAG(s) 'example_bash_decorator' retrieved from /home/airflow/.local/lib/python3.12/site-packages/airflow/example_dags/example_bash_decorator.py
[2026-08-24T14:51:50.785+0000] {logging_mixin.py:188} INFO - [2026-08-24T14:51:50.785+0000] {dag.py:3096} INFO - Sync 1 DAGs
[2026-08-24T14:51:50.801+0000] {logging_mixin.py:188} INFO - [2026-08-24T14:51:50.800+0000] {dag.py:3954} INFO - Setting next_dagrun for example_bash_decorator to None, run_after=None
[2026-08-24T14:51:50.830+0000] {processor.py:183} INFO - Processing /home/airflow/.local/lib/python3.12/site-packages/airflow/example_dags/example_bash_decorator.py took 0.109 seconds
[2026-08-24T14:52:21.960+0000] {processor.py:161} INFO - Started process (PID=352) to work on /home/airflow/.local/lib/python3.12/site-packages/airflow/example_dags/example_bash_decorator.py
[2026-08-24T14:52:21.962+0000] {processor.py:830} INFO - Processing file /home/airflow/.local/lib/python3.12/site-packages/airflow/example_dags/example_bash_decorator.py for tasks to queue
[2026-08-24T14:52:21.964+0000] {logging_mixin.py:188} INFO - [2026-08-24T14:52:21.964+0000] {dagbag.py:545} INFO - Filling up the DagBag from /home/airflow/.local/lib/python3.12/site-packages/airflow/example_dags/example_bash_decorator.py
[2026-08-24T14:52:21.987+0000] {processor.py:840} INFO - DAG(s) 'example_bash_decorator' retrieved from /home/airflow/.local/lib/python3.12/site-packages/airflow/example_dags/example_bash_decorator.py
[2026-08-24T14:52:22.023+0000] {logging_mixin.py:188} INFO - [2026-08-24T14:52:22.023+0000] {dag.py:3096} INFO - Sync 1 DAGs
[2026-08-24T14:52:22.044+0000] {logging_mixin.py:188} INFO - [2026-08-24T14:52:22.044+0000] {dag.py:3954} INFO - Setting next_dagrun for example_bash_decorator to None, run_after=None
[2026-08-24T14:52:22.091+0000] {processor.py:183} INFO - Processing /home/airflow/.local/lib/python3.12/site-packages/airflow/example_dags/example_bash_decorator.py took 0.142 seconds
[2026-08-24T14:52:52.770+0000] {processor.py:161} INFO - Started process (PID=412) to work on /home/airflow/.local/lib/python3.12/site-packages/airflow/example_dags/example_bash_decorator.py
[2026-08-24T14:52:52.772+0000] {processor.py:830} INFO - Processing file /home/airflow/.local/lib/python3.12/site-packages/airflow/example_dags/example_bash_decorator.py for tasks to queue
[2026-08-24T14:52:52.774+0000] {logging_mixin.py:188} INFO - [2026-08-24T14:52:52.774+0000] {dagbag.py:545} INFO - Filling up the DagBag from /home/airflow/.local/lib/python3.12/site-packages/airflow/example_dags/example_bash_decorator.py
[2026-08-24T14:52:52.790+0000] {processor.py:840} INFO - DAG(s) 'example_bash_decorator' retrieved from /home/airflow/.local/lib/python3.12/site-packages/airflow/example_dags/example_bash_decorator.py
[2026-08-24T14:52:52.821+0000] {logging_mixin.py:188} INFO - [2026-08-24T14:52:52.821+0000] {dag.py:3096} INFO - Sync 1 DAGs
[2026-08-24T14:52:52.840+0000] {logging_mixin.py:188} INFO - [2026-08-24T14:52:52.840+0000] {dag.py:3954} INFO - Setting next_dagrun for example_bash_decorator to None, run_after=None
[2026-08-24T14:52:52.864+0000] {processor.py:183} INFO - Processing /home/airflow/.local/lib/python3.12/site-packages/airflow/example_dags/example_bash_decorator.py took 0.101 seconds
[2026-08-24T14:53:23.893+0000] {processor.py:161} INFO - Started process (PID=472) to work on /home/airflow/.local/lib/python3.12/site-packages/airflow/example_dags/example_bash_decorator.py
[2026-08-24T14:53:23.895+0000] {processor.py:830} INFO - Processing file /home/airflow/.local/lib/python3.12/site-packages/airflow/example_dags/example_bash_decorator.py for tasks to queue
[2026-08-24T14:53:23.897+0000] {logging_mixin.py:188} INFO - [2026-08-24T14:53:23.897+0000] {dagbag.py:545} INFO - Filling up the DagBag from /home/airflow/.local/lib/python3.12/site-packages/airflow/example_dags/example_bash_decorator.py
[2026-08-24T14:53:23.922+0000] {processor.py:840} INFO - DAG(s) 'example_bash_decorator' retrieved from /home/airflow/.local/lib/python3.12/site-packages/airflow/example_dags/example_bash_decorator.py
[2026-08-24T14:53:23.959+0000] {logging_mixin.py:188} INFO - [2026-08-24T14:53:23.959+0000] {dag.py:3096} INFO - Sync 1 DAGs
[2026-08-24T14:53:23.980+0000] {logging_mixin.py:188} INFO - [2026-08-24T14:53:23.980+0000] {dag.py:3954} INFO - Setting next_dagrun for example_bash_decorator to None, run_after=None
[2026-08-24T14:53:24.108+0000] {processor.py:183} INFO - Processing /home/airflow/.local/lib/python3.12/site-packages/airflow/example_dags/example_bash_decorator.py took 0.224 seconds
[2026-08-24T14:53:54.168+0000] {processor.py:161} INFO - Started process (PID=530) to work on /home/airflow/.local/lib/python3.12/site-packages/airflow/example_dags/example_bash_decorator.py
[2026-08-24T14:53:54.170+0000] {processor.py:830} INFO - Processing file /home/airflow/.local/lib/python3.12/site-packages/airflow/example_dags/example_bash_decorator.py for tasks to queue
[2026-08-24T14:53:54.172+0000] {logging_mixin.py:188} INFO - [2026-08-24T14:53:54.172+0000] {dagbag.py:545} INFO - Filling up the DagBag from /home/airflow/.local/lib/python3.12/site-packages/airflow/example_dags/example_bash_decorator.py
[2026-08-24T14:53:54.187+0000] {processor.py:840} INFO - DAG(s) 'example_bash_decorator' retrieved from /home/airflow/.local/lib/python3.12/site-packages/airflow/example_dags/example_bash_decorator.py
[2026-08-24T14:53:54.214+0000] {logging_mixin.py:188} INFO - [2026-08-24T14:53:54.214+0000] {dag.py:3096} INFO - Sync 1 DAGs
[2026-08-24T14:53:54.229+0000] {logging_mixin.py:188} INFO - [2026-08-24T14:53:54.228+0000] {dag.py:3954} INFO - Setting next_dagrun for example_bash_decorator to None, run_after=None
[2026-08-24T14:53:54.248+0000] {processor.py:183} INFO - Processing /home/airflow/.local/lib/python3.12/site-packages/airflow/example_dags/example_bash_decorator.py took 0.087 seconds
[2026-08-24T14:54:24.536+0000] {processor.py:161} INFO - Started process (PID=590) to work on /home/airflow/.local/lib/python3.12/site-packages/airflow/example_dags/example_bash_decorator.py
[2026-08-24T14:54:24.537+0000] {processor.py:830} INFO - Processing file /home/airflow/.local/lib/python3.12/site-packages/airflow/example_dags/example_bash_decorator.py for tasks to queue
[2026-08-24T14:54:24.540+0000] {logging_mixin.py:188} INFO - [2026-08-24T14:54:24.539+0000] {dagbag.py:545} INFO - Filling up the DagBag from /home/airflow/.local/lib/python3.12/site-packages/airflow/example_dags/example_bash_decorator.py
[2026-08-24T14:54:24.555+0000] {processor.py:840} INFO - DAG(s) 'example_bash_decorator' retrieved from /home/airflow/.local/lib/python3.12/site-packages/airflow/example_dags/example_bash_decorator.py
[2026-08-24T14:54:24.590+0000] {logging_mixin.py:188} INFO - [2026-08-24T14:54:24.589+0000] {dag.py:3096} INFO - Sync 1 DAGs
[2026-08-24T14:54:24.608+0000] {logging_mixin.py:188} INFO - [2026-08-24T14:54:24.607+0000] {dag.py:3954} INFO - Setting next_dagrun for example_bash_decorator to None, run_after=None
[2026-08-24T14:54:24.635+0000] {processor.py:183} INFO - Processing /home/airflow/.local/lib/python3.12/site-packages/airflow/example_dags/example_bash_decorator.py took 0.107 seconds
[2026-08-24T14:54:54.766+0000] {processor.py:161} INFO - Started process (PID=650) to work on /home/airflow/.local/lib/python3.12/site-packages/airflow/example_dags/example_bash_decorator.py
[2026-08-24T14:54:54.768+0000] {processor.py:830} INFO - Processing file /home/airflow/.local/lib/python3.12/site-packages/airflow/example_dags/example_bash_decorator.py for tasks to queue
[2026-08-24T14:54:54.770+0000] {logging_mixin.py:188} INFO - [2026-08-24T14:54:54.769+0000] {dagbag.py:545} INFO - Filling up the DagBag from /home/airflow/.local/lib/python3.12/site-packages/airflow/example_dags/example_bash_decorator.py
[2026-08-24T14:54:54.785+0000] {processor.py:840} INFO - DAG(s) 'example_bash_decorator' retrieved from /home/airflow/.local/lib/python3.12/site-packages/airflow/example_dags/example_bash_decorator.py
[2026-08-24T14:54:54.816+0000] {logging_mixin.py:188} INFO - [2026-08-24T14:54:54.815+0000] {dag.py:3096} INFO - Sync 1 DAGs
[2026-08-24T14:54:54.831+0000] {logging_mixin.py:188} INFO - [2026-08-24T14:54:54.831+0000] {dag.py:3954} INFO - Setting next_dagrun for example_bash_decorator to None, run_after=None
[2026-08-24T14:54:54.861+0000] {processor.py:183} INFO - Processing /home/airflow/.local/lib/python3.12/site-packages/airflow/example_dags/example_bash_decorator.py took 0.102 seconds
[2026-08-24T14:55:25.165+0000] {processor.py:161} INFO - Started process (PID=710) to work on /home/airflow/.local/lib/python3.12/site-packages/airflow/example_dags/example_bash_decorator.py
[2026-08-24T14:55:25.166+0000] {processor.py:830} INFO - Processing file /home/airflow/.local/lib/python3.12/site-packages/airflow/example_dags/example_bash_decorator.py for tasks to queue
[2026-08-24T14:55:25.169+0000] {logging_mixin.py:188} INFO - [2026-08-24T14:55:25.169+0000] {dagbag.py:545} INFO - Filling up the DagBag from /home/airflow/.local/lib/python3.12/site-packages/airflow/example_dags/example_bash_decorator.py
[2026-08-24T14:55:25.188+0000] {processor.py:840} INFO - DAG(s) 'example_bash_decorator' retrieved from /home/airflow/.local/lib/python3.12/site-packages/airflow/example_dags/example_bash_decorator.py
[2026-08-24T14:55:25.218+0000] {logging_mixin.py:188} INFO - [2026-08-24T14:55:25.218+0000] {dag.py:3096} INFO - Sync 1 DAGs
[2026-08-24T14:55:25.236+0000] {logging_mixin.py:188} INFO - [2026-08-24T14:55:25.235+0000] {dag.py:3954} INFO - Setting next_dagrun for example_bash_decorator to None, run_after=None
[2026-08-24T14:55:25.258+0000] {processor.py:183} INFO - Processing /home/airflow/.local/lib/python3.12/site-packages/airflow/example_dags/example_bash_decorator.py took 0.102 seconds
[2026-08-24T14:55:55.899+0000] {processor.py:161} INFO - Started process (PID=770) to work on /home/airflow/.local/lib/python3.12/site-packages/airflow/example_dags/example_bash_decorator.py
[2026-08-24T14:55:55.901+0000] {processor.py:830} INFO - Processing file /home/airflow/.local/lib/python3.12/site-packages/airflow/example_dags/example_bash_decorator.py for tasks to queue
[2026-08-24T14:55:55.903+0000] {logging_mixin.py:188} INFO - [2026-08-24T14:55:55.903+0000] {dagbag.py:545} INFO - Filling up the DagBag from /home/airflow/.local/lib/python3.12/site-packages/airflow/example_dags/example_bash_decorator.py
[2026-08-24T14:55:55.921+0000] {processor.py:840} INFO - DAG(s) 'example_bash_decorator' retrieved from /home/airflow/.local/lib/python3.12/site-packages/airflow/example_dags/example_bash_decorator.py
[2026-08-24T14:55:55.949+0000] {logging_mixin.py:188} INFO - [2026-08-24T14:55:55.949+0000] {dag.py:3096} INFO - Sync 1 DAGs
[2026-08-24T14:55:55.967+0000] {logging_mixin.py:188} INFO - [2026-08-24T14:55:55.967+0000] {dag.py:3954} INFO - Setting next_dagrun for example_bash_decorator to None, run_after=None
[2026-08-24T14:55:55.995+0000] {processor.py:183} INFO - Processing /home/airflow/.local/lib/python3.12/site-packages/airflow/example_dags/example_bash_decorator.py took 0.103 seconds
