[2026-08-24T13:51:07.016+0000] {processor.py:161} INFO - Started process (PID=128) to work on /home/airflow/.local/lib/python3.12/site-packages/airflow/example_dags/example_branch_operator.py
[2026-08-24T13:51:07.017+0000] {processor.py:830} INFO - Processing file /home/airflow/.local/lib/python3.12/site-packages/airflow/example_dags/example_branch_operator.py for tasks to queue
[2026-08-24T13:51:07.020+0000] {logging_mixin.py:188} INFO - [2026-08-24T13:51:07.020+0000] {dagbag.py:545} INFO - Filling up the DagBag from /home/airflow/.local/lib/python3.12/site-packages/airflow/example_dags/example_branch_operator.py
[2026-08-24T13:51:07.055+0000] {processor.py:840} INFO - DAG(s) 'example_branch_operator' retrieved from /home/airflow/.local/lib/python3.12/site-packages/airflow/example_dags/example_branch_operator.py
[2026-08-24T13:51:07.212+0000] {logging_mixin.py:188} INFO - [2026-08-24T13:51:07.212+0000] {dag.py:3096} INFO - Sync 1 DAGs
[2026-08-24T13:51:07.246+0000] {logging_mixin.py:188} INFO - [2026-08-24T13:51:07.245+0000] {dag.py:3954} INFO - Setting next_dagrun for example_branch_operator to 2026-08-23 00:00:00+00:00, run_after=2026-08-24 00:00:00+00:00
[2026-08-24T13:51:07.270+0000] {processor.py:183} INFO - Processing /home/airflow/.local/lib/python3.12/site-packages/airflow/example_dags/example_branch_operator.py took 0.262 seconds
[2026-08-24T13:51:45.197+0000] {processor.py:161} INFO - Started process (PID=115) to work on /home/airflow/.local/lib/python3.12/site-packages/airflow/example_dags/example_branch_operator.py
[2026-08-24T13:51:45.198+0000] {processor.py:830} INFO - Processing file /home/airflow/.local/lib/python3.12/site-packages/airflow/example_dags/example_branch_operator.py for tasks to queue
[2026-08-24T13:51:45.201+0000] {logging_mixin.py:188} INFO - [2026-08-24T13:51:45.201+0000] {dagbag.py:545} INFO - Filling up the DagBag from /home/airflow/.local/lib/python3.12/site-packages/airflow/example_dags/example_branch_operator.py
[2026-08-24T13:51:45.223+0000] {processor.py:840} INFO - DAG(s) 'example_branch_operator' retrieved from /home/airflow/.local/lib/python3.12/site-packages/airflow/example_dags/example_branch_operator.py
[2026-08-24T13:51:45.361+0000] {logging_mixin.py:188} INFO - [2026-08-24T13:51:45.361+0000] {dag.py:3096} INFO - Sync 1 DAGs
[2026-08-24T13:51:45.388+0000] {logging_mixin.py:188} INFO - [2026-08-24T13:51:45.388+0000] {dag.py:3954} INFO - Setting next_dagrun for example_branch_operator to 2026-08-23 00:00:00+00:00, run_after=2026-08-24 00:00:00+00:00
[2026-08-24T13:51:45.416+0000] {processor.py:183} INFO - Processing /home/airflow/.local/lib/python3.12/site-packages/airflow/example_dags/example_branch_operator.py took 0.226 seconds
[2026-08-24T13:52:15.883+0000] {processor.py:161} INFO - Started process (PID=174) to work on /home/airflow/.local/lib/python3.12/site-packages/airflow/example_dags/example_branch_operator.py
[2026-08-24T13:52:15.884+0000] {processor.py:830} INFO - Processing file /home/airflow/.local/lib/python3.12/site-packages/airflow/example_dags/example_branch_operator.py for tasks to queue
[2026-08-24T13:52:15.887+0000] {logging_mixin.py:188} INFO - [2026-08-24T13:52:15.886+0000] {dagbag.py:545} INFO - Filling up the DagBag from /home/airflow/.local/lib/python3.12/site-packages/airflow/example_dags/example_branch_operator.py
[2026-08-24T13:52:15.907+0000] {processor.py:840} INFO - DAG(s) 'example_branch_operator' retrieved from /home/airflow/.local/lib/python3.12/site-packages/airflow/example_dags/example_branch_operator.py
[2026-08-24T13:52:15.942+0000] {logging_mixin.py:188} INFO - [2026-08-24T13:52:15.942+0000] {dag.py:3096} INFO - Sync 1 DAGs
[2026-08-24T13:52:15.971+0000] {logging_mixin.py:188} INFO - [2026-08-24T13:52:15.970+0000] {dag.py:3954} INFO - Setting next_dagrun for example_branch_operator to 2026-08-23 00:00:00+00:00, run_after=2026-08-24 00:00:00+00:00
[2026-08-24T13:52:15.994+0000] {processor.py:183} INFO - Processing /home/airflow/.local/lib/python3.12/site-packages/airflow/example_dags/example_branch_operator.py took 0.117 seconds
[2026-08-24T13:52:46.341+0000] {processor.py:161} INFO - Started process (PID=233) to work on /home/airflow/.local/lib/python3.12/site-packages/airflow/example_dags/example_branch_operator.py
[2026-08-24T13:52:46.343+0000] {processor.py:830} INFO - Processing file /home/airflow/.local/lib/python3.12/site-packages/airflow/example_dags/example_branch_operator.py for tasks to queue
[2026-08-24T13:52:46.346+0000] {logging_mixin.py:188} INFO - [2026-08-24T13:52:46.346+0000] {dagbag.py:545} INFO - Filling up the DagBag from /home/airflow/.local/lib/python3.12/site-packages/airflow/example_dags/example_branch_operator.py
[2026-08-24T13:52:46.397+0000] {processor.py:840} INFO - DAG(s) 'example_branch_operator' retrieved from /home/airflow/.local/lib/python3.12/site-packages/airflow/example_dags/example_branch_operator.py
[2026-08-24T13:52:46.471+0000] {logging_mixin.py:188} INFO - [2026-08-24T13:52:46.471+0000] {dag.py:3096} INFO - Sync 1 DAGs
[2026-08-24T13:52:46.505+0000] {logging_mixin.py:188} INFO - [2026-08-24T13:52:46.505+0000] {dag.py:3954} INFO - Setting next_dagrun for example_branch_operator to 2026-08-23 00:00:00+00:00, run_after=2026-08-24 00:00:00+00:00
[2026-08-24T13:52:46.542+0000] {processor.py:183} INFO - Processing /home/airflow/.local/lib/python3.12/site-packages/airflow/example_dags/example_branch_operator.py took 0.211 seconds
[2026-08-24T13:53:17.178+0000] {processor.py:161} INFO - Started process (PID=292) to work on /home/airflow/.local/lib/python3.12/site-packages/airflow/example_dags/example_branch_operator.py
[2026-08-24T13:53:17.179+0000] {processor.py:830} INFO - Processing file /home/airflow/.local/lib/python3.12/site-packages/airflow/example_dags/example_branch_operator.py for tasks to queue
[2026-08-24T13:53:17.182+0000] {logging_mixin.py:188} INFO - [2026-08-24T13:53:17.182+0000] {dagbag.py:545} INFO - Filling up the DagBag from /home/airflow/.local/lib/python3.12/site-packages/airflow/example_dags/example_branch_operator.py
[2026-08-24T13:53:17.204+0000] {processor.py:840} INFO - DAG(s) 'example_branch_operator' retrieved from /home/airflow/.local/lib/python3.12/site-packages/airflow/example_dags/example_branch_operator.py
[2026-08-24T13:53:17.239+0000] {logging_mixin.py:188} INFO - [2026-08-24T13:53:17.239+0000] {dag.py:3096} INFO - Sync 1 DAGs
[2026-08-24T13:53:17.268+0000] {logging_mixin.py:188} INFO - [2026-08-24T13:53:17.268+0000] {dag.py:3954} INFO - Setting next_dagrun for example_branch_operator to 2026-08-23 00:00:00+00:00, run_after=2026-08-24 00:00:00+00:00
[2026-08-24T13:53:17.294+0000] {processor.py:183} INFO - Processing /home/airflow/.local/lib/python3.12/site-packages/airflow/example_dags/example_branch_operator.py took 0.124 seconds
[2026-08-24T13:53:48.063+0000] {processor.py:161} INFO - Started process (PID=351) to work on /home/airflow/.local/lib/python3.12/site-packages/airflow/example_dags/example_branch_operator.py
[2026-08-24T13:53:48.064+0000] {processor.py:830} INFO - Processing file /home/airflow/.local/lib/python3.12/site-packages/airflow/example_dags/example_branch_operator.py for tasks to queue
[2026-08-24T13:53:48.067+0000] {logging_mixin.py:188} INFO - [2026-08-24T13:53:48.067+0000] {dagbag.py:545} INFO - Filling up the DagBag from /home/airflow/.local/lib/python3.12/site-packages/airflow/example_dags/example_branch_operator.py
[2026-08-24T13:53:48.091+0000] {processor.py:840} INFO - DAG(s) 'example_branch_operator' retrieved from /home/airflow/.local/lib/python3.12/site-packages/airflow/example_dags/example_branch_operator.py
[2026-08-24T13:53:48.128+0000] {logging_mixin.py:188} INFO - [2026-08-24T13:53:48.128+0000] {dag.py:3096} INFO - Sync 1 DAGs
[2026-08-24T13:53:48.161+0000] {logging_mixin.py:188} INFO - [2026-08-24T13:53:48.160+0000] {dag.py:3954} INFO - Setting next_dagrun for example_branch_operator to 2026-08-23 00:00:00+00:00, run_after=2026-08-24 00:00:00+00:00
[2026-08-24T13:53:48.188+0000] {processor.py:183} INFO - Processing /home/airflow/.local/lib/python3.12/site-packages/airflow/example_dags/example_branch_operator.py took 0.133 seconds
[2026-08-24T13:54:19.244+0000] {processor.py:161} INFO - Started process (PID=410) to work on /home/airflow/.local/lib/python3.12/site-packages/airflow/example_dags/example_branch_operator.py
[2026-08-24T13:54:19.245+0000] {processor.py:830} INFO - Processing file /home/airflow/.local/lib/python3.12/site-packages/airflow/example_dags/example_branch_operator.py for tasks to queue
[2026-08-24T13:54:19.247+0000] {logging_mixin.py:188} INFO - [2026-08-24T13:54:19.247+0000] {dagbag.py:545} INFO - Filling up the DagBag from /home/airflow/.local/lib/python3.12/site-packages/airflow/example_dags/example_branch_operator.py
[2026-08-24T13:54:19.278+0000] {processor.py:840} INFO - DAG(s) 'example_branch_operator' retrieved from /home/airflow/.local/lib/python3.12/site-packages/airflow/example_dags/example_branch_operator.py
[2026-08-24T13:54:19.322+0000] {logging_mixin.py:188} INFO - [2026-08-24T13:54:19.322+0000] {dag.py:3096} INFO - Sync 1 DAGs
[2026-08-24T13:54:19.354+0000] {logging_mixin.py:188} INFO - [2026-08-24T13:54:19.353+0000] {dag.py:3954} INFO - Setting next_dagrun for example_branch_operator to 2026-08-23 00:00:00+00:00, run_after=2026-08-24 00:00:00+00:00
[2026-08-24T13:54:19.381+0000] {processor.py:183} INFO - Processing /home/airflow/.local/lib/python3.12/site-packages/airflow/example_dags/example_branch_operator.py took 0.146 seconds
[2026-08-24T13:54:49.434+0000] {processor.py:161} INFO - Started process (PID=469) to work on /home/airflow/.local/lib/python3.12/site-packages/airflow/example_dags/example_branch_operator.py
[2026-08-24T13:54:49.436+0000] {processor.py:830} INFO - Processing file /home/airflow/.local/lib/python3.12/site-packages/airflow/example_dags/example_branch_operator.py for tasks to queue
[2026-08-24T13:54:49.438+0000] {logging_mixin.py:188} INFO - [2026-08-24T13:54:49.438+0000] {dagbag.py:545} INFO - Filling up the DagBag from /home/airflow/.local/lib/python3.12/site-packages/airflow/example_dags/example_branch_operator.py
[2026-08-24T13:54:49.476+0000] {processor.py:840} INFO - DAG(s) 'example_branch_operator' retrieved from /home/airflow/.local/lib/python3.12/site-packages/airflow/example_dags/example_branch_operator.py
[2026-08-24T13:54:49.514+0000] {logging_mixin.py:188} INFO - [2026-08-24T13:54:49.513+0000] {dag.py:3096} INFO - Sync 1 DAGs
[2026-08-24T13:54:49.552+0000] {logging_mixin.py:188} INFO - [2026-08-24T13:54:49.552+0000] {dag.py:3954} INFO - Setting next_dagrun for example_branch_operator to 2026-08-23 00:00:00+00:00, run_after=2026-08-24 00:00:00+00:00
[2026-08-24T13:54:49.582+0000] {processor.py:183} INFO - Processing /home/airflow/.local/lib/python3.12/site-packages/airflow/example_dags/example_branch_operator.py took 0.156 seconds
[2026-08-24T13:55:26.177+0000] {processor.py:161} INFO - Started process (PID=529) to work on /home/airflow/.local/lib/python3.12/site-packages/airflow/example_dags/example_branch_operator.py
[2026-08-24T13:55:26.179+0000] {processor.py:830} INFO - Processing file /home/airflow/.local/lib/python3.12/site-packages/airflow/example_dags/example_branch_operator.py for tasks to queue
[2026-08-24T13:55:26.182+0000] {logging_mixin.py:188} INFO - [2026-08-24T13:55:26.182+0000] {dagbag.py:545} INFO - Filling up the DagBag from /home/airflow/.local/lib/python3.12/site-packages/airflow/example_dags/example_branch_operator.py
[2026-08-24T13:55:26.210+0000] {processor.py:840} INFO - DAG(s) 'example_branch_operator' retrieved from /home/airflow/.local/lib/python3.12/site-packages/airflow/example_dags/example_branch_operator.py
[2026-08-24T13:55:26.485+0000] {logging_mixin.py:188} INFO - [2026-08-24T13:55:26.484+0000] {dag.py:3096} INFO - Sync 1 DAGs
[2026-08-24T13:55:26.544+0000] {logging_mixin.py:188} INFO - [2026-08-24T13:55:26.543+0000] {dag.py:3954} INFO - Setting next_dagrun for example_branch_operator to 2026-08-23 00:00:00+00:00, run_after=2026-08-24 00:00:00+00:00
[2026-08-24T13:55:26.603+0000] {processor.py:183} INFO - Processing /home/airflow/.local/lib/python3.12/site-packages/airflow/example_dags/example_branch_operator.py took 0.438 seconds
[2026-08-24T13:55:57.065+0000] {processor.py:161} INFO - Started process (PID=588) to work on /home/airflow/.local/lib/python3.12/site-packages/airflow/example_dags/example_branch_operator.py
[2026-08-24T13:55:57.067+0000] {processor.py:830} INFO - Processing file /home/airflow/.local/lib/python3.12/site-packages/airflow/example_dags/example_branch_operator.py for tasks to queue
[2026-08-24T13:55:57.075+0000] {logging_mixin.py:188} INFO - [2026-08-24T13:55:57.073+0000] {dagbag.py:545} INFO - Filling up the DagBag from /home/airflow/.local/lib/python3.12/site-packages/airflow/example_dags/example_branch_operator.py
[2026-08-24T13:55:57.125+0000] {processor.py:840} INFO - DAG(s) 'example_branch_operator' retrieved from /home/airflow/.local/lib/python3.12/site-packages/airflow/example_dags/example_branch_operator.py
[2026-08-24T13:55:57.187+0000] {logging_mixin.py:188} INFO - [2026-08-24T13:55:57.186+0000] {dag.py:3096} INFO - Sync 1 DAGs
[2026-08-24T13:55:57.232+0000] {logging_mixin.py:188} INFO - [2026-08-24T13:55:57.231+0000] {dag.py:3954} INFO - Setting next_dagrun for example_branch_operator to 2026-08-23 00:00:00+00:00, run_after=2026-08-24 00:00:00+00:00
[2026-08-24T13:55:57.263+0000] {processor.py:183} INFO - Processing /home/airflow/.local/lib/python3.12/site-packages/airflow/example_dags/example_branch_operator.py took 0.217 seconds
[2026-08-24T13:56:27.540+0000] {processor.py:161} INFO - Started process (PID=647) to work on /home/airflow/.local/lib/python3.12/site-packages/airflow/example_dags/example_branch_operator.py
[2026-08-24T13:56:27.542+0000] {processor.py:830} INFO - Processing file /home/airflow/.local/lib/python3.12/site-packages/airflow/example_dags/example_branch_operator.py for tasks to queue
[2026-08-24T13:56:27.545+0000] {logging_mixin.py:188} INFO - [2026-08-24T13:56:27.545+0000] {dagbag.py:545} INFO - Filling up the DagBag from /home/airflow/.local/lib/python3.12/site-packages/airflow/example_dags/example_branch_operator.py
[2026-08-24T13:56:27.576+0000] {processor.py:840} INFO - DAG(s) 'example_branch_operator' retrieved from /home/airflow/.local/lib/python3.12/site-packages/airflow/example_dags/example_branch_operator.py
[2026-08-24T13:56:27.623+0000] {logging_mixin.py:188} INFO - [2026-08-24T13:56:27.623+0000] {dag.py:3096} INFO - Sync 1 DAGs
[2026-08-24T13:56:27.662+0000] {logging_mixin.py:188} INFO - [2026-08-24T13:56:27.661+0000] {dag.py:3954} INFO - Setting next_dagrun for example_branch_operator to 2026-08-23 00:00:00+00:00, run_after=2026-08-24 00:00:00+00:00
[2026-08-24T13:56:27.701+0000] {processor.py:183} INFO - Processing /home/airflow/.local/lib/python3.12/site-packages/airflow/example_dags/example_branch_operator.py took 0.173 seconds
[2026-08-24T13:56:58.617+0000] {processor.py:161} INFO - Started process (PID=706) to work on /home/airflow/.local/lib/python3.12/site-packages/airflow/example_dags/example_branch_operator.py
[2026-08-24T13:56:58.619+0000] {processor.py:830} INFO - Processing file /home/airflow/.local/lib/python3.12/site-packages/airflow/example_dags/example_branch_operator.py for tasks to queue
[2026-08-24T13:56:58.624+0000] {logging_mixin.py:188} INFO - [2026-08-24T13:56:58.623+0000] {dagbag.py:545} INFO - Filling up the DagBag from /home/airflow/.local/lib/python3.12/site-packages/airflow/example_dags/example_branch_operator.py
[2026-08-24T13:56:58.664+0000] {processor.py:840} INFO - DAG(s) 'example_branch_operator' retrieved from /home/airflow/.local/lib/python3.12/site-packages/airflow/example_dags/example_branch_operator.py
[2026-08-24T13:56:58.715+0000] {logging_mixin.py:188} INFO - [2026-08-24T13:56:58.714+0000] {dag.py:3096} INFO - Sync 1 DAGs
[2026-08-24T13:56:58.768+0000] {logging_mixin.py:188} INFO - [2026-08-24T13:56:58.767+0000] {dag.py:3954} INFO - Setting next_dagrun for example_branch_operator to 2026-08-23 00:00:00+00:00, run_after=2026-08-24 00:00:00+00:00
[2026-08-24T13:56:58.815+0000] {processor.py:183} INFO - Processing /home/airflow/.local/lib/python3.12/site-packages/airflow/example_dags/example_branch_operator.py took 0.215 seconds
[2026-08-24T13:57:29.011+0000] {processor.py:161} INFO - Started process (PID=766) to work on /home/airflow/.local/lib/python3.12/site-packages/airflow/example_dags/example_branch_operator.py
[2026-08-24T13:57:29.012+0000] {processor.py:830} INFO - Processing file /home/airflow/.local/lib/python3.12/site-packages/airflow/example_dags/example_branch_operator.py for tasks to queue
[2026-08-24T13:57:29.014+0000] {logging_mixin.py:188} INFO - [2026-08-24T13:57:29.014+0000] {dagbag.py:545} INFO - Filling up the DagBag from /home/airflow/.local/lib/python3.12/site-packages/airflow/example_dags/example_branch_operator.py
[2026-08-24T13:57:29.036+0000] {processor.py:840} INFO - DAG(s) 'example_branch_operator' retrieved from /home/airflow/.local/lib/python3.12/site-packages/airflow/example_dags/example_branch_operator.py
[2026-08-24T13:57:29.068+0000] {logging_mixin.py:188} INFO - [2026-08-24T13:57:29.068+0000] {dag.py:3096} INFO - Sync 1 DAGs
[2026-08-24T13:57:29.097+0000] {logging_mixin.py:188} INFO - [2026-08-24T13:57:29.096+0000] {dag.py:3954} INFO - Setting next_dagrun for example_branch_operator to 2026-08-23 00:00:00+00:00, run_after=2026-08-24 00:00:00+00:00
[2026-08-24T13:57:29.122+0000] {processor.py:183} INFO - Processing /home/airflow/.local/lib/python3.12/site-packages/airflow/example_dags/example_branch_operator.py took 0.118 seconds
[2026-08-24T13:57:59.779+0000] {processor.py:161} INFO - Started process (PID=825) to work on /home/airflow/.local/lib/python3.12/site-packages/airflow/example_dags/example_branch_operator.py
[2026-08-24T13:57:59.781+0000] {processor.py:830} INFO - Processing file /home/airflow/.local/lib/python3.12/site-packages/airflow/example_dags/example_branch_operator.py for tasks to queue
[2026-08-24T13:57:59.783+0000] {logging_mixin.py:188} INFO - [2026-08-24T13:57:59.783+0000] {dagbag.py:545} INFO - Filling up the DagBag from /home/airflow/.local/lib/python3.12/site-packages/airflow/example_dags/example_branch_operator.py
[2026-08-24T13:57:59.804+0000] {processor.py:840} INFO - DAG(s) 'example_branch_operator' retrieved from /home/airflow/.local/lib/python3.12/site-packages/airflow/example_dags/example_branch_operator.py
[2026-08-24T13:57:59.856+0000] {logging_mixin.py:188} INFO - [2026-08-24T13:57:59.856+0000] {dag.py:3096} INFO - Sync 1 DAGs
[2026-08-24T13:57:59.891+0000] {logging_mixin.py:188} INFO - [2026-08-24T13:57:59.891+0000] {dag.py:3954} INFO - Setting next_dagrun for example_branch_operator to 2026-08-23 00:00:00+00:00, run_after=2026-08-24 00:00:00+00:00
[2026-08-24T13:57:59.975+0000] {processor.py:183} INFO - Processing /home/airflow/.local/lib/python3.12/site-packages/airflow/example_dags/example_branch_operator.py took 0.202 seconds
[2026-08-24T13:58:30.994+0000] {processor.py:161} INFO - Started process (PID=885) to work on /home/airflow/.local/lib/python3.12/site-packages/airflow/example_dags/example_branch_operator.py
[2026-08-24T13:58:30.996+0000] {processor.py:830} INFO - Processing file /home/airflow/.local/lib/python3.12/site-packages/airflow/example_dags/example_branch_operator.py for tasks to queue
[2026-08-24T13:58:30.998+0000] {logging_mixin.py:188} INFO - [2026-08-24T13:58:30.998+0000] {dagbag.py:545} INFO - Filling up the DagBag from /home/airflow/.local/lib/python3.12/site-packages/airflow/example_dags/example_branch_operator.py
[2026-08-24T13:58:31.023+0000] {processor.py:840} INFO - DAG(s) 'example_branch_operator' retrieved from /home/airflow/.local/lib/python3.12/site-packages/airflow/example_dags/example_branch_operator.py
[2026-08-24T13:58:31.066+0000] {logging_mixin.py:188} INFO - [2026-08-24T13:58:31.065+0000] {dag.py:3096} INFO - Sync 1 DAGs
[2026-08-24T13:58:31.094+0000] {logging_mixin.py:188} INFO - [2026-08-24T13:58:31.093+0000] {dag.py:3954} INFO - Setting next_dagrun for example_branch_operator to 2026-08-23 00:00:00+00:00, run_after=2026-08-24 00:00:00+00:00
[2026-08-24T13:58:31.122+0000] {processor.py:183} INFO - Processing /home/airflow/.local/lib/python3.12/site-packages/airflow/example_dags/example_branch_operator.py took 0.134 seconds
[2026-08-24T13:59:01.294+0000] {processor.py:161} INFO - Started process (PID=944) to work on /home/airflow/.local/lib/python3.12/site-packages/airflow/example_dags/example_branch_operator.py
[2026-08-24T13:59:01.296+0000] {processor.py:830} INFO - Processing file /home/airflow/.local/lib/python3.12/site-packages/airflow/example_dags/example_branch_operator.py for tasks to queue
[2026-08-24T13:59:01.300+0000] {logging_mixin.py:188} INFO - [2026-08-24T13:59:01.300+0000] {dagbag.py:545} INFO - Filling up the DagBag from /home/airflow/.local/lib/python3.12/site-packages/airflow/example_dags/example_branch_operator.py
[2026-08-24T13:59:01.342+0000] {processor.py:840} INFO - DAG(s) 'example_branch_operator' retrieved from /home/airflow/.local/lib/python3.12/site-packages/airflow/example_dags/example_branch_operator.py
[2026-08-24T13:59:01.401+0000] {logging_mixin.py:188} INFO - [2026-08-24T13:59:01.401+0000] {dag.py:3096} INFO - Sync 1 DAGs
[2026-08-24T14:00:41.012+0000] {processor.py:161} INFO - Started process (PID=127) to work on /home/airflow/.local/lib/python3.12/site-packages/airflow/example_dags/example_branch_operator.py
[2026-08-24T14:00:41.013+0000] {processor.py:830} INFO - Processing file /home/airflow/.local/lib/python3.12/site-packages/airflow/example_dags/example_branch_operator.py for tasks to queue
[2026-08-24T14:00:41.016+0000] {logging_mixin.py:188} INFO - [2026-08-24T14:00:41.016+0000] {dagbag.py:545} INFO - Filling up the DagBag from /home/airflow/.local/lib/python3.12/site-packages/airflow/example_dags/example_branch_operator.py
[2026-08-24T14:00:41.042+0000] {processor.py:840} INFO - DAG(s) 'example_branch_operator' retrieved from /home/airflow/.local/lib/python3.12/site-packages/airflow/example_dags/example_branch_operator.py
[2026-08-24T14:00:41.229+0000] {logging_mixin.py:188} INFO - [2026-08-24T14:00:41.228+0000] {dag.py:3096} INFO - Sync 1 DAGs
[2026-08-24T14:00:41.267+0000] {logging_mixin.py:188} INFO - [2026-08-24T14:00:41.267+0000] {dag.py:3954} INFO - Setting next_dagrun for example_branch_operator to 2026-08-23 00:00:00+00:00, run_after=2026-08-24 00:00:00+00:00
[2026-08-24T14:00:41.300+0000] {processor.py:183} INFO - Processing /home/airflow/.local/lib/python3.12/site-packages/airflow/example_dags/example_branch_operator.py took 0.295 seconds
[2026-08-24T14:01:11.675+0000] {processor.py:161} INFO - Started process (PID=186) to work on /home/airflow/.local/lib/python3.12/site-packages/airflow/example_dags/example_branch_operator.py
[2026-08-24T14:01:11.677+0000] {processor.py:830} INFO - Processing file /home/airflow/.local/lib/python3.12/site-packages/airflow/example_dags/example_branch_operator.py for tasks to queue
[2026-08-24T14:01:11.680+0000] {logging_mixin.py:188} INFO - [2026-08-24T14:01:11.680+0000] {dagbag.py:545} INFO - Filling up the DagBag from /home/airflow/.local/lib/python3.12/site-packages/airflow/example_dags/example_branch_operator.py
[2026-08-24T14:01:11.707+0000] {processor.py:840} INFO - DAG(s) 'example_branch_operator' retrieved from /home/airflow/.local/lib/python3.12/site-packages/airflow/example_dags/example_branch_operator.py
[2026-08-24T14:01:11.755+0000] {logging_mixin.py:188} INFO - [2026-08-24T14:01:11.754+0000] {dag.py:3096} INFO - Sync 1 DAGs
[2026-08-24T14:01:11.793+0000] {logging_mixin.py:188} INFO - [2026-08-24T14:01:11.792+0000] {dag.py:3954} INFO - Setting next_dagrun for example_branch_operator to 2026-08-23 00:00:00+00:00, run_after=2026-08-24 00:00:00+00:00
[2026-08-24T14:01:11.822+0000] {processor.py:183} INFO - Processing /home/airflow/.local/lib/python3.12/site-packages/airflow/example_dags/example_branch_operator.py took 0.157 seconds
[2026-08-24T14:01:41.866+0000] {processor.py:161} INFO - Started process (PID=245) to work on /home/airflow/.local/lib/python3.12/site-packages/airflow/example_dags/example_branch_operator.py
[2026-08-24T14:01:41.868+0000] {processor.py:830} INFO - Processing file /home/airflow/.local/lib/python3.12/site-packages/airflow/example_dags/example_branch_operator.py for tasks to queue
[2026-08-24T14:01:41.870+0000] {logging_mixin.py:188} INFO - [2026-08-24T14:01:41.870+0000] {dagbag.py:545} INFO - Filling up the DagBag from /home/airflow/.local/lib/python3.12/site-packages/airflow/example_dags/example_branch_operator.py
[2026-08-24T14:01:41.893+0000] {processor.py:840} INFO - DAG(s) 'example_branch_operator' retrieved from /home/airflow/.local/lib/python3.12/site-packages/airflow/example_dags/example_branch_operator.py
[2026-08-24T14:01:41.938+0000] {logging_mixin.py:188} INFO - [2026-08-24T14:01:41.937+0000] {dag.py:3096} INFO - Sync 1 DAGs
[2026-08-24T14:01:41.969+0000] {logging_mixin.py:188} INFO - [2026-08-24T14:01:41.969+0000] {dag.py:3954} INFO - Setting next_dagrun for example_branch_operator to 2026-08-23 00:00:00+00:00, run_after=2026-08-24 00:00:00+00:00
[2026-08-24T14:01:42.009+0000] {processor.py:183} INFO - Processing /home/airflow/.local/lib/python3.12/site-packages/airflow/example_dags/example_branch_operator.py took 0.151 seconds
[2026-08-24T14:02:12.239+0000] {processor.py:161} INFO - Started process (PID=304) to work on /home/airflow/.local/lib/python3.12/site-packages/airflow/example_dags/example_branch_operator.py
[2026-08-24T14:02:12.240+0000] {processor.py:830} INFO - Processing file /home/airflow/.local/lib/python3.12/site-packages/airflow/example_dags/example_branch_operator.py for tasks to queue
[2026-08-24T14:02:12.242+0000] {logging_mixin.py:188} INFO - [2026-08-24T14:02:12.242+0000] {dagbag.py:545} INFO - Filling up the DagBag from /home/airflow/.local/lib/python3.12/site-packages/airflow/example_dags/example_branch_operator.py
[2026-08-24T14:02:12.265+0000] {processor.py:840} INFO - DAG(s) 'example_branch_operator' retrieved from /home/airflow/.local/lib/python3.12/site-packages/airflow/example_dags/example_branch_operator.py
[2026-08-24T14:02:12.300+0000] {logging_mixin.py:188} INFO - [2026-08-24T14:02:12.300+0000] {dag.py:3096} INFO - Sync 1 DAGs
[2026-08-24T14:02:12.330+0000] {logging_mixin.py:188} INFO - [2026-08-24T14:02:12.329+0000] {dag.py:3954} INFO - Setting next_dagrun for example_branch_operator to 2026-08-23 00:00:00+00:00, run_after=2026-08-24 00:00:00+00:00
[2026-08-24T14:02:12.355+0000] {processor.py:183} INFO - Processing /home/airflow/.local/lib/python3.12/site-packages/airflow/example_dags/example_branch_operator.py took 0.124 seconds
[2026-08-24T14:02:42.523+0000] {processor.py:161} INFO - Started process (PID=364) to work on /home/airflow/.local/lib/python3.12/site-packages/airflow/example_dags/example_branch_operator.py
[2026-08-24T14:02:42.524+0000] {processor.py:830} INFO - Processing file /home/airflow/.local/lib/python3.12/site-packages/airflow/example_dags/example_branch_operator.py for tasks to queue
[2026-08-24T14:02:42.526+0000] {logging_mixin.py:188} INFO - [2026-08-24T14:02:42.526+0000] {dagbag.py:545} INFO - Filling up the DagBag from /home/airflow/.local/lib/python3.12/site-packages/airflow/example_dags/example_branch_operator.py
[2026-08-24T14:02:42.549+0000] {processor.py:840} INFO - DAG(s) 'example_branch_operator' retrieved from /home/airflow/.local/lib/python3.12/site-packages/airflow/example_dags/example_branch_operator.py
[2026-08-24T14:02:42.591+0000] {logging_mixin.py:188} INFO - [2026-08-24T14:02:42.590+0000] {dag.py:3096} INFO - Sync 1 DAGs
[2026-08-24T14:02:42.621+0000] {logging_mixin.py:188} INFO - [2026-08-24T14:02:42.621+0000] {dag.py:3954} INFO - Setting next_dagrun for example_branch_operator to 2026-08-23 00:00:00+00:00, run_after=2026-08-24 00:00:00+00:00
[2026-08-24T14:02:42.644+0000] {processor.py:183} INFO - Processing /home/airflow/.local/lib/python3.12/site-packages/airflow/example_dags/example_branch_operator.py took 0.130 seconds
[2026-08-24T14:07:44.220+0000] {processor.py:161} INFO - Started process (PID=133) to work on /home/airflow/.local/lib/python3.12/site-packages/airflow/example_dags/example_branch_operator.py
[2026-08-24T14:07:44.222+0000] {processor.py:830} INFO - Processing file /home/airflow/.local/lib/python3.12/site-packages/airflow/example_dags/example_branch_operator.py for tasks to queue
[2026-08-24T14:07:44.225+0000] {logging_mixin.py:188} INFO - [2026-08-24T14:07:44.224+0000] {dagbag.py:545} INFO - Filling up the DagBag from /home/airflow/.local/lib/python3.12/site-packages/airflow/example_dags/example_branch_operator.py
[2026-08-24T14:07:44.264+0000] {processor.py:840} INFO - DAG(s) 'example_branch_operator' retrieved from /home/airflow/.local/lib/python3.12/site-packages/airflow/example_dags/example_branch_operator.py
[2026-08-24T14:07:44.501+0000] {logging_mixin.py:188} INFO - [2026-08-24T14:07:44.501+0000] {dag.py:3096} INFO - Sync 1 DAGs
[2026-08-24T14:07:44.537+0000] {logging_mixin.py:188} INFO - [2026-08-24T14:07:44.536+0000] {dag.py:3954} INFO - Setting next_dagrun for example_branch_operator to 2026-08-23 00:00:00+00:00, run_after=2026-08-24 00:00:00+00:00
[2026-08-24T14:07:44.572+0000] {processor.py:183} INFO - Processing /home/airflow/.local/lib/python3.12/site-packages/airflow/example_dags/example_branch_operator.py took 0.359 seconds
[2026-08-24T14:08:14.665+0000] {processor.py:161} INFO - Started process (PID=192) to work on /home/airflow/.local/lib/python3.12/site-packages/airflow/example_dags/example_branch_operator.py
[2026-08-24T14:08:14.666+0000] {processor.py:830} INFO - Processing file /home/airflow/.local/lib/python3.12/site-packages/airflow/example_dags/example_branch_operator.py for tasks to queue
[2026-08-24T14:08:14.669+0000] {logging_mixin.py:188} INFO - [2026-08-24T14:08:14.668+0000] {dagbag.py:545} INFO - Filling up the DagBag from /home/airflow/.local/lib/python3.12/site-packages/airflow/example_dags/example_branch_operator.py
[2026-08-24T14:08:14.692+0000] {processor.py:840} INFO - DAG(s) 'example_branch_operator' retrieved from /home/airflow/.local/lib/python3.12/site-packages/airflow/example_dags/example_branch_operator.py
[2026-08-24T14:08:14.736+0000] {logging_mixin.py:188} INFO - [2026-08-24T14:08:14.736+0000] {dag.py:3096} INFO - Sync 1 DAGs
[2026-08-24T14:08:14.770+0000] {logging_mixin.py:188} INFO - [2026-08-24T14:08:14.769+0000] {dag.py:3954} INFO - Setting next_dagrun for example_branch_operator to 2026-08-23 00:00:00+00:00, run_after=2026-08-24 00:00:00+00:00
[2026-08-24T14:08:14.794+0000] {processor.py:183} INFO - Processing /home/airflow/.local/lib/python3.12/site-packages/airflow/example_dags/example_branch_operator.py took 0.136 seconds
[2026-08-24T14:08:44.998+0000] {processor.py:161} INFO - Started process (PID=252) to work on /home/airflow/.local/lib/python3.12/site-packages/airflow/example_dags/example_branch_operator.py
[2026-08-24T14:08:45.000+0000] {processor.py:830} INFO - Processing file /home/airflow/.local/lib/python3.12/site-packages/airflow/example_dags/example_branch_operator.py for tasks to queue
[2026-08-24T14:08:45.003+0000] {logging_mixin.py:188} INFO - [2026-08-24T14:08:45.002+0000] {dagbag.py:545} INFO - Filling up the DagBag from /home/airflow/.local/lib/python3.12/site-packages/airflow/example_dags/example_branch_operator.py
[2026-08-24T14:08:45.038+0000] {processor.py:840} INFO - DAG(s) 'example_branch_operator' retrieved from /home/airflow/.local/lib/python3.12/site-packages/airflow/example_dags/example_branch_operator.py
[2026-08-24T14:08:45.081+0000] {logging_mixin.py:188} INFO - [2026-08-24T14:08:45.081+0000] {dag.py:3096} INFO - Sync 1 DAGs
[2026-08-24T14:08:45.121+0000] {logging_mixin.py:188} INFO - [2026-08-24T14:08:45.120+0000] {dag.py:3954} INFO - Setting next_dagrun for example_branch_operator to 2026-08-23 00:00:00+00:00, run_after=2026-08-24 00:00:00+00:00
[2026-08-24T14:08:45.151+0000] {processor.py:183} INFO - Processing /home/airflow/.local/lib/python3.12/site-packages/airflow/example_dags/example_branch_operator.py took 0.161 seconds
[2026-08-24T14:09:15.794+0000] {processor.py:161} INFO - Started process (PID=311) to work on /home/airflow/.local/lib/python3.12/site-packages/airflow/example_dags/example_branch_operator.py
[2026-08-24T14:09:15.795+0000] {processor.py:830} INFO - Processing file /home/airflow/.local/lib/python3.12/site-packages/airflow/example_dags/example_branch_operator.py for tasks to queue
[2026-08-24T14:09:15.797+0000] {logging_mixin.py:188} INFO - [2026-08-24T14:09:15.797+0000] {dagbag.py:545} INFO - Filling up the DagBag from /home/airflow/.local/lib/python3.12/site-packages/airflow/example_dags/example_branch_operator.py
[2026-08-24T14:09:15.818+0000] {processor.py:840} INFO - DAG(s) 'example_branch_operator' retrieved from /home/airflow/.local/lib/python3.12/site-packages/airflow/example_dags/example_branch_operator.py
[2026-08-24T14:09:15.854+0000] {logging_mixin.py:188} INFO - [2026-08-24T14:09:15.853+0000] {dag.py:3096} INFO - Sync 1 DAGs
[2026-08-24T14:09:15.897+0000] {logging_mixin.py:188} INFO - [2026-08-24T14:09:15.896+0000] {dag.py:3954} INFO - Setting next_dagrun for example_branch_operator to 2026-08-23 00:00:00+00:00, run_after=2026-08-24 00:00:00+00:00
[2026-08-24T14:09:15.925+0000] {processor.py:183} INFO - Processing /home/airflow/.local/lib/python3.12/site-packages/airflow/example_dags/example_branch_operator.py took 0.139 seconds
[2026-08-24T14:09:46.278+0000] {processor.py:161} INFO - Started process (PID=369) to work on /home/airflow/.local/lib/python3.12/site-packages/airflow/example_dags/example_branch_operator.py
[2026-08-24T14:09:46.280+0000] {processor.py:830} INFO - Processing file /home/airflow/.local/lib/python3.12/site-packages/airflow/example_dags/example_branch_operator.py for tasks to queue
[2026-08-24T14:09:46.283+0000] {logging_mixin.py:188} INFO - [2026-08-24T14:09:46.282+0000] {dagbag.py:545} INFO - Filling up the DagBag from /home/airflow/.local/lib/python3.12/site-packages/airflow/example_dags/example_branch_operator.py
[2026-08-24T14:09:46.312+0000] {processor.py:840} INFO - DAG(s) 'example_branch_operator' retrieved from /home/airflow/.local/lib/python3.12/site-packages/airflow/example_dags/example_branch_operator.py
[2026-08-24T14:09:46.354+0000] {logging_mixin.py:188} INFO - [2026-08-24T14:09:46.353+0000] {dag.py:3096} INFO - Sync 1 DAGs
[2026-08-24T14:09:46.403+0000] {logging_mixin.py:188} INFO - [2026-08-24T14:09:46.402+0000] {dag.py:3954} INFO - Setting next_dagrun for example_branch_operator to 2026-08-23 00:00:00+00:00, run_after=2026-08-24 00:00:00+00:00
[2026-08-24T14:09:46.441+0000] {processor.py:183} INFO - Processing /home/airflow/.local/lib/python3.12/site-packages/airflow/example_dags/example_branch_operator.py took 0.173 seconds
[2026-08-24T14:10:16.764+0000] {processor.py:161} INFO - Started process (PID=428) to work on /home/airflow/.local/lib/python3.12/site-packages/airflow/example_dags/example_branch_operator.py
[2026-08-24T14:10:16.765+0000] {processor.py:830} INFO - Processing file /home/airflow/.local/lib/python3.12/site-packages/airflow/example_dags/example_branch_operator.py for tasks to queue
[2026-08-24T14:10:16.767+0000] {logging_mixin.py:188} INFO - [2026-08-24T14:10:16.767+0000] {dagbag.py:545} INFO - Filling up the DagBag from /home/airflow/.local/lib/python3.12/site-packages/airflow/example_dags/example_branch_operator.py
[2026-08-24T14:10:16.789+0000] {processor.py:840} INFO - DAG(s) 'example_branch_operator' retrieved from /home/airflow/.local/lib/python3.12/site-packages/airflow/example_dags/example_branch_operator.py
[2026-08-24T14:10:16.830+0000] {logging_mixin.py:188} INFO - [2026-08-24T14:10:16.830+0000] {dag.py:3096} INFO - Sync 1 DAGs
[2026-08-24T14:10:16.863+0000] {logging_mixin.py:188} INFO - [2026-08-24T14:10:16.863+0000] {dag.py:3954} INFO - Setting next_dagrun for example_branch_operator to 2026-08-23 00:00:00+00:00, run_after=2026-08-24 00:00:00+00:00
[2026-08-24T14:10:16.889+0000] {processor.py:183} INFO - Processing /home/airflow/.local/lib/python3.12/site-packages/airflow/example_dags/example_branch_operator.py took 0.133 seconds
[2026-08-24T14:10:47.337+0000] {processor.py:161} INFO - Started process (PID=487) to work on /home/airflow/.local/lib/python3.12/site-packages/airflow/example_dags/example_branch_operator.py
[2026-08-24T14:10:47.339+0000] {processor.py:830} INFO - Processing file /home/airflow/.local/lib/python3.12/site-packages/airflow/example_dags/example_branch_operator.py for tasks to queue
[2026-08-24T14:10:47.341+0000] {logging_mixin.py:188} INFO - [2026-08-24T14:10:47.341+0000] {dagbag.py:545} INFO - Filling up the DagBag from /home/airflow/.local/lib/python3.12/site-packages/airflow/example_dags/example_branch_operator.py
[2026-08-24T14:10:47.364+0000] {processor.py:840} INFO - DAG(s) 'example_branch_operator' retrieved from /home/airflow/.local/lib/python3.12/site-packages/airflow/example_dags/example_branch_operator.py
[2026-08-24T14:10:47.400+0000] {logging_mixin.py:188} INFO - [2026-08-24T14:10:47.400+0000] {dag.py:3096} INFO - Sync 1 DAGs
[2026-08-24T14:10:47.433+0000] {logging_mixin.py:188} INFO - [2026-08-24T14:10:47.432+0000] {dag.py:3954} INFO - Setting next_dagrun for example_branch_operator to 2026-08-23 00:00:00+00:00, run_after=2026-08-24 00:00:00+00:00
[2026-08-24T14:10:47.462+0000] {processor.py:183} INFO - Processing /home/airflow/.local/lib/python3.12/site-packages/airflow/example_dags/example_branch_operator.py took 0.132 seconds
[2026-08-24T14:13:30.493+0000] {processor.py:161} INFO - Started process (PID=137) to work on /home/airflow/.local/lib/python3.12/site-packages/airflow/example_dags/example_branch_operator.py
[2026-08-24T14:13:30.494+0000] {processor.py:830} INFO - Processing file /home/airflow/.local/lib/python3.12/site-packages/airflow/example_dags/example_branch_operator.py for tasks to queue
[2026-08-24T14:13:30.497+0000] {logging_mixin.py:188} INFO - [2026-08-24T14:13:30.496+0000] {dagbag.py:545} INFO - Filling up the DagBag from /home/airflow/.local/lib/python3.12/site-packages/airflow/example_dags/example_branch_operator.py
[2026-08-24T14:13:30.534+0000] {processor.py:840} INFO - DAG(s) 'example_branch_operator' retrieved from /home/airflow/.local/lib/python3.12/site-packages/airflow/example_dags/example_branch_operator.py
[2026-08-24T14:13:30.704+0000] {logging_mixin.py:188} INFO - [2026-08-24T14:13:30.704+0000] {dag.py:3096} INFO - Sync 1 DAGs
[2026-08-24T14:13:30.733+0000] {logging_mixin.py:188} INFO - [2026-08-24T14:13:30.733+0000] {dag.py:3954} INFO - Setting next_dagrun for example_branch_operator to 2026-08-23 00:00:00+00:00, run_after=2026-08-24 00:00:00+00:00
[2026-08-24T14:13:30.767+0000] {processor.py:183} INFO - Processing /home/airflow/.local/lib/python3.12/site-packages/airflow/example_dags/example_branch_operator.py took 0.282 seconds
[2026-08-24T14:14:01.711+0000] {processor.py:161} INFO - Started process (PID=196) to work on /home/airflow/.local/lib/python3.12/site-packages/airflow/example_dags/example_branch_operator.py
[2026-08-24T14:14:01.713+0000] {processor.py:830} INFO - Processing file /home/airflow/.local/lib/python3.12/site-packages/airflow/example_dags/example_branch_operator.py for tasks to queue
[2026-08-24T14:14:01.715+0000] {logging_mixin.py:188} INFO - [2026-08-24T14:14:01.715+0000] {dagbag.py:545} INFO - Filling up the DagBag from /home/airflow/.local/lib/python3.12/site-packages/airflow/example_dags/example_branch_operator.py
[2026-08-24T14:14:01.739+0000] {processor.py:840} INFO - DAG(s) 'example_branch_operator' retrieved from /home/airflow/.local/lib/python3.12/site-packages/airflow/example_dags/example_branch_operator.py
[2026-08-24T14:14:01.775+0000] {logging_mixin.py:188} INFO - [2026-08-24T14:14:01.774+0000] {dag.py:3096} INFO - Sync 1 DAGs
[2026-08-24T14:14:01.807+0000] {logging_mixin.py:188} INFO - [2026-08-24T14:14:01.807+0000] {dag.py:3954} INFO - Setting next_dagrun for example_branch_operator to 2026-08-23 00:00:00+00:00, run_after=2026-08-24 00:00:00+00:00
[2026-08-24T14:14:01.835+0000] {processor.py:183} INFO - Processing /home/airflow/.local/lib/python3.12/site-packages/airflow/example_dags/example_branch_operator.py took 0.131 seconds
[2026-08-24T14:14:31.984+0000] {processor.py:161} INFO - Started process (PID=256) to work on /home/airflow/.local/lib/python3.12/site-packages/airflow/example_dags/example_branch_operator.py
[2026-08-24T14:14:31.986+0000] {processor.py:830} INFO - Processing file /home/airflow/.local/lib/python3.12/site-packages/airflow/example_dags/example_branch_operator.py for tasks to queue
[2026-08-24T14:14:31.989+0000] {logging_mixin.py:188} INFO - [2026-08-24T14:14:31.989+0000] {dagbag.py:545} INFO - Filling up the DagBag from /home/airflow/.local/lib/python3.12/site-packages/airflow/example_dags/example_branch_operator.py
[2026-08-24T14:14:32.016+0000] {processor.py:840} INFO - DAG(s) 'example_branch_operator' retrieved from /home/airflow/.local/lib/python3.12/site-packages/airflow/example_dags/example_branch_operator.py
[2026-08-24T14:14:32.058+0000] {logging_mixin.py:188} INFO - [2026-08-24T14:14:32.058+0000] {dag.py:3096} INFO - Sync 1 DAGs
[2026-08-24T14:14:32.098+0000] {logging_mixin.py:188} INFO - [2026-08-24T14:14:32.098+0000] {dag.py:3954} INFO - Setting next_dagrun for example_branch_operator to 2026-08-23 00:00:00+00:00, run_after=2026-08-24 00:00:00+00:00
[2026-08-24T14:14:32.135+0000] {processor.py:183} INFO - Processing /home/airflow/.local/lib/python3.12/site-packages/airflow/example_dags/example_branch_operator.py took 0.159 seconds
[2026-08-24T14:15:03.037+0000] {processor.py:161} INFO - Started process (PID=315) to work on /home/airflow/.local/lib/python3.12/site-packages/airflow/example_dags/example_branch_operator.py
[2026-08-24T14:15:03.038+0000] {processor.py:830} INFO - Processing file /home/airflow/.local/lib/python3.12/site-packages/airflow/example_dags/example_branch_operator.py for tasks to queue
[2026-08-24T14:15:03.042+0000] {logging_mixin.py:188} INFO - [2026-08-24T14:15:03.041+0000] {dagbag.py:545} INFO - Filling up the DagBag from /home/airflow/.local/lib/python3.12/site-packages/airflow/example_dags/example_branch_operator.py
[2026-08-24T14:15:03.070+0000] {processor.py:840} INFO - DAG(s) 'example_branch_operator' retrieved from /home/airflow/.local/lib/python3.12/site-packages/airflow/example_dags/example_branch_operator.py
[2026-08-24T14:15:03.114+0000] {logging_mixin.py:188} INFO - [2026-08-24T14:15:03.113+0000] {dag.py:3096} INFO - Sync 1 DAGs
[2026-08-24T14:15:03.151+0000] {logging_mixin.py:188} INFO - [2026-08-24T14:15:03.150+0000] {dag.py:3954} INFO - Setting next_dagrun for example_branch_operator to 2026-08-23 00:00:00+00:00, run_after=2026-08-24 00:00:00+00:00
[2026-08-24T14:15:03.199+0000] {processor.py:183} INFO - Processing /home/airflow/.local/lib/python3.12/site-packages/airflow/example_dags/example_branch_operator.py took 0.171 seconds
[2026-08-24T14:15:33.955+0000] {processor.py:161} INFO - Started process (PID=374) to work on /home/airflow/.local/lib/python3.12/site-packages/airflow/example_dags/example_branch_operator.py
[2026-08-24T14:15:33.956+0000] {processor.py:830} INFO - Processing file /home/airflow/.local/lib/python3.12/site-packages/airflow/example_dags/example_branch_operator.py for tasks to queue
[2026-08-24T14:15:33.958+0000] {logging_mixin.py:188} INFO - [2026-08-24T14:15:33.958+0000] {dagbag.py:545} INFO - Filling up the DagBag from /home/airflow/.local/lib/python3.12/site-packages/airflow/example_dags/example_branch_operator.py
[2026-08-24T14:15:33.983+0000] {processor.py:840} INFO - DAG(s) 'example_branch_operator' retrieved from /home/airflow/.local/lib/python3.12/site-packages/airflow/example_dags/example_branch_operator.py
[2026-08-24T14:15:34.017+0000] {logging_mixin.py:188} INFO - [2026-08-24T14:15:34.016+0000] {dag.py:3096} INFO - Sync 1 DAGs
[2026-08-24T14:15:34.044+0000] {logging_mixin.py:188} INFO - [2026-08-24T14:15:34.044+0000] {dag.py:3954} INFO - Setting next_dagrun for example_branch_operator to 2026-08-23 00:00:00+00:00, run_after=2026-08-24 00:00:00+00:00
[2026-08-24T14:15:34.074+0000] {processor.py:183} INFO - Processing /home/airflow/.local/lib/python3.12/site-packages/airflow/example_dags/example_branch_operator.py took 0.126 seconds
[2026-08-24T14:16:04.883+0000] {processor.py:161} INFO - Started process (PID=433) to work on /home/airflow/.local/lib/python3.12/site-packages/airflow/example_dags/example_branch_operator.py
[2026-08-24T14:16:04.884+0000] {processor.py:830} INFO - Processing file /home/airflow/.local/lib/python3.12/site-packages/airflow/example_dags/example_branch_operator.py for tasks to queue
[2026-08-24T14:16:04.886+0000] {logging_mixin.py:188} INFO - [2026-08-24T14:16:04.886+0000] {dagbag.py:545} INFO - Filling up the DagBag from /home/airflow/.local/lib/python3.12/site-packages/airflow/example_dags/example_branch_operator.py
[2026-08-24T14:16:04.908+0000] {processor.py:840} INFO - DAG(s) 'example_branch_operator' retrieved from /home/airflow/.local/lib/python3.12/site-packages/airflow/example_dags/example_branch_operator.py
[2026-08-24T14:16:04.947+0000] {logging_mixin.py:188} INFO - [2026-08-24T14:16:04.946+0000] {dag.py:3096} INFO - Sync 1 DAGs
[2026-08-24T14:16:04.981+0000] {logging_mixin.py:188} INFO - [2026-08-24T14:16:04.980+0000] {dag.py:3954} INFO - Setting next_dagrun for example_branch_operator to 2026-08-23 00:00:00+00:00, run_after=2026-08-24 00:00:00+00:00
[2026-08-24T14:16:05.010+0000] {processor.py:183} INFO - Processing /home/airflow/.local/lib/python3.12/site-packages/airflow/example_dags/example_branch_operator.py took 0.136 seconds
[2026-08-24T14:16:35.143+0000] {processor.py:161} INFO - Started process (PID=492) to work on /home/airflow/.local/lib/python3.12/site-packages/airflow/example_dags/example_branch_operator.py
[2026-08-24T14:16:35.145+0000] {processor.py:830} INFO - Processing file /home/airflow/.local/lib/python3.12/site-packages/airflow/example_dags/example_branch_operator.py for tasks to queue
[2026-08-24T14:16:35.149+0000] {logging_mixin.py:188} INFO - [2026-08-24T14:16:35.149+0000] {dagbag.py:545} INFO - Filling up the DagBag from /home/airflow/.local/lib/python3.12/site-packages/airflow/example_dags/example_branch_operator.py
[2026-08-24T14:16:35.178+0000] {processor.py:840} INFO - DAG(s) 'example_branch_operator' retrieved from /home/airflow/.local/lib/python3.12/site-packages/airflow/example_dags/example_branch_operator.py
[2026-08-24T14:16:35.218+0000] {logging_mixin.py:188} INFO - [2026-08-24T14:16:35.217+0000] {dag.py:3096} INFO - Sync 1 DAGs
[2026-08-24T14:16:35.248+0000] {logging_mixin.py:188} INFO - [2026-08-24T14:16:35.247+0000] {dag.py:3954} INFO - Setting next_dagrun for example_branch_operator to 2026-08-23 00:00:00+00:00, run_after=2026-08-24 00:00:00+00:00
[2026-08-24T14:16:35.275+0000] {processor.py:183} INFO - Processing /home/airflow/.local/lib/python3.12/site-packages/airflow/example_dags/example_branch_operator.py took 0.141 seconds
[2026-08-24T14:17:05.504+0000] {processor.py:161} INFO - Started process (PID=551) to work on /home/airflow/.local/lib/python3.12/site-packages/airflow/example_dags/example_branch_operator.py
[2026-08-24T14:17:05.506+0000] {processor.py:830} INFO - Processing file /home/airflow/.local/lib/python3.12/site-packages/airflow/example_dags/example_branch_operator.py for tasks to queue
[2026-08-24T14:17:05.512+0000] {logging_mixin.py:188} INFO - [2026-08-24T14:17:05.511+0000] {dagbag.py:545} INFO - Filling up the DagBag from /home/airflow/.local/lib/python3.12/site-packages/airflow/example_dags/example_branch_operator.py
[2026-08-24T14:17:05.560+0000] {processor.py:840} INFO - DAG(s) 'example_branch_operator' retrieved from /home/airflow/.local/lib/python3.12/site-packages/airflow/example_dags/example_branch_operator.py
[2026-08-24T14:17:05.629+0000] {logging_mixin.py:188} INFO - [2026-08-24T14:17:05.629+0000] {dag.py:3096} INFO - Sync 1 DAGs
[2026-08-24T14:17:05.685+0000] {logging_mixin.py:188} INFO - [2026-08-24T14:17:05.684+0000] {dag.py:3954} INFO - Setting next_dagrun for example_branch_operator to 2026-08-23 00:00:00+00:00, run_after=2026-08-24 00:00:00+00:00
[2026-08-24T14:17:05.738+0000] {processor.py:183} INFO - Processing /home/airflow/.local/lib/python3.12/site-packages/airflow/example_dags/example_branch_operator.py took 0.246 seconds
[2026-08-24T14:17:36.571+0000] {processor.py:161} INFO - Started process (PID=616) to work on /home/airflow/.local/lib/python3.12/site-packages/airflow/example_dags/example_branch_operator.py
[2026-08-24T14:17:36.572+0000] {processor.py:830} INFO - Processing file /home/airflow/.local/lib/python3.12/site-packages/airflow/example_dags/example_branch_operator.py for tasks to queue
[2026-08-24T14:17:36.575+0000] {logging_mixin.py:188} INFO - [2026-08-24T14:17:36.575+0000] {dagbag.py:545} INFO - Filling up the DagBag from /home/airflow/.local/lib/python3.12/site-packages/airflow/example_dags/example_branch_operator.py
[2026-08-24T14:17:36.614+0000] {processor.py:840} INFO - DAG(s) 'example_branch_operator' retrieved from /home/airflow/.local/lib/python3.12/site-packages/airflow/example_dags/example_branch_operator.py
[2026-08-24T14:17:36.661+0000] {logging_mixin.py:188} INFO - [2026-08-24T14:17:36.661+0000] {dag.py:3096} INFO - Sync 1 DAGs
[2026-08-24T14:17:36.707+0000] {logging_mixin.py:188} INFO - [2026-08-24T14:17:36.706+0000] {dag.py:3954} INFO - Setting next_dagrun for example_branch_operator to 2026-08-23 00:00:00+00:00, run_after=2026-08-24 00:00:00+00:00
[2026-08-24T14:17:36.744+0000] {processor.py:183} INFO - Processing /home/airflow/.local/lib/python3.12/site-packages/airflow/example_dags/example_branch_operator.py took 0.183 seconds
[2026-08-24T14:18:07.408+0000] {processor.py:161} INFO - Started process (PID=675) to work on /home/airflow/.local/lib/python3.12/site-packages/airflow/example_dags/example_branch_operator.py
[2026-08-24T14:18:07.409+0000] {processor.py:830} INFO - Processing file /home/airflow/.local/lib/python3.12/site-packages/airflow/example_dags/example_branch_operator.py for tasks to queue
[2026-08-24T14:18:07.412+0000] {logging_mixin.py:188} INFO - [2026-08-24T14:18:07.411+0000] {dagbag.py:545} INFO - Filling up the DagBag from /home/airflow/.local/lib/python3.12/site-packages/airflow/example_dags/example_branch_operator.py
[2026-08-24T14:18:07.440+0000] {processor.py:840} INFO - DAG(s) 'example_branch_operator' retrieved from /home/airflow/.local/lib/python3.12/site-packages/airflow/example_dags/example_branch_operator.py
[2026-08-24T14:18:07.483+0000] {logging_mixin.py:188} INFO - [2026-08-24T14:18:07.483+0000] {dag.py:3096} INFO - Sync 1 DAGs
[2026-08-24T14:18:07.518+0000] {logging_mixin.py:188} INFO - [2026-08-24T14:18:07.518+0000] {dag.py:3954} INFO - Setting next_dagrun for example_branch_operator to 2026-08-23 00:00:00+00:00, run_after=2026-08-24 00:00:00+00:00
[2026-08-24T14:18:07.546+0000] {processor.py:183} INFO - Processing /home/airflow/.local/lib/python3.12/site-packages/airflow/example_dags/example_branch_operator.py took 0.149 seconds
[2026-08-24T14:18:38.523+0000] {processor.py:161} INFO - Started process (PID=735) to work on /home/airflow/.local/lib/python3.12/site-packages/airflow/example_dags/example_branch_operator.py
[2026-08-24T14:18:38.526+0000] {processor.py:830} INFO - Processing file /home/airflow/.local/lib/python3.12/site-packages/airflow/example_dags/example_branch_operator.py for tasks to queue
[2026-08-24T14:18:38.531+0000] {logging_mixin.py:188} INFO - [2026-08-24T14:18:38.530+0000] {dagbag.py:545} INFO - Filling up the DagBag from /home/airflow/.local/lib/python3.12/site-packages/airflow/example_dags/example_branch_operator.py
[2026-08-24T14:18:38.586+0000] {processor.py:840} INFO - DAG(s) 'example_branch_operator' retrieved from /home/airflow/.local/lib/python3.12/site-packages/airflow/example_dags/example_branch_operator.py
[2026-08-24T14:18:38.669+0000] {logging_mixin.py:188} INFO - [2026-08-24T14:18:38.668+0000] {dag.py:3096} INFO - Sync 1 DAGs
[2026-08-24T14:18:38.710+0000] {logging_mixin.py:188} INFO - [2026-08-24T14:18:38.709+0000] {dag.py:3954} INFO - Setting next_dagrun for example_branch_operator to 2026-08-23 00:00:00+00:00, run_after=2026-08-24 00:00:00+00:00
[2026-08-24T14:18:38.739+0000] {processor.py:183} INFO - Processing /home/airflow/.local/lib/python3.12/site-packages/airflow/example_dags/example_branch_operator.py took 0.231 seconds
[2026-08-24T14:19:09.222+0000] {processor.py:161} INFO - Started process (PID=795) to work on /home/airflow/.local/lib/python3.12/site-packages/airflow/example_dags/example_branch_operator.py
[2026-08-24T14:19:09.223+0000] {processor.py:830} INFO - Processing file /home/airflow/.local/lib/python3.12/site-packages/airflow/example_dags/example_branch_operator.py for tasks to queue
[2026-08-24T14:19:09.227+0000] {logging_mixin.py:188} INFO - [2026-08-24T14:19:09.226+0000] {dagbag.py:545} INFO - Filling up the DagBag from /home/airflow/.local/lib/python3.12/site-packages/airflow/example_dags/example_branch_operator.py
[2026-08-24T14:19:09.258+0000] {processor.py:840} INFO - DAG(s) 'example_branch_operator' retrieved from /home/airflow/.local/lib/python3.12/site-packages/airflow/example_dags/example_branch_operator.py
[2026-08-24T14:19:09.310+0000] {logging_mixin.py:188} INFO - [2026-08-24T14:19:09.310+0000] {dag.py:3096} INFO - Sync 1 DAGs
[2026-08-24T14:19:09.351+0000] {logging_mixin.py:188} INFO - [2026-08-24T14:19:09.350+0000] {dag.py:3954} INFO - Setting next_dagrun for example_branch_operator to 2026-08-23 00:00:00+00:00, run_after=2026-08-24 00:00:00+00:00
[2026-08-24T14:19:09.391+0000] {processor.py:183} INFO - Processing /home/airflow/.local/lib/python3.12/site-packages/airflow/example_dags/example_branch_operator.py took 0.180 seconds
[2026-08-24T14:19:40.074+0000] {processor.py:161} INFO - Started process (PID=855) to work on /home/airflow/.local/lib/python3.12/site-packages/airflow/example_dags/example_branch_operator.py
[2026-08-24T14:19:40.075+0000] {processor.py:830} INFO - Processing file /home/airflow/.local/lib/python3.12/site-packages/airflow/example_dags/example_branch_operator.py for tasks to queue
[2026-08-24T14:19:40.078+0000] {logging_mixin.py:188} INFO - [2026-08-24T14:19:40.078+0000] {dagbag.py:545} INFO - Filling up the DagBag from /home/airflow/.local/lib/python3.12/site-packages/airflow/example_dags/example_branch_operator.py
[2026-08-24T14:19:40.101+0000] {processor.py:840} INFO - DAG(s) 'example_branch_operator' retrieved from /home/airflow/.local/lib/python3.12/site-packages/airflow/example_dags/example_branch_operator.py
[2026-08-24T14:19:40.140+0000] {logging_mixin.py:188} INFO - [2026-08-24T14:19:40.140+0000] {dag.py:3096} INFO - Sync 1 DAGs
[2026-08-24T14:19:40.174+0000] {logging_mixin.py:188} INFO - [2026-08-24T14:19:40.174+0000] {dag.py:3954} INFO - Setting next_dagrun for example_branch_operator to 2026-08-23 00:00:00+00:00, run_after=2026-08-24 00:00:00+00:00
[2026-08-24T14:19:40.202+0000] {processor.py:183} INFO - Processing /home/airflow/.local/lib/python3.12/site-packages/airflow/example_dags/example_branch_operator.py took 0.135 seconds
[2026-08-24T14:20:10.320+0000] {processor.py:161} INFO - Started process (PID=916) to work on /home/airflow/.local/lib/python3.12/site-packages/airflow/example_dags/example_branch_operator.py
[2026-08-24T14:20:10.321+0000] {processor.py:830} INFO - Processing file /home/airflow/.local/lib/python3.12/site-packages/airflow/example_dags/example_branch_operator.py for tasks to queue
[2026-08-24T14:20:10.324+0000] {logging_mixin.py:188} INFO - [2026-08-24T14:20:10.324+0000] {dagbag.py:545} INFO - Filling up the DagBag from /home/airflow/.local/lib/python3.12/site-packages/airflow/example_dags/example_branch_operator.py
[2026-08-24T14:20:10.353+0000] {processor.py:840} INFO - DAG(s) 'example_branch_operator' retrieved from /home/airflow/.local/lib/python3.12/site-packages/airflow/example_dags/example_branch_operator.py
[2026-08-24T14:20:10.399+0000] {logging_mixin.py:188} INFO - [2026-08-24T14:20:10.399+0000] {dag.py:3096} INFO - Sync 1 DAGs
[2026-08-24T14:20:10.436+0000] {logging_mixin.py:188} INFO - [2026-08-24T14:20:10.436+0000] {dag.py:3954} INFO - Setting next_dagrun for example_branch_operator to 2026-08-23 00:00:00+00:00, run_after=2026-08-24 00:00:00+00:00
[2026-08-24T14:20:10.464+0000] {processor.py:183} INFO - Processing /home/airflow/.local/lib/python3.12/site-packages/airflow/example_dags/example_branch_operator.py took 0.153 seconds
[2026-08-24T14:22:22.568+0000] {processor.py:161} INFO - Started process (PID=137) to work on /home/airflow/.local/lib/python3.12/site-packages/airflow/example_dags/example_branch_operator.py
[2026-08-24T14:22:22.570+0000] {processor.py:830} INFO - Processing file /home/airflow/.local/lib/python3.12/site-packages/airflow/example_dags/example_branch_operator.py for tasks to queue
[2026-08-24T14:22:22.572+0000] {logging_mixin.py:188} INFO - [2026-08-24T14:22:22.572+0000] {dagbag.py:545} INFO - Filling up the DagBag from /home/airflow/.local/lib/python3.12/site-packages/airflow/example_dags/example_branch_operator.py
[2026-08-24T14:22:22.596+0000] {processor.py:840} INFO - DAG(s) 'example_branch_operator' retrieved from /home/airflow/.local/lib/python3.12/site-packages/airflow/example_dags/example_branch_operator.py
[2026-08-24T14:22:22.758+0000] {logging_mixin.py:188} INFO - [2026-08-24T14:22:22.757+0000] {dag.py:3096} INFO - Sync 1 DAGs
[2026-08-24T14:22:22.790+0000] {logging_mixin.py:188} INFO - [2026-08-24T14:22:22.789+0000] {dag.py:3954} INFO - Setting next_dagrun for example_branch_operator to 2026-08-23 00:00:00+00:00, run_after=2026-08-24 00:00:00+00:00
[2026-08-24T14:22:22.858+0000] {processor.py:183} INFO - Processing /home/airflow/.local/lib/python3.12/site-packages/airflow/example_dags/example_branch_operator.py took 0.297 seconds
[2026-08-24T14:23:03.925+0000] {processor.py:161} INFO - Started process (PID=122) to work on /home/airflow/.local/lib/python3.12/site-packages/airflow/example_dags/example_branch_operator.py
[2026-08-24T14:23:03.926+0000] {processor.py:830} INFO - Processing file /home/airflow/.local/lib/python3.12/site-packages/airflow/example_dags/example_branch_operator.py for tasks to queue
[2026-08-24T14:23:03.929+0000] {logging_mixin.py:188} INFO - [2026-08-24T14:23:03.929+0000] {dagbag.py:545} INFO - Filling up the DagBag from /home/airflow/.local/lib/python3.12/site-packages/airflow/example_dags/example_branch_operator.py
[2026-08-24T14:23:03.958+0000] {processor.py:840} INFO - DAG(s) 'example_branch_operator' retrieved from /home/airflow/.local/lib/python3.12/site-packages/airflow/example_dags/example_branch_operator.py
[2026-08-24T14:23:04.115+0000] {logging_mixin.py:188} INFO - [2026-08-24T14:23:04.115+0000] {dag.py:3096} INFO - Sync 1 DAGs
[2026-08-24T14:23:04.148+0000] {logging_mixin.py:188} INFO - [2026-08-24T14:23:04.148+0000] {dag.py:3954} INFO - Setting next_dagrun for example_branch_operator to 2026-08-23 00:00:00+00:00, run_after=2026-08-24 00:00:00+00:00
[2026-08-24T14:23:04.174+0000] {processor.py:183} INFO - Processing /home/airflow/.local/lib/python3.12/site-packages/airflow/example_dags/example_branch_operator.py took 0.257 seconds
[2026-08-24T14:23:35.420+0000] {processor.py:161} INFO - Started process (PID=182) to work on /home/airflow/.local/lib/python3.12/site-packages/airflow/example_dags/example_branch_operator.py
[2026-08-24T14:23:35.423+0000] {processor.py:830} INFO - Processing file /home/airflow/.local/lib/python3.12/site-packages/airflow/example_dags/example_branch_operator.py for tasks to queue
[2026-08-24T14:23:35.429+0000] {logging_mixin.py:188} INFO - [2026-08-24T14:23:35.428+0000] {dagbag.py:545} INFO - Filling up the DagBag from /home/airflow/.local/lib/python3.12/site-packages/airflow/example_dags/example_branch_operator.py
[2026-08-24T14:23:35.488+0000] {processor.py:840} INFO - DAG(s) 'example_branch_operator' retrieved from /home/airflow/.local/lib/python3.12/site-packages/airflow/example_dags/example_branch_operator.py
[2026-08-24T14:23:35.581+0000] {logging_mixin.py:188} INFO - [2026-08-24T14:23:35.580+0000] {dag.py:3096} INFO - Sync 1 DAGs
[2026-08-24T14:23:35.638+0000] {logging_mixin.py:188} INFO - [2026-08-24T14:23:35.637+0000] {dag.py:3954} INFO - Setting next_dagrun for example_branch_operator to 2026-08-23 00:00:00+00:00, run_after=2026-08-24 00:00:00+00:00
[2026-08-24T14:23:35.691+0000] {processor.py:183} INFO - Processing /home/airflow/.local/lib/python3.12/site-packages/airflow/example_dags/example_branch_operator.py took 0.287 seconds
[2026-08-24T14:24:06.374+0000] {processor.py:161} INFO - Started process (PID=242) to work on /home/airflow/.local/lib/python3.12/site-packages/airflow/example_dags/example_branch_operator.py
[2026-08-24T14:24:06.376+0000] {processor.py:830} INFO - Processing file /home/airflow/.local/lib/python3.12/site-packages/airflow/example_dags/example_branch_operator.py for tasks to queue
[2026-08-24T14:24:06.379+0000] {logging_mixin.py:188} INFO - [2026-08-24T14:24:06.378+0000] {dagbag.py:545} INFO - Filling up the DagBag from /home/airflow/.local/lib/python3.12/site-packages/airflow/example_dags/example_branch_operator.py
[2026-08-24T14:24:06.408+0000] {processor.py:840} INFO - DAG(s) 'example_branch_operator' retrieved from /home/airflow/.local/lib/python3.12/site-packages/airflow/example_dags/example_branch_operator.py
[2026-08-24T14:24:06.452+0000] {logging_mixin.py:188} INFO - [2026-08-24T14:24:06.452+0000] {dag.py:3096} INFO - Sync 1 DAGs
[2026-08-24T14:24:06.492+0000] {logging_mixin.py:188} INFO - [2026-08-24T14:24:06.491+0000] {dag.py:3954} INFO - Setting next_dagrun for example_branch_operator to 2026-08-23 00:00:00+00:00, run_after=2026-08-24 00:00:00+00:00
[2026-08-24T14:24:06.521+0000] {processor.py:183} INFO - Processing /home/airflow/.local/lib/python3.12/site-packages/airflow/example_dags/example_branch_operator.py took 0.159 seconds
[2026-08-24T14:24:37.361+0000] {processor.py:161} INFO - Started process (PID=302) to work on /home/airflow/.local/lib/python3.12/site-packages/airflow/example_dags/example_branch_operator.py
[2026-08-24T14:24:37.362+0000] {processor.py:830} INFO - Processing file /home/airflow/.local/lib/python3.12/site-packages/airflow/example_dags/example_branch_operator.py for tasks to queue
[2026-08-24T14:24:37.365+0000] {logging_mixin.py:188} INFO - [2026-08-24T14:24:37.364+0000] {dagbag.py:545} INFO - Filling up the DagBag from /home/airflow/.local/lib/python3.12/site-packages/airflow/example_dags/example_branch_operator.py
[2026-08-24T14:24:37.389+0000] {processor.py:840} INFO - DAG(s) 'example_branch_operator' retrieved from /home/airflow/.local/lib/python3.12/site-packages/airflow/example_dags/example_branch_operator.py
[2026-08-24T14:24:37.428+0000] {logging_mixin.py:188} INFO - [2026-08-24T14:24:37.427+0000] {dag.py:3096} INFO - Sync 1 DAGs
[2026-08-24T14:24:37.457+0000] {logging_mixin.py:188} INFO - [2026-08-24T14:24:37.456+0000] {dag.py:3954} INFO - Setting next_dagrun for example_branch_operator to 2026-08-23 00:00:00+00:00, run_after=2026-08-24 00:00:00+00:00
[2026-08-24T14:24:37.480+0000] {processor.py:183} INFO - Processing /home/airflow/.local/lib/python3.12/site-packages/airflow/example_dags/example_branch_operator.py took 0.127 seconds
[2026-08-24T14:25:08.253+0000] {processor.py:161} INFO - Started process (PID=362) to work on /home/airflow/.local/lib/python3.12/site-packages/airflow/example_dags/example_branch_operator.py
[2026-08-24T14:25:08.254+0000] {processor.py:830} INFO - Processing file /home/airflow/.local/lib/python3.12/site-packages/airflow/example_dags/example_branch_operator.py for tasks to queue
[2026-08-24T14:25:08.257+0000] {logging_mixin.py:188} INFO - [2026-08-24T14:25:08.256+0000] {dagbag.py:545} INFO - Filling up the DagBag from /home/airflow/.local/lib/python3.12/site-packages/airflow/example_dags/example_branch_operator.py
[2026-08-24T14:25:08.283+0000] {processor.py:840} INFO - DAG(s) 'example_branch_operator' retrieved from /home/airflow/.local/lib/python3.12/site-packages/airflow/example_dags/example_branch_operator.py
[2026-08-24T14:25:08.319+0000] {logging_mixin.py:188} INFO - [2026-08-24T14:25:08.319+0000] {dag.py:3096} INFO - Sync 1 DAGs
[2026-08-24T14:25:08.347+0000] {logging_mixin.py:188} INFO - [2026-08-24T14:25:08.347+0000] {dag.py:3954} INFO - Setting next_dagrun for example_branch_operator to 2026-08-23 00:00:00+00:00, run_after=2026-08-24 00:00:00+00:00
[2026-08-24T14:25:08.371+0000] {processor.py:183} INFO - Processing /home/airflow/.local/lib/python3.12/site-packages/airflow/example_dags/example_branch_operator.py took 0.127 seconds
[2026-08-24T14:25:39.385+0000] {processor.py:161} INFO - Started process (PID=422) to work on /home/airflow/.local/lib/python3.12/site-packages/airflow/example_dags/example_branch_operator.py
[2026-08-24T14:25:39.386+0000] {processor.py:830} INFO - Processing file /home/airflow/.local/lib/python3.12/site-packages/airflow/example_dags/example_branch_operator.py for tasks to queue
[2026-08-24T14:25:39.389+0000] {logging_mixin.py:188} INFO - [2026-08-24T14:25:39.388+0000] {dagbag.py:545} INFO - Filling up the DagBag from /home/airflow/.local/lib/python3.12/site-packages/airflow/example_dags/example_branch_operator.py
[2026-08-24T14:25:39.410+0000] {processor.py:840} INFO - DAG(s) 'example_branch_operator' retrieved from /home/airflow/.local/lib/python3.12/site-packages/airflow/example_dags/example_branch_operator.py
[2026-08-24T14:25:39.450+0000] {logging_mixin.py:188} INFO - [2026-08-24T14:25:39.450+0000] {dag.py:3096} INFO - Sync 1 DAGs
[2026-08-24T14:25:39.482+0000] {logging_mixin.py:188} INFO - [2026-08-24T14:25:39.481+0000] {dag.py:3954} INFO - Setting next_dagrun for example_branch_operator to 2026-08-23 00:00:00+00:00, run_after=2026-08-24 00:00:00+00:00
[2026-08-24T14:25:39.518+0000] {processor.py:183} INFO - Processing /home/airflow/.local/lib/python3.12/site-packages/airflow/example_dags/example_branch_operator.py took 0.141 seconds
[2026-08-24T14:26:10.454+0000] {processor.py:161} INFO - Started process (PID=482) to work on /home/airflow/.local/lib/python3.12/site-packages/airflow/example_dags/example_branch_operator.py
[2026-08-24T14:26:10.456+0000] {processor.py:830} INFO - Processing file /home/airflow/.local/lib/python3.12/site-packages/airflow/example_dags/example_branch_operator.py for tasks to queue
[2026-08-24T14:26:10.459+0000] {logging_mixin.py:188} INFO - [2026-08-24T14:26:10.459+0000] {dagbag.py:545} INFO - Filling up the DagBag from /home/airflow/.local/lib/python3.12/site-packages/airflow/example_dags/example_branch_operator.py
[2026-08-24T14:26:10.481+0000] {processor.py:840} INFO - DAG(s) 'example_branch_operator' retrieved from /home/airflow/.local/lib/python3.12/site-packages/airflow/example_dags/example_branch_operator.py
[2026-08-24T14:26:10.517+0000] {logging_mixin.py:188} INFO - [2026-08-24T14:26:10.516+0000] {dag.py:3096} INFO - Sync 1 DAGs
[2026-08-24T14:26:10.547+0000] {logging_mixin.py:188} INFO - [2026-08-24T14:26:10.547+0000] {dag.py:3954} INFO - Setting next_dagrun for example_branch_operator to 2026-08-23 00:00:00+00:00, run_after=2026-08-24 00:00:00+00:00
[2026-08-24T14:26:10.573+0000] {processor.py:183} INFO - Processing /home/airflow/.local/lib/python3.12/site-packages/airflow/example_dags/example_branch_operator.py took 0.126 seconds
[2026-08-24T14:26:41.146+0000] {processor.py:161} INFO - Started process (PID=542) to work on /home/airflow/.local/lib/python3.12/site-packages/airflow/example_dags/example_branch_operator.py
[2026-08-24T14:26:41.148+0000] {processor.py:830} INFO - Processing file /home/airflow/.local/lib/python3.12/site-packages/airflow/example_dags/example_branch_operator.py for tasks to queue
[2026-08-24T14:26:41.151+0000] {logging_mixin.py:188} INFO - [2026-08-24T14:26:41.150+0000] {dagbag.py:545} INFO - Filling up the DagBag from /home/airflow/.local/lib/python3.12/site-packages/airflow/example_dags/example_branch_operator.py
[2026-08-24T14:26:41.175+0000] {processor.py:840} INFO - DAG(s) 'example_branch_operator' retrieved from /home/airflow/.local/lib/python3.12/site-packages/airflow/example_dags/example_branch_operator.py
[2026-08-24T14:26:41.216+0000] {logging_mixin.py:188} INFO - [2026-08-24T14:26:41.215+0000] {dag.py:3096} INFO - Sync 1 DAGs
[2026-08-24T14:26:41.247+0000] {logging_mixin.py:188} INFO - [2026-08-24T14:26:41.247+0000] {dag.py:3954} INFO - Setting next_dagrun for example_branch_operator to 2026-08-23 00:00:00+00:00, run_after=2026-08-24 00:00:00+00:00
[2026-08-24T14:26:41.276+0000] {processor.py:183} INFO - Processing /home/airflow/.local/lib/python3.12/site-packages/airflow/example_dags/example_branch_operator.py took 0.137 seconds
[2026-08-24T14:27:11.740+0000] {processor.py:161} INFO - Started process (PID=602) to work on /home/airflow/.local/lib/python3.12/site-packages/airflow/example_dags/example_branch_operator.py
[2026-08-24T14:27:11.741+0000] {processor.py:830} INFO - Processing file /home/airflow/.local/lib/python3.12/site-packages/airflow/example_dags/example_branch_operator.py for tasks to queue
[2026-08-24T14:27:11.744+0000] {logging_mixin.py:188} INFO - [2026-08-24T14:27:11.743+0000] {dagbag.py:545} INFO - Filling up the DagBag from /home/airflow/.local/lib/python3.12/site-packages/airflow/example_dags/example_branch_operator.py
[2026-08-24T14:27:11.766+0000] {processor.py:840} INFO - DAG(s) 'example_branch_operator' retrieved from /home/airflow/.local/lib/python3.12/site-packages/airflow/example_dags/example_branch_operator.py
[2026-08-24T14:27:11.801+0000] {logging_mixin.py:188} INFO - [2026-08-24T14:27:11.801+0000] {dag.py:3096} INFO - Sync 1 DAGs
[2026-08-24T14:27:11.828+0000] {logging_mixin.py:188} INFO - [2026-08-24T14:27:11.828+0000] {dag.py:3954} INFO - Setting next_dagrun for example_branch_operator to 2026-08-23 00:00:00+00:00, run_after=2026-08-24 00:00:00+00:00
[2026-08-24T14:27:11.851+0000] {processor.py:183} INFO - Processing /home/airflow/.local/lib/python3.12/site-packages/airflow/example_dags/example_branch_operator.py took 0.118 seconds
[2026-08-24T14:27:42.560+0000] {processor.py:161} INFO - Started process (PID=662) to work on /home/airflow/.local/lib/python3.12/site-packages/airflow/example_dags/example_branch_operator.py
[2026-08-24T14:27:42.563+0000] {processor.py:830} INFO - Processing file /home/airflow/.local/lib/python3.12/site-packages/airflow/example_dags/example_branch_operator.py for tasks to queue
[2026-08-24T14:27:42.567+0000] {logging_mixin.py:188} INFO - [2026-08-24T14:27:42.566+0000] {dagbag.py:545} INFO - Filling up the DagBag from /home/airflow/.local/lib/python3.12/site-packages/airflow/example_dags/example_branch_operator.py
[2026-08-24T14:27:42.600+0000] {processor.py:840} INFO - DAG(s) 'example_branch_operator' retrieved from /home/airflow/.local/lib/python3.12/site-packages/airflow/example_dags/example_branch_operator.py
[2026-08-24T14:27:42.635+0000] {logging_mixin.py:188} INFO - [2026-08-24T14:27:42.635+0000] {dag.py:3096} INFO - Sync 1 DAGs
[2026-08-24T14:27:42.664+0000] {logging_mixin.py:188} INFO - [2026-08-24T14:27:42.664+0000] {dag.py:3954} INFO - Setting next_dagrun for example_branch_operator to 2026-08-23 00:00:00+00:00, run_after=2026-08-24 00:00:00+00:00
[2026-08-24T14:27:42.688+0000] {processor.py:183} INFO - Processing /home/airflow/.local/lib/python3.12/site-packages/airflow/example_dags/example_branch_operator.py took 0.145 seconds
[2026-08-24T14:28:13.219+0000] {processor.py:161} INFO - Started process (PID=721) to work on /home/airflow/.local/lib/python3.12/site-packages/airflow/example_dags/example_branch_operator.py
[2026-08-24T14:28:13.220+0000] {processor.py:830} INFO - Processing file /home/airflow/.local/lib/python3.12/site-packages/airflow/example_dags/example_branch_operator.py for tasks to queue
[2026-08-24T14:28:13.223+0000] {logging_mixin.py:188} INFO - [2026-08-24T14:28:13.222+0000] {dagbag.py:545} INFO - Filling up the DagBag from /home/airflow/.local/lib/python3.12/site-packages/airflow/example_dags/example_branch_operator.py
[2026-08-24T14:28:13.244+0000] {processor.py:840} INFO - DAG(s) 'example_branch_operator' retrieved from /home/airflow/.local/lib/python3.12/site-packages/airflow/example_dags/example_branch_operator.py
[2026-08-24T14:28:13.281+0000] {logging_mixin.py:188} INFO - [2026-08-24T14:28:13.281+0000] {dag.py:3096} INFO - Sync 1 DAGs
[2026-08-24T14:28:13.308+0000] {logging_mixin.py:188} INFO - [2026-08-24T14:28:13.308+0000] {dag.py:3954} INFO - Setting next_dagrun for example_branch_operator to 2026-08-23 00:00:00+00:00, run_after=2026-08-24 00:00:00+00:00
[2026-08-24T14:28:13.332+0000] {processor.py:183} INFO - Processing /home/airflow/.local/lib/python3.12/site-packages/airflow/example_dags/example_branch_operator.py took 0.121 seconds
[2026-08-24T14:28:43.529+0000] {processor.py:161} INFO - Started process (PID=780) to work on /home/airflow/.local/lib/python3.12/site-packages/airflow/example_dags/example_branch_operator.py
[2026-08-24T14:28:43.530+0000] {processor.py:830} INFO - Processing file /home/airflow/.local/lib/python3.12/site-packages/airflow/example_dags/example_branch_operator.py for tasks to queue
[2026-08-24T14:28:43.533+0000] {logging_mixin.py:188} INFO - [2026-08-24T14:28:43.532+0000] {dagbag.py:545} INFO - Filling up the DagBag from /home/airflow/.local/lib/python3.12/site-packages/airflow/example_dags/example_branch_operator.py
[2026-08-24T14:28:43.556+0000] {processor.py:840} INFO - DAG(s) 'example_branch_operator' retrieved from /home/airflow/.local/lib/python3.12/site-packages/airflow/example_dags/example_branch_operator.py
[2026-08-24T14:28:43.591+0000] {logging_mixin.py:188} INFO - [2026-08-24T14:28:43.591+0000] {dag.py:3096} INFO - Sync 1 DAGs
[2026-08-24T14:28:43.626+0000] {logging_mixin.py:188} INFO - [2026-08-24T14:28:43.626+0000] {dag.py:3954} INFO - Setting next_dagrun for example_branch_operator to 2026-08-23 00:00:00+00:00, run_after=2026-08-24 00:00:00+00:00
[2026-08-24T14:28:43.651+0000] {processor.py:183} INFO - Processing /home/airflow/.local/lib/python3.12/site-packages/airflow/example_dags/example_branch_operator.py took 0.130 seconds
[2026-08-24T14:29:13.940+0000] {processor.py:161} INFO - Started process (PID=840) to work on /home/airflow/.local/lib/python3.12/site-packages/airflow/example_dags/example_branch_operator.py
[2026-08-24T14:29:13.942+0000] {processor.py:830} INFO - Processing file /home/airflow/.local/lib/python3.12/site-packages/airflow/example_dags/example_branch_operator.py for tasks to queue
[2026-08-24T14:29:13.946+0000] {logging_mixin.py:188} INFO - [2026-08-24T14:29:13.945+0000] {dagbag.py:545} INFO - Filling up the DagBag from /home/airflow/.local/lib/python3.12/site-packages/airflow/example_dags/example_branch_operator.py
[2026-08-24T14:29:13.975+0000] {processor.py:840} INFO - DAG(s) 'example_branch_operator' retrieved from /home/airflow/.local/lib/python3.12/site-packages/airflow/example_dags/example_branch_operator.py
[2026-08-24T14:29:14.021+0000] {logging_mixin.py:188} INFO - [2026-08-24T14:29:14.020+0000] {dag.py:3096} INFO - Sync 1 DAGs
[2026-08-24T14:29:14.058+0000] {logging_mixin.py:188} INFO - [2026-08-24T14:29:14.058+0000] {dag.py:3954} INFO - Setting next_dagrun for example_branch_operator to 2026-08-23 00:00:00+00:00, run_after=2026-08-24 00:00:00+00:00
[2026-08-24T14:29:14.087+0000] {processor.py:183} INFO - Processing /home/airflow/.local/lib/python3.12/site-packages/airflow/example_dags/example_branch_operator.py took 0.157 seconds
[2026-08-24T14:29:44.526+0000] {processor.py:161} INFO - Started process (PID=901) to work on /home/airflow/.local/lib/python3.12/site-packages/airflow/example_dags/example_branch_operator.py
[2026-08-24T14:29:44.528+0000] {processor.py:830} INFO - Processing file /home/airflow/.local/lib/python3.12/site-packages/airflow/example_dags/example_branch_operator.py for tasks to queue
[2026-08-24T14:29:44.530+0000] {logging_mixin.py:188} INFO - [2026-08-24T14:29:44.530+0000] {dagbag.py:545} INFO - Filling up the DagBag from /home/airflow/.local/lib/python3.12/site-packages/airflow/example_dags/example_branch_operator.py
[2026-08-24T14:29:44.562+0000] {processor.py:840} INFO - DAG(s) 'example_branch_operator' retrieved from /home/airflow/.local/lib/python3.12/site-packages/airflow/example_dags/example_branch_operator.py
[2026-08-24T14:29:44.606+0000] {logging_mixin.py:188} INFO - [2026-08-24T14:29:44.606+0000] {dag.py:3096} INFO - Sync 1 DAGs
[2026-08-24T14:29:44.636+0000] {logging_mixin.py:188} INFO - [2026-08-24T14:29:44.636+0000] {dag.py:3954} INFO - Setting next_dagrun for example_branch_operator to 2026-08-23 00:00:00+00:00, run_after=2026-08-24 00:00:00+00:00
[2026-08-24T14:29:44.721+0000] {processor.py:183} INFO - Processing /home/airflow/.local/lib/python3.12/site-packages/airflow/example_dags/example_branch_operator.py took 0.201 seconds
[2026-08-24T14:30:15.108+0000] {processor.py:161} INFO - Started process (PID=961) to work on /home/airflow/.local/lib/python3.12/site-packages/airflow/example_dags/example_branch_operator.py
[2026-08-24T14:30:15.111+0000] {processor.py:830} INFO - Processing file /home/airflow/.local/lib/python3.12/site-packages/airflow/example_dags/example_branch_operator.py for tasks to queue
[2026-08-24T14:30:15.114+0000] {logging_mixin.py:188} INFO - [2026-08-24T14:30:15.114+0000] {dagbag.py:545} INFO - Filling up the DagBag from /home/airflow/.local/lib/python3.12/site-packages/airflow/example_dags/example_branch_operator.py
[2026-08-24T14:30:15.143+0000] {processor.py:840} INFO - DAG(s) 'example_branch_operator' retrieved from /home/airflow/.local/lib/python3.12/site-packages/airflow/example_dags/example_branch_operator.py
[2026-08-24T14:30:15.178+0000] {logging_mixin.py:188} INFO - [2026-08-24T14:30:15.178+0000] {dag.py:3096} INFO - Sync 1 DAGs
[2026-08-24T14:30:15.219+0000] {logging_mixin.py:188} INFO - [2026-08-24T14:30:15.219+0000] {dag.py:3954} INFO - Setting next_dagrun for example_branch_operator to 2026-08-23 00:00:00+00:00, run_after=2026-08-24 00:00:00+00:00
[2026-08-24T14:30:15.252+0000] {processor.py:183} INFO - Processing /home/airflow/.local/lib/python3.12/site-packages/airflow/example_dags/example_branch_operator.py took 0.151 seconds
[2026-08-24T14:30:45.579+0000] {processor.py:161} INFO - Started process (PID=1022) to work on /home/airflow/.local/lib/python3.12/site-packages/airflow/example_dags/example_branch_operator.py
[2026-08-24T14:30:45.580+0000] {processor.py:830} INFO - Processing file /home/airflow/.local/lib/python3.12/site-packages/airflow/example_dags/example_branch_operator.py for tasks to queue
[2026-08-24T14:30:45.583+0000] {logging_mixin.py:188} INFO - [2026-08-24T14:30:45.583+0000] {dagbag.py:545} INFO - Filling up the DagBag from /home/airflow/.local/lib/python3.12/site-packages/airflow/example_dags/example_branch_operator.py
[2026-08-24T14:30:45.604+0000] {processor.py:840} INFO - DAG(s) 'example_branch_operator' retrieved from /home/airflow/.local/lib/python3.12/site-packages/airflow/example_dags/example_branch_operator.py
[2026-08-24T14:30:45.642+0000] {logging_mixin.py:188} INFO - [2026-08-24T14:30:45.642+0000] {dag.py:3096} INFO - Sync 1 DAGs
[2026-08-24T14:30:45.671+0000] {logging_mixin.py:188} INFO - [2026-08-24T14:30:45.670+0000] {dag.py:3954} INFO - Setting next_dagrun for example_branch_operator to 2026-08-23 00:00:00+00:00, run_after=2026-08-24 00:00:00+00:00
[2026-08-24T14:30:45.758+0000] {processor.py:183} INFO - Processing /home/airflow/.local/lib/python3.12/site-packages/airflow/example_dags/example_branch_operator.py took 0.187 seconds
[2026-08-24T14:35:30.053+0000] {processor.py:161} INFO - Started process (PID=145) to work on /home/airflow/.local/lib/python3.12/site-packages/airflow/example_dags/example_branch_operator.py
[2026-08-24T14:35:30.055+0000] {processor.py:830} INFO - Processing file /home/airflow/.local/lib/python3.12/site-packages/airflow/example_dags/example_branch_operator.py for tasks to queue
[2026-08-24T14:35:30.058+0000] {logging_mixin.py:188} INFO - [2026-08-24T14:35:30.057+0000] {dagbag.py:545} INFO - Filling up the DagBag from /home/airflow/.local/lib/python3.12/site-packages/airflow/example_dags/example_branch_operator.py
[2026-08-24T14:35:30.085+0000] {processor.py:840} INFO - DAG(s) 'example_branch_operator' retrieved from /home/airflow/.local/lib/python3.12/site-packages/airflow/example_dags/example_branch_operator.py
[2026-08-24T14:35:30.246+0000] {logging_mixin.py:188} INFO - [2026-08-24T14:35:30.246+0000] {dag.py:3096} INFO - Sync 1 DAGs
[2026-08-24T14:35:30.271+0000] {logging_mixin.py:188} INFO - [2026-08-24T14:35:30.271+0000] {dag.py:3954} INFO - Setting next_dagrun for example_branch_operator to 2026-08-23 00:00:00+00:00, run_after=2026-08-24 00:00:00+00:00
[2026-08-24T14:35:30.298+0000] {processor.py:183} INFO - Processing /home/airflow/.local/lib/python3.12/site-packages/airflow/example_dags/example_branch_operator.py took 0.253 seconds
[2026-08-24T14:36:01.230+0000] {processor.py:161} INFO - Started process (PID=205) to work on /home/airflow/.local/lib/python3.12/site-packages/airflow/example_dags/example_branch_operator.py
[2026-08-24T14:36:01.232+0000] {processor.py:830} INFO - Processing file /home/airflow/.local/lib/python3.12/site-packages/airflow/example_dags/example_branch_operator.py for tasks to queue
[2026-08-24T14:36:01.234+0000] {logging_mixin.py:188} INFO - [2026-08-24T14:36:01.234+0000] {dagbag.py:545} INFO - Filling up the DagBag from /home/airflow/.local/lib/python3.12/site-packages/airflow/example_dags/example_branch_operator.py
[2026-08-24T14:36:01.257+0000] {processor.py:840} INFO - DAG(s) 'example_branch_operator' retrieved from /home/airflow/.local/lib/python3.12/site-packages/airflow/example_dags/example_branch_operator.py
[2026-08-24T14:36:01.291+0000] {logging_mixin.py:188} INFO - [2026-08-24T14:36:01.291+0000] {dag.py:3096} INFO - Sync 1 DAGs
[2026-08-24T14:36:01.321+0000] {logging_mixin.py:188} INFO - [2026-08-24T14:36:01.321+0000] {dag.py:3954} INFO - Setting next_dagrun for example_branch_operator to 2026-08-23 00:00:00+00:00, run_after=2026-08-24 00:00:00+00:00
[2026-08-24T14:36:01.346+0000] {processor.py:183} INFO - Processing /home/airflow/.local/lib/python3.12/site-packages/airflow/example_dags/example_branch_operator.py took 0.124 seconds
[2026-08-24T14:36:31.918+0000] {processor.py:161} INFO - Started process (PID=266) to work on /home/airflow/.local/lib/python3.12/site-packages/airflow/example_dags/example_branch_operator.py
[2026-08-24T14:36:31.922+0000] {processor.py:830} INFO - Processing file /home/airflow/.local/lib/python3.12/site-packages/airflow/example_dags/example_branch_operator.py for tasks to queue
[2026-08-24T14:36:31.927+0000] {logging_mixin.py:188} INFO - [2026-08-24T14:36:31.926+0000] {dagbag.py:545} INFO - Filling up the DagBag from /home/airflow/.local/lib/python3.12/site-packages/airflow/example_dags/example_branch_operator.py
[2026-08-24T14:36:31.967+0000] {processor.py:840} INFO - DAG(s) 'example_branch_operator' retrieved from /home/airflow/.local/lib/python3.12/site-packages/airflow/example_dags/example_branch_operator.py
[2026-08-24T14:36:32.030+0000] {logging_mixin.py:188} INFO - [2026-08-24T14:36:32.030+0000] {dag.py:3096} INFO - Sync 1 DAGs
[2026-08-24T14:36:32.099+0000] {logging_mixin.py:188} INFO - [2026-08-24T14:36:32.099+0000] {dag.py:3954} INFO - Setting next_dagrun for example_branch_operator to 2026-08-23 00:00:00+00:00, run_after=2026-08-24 00:00:00+00:00
[2026-08-24T14:36:32.135+0000] {processor.py:183} INFO - Processing /home/airflow/.local/lib/python3.12/site-packages/airflow/example_dags/example_branch_operator.py took 0.230 seconds
[2026-08-24T14:37:02.330+0000] {processor.py:161} INFO - Started process (PID=326) to work on /home/airflow/.local/lib/python3.12/site-packages/airflow/example_dags/example_branch_operator.py
[2026-08-24T14:37:02.332+0000] {processor.py:830} INFO - Processing file /home/airflow/.local/lib/python3.12/site-packages/airflow/example_dags/example_branch_operator.py for tasks to queue
[2026-08-24T14:37:02.335+0000] {logging_mixin.py:188} INFO - [2026-08-24T14:37:02.335+0000] {dagbag.py:545} INFO - Filling up the DagBag from /home/airflow/.local/lib/python3.12/site-packages/airflow/example_dags/example_branch_operator.py
[2026-08-24T14:37:02.360+0000] {processor.py:840} INFO - DAG(s) 'example_branch_operator' retrieved from /home/airflow/.local/lib/python3.12/site-packages/airflow/example_dags/example_branch_operator.py
[2026-08-24T14:37:02.405+0000] {logging_mixin.py:188} INFO - [2026-08-24T14:37:02.405+0000] {dag.py:3096} INFO - Sync 1 DAGs
[2026-08-24T14:37:02.440+0000] {logging_mixin.py:188} INFO - [2026-08-24T14:37:02.440+0000] {dag.py:3954} INFO - Setting next_dagrun for example_branch_operator to 2026-08-23 00:00:00+00:00, run_after=2026-08-24 00:00:00+00:00
[2026-08-24T14:37:02.683+0000] {processor.py:183} INFO - Processing /home/airflow/.local/lib/python3.12/site-packages/airflow/example_dags/example_branch_operator.py took 0.362 seconds
[2026-08-24T14:37:33.408+0000] {processor.py:161} INFO - Started process (PID=386) to work on /home/airflow/.local/lib/python3.12/site-packages/airflow/example_dags/example_branch_operator.py
[2026-08-24T14:37:33.409+0000] {processor.py:830} INFO - Processing file /home/airflow/.local/lib/python3.12/site-packages/airflow/example_dags/example_branch_operator.py for tasks to queue
[2026-08-24T14:37:33.411+0000] {logging_mixin.py:188} INFO - [2026-08-24T14:37:33.411+0000] {dagbag.py:545} INFO - Filling up the DagBag from /home/airflow/.local/lib/python3.12/site-packages/airflow/example_dags/example_branch_operator.py
[2026-08-24T14:37:33.434+0000] {processor.py:840} INFO - DAG(s) 'example_branch_operator' retrieved from /home/airflow/.local/lib/python3.12/site-packages/airflow/example_dags/example_branch_operator.py
[2026-08-24T14:37:33.469+0000] {logging_mixin.py:188} INFO - [2026-08-24T14:37:33.469+0000] {dag.py:3096} INFO - Sync 1 DAGs
[2026-08-24T14:37:33.498+0000] {logging_mixin.py:188} INFO - [2026-08-24T14:37:33.498+0000] {dag.py:3954} INFO - Setting next_dagrun for example_branch_operator to 2026-08-23 00:00:00+00:00, run_after=2026-08-24 00:00:00+00:00
[2026-08-24T14:37:33.524+0000] {processor.py:183} INFO - Processing /home/airflow/.local/lib/python3.12/site-packages/airflow/example_dags/example_branch_operator.py took 0.124 seconds
[2026-08-24T14:38:03.924+0000] {processor.py:161} INFO - Started process (PID=447) to work on /home/airflow/.local/lib/python3.12/site-packages/airflow/example_dags/example_branch_operator.py
[2026-08-24T14:38:03.926+0000] {processor.py:830} INFO - Processing file /home/airflow/.local/lib/python3.12/site-packages/airflow/example_dags/example_branch_operator.py for tasks to queue
[2026-08-24T14:38:03.929+0000] {logging_mixin.py:188} INFO - [2026-08-24T14:38:03.929+0000] {dagbag.py:545} INFO - Filling up the DagBag from /home/airflow/.local/lib/python3.12/site-packages/airflow/example_dags/example_branch_operator.py
[2026-08-24T14:38:03.955+0000] {processor.py:840} INFO - DAG(s) 'example_branch_operator' retrieved from /home/airflow/.local/lib/python3.12/site-packages/airflow/example_dags/example_branch_operator.py
[2026-08-24T14:38:03.993+0000] {logging_mixin.py:188} INFO - [2026-08-24T14:38:03.992+0000] {dag.py:3096} INFO - Sync 1 DAGs
[2026-08-24T14:38:04.029+0000] {logging_mixin.py:188} INFO - [2026-08-24T14:38:04.029+0000] {dag.py:3954} INFO - Setting next_dagrun for example_branch_operator to 2026-08-23 00:00:00+00:00, run_after=2026-08-24 00:00:00+00:00
[2026-08-24T14:38:04.058+0000] {processor.py:183} INFO - Processing /home/airflow/.local/lib/python3.12/site-packages/airflow/example_dags/example_branch_operator.py took 0.142 seconds
[2026-08-24T14:38:34.917+0000] {processor.py:161} INFO - Started process (PID=507) to work on /home/airflow/.local/lib/python3.12/site-packages/airflow/example_dags/example_branch_operator.py
[2026-08-24T14:38:34.919+0000] {processor.py:830} INFO - Processing file /home/airflow/.local/lib/python3.12/site-packages/airflow/example_dags/example_branch_operator.py for tasks to queue
[2026-08-24T14:38:34.921+0000] {logging_mixin.py:188} INFO - [2026-08-24T14:38:34.921+0000] {dagbag.py:545} INFO - Filling up the DagBag from /home/airflow/.local/lib/python3.12/site-packages/airflow/example_dags/example_branch_operator.py
[2026-08-24T14:38:34.944+0000] {processor.py:840} INFO - DAG(s) 'example_branch_operator' retrieved from /home/airflow/.local/lib/python3.12/site-packages/airflow/example_dags/example_branch_operator.py
[2026-08-24T14:38:34.979+0000] {logging_mixin.py:188} INFO - [2026-08-24T14:38:34.978+0000] {dag.py:3096} INFO - Sync 1 DAGs
[2026-08-24T14:38:35.009+0000] {logging_mixin.py:188} INFO - [2026-08-24T14:38:35.009+0000] {dag.py:3954} INFO - Setting next_dagrun for example_branch_operator to 2026-08-23 00:00:00+00:00, run_after=2026-08-24 00:00:00+00:00
[2026-08-24T14:38:35.038+0000] {processor.py:183} INFO - Processing /home/airflow/.local/lib/python3.12/site-packages/airflow/example_dags/example_branch_operator.py took 0.128 seconds
[2026-08-24T14:39:05.716+0000] {processor.py:161} INFO - Started process (PID=567) to work on /home/airflow/.local/lib/python3.12/site-packages/airflow/example_dags/example_branch_operator.py
[2026-08-24T14:39:05.718+0000] {processor.py:830} INFO - Processing file /home/airflow/.local/lib/python3.12/site-packages/airflow/example_dags/example_branch_operator.py for tasks to queue
[2026-08-24T14:39:05.721+0000] {logging_mixin.py:188} INFO - [2026-08-24T14:39:05.720+0000] {dagbag.py:545} INFO - Filling up the DagBag from /home/airflow/.local/lib/python3.12/site-packages/airflow/example_dags/example_branch_operator.py
[2026-08-24T14:39:05.744+0000] {processor.py:840} INFO - DAG(s) 'example_branch_operator' retrieved from /home/airflow/.local/lib/python3.12/site-packages/airflow/example_dags/example_branch_operator.py
[2026-08-24T14:39:05.778+0000] {logging_mixin.py:188} INFO - [2026-08-24T14:39:05.778+0000] {dag.py:3096} INFO - Sync 1 DAGs
[2026-08-24T14:39:05.809+0000] {logging_mixin.py:188} INFO - [2026-08-24T14:39:05.809+0000] {dag.py:3954} INFO - Setting next_dagrun for example_branch_operator to 2026-08-23 00:00:00+00:00, run_after=2026-08-24 00:00:00+00:00
[2026-08-24T14:39:05.837+0000] {processor.py:183} INFO - Processing /home/airflow/.local/lib/python3.12/site-packages/airflow/example_dags/example_branch_operator.py took 0.127 seconds
[2026-08-24T14:41:22.705+0000] {processor.py:161} INFO - Started process (PID=144) to work on /home/airflow/.local/lib/python3.12/site-packages/airflow/example_dags/example_branch_operator.py
[2026-08-24T14:41:22.706+0000] {processor.py:830} INFO - Processing file /home/airflow/.local/lib/python3.12/site-packages/airflow/example_dags/example_branch_operator.py for tasks to queue
[2026-08-24T14:41:22.709+0000] {logging_mixin.py:188} INFO - [2026-08-24T14:41:22.708+0000] {dagbag.py:545} INFO - Filling up the DagBag from /home/airflow/.local/lib/python3.12/site-packages/airflow/example_dags/example_branch_operator.py
[2026-08-24T14:41:22.732+0000] {processor.py:840} INFO - DAG(s) 'example_branch_operator' retrieved from /home/airflow/.local/lib/python3.12/site-packages/airflow/example_dags/example_branch_operator.py
[2026-08-24T14:41:22.881+0000] {logging_mixin.py:188} INFO - [2026-08-24T14:41:22.881+0000] {dag.py:3096} INFO - Sync 1 DAGs
[2026-08-24T14:41:22.909+0000] {logging_mixin.py:188} INFO - [2026-08-24T14:41:22.909+0000] {dag.py:3954} INFO - Setting next_dagrun for example_branch_operator to 2026-08-23 00:00:00+00:00, run_after=2026-08-24 00:00:00+00:00
[2026-08-24T14:41:22.935+0000] {processor.py:183} INFO - Processing /home/airflow/.local/lib/python3.12/site-packages/airflow/example_dags/example_branch_operator.py took 0.237 seconds
[2026-08-24T14:41:53.437+0000] {processor.py:161} INFO - Started process (PID=204) to work on /home/airflow/.local/lib/python3.12/site-packages/airflow/example_dags/example_branch_operator.py
[2026-08-24T14:41:53.438+0000] {processor.py:830} INFO - Processing file /home/airflow/.local/lib/python3.12/site-packages/airflow/example_dags/example_branch_operator.py for tasks to queue
[2026-08-24T14:41:53.441+0000] {logging_mixin.py:188} INFO - [2026-08-24T14:41:53.440+0000] {dagbag.py:545} INFO - Filling up the DagBag from /home/airflow/.local/lib/python3.12/site-packages/airflow/example_dags/example_branch_operator.py
[2026-08-24T14:41:53.465+0000] {processor.py:840} INFO - DAG(s) 'example_branch_operator' retrieved from /home/airflow/.local/lib/python3.12/site-packages/airflow/example_dags/example_branch_operator.py
[2026-08-24T14:41:53.502+0000] {logging_mixin.py:188} INFO - [2026-08-24T14:41:53.502+0000] {dag.py:3096} INFO - Sync 1 DAGs
[2026-08-24T14:41:53.533+0000] {logging_mixin.py:188} INFO - [2026-08-24T14:41:53.533+0000] {dag.py:3954} INFO - Setting next_dagrun for example_branch_operator to 2026-08-23 00:00:00+00:00, run_after=2026-08-24 00:00:00+00:00
[2026-08-24T14:41:53.563+0000] {processor.py:183} INFO - Processing /home/airflow/.local/lib/python3.12/site-packages/airflow/example_dags/example_branch_operator.py took 0.133 seconds
[2026-08-24T14:42:24.541+0000] {processor.py:161} INFO - Started process (PID=264) to work on /home/airflow/.local/lib/python3.12/site-packages/airflow/example_dags/example_branch_operator.py
[2026-08-24T14:42:24.542+0000] {processor.py:830} INFO - Processing file /home/airflow/.local/lib/python3.12/site-packages/airflow/example_dags/example_branch_operator.py for tasks to queue
[2026-08-24T14:42:24.546+0000] {logging_mixin.py:188} INFO - [2026-08-24T14:42:24.545+0000] {dagbag.py:545} INFO - Filling up the DagBag from /home/airflow/.local/lib/python3.12/site-packages/airflow/example_dags/example_branch_operator.py
[2026-08-24T14:42:24.580+0000] {processor.py:840} INFO - DAG(s) 'example_branch_operator' retrieved from /home/airflow/.local/lib/python3.12/site-packages/airflow/example_dags/example_branch_operator.py
[2026-08-24T14:42:24.633+0000] {logging_mixin.py:188} INFO - [2026-08-24T14:42:24.633+0000] {dag.py:3096} INFO - Sync 1 DAGs
[2026-08-24T14:42:24.678+0000] {logging_mixin.py:188} INFO - [2026-08-24T14:42:24.677+0000] {dag.py:3954} INFO - Setting next_dagrun for example_branch_operator to 2026-08-23 00:00:00+00:00, run_after=2026-08-24 00:00:00+00:00
[2026-08-24T14:42:24.712+0000] {processor.py:183} INFO - Processing /home/airflow/.local/lib/python3.12/site-packages/airflow/example_dags/example_branch_operator.py took 0.182 seconds
[2026-08-24T14:42:55.030+0000] {processor.py:161} INFO - Started process (PID=324) to work on /home/airflow/.local/lib/python3.12/site-packages/airflow/example_dags/example_branch_operator.py
[2026-08-24T14:42:55.031+0000] {processor.py:830} INFO - Processing file /home/airflow/.local/lib/python3.12/site-packages/airflow/example_dags/example_branch_operator.py for tasks to queue
[2026-08-24T14:42:55.034+0000] {logging_mixin.py:188} INFO - [2026-08-24T14:42:55.033+0000] {dagbag.py:545} INFO - Filling up the DagBag from /home/airflow/.local/lib/python3.12/site-packages/airflow/example_dags/example_branch_operator.py
[2026-08-24T14:42:55.060+0000] {processor.py:840} INFO - DAG(s) 'example_branch_operator' retrieved from /home/airflow/.local/lib/python3.12/site-packages/airflow/example_dags/example_branch_operator.py
[2026-08-24T14:42:55.098+0000] {logging_mixin.py:188} INFO - [2026-08-24T14:42:55.097+0000] {dag.py:3096} INFO - Sync 1 DAGs
[2026-08-24T14:42:55.127+0000] {logging_mixin.py:188} INFO - [2026-08-24T14:42:55.127+0000] {dag.py:3954} INFO - Setting next_dagrun for example_branch_operator to 2026-08-23 00:00:00+00:00, run_after=2026-08-24 00:00:00+00:00
[2026-08-24T14:42:55.155+0000] {processor.py:183} INFO - Processing /home/airflow/.local/lib/python3.12/site-packages/airflow/example_dags/example_branch_operator.py took 0.133 seconds
[2026-08-24T14:43:25.943+0000] {processor.py:161} INFO - Started process (PID=384) to work on /home/airflow/.local/lib/python3.12/site-packages/airflow/example_dags/example_branch_operator.py
[2026-08-24T14:43:25.945+0000] {processor.py:830} INFO - Processing file /home/airflow/.local/lib/python3.12/site-packages/airflow/example_dags/example_branch_operator.py for tasks to queue
[2026-08-24T14:43:25.948+0000] {logging_mixin.py:188} INFO - [2026-08-24T14:43:25.947+0000] {dagbag.py:545} INFO - Filling up the DagBag from /home/airflow/.local/lib/python3.12/site-packages/airflow/example_dags/example_branch_operator.py
[2026-08-24T14:43:25.980+0000] {processor.py:840} INFO - DAG(s) 'example_branch_operator' retrieved from /home/airflow/.local/lib/python3.12/site-packages/airflow/example_dags/example_branch_operator.py
[2026-08-24T14:43:26.030+0000] {logging_mixin.py:188} INFO - [2026-08-24T14:43:26.030+0000] {dag.py:3096} INFO - Sync 1 DAGs
[2026-08-24T14:43:26.074+0000] {logging_mixin.py:188} INFO - [2026-08-24T14:43:26.074+0000] {dag.py:3954} INFO - Setting next_dagrun for example_branch_operator to 2026-08-23 00:00:00+00:00, run_after=2026-08-24 00:00:00+00:00
[2026-08-24T14:43:26.120+0000] {processor.py:183} INFO - Processing /home/airflow/.local/lib/python3.12/site-packages/airflow/example_dags/example_branch_operator.py took 0.194 seconds
[2026-08-24T14:43:56.463+0000] {processor.py:161} INFO - Started process (PID=444) to work on /home/airflow/.local/lib/python3.12/site-packages/airflow/example_dags/example_branch_operator.py
[2026-08-24T14:43:56.464+0000] {processor.py:830} INFO - Processing file /home/airflow/.local/lib/python3.12/site-packages/airflow/example_dags/example_branch_operator.py for tasks to queue
[2026-08-24T14:43:56.467+0000] {logging_mixin.py:188} INFO - [2026-08-24T14:43:56.467+0000] {dagbag.py:545} INFO - Filling up the DagBag from /home/airflow/.local/lib/python3.12/site-packages/airflow/example_dags/example_branch_operator.py
[2026-08-24T14:43:56.491+0000] {processor.py:840} INFO - DAG(s) 'example_branch_operator' retrieved from /home/airflow/.local/lib/python3.12/site-packages/airflow/example_dags/example_branch_operator.py
[2026-08-24T14:43:56.527+0000] {logging_mixin.py:188} INFO - [2026-08-24T14:43:56.527+0000] {dag.py:3096} INFO - Sync 1 DAGs
[2026-08-24T14:43:56.557+0000] {logging_mixin.py:188} INFO - [2026-08-24T14:43:56.556+0000] {dag.py:3954} INFO - Setting next_dagrun for example_branch_operator to 2026-08-23 00:00:00+00:00, run_after=2026-08-24 00:00:00+00:00
[2026-08-24T14:43:56.585+0000] {processor.py:183} INFO - Processing /home/airflow/.local/lib/python3.12/site-packages/airflow/example_dags/example_branch_operator.py took 0.130 seconds
[2026-08-24T14:44:26.913+0000] {processor.py:161} INFO - Started process (PID=504) to work on /home/airflow/.local/lib/python3.12/site-packages/airflow/example_dags/example_branch_operator.py
[2026-08-24T14:44:26.915+0000] {processor.py:830} INFO - Processing file /home/airflow/.local/lib/python3.12/site-packages/airflow/example_dags/example_branch_operator.py for tasks to queue
[2026-08-24T14:44:26.917+0000] {logging_mixin.py:188} INFO - [2026-08-24T14:44:26.917+0000] {dagbag.py:545} INFO - Filling up the DagBag from /home/airflow/.local/lib/python3.12/site-packages/airflow/example_dags/example_branch_operator.py
[2026-08-24T14:44:26.940+0000] {processor.py:840} INFO - DAG(s) 'example_branch_operator' retrieved from /home/airflow/.local/lib/python3.12/site-packages/airflow/example_dags/example_branch_operator.py
[2026-08-24T14:44:26.974+0000] {logging_mixin.py:188} INFO - [2026-08-24T14:44:26.974+0000] {dag.py:3096} INFO - Sync 1 DAGs
[2026-08-24T14:44:27.002+0000] {logging_mixin.py:188} INFO - [2026-08-24T14:44:27.002+0000] {dag.py:3954} INFO - Setting next_dagrun for example_branch_operator to 2026-08-23 00:00:00+00:00, run_after=2026-08-24 00:00:00+00:00
[2026-08-24T14:44:27.028+0000] {processor.py:183} INFO - Processing /home/airflow/.local/lib/python3.12/site-packages/airflow/example_dags/example_branch_operator.py took 0.123 seconds
[2026-08-24T14:49:25.807+0000] {processor.py:161} INFO - Started process (PID=143) to work on /home/airflow/.local/lib/python3.12/site-packages/airflow/example_dags/example_branch_operator.py
[2026-08-24T14:49:25.809+0000] {processor.py:830} INFO - Processing file /home/airflow/.local/lib/python3.12/site-packages/airflow/example_dags/example_branch_operator.py for tasks to queue
[2026-08-24T14:49:25.812+0000] {logging_mixin.py:188} INFO - [2026-08-24T14:49:25.811+0000] {dagbag.py:545} INFO - Filling up the DagBag from /home/airflow/.local/lib/python3.12/site-packages/airflow/example_dags/example_branch_operator.py
[2026-08-24T14:49:25.839+0000] {processor.py:840} INFO - DAG(s) 'example_branch_operator' retrieved from /home/airflow/.local/lib/python3.12/site-packages/airflow/example_dags/example_branch_operator.py
[2026-08-24T14:49:26.004+0000] {logging_mixin.py:188} INFO - [2026-08-24T14:49:26.004+0000] {dag.py:3096} INFO - Sync 1 DAGs
[2026-08-24T14:49:26.035+0000] {logging_mixin.py:188} INFO - [2026-08-24T14:49:26.035+0000] {dag.py:3954} INFO - Setting next_dagrun for example_branch_operator to 2026-08-23 00:00:00+00:00, run_after=2026-08-24 00:00:00+00:00
[2026-08-24T14:49:26.064+0000] {processor.py:183} INFO - Processing /home/airflow/.local/lib/python3.12/site-packages/airflow/example_dags/example_branch_operator.py took 0.266 seconds
[2026-08-24T14:50:18.810+0000] {processor.py:161} INFO - Started process (PID=123) to work on /home/airflow/.local/lib/python3.12/site-packages/airflow/example_dags/example_branch_operator.py
[2026-08-24T14:50:18.811+0000] {processor.py:830} INFO - Processing file /home/airflow/.local/lib/python3.12/site-packages/airflow/example_dags/example_branch_operator.py for tasks to queue
[2026-08-24T14:50:18.815+0000] {logging_mixin.py:188} INFO - [2026-08-24T14:50:18.814+0000] {dagbag.py:545} INFO - Filling up the DagBag from /home/airflow/.local/lib/python3.12/site-packages/airflow/example_dags/example_branch_operator.py
[2026-08-24T14:50:18.841+0000] {processor.py:840} INFO - DAG(s) 'example_branch_operator' retrieved from /home/airflow/.local/lib/python3.12/site-packages/airflow/example_dags/example_branch_operator.py
[2026-08-24T14:50:19.017+0000] {logging_mixin.py:188} INFO - [2026-08-24T14:50:19.016+0000] {dag.py:3096} INFO - Sync 1 DAGs
[2026-08-24T14:50:19.046+0000] {logging_mixin.py:188} INFO - [2026-08-24T14:50:19.045+0000] {dag.py:3954} INFO - Setting next_dagrun for example_branch_operator to 2026-08-23 00:00:00+00:00, run_after=2026-08-24 00:00:00+00:00
[2026-08-24T14:50:19.075+0000] {processor.py:183} INFO - Processing /home/airflow/.local/lib/python3.12/site-packages/airflow/example_dags/example_branch_operator.py took 0.274 seconds
[2026-08-24T14:50:49.729+0000] {processor.py:161} INFO - Started process (PID=183) to work on /home/airflow/.local/lib/python3.12/site-packages/airflow/example_dags/example_branch_operator.py
[2026-08-24T14:50:49.732+0000] {processor.py:830} INFO - Processing file /home/airflow/.local/lib/python3.12/site-packages/airflow/example_dags/example_branch_operator.py for tasks to queue
[2026-08-24T14:50:49.737+0000] {logging_mixin.py:188} INFO - [2026-08-24T14:50:49.736+0000] {dagbag.py:545} INFO - Filling up the DagBag from /home/airflow/.local/lib/python3.12/site-packages/airflow/example_dags/example_branch_operator.py
[2026-08-24T14:50:49.777+0000] {processor.py:840} INFO - DAG(s) 'example_branch_operator' retrieved from /home/airflow/.local/lib/python3.12/site-packages/airflow/example_dags/example_branch_operator.py
[2026-08-24T14:50:49.823+0000] {logging_mixin.py:188} INFO - [2026-08-24T14:50:49.823+0000] {dag.py:3096} INFO - Sync 1 DAGs
[2026-08-24T14:50:49.859+0000] {logging_mixin.py:188} INFO - [2026-08-24T14:50:49.859+0000] {dag.py:3954} INFO - Setting next_dagrun for example_branch_operator to 2026-08-23 00:00:00+00:00, run_after=2026-08-24 00:00:00+00:00
[2026-08-24T14:50:49.892+0000] {processor.py:183} INFO - Processing /home/airflow/.local/lib/python3.12/site-packages/airflow/example_dags/example_branch_operator.py took 0.175 seconds
[2026-08-24T14:51:20.217+0000] {processor.py:161} INFO - Started process (PID=243) to work on /home/airflow/.local/lib/python3.12/site-packages/airflow/example_dags/example_branch_operator.py
[2026-08-24T14:51:20.218+0000] {processor.py:830} INFO - Processing file /home/airflow/.local/lib/python3.12/site-packages/airflow/example_dags/example_branch_operator.py for tasks to queue
[2026-08-24T14:51:20.224+0000] {logging_mixin.py:188} INFO - [2026-08-24T14:51:20.223+0000] {dagbag.py:545} INFO - Filling up the DagBag from /home/airflow/.local/lib/python3.12/site-packages/airflow/example_dags/example_branch_operator.py
[2026-08-24T14:51:20.244+0000] {processor.py:840} INFO - DAG(s) 'example_branch_operator' retrieved from /home/airflow/.local/lib/python3.12/site-packages/airflow/example_dags/example_branch_operator.py
[2026-08-24T14:51:20.282+0000] {logging_mixin.py:188} INFO - [2026-08-24T14:51:20.282+0000] {dag.py:3096} INFO - Sync 1 DAGs
[2026-08-24T14:51:20.314+0000] {logging_mixin.py:188} INFO - [2026-08-24T14:51:20.313+0000] {dag.py:3954} INFO - Setting next_dagrun for example_branch_operator to 2026-08-23 00:00:00+00:00, run_after=2026-08-24 00:00:00+00:00
[2026-08-24T14:51:20.345+0000] {processor.py:183} INFO - Processing /home/airflow/.local/lib/python3.12/site-packages/airflow/example_dags/example_branch_operator.py took 0.135 seconds
