[2026-08-24T13:51:02.005+0000] {processor.py:161} INFO - Started process (PID=102) to work on /home/airflow/.local/lib/python3.12/site-packages/airflow/example_dags/example_display_name.py
[2026-08-24T13:51:02.006+0000] {processor.py:830} INFO - Processing file /home/airflow/.local/lib/python3.12/site-packages/airflow/example_dags/example_display_name.py for tasks to queue
[2026-08-24T13:51:02.011+0000] {logging_mixin.py:188} INFO - [2026-08-24T13:51:02.011+0000] {dagbag.py:545} INFO - Filling up the DagBag from /home/airflow/.local/lib/python3.12/site-packages/airflow/example_dags/example_display_name.py
[2026-08-24T13:51:02.029+0000] {processor.py:840} INFO - DAG(s) 'example_display_name' retrieved from /home/airflow/.local/lib/python3.12/site-packages/airflow/example_dags/example_display_name.py
[2026-08-24T13:51:02.192+0000] {logging_mixin.py:188} INFO - [2026-08-24T13:51:02.191+0000] {dag.py:3096} INFO - Sync 1 DAGs
[2026-08-24T13:51:02.207+0000] {logging_mixin.py:188} INFO - [2026-08-24T13:51:02.206+0000] {dag.py:3954} INFO - Setting next_dagrun for example_display_name to None, run_after=None
[2026-08-24T13:51:02.241+0000] {processor.py:183} INFO - Processing /home/airflow/.local/lib/python3.12/site-packages/airflow/example_dags/example_display_name.py took 0.245 seconds
[2026-08-24T13:51:43.105+0000] {processor.py:161} INFO - Started process (PID=83) to work on /home/airflow/.local/lib/python3.12/site-packages/airflow/example_dags/example_display_name.py
[2026-08-24T13:51:43.106+0000] {processor.py:830} INFO - Processing file /home/airflow/.local/lib/python3.12/site-packages/airflow/example_dags/example_display_name.py for tasks to queue
[2026-08-24T13:51:43.109+0000] {logging_mixin.py:188} INFO - [2026-08-24T13:51:43.108+0000] {dagbag.py:545} INFO - Filling up the DagBag from /home/airflow/.local/lib/python3.12/site-packages/airflow/example_dags/example_display_name.py
[2026-08-24T13:51:43.119+0000] {processor.py:840} INFO - DAG(s) 'example_display_name' retrieved from /home/airflow/.local/lib/python3.12/site-packages/airflow/example_dags/example_display_name.py
[2026-08-24T13:51:43.144+0000] {logging_mixin.py:188} INFO - [2026-08-24T13:51:43.144+0000] {dag.py:3096} INFO - Sync 1 DAGs
[2026-08-24T13:51:43.162+0000] {logging_mixin.py:188} INFO - [2026-08-24T13:51:43.161+0000] {dag.py:3954} INFO - Setting next_dagrun for example_display_name to None, run_after=None
[2026-08-24T13:51:43.193+0000] {processor.py:183} INFO - Processing /home/airflow/.local/lib/python3.12/site-packages/airflow/example_dags/example_display_name.py took 0.095 seconds
[2026-08-24T13:52:13.802+0000] {processor.py:161} INFO - Started process (PID=142) to work on /home/airflow/.local/lib/python3.12/site-packages/airflow/example_dags/example_display_name.py
[2026-08-24T13:52:13.803+0000] {processor.py:830} INFO - Processing file /home/airflow/.local/lib/python3.12/site-packages/airflow/example_dags/example_display_name.py for tasks to queue
[2026-08-24T13:52:13.806+0000] {logging_mixin.py:188} INFO - [2026-08-24T13:52:13.805+0000] {dagbag.py:545} INFO - Filling up the DagBag from /home/airflow/.local/lib/python3.12/site-packages/airflow/example_dags/example_display_name.py
[2026-08-24T13:52:13.813+0000] {processor.py:840} INFO - DAG(s) 'example_display_name' retrieved from /home/airflow/.local/lib/python3.12/site-packages/airflow/example_dags/example_display_name.py
[2026-08-24T13:52:13.839+0000] {logging_mixin.py:188} INFO - [2026-08-24T13:52:13.839+0000] {dag.py:3096} INFO - Sync 1 DAGs
[2026-08-24T13:52:13.857+0000] {logging_mixin.py:188} INFO - [2026-08-24T13:52:13.857+0000] {dag.py:3954} INFO - Setting next_dagrun for example_display_name to None, run_after=None
[2026-08-24T13:52:13.882+0000] {processor.py:183} INFO - Processing /home/airflow/.local/lib/python3.12/site-packages/airflow/example_dags/example_display_name.py took 0.087 seconds
[2026-08-24T13:52:44.163+0000] {processor.py:161} INFO - Started process (PID=201) to work on /home/airflow/.local/lib/python3.12/site-packages/airflow/example_dags/example_display_name.py
[2026-08-24T13:52:44.164+0000] {processor.py:830} INFO - Processing file /home/airflow/.local/lib/python3.12/site-packages/airflow/example_dags/example_display_name.py for tasks to queue
[2026-08-24T13:52:44.167+0000] {logging_mixin.py:188} INFO - [2026-08-24T13:52:44.166+0000] {dagbag.py:545} INFO - Filling up the DagBag from /home/airflow/.local/lib/python3.12/site-packages/airflow/example_dags/example_display_name.py
[2026-08-24T13:52:44.175+0000] {processor.py:840} INFO - DAG(s) 'example_display_name' retrieved from /home/airflow/.local/lib/python3.12/site-packages/airflow/example_dags/example_display_name.py
[2026-08-24T13:52:44.199+0000] {logging_mixin.py:188} INFO - [2026-08-24T13:52:44.199+0000] {dag.py:3096} INFO - Sync 1 DAGs
[2026-08-24T13:52:44.215+0000] {logging_mixin.py:188} INFO - [2026-08-24T13:52:44.215+0000] {dag.py:3954} INFO - Setting next_dagrun for example_display_name to None, run_after=None
[2026-08-24T13:52:44.237+0000] {processor.py:183} INFO - Processing /home/airflow/.local/lib/python3.12/site-packages/airflow/example_dags/example_display_name.py took 0.082 seconds
[2026-08-24T13:53:14.357+0000] {processor.py:161} INFO - Started process (PID=260) to work on /home/airflow/.local/lib/python3.12/site-packages/airflow/example_dags/example_display_name.py
[2026-08-24T13:53:14.359+0000] {processor.py:830} INFO - Processing file /home/airflow/.local/lib/python3.12/site-packages/airflow/example_dags/example_display_name.py for tasks to queue
[2026-08-24T13:53:14.361+0000] {logging_mixin.py:188} INFO - [2026-08-24T13:53:14.361+0000] {dagbag.py:545} INFO - Filling up the DagBag from /home/airflow/.local/lib/python3.12/site-packages/airflow/example_dags/example_display_name.py
[2026-08-24T13:53:14.369+0000] {processor.py:840} INFO - DAG(s) 'example_display_name' retrieved from /home/airflow/.local/lib/python3.12/site-packages/airflow/example_dags/example_display_name.py
[2026-08-24T13:53:14.394+0000] {logging_mixin.py:188} INFO - [2026-08-24T13:53:14.394+0000] {dag.py:3096} INFO - Sync 1 DAGs
[2026-08-24T13:53:14.410+0000] {logging_mixin.py:188} INFO - [2026-08-24T13:53:14.410+0000] {dag.py:3954} INFO - Setting next_dagrun for example_display_name to None, run_after=None
[2026-08-24T13:53:14.435+0000] {processor.py:183} INFO - Processing /home/airflow/.local/lib/python3.12/site-packages/airflow/example_dags/example_display_name.py took 0.085 seconds
[2026-08-24T13:53:44.728+0000] {processor.py:161} INFO - Started process (PID=319) to work on /home/airflow/.local/lib/python3.12/site-packages/airflow/example_dags/example_display_name.py
[2026-08-24T13:53:44.729+0000] {processor.py:830} INFO - Processing file /home/airflow/.local/lib/python3.12/site-packages/airflow/example_dags/example_display_name.py for tasks to queue
[2026-08-24T13:53:44.732+0000] {logging_mixin.py:188} INFO - [2026-08-24T13:53:44.732+0000] {dagbag.py:545} INFO - Filling up the DagBag from /home/airflow/.local/lib/python3.12/site-packages/airflow/example_dags/example_display_name.py
[2026-08-24T13:53:44.749+0000] {processor.py:840} INFO - DAG(s) 'example_display_name' retrieved from /home/airflow/.local/lib/python3.12/site-packages/airflow/example_dags/example_display_name.py
[2026-08-24T13:53:44.785+0000] {logging_mixin.py:188} INFO - [2026-08-24T13:53:44.785+0000] {dag.py:3096} INFO - Sync 1 DAGs
[2026-08-24T13:53:44.832+0000] {logging_mixin.py:188} INFO - [2026-08-24T13:53:44.831+0000] {dag.py:3954} INFO - Setting next_dagrun for example_display_name to None, run_after=None
[2026-08-24T13:53:44.864+0000] {processor.py:183} INFO - Processing /home/airflow/.local/lib/python3.12/site-packages/airflow/example_dags/example_display_name.py took 0.143 seconds
[2026-08-24T13:54:15.253+0000] {processor.py:161} INFO - Started process (PID=384) to work on /home/airflow/.local/lib/python3.12/site-packages/airflow/example_dags/example_display_name.py
[2026-08-24T13:54:15.255+0000] {processor.py:830} INFO - Processing file /home/airflow/.local/lib/python3.12/site-packages/airflow/example_dags/example_display_name.py for tasks to queue
[2026-08-24T13:54:15.259+0000] {logging_mixin.py:188} INFO - [2026-08-24T13:54:15.258+0000] {dagbag.py:545} INFO - Filling up the DagBag from /home/airflow/.local/lib/python3.12/site-packages/airflow/example_dags/example_display_name.py
[2026-08-24T13:54:15.272+0000] {processor.py:840} INFO - DAG(s) 'example_display_name' retrieved from /home/airflow/.local/lib/python3.12/site-packages/airflow/example_dags/example_display_name.py
[2026-08-24T13:54:15.309+0000] {logging_mixin.py:188} INFO - [2026-08-24T13:54:15.309+0000] {dag.py:3096} INFO - Sync 1 DAGs
[2026-08-24T13:54:15.332+0000] {logging_mixin.py:188} INFO - [2026-08-24T13:54:15.331+0000] {dag.py:3954} INFO - Setting next_dagrun for example_display_name to None, run_after=None
[2026-08-24T13:54:15.374+0000] {processor.py:183} INFO - Processing /home/airflow/.local/lib/python3.12/site-packages/airflow/example_dags/example_display_name.py took 0.138 seconds
[2026-08-24T13:54:46.044+0000] {processor.py:161} INFO - Started process (PID=443) to work on /home/airflow/.local/lib/python3.12/site-packages/airflow/example_dags/example_display_name.py
[2026-08-24T13:54:46.046+0000] {processor.py:830} INFO - Processing file /home/airflow/.local/lib/python3.12/site-packages/airflow/example_dags/example_display_name.py for tasks to queue
[2026-08-24T13:54:46.050+0000] {logging_mixin.py:188} INFO - [2026-08-24T13:54:46.049+0000] {dagbag.py:545} INFO - Filling up the DagBag from /home/airflow/.local/lib/python3.12/site-packages/airflow/example_dags/example_display_name.py
[2026-08-24T13:54:46.063+0000] {processor.py:840} INFO - DAG(s) 'example_display_name' retrieved from /home/airflow/.local/lib/python3.12/site-packages/airflow/example_dags/example_display_name.py
[2026-08-24T13:54:46.092+0000] {logging_mixin.py:188} INFO - [2026-08-24T13:54:46.092+0000] {dag.py:3096} INFO - Sync 1 DAGs
[2026-08-24T13:54:46.136+0000] {logging_mixin.py:188} INFO - [2026-08-24T13:54:46.136+0000] {dag.py:3954} INFO - Setting next_dagrun for example_display_name to None, run_after=None
[2026-08-24T13:54:46.191+0000] {processor.py:183} INFO - Processing /home/airflow/.local/lib/python3.12/site-packages/airflow/example_dags/example_display_name.py took 0.161 seconds
[2026-08-24T13:55:19.665+0000] {processor.py:161} INFO - Started process (PID=502) to work on /home/airflow/.local/lib/python3.12/site-packages/airflow/example_dags/example_display_name.py
[2026-08-24T13:55:19.667+0000] {processor.py:830} INFO - Processing file /home/airflow/.local/lib/python3.12/site-packages/airflow/example_dags/example_display_name.py for tasks to queue
[2026-08-24T13:55:19.672+0000] {logging_mixin.py:188} INFO - [2026-08-24T13:55:19.671+0000] {dagbag.py:545} INFO - Filling up the DagBag from /home/airflow/.local/lib/python3.12/site-packages/airflow/example_dags/example_display_name.py
[2026-08-24T13:55:19.686+0000] {processor.py:840} INFO - DAG(s) 'example_display_name' retrieved from /home/airflow/.local/lib/python3.12/site-packages/airflow/example_dags/example_display_name.py
[2026-08-24T13:55:19.881+0000] {logging_mixin.py:188} INFO - [2026-08-24T13:55:19.881+0000] {dag.py:3096} INFO - Sync 1 DAGs
[2026-08-24T13:55:19.897+0000] {logging_mixin.py:188} INFO - [2026-08-24T13:55:19.897+0000] {dag.py:3954} INFO - Setting next_dagrun for example_display_name to None, run_after=None
[2026-08-24T13:55:21.131+0000] {processor.py:183} INFO - Processing /home/airflow/.local/lib/python3.12/site-packages/airflow/example_dags/example_display_name.py took 1.479 seconds
[2026-08-24T13:55:51.205+0000] {processor.py:161} INFO - Started process (PID=561) to work on /home/airflow/.local/lib/python3.12/site-packages/airflow/example_dags/example_display_name.py
[2026-08-24T13:55:51.206+0000] {processor.py:830} INFO - Processing file /home/airflow/.local/lib/python3.12/site-packages/airflow/example_dags/example_display_name.py for tasks to queue
[2026-08-24T13:55:51.208+0000] {logging_mixin.py:188} INFO - [2026-08-24T13:55:51.208+0000] {dagbag.py:545} INFO - Filling up the DagBag from /home/airflow/.local/lib/python3.12/site-packages/airflow/example_dags/example_display_name.py
[2026-08-24T13:55:51.216+0000] {processor.py:840} INFO - DAG(s) 'example_display_name' retrieved from /home/airflow/.local/lib/python3.12/site-packages/airflow/example_dags/example_display_name.py
[2026-08-24T13:55:51.240+0000] {logging_mixin.py:188} INFO - [2026-08-24T13:55:51.240+0000] {dag.py:3096} INFO - Sync 1 DAGs
[2026-08-24T13:55:51.260+0000] {logging_mixin.py:188} INFO - [2026-08-24T13:55:51.260+0000] {dag.py:3954} INFO - Setting next_dagrun for example_display_name to None, run_after=None
[2026-08-24T13:55:51.284+0000] {processor.py:183} INFO - Processing /home/airflow/.local/lib/python3.12/site-packages/airflow/example_dags/example_display_name.py took 0.086 seconds
[2026-08-24T13:56:21.642+0000] {processor.py:161} INFO - Started process (PID=620) to work on /home/airflow/.local/lib/python3.12/site-packages/airflow/example_dags/example_display_name.py
[2026-08-24T13:56:21.643+0000] {processor.py:830} INFO - Processing file /home/airflow/.local/lib/python3.12/site-packages/airflow/example_dags/example_display_name.py for tasks to queue
[2026-08-24T13:56:21.646+0000] {logging_mixin.py:188} INFO - [2026-08-24T13:56:21.646+0000] {dagbag.py:545} INFO - Filling up the DagBag from /home/airflow/.local/lib/python3.12/site-packages/airflow/example_dags/example_display_name.py
[2026-08-24T13:56:21.655+0000] {processor.py:840} INFO - DAG(s) 'example_display_name' retrieved from /home/airflow/.local/lib/python3.12/site-packages/airflow/example_dags/example_display_name.py
[2026-08-24T13:56:21.680+0000] {logging_mixin.py:188} INFO - [2026-08-24T13:56:21.680+0000] {dag.py:3096} INFO - Sync 1 DAGs
[2026-08-24T13:56:21.695+0000] {logging_mixin.py:188} INFO - [2026-08-24T13:56:21.695+0000] {dag.py:3954} INFO - Setting next_dagrun for example_display_name to None, run_after=None
[2026-08-24T13:56:21.717+0000] {processor.py:183} INFO - Processing /home/airflow/.local/lib/python3.12/site-packages/airflow/example_dags/example_display_name.py took 0.084 seconds
[2026-08-24T13:56:52.524+0000] {processor.py:161} INFO - Started process (PID=679) to work on /home/airflow/.local/lib/python3.12/site-packages/airflow/example_dags/example_display_name.py
[2026-08-24T13:56:52.526+0000] {processor.py:830} INFO - Processing file /home/airflow/.local/lib/python3.12/site-packages/airflow/example_dags/example_display_name.py for tasks to queue
[2026-08-24T13:56:52.532+0000] {logging_mixin.py:188} INFO - [2026-08-24T13:56:52.532+0000] {dagbag.py:545} INFO - Filling up the DagBag from /home/airflow/.local/lib/python3.12/site-packages/airflow/example_dags/example_display_name.py
[2026-08-24T13:56:52.545+0000] {processor.py:840} INFO - DAG(s) 'example_display_name' retrieved from /home/airflow/.local/lib/python3.12/site-packages/airflow/example_dags/example_display_name.py
[2026-08-24T13:56:52.578+0000] {logging_mixin.py:188} INFO - [2026-08-24T13:56:52.578+0000] {dag.py:3096} INFO - Sync 1 DAGs
[2026-08-24T13:56:52.604+0000] {logging_mixin.py:188} INFO - [2026-08-24T13:56:52.603+0000] {dag.py:3954} INFO - Setting next_dagrun for example_display_name to None, run_after=None
[2026-08-24T13:56:52.635+0000] {processor.py:183} INFO - Processing /home/airflow/.local/lib/python3.12/site-packages/airflow/example_dags/example_display_name.py took 0.122 seconds
[2026-08-24T13:57:23.472+0000] {processor.py:161} INFO - Started process (PID=739) to work on /home/airflow/.local/lib/python3.12/site-packages/airflow/example_dags/example_display_name.py
[2026-08-24T13:57:23.474+0000] {processor.py:830} INFO - Processing file /home/airflow/.local/lib/python3.12/site-packages/airflow/example_dags/example_display_name.py for tasks to queue
[2026-08-24T13:57:23.479+0000] {logging_mixin.py:188} INFO - [2026-08-24T13:57:23.478+0000] {dagbag.py:545} INFO - Filling up the DagBag from /home/airflow/.local/lib/python3.12/site-packages/airflow/example_dags/example_display_name.py
[2026-08-24T13:57:23.492+0000] {processor.py:840} INFO - DAG(s) 'example_display_name' retrieved from /home/airflow/.local/lib/python3.12/site-packages/airflow/example_dags/example_display_name.py
[2026-08-24T13:57:23.550+0000] {logging_mixin.py:188} INFO - [2026-08-24T13:57:23.550+0000] {dag.py:3096} INFO - Sync 1 DAGs
[2026-08-24T13:57:23.579+0000] {logging_mixin.py:188} INFO - [2026-08-24T13:57:23.579+0000] {dag.py:3954} INFO - Setting next_dagrun for example_display_name to None, run_after=None
[2026-08-24T13:57:23.619+0000] {processor.py:183} INFO - Processing /home/airflow/.local/lib/python3.12/site-packages/airflow/example_dags/example_display_name.py took 0.156 seconds
[2026-08-24T13:57:54.000+0000] {processor.py:161} INFO - Started process (PID=797) to work on /home/airflow/.local/lib/python3.12/site-packages/airflow/example_dags/example_display_name.py
[2026-08-24T13:57:54.002+0000] {processor.py:830} INFO - Processing file /home/airflow/.local/lib/python3.12/site-packages/airflow/example_dags/example_display_name.py for tasks to queue
[2026-08-24T13:57:54.007+0000] {logging_mixin.py:188} INFO - [2026-08-24T13:57:54.006+0000] {dagbag.py:545} INFO - Filling up the DagBag from /home/airflow/.local/lib/python3.12/site-packages/airflow/example_dags/example_display_name.py
[2026-08-24T13:57:54.025+0000] {processor.py:840} INFO - DAG(s) 'example_display_name' retrieved from /home/airflow/.local/lib/python3.12/site-packages/airflow/example_dags/example_display_name.py
[2026-08-24T13:57:54.073+0000] {logging_mixin.py:188} INFO - [2026-08-24T13:57:54.073+0000] {dag.py:3096} INFO - Sync 1 DAGs
[2026-08-24T13:57:54.105+0000] {logging_mixin.py:188} INFO - [2026-08-24T13:57:54.104+0000] {dag.py:3954} INFO - Setting next_dagrun for example_display_name to None, run_after=None
[2026-08-24T13:57:54.133+0000] {processor.py:183} INFO - Processing /home/airflow/.local/lib/python3.12/site-packages/airflow/example_dags/example_display_name.py took 0.151 seconds
[2026-08-24T13:58:24.454+0000] {processor.py:161} INFO - Started process (PID=857) to work on /home/airflow/.local/lib/python3.12/site-packages/airflow/example_dags/example_display_name.py
[2026-08-24T13:58:24.455+0000] {processor.py:830} INFO - Processing file /home/airflow/.local/lib/python3.12/site-packages/airflow/example_dags/example_display_name.py for tasks to queue
[2026-08-24T13:58:24.457+0000] {logging_mixin.py:188} INFO - [2026-08-24T13:58:24.457+0000] {dagbag.py:545} INFO - Filling up the DagBag from /home/airflow/.local/lib/python3.12/site-packages/airflow/example_dags/example_display_name.py
[2026-08-24T13:58:24.464+0000] {processor.py:840} INFO - DAG(s) 'example_display_name' retrieved from /home/airflow/.local/lib/python3.12/site-packages/airflow/example_dags/example_display_name.py
[2026-08-24T13:58:24.489+0000] {logging_mixin.py:188} INFO - [2026-08-24T13:58:24.489+0000] {dag.py:3096} INFO - Sync 1 DAGs
[2026-08-24T13:58:24.506+0000] {logging_mixin.py:188} INFO - [2026-08-24T13:58:24.505+0000] {dag.py:3954} INFO - Setting next_dagrun for example_display_name to None, run_after=None
[2026-08-24T13:58:24.528+0000] {processor.py:183} INFO - Processing /home/airflow/.local/lib/python3.12/site-packages/airflow/example_dags/example_display_name.py took 0.082 seconds
[2026-08-24T13:58:54.653+0000] {processor.py:161} INFO - Started process (PID=916) to work on /home/airflow/.local/lib/python3.12/site-packages/airflow/example_dags/example_display_name.py
[2026-08-24T13:58:54.654+0000] {processor.py:830} INFO - Processing file /home/airflow/.local/lib/python3.12/site-packages/airflow/example_dags/example_display_name.py for tasks to queue
[2026-08-24T13:58:54.657+0000] {logging_mixin.py:188} INFO - [2026-08-24T13:58:54.656+0000] {dagbag.py:545} INFO - Filling up the DagBag from /home/airflow/.local/lib/python3.12/site-packages/airflow/example_dags/example_display_name.py
[2026-08-24T13:58:54.664+0000] {processor.py:840} INFO - DAG(s) 'example_display_name' retrieved from /home/airflow/.local/lib/python3.12/site-packages/airflow/example_dags/example_display_name.py
[2026-08-24T13:58:54.687+0000] {logging_mixin.py:188} INFO - [2026-08-24T13:58:54.687+0000] {dag.py:3096} INFO - Sync 1 DAGs
[2026-08-24T13:58:54.703+0000] {logging_mixin.py:188} INFO - [2026-08-24T13:58:54.703+0000] {dag.py:3954} INFO - Setting next_dagrun for example_display_name to None, run_after=None
[2026-08-24T13:58:54.725+0000] {processor.py:183} INFO - Processing /home/airflow/.local/lib/python3.12/site-packages/airflow/example_dags/example_display_name.py took 0.080 seconds
[2026-08-24T14:00:36.193+0000] {processor.py:161} INFO - Started process (PID=101) to work on /home/airflow/.local/lib/python3.12/site-packages/airflow/example_dags/example_display_name.py
[2026-08-24T14:00:36.195+0000] {processor.py:830} INFO - Processing file /home/airflow/.local/lib/python3.12/site-packages/airflow/example_dags/example_display_name.py for tasks to queue
[2026-08-24T14:00:36.199+0000] {logging_mixin.py:188} INFO - [2026-08-24T14:00:36.198+0000] {dagbag.py:545} INFO - Filling up the DagBag from /home/airflow/.local/lib/python3.12/site-packages/airflow/example_dags/example_display_name.py
[2026-08-24T14:00:36.218+0000] {processor.py:840} INFO - DAG(s) 'example_display_name' retrieved from /home/airflow/.local/lib/python3.12/site-packages/airflow/example_dags/example_display_name.py
[2026-08-24T14:00:36.443+0000] {logging_mixin.py:188} INFO - [2026-08-24T14:00:36.442+0000] {dag.py:3096} INFO - Sync 1 DAGs
[2026-08-24T14:00:36.467+0000] {logging_mixin.py:188} INFO - [2026-08-24T14:00:36.466+0000] {dag.py:3954} INFO - Setting next_dagrun for example_display_name to None, run_after=None
[2026-08-24T14:00:36.499+0000] {processor.py:183} INFO - Processing /home/airflow/.local/lib/python3.12/site-packages/airflow/example_dags/example_display_name.py took 0.317 seconds
[2026-08-24T14:01:07.199+0000] {processor.py:161} INFO - Started process (PID=160) to work on /home/airflow/.local/lib/python3.12/site-packages/airflow/example_dags/example_display_name.py
[2026-08-24T14:01:07.202+0000] {processor.py:830} INFO - Processing file /home/airflow/.local/lib/python3.12/site-packages/airflow/example_dags/example_display_name.py for tasks to queue
[2026-08-24T14:01:07.211+0000] {logging_mixin.py:188} INFO - [2026-08-24T14:01:07.211+0000] {dagbag.py:545} INFO - Filling up the DagBag from /home/airflow/.local/lib/python3.12/site-packages/airflow/example_dags/example_display_name.py
[2026-08-24T14:01:07.227+0000] {processor.py:840} INFO - DAG(s) 'example_display_name' retrieved from /home/airflow/.local/lib/python3.12/site-packages/airflow/example_dags/example_display_name.py
[2026-08-24T14:01:07.267+0000] {logging_mixin.py:188} INFO - [2026-08-24T14:01:07.267+0000] {dag.py:3096} INFO - Sync 1 DAGs
[2026-08-24T14:01:07.301+0000] {logging_mixin.py:188} INFO - [2026-08-24T14:01:07.301+0000] {dag.py:3954} INFO - Setting next_dagrun for example_display_name to None, run_after=None
[2026-08-24T14:01:07.330+0000] {processor.py:183} INFO - Processing /home/airflow/.local/lib/python3.12/site-packages/airflow/example_dags/example_display_name.py took 0.149 seconds
[2026-08-24T14:01:37.482+0000] {processor.py:161} INFO - Started process (PID=219) to work on /home/airflow/.local/lib/python3.12/site-packages/airflow/example_dags/example_display_name.py
[2026-08-24T14:01:37.483+0000] {processor.py:830} INFO - Processing file /home/airflow/.local/lib/python3.12/site-packages/airflow/example_dags/example_display_name.py for tasks to queue
[2026-08-24T14:01:37.486+0000] {logging_mixin.py:188} INFO - [2026-08-24T14:01:37.485+0000] {dagbag.py:545} INFO - Filling up the DagBag from /home/airflow/.local/lib/python3.12/site-packages/airflow/example_dags/example_display_name.py
[2026-08-24T14:01:37.493+0000] {processor.py:840} INFO - DAG(s) 'example_display_name' retrieved from /home/airflow/.local/lib/python3.12/site-packages/airflow/example_dags/example_display_name.py
[2026-08-24T14:01:37.518+0000] {logging_mixin.py:188} INFO - [2026-08-24T14:01:37.518+0000] {dag.py:3096} INFO - Sync 1 DAGs
[2026-08-24T14:01:37.535+0000] {logging_mixin.py:188} INFO - [2026-08-24T14:01:37.535+0000] {dag.py:3954} INFO - Setting next_dagrun for example_display_name to None, run_after=None
[2026-08-24T14:01:37.565+0000] {processor.py:183} INFO - Processing /home/airflow/.local/lib/python3.12/site-packages/airflow/example_dags/example_display_name.py took 0.091 seconds
[2026-08-24T14:02:08.329+0000] {processor.py:161} INFO - Started process (PID=278) to work on /home/airflow/.local/lib/python3.12/site-packages/airflow/example_dags/example_display_name.py
[2026-08-24T14:02:08.330+0000] {processor.py:830} INFO - Processing file /home/airflow/.local/lib/python3.12/site-packages/airflow/example_dags/example_display_name.py for tasks to queue
[2026-08-24T14:02:08.333+0000] {logging_mixin.py:188} INFO - [2026-08-24T14:02:08.333+0000] {dagbag.py:545} INFO - Filling up the DagBag from /home/airflow/.local/lib/python3.12/site-packages/airflow/example_dags/example_display_name.py
[2026-08-24T14:02:08.342+0000] {processor.py:840} INFO - DAG(s) 'example_display_name' retrieved from /home/airflow/.local/lib/python3.12/site-packages/airflow/example_dags/example_display_name.py
[2026-08-24T14:02:08.366+0000] {logging_mixin.py:188} INFO - [2026-08-24T14:02:08.366+0000] {dag.py:3096} INFO - Sync 1 DAGs
[2026-08-24T14:02:08.383+0000] {logging_mixin.py:188} INFO - [2026-08-24T14:02:08.382+0000] {dag.py:3954} INFO - Setting next_dagrun for example_display_name to None, run_after=None
[2026-08-24T14:02:08.407+0000] {processor.py:183} INFO - Processing /home/airflow/.local/lib/python3.12/site-packages/airflow/example_dags/example_display_name.py took 0.084 seconds
[2026-08-24T14:02:38.494+0000] {processor.py:161} INFO - Started process (PID=338) to work on /home/airflow/.local/lib/python3.12/site-packages/airflow/example_dags/example_display_name.py
[2026-08-24T14:02:38.495+0000] {processor.py:830} INFO - Processing file /home/airflow/.local/lib/python3.12/site-packages/airflow/example_dags/example_display_name.py for tasks to queue
[2026-08-24T14:02:38.498+0000] {logging_mixin.py:188} INFO - [2026-08-24T14:02:38.497+0000] {dagbag.py:545} INFO - Filling up the DagBag from /home/airflow/.local/lib/python3.12/site-packages/airflow/example_dags/example_display_name.py
[2026-08-24T14:02:38.505+0000] {processor.py:840} INFO - DAG(s) 'example_display_name' retrieved from /home/airflow/.local/lib/python3.12/site-packages/airflow/example_dags/example_display_name.py
[2026-08-24T14:02:38.529+0000] {logging_mixin.py:188} INFO - [2026-08-24T14:02:38.529+0000] {dag.py:3096} INFO - Sync 1 DAGs
[2026-08-24T14:02:38.545+0000] {logging_mixin.py:188} INFO - [2026-08-24T14:02:38.545+0000] {dag.py:3954} INFO - Setting next_dagrun for example_display_name to None, run_after=None
[2026-08-24T14:02:38.569+0000] {processor.py:183} INFO - Processing /home/airflow/.local/lib/python3.12/site-packages/airflow/example_dags/example_display_name.py took 0.082 seconds
[2026-08-24T14:03:08.955+0000] {processor.py:161} INFO - Started process (PID=397) to work on /home/airflow/.local/lib/python3.12/site-packages/airflow/example_dags/example_display_name.py
[2026-08-24T14:03:08.957+0000] {processor.py:830} INFO - Processing file /home/airflow/.local/lib/python3.12/site-packages/airflow/example_dags/example_display_name.py for tasks to queue
[2026-08-24T14:03:08.959+0000] {logging_mixin.py:188} INFO - [2026-08-24T14:03:08.959+0000] {dagbag.py:545} INFO - Filling up the DagBag from /home/airflow/.local/lib/python3.12/site-packages/airflow/example_dags/example_display_name.py
[2026-08-24T14:03:08.967+0000] {processor.py:840} INFO - DAG(s) 'example_display_name' retrieved from /home/airflow/.local/lib/python3.12/site-packages/airflow/example_dags/example_display_name.py
[2026-08-24T14:03:08.992+0000] {logging_mixin.py:188} INFO - [2026-08-24T14:03:08.992+0000] {dag.py:3096} INFO - Sync 1 DAGs
[2026-08-24T14:03:09.012+0000] {logging_mixin.py:188} INFO - [2026-08-24T14:03:09.011+0000] {dag.py:3954} INFO - Setting next_dagrun for example_display_name to None, run_after=None
[2026-08-24T14:03:09.035+0000] {processor.py:183} INFO - Processing /home/airflow/.local/lib/python3.12/site-packages/airflow/example_dags/example_display_name.py took 0.089 seconds
[2026-08-24T14:07:39.782+0000] {processor.py:161} INFO - Started process (PID=107) to work on /home/airflow/.local/lib/python3.12/site-packages/airflow/example_dags/example_display_name.py
[2026-08-24T14:07:39.784+0000] {processor.py:830} INFO - Processing file /home/airflow/.local/lib/python3.12/site-packages/airflow/example_dags/example_display_name.py for tasks to queue
[2026-08-24T14:07:39.788+0000] {logging_mixin.py:188} INFO - [2026-08-24T14:07:39.787+0000] {dagbag.py:545} INFO - Filling up the DagBag from /home/airflow/.local/lib/python3.12/site-packages/airflow/example_dags/example_display_name.py
[2026-08-24T14:07:39.806+0000] {processor.py:840} INFO - DAG(s) 'example_display_name' retrieved from /home/airflow/.local/lib/python3.12/site-packages/airflow/example_dags/example_display_name.py
[2026-08-24T14:07:39.976+0000] {logging_mixin.py:188} INFO - [2026-08-24T14:07:39.975+0000] {dag.py:3096} INFO - Sync 1 DAGs
[2026-08-24T14:07:39.994+0000] {logging_mixin.py:188} INFO - [2026-08-24T14:07:39.993+0000] {dag.py:3954} INFO - Setting next_dagrun for example_display_name to None, run_after=None
[2026-08-24T14:07:40.029+0000] {processor.py:183} INFO - Processing /home/airflow/.local/lib/python3.12/site-packages/airflow/example_dags/example_display_name.py took 0.256 seconds
[2026-08-24T14:08:10.392+0000] {processor.py:161} INFO - Started process (PID=166) to work on /home/airflow/.local/lib/python3.12/site-packages/airflow/example_dags/example_display_name.py
[2026-08-24T14:08:10.393+0000] {processor.py:830} INFO - Processing file /home/airflow/.local/lib/python3.12/site-packages/airflow/example_dags/example_display_name.py for tasks to queue
[2026-08-24T14:08:10.396+0000] {logging_mixin.py:188} INFO - [2026-08-24T14:08:10.395+0000] {dagbag.py:545} INFO - Filling up the DagBag from /home/airflow/.local/lib/python3.12/site-packages/airflow/example_dags/example_display_name.py
[2026-08-24T14:08:10.404+0000] {processor.py:840} INFO - DAG(s) 'example_display_name' retrieved from /home/airflow/.local/lib/python3.12/site-packages/airflow/example_dags/example_display_name.py
[2026-08-24T14:08:10.429+0000] {logging_mixin.py:188} INFO - [2026-08-24T14:08:10.429+0000] {dag.py:3096} INFO - Sync 1 DAGs
[2026-08-24T14:08:10.446+0000] {logging_mixin.py:188} INFO - [2026-08-24T14:08:10.445+0000] {dag.py:3954} INFO - Setting next_dagrun for example_display_name to None, run_after=None
[2026-08-24T14:08:10.471+0000] {processor.py:183} INFO - Processing /home/airflow/.local/lib/python3.12/site-packages/airflow/example_dags/example_display_name.py took 0.087 seconds
[2026-08-24T14:08:41.332+0000] {processor.py:161} INFO - Started process (PID=225) to work on /home/airflow/.local/lib/python3.12/site-packages/airflow/example_dags/example_display_name.py
[2026-08-24T14:08:41.334+0000] {processor.py:830} INFO - Processing file /home/airflow/.local/lib/python3.12/site-packages/airflow/example_dags/example_display_name.py for tasks to queue
[2026-08-24T14:08:41.337+0000] {logging_mixin.py:188} INFO - [2026-08-24T14:08:41.337+0000] {dagbag.py:545} INFO - Filling up the DagBag from /home/airflow/.local/lib/python3.12/site-packages/airflow/example_dags/example_display_name.py
[2026-08-24T14:08:41.345+0000] {processor.py:840} INFO - DAG(s) 'example_display_name' retrieved from /home/airflow/.local/lib/python3.12/site-packages/airflow/example_dags/example_display_name.py
[2026-08-24T14:08:41.374+0000] {logging_mixin.py:188} INFO - [2026-08-24T14:08:41.374+0000] {dag.py:3096} INFO - Sync 1 DAGs
[2026-08-24T14:08:41.393+0000] {logging_mixin.py:188} INFO - [2026-08-24T14:08:41.393+0000] {dag.py:3954} INFO - Setting next_dagrun for example_display_name to None, run_after=None
[2026-08-24T14:08:41.433+0000] {processor.py:183} INFO - Processing /home/airflow/.local/lib/python3.12/site-packages/airflow/example_dags/example_display_name.py took 0.109 seconds
[2026-08-24T14:09:11.684+0000] {processor.py:161} INFO - Started process (PID=284) to work on /home/airflow/.local/lib/python3.12/site-packages/airflow/example_dags/example_display_name.py
[2026-08-24T14:09:11.685+0000] {processor.py:830} INFO - Processing file /home/airflow/.local/lib/python3.12/site-packages/airflow/example_dags/example_display_name.py for tasks to queue
[2026-08-24T14:09:11.688+0000] {logging_mixin.py:188} INFO - [2026-08-24T14:09:11.688+0000] {dagbag.py:545} INFO - Filling up the DagBag from /home/airflow/.local/lib/python3.12/site-packages/airflow/example_dags/example_display_name.py
[2026-08-24T14:09:11.700+0000] {processor.py:840} INFO - DAG(s) 'example_display_name' retrieved from /home/airflow/.local/lib/python3.12/site-packages/airflow/example_dags/example_display_name.py
[2026-08-24T14:09:11.730+0000] {logging_mixin.py:188} INFO - [2026-08-24T14:09:11.730+0000] {dag.py:3096} INFO - Sync 1 DAGs
[2026-08-24T14:09:11.752+0000] {logging_mixin.py:188} INFO - [2026-08-24T14:09:11.752+0000] {dag.py:3954} INFO - Setting next_dagrun for example_display_name to None, run_after=None
[2026-08-24T14:09:11.780+0000] {processor.py:183} INFO - Processing /home/airflow/.local/lib/python3.12/site-packages/airflow/example_dags/example_display_name.py took 0.106 seconds
[2026-08-24T14:09:42.098+0000] {processor.py:161} INFO - Started process (PID=343) to work on /home/airflow/.local/lib/python3.12/site-packages/airflow/example_dags/example_display_name.py
[2026-08-24T14:09:42.100+0000] {processor.py:830} INFO - Processing file /home/airflow/.local/lib/python3.12/site-packages/airflow/example_dags/example_display_name.py for tasks to queue
[2026-08-24T14:09:42.103+0000] {logging_mixin.py:188} INFO - [2026-08-24T14:09:42.102+0000] {dagbag.py:545} INFO - Filling up the DagBag from /home/airflow/.local/lib/python3.12/site-packages/airflow/example_dags/example_display_name.py
[2026-08-24T14:09:42.111+0000] {processor.py:840} INFO - DAG(s) 'example_display_name' retrieved from /home/airflow/.local/lib/python3.12/site-packages/airflow/example_dags/example_display_name.py
[2026-08-24T14:09:42.136+0000] {logging_mixin.py:188} INFO - [2026-08-24T14:09:42.135+0000] {dag.py:3096} INFO - Sync 1 DAGs
[2026-08-24T14:09:42.155+0000] {logging_mixin.py:188} INFO - [2026-08-24T14:09:42.154+0000] {dag.py:3954} INFO - Setting next_dagrun for example_display_name to None, run_after=None
[2026-08-24T14:09:42.184+0000] {processor.py:183} INFO - Processing /home/airflow/.local/lib/python3.12/site-packages/airflow/example_dags/example_display_name.py took 0.093 seconds
[2026-08-24T14:10:12.711+0000] {processor.py:161} INFO - Started process (PID=402) to work on /home/airflow/.local/lib/python3.12/site-packages/airflow/example_dags/example_display_name.py
[2026-08-24T14:10:12.713+0000] {processor.py:830} INFO - Processing file /home/airflow/.local/lib/python3.12/site-packages/airflow/example_dags/example_display_name.py for tasks to queue
[2026-08-24T14:10:12.716+0000] {logging_mixin.py:188} INFO - [2026-08-24T14:10:12.715+0000] {dagbag.py:545} INFO - Filling up the DagBag from /home/airflow/.local/lib/python3.12/site-packages/airflow/example_dags/example_display_name.py
[2026-08-24T14:10:12.724+0000] {processor.py:840} INFO - DAG(s) 'example_display_name' retrieved from /home/airflow/.local/lib/python3.12/site-packages/airflow/example_dags/example_display_name.py
[2026-08-24T14:10:12.750+0000] {logging_mixin.py:188} INFO - [2026-08-24T14:10:12.749+0000] {dag.py:3096} INFO - Sync 1 DAGs
[2026-08-24T14:10:12.769+0000] {logging_mixin.py:188} INFO - [2026-08-24T14:10:12.768+0000] {dag.py:3954} INFO - Setting next_dagrun for example_display_name to None, run_after=None
[2026-08-24T14:10:12.792+0000] {processor.py:183} INFO - Processing /home/airflow/.local/lib/python3.12/site-packages/airflow/example_dags/example_display_name.py took 0.089 seconds
[2026-08-24T14:10:43.290+0000] {processor.py:161} INFO - Started process (PID=461) to work on /home/airflow/.local/lib/python3.12/site-packages/airflow/example_dags/example_display_name.py
[2026-08-24T14:10:43.292+0000] {processor.py:830} INFO - Processing file /home/airflow/.local/lib/python3.12/site-packages/airflow/example_dags/example_display_name.py for tasks to queue
[2026-08-24T14:10:43.294+0000] {logging_mixin.py:188} INFO - [2026-08-24T14:10:43.294+0000] {dagbag.py:545} INFO - Filling up the DagBag from /home/airflow/.local/lib/python3.12/site-packages/airflow/example_dags/example_display_name.py
[2026-08-24T14:10:43.304+0000] {processor.py:840} INFO - DAG(s) 'example_display_name' retrieved from /home/airflow/.local/lib/python3.12/site-packages/airflow/example_dags/example_display_name.py
[2026-08-24T14:10:43.330+0000] {logging_mixin.py:188} INFO - [2026-08-24T14:10:43.330+0000] {dag.py:3096} INFO - Sync 1 DAGs
[2026-08-24T14:10:43.346+0000] {logging_mixin.py:188} INFO - [2026-08-24T14:10:43.346+0000] {dag.py:3954} INFO - Setting next_dagrun for example_display_name to None, run_after=None
[2026-08-24T14:10:43.371+0000] {processor.py:183} INFO - Processing /home/airflow/.local/lib/python3.12/site-packages/airflow/example_dags/example_display_name.py took 0.088 seconds
[2026-08-24T14:13:26.548+0000] {processor.py:161} INFO - Started process (PID=111) to work on /home/airflow/.local/lib/python3.12/site-packages/airflow/example_dags/example_display_name.py
[2026-08-24T14:13:26.549+0000] {processor.py:830} INFO - Processing file /home/airflow/.local/lib/python3.12/site-packages/airflow/example_dags/example_display_name.py for tasks to queue
[2026-08-24T14:13:26.552+0000] {logging_mixin.py:188} INFO - [2026-08-24T14:13:26.551+0000] {dagbag.py:545} INFO - Filling up the DagBag from /home/airflow/.local/lib/python3.12/site-packages/airflow/example_dags/example_display_name.py
[2026-08-24T14:13:26.566+0000] {processor.py:840} INFO - DAG(s) 'example_display_name' retrieved from /home/airflow/.local/lib/python3.12/site-packages/airflow/example_dags/example_display_name.py
[2026-08-24T14:13:26.720+0000] {logging_mixin.py:188} INFO - [2026-08-24T14:13:26.720+0000] {dag.py:3096} INFO - Sync 1 DAGs
[2026-08-24T14:13:26.738+0000] {logging_mixin.py:188} INFO - [2026-08-24T14:13:26.738+0000] {dag.py:3954} INFO - Setting next_dagrun for example_display_name to None, run_after=None
[2026-08-24T14:13:26.771+0000] {processor.py:183} INFO - Processing /home/airflow/.local/lib/python3.12/site-packages/airflow/example_dags/example_display_name.py took 0.233 seconds
[2026-08-24T14:13:56.822+0000] {processor.py:161} INFO - Started process (PID=170) to work on /home/airflow/.local/lib/python3.12/site-packages/airflow/example_dags/example_display_name.py
[2026-08-24T14:13:56.823+0000] {processor.py:830} INFO - Processing file /home/airflow/.local/lib/python3.12/site-packages/airflow/example_dags/example_display_name.py for tasks to queue
[2026-08-24T14:13:56.825+0000] {logging_mixin.py:188} INFO - [2026-08-24T14:13:56.825+0000] {dagbag.py:545} INFO - Filling up the DagBag from /home/airflow/.local/lib/python3.12/site-packages/airflow/example_dags/example_display_name.py
[2026-08-24T14:13:56.832+0000] {processor.py:840} INFO - DAG(s) 'example_display_name' retrieved from /home/airflow/.local/lib/python3.12/site-packages/airflow/example_dags/example_display_name.py
[2026-08-24T14:13:56.856+0000] {logging_mixin.py:188} INFO - [2026-08-24T14:13:56.856+0000] {dag.py:3096} INFO - Sync 1 DAGs
[2026-08-24T14:13:56.873+0000] {logging_mixin.py:188} INFO - [2026-08-24T14:13:56.872+0000] {dag.py:3954} INFO - Setting next_dagrun for example_display_name to None, run_after=None
[2026-08-24T14:13:56.897+0000] {processor.py:183} INFO - Processing /home/airflow/.local/lib/python3.12/site-packages/airflow/example_dags/example_display_name.py took 0.083 seconds
[2026-08-24T14:14:27.404+0000] {processor.py:161} INFO - Started process (PID=229) to work on /home/airflow/.local/lib/python3.12/site-packages/airflow/example_dags/example_display_name.py
[2026-08-24T14:14:27.405+0000] {processor.py:830} INFO - Processing file /home/airflow/.local/lib/python3.12/site-packages/airflow/example_dags/example_display_name.py for tasks to queue
[2026-08-24T14:14:27.408+0000] {logging_mixin.py:188} INFO - [2026-08-24T14:14:27.408+0000] {dagbag.py:545} INFO - Filling up the DagBag from /home/airflow/.local/lib/python3.12/site-packages/airflow/example_dags/example_display_name.py
[2026-08-24T14:14:27.416+0000] {processor.py:840} INFO - DAG(s) 'example_display_name' retrieved from /home/airflow/.local/lib/python3.12/site-packages/airflow/example_dags/example_display_name.py
[2026-08-24T14:14:27.444+0000] {logging_mixin.py:188} INFO - [2026-08-24T14:14:27.444+0000] {dag.py:3096} INFO - Sync 1 DAGs
[2026-08-24T14:14:27.464+0000] {logging_mixin.py:188} INFO - [2026-08-24T14:14:27.464+0000] {dag.py:3954} INFO - Setting next_dagrun for example_display_name to None, run_after=None
[2026-08-24T14:14:27.495+0000] {processor.py:183} INFO - Processing /home/airflow/.local/lib/python3.12/site-packages/airflow/example_dags/example_display_name.py took 0.099 seconds
[2026-08-24T14:14:58.018+0000] {processor.py:161} INFO - Started process (PID=288) to work on /home/airflow/.local/lib/python3.12/site-packages/airflow/example_dags/example_display_name.py
[2026-08-24T14:14:58.019+0000] {processor.py:830} INFO - Processing file /home/airflow/.local/lib/python3.12/site-packages/airflow/example_dags/example_display_name.py for tasks to queue
[2026-08-24T14:14:58.022+0000] {logging_mixin.py:188} INFO - [2026-08-24T14:14:58.021+0000] {dagbag.py:545} INFO - Filling up the DagBag from /home/airflow/.local/lib/python3.12/site-packages/airflow/example_dags/example_display_name.py
[2026-08-24T14:14:58.030+0000] {processor.py:840} INFO - DAG(s) 'example_display_name' retrieved from /home/airflow/.local/lib/python3.12/site-packages/airflow/example_dags/example_display_name.py
[2026-08-24T14:14:58.055+0000] {logging_mixin.py:188} INFO - [2026-08-24T14:14:58.055+0000] {dag.py:3096} INFO - Sync 1 DAGs
[2026-08-24T14:14:58.072+0000] {logging_mixin.py:188} INFO - [2026-08-24T14:14:58.071+0000] {dag.py:3954} INFO - Setting next_dagrun for example_display_name to None, run_after=None
[2026-08-24T14:14:58.093+0000] {processor.py:183} INFO - Processing /home/airflow/.local/lib/python3.12/site-packages/airflow/example_dags/example_display_name.py took 0.084 seconds
[2026-08-24T14:15:28.698+0000] {processor.py:161} INFO - Started process (PID=347) to work on /home/airflow/.local/lib/python3.12/site-packages/airflow/example_dags/example_display_name.py
[2026-08-24T14:15:28.699+0000] {processor.py:830} INFO - Processing file /home/airflow/.local/lib/python3.12/site-packages/airflow/example_dags/example_display_name.py for tasks to queue
[2026-08-24T14:15:28.701+0000] {logging_mixin.py:188} INFO - [2026-08-24T14:15:28.701+0000] {dagbag.py:545} INFO - Filling up the DagBag from /home/airflow/.local/lib/python3.12/site-packages/airflow/example_dags/example_display_name.py
[2026-08-24T14:15:28.709+0000] {processor.py:840} INFO - DAG(s) 'example_display_name' retrieved from /home/airflow/.local/lib/python3.12/site-packages/airflow/example_dags/example_display_name.py
[2026-08-24T14:15:28.736+0000] {logging_mixin.py:188} INFO - [2026-08-24T14:15:28.736+0000] {dag.py:3096} INFO - Sync 1 DAGs
[2026-08-24T14:15:28.752+0000] {logging_mixin.py:188} INFO - [2026-08-24T14:15:28.752+0000] {dag.py:3954} INFO - Setting next_dagrun for example_display_name to None, run_after=None
[2026-08-24T14:15:28.775+0000] {processor.py:183} INFO - Processing /home/airflow/.local/lib/python3.12/site-packages/airflow/example_dags/example_display_name.py took 0.085 seconds
[2026-08-24T14:15:59.263+0000] {processor.py:161} INFO - Started process (PID=406) to work on /home/airflow/.local/lib/python3.12/site-packages/airflow/example_dags/example_display_name.py
[2026-08-24T14:15:59.264+0000] {processor.py:830} INFO - Processing file /home/airflow/.local/lib/python3.12/site-packages/airflow/example_dags/example_display_name.py for tasks to queue
[2026-08-24T14:15:59.267+0000] {logging_mixin.py:188} INFO - [2026-08-24T14:15:59.267+0000] {dagbag.py:545} INFO - Filling up the DagBag from /home/airflow/.local/lib/python3.12/site-packages/airflow/example_dags/example_display_name.py
[2026-08-24T14:15:59.275+0000] {processor.py:840} INFO - DAG(s) 'example_display_name' retrieved from /home/airflow/.local/lib/python3.12/site-packages/airflow/example_dags/example_display_name.py
[2026-08-24T14:15:59.300+0000] {logging_mixin.py:188} INFO - [2026-08-24T14:15:59.300+0000] {dag.py:3096} INFO - Sync 1 DAGs
[2026-08-24T14:15:59.318+0000] {logging_mixin.py:188} INFO - [2026-08-24T14:15:59.318+0000] {dag.py:3954} INFO - Setting next_dagrun for example_display_name to None, run_after=None
[2026-08-24T14:15:59.342+0000] {processor.py:183} INFO - Processing /home/airflow/.local/lib/python3.12/site-packages/airflow/example_dags/example_display_name.py took 0.087 seconds
[2026-08-24T14:16:29.680+0000] {processor.py:161} INFO - Started process (PID=465) to work on /home/airflow/.local/lib/python3.12/site-packages/airflow/example_dags/example_display_name.py
[2026-08-24T14:16:29.684+0000] {processor.py:830} INFO - Processing file /home/airflow/.local/lib/python3.12/site-packages/airflow/example_dags/example_display_name.py for tasks to queue
[2026-08-24T14:16:29.687+0000] {logging_mixin.py:188} INFO - [2026-08-24T14:16:29.686+0000] {dagbag.py:545} INFO - Filling up the DagBag from /home/airflow/.local/lib/python3.12/site-packages/airflow/example_dags/example_display_name.py
[2026-08-24T14:16:29.699+0000] {processor.py:840} INFO - DAG(s) 'example_display_name' retrieved from /home/airflow/.local/lib/python3.12/site-packages/airflow/example_dags/example_display_name.py
[2026-08-24T14:16:29.727+0000] {logging_mixin.py:188} INFO - [2026-08-24T14:16:29.727+0000] {dag.py:3096} INFO - Sync 1 DAGs
[2026-08-24T14:16:29.749+0000] {logging_mixin.py:188} INFO - [2026-08-24T14:16:29.749+0000] {dag.py:3954} INFO - Setting next_dagrun for example_display_name to None, run_after=None
[2026-08-24T14:16:29.780+0000] {processor.py:183} INFO - Processing /home/airflow/.local/lib/python3.12/site-packages/airflow/example_dags/example_display_name.py took 0.110 seconds
[2026-08-24T14:17:00.082+0000] {processor.py:161} INFO - Started process (PID=524) to work on /home/airflow/.local/lib/python3.12/site-packages/airflow/example_dags/example_display_name.py
[2026-08-24T14:17:00.083+0000] {processor.py:830} INFO - Processing file /home/airflow/.local/lib/python3.12/site-packages/airflow/example_dags/example_display_name.py for tasks to queue
[2026-08-24T14:17:00.086+0000] {logging_mixin.py:188} INFO - [2026-08-24T14:17:00.086+0000] {dagbag.py:545} INFO - Filling up the DagBag from /home/airflow/.local/lib/python3.12/site-packages/airflow/example_dags/example_display_name.py
[2026-08-24T14:17:00.096+0000] {processor.py:840} INFO - DAG(s) 'example_display_name' retrieved from /home/airflow/.local/lib/python3.12/site-packages/airflow/example_dags/example_display_name.py
[2026-08-24T14:17:00.122+0000] {logging_mixin.py:188} INFO - [2026-08-24T14:17:00.122+0000] {dag.py:3096} INFO - Sync 1 DAGs
[2026-08-24T14:17:00.144+0000] {logging_mixin.py:188} INFO - [2026-08-24T14:17:00.143+0000] {dag.py:3954} INFO - Setting next_dagrun for example_display_name to None, run_after=None
[2026-08-24T14:17:00.170+0000] {processor.py:183} INFO - Processing /home/airflow/.local/lib/python3.12/site-packages/airflow/example_dags/example_display_name.py took 0.098 seconds
[2026-08-24T14:17:30.864+0000] {processor.py:161} INFO - Started process (PID=583) to work on /home/airflow/.local/lib/python3.12/site-packages/airflow/example_dags/example_display_name.py
[2026-08-24T14:17:30.865+0000] {processor.py:830} INFO - Processing file /home/airflow/.local/lib/python3.12/site-packages/airflow/example_dags/example_display_name.py for tasks to queue
[2026-08-24T14:17:30.869+0000] {logging_mixin.py:188} INFO - [2026-08-24T14:17:30.869+0000] {dagbag.py:545} INFO - Filling up the DagBag from /home/airflow/.local/lib/python3.12/site-packages/airflow/example_dags/example_display_name.py
[2026-08-24T14:17:30.881+0000] {processor.py:840} INFO - DAG(s) 'example_display_name' retrieved from /home/airflow/.local/lib/python3.12/site-packages/airflow/example_dags/example_display_name.py
[2026-08-24T14:17:30.944+0000] {logging_mixin.py:188} INFO - [2026-08-24T14:17:30.944+0000] {dag.py:3096} INFO - Sync 1 DAGs
[2026-08-24T14:17:30.985+0000] {logging_mixin.py:188} INFO - [2026-08-24T14:17:30.984+0000] {dag.py:3954} INFO - Setting next_dagrun for example_display_name to None, run_after=None
[2026-08-24T14:17:31.044+0000] {processor.py:183} INFO - Processing /home/airflow/.local/lib/python3.12/site-packages/airflow/example_dags/example_display_name.py took 0.192 seconds
[2026-08-24T14:18:01.674+0000] {processor.py:161} INFO - Started process (PID=642) to work on /home/airflow/.local/lib/python3.12/site-packages/airflow/example_dags/example_display_name.py
[2026-08-24T14:18:01.675+0000] {processor.py:830} INFO - Processing file /home/airflow/.local/lib/python3.12/site-packages/airflow/example_dags/example_display_name.py for tasks to queue
[2026-08-24T14:18:01.678+0000] {logging_mixin.py:188} INFO - [2026-08-24T14:18:01.677+0000] {dagbag.py:545} INFO - Filling up the DagBag from /home/airflow/.local/lib/python3.12/site-packages/airflow/example_dags/example_display_name.py
[2026-08-24T14:18:01.686+0000] {processor.py:840} INFO - DAG(s) 'example_display_name' retrieved from /home/airflow/.local/lib/python3.12/site-packages/airflow/example_dags/example_display_name.py
[2026-08-24T14:18:01.721+0000] {logging_mixin.py:188} INFO - [2026-08-24T14:18:01.720+0000] {dag.py:3096} INFO - Sync 1 DAGs
[2026-08-24T14:18:01.742+0000] {logging_mixin.py:188} INFO - [2026-08-24T14:18:01.742+0000] {dag.py:3954} INFO - Setting next_dagrun for example_display_name to None, run_after=None
[2026-08-24T14:18:01.770+0000] {processor.py:183} INFO - Processing /home/airflow/.local/lib/python3.12/site-packages/airflow/example_dags/example_display_name.py took 0.104 seconds
[2026-08-24T14:18:33.068+0000] {processor.py:161} INFO - Started process (PID=702) to work on /home/airflow/.local/lib/python3.12/site-packages/airflow/example_dags/example_display_name.py
[2026-08-24T14:18:33.069+0000] {processor.py:830} INFO - Processing file /home/airflow/.local/lib/python3.12/site-packages/airflow/example_dags/example_display_name.py for tasks to queue
[2026-08-24T14:18:33.072+0000] {logging_mixin.py:188} INFO - [2026-08-24T14:18:33.071+0000] {dagbag.py:545} INFO - Filling up the DagBag from /home/airflow/.local/lib/python3.12/site-packages/airflow/example_dags/example_display_name.py
[2026-08-24T14:18:33.080+0000] {processor.py:840} INFO - DAG(s) 'example_display_name' retrieved from /home/airflow/.local/lib/python3.12/site-packages/airflow/example_dags/example_display_name.py
[2026-08-24T14:18:33.110+0000] {logging_mixin.py:188} INFO - [2026-08-24T14:18:33.109+0000] {dag.py:3096} INFO - Sync 1 DAGs
[2026-08-24T14:18:33.128+0000] {logging_mixin.py:188} INFO - [2026-08-24T14:18:33.128+0000] {dag.py:3954} INFO - Setting next_dagrun for example_display_name to None, run_after=None
[2026-08-24T14:18:33.154+0000] {processor.py:183} INFO - Processing /home/airflow/.local/lib/python3.12/site-packages/airflow/example_dags/example_display_name.py took 0.094 seconds
[2026-08-24T14:19:03.709+0000] {processor.py:161} INFO - Started process (PID=761) to work on /home/airflow/.local/lib/python3.12/site-packages/airflow/example_dags/example_display_name.py
[2026-08-24T14:19:03.710+0000] {processor.py:830} INFO - Processing file /home/airflow/.local/lib/python3.12/site-packages/airflow/example_dags/example_display_name.py for tasks to queue
[2026-08-24T14:19:03.714+0000] {logging_mixin.py:188} INFO - [2026-08-24T14:19:03.713+0000] {dagbag.py:545} INFO - Filling up the DagBag from /home/airflow/.local/lib/python3.12/site-packages/airflow/example_dags/example_display_name.py
[2026-08-24T14:19:03.723+0000] {processor.py:840} INFO - DAG(s) 'example_display_name' retrieved from /home/airflow/.local/lib/python3.12/site-packages/airflow/example_dags/example_display_name.py
[2026-08-24T14:19:03.771+0000] {logging_mixin.py:188} INFO - [2026-08-24T14:19:03.769+0000] {dag.py:3096} INFO - Sync 1 DAGs
[2026-08-24T14:19:03.818+0000] {logging_mixin.py:188} INFO - [2026-08-24T14:19:03.817+0000] {dag.py:3954} INFO - Setting next_dagrun for example_display_name to None, run_after=None
[2026-08-24T14:19:03.882+0000] {processor.py:183} INFO - Processing /home/airflow/.local/lib/python3.12/site-packages/airflow/example_dags/example_display_name.py took 0.185 seconds
[2026-08-24T14:19:34.042+0000] {processor.py:161} INFO - Started process (PID=820) to work on /home/airflow/.local/lib/python3.12/site-packages/airflow/example_dags/example_display_name.py
[2026-08-24T14:19:34.043+0000] {processor.py:830} INFO - Processing file /home/airflow/.local/lib/python3.12/site-packages/airflow/example_dags/example_display_name.py for tasks to queue
[2026-08-24T14:19:34.046+0000] {logging_mixin.py:188} INFO - [2026-08-24T14:19:34.046+0000] {dagbag.py:545} INFO - Filling up the DagBag from /home/airflow/.local/lib/python3.12/site-packages/airflow/example_dags/example_display_name.py
[2026-08-24T14:19:34.054+0000] {processor.py:840} INFO - DAG(s) 'example_display_name' retrieved from /home/airflow/.local/lib/python3.12/site-packages/airflow/example_dags/example_display_name.py
[2026-08-24T14:19:34.080+0000] {logging_mixin.py:188} INFO - [2026-08-24T14:19:34.080+0000] {dag.py:3096} INFO - Sync 1 DAGs
[2026-08-24T14:19:34.098+0000] {logging_mixin.py:188} INFO - [2026-08-24T14:19:34.097+0000] {dag.py:3954} INFO - Setting next_dagrun for example_display_name to None, run_after=None
[2026-08-24T14:19:34.125+0000] {processor.py:183} INFO - Processing /home/airflow/.local/lib/python3.12/site-packages/airflow/example_dags/example_display_name.py took 0.090 seconds
[2026-08-24T14:20:04.750+0000] {processor.py:161} INFO - Started process (PID=880) to work on /home/airflow/.local/lib/python3.12/site-packages/airflow/example_dags/example_display_name.py
[2026-08-24T14:20:04.751+0000] {processor.py:830} INFO - Processing file /home/airflow/.local/lib/python3.12/site-packages/airflow/example_dags/example_display_name.py for tasks to queue
[2026-08-24T14:20:04.754+0000] {logging_mixin.py:188} INFO - [2026-08-24T14:20:04.754+0000] {dagbag.py:545} INFO - Filling up the DagBag from /home/airflow/.local/lib/python3.12/site-packages/airflow/example_dags/example_display_name.py
[2026-08-24T14:20:04.761+0000] {processor.py:840} INFO - DAG(s) 'example_display_name' retrieved from /home/airflow/.local/lib/python3.12/site-packages/airflow/example_dags/example_display_name.py
[2026-08-24T14:20:04.785+0000] {logging_mixin.py:188} INFO - [2026-08-24T14:20:04.785+0000] {dag.py:3096} INFO - Sync 1 DAGs
[2026-08-24T14:20:04.803+0000] {logging_mixin.py:188} INFO - [2026-08-24T14:20:04.803+0000] {dag.py:3954} INFO - Setting next_dagrun for example_display_name to None, run_after=None
[2026-08-24T14:20:04.826+0000] {processor.py:183} INFO - Processing /home/airflow/.local/lib/python3.12/site-packages/airflow/example_dags/example_display_name.py took 0.083 seconds
[2026-08-24T14:22:16.580+0000] {processor.py:161} INFO - Started process (PID=111) to work on /home/airflow/.local/lib/python3.12/site-packages/airflow/example_dags/example_display_name.py
[2026-08-24T14:22:16.581+0000] {processor.py:830} INFO - Processing file /home/airflow/.local/lib/python3.12/site-packages/airflow/example_dags/example_display_name.py for tasks to queue
[2026-08-24T14:22:16.584+0000] {logging_mixin.py:188} INFO - [2026-08-24T14:22:16.583+0000] {dagbag.py:545} INFO - Filling up the DagBag from /home/airflow/.local/lib/python3.12/site-packages/airflow/example_dags/example_display_name.py
[2026-08-24T14:22:16.600+0000] {processor.py:840} INFO - DAG(s) 'example_display_name' retrieved from /home/airflow/.local/lib/python3.12/site-packages/airflow/example_dags/example_display_name.py
[2026-08-24T14:22:16.732+0000] {logging_mixin.py:188} INFO - [2026-08-24T14:22:16.732+0000] {dag.py:3096} INFO - Sync 1 DAGs
[2026-08-24T14:22:16.746+0000] {logging_mixin.py:188} INFO - [2026-08-24T14:22:16.746+0000] {dag.py:3954} INFO - Setting next_dagrun for example_display_name to None, run_after=None
[2026-08-24T14:22:17.589+0000] {processor.py:183} INFO - Processing /home/airflow/.local/lib/python3.12/site-packages/airflow/example_dags/example_display_name.py took 1.018 seconds
[2026-08-24T14:23:01.075+0000] {processor.py:161} INFO - Started process (PID=90) to work on /home/airflow/.local/lib/python3.12/site-packages/airflow/example_dags/example_display_name.py
[2026-08-24T14:23:01.077+0000] {processor.py:830} INFO - Processing file /home/airflow/.local/lib/python3.12/site-packages/airflow/example_dags/example_display_name.py for tasks to queue
[2026-08-24T14:23:01.079+0000] {logging_mixin.py:188} INFO - [2026-08-24T14:23:01.079+0000] {dagbag.py:545} INFO - Filling up the DagBag from /home/airflow/.local/lib/python3.12/site-packages/airflow/example_dags/example_display_name.py
[2026-08-24T14:23:01.091+0000] {processor.py:840} INFO - DAG(s) 'example_display_name' retrieved from /home/airflow/.local/lib/python3.12/site-packages/airflow/example_dags/example_display_name.py
[2026-08-24T14:23:01.121+0000] {logging_mixin.py:188} INFO - [2026-08-24T14:23:01.120+0000] {dag.py:3096} INFO - Sync 1 DAGs
[2026-08-24T14:23:01.137+0000] {logging_mixin.py:188} INFO - [2026-08-24T14:23:01.136+0000] {dag.py:3954} INFO - Setting next_dagrun for example_display_name to None, run_after=None
[2026-08-24T14:23:01.160+0000] {processor.py:183} INFO - Processing /home/airflow/.local/lib/python3.12/site-packages/airflow/example_dags/example_display_name.py took 0.092 seconds
[2026-08-24T14:23:31.655+0000] {processor.py:161} INFO - Started process (PID=150) to work on /home/airflow/.local/lib/python3.12/site-packages/airflow/example_dags/example_display_name.py
[2026-08-24T14:23:31.657+0000] {processor.py:830} INFO - Processing file /home/airflow/.local/lib/python3.12/site-packages/airflow/example_dags/example_display_name.py for tasks to queue
[2026-08-24T14:23:31.659+0000] {logging_mixin.py:188} INFO - [2026-08-24T14:23:31.659+0000] {dagbag.py:545} INFO - Filling up the DagBag from /home/airflow/.local/lib/python3.12/site-packages/airflow/example_dags/example_display_name.py
[2026-08-24T14:23:31.666+0000] {processor.py:840} INFO - DAG(s) 'example_display_name' retrieved from /home/airflow/.local/lib/python3.12/site-packages/airflow/example_dags/example_display_name.py
[2026-08-24T14:23:31.690+0000] {logging_mixin.py:188} INFO - [2026-08-24T14:23:31.690+0000] {dag.py:3096} INFO - Sync 1 DAGs
[2026-08-24T14:23:31.709+0000] {logging_mixin.py:188} INFO - [2026-08-24T14:23:31.709+0000] {dag.py:3954} INFO - Setting next_dagrun for example_display_name to None, run_after=None
[2026-08-24T14:23:31.737+0000] {processor.py:183} INFO - Processing /home/airflow/.local/lib/python3.12/site-packages/airflow/example_dags/example_display_name.py took 0.090 seconds
[2026-08-24T14:24:04.261+0000] {processor.py:161} INFO - Started process (PID=216) to work on /home/airflow/.local/lib/python3.12/site-packages/airflow/example_dags/example_display_name.py
[2026-08-24T14:24:04.263+0000] {processor.py:830} INFO - Processing file /home/airflow/.local/lib/python3.12/site-packages/airflow/example_dags/example_display_name.py for tasks to queue
[2026-08-24T14:24:04.267+0000] {logging_mixin.py:188} INFO - [2026-08-24T14:24:04.267+0000] {dagbag.py:545} INFO - Filling up the DagBag from /home/airflow/.local/lib/python3.12/site-packages/airflow/example_dags/example_display_name.py
[2026-08-24T14:24:04.276+0000] {processor.py:840} INFO - DAG(s) 'example_display_name' retrieved from /home/airflow/.local/lib/python3.12/site-packages/airflow/example_dags/example_display_name.py
[2026-08-24T14:24:04.304+0000] {logging_mixin.py:188} INFO - [2026-08-24T14:24:04.304+0000] {dag.py:3096} INFO - Sync 1 DAGs
[2026-08-24T14:24:04.326+0000] {logging_mixin.py:188} INFO - [2026-08-24T14:24:04.326+0000] {dag.py:3954} INFO - Setting next_dagrun for example_display_name to None, run_after=None
[2026-08-24T14:24:04.357+0000] {processor.py:183} INFO - Processing /home/airflow/.local/lib/python3.12/site-packages/airflow/example_dags/example_display_name.py took 0.106 seconds
[2026-08-24T14:24:35.326+0000] {processor.py:161} INFO - Started process (PID=276) to work on /home/airflow/.local/lib/python3.12/site-packages/airflow/example_dags/example_display_name.py
[2026-08-24T14:24:35.328+0000] {processor.py:830} INFO - Processing file /home/airflow/.local/lib/python3.12/site-packages/airflow/example_dags/example_display_name.py for tasks to queue
[2026-08-24T14:24:35.332+0000] {logging_mixin.py:188} INFO - [2026-08-24T14:24:35.331+0000] {dagbag.py:545} INFO - Filling up the DagBag from /home/airflow/.local/lib/python3.12/site-packages/airflow/example_dags/example_display_name.py
[2026-08-24T14:24:35.340+0000] {processor.py:840} INFO - DAG(s) 'example_display_name' retrieved from /home/airflow/.local/lib/python3.12/site-packages/airflow/example_dags/example_display_name.py
[2026-08-24T14:24:35.365+0000] {logging_mixin.py:188} INFO - [2026-08-24T14:24:35.365+0000] {dag.py:3096} INFO - Sync 1 DAGs
[2026-08-24T14:24:35.383+0000] {logging_mixin.py:188} INFO - [2026-08-24T14:24:35.382+0000] {dag.py:3954} INFO - Setting next_dagrun for example_display_name to None, run_after=None
[2026-08-24T14:24:35.409+0000] {processor.py:183} INFO - Processing /home/airflow/.local/lib/python3.12/site-packages/airflow/example_dags/example_display_name.py took 0.091 seconds
[2026-08-24T14:25:06.152+0000] {processor.py:161} INFO - Started process (PID=336) to work on /home/airflow/.local/lib/python3.12/site-packages/airflow/example_dags/example_display_name.py
[2026-08-24T14:25:06.153+0000] {processor.py:830} INFO - Processing file /home/airflow/.local/lib/python3.12/site-packages/airflow/example_dags/example_display_name.py for tasks to queue
[2026-08-24T14:25:06.156+0000] {logging_mixin.py:188} INFO - [2026-08-24T14:25:06.155+0000] {dagbag.py:545} INFO - Filling up the DagBag from /home/airflow/.local/lib/python3.12/site-packages/airflow/example_dags/example_display_name.py
[2026-08-24T14:25:06.163+0000] {processor.py:840} INFO - DAG(s) 'example_display_name' retrieved from /home/airflow/.local/lib/python3.12/site-packages/airflow/example_dags/example_display_name.py
[2026-08-24T14:25:06.185+0000] {logging_mixin.py:188} INFO - [2026-08-24T14:25:06.185+0000] {dag.py:3096} INFO - Sync 1 DAGs
[2026-08-24T14:25:06.201+0000] {logging_mixin.py:188} INFO - [2026-08-24T14:25:06.200+0000] {dag.py:3954} INFO - Setting next_dagrun for example_display_name to None, run_after=None
[2026-08-24T14:25:06.223+0000] {processor.py:183} INFO - Processing /home/airflow/.local/lib/python3.12/site-packages/airflow/example_dags/example_display_name.py took 0.079 seconds
[2026-08-24T14:25:37.234+0000] {processor.py:161} INFO - Started process (PID=396) to work on /home/airflow/.local/lib/python3.12/site-packages/airflow/example_dags/example_display_name.py
[2026-08-24T14:25:37.235+0000] {processor.py:830} INFO - Processing file /home/airflow/.local/lib/python3.12/site-packages/airflow/example_dags/example_display_name.py for tasks to queue
[2026-08-24T14:25:37.238+0000] {logging_mixin.py:188} INFO - [2026-08-24T14:25:37.237+0000] {dagbag.py:545} INFO - Filling up the DagBag from /home/airflow/.local/lib/python3.12/site-packages/airflow/example_dags/example_display_name.py
[2026-08-24T14:25:37.246+0000] {processor.py:840} INFO - DAG(s) 'example_display_name' retrieved from /home/airflow/.local/lib/python3.12/site-packages/airflow/example_dags/example_display_name.py
[2026-08-24T14:25:37.274+0000] {logging_mixin.py:188} INFO - [2026-08-24T14:25:37.273+0000] {dag.py:3096} INFO - Sync 1 DAGs
[2026-08-24T14:25:37.295+0000] {logging_mixin.py:188} INFO - [2026-08-24T14:25:37.295+0000] {dag.py:3954} INFO - Setting next_dagrun for example_display_name to None, run_after=None
[2026-08-24T14:25:37.323+0000] {processor.py:183} INFO - Processing /home/airflow/.local/lib/python3.12/site-packages/airflow/example_dags/example_display_name.py took 0.097 seconds
[2026-08-24T14:26:07.391+0000] {processor.py:161} INFO - Started process (PID=454) to work on /home/airflow/.local/lib/python3.12/site-packages/airflow/example_dags/example_display_name.py
[2026-08-24T14:26:07.393+0000] {processor.py:830} INFO - Processing file /home/airflow/.local/lib/python3.12/site-packages/airflow/example_dags/example_display_name.py for tasks to queue
[2026-08-24T14:26:07.395+0000] {logging_mixin.py:188} INFO - [2026-08-24T14:26:07.395+0000] {dagbag.py:545} INFO - Filling up the DagBag from /home/airflow/.local/lib/python3.12/site-packages/airflow/example_dags/example_display_name.py
[2026-08-24T14:26:07.402+0000] {processor.py:840} INFO - DAG(s) 'example_display_name' retrieved from /home/airflow/.local/lib/python3.12/site-packages/airflow/example_dags/example_display_name.py
[2026-08-24T14:26:07.425+0000] {logging_mixin.py:188} INFO - [2026-08-24T14:26:07.425+0000] {dag.py:3096} INFO - Sync 1 DAGs
[2026-08-24T14:26:07.441+0000] {logging_mixin.py:188} INFO - [2026-08-24T14:26:07.440+0000] {dag.py:3954} INFO - Setting next_dagrun for example_display_name to None, run_after=None
[2026-08-24T14:26:07.463+0000] {processor.py:183} INFO - Processing /home/airflow/.local/lib/python3.12/site-packages/airflow/example_dags/example_display_name.py took 0.080 seconds
[2026-08-24T14:26:37.692+0000] {processor.py:161} INFO - Started process (PID=514) to work on /home/airflow/.local/lib/python3.12/site-packages/airflow/example_dags/example_display_name.py
[2026-08-24T14:26:37.694+0000] {processor.py:830} INFO - Processing file /home/airflow/.local/lib/python3.12/site-packages/airflow/example_dags/example_display_name.py for tasks to queue
[2026-08-24T14:26:37.696+0000] {logging_mixin.py:188} INFO - [2026-08-24T14:26:37.696+0000] {dagbag.py:545} INFO - Filling up the DagBag from /home/airflow/.local/lib/python3.12/site-packages/airflow/example_dags/example_display_name.py
[2026-08-24T14:26:37.704+0000] {processor.py:840} INFO - DAG(s) 'example_display_name' retrieved from /home/airflow/.local/lib/python3.12/site-packages/airflow/example_dags/example_display_name.py
[2026-08-24T14:26:37.729+0000] {logging_mixin.py:188} INFO - [2026-08-24T14:26:37.729+0000] {dag.py:3096} INFO - Sync 1 DAGs
[2026-08-24T14:26:37.750+0000] {logging_mixin.py:188} INFO - [2026-08-24T14:26:37.750+0000] {dag.py:3954} INFO - Setting next_dagrun for example_display_name to None, run_after=None
[2026-08-24T14:26:37.776+0000] {processor.py:183} INFO - Processing /home/airflow/.local/lib/python3.12/site-packages/airflow/example_dags/example_display_name.py took 0.092 seconds
[2026-08-24T14:27:08.305+0000] {processor.py:161} INFO - Started process (PID=574) to work on /home/airflow/.local/lib/python3.12/site-packages/airflow/example_dags/example_display_name.py
[2026-08-24T14:27:08.307+0000] {processor.py:830} INFO - Processing file /home/airflow/.local/lib/python3.12/site-packages/airflow/example_dags/example_display_name.py for tasks to queue
[2026-08-24T14:27:08.310+0000] {logging_mixin.py:188} INFO - [2026-08-24T14:27:08.309+0000] {dagbag.py:545} INFO - Filling up the DagBag from /home/airflow/.local/lib/python3.12/site-packages/airflow/example_dags/example_display_name.py
[2026-08-24T14:27:08.318+0000] {processor.py:840} INFO - DAG(s) 'example_display_name' retrieved from /home/airflow/.local/lib/python3.12/site-packages/airflow/example_dags/example_display_name.py
[2026-08-24T14:27:08.348+0000] {logging_mixin.py:188} INFO - [2026-08-24T14:27:08.348+0000] {dag.py:3096} INFO - Sync 1 DAGs
[2026-08-24T14:27:08.368+0000] {logging_mixin.py:188} INFO - [2026-08-24T14:27:08.368+0000] {dag.py:3954} INFO - Setting next_dagrun for example_display_name to None, run_after=None
[2026-08-24T14:27:08.394+0000] {processor.py:183} INFO - Processing /home/airflow/.local/lib/python3.12/site-packages/airflow/example_dags/example_display_name.py took 0.098 seconds
[2026-08-24T14:27:38.712+0000] {processor.py:161} INFO - Started process (PID=634) to work on /home/airflow/.local/lib/python3.12/site-packages/airflow/example_dags/example_display_name.py
[2026-08-24T14:27:38.713+0000] {processor.py:830} INFO - Processing file /home/airflow/.local/lib/python3.12/site-packages/airflow/example_dags/example_display_name.py for tasks to queue
[2026-08-24T14:27:38.716+0000] {logging_mixin.py:188} INFO - [2026-08-24T14:27:38.716+0000] {dagbag.py:545} INFO - Filling up the DagBag from /home/airflow/.local/lib/python3.12/site-packages/airflow/example_dags/example_display_name.py
[2026-08-24T14:27:38.723+0000] {processor.py:840} INFO - DAG(s) 'example_display_name' retrieved from /home/airflow/.local/lib/python3.12/site-packages/airflow/example_dags/example_display_name.py
[2026-08-24T14:27:38.751+0000] {logging_mixin.py:188} INFO - [2026-08-24T14:27:38.750+0000] {dag.py:3096} INFO - Sync 1 DAGs
[2026-08-24T14:27:38.771+0000] {logging_mixin.py:188} INFO - [2026-08-24T14:27:38.771+0000] {dag.py:3954} INFO - Setting next_dagrun for example_display_name to None, run_after=None
[2026-08-24T14:27:38.798+0000] {processor.py:183} INFO - Processing /home/airflow/.local/lib/python3.12/site-packages/airflow/example_dags/example_display_name.py took 0.093 seconds
[2026-08-24T14:28:08.942+0000] {processor.py:161} INFO - Started process (PID=694) to work on /home/airflow/.local/lib/python3.12/site-packages/airflow/example_dags/example_display_name.py
[2026-08-24T14:28:08.944+0000] {processor.py:830} INFO - Processing file /home/airflow/.local/lib/python3.12/site-packages/airflow/example_dags/example_display_name.py for tasks to queue
[2026-08-24T14:28:08.946+0000] {logging_mixin.py:188} INFO - [2026-08-24T14:28:08.946+0000] {dagbag.py:545} INFO - Filling up the DagBag from /home/airflow/.local/lib/python3.12/site-packages/airflow/example_dags/example_display_name.py
[2026-08-24T14:28:08.953+0000] {processor.py:840} INFO - DAG(s) 'example_display_name' retrieved from /home/airflow/.local/lib/python3.12/site-packages/airflow/example_dags/example_display_name.py
[2026-08-24T14:28:08.980+0000] {logging_mixin.py:188} INFO - [2026-08-24T14:28:08.980+0000] {dag.py:3096} INFO - Sync 1 DAGs
[2026-08-24T14:28:09.001+0000] {logging_mixin.py:188} INFO - [2026-08-24T14:28:09.000+0000] {dag.py:3954} INFO - Setting next_dagrun for example_display_name to None, run_after=None
[2026-08-24T14:28:09.026+0000] {processor.py:183} INFO - Processing /home/airflow/.local/lib/python3.12/site-packages/airflow/example_dags/example_display_name.py took 0.091 seconds
[2026-08-24T14:28:39.155+0000] {processor.py:161} INFO - Started process (PID=753) to work on /home/airflow/.local/lib/python3.12/site-packages/airflow/example_dags/example_display_name.py
[2026-08-24T14:28:39.156+0000] {processor.py:830} INFO - Processing file /home/airflow/.local/lib/python3.12/site-packages/airflow/example_dags/example_display_name.py for tasks to queue
[2026-08-24T14:28:39.159+0000] {logging_mixin.py:188} INFO - [2026-08-24T14:28:39.158+0000] {dagbag.py:545} INFO - Filling up the DagBag from /home/airflow/.local/lib/python3.12/site-packages/airflow/example_dags/example_display_name.py
[2026-08-24T14:28:39.166+0000] {processor.py:840} INFO - DAG(s) 'example_display_name' retrieved from /home/airflow/.local/lib/python3.12/site-packages/airflow/example_dags/example_display_name.py
[2026-08-24T14:28:39.190+0000] {logging_mixin.py:188} INFO - [2026-08-24T14:28:39.189+0000] {dag.py:3096} INFO - Sync 1 DAGs
[2026-08-24T14:28:39.205+0000] {logging_mixin.py:188} INFO - [2026-08-24T14:28:39.205+0000] {dag.py:3954} INFO - Setting next_dagrun for example_display_name to None, run_after=None
[2026-08-24T14:28:39.228+0000] {processor.py:183} INFO - Processing /home/airflow/.local/lib/python3.12/site-packages/airflow/example_dags/example_display_name.py took 0.081 seconds
[2026-08-24T14:29:09.955+0000] {processor.py:161} INFO - Started process (PID=813) to work on /home/airflow/.local/lib/python3.12/site-packages/airflow/example_dags/example_display_name.py
[2026-08-24T14:29:09.957+0000] {processor.py:830} INFO - Processing file /home/airflow/.local/lib/python3.12/site-packages/airflow/example_dags/example_display_name.py for tasks to queue
[2026-08-24T14:29:09.959+0000] {logging_mixin.py:188} INFO - [2026-08-24T14:29:09.959+0000] {dagbag.py:545} INFO - Filling up the DagBag from /home/airflow/.local/lib/python3.12/site-packages/airflow/example_dags/example_display_name.py
[2026-08-24T14:29:09.968+0000] {processor.py:840} INFO - DAG(s) 'example_display_name' retrieved from /home/airflow/.local/lib/python3.12/site-packages/airflow/example_dags/example_display_name.py
[2026-08-24T14:29:09.994+0000] {logging_mixin.py:188} INFO - [2026-08-24T14:29:09.994+0000] {dag.py:3096} INFO - Sync 1 DAGs
[2026-08-24T14:29:10.014+0000] {logging_mixin.py:188} INFO - [2026-08-24T14:29:10.013+0000] {dag.py:3954} INFO - Setting next_dagrun for example_display_name to None, run_after=None
[2026-08-24T14:29:10.045+0000] {processor.py:183} INFO - Processing /home/airflow/.local/lib/python3.12/site-packages/airflow/example_dags/example_display_name.py took 0.096 seconds
[2026-08-24T14:29:40.506+0000] {processor.py:161} INFO - Started process (PID=874) to work on /home/airflow/.local/lib/python3.12/site-packages/airflow/example_dags/example_display_name.py
[2026-08-24T14:29:40.508+0000] {processor.py:830} INFO - Processing file /home/airflow/.local/lib/python3.12/site-packages/airflow/example_dags/example_display_name.py for tasks to queue
[2026-08-24T14:29:40.510+0000] {logging_mixin.py:188} INFO - [2026-08-24T14:29:40.510+0000] {dagbag.py:545} INFO - Filling up the DagBag from /home/airflow/.local/lib/python3.12/site-packages/airflow/example_dags/example_display_name.py
[2026-08-24T14:29:40.517+0000] {processor.py:840} INFO - DAG(s) 'example_display_name' retrieved from /home/airflow/.local/lib/python3.12/site-packages/airflow/example_dags/example_display_name.py
[2026-08-24T14:29:40.541+0000] {logging_mixin.py:188} INFO - [2026-08-24T14:29:40.541+0000] {dag.py:3096} INFO - Sync 1 DAGs
[2026-08-24T14:29:40.557+0000] {logging_mixin.py:188} INFO - [2026-08-24T14:29:40.556+0000] {dag.py:3954} INFO - Setting next_dagrun for example_display_name to None, run_after=None
[2026-08-24T14:29:40.611+0000] {processor.py:183} INFO - Processing /home/airflow/.local/lib/python3.12/site-packages/airflow/example_dags/example_display_name.py took 0.114 seconds
[2026-08-24T14:30:10.710+0000] {processor.py:161} INFO - Started process (PID=934) to work on /home/airflow/.local/lib/python3.12/site-packages/airflow/example_dags/example_display_name.py
[2026-08-24T14:30:10.711+0000] {processor.py:830} INFO - Processing file /home/airflow/.local/lib/python3.12/site-packages/airflow/example_dags/example_display_name.py for tasks to queue
[2026-08-24T14:30:10.714+0000] {logging_mixin.py:188} INFO - [2026-08-24T14:30:10.714+0000] {dagbag.py:545} INFO - Filling up the DagBag from /home/airflow/.local/lib/python3.12/site-packages/airflow/example_dags/example_display_name.py
[2026-08-24T14:30:10.723+0000] {processor.py:840} INFO - DAG(s) 'example_display_name' retrieved from /home/airflow/.local/lib/python3.12/site-packages/airflow/example_dags/example_display_name.py
[2026-08-24T14:30:10.748+0000] {logging_mixin.py:188} INFO - [2026-08-24T14:30:10.748+0000] {dag.py:3096} INFO - Sync 1 DAGs
[2026-08-24T14:30:10.764+0000] {logging_mixin.py:188} INFO - [2026-08-24T14:30:10.764+0000] {dag.py:3954} INFO - Setting next_dagrun for example_display_name to None, run_after=None
[2026-08-24T14:30:10.789+0000] {processor.py:183} INFO - Processing /home/airflow/.local/lib/python3.12/site-packages/airflow/example_dags/example_display_name.py took 0.086 seconds
[2026-08-24T14:30:41.586+0000] {processor.py:161} INFO - Started process (PID=995) to work on /home/airflow/.local/lib/python3.12/site-packages/airflow/example_dags/example_display_name.py
[2026-08-24T14:30:41.588+0000] {processor.py:830} INFO - Processing file /home/airflow/.local/lib/python3.12/site-packages/airflow/example_dags/example_display_name.py for tasks to queue
[2026-08-24T14:30:41.590+0000] {logging_mixin.py:188} INFO - [2026-08-24T14:30:41.590+0000] {dagbag.py:545} INFO - Filling up the DagBag from /home/airflow/.local/lib/python3.12/site-packages/airflow/example_dags/example_display_name.py
[2026-08-24T14:30:41.597+0000] {processor.py:840} INFO - DAG(s) 'example_display_name' retrieved from /home/airflow/.local/lib/python3.12/site-packages/airflow/example_dags/example_display_name.py
[2026-08-24T14:30:41.624+0000] {logging_mixin.py:188} INFO - [2026-08-24T14:30:41.624+0000] {dag.py:3096} INFO - Sync 1 DAGs
[2026-08-24T14:30:41.641+0000] {logging_mixin.py:188} INFO - [2026-08-24T14:30:41.641+0000] {dag.py:3954} INFO - Setting next_dagrun for example_display_name to None, run_after=None
[2026-08-24T14:30:41.666+0000] {processor.py:183} INFO - Processing /home/airflow/.local/lib/python3.12/site-packages/airflow/example_dags/example_display_name.py took 0.087 seconds
[2026-08-24T14:31:12.295+0000] {processor.py:161} INFO - Started process (PID=1055) to work on /home/airflow/.local/lib/python3.12/site-packages/airflow/example_dags/example_display_name.py
[2026-08-24T14:31:12.297+0000] {processor.py:830} INFO - Processing file /home/airflow/.local/lib/python3.12/site-packages/airflow/example_dags/example_display_name.py for tasks to queue
[2026-08-24T14:31:12.299+0000] {logging_mixin.py:188} INFO - [2026-08-24T14:31:12.299+0000] {dagbag.py:545} INFO - Filling up the DagBag from /home/airflow/.local/lib/python3.12/site-packages/airflow/example_dags/example_display_name.py
[2026-08-24T14:31:12.307+0000] {processor.py:840} INFO - DAG(s) 'example_display_name' retrieved from /home/airflow/.local/lib/python3.12/site-packages/airflow/example_dags/example_display_name.py
[2026-08-24T14:31:12.332+0000] {logging_mixin.py:188} INFO - [2026-08-24T14:31:12.331+0000] {dag.py:3096} INFO - Sync 1 DAGs
[2026-08-24T14:31:12.349+0000] {logging_mixin.py:188} INFO - [2026-08-24T14:31:12.348+0000] {dag.py:3954} INFO - Setting next_dagrun for example_display_name to None, run_after=None
[2026-08-24T14:31:12.373+0000] {processor.py:183} INFO - Processing /home/airflow/.local/lib/python3.12/site-packages/airflow/example_dags/example_display_name.py took 0.085 seconds
[2026-08-24T14:35:24.961+0000] {processor.py:161} INFO - Started process (PID=113) to work on /home/airflow/.local/lib/python3.12/site-packages/airflow/example_dags/example_display_name.py
[2026-08-24T14:35:24.963+0000] {processor.py:830} INFO - Processing file /home/airflow/.local/lib/python3.12/site-packages/airflow/example_dags/example_display_name.py for tasks to queue
[2026-08-24T14:35:24.967+0000] {logging_mixin.py:188} INFO - [2026-08-24T14:35:24.966+0000] {dagbag.py:545} INFO - Filling up the DagBag from /home/airflow/.local/lib/python3.12/site-packages/airflow/example_dags/example_display_name.py
[2026-08-24T14:35:24.984+0000] {processor.py:840} INFO - DAG(s) 'example_display_name' retrieved from /home/airflow/.local/lib/python3.12/site-packages/airflow/example_dags/example_display_name.py
[2026-08-24T14:35:25.151+0000] {logging_mixin.py:188} INFO - [2026-08-24T14:35:25.151+0000] {dag.py:3096} INFO - Sync 1 DAGs
[2026-08-24T14:35:25.167+0000] {logging_mixin.py:188} INFO - [2026-08-24T14:35:25.167+0000] {dag.py:3954} INFO - Setting next_dagrun for example_display_name to None, run_after=None
[2026-08-24T14:35:25.203+0000] {processor.py:183} INFO - Processing /home/airflow/.local/lib/python3.12/site-packages/airflow/example_dags/example_display_name.py took 0.252 seconds
[2026-08-24T14:35:55.263+0000] {processor.py:161} INFO - Started process (PID=173) to work on /home/airflow/.local/lib/python3.12/site-packages/airflow/example_dags/example_display_name.py
[2026-08-24T14:35:55.264+0000] {processor.py:830} INFO - Processing file /home/airflow/.local/lib/python3.12/site-packages/airflow/example_dags/example_display_name.py for tasks to queue
[2026-08-24T14:35:55.267+0000] {logging_mixin.py:188} INFO - [2026-08-24T14:35:55.267+0000] {dagbag.py:545} INFO - Filling up the DagBag from /home/airflow/.local/lib/python3.12/site-packages/airflow/example_dags/example_display_name.py
[2026-08-24T14:35:55.275+0000] {processor.py:840} INFO - DAG(s) 'example_display_name' retrieved from /home/airflow/.local/lib/python3.12/site-packages/airflow/example_dags/example_display_name.py
[2026-08-24T14:35:55.301+0000] {logging_mixin.py:188} INFO - [2026-08-24T14:35:55.300+0000] {dag.py:3096} INFO - Sync 1 DAGs
[2026-08-24T14:35:55.317+0000] {logging_mixin.py:188} INFO - [2026-08-24T14:35:55.316+0000] {dag.py:3954} INFO - Setting next_dagrun for example_display_name to None, run_after=None
[2026-08-24T14:35:55.340+0000] {processor.py:183} INFO - Processing /home/airflow/.local/lib/python3.12/site-packages/airflow/example_dags/example_display_name.py took 0.084 seconds
[2026-08-24T14:36:26.564+0000] {processor.py:161} INFO - Started process (PID=233) to work on /home/airflow/.local/lib/python3.12/site-packages/airflow/example_dags/example_display_name.py
[2026-08-24T14:36:26.566+0000] {processor.py:830} INFO - Processing file /home/airflow/.local/lib/python3.12/site-packages/airflow/example_dags/example_display_name.py for tasks to queue
[2026-08-24T14:36:26.569+0000] {logging_mixin.py:188} INFO - [2026-08-24T14:36:26.568+0000] {dagbag.py:545} INFO - Filling up the DagBag from /home/airflow/.local/lib/python3.12/site-packages/airflow/example_dags/example_display_name.py
[2026-08-24T14:36:26.576+0000] {processor.py:840} INFO - DAG(s) 'example_display_name' retrieved from /home/airflow/.local/lib/python3.12/site-packages/airflow/example_dags/example_display_name.py
[2026-08-24T14:36:26.603+0000] {logging_mixin.py:188} INFO - [2026-08-24T14:36:26.603+0000] {dag.py:3096} INFO - Sync 1 DAGs
[2026-08-24T14:36:26.625+0000] {logging_mixin.py:188} INFO - [2026-08-24T14:36:26.625+0000] {dag.py:3954} INFO - Setting next_dagrun for example_display_name to None, run_after=None
[2026-08-24T14:36:26.651+0000] {processor.py:183} INFO - Processing /home/airflow/.local/lib/python3.12/site-packages/airflow/example_dags/example_display_name.py took 0.095 seconds
[2026-08-24T14:36:57.544+0000] {processor.py:161} INFO - Started process (PID=294) to work on /home/airflow/.local/lib/python3.12/site-packages/airflow/example_dags/example_display_name.py
[2026-08-24T14:36:57.545+0000] {processor.py:830} INFO - Processing file /home/airflow/.local/lib/python3.12/site-packages/airflow/example_dags/example_display_name.py for tasks to queue
[2026-08-24T14:36:57.549+0000] {logging_mixin.py:188} INFO - [2026-08-24T14:36:57.548+0000] {dagbag.py:545} INFO - Filling up the DagBag from /home/airflow/.local/lib/python3.12/site-packages/airflow/example_dags/example_display_name.py
[2026-08-24T14:36:57.563+0000] {processor.py:840} INFO - DAG(s) 'example_display_name' retrieved from /home/airflow/.local/lib/python3.12/site-packages/airflow/example_dags/example_display_name.py
[2026-08-24T14:36:57.615+0000] {logging_mixin.py:188} INFO - [2026-08-24T14:36:57.615+0000] {dag.py:3096} INFO - Sync 1 DAGs
[2026-08-24T14:36:57.643+0000] {logging_mixin.py:188} INFO - [2026-08-24T14:36:57.643+0000] {dag.py:3954} INFO - Setting next_dagrun for example_display_name to None, run_after=None
[2026-08-24T14:36:57.681+0000] {processor.py:183} INFO - Processing /home/airflow/.local/lib/python3.12/site-packages/airflow/example_dags/example_display_name.py took 0.149 seconds
[2026-08-24T14:37:28.720+0000] {processor.py:161} INFO - Started process (PID=353) to work on /home/airflow/.local/lib/python3.12/site-packages/airflow/example_dags/example_display_name.py
[2026-08-24T14:37:28.722+0000] {processor.py:830} INFO - Processing file /home/airflow/.local/lib/python3.12/site-packages/airflow/example_dags/example_display_name.py for tasks to queue
[2026-08-24T14:37:28.725+0000] {logging_mixin.py:188} INFO - [2026-08-24T14:37:28.725+0000] {dagbag.py:545} INFO - Filling up the DagBag from /home/airflow/.local/lib/python3.12/site-packages/airflow/example_dags/example_display_name.py
[2026-08-24T14:37:28.734+0000] {processor.py:840} INFO - DAG(s) 'example_display_name' retrieved from /home/airflow/.local/lib/python3.12/site-packages/airflow/example_dags/example_display_name.py
[2026-08-24T14:37:28.774+0000] {logging_mixin.py:188} INFO - [2026-08-24T14:37:28.773+0000] {dag.py:3096} INFO - Sync 1 DAGs
[2026-08-24T14:37:28.800+0000] {logging_mixin.py:188} INFO - [2026-08-24T14:37:28.800+0000] {dag.py:3954} INFO - Setting next_dagrun for example_display_name to None, run_after=None
[2026-08-24T14:37:28.843+0000] {processor.py:183} INFO - Processing /home/airflow/.local/lib/python3.12/site-packages/airflow/example_dags/example_display_name.py took 0.131 seconds
[2026-08-24T14:37:58.997+0000] {processor.py:161} INFO - Started process (PID=412) to work on /home/airflow/.local/lib/python3.12/site-packages/airflow/example_dags/example_display_name.py
[2026-08-24T14:37:58.998+0000] {processor.py:830} INFO - Processing file /home/airflow/.local/lib/python3.12/site-packages/airflow/example_dags/example_display_name.py for tasks to queue
[2026-08-24T14:37:59.002+0000] {logging_mixin.py:188} INFO - [2026-08-24T14:37:59.001+0000] {dagbag.py:545} INFO - Filling up the DagBag from /home/airflow/.local/lib/python3.12/site-packages/airflow/example_dags/example_display_name.py
[2026-08-24T14:37:59.012+0000] {processor.py:840} INFO - DAG(s) 'example_display_name' retrieved from /home/airflow/.local/lib/python3.12/site-packages/airflow/example_dags/example_display_name.py
[2026-08-24T14:37:59.041+0000] {logging_mixin.py:188} INFO - [2026-08-24T14:37:59.040+0000] {dag.py:3096} INFO - Sync 1 DAGs
[2026-08-24T14:37:59.059+0000] {logging_mixin.py:188} INFO - [2026-08-24T14:37:59.058+0000] {dag.py:3954} INFO - Setting next_dagrun for example_display_name to None, run_after=None
[2026-08-24T14:37:59.083+0000] {processor.py:183} INFO - Processing /home/airflow/.local/lib/python3.12/site-packages/airflow/example_dags/example_display_name.py took 0.093 seconds
[2026-08-24T14:38:29.430+0000] {processor.py:161} INFO - Started process (PID=473) to work on /home/airflow/.local/lib/python3.12/site-packages/airflow/example_dags/example_display_name.py
[2026-08-24T14:38:29.431+0000] {processor.py:830} INFO - Processing file /home/airflow/.local/lib/python3.12/site-packages/airflow/example_dags/example_display_name.py for tasks to queue
[2026-08-24T14:38:29.434+0000] {logging_mixin.py:188} INFO - [2026-08-24T14:38:29.433+0000] {dagbag.py:545} INFO - Filling up the DagBag from /home/airflow/.local/lib/python3.12/site-packages/airflow/example_dags/example_display_name.py
[2026-08-24T14:38:29.444+0000] {processor.py:840} INFO - DAG(s) 'example_display_name' retrieved from /home/airflow/.local/lib/python3.12/site-packages/airflow/example_dags/example_display_name.py
[2026-08-24T14:38:29.477+0000] {logging_mixin.py:188} INFO - [2026-08-24T14:38:29.477+0000] {dag.py:3096} INFO - Sync 1 DAGs
[2026-08-24T14:38:29.497+0000] {logging_mixin.py:188} INFO - [2026-08-24T14:38:29.497+0000] {dag.py:3954} INFO - Setting next_dagrun for example_display_name to None, run_after=None
[2026-08-24T14:38:29.526+0000] {processor.py:183} INFO - Processing /home/airflow/.local/lib/python3.12/site-packages/airflow/example_dags/example_display_name.py took 0.106 seconds
[2026-08-24T14:38:59.879+0000] {processor.py:161} INFO - Started process (PID=533) to work on /home/airflow/.local/lib/python3.12/site-packages/airflow/example_dags/example_display_name.py
[2026-08-24T14:38:59.881+0000] {processor.py:830} INFO - Processing file /home/airflow/.local/lib/python3.12/site-packages/airflow/example_dags/example_display_name.py for tasks to queue
[2026-08-24T14:38:59.885+0000] {logging_mixin.py:188} INFO - [2026-08-24T14:38:59.884+0000] {dagbag.py:545} INFO - Filling up the DagBag from /home/airflow/.local/lib/python3.12/site-packages/airflow/example_dags/example_display_name.py
[2026-08-24T14:38:59.905+0000] {processor.py:840} INFO - DAG(s) 'example_display_name' retrieved from /home/airflow/.local/lib/python3.12/site-packages/airflow/example_dags/example_display_name.py
[2026-08-24T14:38:59.979+0000] {logging_mixin.py:188} INFO - [2026-08-24T14:38:59.979+0000] {dag.py:3096} INFO - Sync 1 DAGs
[2026-08-24T14:39:00.046+0000] {logging_mixin.py:188} INFO - [2026-08-24T14:39:00.045+0000] {dag.py:3954} INFO - Setting next_dagrun for example_display_name to None, run_after=None
[2026-08-24T14:39:00.097+0000] {processor.py:183} INFO - Processing /home/airflow/.local/lib/python3.12/site-packages/airflow/example_dags/example_display_name.py took 0.230 seconds
[2026-08-24T14:41:17.469+0000] {processor.py:161} INFO - Started process (PID=118) to work on /home/airflow/.local/lib/python3.12/site-packages/airflow/example_dags/example_display_name.py
[2026-08-24T14:41:17.472+0000] {processor.py:830} INFO - Processing file /home/airflow/.local/lib/python3.12/site-packages/airflow/example_dags/example_display_name.py for tasks to queue
[2026-08-24T14:41:17.476+0000] {logging_mixin.py:188} INFO - [2026-08-24T14:41:17.475+0000] {dagbag.py:545} INFO - Filling up the DagBag from /home/airflow/.local/lib/python3.12/site-packages/airflow/example_dags/example_display_name.py
[2026-08-24T14:41:17.494+0000] {processor.py:840} INFO - DAG(s) 'example_display_name' retrieved from /home/airflow/.local/lib/python3.12/site-packages/airflow/example_dags/example_display_name.py
[2026-08-24T14:41:17.663+0000] {logging_mixin.py:188} INFO - [2026-08-24T14:41:17.663+0000] {dag.py:3096} INFO - Sync 1 DAGs
[2026-08-24T14:41:17.679+0000] {logging_mixin.py:188} INFO - [2026-08-24T14:41:17.678+0000] {dag.py:3954} INFO - Setting next_dagrun for example_display_name to None, run_after=None
[2026-08-24T14:41:17.939+0000] {processor.py:183} INFO - Processing /home/airflow/.local/lib/python3.12/site-packages/airflow/example_dags/example_display_name.py took 0.480 seconds
[2026-08-24T14:41:48.308+0000] {processor.py:161} INFO - Started process (PID=178) to work on /home/airflow/.local/lib/python3.12/site-packages/airflow/example_dags/example_display_name.py
[2026-08-24T14:41:48.310+0000] {processor.py:830} INFO - Processing file /home/airflow/.local/lib/python3.12/site-packages/airflow/example_dags/example_display_name.py for tasks to queue
[2026-08-24T14:41:48.312+0000] {logging_mixin.py:188} INFO - [2026-08-24T14:41:48.312+0000] {dagbag.py:545} INFO - Filling up the DagBag from /home/airflow/.local/lib/python3.12/site-packages/airflow/example_dags/example_display_name.py
[2026-08-24T14:41:48.320+0000] {processor.py:840} INFO - DAG(s) 'example_display_name' retrieved from /home/airflow/.local/lib/python3.12/site-packages/airflow/example_dags/example_display_name.py
[2026-08-24T14:41:48.349+0000] {logging_mixin.py:188} INFO - [2026-08-24T14:41:48.348+0000] {dag.py:3096} INFO - Sync 1 DAGs
[2026-08-24T14:41:48.368+0000] {logging_mixin.py:188} INFO - [2026-08-24T14:41:48.368+0000] {dag.py:3954} INFO - Setting next_dagrun for example_display_name to None, run_after=None
[2026-08-24T14:41:48.394+0000] {processor.py:183} INFO - Processing /home/airflow/.local/lib/python3.12/site-packages/airflow/example_dags/example_display_name.py took 0.093 seconds
[2026-08-24T14:42:19.309+0000] {processor.py:161} INFO - Started process (PID=237) to work on /home/airflow/.local/lib/python3.12/site-packages/airflow/example_dags/example_display_name.py
[2026-08-24T14:42:19.311+0000] {processor.py:830} INFO - Processing file /home/airflow/.local/lib/python3.12/site-packages/airflow/example_dags/example_display_name.py for tasks to queue
[2026-08-24T14:42:19.318+0000] {logging_mixin.py:188} INFO - [2026-08-24T14:42:19.317+0000] {dagbag.py:545} INFO - Filling up the DagBag from /home/airflow/.local/lib/python3.12/site-packages/airflow/example_dags/example_display_name.py
[2026-08-24T14:42:19.335+0000] {processor.py:840} INFO - DAG(s) 'example_display_name' retrieved from /home/airflow/.local/lib/python3.12/site-packages/airflow/example_dags/example_display_name.py
[2026-08-24T14:42:19.395+0000] {logging_mixin.py:188} INFO - [2026-08-24T14:42:19.395+0000] {dag.py:3096} INFO - Sync 1 DAGs
[2026-08-24T14:42:19.444+0000] {logging_mixin.py:188} INFO - [2026-08-24T14:42:19.444+0000] {dag.py:3954} INFO - Setting next_dagrun for example_display_name to None, run_after=None
[2026-08-24T14:42:19.483+0000] {processor.py:183} INFO - Processing /home/airflow/.local/lib/python3.12/site-packages/airflow/example_dags/example_display_name.py took 0.190 seconds
[2026-08-24T14:42:49.528+0000] {processor.py:161} INFO - Started process (PID=296) to work on /home/airflow/.local/lib/python3.12/site-packages/airflow/example_dags/example_display_name.py
[2026-08-24T14:42:49.529+0000] {processor.py:830} INFO - Processing file /home/airflow/.local/lib/python3.12/site-packages/airflow/example_dags/example_display_name.py for tasks to queue
[2026-08-24T14:42:49.532+0000] {logging_mixin.py:188} INFO - [2026-08-24T14:42:49.532+0000] {dagbag.py:545} INFO - Filling up the DagBag from /home/airflow/.local/lib/python3.12/site-packages/airflow/example_dags/example_display_name.py
[2026-08-24T14:42:49.540+0000] {processor.py:840} INFO - DAG(s) 'example_display_name' retrieved from /home/airflow/.local/lib/python3.12/site-packages/airflow/example_dags/example_display_name.py
[2026-08-24T14:42:49.564+0000] {logging_mixin.py:188} INFO - [2026-08-24T14:42:49.564+0000] {dag.py:3096} INFO - Sync 1 DAGs
[2026-08-24T14:42:49.583+0000] {logging_mixin.py:188} INFO - [2026-08-24T14:42:49.583+0000] {dag.py:3954} INFO - Setting next_dagrun for example_display_name to None, run_after=None
[2026-08-24T14:42:49.650+0000] {processor.py:183} INFO - Processing /home/airflow/.local/lib/python3.12/site-packages/airflow/example_dags/example_display_name.py took 0.129 seconds
[2026-08-24T14:43:19.921+0000] {processor.py:161} INFO - Started process (PID=356) to work on /home/airflow/.local/lib/python3.12/site-packages/airflow/example_dags/example_display_name.py
[2026-08-24T14:43:19.922+0000] {processor.py:830} INFO - Processing file /home/airflow/.local/lib/python3.12/site-packages/airflow/example_dags/example_display_name.py for tasks to queue
[2026-08-24T14:43:19.924+0000] {logging_mixin.py:188} INFO - [2026-08-24T14:43:19.924+0000] {dagbag.py:545} INFO - Filling up the DagBag from /home/airflow/.local/lib/python3.12/site-packages/airflow/example_dags/example_display_name.py
[2026-08-24T14:43:19.931+0000] {processor.py:840} INFO - DAG(s) 'example_display_name' retrieved from /home/airflow/.local/lib/python3.12/site-packages/airflow/example_dags/example_display_name.py
[2026-08-24T14:43:19.956+0000] {logging_mixin.py:188} INFO - [2026-08-24T14:43:19.956+0000] {dag.py:3096} INFO - Sync 1 DAGs
[2026-08-24T14:43:19.972+0000] {logging_mixin.py:188} INFO - [2026-08-24T14:43:19.972+0000] {dag.py:3954} INFO - Setting next_dagrun for example_display_name to None, run_after=None
[2026-08-24T14:43:19.997+0000] {processor.py:183} INFO - Processing /home/airflow/.local/lib/python3.12/site-packages/airflow/example_dags/example_display_name.py took 0.084 seconds
[2026-08-24T14:43:50.262+0000] {processor.py:161} INFO - Started process (PID=416) to work on /home/airflow/.local/lib/python3.12/site-packages/airflow/example_dags/example_display_name.py
[2026-08-24T14:43:50.264+0000] {processor.py:830} INFO - Processing file /home/airflow/.local/lib/python3.12/site-packages/airflow/example_dags/example_display_name.py for tasks to queue
[2026-08-24T14:43:50.266+0000] {logging_mixin.py:188} INFO - [2026-08-24T14:43:50.266+0000] {dagbag.py:545} INFO - Filling up the DagBag from /home/airflow/.local/lib/python3.12/site-packages/airflow/example_dags/example_display_name.py
[2026-08-24T14:43:50.274+0000] {processor.py:840} INFO - DAG(s) 'example_display_name' retrieved from /home/airflow/.local/lib/python3.12/site-packages/airflow/example_dags/example_display_name.py
[2026-08-24T14:43:50.299+0000] {logging_mixin.py:188} INFO - [2026-08-24T14:43:50.299+0000] {dag.py:3096} INFO - Sync 1 DAGs
[2026-08-24T14:43:50.316+0000] {logging_mixin.py:188} INFO - [2026-08-24T14:43:50.315+0000] {dag.py:3954} INFO - Setting next_dagrun for example_display_name to None, run_after=None
[2026-08-24T14:43:50.338+0000] {processor.py:183} INFO - Processing /home/airflow/.local/lib/python3.12/site-packages/airflow/example_dags/example_display_name.py took 0.083 seconds
[2026-08-24T14:44:20.835+0000] {processor.py:161} INFO - Started process (PID=476) to work on /home/airflow/.local/lib/python3.12/site-packages/airflow/example_dags/example_display_name.py
[2026-08-24T14:44:20.837+0000] {processor.py:830} INFO - Processing file /home/airflow/.local/lib/python3.12/site-packages/airflow/example_dags/example_display_name.py for tasks to queue
[2026-08-24T14:44:20.839+0000] {logging_mixin.py:188} INFO - [2026-08-24T14:44:20.839+0000] {dagbag.py:545} INFO - Filling up the DagBag from /home/airflow/.local/lib/python3.12/site-packages/airflow/example_dags/example_display_name.py
[2026-08-24T14:44:20.849+0000] {processor.py:840} INFO - DAG(s) 'example_display_name' retrieved from /home/airflow/.local/lib/python3.12/site-packages/airflow/example_dags/example_display_name.py
[2026-08-24T14:44:20.880+0000] {logging_mixin.py:188} INFO - [2026-08-24T14:44:20.880+0000] {dag.py:3096} INFO - Sync 1 DAGs
[2026-08-24T14:44:20.899+0000] {logging_mixin.py:188} INFO - [2026-08-24T14:44:20.898+0000] {dag.py:3954} INFO - Setting next_dagrun for example_display_name to None, run_after=None
[2026-08-24T14:44:20.926+0000] {processor.py:183} INFO - Processing /home/airflow/.local/lib/python3.12/site-packages/airflow/example_dags/example_display_name.py took 0.100 seconds
[2026-08-24T14:44:51.627+0000] {processor.py:161} INFO - Started process (PID=536) to work on /home/airflow/.local/lib/python3.12/site-packages/airflow/example_dags/example_display_name.py
[2026-08-24T14:44:51.629+0000] {processor.py:830} INFO - Processing file /home/airflow/.local/lib/python3.12/site-packages/airflow/example_dags/example_display_name.py for tasks to queue
[2026-08-24T14:44:51.634+0000] {logging_mixin.py:188} INFO - [2026-08-24T14:44:51.633+0000] {dagbag.py:545} INFO - Filling up the DagBag from /home/airflow/.local/lib/python3.12/site-packages/airflow/example_dags/example_display_name.py
[2026-08-24T14:44:51.651+0000] {processor.py:840} INFO - DAG(s) 'example_display_name' retrieved from /home/airflow/.local/lib/python3.12/site-packages/airflow/example_dags/example_display_name.py
[2026-08-24T14:44:51.711+0000] {logging_mixin.py:188} INFO - [2026-08-24T14:44:51.710+0000] {dag.py:3096} INFO - Sync 1 DAGs
[2026-08-24T14:44:51.737+0000] {logging_mixin.py:188} INFO - [2026-08-24T14:44:51.736+0000] {dag.py:3954} INFO - Setting next_dagrun for example_display_name to None, run_after=None
[2026-08-24T14:44:51.782+0000] {processor.py:183} INFO - Processing /home/airflow/.local/lib/python3.12/site-packages/airflow/example_dags/example_display_name.py took 0.170 seconds
[2026-08-24T14:49:20.233+0000] {processor.py:161} INFO - Started process (PID=117) to work on /home/airflow/.local/lib/python3.12/site-packages/airflow/example_dags/example_display_name.py
[2026-08-24T14:49:20.235+0000] {processor.py:830} INFO - Processing file /home/airflow/.local/lib/python3.12/site-packages/airflow/example_dags/example_display_name.py for tasks to queue
[2026-08-24T14:49:20.238+0000] {logging_mixin.py:188} INFO - [2026-08-24T14:49:20.237+0000] {dagbag.py:545} INFO - Filling up the DagBag from /home/airflow/.local/lib/python3.12/site-packages/airflow/example_dags/example_display_name.py
[2026-08-24T14:49:20.256+0000] {processor.py:840} INFO - DAG(s) 'example_display_name' retrieved from /home/airflow/.local/lib/python3.12/site-packages/airflow/example_dags/example_display_name.py
[2026-08-24T14:49:20.450+0000] {logging_mixin.py:188} INFO - [2026-08-24T14:49:20.448+0000] {dag.py:3096} INFO - Sync 1 DAGs
[2026-08-24T14:49:20.479+0000] {logging_mixin.py:188} INFO - [2026-08-24T14:49:20.479+0000] {dag.py:3954} INFO - Setting next_dagrun for example_display_name to None, run_after=None
[2026-08-24T14:49:20.523+0000] {processor.py:183} INFO - Processing /home/airflow/.local/lib/python3.12/site-packages/airflow/example_dags/example_display_name.py took 0.300 seconds
[2026-08-24T14:50:15.899+0000] {processor.py:161} INFO - Started process (PID=97) to work on /home/airflow/.local/lib/python3.12/site-packages/airflow/example_dags/example_display_name.py
[2026-08-24T14:50:15.900+0000] {processor.py:830} INFO - Processing file /home/airflow/.local/lib/python3.12/site-packages/airflow/example_dags/example_display_name.py for tasks to queue
[2026-08-24T14:50:15.903+0000] {logging_mixin.py:188} INFO - [2026-08-24T14:50:15.903+0000] {dagbag.py:545} INFO - Filling up the DagBag from /home/airflow/.local/lib/python3.12/site-packages/airflow/example_dags/example_display_name.py
[2026-08-24T14:50:15.918+0000] {processor.py:840} INFO - DAG(s) 'example_display_name' retrieved from /home/airflow/.local/lib/python3.12/site-packages/airflow/example_dags/example_display_name.py
[2026-08-24T14:50:15.945+0000] {logging_mixin.py:188} INFO - [2026-08-24T14:50:15.944+0000] {dag.py:3096} INFO - Sync 1 DAGs
[2026-08-24T14:50:15.961+0000] {logging_mixin.py:188} INFO - [2026-08-24T14:50:15.961+0000] {dag.py:3954} INFO - Setting next_dagrun for example_display_name to None, run_after=None
[2026-08-24T14:50:15.986+0000] {processor.py:183} INFO - Processing /home/airflow/.local/lib/python3.12/site-packages/airflow/example_dags/example_display_name.py took 0.096 seconds
[2026-08-24T14:50:47.052+0000] {processor.py:161} INFO - Started process (PID=157) to work on /home/airflow/.local/lib/python3.12/site-packages/airflow/example_dags/example_display_name.py
[2026-08-24T14:50:47.053+0000] {processor.py:830} INFO - Processing file /home/airflow/.local/lib/python3.12/site-packages/airflow/example_dags/example_display_name.py for tasks to queue
[2026-08-24T14:50:47.056+0000] {logging_mixin.py:188} INFO - [2026-08-24T14:50:47.055+0000] {dagbag.py:545} INFO - Filling up the DagBag from /home/airflow/.local/lib/python3.12/site-packages/airflow/example_dags/example_display_name.py
[2026-08-24T14:50:47.064+0000] {processor.py:840} INFO - DAG(s) 'example_display_name' retrieved from /home/airflow/.local/lib/python3.12/site-packages/airflow/example_dags/example_display_name.py
[2026-08-24T14:50:47.089+0000] {logging_mixin.py:188} INFO - [2026-08-24T14:50:47.088+0000] {dag.py:3096} INFO - Sync 1 DAGs
[2026-08-24T14:50:47.106+0000] {logging_mixin.py:188} INFO - [2026-08-24T14:50:47.106+0000] {dag.py:3954} INFO - Setting next_dagrun for example_display_name to None, run_after=None
[2026-08-24T14:50:47.135+0000] {processor.py:183} INFO - Processing /home/airflow/.local/lib/python3.12/site-packages/airflow/example_dags/example_display_name.py took 0.091 seconds
[2026-08-24T14:51:18.132+0000] {processor.py:161} INFO - Started process (PID=217) to work on /home/airflow/.local/lib/python3.12/site-packages/airflow/example_dags/example_display_name.py
[2026-08-24T14:51:18.133+0000] {processor.py:830} INFO - Processing file /home/airflow/.local/lib/python3.12/site-packages/airflow/example_dags/example_display_name.py for tasks to queue
[2026-08-24T14:51:18.137+0000] {logging_mixin.py:188} INFO - [2026-08-24T14:51:18.136+0000] {dagbag.py:545} INFO - Filling up the DagBag from /home/airflow/.local/lib/python3.12/site-packages/airflow/example_dags/example_display_name.py
[2026-08-24T14:51:18.145+0000] {processor.py:840} INFO - DAG(s) 'example_display_name' retrieved from /home/airflow/.local/lib/python3.12/site-packages/airflow/example_dags/example_display_name.py
[2026-08-24T14:51:18.170+0000] {logging_mixin.py:188} INFO - [2026-08-24T14:51:18.169+0000] {dag.py:3096} INFO - Sync 1 DAGs
[2026-08-24T14:51:18.188+0000] {logging_mixin.py:188} INFO - [2026-08-24T14:51:18.188+0000] {dag.py:3954} INFO - Setting next_dagrun for example_display_name to None, run_after=None
[2026-08-24T14:51:18.211+0000] {processor.py:183} INFO - Processing /home/airflow/.local/lib/python3.12/site-packages/airflow/example_dags/example_display_name.py took 0.087 seconds
