[2026-08-24T13:51:03.608+0000] {processor.py:161} INFO - Started process (PID=108) to work on /home/airflow/.local/lib/python3.12/site-packages/airflow/example_dags/example_subdag_operator.py
[2026-08-24T13:51:03.610+0000] {processor.py:830} INFO - Processing file /home/airflow/.local/lib/python3.12/site-packages/airflow/example_dags/example_subdag_operator.py for tasks to queue
[2026-08-24T13:51:03.612+0000] {logging_mixin.py:188} INFO - [2026-08-24T13:51:03.612+0000] {dagbag.py:545} INFO - Filling up the DagBag from /home/airflow/.local/lib/python3.12/site-packages/airflow/example_dags/example_subdag_operator.py
[2026-08-24T13:51:03.643+0000] {processor.py:840} INFO - DAG(s) 'example_subdag_operator.section-1', 'example_subdag_operator.section-2', 'example_subdag_operator' retrieved from /home/airflow/.local/lib/python3.12/site-packages/airflow/example_dags/example_subdag_operator.py
[2026-08-24T13:51:03.783+0000] {logging_mixin.py:188} INFO - [2026-08-24T13:51:03.782+0000] {dag.py:3096} INFO - Sync 3 DAGs
[2026-08-24T13:51:03.812+0000] {logging_mixin.py:188} INFO - [2026-08-24T13:51:03.811+0000] {dag.py:3954} INFO - Setting next_dagrun for example_subdag_operator to 2022-01-01 00:00:00+00:00, run_after=2022-01-01 00:00:00+00:00
[2026-08-24T13:51:03.817+0000] {logging_mixin.py:188} INFO - [2026-08-24T13:51:03.816+0000] {dag.py:3954} INFO - Setting next_dagrun for example_subdag_operator.section-1 to None, run_after=None
[2026-08-24T13:51:03.819+0000] {logging_mixin.py:188} INFO - [2026-08-24T13:51:03.818+0000] {dag.py:3954} INFO - Setting next_dagrun for example_subdag_operator.section-2 to None, run_after=None
[2026-08-24T13:51:03.832+0000] {logging_mixin.py:188} INFO - [2026-08-24T13:51:03.832+0000] {dag.py:3096} INFO - Sync 2 DAGs
[2026-08-24T13:51:03.840+0000] {logging_mixin.py:188} INFO - [2026-08-24T13:51:03.839+0000] {dag.py:3954} INFO - Setting next_dagrun for example_subdag_operator.section-1 to None, run_after=None
[2026-08-24T13:51:03.840+0000] {logging_mixin.py:188} INFO - [2026-08-24T13:51:03.840+0000] {dag.py:3954} INFO - Setting next_dagrun for example_subdag_operator.section-2 to None, run_after=None
[2026-08-24T13:51:03.856+0000] {processor.py:183} INFO - Processing /home/airflow/.local/lib/python3.12/site-packages/airflow/example_dags/example_subdag_operator.py took 0.255 seconds
[2026-08-24T13:51:43.603+0000] {processor.py:161} INFO - Started process (PID=89) to work on /home/airflow/.local/lib/python3.12/site-packages/airflow/example_dags/example_subdag_operator.py
[2026-08-24T13:51:43.604+0000] {processor.py:830} INFO - Processing file /home/airflow/.local/lib/python3.12/site-packages/airflow/example_dags/example_subdag_operator.py for tasks to queue
[2026-08-24T13:51:43.607+0000] {logging_mixin.py:188} INFO - [2026-08-24T13:51:43.606+0000] {dagbag.py:545} INFO - Filling up the DagBag from /home/airflow/.local/lib/python3.12/site-packages/airflow/example_dags/example_subdag_operator.py
[2026-08-24T13:51:43.634+0000] {processor.py:840} INFO - DAG(s) 'example_subdag_operator.section-1', 'example_subdag_operator.section-2', 'example_subdag_operator' retrieved from /home/airflow/.local/lib/python3.12/site-packages/airflow/example_dags/example_subdag_operator.py
[2026-08-24T13:51:43.655+0000] {logging_mixin.py:188} INFO - [2026-08-24T13:51:43.655+0000] {dag.py:3096} INFO - Sync 3 DAGs
[2026-08-24T13:51:43.687+0000] {logging_mixin.py:188} INFO - [2026-08-24T13:51:43.686+0000] {dag.py:3954} INFO - Setting next_dagrun for example_subdag_operator to 2022-01-01 00:00:00+00:00, run_after=2022-01-01 00:00:00+00:00
[2026-08-24T13:51:43.691+0000] {logging_mixin.py:188} INFO - [2026-08-24T13:51:43.691+0000] {dag.py:3954} INFO - Setting next_dagrun for example_subdag_operator.section-1 to None, run_after=None
[2026-08-24T13:51:43.693+0000] {logging_mixin.py:188} INFO - [2026-08-24T13:51:43.693+0000] {dag.py:3954} INFO - Setting next_dagrun for example_subdag_operator.section-2 to None, run_after=None
[2026-08-24T13:51:43.702+0000] {logging_mixin.py:188} INFO - [2026-08-24T13:51:43.701+0000] {dag.py:3096} INFO - Sync 2 DAGs
[2026-08-24T13:51:43.720+0000] {logging_mixin.py:188} INFO - [2026-08-24T13:51:43.720+0000] {dag.py:3954} INFO - Setting next_dagrun for example_subdag_operator.section-1 to None, run_after=None
[2026-08-24T13:51:43.720+0000] {logging_mixin.py:188} INFO - [2026-08-24T13:51:43.720+0000] {dag.py:3954} INFO - Setting next_dagrun for example_subdag_operator.section-2 to None, run_after=None
[2026-08-24T13:51:43.735+0000] {processor.py:183} INFO - Processing /home/airflow/.local/lib/python3.12/site-packages/airflow/example_dags/example_subdag_operator.py took 0.139 seconds
[2026-08-24T13:52:14.208+0000] {processor.py:161} INFO - Started process (PID=148) to work on /home/airflow/.local/lib/python3.12/site-packages/airflow/example_dags/example_subdag_operator.py
[2026-08-24T13:52:14.209+0000] {processor.py:830} INFO - Processing file /home/airflow/.local/lib/python3.12/site-packages/airflow/example_dags/example_subdag_operator.py for tasks to queue
[2026-08-24T13:52:14.211+0000] {logging_mixin.py:188} INFO - [2026-08-24T13:52:14.211+0000] {dagbag.py:545} INFO - Filling up the DagBag from /home/airflow/.local/lib/python3.12/site-packages/airflow/example_dags/example_subdag_operator.py
[2026-08-24T13:52:14.239+0000] {processor.py:840} INFO - DAG(s) 'example_subdag_operator.section-1', 'example_subdag_operator.section-2', 'example_subdag_operator' retrieved from /home/airflow/.local/lib/python3.12/site-packages/airflow/example_dags/example_subdag_operator.py
[2026-08-24T13:52:14.257+0000] {logging_mixin.py:188} INFO - [2026-08-24T13:52:14.257+0000] {dag.py:3096} INFO - Sync 3 DAGs
[2026-08-24T13:52:14.283+0000] {logging_mixin.py:188} INFO - [2026-08-24T13:52:14.282+0000] {dag.py:3954} INFO - Setting next_dagrun for example_subdag_operator to 2022-01-01 00:00:00+00:00, run_after=2022-01-01 00:00:00+00:00
[2026-08-24T13:52:14.287+0000] {logging_mixin.py:188} INFO - [2026-08-24T13:52:14.287+0000] {dag.py:3954} INFO - Setting next_dagrun for example_subdag_operator.section-1 to None, run_after=None
[2026-08-24T13:52:14.289+0000] {logging_mixin.py:188} INFO - [2026-08-24T13:52:14.289+0000] {dag.py:3954} INFO - Setting next_dagrun for example_subdag_operator.section-2 to None, run_after=None
[2026-08-24T13:52:14.297+0000] {logging_mixin.py:188} INFO - [2026-08-24T13:52:14.297+0000] {dag.py:3096} INFO - Sync 2 DAGs
[2026-08-24T13:52:14.303+0000] {logging_mixin.py:188} INFO - [2026-08-24T13:52:14.303+0000] {dag.py:3954} INFO - Setting next_dagrun for example_subdag_operator.section-1 to None, run_after=None
[2026-08-24T13:52:14.304+0000] {logging_mixin.py:188} INFO - [2026-08-24T13:52:14.304+0000] {dag.py:3954} INFO - Setting next_dagrun for example_subdag_operator.section-2 to None, run_after=None
[2026-08-24T13:52:14.320+0000] {processor.py:183} INFO - Processing /home/airflow/.local/lib/python3.12/site-packages/airflow/example_dags/example_subdag_operator.py took 0.120 seconds
[2026-08-24T13:52:44.829+0000] {processor.py:161} INFO - Started process (PID=213) to work on /home/airflow/.local/lib/python3.12/site-packages/airflow/example_dags/example_subdag_operator.py
[2026-08-24T13:52:44.831+0000] {processor.py:830} INFO - Processing file /home/airflow/.local/lib/python3.12/site-packages/airflow/example_dags/example_subdag_operator.py for tasks to queue
[2026-08-24T13:52:44.833+0000] {logging_mixin.py:188} INFO - [2026-08-24T13:52:44.833+0000] {dagbag.py:545} INFO - Filling up the DagBag from /home/airflow/.local/lib/python3.12/site-packages/airflow/example_dags/example_subdag_operator.py
[2026-08-24T13:52:44.865+0000] {processor.py:840} INFO - DAG(s) 'example_subdag_operator.section-1', 'example_subdag_operator.section-2', 'example_subdag_operator' retrieved from /home/airflow/.local/lib/python3.12/site-packages/airflow/example_dags/example_subdag_operator.py
[2026-08-24T13:52:44.885+0000] {logging_mixin.py:188} INFO - [2026-08-24T13:52:44.885+0000] {dag.py:3096} INFO - Sync 3 DAGs
[2026-08-24T13:52:44.911+0000] {logging_mixin.py:188} INFO - [2026-08-24T13:52:44.911+0000] {dag.py:3954} INFO - Setting next_dagrun for example_subdag_operator to 2022-01-01 00:00:00+00:00, run_after=2022-01-01 00:00:00+00:00
[2026-08-24T13:52:44.916+0000] {logging_mixin.py:188} INFO - [2026-08-24T13:52:44.916+0000] {dag.py:3954} INFO - Setting next_dagrun for example_subdag_operator.section-1 to None, run_after=None
[2026-08-24T13:52:44.918+0000] {logging_mixin.py:188} INFO - [2026-08-24T13:52:44.918+0000] {dag.py:3954} INFO - Setting next_dagrun for example_subdag_operator.section-2 to None, run_after=None
[2026-08-24T13:52:44.926+0000] {logging_mixin.py:188} INFO - [2026-08-24T13:52:44.926+0000] {dag.py:3096} INFO - Sync 2 DAGs
[2026-08-24T13:52:44.933+0000] {logging_mixin.py:188} INFO - [2026-08-24T13:52:44.933+0000] {dag.py:3954} INFO - Setting next_dagrun for example_subdag_operator.section-1 to None, run_after=None
[2026-08-24T13:52:44.934+0000] {logging_mixin.py:188} INFO - [2026-08-24T13:52:44.934+0000] {dag.py:3954} INFO - Setting next_dagrun for example_subdag_operator.section-2 to None, run_after=None
[2026-08-24T13:52:44.955+0000] {processor.py:183} INFO - Processing /home/airflow/.local/lib/python3.12/site-packages/airflow/example_dags/example_subdag_operator.py took 0.135 seconds
[2026-08-24T13:53:15.638+0000] {processor.py:161} INFO - Started process (PID=272) to work on /home/airflow/.local/lib/python3.12/site-packages/airflow/example_dags/example_subdag_operator.py
[2026-08-24T13:53:15.639+0000] {processor.py:830} INFO - Processing file /home/airflow/.local/lib/python3.12/site-packages/airflow/example_dags/example_subdag_operator.py for tasks to queue
[2026-08-24T13:53:15.641+0000] {logging_mixin.py:188} INFO - [2026-08-24T13:53:15.641+0000] {dagbag.py:545} INFO - Filling up the DagBag from /home/airflow/.local/lib/python3.12/site-packages/airflow/example_dags/example_subdag_operator.py
[2026-08-24T13:53:15.671+0000] {processor.py:840} INFO - DAG(s) 'example_subdag_operator.section-1', 'example_subdag_operator.section-2', 'example_subdag_operator' retrieved from /home/airflow/.local/lib/python3.12/site-packages/airflow/example_dags/example_subdag_operator.py
[2026-08-24T13:53:15.689+0000] {logging_mixin.py:188} INFO - [2026-08-24T13:53:15.689+0000] {dag.py:3096} INFO - Sync 3 DAGs
[2026-08-24T13:53:15.718+0000] {logging_mixin.py:188} INFO - [2026-08-24T13:53:15.718+0000] {dag.py:3954} INFO - Setting next_dagrun for example_subdag_operator to 2022-01-01 00:00:00+00:00, run_after=2022-01-01 00:00:00+00:00
[2026-08-24T13:53:15.723+0000] {logging_mixin.py:188} INFO - [2026-08-24T13:53:15.723+0000] {dag.py:3954} INFO - Setting next_dagrun for example_subdag_operator.section-1 to None, run_after=None
[2026-08-24T13:53:15.726+0000] {logging_mixin.py:188} INFO - [2026-08-24T13:53:15.725+0000] {dag.py:3954} INFO - Setting next_dagrun for example_subdag_operator.section-2 to None, run_after=None
[2026-08-24T13:53:15.737+0000] {logging_mixin.py:188} INFO - [2026-08-24T13:53:15.736+0000] {dag.py:3096} INFO - Sync 2 DAGs
[2026-08-24T13:53:15.744+0000] {logging_mixin.py:188} INFO - [2026-08-24T13:53:15.743+0000] {dag.py:3954} INFO - Setting next_dagrun for example_subdag_operator.section-1 to None, run_after=None
[2026-08-24T13:53:15.744+0000] {logging_mixin.py:188} INFO - [2026-08-24T13:53:15.744+0000] {dag.py:3954} INFO - Setting next_dagrun for example_subdag_operator.section-2 to None, run_after=None
[2026-08-24T13:53:15.764+0000] {processor.py:183} INFO - Processing /home/airflow/.local/lib/python3.12/site-packages/airflow/example_dags/example_subdag_operator.py took 0.133 seconds
[2026-08-24T13:53:46.215+0000] {processor.py:161} INFO - Started process (PID=331) to work on /home/airflow/.local/lib/python3.12/site-packages/airflow/example_dags/example_subdag_operator.py
[2026-08-24T13:53:46.216+0000] {processor.py:830} INFO - Processing file /home/airflow/.local/lib/python3.12/site-packages/airflow/example_dags/example_subdag_operator.py for tasks to queue
[2026-08-24T13:53:46.219+0000] {logging_mixin.py:188} INFO - [2026-08-24T13:53:46.219+0000] {dagbag.py:545} INFO - Filling up the DagBag from /home/airflow/.local/lib/python3.12/site-packages/airflow/example_dags/example_subdag_operator.py
[2026-08-24T13:53:46.248+0000] {processor.py:840} INFO - DAG(s) 'example_subdag_operator.section-1', 'example_subdag_operator.section-2', 'example_subdag_operator' retrieved from /home/airflow/.local/lib/python3.12/site-packages/airflow/example_dags/example_subdag_operator.py
[2026-08-24T13:53:46.268+0000] {logging_mixin.py:188} INFO - [2026-08-24T13:53:46.268+0000] {dag.py:3096} INFO - Sync 3 DAGs
[2026-08-24T13:53:46.294+0000] {logging_mixin.py:188} INFO - [2026-08-24T13:53:46.293+0000] {dag.py:3954} INFO - Setting next_dagrun for example_subdag_operator to 2022-01-01 00:00:00+00:00, run_after=2022-01-01 00:00:00+00:00
[2026-08-24T13:53:46.299+0000] {logging_mixin.py:188} INFO - [2026-08-24T13:53:46.298+0000] {dag.py:3954} INFO - Setting next_dagrun for example_subdag_operator.section-1 to None, run_after=None
[2026-08-24T13:53:46.300+0000] {logging_mixin.py:188} INFO - [2026-08-24T13:53:46.300+0000] {dag.py:3954} INFO - Setting next_dagrun for example_subdag_operator.section-2 to None, run_after=None
[2026-08-24T13:53:46.310+0000] {logging_mixin.py:188} INFO - [2026-08-24T13:53:46.310+0000] {dag.py:3096} INFO - Sync 2 DAGs
[2026-08-24T13:53:46.316+0000] {logging_mixin.py:188} INFO - [2026-08-24T13:53:46.316+0000] {dag.py:3954} INFO - Setting next_dagrun for example_subdag_operator.section-1 to None, run_after=None
[2026-08-24T13:53:46.317+0000] {logging_mixin.py:188} INFO - [2026-08-24T13:53:46.317+0000] {dag.py:3954} INFO - Setting next_dagrun for example_subdag_operator.section-2 to None, run_after=None
[2026-08-24T13:53:46.331+0000] {processor.py:183} INFO - Processing /home/airflow/.local/lib/python3.12/site-packages/airflow/example_dags/example_subdag_operator.py took 0.123 seconds
[2026-08-24T13:54:16.855+0000] {processor.py:161} INFO - Started process (PID=390) to work on /home/airflow/.local/lib/python3.12/site-packages/airflow/example_dags/example_subdag_operator.py
[2026-08-24T13:54:16.857+0000] {processor.py:830} INFO - Processing file /home/airflow/.local/lib/python3.12/site-packages/airflow/example_dags/example_subdag_operator.py for tasks to queue
[2026-08-24T13:54:16.861+0000] {logging_mixin.py:188} INFO - [2026-08-24T13:54:16.860+0000] {dagbag.py:545} INFO - Filling up the DagBag from /home/airflow/.local/lib/python3.12/site-packages/airflow/example_dags/example_subdag_operator.py
[2026-08-24T13:54:16.906+0000] {processor.py:840} INFO - DAG(s) 'example_subdag_operator.section-1', 'example_subdag_operator.section-2', 'example_subdag_operator' retrieved from /home/airflow/.local/lib/python3.12/site-packages/airflow/example_dags/example_subdag_operator.py
[2026-08-24T13:54:16.936+0000] {logging_mixin.py:188} INFO - [2026-08-24T13:54:16.935+0000] {dag.py:3096} INFO - Sync 3 DAGs
[2026-08-24T13:54:16.973+0000] {logging_mixin.py:188} INFO - [2026-08-24T13:54:16.973+0000] {dag.py:3954} INFO - Setting next_dagrun for example_subdag_operator to 2022-01-01 00:00:00+00:00, run_after=2022-01-01 00:00:00+00:00
[2026-08-24T13:54:16.980+0000] {logging_mixin.py:188} INFO - [2026-08-24T13:54:16.980+0000] {dag.py:3954} INFO - Setting next_dagrun for example_subdag_operator.section-1 to None, run_after=None
[2026-08-24T13:54:16.982+0000] {logging_mixin.py:188} INFO - [2026-08-24T13:54:16.982+0000] {dag.py:3954} INFO - Setting next_dagrun for example_subdag_operator.section-2 to None, run_after=None
[2026-08-24T13:54:16.992+0000] {logging_mixin.py:188} INFO - [2026-08-24T13:54:16.991+0000] {dag.py:3096} INFO - Sync 2 DAGs
[2026-08-24T13:54:16.998+0000] {logging_mixin.py:188} INFO - [2026-08-24T13:54:16.998+0000] {dag.py:3954} INFO - Setting next_dagrun for example_subdag_operator.section-1 to None, run_after=None
[2026-08-24T13:54:16.999+0000] {logging_mixin.py:188} INFO - [2026-08-24T13:54:16.999+0000] {dag.py:3954} INFO - Setting next_dagrun for example_subdag_operator.section-2 to None, run_after=None
[2026-08-24T13:54:17.015+0000] {processor.py:183} INFO - Processing /home/airflow/.local/lib/python3.12/site-packages/airflow/example_dags/example_subdag_operator.py took 0.171 seconds
[2026-08-24T13:54:47.754+0000] {processor.py:161} INFO - Started process (PID=449) to work on /home/airflow/.local/lib/python3.12/site-packages/airflow/example_dags/example_subdag_operator.py
[2026-08-24T13:54:47.755+0000] {processor.py:830} INFO - Processing file /home/airflow/.local/lib/python3.12/site-packages/airflow/example_dags/example_subdag_operator.py for tasks to queue
[2026-08-24T13:54:47.758+0000] {logging_mixin.py:188} INFO - [2026-08-24T13:54:47.757+0000] {dagbag.py:545} INFO - Filling up the DagBag from /home/airflow/.local/lib/python3.12/site-packages/airflow/example_dags/example_subdag_operator.py
[2026-08-24T13:54:47.788+0000] {processor.py:840} INFO - DAG(s) 'example_subdag_operator.section-1', 'example_subdag_operator.section-2', 'example_subdag_operator' retrieved from /home/airflow/.local/lib/python3.12/site-packages/airflow/example_dags/example_subdag_operator.py
[2026-08-24T13:54:47.793+0000] {logging_mixin.py:188} INFO - [2026-08-24T13:54:47.792+0000] {dag.py:3096} INFO - Sync 3 DAGs
[2026-08-24T13:54:47.822+0000] {logging_mixin.py:188} INFO - [2026-08-24T13:54:47.822+0000] {dag.py:3954} INFO - Setting next_dagrun for example_subdag_operator to 2022-01-01 00:00:00+00:00, run_after=2022-01-01 00:00:00+00:00
[2026-08-24T13:54:47.827+0000] {logging_mixin.py:188} INFO - [2026-08-24T13:54:47.827+0000] {dag.py:3954} INFO - Setting next_dagrun for example_subdag_operator.section-1 to None, run_after=None
[2026-08-24T13:54:47.829+0000] {logging_mixin.py:188} INFO - [2026-08-24T13:54:47.829+0000] {dag.py:3954} INFO - Setting next_dagrun for example_subdag_operator.section-2 to None, run_after=None
[2026-08-24T13:54:47.839+0000] {logging_mixin.py:188} INFO - [2026-08-24T13:54:47.838+0000] {dag.py:3096} INFO - Sync 2 DAGs
[2026-08-24T13:54:47.846+0000] {logging_mixin.py:188} INFO - [2026-08-24T13:54:47.845+0000] {dag.py:3954} INFO - Setting next_dagrun for example_subdag_operator.section-1 to None, run_after=None
[2026-08-24T13:54:47.846+0000] {logging_mixin.py:188} INFO - [2026-08-24T13:54:47.846+0000] {dag.py:3954} INFO - Setting next_dagrun for example_subdag_operator.section-2 to None, run_after=None
[2026-08-24T13:54:47.886+0000] {processor.py:183} INFO - Processing /home/airflow/.local/lib/python3.12/site-packages/airflow/example_dags/example_subdag_operator.py took 0.139 seconds
[2026-08-24T13:55:22.897+0000] {processor.py:161} INFO - Started process (PID=508) to work on /home/airflow/.local/lib/python3.12/site-packages/airflow/example_dags/example_subdag_operator.py
[2026-08-24T13:55:22.900+0000] {processor.py:830} INFO - Processing file /home/airflow/.local/lib/python3.12/site-packages/airflow/example_dags/example_subdag_operator.py for tasks to queue
[2026-08-24T13:55:22.904+0000] {logging_mixin.py:188} INFO - [2026-08-24T13:55:22.903+0000] {dagbag.py:545} INFO - Filling up the DagBag from /home/airflow/.local/lib/python3.12/site-packages/airflow/example_dags/example_subdag_operator.py
[2026-08-24T13:55:22.947+0000] {processor.py:840} INFO - DAG(s) 'example_subdag_operator.section-1', 'example_subdag_operator.section-2', 'example_subdag_operator' retrieved from /home/airflow/.local/lib/python3.12/site-packages/airflow/example_dags/example_subdag_operator.py
[2026-08-24T13:55:23.140+0000] {logging_mixin.py:188} INFO - [2026-08-24T13:55:23.140+0000] {dag.py:3096} INFO - Sync 3 DAGs
[2026-08-24T13:55:23.170+0000] {logging_mixin.py:188} INFO - [2026-08-24T13:55:23.170+0000] {dag.py:3954} INFO - Setting next_dagrun for example_subdag_operator to 2022-01-01 00:00:00+00:00, run_after=2022-01-01 00:00:00+00:00
[2026-08-24T13:55:23.176+0000] {logging_mixin.py:188} INFO - [2026-08-24T13:55:23.176+0000] {dag.py:3954} INFO - Setting next_dagrun for example_subdag_operator.section-1 to None, run_after=None
[2026-08-24T13:55:23.179+0000] {logging_mixin.py:188} INFO - [2026-08-24T13:55:23.178+0000] {dag.py:3954} INFO - Setting next_dagrun for example_subdag_operator.section-2 to None, run_after=None
[2026-08-24T13:55:23.194+0000] {logging_mixin.py:188} INFO - [2026-08-24T13:55:23.193+0000] {dag.py:3096} INFO - Sync 2 DAGs
[2026-08-24T13:55:23.208+0000] {logging_mixin.py:188} INFO - [2026-08-24T13:55:23.208+0000] {dag.py:3954} INFO - Setting next_dagrun for example_subdag_operator.section-1 to None, run_after=None
[2026-08-24T13:55:23.210+0000] {logging_mixin.py:188} INFO - [2026-08-24T13:55:23.209+0000] {dag.py:3954} INFO - Setting next_dagrun for example_subdag_operator.section-2 to None, run_after=None
[2026-08-24T13:55:23.236+0000] {processor.py:183} INFO - Processing /home/airflow/.local/lib/python3.12/site-packages/airflow/example_dags/example_subdag_operator.py took 0.350 seconds
[2026-08-24T13:55:53.962+0000] {processor.py:161} INFO - Started process (PID=567) to work on /home/airflow/.local/lib/python3.12/site-packages/airflow/example_dags/example_subdag_operator.py
[2026-08-24T13:55:53.963+0000] {processor.py:830} INFO - Processing file /home/airflow/.local/lib/python3.12/site-packages/airflow/example_dags/example_subdag_operator.py for tasks to queue
[2026-08-24T13:55:53.966+0000] {logging_mixin.py:188} INFO - [2026-08-24T13:55:53.965+0000] {dagbag.py:545} INFO - Filling up the DagBag from /home/airflow/.local/lib/python3.12/site-packages/airflow/example_dags/example_subdag_operator.py
[2026-08-24T13:55:54.002+0000] {processor.py:840} INFO - DAG(s) 'example_subdag_operator.section-1', 'example_subdag_operator.section-2', 'example_subdag_operator' retrieved from /home/airflow/.local/lib/python3.12/site-packages/airflow/example_dags/example_subdag_operator.py
[2026-08-24T13:55:54.028+0000] {logging_mixin.py:188} INFO - [2026-08-24T13:55:54.028+0000] {dag.py:3096} INFO - Sync 3 DAGs
[2026-08-24T13:55:54.068+0000] {logging_mixin.py:188} INFO - [2026-08-24T13:55:54.067+0000] {dag.py:3954} INFO - Setting next_dagrun for example_subdag_operator to 2022-01-01 00:00:00+00:00, run_after=2022-01-01 00:00:00+00:00
[2026-08-24T13:55:54.074+0000] {logging_mixin.py:188} INFO - [2026-08-24T13:55:54.074+0000] {dag.py:3954} INFO - Setting next_dagrun for example_subdag_operator.section-1 to None, run_after=None
[2026-08-24T13:55:54.076+0000] {logging_mixin.py:188} INFO - [2026-08-24T13:55:54.076+0000] {dag.py:3954} INFO - Setting next_dagrun for example_subdag_operator.section-2 to None, run_after=None
[2026-08-24T13:55:54.086+0000] {logging_mixin.py:188} INFO - [2026-08-24T13:55:54.086+0000] {dag.py:3096} INFO - Sync 2 DAGs
[2026-08-24T13:55:54.093+0000] {logging_mixin.py:188} INFO - [2026-08-24T13:55:54.092+0000] {dag.py:3954} INFO - Setting next_dagrun for example_subdag_operator.section-1 to None, run_after=None
[2026-08-24T13:55:54.093+0000] {logging_mixin.py:188} INFO - [2026-08-24T13:55:54.093+0000] {dag.py:3954} INFO - Setting next_dagrun for example_subdag_operator.section-2 to None, run_after=None
[2026-08-24T13:55:54.112+0000] {processor.py:183} INFO - Processing /home/airflow/.local/lib/python3.12/site-packages/airflow/example_dags/example_subdag_operator.py took 0.159 seconds
[2026-08-24T13:56:24.213+0000] {processor.py:161} INFO - Started process (PID=626) to work on /home/airflow/.local/lib/python3.12/site-packages/airflow/example_dags/example_subdag_operator.py
[2026-08-24T13:56:24.214+0000] {processor.py:830} INFO - Processing file /home/airflow/.local/lib/python3.12/site-packages/airflow/example_dags/example_subdag_operator.py for tasks to queue
[2026-08-24T13:56:24.217+0000] {logging_mixin.py:188} INFO - [2026-08-24T13:56:24.216+0000] {dagbag.py:545} INFO - Filling up the DagBag from /home/airflow/.local/lib/python3.12/site-packages/airflow/example_dags/example_subdag_operator.py
[2026-08-24T13:56:24.247+0000] {processor.py:840} INFO - DAG(s) 'example_subdag_operator.section-1', 'example_subdag_operator.section-2', 'example_subdag_operator' retrieved from /home/airflow/.local/lib/python3.12/site-packages/airflow/example_dags/example_subdag_operator.py
[2026-08-24T13:56:24.267+0000] {logging_mixin.py:188} INFO - [2026-08-24T13:56:24.267+0000] {dag.py:3096} INFO - Sync 3 DAGs
[2026-08-24T13:56:24.295+0000] {logging_mixin.py:188} INFO - [2026-08-24T13:56:24.295+0000] {dag.py:3954} INFO - Setting next_dagrun for example_subdag_operator to 2022-01-01 00:00:00+00:00, run_after=2022-01-01 00:00:00+00:00
[2026-08-24T13:56:24.301+0000] {logging_mixin.py:188} INFO - [2026-08-24T13:56:24.301+0000] {dag.py:3954} INFO - Setting next_dagrun for example_subdag_operator.section-1 to None, run_after=None
[2026-08-24T13:56:24.302+0000] {logging_mixin.py:188} INFO - [2026-08-24T13:56:24.302+0000] {dag.py:3954} INFO - Setting next_dagrun for example_subdag_operator.section-2 to None, run_after=None
[2026-08-24T13:56:24.311+0000] {logging_mixin.py:188} INFO - [2026-08-24T13:56:24.311+0000] {dag.py:3096} INFO - Sync 2 DAGs
[2026-08-24T13:56:24.317+0000] {logging_mixin.py:188} INFO - [2026-08-24T13:56:24.317+0000] {dag.py:3954} INFO - Setting next_dagrun for example_subdag_operator.section-1 to None, run_after=None
[2026-08-24T13:56:24.318+0000] {logging_mixin.py:188} INFO - [2026-08-24T13:56:24.318+0000] {dag.py:3954} INFO - Setting next_dagrun for example_subdag_operator.section-2 to None, run_after=None
[2026-08-24T13:56:24.332+0000] {processor.py:183} INFO - Processing /home/airflow/.local/lib/python3.12/site-packages/airflow/example_dags/example_subdag_operator.py took 0.127 seconds
[2026-08-24T13:56:54.640+0000] {processor.py:161} INFO - Started process (PID=685) to work on /home/airflow/.local/lib/python3.12/site-packages/airflow/example_dags/example_subdag_operator.py
[2026-08-24T13:56:54.642+0000] {processor.py:830} INFO - Processing file /home/airflow/.local/lib/python3.12/site-packages/airflow/example_dags/example_subdag_operator.py for tasks to queue
[2026-08-24T13:56:54.644+0000] {logging_mixin.py:188} INFO - [2026-08-24T13:56:54.644+0000] {dagbag.py:545} INFO - Filling up the DagBag from /home/airflow/.local/lib/python3.12/site-packages/airflow/example_dags/example_subdag_operator.py
[2026-08-24T13:56:54.679+0000] {processor.py:840} INFO - DAG(s) 'example_subdag_operator.section-1', 'example_subdag_operator.section-2', 'example_subdag_operator' retrieved from /home/airflow/.local/lib/python3.12/site-packages/airflow/example_dags/example_subdag_operator.py
[2026-08-24T13:56:54.702+0000] {logging_mixin.py:188} INFO - [2026-08-24T13:56:54.702+0000] {dag.py:3096} INFO - Sync 3 DAGs
[2026-08-24T13:56:54.743+0000] {logging_mixin.py:188} INFO - [2026-08-24T13:56:54.743+0000] {dag.py:3954} INFO - Setting next_dagrun for example_subdag_operator to 2022-01-01 00:00:00+00:00, run_after=2022-01-01 00:00:00+00:00
[2026-08-24T13:56:54.750+0000] {logging_mixin.py:188} INFO - [2026-08-24T13:56:54.750+0000] {dag.py:3954} INFO - Setting next_dagrun for example_subdag_operator.section-1 to None, run_after=None
[2026-08-24T13:56:54.752+0000] {logging_mixin.py:188} INFO - [2026-08-24T13:56:54.752+0000] {dag.py:3954} INFO - Setting next_dagrun for example_subdag_operator.section-2 to None, run_after=None
[2026-08-24T13:56:54.767+0000] {logging_mixin.py:188} INFO - [2026-08-24T13:56:54.766+0000] {dag.py:3096} INFO - Sync 2 DAGs
[2026-08-24T13:56:54.776+0000] {logging_mixin.py:188} INFO - [2026-08-24T13:56:54.776+0000] {dag.py:3954} INFO - Setting next_dagrun for example_subdag_operator.section-1 to None, run_after=None
[2026-08-24T13:56:54.778+0000] {logging_mixin.py:188} INFO - [2026-08-24T13:56:54.777+0000] {dag.py:3954} INFO - Setting next_dagrun for example_subdag_operator.section-2 to None, run_after=None
[2026-08-24T13:56:54.795+0000] {processor.py:183} INFO - Processing /home/airflow/.local/lib/python3.12/site-packages/airflow/example_dags/example_subdag_operator.py took 0.163 seconds
[2026-08-24T13:57:25.270+0000] {processor.py:161} INFO - Started process (PID=745) to work on /home/airflow/.local/lib/python3.12/site-packages/airflow/example_dags/example_subdag_operator.py
[2026-08-24T13:57:25.271+0000] {processor.py:830} INFO - Processing file /home/airflow/.local/lib/python3.12/site-packages/airflow/example_dags/example_subdag_operator.py for tasks to queue
[2026-08-24T13:57:25.274+0000] {logging_mixin.py:188} INFO - [2026-08-24T13:57:25.274+0000] {dagbag.py:545} INFO - Filling up the DagBag from /home/airflow/.local/lib/python3.12/site-packages/airflow/example_dags/example_subdag_operator.py
[2026-08-24T13:57:25.302+0000] {processor.py:840} INFO - DAG(s) 'example_subdag_operator.section-1', 'example_subdag_operator.section-2', 'example_subdag_operator' retrieved from /home/airflow/.local/lib/python3.12/site-packages/airflow/example_dags/example_subdag_operator.py
[2026-08-24T13:57:25.325+0000] {logging_mixin.py:188} INFO - [2026-08-24T13:57:25.325+0000] {dag.py:3096} INFO - Sync 3 DAGs
[2026-08-24T13:57:25.354+0000] {logging_mixin.py:188} INFO - [2026-08-24T13:57:25.353+0000] {dag.py:3954} INFO - Setting next_dagrun for example_subdag_operator to 2022-01-01 00:00:00+00:00, run_after=2022-01-01 00:00:00+00:00
[2026-08-24T13:57:25.359+0000] {logging_mixin.py:188} INFO - [2026-08-24T13:57:25.359+0000] {dag.py:3954} INFO - Setting next_dagrun for example_subdag_operator.section-1 to None, run_after=None
[2026-08-24T13:57:25.361+0000] {logging_mixin.py:188} INFO - [2026-08-24T13:57:25.361+0000] {dag.py:3954} INFO - Setting next_dagrun for example_subdag_operator.section-2 to None, run_after=None
[2026-08-24T13:57:25.369+0000] {logging_mixin.py:188} INFO - [2026-08-24T13:57:25.369+0000] {dag.py:3096} INFO - Sync 2 DAGs
[2026-08-24T13:57:25.375+0000] {logging_mixin.py:188} INFO - [2026-08-24T13:57:25.375+0000] {dag.py:3954} INFO - Setting next_dagrun for example_subdag_operator.section-1 to None, run_after=None
[2026-08-24T13:57:25.376+0000] {logging_mixin.py:188} INFO - [2026-08-24T13:57:25.376+0000] {dag.py:3954} INFO - Setting next_dagrun for example_subdag_operator.section-2 to None, run_after=None
[2026-08-24T13:57:25.389+0000] {processor.py:183} INFO - Processing /home/airflow/.local/lib/python3.12/site-packages/airflow/example_dags/example_subdag_operator.py took 0.126 seconds
[2026-08-24T13:57:55.699+0000] {processor.py:161} INFO - Started process (PID=804) to work on /home/airflow/.local/lib/python3.12/site-packages/airflow/example_dags/example_subdag_operator.py
[2026-08-24T13:57:55.701+0000] {processor.py:830} INFO - Processing file /home/airflow/.local/lib/python3.12/site-packages/airflow/example_dags/example_subdag_operator.py for tasks to queue
[2026-08-24T13:57:55.704+0000] {logging_mixin.py:188} INFO - [2026-08-24T13:57:55.703+0000] {dagbag.py:545} INFO - Filling up the DagBag from /home/airflow/.local/lib/python3.12/site-packages/airflow/example_dags/example_subdag_operator.py
[2026-08-24T13:57:55.742+0000] {processor.py:840} INFO - DAG(s) 'example_subdag_operator.section-1', 'example_subdag_operator.section-2', 'example_subdag_operator' retrieved from /home/airflow/.local/lib/python3.12/site-packages/airflow/example_dags/example_subdag_operator.py
[2026-08-24T13:57:55.769+0000] {logging_mixin.py:188} INFO - [2026-08-24T13:57:55.768+0000] {dag.py:3096} INFO - Sync 3 DAGs
[2026-08-24T13:57:55.806+0000] {logging_mixin.py:188} INFO - [2026-08-24T13:57:55.805+0000] {dag.py:3954} INFO - Setting next_dagrun for example_subdag_operator to 2022-01-01 00:00:00+00:00, run_after=2022-01-01 00:00:00+00:00
[2026-08-24T13:57:55.813+0000] {logging_mixin.py:188} INFO - [2026-08-24T13:57:55.812+0000] {dag.py:3954} INFO - Setting next_dagrun for example_subdag_operator.section-1 to None, run_after=None
[2026-08-24T13:57:55.816+0000] {logging_mixin.py:188} INFO - [2026-08-24T13:57:55.815+0000] {dag.py:3954} INFO - Setting next_dagrun for example_subdag_operator.section-2 to None, run_after=None
[2026-08-24T13:57:55.828+0000] {logging_mixin.py:188} INFO - [2026-08-24T13:57:55.828+0000] {dag.py:3096} INFO - Sync 2 DAGs
[2026-08-24T13:57:55.838+0000] {logging_mixin.py:188} INFO - [2026-08-24T13:57:55.837+0000] {dag.py:3954} INFO - Setting next_dagrun for example_subdag_operator.section-1 to None, run_after=None
[2026-08-24T13:57:55.839+0000] {logging_mixin.py:188} INFO - [2026-08-24T13:57:55.838+0000] {dag.py:3954} INFO - Setting next_dagrun for example_subdag_operator.section-2 to None, run_after=None
[2026-08-24T13:57:55.854+0000] {processor.py:183} INFO - Processing /home/airflow/.local/lib/python3.12/site-packages/airflow/example_dags/example_subdag_operator.py took 0.166 seconds
[2026-08-24T13:58:26.312+0000] {processor.py:161} INFO - Started process (PID=864) to work on /home/airflow/.local/lib/python3.12/site-packages/airflow/example_dags/example_subdag_operator.py
[2026-08-24T13:58:26.313+0000] {processor.py:830} INFO - Processing file /home/airflow/.local/lib/python3.12/site-packages/airflow/example_dags/example_subdag_operator.py for tasks to queue
[2026-08-24T13:58:26.315+0000] {logging_mixin.py:188} INFO - [2026-08-24T13:58:26.315+0000] {dagbag.py:545} INFO - Filling up the DagBag from /home/airflow/.local/lib/python3.12/site-packages/airflow/example_dags/example_subdag_operator.py
[2026-08-24T13:58:26.344+0000] {processor.py:840} INFO - DAG(s) 'example_subdag_operator.section-1', 'example_subdag_operator.section-2', 'example_subdag_operator' retrieved from /home/airflow/.local/lib/python3.12/site-packages/airflow/example_dags/example_subdag_operator.py
[2026-08-24T13:58:26.362+0000] {logging_mixin.py:188} INFO - [2026-08-24T13:58:26.362+0000] {dag.py:3096} INFO - Sync 3 DAGs
[2026-08-24T13:58:26.388+0000] {logging_mixin.py:188} INFO - [2026-08-24T13:58:26.388+0000] {dag.py:3954} INFO - Setting next_dagrun for example_subdag_operator to 2022-01-01 00:00:00+00:00, run_after=2022-01-01 00:00:00+00:00
[2026-08-24T13:58:26.393+0000] {logging_mixin.py:188} INFO - [2026-08-24T13:58:26.393+0000] {dag.py:3954} INFO - Setting next_dagrun for example_subdag_operator.section-1 to None, run_after=None
[2026-08-24T13:58:26.395+0000] {logging_mixin.py:188} INFO - [2026-08-24T13:58:26.395+0000] {dag.py:3954} INFO - Setting next_dagrun for example_subdag_operator.section-2 to None, run_after=None
[2026-08-24T13:58:26.405+0000] {logging_mixin.py:188} INFO - [2026-08-24T13:58:26.404+0000] {dag.py:3096} INFO - Sync 2 DAGs
[2026-08-24T13:58:26.410+0000] {logging_mixin.py:188} INFO - [2026-08-24T13:58:26.410+0000] {dag.py:3954} INFO - Setting next_dagrun for example_subdag_operator.section-1 to None, run_after=None
[2026-08-24T13:58:26.411+0000] {logging_mixin.py:188} INFO - [2026-08-24T13:58:26.410+0000] {dag.py:3954} INFO - Setting next_dagrun for example_subdag_operator.section-2 to None, run_after=None
[2026-08-24T13:58:26.423+0000] {processor.py:183} INFO - Processing /home/airflow/.local/lib/python3.12/site-packages/airflow/example_dags/example_subdag_operator.py took 0.119 seconds
[2026-08-24T13:58:56.561+0000] {processor.py:161} INFO - Started process (PID=923) to work on /home/airflow/.local/lib/python3.12/site-packages/airflow/example_dags/example_subdag_operator.py
[2026-08-24T13:58:56.593+0000] {processor.py:830} INFO - Processing file /home/airflow/.local/lib/python3.12/site-packages/airflow/example_dags/example_subdag_operator.py for tasks to queue
[2026-08-24T13:58:56.597+0000] {logging_mixin.py:188} INFO - [2026-08-24T13:58:56.597+0000] {dagbag.py:545} INFO - Filling up the DagBag from /home/airflow/.local/lib/python3.12/site-packages/airflow/example_dags/example_subdag_operator.py
[2026-08-24T13:58:56.635+0000] {processor.py:840} INFO - DAG(s) 'example_subdag_operator.section-1', 'example_subdag_operator.section-2', 'example_subdag_operator' retrieved from /home/airflow/.local/lib/python3.12/site-packages/airflow/example_dags/example_subdag_operator.py
[2026-08-24T13:58:56.654+0000] {logging_mixin.py:188} INFO - [2026-08-24T13:58:56.654+0000] {dag.py:3096} INFO - Sync 3 DAGs
[2026-08-24T13:58:56.681+0000] {logging_mixin.py:188} INFO - [2026-08-24T13:58:56.680+0000] {dag.py:3954} INFO - Setting next_dagrun for example_subdag_operator to 2022-01-01 00:00:00+00:00, run_after=2022-01-01 00:00:00+00:00
[2026-08-24T13:58:56.685+0000] {logging_mixin.py:188} INFO - [2026-08-24T13:58:56.685+0000] {dag.py:3954} INFO - Setting next_dagrun for example_subdag_operator.section-1 to None, run_after=None
[2026-08-24T13:58:56.687+0000] {logging_mixin.py:188} INFO - [2026-08-24T13:58:56.687+0000] {dag.py:3954} INFO - Setting next_dagrun for example_subdag_operator.section-2 to None, run_after=None
[2026-08-24T13:58:56.695+0000] {logging_mixin.py:188} INFO - [2026-08-24T13:58:56.695+0000] {dag.py:3096} INFO - Sync 2 DAGs
[2026-08-24T13:58:56.701+0000] {logging_mixin.py:188} INFO - [2026-08-24T13:58:56.701+0000] {dag.py:3954} INFO - Setting next_dagrun for example_subdag_operator.section-1 to None, run_after=None
[2026-08-24T13:58:56.702+0000] {logging_mixin.py:188} INFO - [2026-08-24T13:58:56.702+0000] {dag.py:3954} INFO - Setting next_dagrun for example_subdag_operator.section-2 to None, run_after=None
[2026-08-24T13:58:56.716+0000] {processor.py:183} INFO - Processing /home/airflow/.local/lib/python3.12/site-packages/airflow/example_dags/example_subdag_operator.py took 0.168 seconds
[2026-08-24T14:00:37.614+0000] {processor.py:161} INFO - Started process (PID=107) to work on /home/airflow/.local/lib/python3.12/site-packages/airflow/example_dags/example_subdag_operator.py
[2026-08-24T14:00:37.615+0000] {processor.py:830} INFO - Processing file /home/airflow/.local/lib/python3.12/site-packages/airflow/example_dags/example_subdag_operator.py for tasks to queue
[2026-08-24T14:00:37.618+0000] {logging_mixin.py:188} INFO - [2026-08-24T14:00:37.617+0000] {dagbag.py:545} INFO - Filling up the DagBag from /home/airflow/.local/lib/python3.12/site-packages/airflow/example_dags/example_subdag_operator.py
[2026-08-24T14:00:37.648+0000] {processor.py:840} INFO - DAG(s) 'example_subdag_operator.section-1', 'example_subdag_operator.section-2', 'example_subdag_operator' retrieved from /home/airflow/.local/lib/python3.12/site-packages/airflow/example_dags/example_subdag_operator.py
[2026-08-24T14:00:37.782+0000] {logging_mixin.py:188} INFO - [2026-08-24T14:00:37.782+0000] {dag.py:3096} INFO - Sync 3 DAGs
[2026-08-24T14:00:37.810+0000] {logging_mixin.py:188} INFO - [2026-08-24T14:00:37.809+0000] {dag.py:3954} INFO - Setting next_dagrun for example_subdag_operator to 2022-01-01 00:00:00+00:00, run_after=2022-01-01 00:00:00+00:00
[2026-08-24T14:00:37.814+0000] {logging_mixin.py:188} INFO - [2026-08-24T14:00:37.814+0000] {dag.py:3954} INFO - Setting next_dagrun for example_subdag_operator.section-1 to None, run_after=None
[2026-08-24T14:00:37.816+0000] {logging_mixin.py:188} INFO - [2026-08-24T14:00:37.815+0000] {dag.py:3954} INFO - Setting next_dagrun for example_subdag_operator.section-2 to None, run_after=None
[2026-08-24T14:00:37.828+0000] {logging_mixin.py:188} INFO - [2026-08-24T14:00:37.828+0000] {dag.py:3096} INFO - Sync 2 DAGs
[2026-08-24T14:00:37.834+0000] {logging_mixin.py:188} INFO - [2026-08-24T14:00:37.834+0000] {dag.py:3954} INFO - Setting next_dagrun for example_subdag_operator.section-1 to None, run_after=None
[2026-08-24T14:00:37.835+0000] {logging_mixin.py:188} INFO - [2026-08-24T14:00:37.835+0000] {dag.py:3954} INFO - Setting next_dagrun for example_subdag_operator.section-2 to None, run_after=None
[2026-08-24T14:00:37.851+0000] {processor.py:183} INFO - Processing /home/airflow/.local/lib/python3.12/site-packages/airflow/example_dags/example_subdag_operator.py took 0.244 seconds
[2026-08-24T14:01:07.988+0000] {processor.py:161} INFO - Started process (PID=166) to work on /home/airflow/.local/lib/python3.12/site-packages/airflow/example_dags/example_subdag_operator.py
[2026-08-24T14:01:07.989+0000] {processor.py:830} INFO - Processing file /home/airflow/.local/lib/python3.12/site-packages/airflow/example_dags/example_subdag_operator.py for tasks to queue
[2026-08-24T14:01:07.992+0000] {logging_mixin.py:188} INFO - [2026-08-24T14:01:07.991+0000] {dagbag.py:545} INFO - Filling up the DagBag from /home/airflow/.local/lib/python3.12/site-packages/airflow/example_dags/example_subdag_operator.py
[2026-08-24T14:01:08.022+0000] {processor.py:840} INFO - DAG(s) 'example_subdag_operator.section-1', 'example_subdag_operator.section-2', 'example_subdag_operator' retrieved from /home/airflow/.local/lib/python3.12/site-packages/airflow/example_dags/example_subdag_operator.py
[2026-08-24T14:01:08.041+0000] {logging_mixin.py:188} INFO - [2026-08-24T14:01:08.040+0000] {dag.py:3096} INFO - Sync 3 DAGs
[2026-08-24T14:01:08.067+0000] {logging_mixin.py:188} INFO - [2026-08-24T14:01:08.067+0000] {dag.py:3954} INFO - Setting next_dagrun for example_subdag_operator to 2022-01-01 00:00:00+00:00, run_after=2022-01-01 00:00:00+00:00
[2026-08-24T14:01:08.072+0000] {logging_mixin.py:188} INFO - [2026-08-24T14:01:08.072+0000] {dag.py:3954} INFO - Setting next_dagrun for example_subdag_operator.section-1 to None, run_after=None
[2026-08-24T14:01:08.074+0000] {logging_mixin.py:188} INFO - [2026-08-24T14:01:08.074+0000] {dag.py:3954} INFO - Setting next_dagrun for example_subdag_operator.section-2 to None, run_after=None
[2026-08-24T14:01:08.083+0000] {logging_mixin.py:188} INFO - [2026-08-24T14:01:08.083+0000] {dag.py:3096} INFO - Sync 2 DAGs
[2026-08-24T14:01:08.089+0000] {logging_mixin.py:188} INFO - [2026-08-24T14:01:08.089+0000] {dag.py:3954} INFO - Setting next_dagrun for example_subdag_operator.section-1 to None, run_after=None
[2026-08-24T14:01:08.090+0000] {logging_mixin.py:188} INFO - [2026-08-24T14:01:08.090+0000] {dag.py:3954} INFO - Setting next_dagrun for example_subdag_operator.section-2 to None, run_after=None
[2026-08-24T14:01:08.105+0000] {processor.py:183} INFO - Processing /home/airflow/.local/lib/python3.12/site-packages/airflow/example_dags/example_subdag_operator.py took 0.124 seconds
[2026-08-24T14:01:38.314+0000] {processor.py:161} INFO - Started process (PID=225) to work on /home/airflow/.local/lib/python3.12/site-packages/airflow/example_dags/example_subdag_operator.py
[2026-08-24T14:01:38.316+0000] {processor.py:830} INFO - Processing file /home/airflow/.local/lib/python3.12/site-packages/airflow/example_dags/example_subdag_operator.py for tasks to queue
[2026-08-24T14:01:38.319+0000] {logging_mixin.py:188} INFO - [2026-08-24T14:01:38.319+0000] {dagbag.py:545} INFO - Filling up the DagBag from /home/airflow/.local/lib/python3.12/site-packages/airflow/example_dags/example_subdag_operator.py
[2026-08-24T14:01:38.352+0000] {processor.py:840} INFO - DAG(s) 'example_subdag_operator.section-1', 'example_subdag_operator.section-2', 'example_subdag_operator' retrieved from /home/airflow/.local/lib/python3.12/site-packages/airflow/example_dags/example_subdag_operator.py
[2026-08-24T14:01:38.372+0000] {logging_mixin.py:188} INFO - [2026-08-24T14:01:38.372+0000] {dag.py:3096} INFO - Sync 3 DAGs
[2026-08-24T14:01:38.402+0000] {logging_mixin.py:188} INFO - [2026-08-24T14:01:38.402+0000] {dag.py:3954} INFO - Setting next_dagrun for example_subdag_operator to 2022-01-01 00:00:00+00:00, run_after=2022-01-01 00:00:00+00:00
[2026-08-24T14:01:38.408+0000] {logging_mixin.py:188} INFO - [2026-08-24T14:01:38.408+0000] {dag.py:3954} INFO - Setting next_dagrun for example_subdag_operator.section-1 to None, run_after=None
[2026-08-24T14:01:38.410+0000] {logging_mixin.py:188} INFO - [2026-08-24T14:01:38.410+0000] {dag.py:3954} INFO - Setting next_dagrun for example_subdag_operator.section-2 to None, run_after=None
[2026-08-24T14:01:38.422+0000] {logging_mixin.py:188} INFO - [2026-08-24T14:01:38.422+0000] {dag.py:3096} INFO - Sync 2 DAGs
[2026-08-24T14:01:38.429+0000] {logging_mixin.py:188} INFO - [2026-08-24T14:01:38.428+0000] {dag.py:3954} INFO - Setting next_dagrun for example_subdag_operator.section-1 to None, run_after=None
[2026-08-24T14:01:38.430+0000] {logging_mixin.py:188} INFO - [2026-08-24T14:01:38.429+0000] {dag.py:3954} INFO - Setting next_dagrun for example_subdag_operator.section-2 to None, run_after=None
[2026-08-24T14:01:38.449+0000] {processor.py:183} INFO - Processing /home/airflow/.local/lib/python3.12/site-packages/airflow/example_dags/example_subdag_operator.py took 0.142 seconds
[2026-08-24T14:02:08.841+0000] {processor.py:161} INFO - Started process (PID=284) to work on /home/airflow/.local/lib/python3.12/site-packages/airflow/example_dags/example_subdag_operator.py
[2026-08-24T14:02:08.842+0000] {processor.py:830} INFO - Processing file /home/airflow/.local/lib/python3.12/site-packages/airflow/example_dags/example_subdag_operator.py for tasks to queue
[2026-08-24T14:02:08.845+0000] {logging_mixin.py:188} INFO - [2026-08-24T14:02:08.844+0000] {dagbag.py:545} INFO - Filling up the DagBag from /home/airflow/.local/lib/python3.12/site-packages/airflow/example_dags/example_subdag_operator.py
[2026-08-24T14:02:08.875+0000] {processor.py:840} INFO - DAG(s) 'example_subdag_operator.section-1', 'example_subdag_operator.section-2', 'example_subdag_operator' retrieved from /home/airflow/.local/lib/python3.12/site-packages/airflow/example_dags/example_subdag_operator.py
[2026-08-24T14:02:08.894+0000] {logging_mixin.py:188} INFO - [2026-08-24T14:02:08.894+0000] {dag.py:3096} INFO - Sync 3 DAGs
[2026-08-24T14:02:08.922+0000] {logging_mixin.py:188} INFO - [2026-08-24T14:02:08.922+0000] {dag.py:3954} INFO - Setting next_dagrun for example_subdag_operator to 2022-01-01 00:00:00+00:00, run_after=2022-01-01 00:00:00+00:00
[2026-08-24T14:02:08.927+0000] {logging_mixin.py:188} INFO - [2026-08-24T14:02:08.927+0000] {dag.py:3954} INFO - Setting next_dagrun for example_subdag_operator.section-1 to None, run_after=None
[2026-08-24T14:02:08.930+0000] {logging_mixin.py:188} INFO - [2026-08-24T14:02:08.929+0000] {dag.py:3954} INFO - Setting next_dagrun for example_subdag_operator.section-2 to None, run_after=None
[2026-08-24T14:02:08.939+0000] {logging_mixin.py:188} INFO - [2026-08-24T14:02:08.939+0000] {dag.py:3096} INFO - Sync 2 DAGs
[2026-08-24T14:02:08.947+0000] {logging_mixin.py:188} INFO - [2026-08-24T14:02:08.947+0000] {dag.py:3954} INFO - Setting next_dagrun for example_subdag_operator.section-1 to None, run_after=None
[2026-08-24T14:02:08.948+0000] {logging_mixin.py:188} INFO - [2026-08-24T14:02:08.947+0000] {dag.py:3954} INFO - Setting next_dagrun for example_subdag_operator.section-2 to None, run_after=None
[2026-08-24T14:02:08.961+0000] {processor.py:183} INFO - Processing /home/airflow/.local/lib/python3.12/site-packages/airflow/example_dags/example_subdag_operator.py took 0.128 seconds
[2026-08-24T14:02:39.009+0000] {processor.py:161} INFO - Started process (PID=344) to work on /home/airflow/.local/lib/python3.12/site-packages/airflow/example_dags/example_subdag_operator.py
[2026-08-24T14:02:39.010+0000] {processor.py:830} INFO - Processing file /home/airflow/.local/lib/python3.12/site-packages/airflow/example_dags/example_subdag_operator.py for tasks to queue
[2026-08-24T14:02:39.013+0000] {logging_mixin.py:188} INFO - [2026-08-24T14:02:39.012+0000] {dagbag.py:545} INFO - Filling up the DagBag from /home/airflow/.local/lib/python3.12/site-packages/airflow/example_dags/example_subdag_operator.py
[2026-08-24T14:02:39.042+0000] {processor.py:840} INFO - DAG(s) 'example_subdag_operator.section-1', 'example_subdag_operator.section-2', 'example_subdag_operator' retrieved from /home/airflow/.local/lib/python3.12/site-packages/airflow/example_dags/example_subdag_operator.py
[2026-08-24T14:02:39.061+0000] {logging_mixin.py:188} INFO - [2026-08-24T14:02:39.061+0000] {dag.py:3096} INFO - Sync 3 DAGs
[2026-08-24T14:02:39.089+0000] {logging_mixin.py:188} INFO - [2026-08-24T14:02:39.089+0000] {dag.py:3954} INFO - Setting next_dagrun for example_subdag_operator to 2022-01-01 00:00:00+00:00, run_after=2022-01-01 00:00:00+00:00
[2026-08-24T14:02:39.094+0000] {logging_mixin.py:188} INFO - [2026-08-24T14:02:39.094+0000] {dag.py:3954} INFO - Setting next_dagrun for example_subdag_operator.section-1 to None, run_after=None
[2026-08-24T14:02:39.096+0000] {logging_mixin.py:188} INFO - [2026-08-24T14:02:39.096+0000] {dag.py:3954} INFO - Setting next_dagrun for example_subdag_operator.section-2 to None, run_after=None
[2026-08-24T14:02:39.105+0000] {logging_mixin.py:188} INFO - [2026-08-24T14:02:39.105+0000] {dag.py:3096} INFO - Sync 2 DAGs
[2026-08-24T14:02:39.111+0000] {logging_mixin.py:188} INFO - [2026-08-24T14:02:39.111+0000] {dag.py:3954} INFO - Setting next_dagrun for example_subdag_operator.section-1 to None, run_after=None
[2026-08-24T14:02:39.112+0000] {logging_mixin.py:188} INFO - [2026-08-24T14:02:39.112+0000] {dag.py:3954} INFO - Setting next_dagrun for example_subdag_operator.section-2 to None, run_after=None
[2026-08-24T14:02:39.126+0000] {processor.py:183} INFO - Processing /home/airflow/.local/lib/python3.12/site-packages/airflow/example_dags/example_subdag_operator.py took 0.124 seconds
[2026-08-24T14:03:09.466+0000] {processor.py:161} INFO - Started process (PID=402) to work on /home/airflow/.local/lib/python3.12/site-packages/airflow/example_dags/example_subdag_operator.py
[2026-08-24T14:03:09.468+0000] {processor.py:830} INFO - Processing file /home/airflow/.local/lib/python3.12/site-packages/airflow/example_dags/example_subdag_operator.py for tasks to queue
[2026-08-24T14:03:09.470+0000] {logging_mixin.py:188} INFO - [2026-08-24T14:03:09.470+0000] {dagbag.py:545} INFO - Filling up the DagBag from /home/airflow/.local/lib/python3.12/site-packages/airflow/example_dags/example_subdag_operator.py
[2026-08-24T14:03:09.498+0000] {processor.py:840} INFO - DAG(s) 'example_subdag_operator.section-1', 'example_subdag_operator.section-2', 'example_subdag_operator' retrieved from /home/airflow/.local/lib/python3.12/site-packages/airflow/example_dags/example_subdag_operator.py
[2026-08-24T14:03:09.517+0000] {logging_mixin.py:188} INFO - [2026-08-24T14:03:09.517+0000] {dag.py:3096} INFO - Sync 3 DAGs
[2026-08-24T14:03:09.543+0000] {logging_mixin.py:188} INFO - [2026-08-24T14:03:09.543+0000] {dag.py:3954} INFO - Setting next_dagrun for example_subdag_operator to 2022-01-01 00:00:00+00:00, run_after=2022-01-01 00:00:00+00:00
[2026-08-24T14:03:09.548+0000] {logging_mixin.py:188} INFO - [2026-08-24T14:03:09.548+0000] {dag.py:3954} INFO - Setting next_dagrun for example_subdag_operator.section-1 to None, run_after=None
[2026-08-24T14:03:09.550+0000] {logging_mixin.py:188} INFO - [2026-08-24T14:03:09.549+0000] {dag.py:3954} INFO - Setting next_dagrun for example_subdag_operator.section-2 to None, run_after=None
[2026-08-24T14:03:09.558+0000] {logging_mixin.py:188} INFO - [2026-08-24T14:03:09.558+0000] {dag.py:3096} INFO - Sync 2 DAGs
[2026-08-24T14:03:09.565+0000] {logging_mixin.py:188} INFO - [2026-08-24T14:03:09.564+0000] {dag.py:3954} INFO - Setting next_dagrun for example_subdag_operator.section-1 to None, run_after=None
[2026-08-24T14:03:09.565+0000] {logging_mixin.py:188} INFO - [2026-08-24T14:03:09.565+0000] {dag.py:3954} INFO - Setting next_dagrun for example_subdag_operator.section-2 to None, run_after=None
[2026-08-24T14:03:09.578+0000] {processor.py:183} INFO - Processing /home/airflow/.local/lib/python3.12/site-packages/airflow/example_dags/example_subdag_operator.py took 0.119 seconds
[2026-08-24T14:07:40.672+0000] {processor.py:161} INFO - Started process (PID=113) to work on /home/airflow/.local/lib/python3.12/site-packages/airflow/example_dags/example_subdag_operator.py
[2026-08-24T14:07:40.673+0000] {processor.py:830} INFO - Processing file /home/airflow/.local/lib/python3.12/site-packages/airflow/example_dags/example_subdag_operator.py for tasks to queue
[2026-08-24T14:07:40.676+0000] {logging_mixin.py:188} INFO - [2026-08-24T14:07:40.676+0000] {dagbag.py:545} INFO - Filling up the DagBag from /home/airflow/.local/lib/python3.12/site-packages/airflow/example_dags/example_subdag_operator.py
[2026-08-24T14:07:40.710+0000] {processor.py:840} INFO - DAG(s) 'example_subdag_operator.section-1', 'example_subdag_operator.section-2', 'example_subdag_operator' retrieved from /home/airflow/.local/lib/python3.12/site-packages/airflow/example_dags/example_subdag_operator.py
[2026-08-24T14:07:40.854+0000] {logging_mixin.py:188} INFO - [2026-08-24T14:07:40.854+0000] {dag.py:3096} INFO - Sync 3 DAGs
[2026-08-24T14:07:40.909+0000] {logging_mixin.py:188} INFO - [2026-08-24T14:07:40.909+0000] {dag.py:3954} INFO - Setting next_dagrun for example_subdag_operator to 2022-01-01 00:00:00+00:00, run_after=2022-01-01 00:00:00+00:00
[2026-08-24T14:07:40.916+0000] {logging_mixin.py:188} INFO - [2026-08-24T14:07:40.915+0000] {dag.py:3954} INFO - Setting next_dagrun for example_subdag_operator.section-1 to None, run_after=None
[2026-08-24T14:07:40.918+0000] {logging_mixin.py:188} INFO - [2026-08-24T14:07:40.918+0000] {dag.py:3954} INFO - Setting next_dagrun for example_subdag_operator.section-2 to None, run_after=None
[2026-08-24T14:07:40.935+0000] {logging_mixin.py:188} INFO - [2026-08-24T14:07:40.934+0000] {dag.py:3096} INFO - Sync 2 DAGs
[2026-08-24T14:07:40.943+0000] {logging_mixin.py:188} INFO - [2026-08-24T14:07:40.943+0000] {dag.py:3954} INFO - Setting next_dagrun for example_subdag_operator.section-1 to None, run_after=None
[2026-08-24T14:07:40.944+0000] {logging_mixin.py:188} INFO - [2026-08-24T14:07:40.944+0000] {dag.py:3954} INFO - Setting next_dagrun for example_subdag_operator.section-2 to None, run_after=None
[2026-08-24T14:07:40.966+0000] {processor.py:183} INFO - Processing /home/airflow/.local/lib/python3.12/site-packages/airflow/example_dags/example_subdag_operator.py took 0.304 seconds
[2026-08-24T14:08:11.841+0000] {processor.py:161} INFO - Started process (PID=172) to work on /home/airflow/.local/lib/python3.12/site-packages/airflow/example_dags/example_subdag_operator.py
[2026-08-24T14:08:11.843+0000] {processor.py:830} INFO - Processing file /home/airflow/.local/lib/python3.12/site-packages/airflow/example_dags/example_subdag_operator.py for tasks to queue
[2026-08-24T14:08:11.847+0000] {logging_mixin.py:188} INFO - [2026-08-24T14:08:11.846+0000] {dagbag.py:545} INFO - Filling up the DagBag from /home/airflow/.local/lib/python3.12/site-packages/airflow/example_dags/example_subdag_operator.py
[2026-08-24T14:08:11.889+0000] {processor.py:840} INFO - DAG(s) 'example_subdag_operator.section-1', 'example_subdag_operator.section-2', 'example_subdag_operator' retrieved from /home/airflow/.local/lib/python3.12/site-packages/airflow/example_dags/example_subdag_operator.py
[2026-08-24T14:08:11.948+0000] {logging_mixin.py:188} INFO - [2026-08-24T14:08:11.947+0000] {dag.py:3096} INFO - Sync 3 DAGs
[2026-08-24T14:08:12.035+0000] {logging_mixin.py:188} INFO - [2026-08-24T14:08:12.035+0000] {dag.py:3954} INFO - Setting next_dagrun for example_subdag_operator to 2022-01-01 00:00:00+00:00, run_after=2022-01-01 00:00:00+00:00
[2026-08-24T14:08:12.052+0000] {logging_mixin.py:188} INFO - [2026-08-24T14:08:12.052+0000] {dag.py:3954} INFO - Setting next_dagrun for example_subdag_operator.section-1 to None, run_after=None
[2026-08-24T14:08:12.062+0000] {logging_mixin.py:188} INFO - [2026-08-24T14:08:12.056+0000] {dag.py:3954} INFO - Setting next_dagrun for example_subdag_operator.section-2 to None, run_after=None
[2026-08-24T14:08:12.100+0000] {logging_mixin.py:188} INFO - [2026-08-24T14:08:12.099+0000] {dag.py:3096} INFO - Sync 2 DAGs
[2026-08-24T14:08:12.122+0000] {logging_mixin.py:188} INFO - [2026-08-24T14:08:12.121+0000] {dag.py:3954} INFO - Setting next_dagrun for example_subdag_operator.section-1 to None, run_after=None
[2026-08-24T14:08:12.129+0000] {logging_mixin.py:188} INFO - [2026-08-24T14:08:12.128+0000] {dag.py:3954} INFO - Setting next_dagrun for example_subdag_operator.section-2 to None, run_after=None
[2026-08-24T14:08:12.240+0000] {processor.py:183} INFO - Processing /home/airflow/.local/lib/python3.12/site-packages/airflow/example_dags/example_subdag_operator.py took 0.410 seconds
[2026-08-24T14:08:42.727+0000] {processor.py:161} INFO - Started process (PID=231) to work on /home/airflow/.local/lib/python3.12/site-packages/airflow/example_dags/example_subdag_operator.py
[2026-08-24T14:08:42.728+0000] {processor.py:830} INFO - Processing file /home/airflow/.local/lib/python3.12/site-packages/airflow/example_dags/example_subdag_operator.py for tasks to queue
[2026-08-24T14:08:42.732+0000] {logging_mixin.py:188} INFO - [2026-08-24T14:08:42.731+0000] {dagbag.py:545} INFO - Filling up the DagBag from /home/airflow/.local/lib/python3.12/site-packages/airflow/example_dags/example_subdag_operator.py
[2026-08-24T14:08:42.774+0000] {processor.py:840} INFO - DAG(s) 'example_subdag_operator.section-1', 'example_subdag_operator.section-2', 'example_subdag_operator' retrieved from /home/airflow/.local/lib/python3.12/site-packages/airflow/example_dags/example_subdag_operator.py
[2026-08-24T14:08:42.799+0000] {logging_mixin.py:188} INFO - [2026-08-24T14:08:42.799+0000] {dag.py:3096} INFO - Sync 3 DAGs
[2026-08-24T14:08:42.833+0000] {logging_mixin.py:188} INFO - [2026-08-24T14:08:42.833+0000] {dag.py:3954} INFO - Setting next_dagrun for example_subdag_operator to 2022-01-01 00:00:00+00:00, run_after=2022-01-01 00:00:00+00:00
[2026-08-24T14:08:42.841+0000] {logging_mixin.py:188} INFO - [2026-08-24T14:08:42.840+0000] {dag.py:3954} INFO - Setting next_dagrun for example_subdag_operator.section-1 to None, run_after=None
[2026-08-24T14:08:42.843+0000] {logging_mixin.py:188} INFO - [2026-08-24T14:08:42.843+0000] {dag.py:3954} INFO - Setting next_dagrun for example_subdag_operator.section-2 to None, run_after=None
[2026-08-24T14:08:42.853+0000] {logging_mixin.py:188} INFO - [2026-08-24T14:08:42.853+0000] {dag.py:3096} INFO - Sync 2 DAGs
[2026-08-24T14:08:42.860+0000] {logging_mixin.py:188} INFO - [2026-08-24T14:08:42.860+0000] {dag.py:3954} INFO - Setting next_dagrun for example_subdag_operator.section-1 to None, run_after=None
[2026-08-24T14:08:42.861+0000] {logging_mixin.py:188} INFO - [2026-08-24T14:08:42.861+0000] {dag.py:3954} INFO - Setting next_dagrun for example_subdag_operator.section-2 to None, run_after=None
[2026-08-24T14:08:42.875+0000] {processor.py:183} INFO - Processing /home/airflow/.local/lib/python3.12/site-packages/airflow/example_dags/example_subdag_operator.py took 0.159 seconds
[2026-08-24T14:09:13.017+0000] {processor.py:161} INFO - Started process (PID=290) to work on /home/airflow/.local/lib/python3.12/site-packages/airflow/example_dags/example_subdag_operator.py
[2026-08-24T14:09:13.018+0000] {processor.py:830} INFO - Processing file /home/airflow/.local/lib/python3.12/site-packages/airflow/example_dags/example_subdag_operator.py for tasks to queue
[2026-08-24T14:09:13.020+0000] {logging_mixin.py:188} INFO - [2026-08-24T14:09:13.020+0000] {dagbag.py:545} INFO - Filling up the DagBag from /home/airflow/.local/lib/python3.12/site-packages/airflow/example_dags/example_subdag_operator.py
[2026-08-24T14:09:13.048+0000] {processor.py:840} INFO - DAG(s) 'example_subdag_operator.section-1', 'example_subdag_operator.section-2', 'example_subdag_operator' retrieved from /home/airflow/.local/lib/python3.12/site-packages/airflow/example_dags/example_subdag_operator.py
[2026-08-24T14:09:13.065+0000] {logging_mixin.py:188} INFO - [2026-08-24T14:09:13.065+0000] {dag.py:3096} INFO - Sync 3 DAGs
[2026-08-24T14:09:13.092+0000] {logging_mixin.py:188} INFO - [2026-08-24T14:09:13.091+0000] {dag.py:3954} INFO - Setting next_dagrun for example_subdag_operator to 2022-01-01 00:00:00+00:00, run_after=2022-01-01 00:00:00+00:00
[2026-08-24T14:09:13.096+0000] {logging_mixin.py:188} INFO - [2026-08-24T14:09:13.096+0000] {dag.py:3954} INFO - Setting next_dagrun for example_subdag_operator.section-1 to None, run_after=None
[2026-08-24T14:09:13.098+0000] {logging_mixin.py:188} INFO - [2026-08-24T14:09:13.098+0000] {dag.py:3954} INFO - Setting next_dagrun for example_subdag_operator.section-2 to None, run_after=None
[2026-08-24T14:09:13.106+0000] {logging_mixin.py:188} INFO - [2026-08-24T14:09:13.106+0000] {dag.py:3096} INFO - Sync 2 DAGs
[2026-08-24T14:09:13.112+0000] {logging_mixin.py:188} INFO - [2026-08-24T14:09:13.112+0000] {dag.py:3954} INFO - Setting next_dagrun for example_subdag_operator.section-1 to None, run_after=None
[2026-08-24T14:09:13.113+0000] {logging_mixin.py:188} INFO - [2026-08-24T14:09:13.113+0000] {dag.py:3954} INFO - Setting next_dagrun for example_subdag_operator.section-2 to None, run_after=None
[2026-08-24T14:09:13.126+0000] {processor.py:183} INFO - Processing /home/airflow/.local/lib/python3.12/site-packages/airflow/example_dags/example_subdag_operator.py took 0.116 seconds
[2026-08-24T14:09:43.504+0000] {processor.py:161} INFO - Started process (PID=349) to work on /home/airflow/.local/lib/python3.12/site-packages/airflow/example_dags/example_subdag_operator.py
[2026-08-24T14:09:43.506+0000] {processor.py:830} INFO - Processing file /home/airflow/.local/lib/python3.12/site-packages/airflow/example_dags/example_subdag_operator.py for tasks to queue
[2026-08-24T14:09:43.508+0000] {logging_mixin.py:188} INFO - [2026-08-24T14:09:43.508+0000] {dagbag.py:545} INFO - Filling up the DagBag from /home/airflow/.local/lib/python3.12/site-packages/airflow/example_dags/example_subdag_operator.py
[2026-08-24T14:09:43.540+0000] {processor.py:840} INFO - DAG(s) 'example_subdag_operator.section-1', 'example_subdag_operator.section-2', 'example_subdag_operator' retrieved from /home/airflow/.local/lib/python3.12/site-packages/airflow/example_dags/example_subdag_operator.py
[2026-08-24T14:09:43.560+0000] {logging_mixin.py:188} INFO - [2026-08-24T14:09:43.560+0000] {dag.py:3096} INFO - Sync 3 DAGs
[2026-08-24T14:09:43.586+0000] {logging_mixin.py:188} INFO - [2026-08-24T14:09:43.586+0000] {dag.py:3954} INFO - Setting next_dagrun for example_subdag_operator to 2022-01-01 00:00:00+00:00, run_after=2022-01-01 00:00:00+00:00
[2026-08-24T14:09:43.591+0000] {logging_mixin.py:188} INFO - [2026-08-24T14:09:43.591+0000] {dag.py:3954} INFO - Setting next_dagrun for example_subdag_operator.section-1 to None, run_after=None
[2026-08-24T14:09:43.593+0000] {logging_mixin.py:188} INFO - [2026-08-24T14:09:43.593+0000] {dag.py:3954} INFO - Setting next_dagrun for example_subdag_operator.section-2 to None, run_after=None
[2026-08-24T14:09:43.601+0000] {logging_mixin.py:188} INFO - [2026-08-24T14:09:43.601+0000] {dag.py:3096} INFO - Sync 2 DAGs
[2026-08-24T14:09:43.607+0000] {logging_mixin.py:188} INFO - [2026-08-24T14:09:43.607+0000] {dag.py:3954} INFO - Setting next_dagrun for example_subdag_operator.section-1 to None, run_after=None
[2026-08-24T14:09:43.608+0000] {logging_mixin.py:188} INFO - [2026-08-24T14:09:43.608+0000] {dag.py:3954} INFO - Setting next_dagrun for example_subdag_operator.section-2 to None, run_after=None
[2026-08-24T14:09:43.624+0000] {processor.py:183} INFO - Processing /home/airflow/.local/lib/python3.12/site-packages/airflow/example_dags/example_subdag_operator.py took 0.129 seconds
[2026-08-24T14:10:14.040+0000] {processor.py:161} INFO - Started process (PID=408) to work on /home/airflow/.local/lib/python3.12/site-packages/airflow/example_dags/example_subdag_operator.py
[2026-08-24T14:10:14.042+0000] {processor.py:830} INFO - Processing file /home/airflow/.local/lib/python3.12/site-packages/airflow/example_dags/example_subdag_operator.py for tasks to queue
[2026-08-24T14:10:14.044+0000] {logging_mixin.py:188} INFO - [2026-08-24T14:10:14.043+0000] {dagbag.py:545} INFO - Filling up the DagBag from /home/airflow/.local/lib/python3.12/site-packages/airflow/example_dags/example_subdag_operator.py
[2026-08-24T14:10:14.075+0000] {processor.py:840} INFO - DAG(s) 'example_subdag_operator.section-1', 'example_subdag_operator.section-2', 'example_subdag_operator' retrieved from /home/airflow/.local/lib/python3.12/site-packages/airflow/example_dags/example_subdag_operator.py
[2026-08-24T14:10:14.094+0000] {logging_mixin.py:188} INFO - [2026-08-24T14:10:14.094+0000] {dag.py:3096} INFO - Sync 3 DAGs
[2026-08-24T14:10:14.123+0000] {logging_mixin.py:188} INFO - [2026-08-24T14:10:14.122+0000] {dag.py:3954} INFO - Setting next_dagrun for example_subdag_operator to 2022-01-01 00:00:00+00:00, run_after=2022-01-01 00:00:00+00:00
[2026-08-24T14:10:14.128+0000] {logging_mixin.py:188} INFO - [2026-08-24T14:10:14.128+0000] {dag.py:3954} INFO - Setting next_dagrun for example_subdag_operator.section-1 to None, run_after=None
[2026-08-24T14:10:14.131+0000] {logging_mixin.py:188} INFO - [2026-08-24T14:10:14.130+0000] {dag.py:3954} INFO - Setting next_dagrun for example_subdag_operator.section-2 to None, run_after=None
[2026-08-24T14:10:14.140+0000] {logging_mixin.py:188} INFO - [2026-08-24T14:10:14.139+0000] {dag.py:3096} INFO - Sync 2 DAGs
[2026-08-24T14:10:14.147+0000] {logging_mixin.py:188} INFO - [2026-08-24T14:10:14.146+0000] {dag.py:3954} INFO - Setting next_dagrun for example_subdag_operator.section-1 to None, run_after=None
[2026-08-24T14:10:14.147+0000] {logging_mixin.py:188} INFO - [2026-08-24T14:10:14.147+0000] {dag.py:3954} INFO - Setting next_dagrun for example_subdag_operator.section-2 to None, run_after=None
[2026-08-24T14:10:14.162+0000] {processor.py:183} INFO - Processing /home/airflow/.local/lib/python3.12/site-packages/airflow/example_dags/example_subdag_operator.py took 0.130 seconds
[2026-08-24T14:10:44.619+0000] {processor.py:161} INFO - Started process (PID=467) to work on /home/airflow/.local/lib/python3.12/site-packages/airflow/example_dags/example_subdag_operator.py
[2026-08-24T14:10:44.621+0000] {processor.py:830} INFO - Processing file /home/airflow/.local/lib/python3.12/site-packages/airflow/example_dags/example_subdag_operator.py for tasks to queue
[2026-08-24T14:10:44.623+0000] {logging_mixin.py:188} INFO - [2026-08-24T14:10:44.623+0000] {dagbag.py:545} INFO - Filling up the DagBag from /home/airflow/.local/lib/python3.12/site-packages/airflow/example_dags/example_subdag_operator.py
[2026-08-24T14:10:44.652+0000] {processor.py:840} INFO - DAG(s) 'example_subdag_operator.section-1', 'example_subdag_operator.section-2', 'example_subdag_operator' retrieved from /home/airflow/.local/lib/python3.12/site-packages/airflow/example_dags/example_subdag_operator.py
[2026-08-24T14:10:44.672+0000] {logging_mixin.py:188} INFO - [2026-08-24T14:10:44.672+0000] {dag.py:3096} INFO - Sync 3 DAGs
[2026-08-24T14:10:44.701+0000] {logging_mixin.py:188} INFO - [2026-08-24T14:10:44.701+0000] {dag.py:3954} INFO - Setting next_dagrun for example_subdag_operator to 2022-01-01 00:00:00+00:00, run_after=2022-01-01 00:00:00+00:00
[2026-08-24T14:10:44.706+0000] {logging_mixin.py:188} INFO - [2026-08-24T14:10:44.706+0000] {dag.py:3954} INFO - Setting next_dagrun for example_subdag_operator.section-1 to None, run_after=None
[2026-08-24T14:10:44.708+0000] {logging_mixin.py:188} INFO - [2026-08-24T14:10:44.708+0000] {dag.py:3954} INFO - Setting next_dagrun for example_subdag_operator.section-2 to None, run_after=None
[2026-08-24T14:10:44.717+0000] {logging_mixin.py:188} INFO - [2026-08-24T14:10:44.717+0000] {dag.py:3096} INFO - Sync 2 DAGs
[2026-08-24T14:10:44.726+0000] {logging_mixin.py:188} INFO - [2026-08-24T14:10:44.726+0000] {dag.py:3954} INFO - Setting next_dagrun for example_subdag_operator.section-1 to None, run_after=None
[2026-08-24T14:10:44.727+0000] {logging_mixin.py:188} INFO - [2026-08-24T14:10:44.727+0000] {dag.py:3954} INFO - Setting next_dagrun for example_subdag_operator.section-2 to None, run_after=None
[2026-08-24T14:10:44.744+0000] {processor.py:183} INFO - Processing /home/airflow/.local/lib/python3.12/site-packages/airflow/example_dags/example_subdag_operator.py took 0.133 seconds
[2026-08-24T14:13:27.366+0000] {processor.py:161} INFO - Started process (PID=117) to work on /home/airflow/.local/lib/python3.12/site-packages/airflow/example_dags/example_subdag_operator.py
[2026-08-24T14:13:27.367+0000] {processor.py:830} INFO - Processing file /home/airflow/.local/lib/python3.12/site-packages/airflow/example_dags/example_subdag_operator.py for tasks to queue
[2026-08-24T14:13:27.370+0000] {logging_mixin.py:188} INFO - [2026-08-24T14:13:27.369+0000] {dagbag.py:545} INFO - Filling up the DagBag from /home/airflow/.local/lib/python3.12/site-packages/airflow/example_dags/example_subdag_operator.py
[2026-08-24T14:13:27.399+0000] {processor.py:840} INFO - DAG(s) 'example_subdag_operator.section-1', 'example_subdag_operator.section-2', 'example_subdag_operator' retrieved from /home/airflow/.local/lib/python3.12/site-packages/airflow/example_dags/example_subdag_operator.py
[2026-08-24T14:13:27.544+0000] {logging_mixin.py:188} INFO - [2026-08-24T14:13:27.543+0000] {dag.py:3096} INFO - Sync 3 DAGs
[2026-08-24T14:13:27.576+0000] {logging_mixin.py:188} INFO - [2026-08-24T14:13:27.575+0000] {dag.py:3954} INFO - Setting next_dagrun for example_subdag_operator to 2022-01-01 00:00:00+00:00, run_after=2022-01-01 00:00:00+00:00
[2026-08-24T14:13:27.580+0000] {logging_mixin.py:188} INFO - [2026-08-24T14:13:27.580+0000] {dag.py:3954} INFO - Setting next_dagrun for example_subdag_operator.section-1 to None, run_after=None
[2026-08-24T14:13:27.582+0000] {logging_mixin.py:188} INFO - [2026-08-24T14:13:27.582+0000] {dag.py:3954} INFO - Setting next_dagrun for example_subdag_operator.section-2 to None, run_after=None
[2026-08-24T14:13:27.594+0000] {logging_mixin.py:188} INFO - [2026-08-24T14:13:27.593+0000] {dag.py:3096} INFO - Sync 2 DAGs
[2026-08-24T14:13:27.600+0000] {logging_mixin.py:188} INFO - [2026-08-24T14:13:27.600+0000] {dag.py:3954} INFO - Setting next_dagrun for example_subdag_operator.section-1 to None, run_after=None
[2026-08-24T14:13:27.601+0000] {logging_mixin.py:188} INFO - [2026-08-24T14:13:27.601+0000] {dag.py:3954} INFO - Setting next_dagrun for example_subdag_operator.section-2 to None, run_after=None
[2026-08-24T14:13:27.617+0000] {processor.py:183} INFO - Processing /home/airflow/.local/lib/python3.12/site-packages/airflow/example_dags/example_subdag_operator.py took 0.258 seconds
[2026-08-24T14:13:58.185+0000] {processor.py:161} INFO - Started process (PID=176) to work on /home/airflow/.local/lib/python3.12/site-packages/airflow/example_dags/example_subdag_operator.py
[2026-08-24T14:13:58.187+0000] {processor.py:830} INFO - Processing file /home/airflow/.local/lib/python3.12/site-packages/airflow/example_dags/example_subdag_operator.py for tasks to queue
[2026-08-24T14:13:58.190+0000] {logging_mixin.py:188} INFO - [2026-08-24T14:13:58.190+0000] {dagbag.py:545} INFO - Filling up the DagBag from /home/airflow/.local/lib/python3.12/site-packages/airflow/example_dags/example_subdag_operator.py
[2026-08-24T14:13:58.249+0000] {processor.py:840} INFO - DAG(s) 'example_subdag_operator.section-1', 'example_subdag_operator.section-2', 'example_subdag_operator' retrieved from /home/airflow/.local/lib/python3.12/site-packages/airflow/example_dags/example_subdag_operator.py
[2026-08-24T14:13:58.283+0000] {logging_mixin.py:188} INFO - [2026-08-24T14:13:58.283+0000] {dag.py:3096} INFO - Sync 3 DAGs
[2026-08-24T14:13:58.331+0000] {logging_mixin.py:188} INFO - [2026-08-24T14:13:58.330+0000] {dag.py:3954} INFO - Setting next_dagrun for example_subdag_operator to 2022-01-01 00:00:00+00:00, run_after=2022-01-01 00:00:00+00:00
[2026-08-24T14:13:58.339+0000] {logging_mixin.py:188} INFO - [2026-08-24T14:13:58.338+0000] {dag.py:3954} INFO - Setting next_dagrun for example_subdag_operator.section-1 to None, run_after=None
[2026-08-24T14:13:58.342+0000] {logging_mixin.py:188} INFO - [2026-08-24T14:13:58.342+0000] {dag.py:3954} INFO - Setting next_dagrun for example_subdag_operator.section-2 to None, run_after=None
[2026-08-24T14:13:58.356+0000] {logging_mixin.py:188} INFO - [2026-08-24T14:13:58.355+0000] {dag.py:3096} INFO - Sync 2 DAGs
[2026-08-24T14:13:58.367+0000] {logging_mixin.py:188} INFO - [2026-08-24T14:13:58.366+0000] {dag.py:3954} INFO - Setting next_dagrun for example_subdag_operator.section-1 to None, run_after=None
[2026-08-24T14:13:58.368+0000] {logging_mixin.py:188} INFO - [2026-08-24T14:13:58.368+0000] {dag.py:3954} INFO - Setting next_dagrun for example_subdag_operator.section-2 to None, run_after=None
[2026-08-24T14:13:58.399+0000] {processor.py:183} INFO - Processing /home/airflow/.local/lib/python3.12/site-packages/airflow/example_dags/example_subdag_operator.py took 0.227 seconds
[2026-08-24T14:14:28.841+0000] {processor.py:161} INFO - Started process (PID=235) to work on /home/airflow/.local/lib/python3.12/site-packages/airflow/example_dags/example_subdag_operator.py
[2026-08-24T14:14:28.842+0000] {processor.py:830} INFO - Processing file /home/airflow/.local/lib/python3.12/site-packages/airflow/example_dags/example_subdag_operator.py for tasks to queue
[2026-08-24T14:14:28.845+0000] {logging_mixin.py:188} INFO - [2026-08-24T14:14:28.844+0000] {dagbag.py:545} INFO - Filling up the DagBag from /home/airflow/.local/lib/python3.12/site-packages/airflow/example_dags/example_subdag_operator.py
[2026-08-24T14:14:28.884+0000] {processor.py:840} INFO - DAG(s) 'example_subdag_operator.section-1', 'example_subdag_operator.section-2', 'example_subdag_operator' retrieved from /home/airflow/.local/lib/python3.12/site-packages/airflow/example_dags/example_subdag_operator.py
[2026-08-24T14:14:28.909+0000] {logging_mixin.py:188} INFO - [2026-08-24T14:14:28.909+0000] {dag.py:3096} INFO - Sync 3 DAGs
[2026-08-24T14:14:28.939+0000] {logging_mixin.py:188} INFO - [2026-08-24T14:14:28.939+0000] {dag.py:3954} INFO - Setting next_dagrun for example_subdag_operator to 2022-01-01 00:00:00+00:00, run_after=2022-01-01 00:00:00+00:00
[2026-08-24T14:14:28.945+0000] {logging_mixin.py:188} INFO - [2026-08-24T14:14:28.945+0000] {dag.py:3954} INFO - Setting next_dagrun for example_subdag_operator.section-1 to None, run_after=None
[2026-08-24T14:14:28.947+0000] {logging_mixin.py:188} INFO - [2026-08-24T14:14:28.947+0000] {dag.py:3954} INFO - Setting next_dagrun for example_subdag_operator.section-2 to None, run_after=None
[2026-08-24T14:14:28.957+0000] {logging_mixin.py:188} INFO - [2026-08-24T14:14:28.956+0000] {dag.py:3096} INFO - Sync 2 DAGs
[2026-08-24T14:14:28.963+0000] {logging_mixin.py:188} INFO - [2026-08-24T14:14:28.963+0000] {dag.py:3954} INFO - Setting next_dagrun for example_subdag_operator.section-1 to None, run_after=None
[2026-08-24T14:14:28.964+0000] {logging_mixin.py:188} INFO - [2026-08-24T14:14:28.964+0000] {dag.py:3954} INFO - Setting next_dagrun for example_subdag_operator.section-2 to None, run_after=None
[2026-08-24T14:14:28.980+0000] {processor.py:183} INFO - Processing /home/airflow/.local/lib/python3.12/site-packages/airflow/example_dags/example_subdag_operator.py took 0.149 seconds
[2026-08-24T14:14:59.331+0000] {processor.py:161} INFO - Started process (PID=293) to work on /home/airflow/.local/lib/python3.12/site-packages/airflow/example_dags/example_subdag_operator.py
[2026-08-24T14:14:59.332+0000] {processor.py:830} INFO - Processing file /home/airflow/.local/lib/python3.12/site-packages/airflow/example_dags/example_subdag_operator.py for tasks to queue
[2026-08-24T14:14:59.335+0000] {logging_mixin.py:188} INFO - [2026-08-24T14:14:59.335+0000] {dagbag.py:545} INFO - Filling up the DagBag from /home/airflow/.local/lib/python3.12/site-packages/airflow/example_dags/example_subdag_operator.py
[2026-08-24T14:14:59.367+0000] {processor.py:840} INFO - DAG(s) 'example_subdag_operator.section-1', 'example_subdag_operator.section-2', 'example_subdag_operator' retrieved from /home/airflow/.local/lib/python3.12/site-packages/airflow/example_dags/example_subdag_operator.py
[2026-08-24T14:14:59.392+0000] {logging_mixin.py:188} INFO - [2026-08-24T14:14:59.392+0000] {dag.py:3096} INFO - Sync 3 DAGs
[2026-08-24T14:14:59.420+0000] {logging_mixin.py:188} INFO - [2026-08-24T14:14:59.419+0000] {dag.py:3954} INFO - Setting next_dagrun for example_subdag_operator to 2022-01-01 00:00:00+00:00, run_after=2022-01-01 00:00:00+00:00
[2026-08-24T14:14:59.425+0000] {logging_mixin.py:188} INFO - [2026-08-24T14:14:59.424+0000] {dag.py:3954} INFO - Setting next_dagrun for example_subdag_operator.section-1 to None, run_after=None
[2026-08-24T14:14:59.426+0000] {logging_mixin.py:188} INFO - [2026-08-24T14:14:59.426+0000] {dag.py:3954} INFO - Setting next_dagrun for example_subdag_operator.section-2 to None, run_after=None
[2026-08-24T14:14:59.435+0000] {logging_mixin.py:188} INFO - [2026-08-24T14:14:59.434+0000] {dag.py:3096} INFO - Sync 2 DAGs
[2026-08-24T14:14:59.441+0000] {logging_mixin.py:188} INFO - [2026-08-24T14:14:59.440+0000] {dag.py:3954} INFO - Setting next_dagrun for example_subdag_operator.section-1 to None, run_after=None
[2026-08-24T14:14:59.441+0000] {logging_mixin.py:188} INFO - [2026-08-24T14:14:59.441+0000] {dag.py:3954} INFO - Setting next_dagrun for example_subdag_operator.section-2 to None, run_after=None
[2026-08-24T14:14:59.455+0000] {processor.py:183} INFO - Processing /home/airflow/.local/lib/python3.12/site-packages/airflow/example_dags/example_subdag_operator.py took 0.132 seconds
[2026-08-24T14:15:30.040+0000] {processor.py:161} INFO - Started process (PID=353) to work on /home/airflow/.local/lib/python3.12/site-packages/airflow/example_dags/example_subdag_operator.py
[2026-08-24T14:15:30.042+0000] {processor.py:830} INFO - Processing file /home/airflow/.local/lib/python3.12/site-packages/airflow/example_dags/example_subdag_operator.py for tasks to queue
[2026-08-24T14:15:30.044+0000] {logging_mixin.py:188} INFO - [2026-08-24T14:15:30.044+0000] {dagbag.py:545} INFO - Filling up the DagBag from /home/airflow/.local/lib/python3.12/site-packages/airflow/example_dags/example_subdag_operator.py
[2026-08-24T14:15:30.073+0000] {processor.py:840} INFO - DAG(s) 'example_subdag_operator.section-1', 'example_subdag_operator.section-2', 'example_subdag_operator' retrieved from /home/airflow/.local/lib/python3.12/site-packages/airflow/example_dags/example_subdag_operator.py
[2026-08-24T14:15:30.093+0000] {logging_mixin.py:188} INFO - [2026-08-24T14:15:30.092+0000] {dag.py:3096} INFO - Sync 3 DAGs
[2026-08-24T14:15:30.122+0000] {logging_mixin.py:188} INFO - [2026-08-24T14:15:30.121+0000] {dag.py:3954} INFO - Setting next_dagrun for example_subdag_operator to 2022-01-01 00:00:00+00:00, run_after=2022-01-01 00:00:00+00:00
[2026-08-24T14:15:30.127+0000] {logging_mixin.py:188} INFO - [2026-08-24T14:15:30.126+0000] {dag.py:3954} INFO - Setting next_dagrun for example_subdag_operator.section-1 to None, run_after=None
[2026-08-24T14:15:30.129+0000] {logging_mixin.py:188} INFO - [2026-08-24T14:15:30.128+0000] {dag.py:3954} INFO - Setting next_dagrun for example_subdag_operator.section-2 to None, run_after=None
[2026-08-24T14:15:30.137+0000] {logging_mixin.py:188} INFO - [2026-08-24T14:15:30.137+0000] {dag.py:3096} INFO - Sync 2 DAGs
[2026-08-24T14:15:30.143+0000] {logging_mixin.py:188} INFO - [2026-08-24T14:15:30.143+0000] {dag.py:3954} INFO - Setting next_dagrun for example_subdag_operator.section-1 to None, run_after=None
[2026-08-24T14:15:30.145+0000] {logging_mixin.py:188} INFO - [2026-08-24T14:15:30.145+0000] {dag.py:3954} INFO - Setting next_dagrun for example_subdag_operator.section-2 to None, run_after=None
[2026-08-24T14:15:30.159+0000] {processor.py:183} INFO - Processing /home/airflow/.local/lib/python3.12/site-packages/airflow/example_dags/example_subdag_operator.py took 0.126 seconds
[2026-08-24T14:16:00.740+0000] {processor.py:161} INFO - Started process (PID=412) to work on /home/airflow/.local/lib/python3.12/site-packages/airflow/example_dags/example_subdag_operator.py
[2026-08-24T14:16:00.742+0000] {processor.py:830} INFO - Processing file /home/airflow/.local/lib/python3.12/site-packages/airflow/example_dags/example_subdag_operator.py for tasks to queue
[2026-08-24T14:16:00.746+0000] {logging_mixin.py:188} INFO - [2026-08-24T14:16:00.745+0000] {dagbag.py:545} INFO - Filling up the DagBag from /home/airflow/.local/lib/python3.12/site-packages/airflow/example_dags/example_subdag_operator.py
[2026-08-24T14:16:00.780+0000] {processor.py:840} INFO - DAG(s) 'example_subdag_operator.section-1', 'example_subdag_operator.section-2', 'example_subdag_operator' retrieved from /home/airflow/.local/lib/python3.12/site-packages/airflow/example_dags/example_subdag_operator.py
[2026-08-24T14:16:00.803+0000] {logging_mixin.py:188} INFO - [2026-08-24T14:16:00.802+0000] {dag.py:3096} INFO - Sync 3 DAGs
[2026-08-24T14:16:00.838+0000] {logging_mixin.py:188} INFO - [2026-08-24T14:16:00.837+0000] {dag.py:3954} INFO - Setting next_dagrun for example_subdag_operator to 2022-01-01 00:00:00+00:00, run_after=2022-01-01 00:00:00+00:00
[2026-08-24T14:16:00.843+0000] {logging_mixin.py:188} INFO - [2026-08-24T14:16:00.843+0000] {dag.py:3954} INFO - Setting next_dagrun for example_subdag_operator.section-1 to None, run_after=None
[2026-08-24T14:16:00.846+0000] {logging_mixin.py:188} INFO - [2026-08-24T14:16:00.846+0000] {dag.py:3954} INFO - Setting next_dagrun for example_subdag_operator.section-2 to None, run_after=None
[2026-08-24T14:16:00.855+0000] {logging_mixin.py:188} INFO - [2026-08-24T14:16:00.854+0000] {dag.py:3096} INFO - Sync 2 DAGs
[2026-08-24T14:16:00.861+0000] {logging_mixin.py:188} INFO - [2026-08-24T14:16:00.861+0000] {dag.py:3954} INFO - Setting next_dagrun for example_subdag_operator.section-1 to None, run_after=None
[2026-08-24T14:16:00.862+0000] {logging_mixin.py:188} INFO - [2026-08-24T14:16:00.861+0000] {dag.py:3954} INFO - Setting next_dagrun for example_subdag_operator.section-2 to None, run_after=None
[2026-08-24T14:16:00.877+0000] {processor.py:183} INFO - Processing /home/airflow/.local/lib/python3.12/site-packages/airflow/example_dags/example_subdag_operator.py took 0.145 seconds
[2026-08-24T14:16:31.154+0000] {processor.py:161} INFO - Started process (PID=471) to work on /home/airflow/.local/lib/python3.12/site-packages/airflow/example_dags/example_subdag_operator.py
[2026-08-24T14:16:31.155+0000] {processor.py:830} INFO - Processing file /home/airflow/.local/lib/python3.12/site-packages/airflow/example_dags/example_subdag_operator.py for tasks to queue
[2026-08-24T14:16:31.159+0000] {logging_mixin.py:188} INFO - [2026-08-24T14:16:31.158+0000] {dagbag.py:545} INFO - Filling up the DagBag from /home/airflow/.local/lib/python3.12/site-packages/airflow/example_dags/example_subdag_operator.py
[2026-08-24T14:16:31.193+0000] {processor.py:840} INFO - DAG(s) 'example_subdag_operator.section-1', 'example_subdag_operator.section-2', 'example_subdag_operator' retrieved from /home/airflow/.local/lib/python3.12/site-packages/airflow/example_dags/example_subdag_operator.py
[2026-08-24T14:16:31.215+0000] {logging_mixin.py:188} INFO - [2026-08-24T14:16:31.214+0000] {dag.py:3096} INFO - Sync 3 DAGs
[2026-08-24T14:16:31.248+0000] {logging_mixin.py:188} INFO - [2026-08-24T14:16:31.248+0000] {dag.py:3954} INFO - Setting next_dagrun for example_subdag_operator to 2022-01-01 00:00:00+00:00, run_after=2022-01-01 00:00:00+00:00
[2026-08-24T14:16:31.256+0000] {logging_mixin.py:188} INFO - [2026-08-24T14:16:31.256+0000] {dag.py:3954} INFO - Setting next_dagrun for example_subdag_operator.section-1 to None, run_after=None
[2026-08-24T14:16:31.258+0000] {logging_mixin.py:188} INFO - [2026-08-24T14:16:31.258+0000] {dag.py:3954} INFO - Setting next_dagrun for example_subdag_operator.section-2 to None, run_after=None
[2026-08-24T14:16:31.270+0000] {logging_mixin.py:188} INFO - [2026-08-24T14:16:31.270+0000] {dag.py:3096} INFO - Sync 2 DAGs
[2026-08-24T14:16:31.278+0000] {logging_mixin.py:188} INFO - [2026-08-24T14:16:31.278+0000] {dag.py:3954} INFO - Setting next_dagrun for example_subdag_operator.section-1 to None, run_after=None
[2026-08-24T14:16:31.280+0000] {logging_mixin.py:188} INFO - [2026-08-24T14:16:31.279+0000] {dag.py:3954} INFO - Setting next_dagrun for example_subdag_operator.section-2 to None, run_after=None
[2026-08-24T14:16:31.298+0000] {processor.py:183} INFO - Processing /home/airflow/.local/lib/python3.12/site-packages/airflow/example_dags/example_subdag_operator.py took 0.152 seconds
[2026-08-24T14:17:01.553+0000] {processor.py:161} INFO - Started process (PID=530) to work on /home/airflow/.local/lib/python3.12/site-packages/airflow/example_dags/example_subdag_operator.py
[2026-08-24T14:17:01.555+0000] {processor.py:830} INFO - Processing file /home/airflow/.local/lib/python3.12/site-packages/airflow/example_dags/example_subdag_operator.py for tasks to queue
[2026-08-24T14:17:01.558+0000] {logging_mixin.py:188} INFO - [2026-08-24T14:17:01.557+0000] {dagbag.py:545} INFO - Filling up the DagBag from /home/airflow/.local/lib/python3.12/site-packages/airflow/example_dags/example_subdag_operator.py
[2026-08-24T14:17:01.603+0000] {processor.py:840} INFO - DAG(s) 'example_subdag_operator.section-1', 'example_subdag_operator.section-2', 'example_subdag_operator' retrieved from /home/airflow/.local/lib/python3.12/site-packages/airflow/example_dags/example_subdag_operator.py
[2026-08-24T14:17:01.636+0000] {logging_mixin.py:188} INFO - [2026-08-24T14:17:01.636+0000] {dag.py:3096} INFO - Sync 3 DAGs
[2026-08-24T14:17:01.673+0000] {logging_mixin.py:188} INFO - [2026-08-24T14:17:01.672+0000] {dag.py:3954} INFO - Setting next_dagrun for example_subdag_operator to 2022-01-01 00:00:00+00:00, run_after=2022-01-01 00:00:00+00:00
[2026-08-24T14:17:01.682+0000] {logging_mixin.py:188} INFO - [2026-08-24T14:17:01.681+0000] {dag.py:3954} INFO - Setting next_dagrun for example_subdag_operator.section-1 to None, run_after=None
[2026-08-24T14:17:01.684+0000] {logging_mixin.py:188} INFO - [2026-08-24T14:17:01.684+0000] {dag.py:3954} INFO - Setting next_dagrun for example_subdag_operator.section-2 to None, run_after=None
[2026-08-24T14:17:01.696+0000] {logging_mixin.py:188} INFO - [2026-08-24T14:17:01.695+0000] {dag.py:3096} INFO - Sync 2 DAGs
[2026-08-24T14:17:01.704+0000] {logging_mixin.py:188} INFO - [2026-08-24T14:17:01.704+0000] {dag.py:3954} INFO - Setting next_dagrun for example_subdag_operator.section-1 to None, run_after=None
[2026-08-24T14:17:01.705+0000] {logging_mixin.py:188} INFO - [2026-08-24T14:17:01.704+0000] {dag.py:3954} INFO - Setting next_dagrun for example_subdag_operator.section-2 to None, run_after=None
[2026-08-24T14:17:01.725+0000] {processor.py:183} INFO - Processing /home/airflow/.local/lib/python3.12/site-packages/airflow/example_dags/example_subdag_operator.py took 0.179 seconds
[2026-08-24T14:17:32.462+0000] {processor.py:161} INFO - Started process (PID=589) to work on /home/airflow/.local/lib/python3.12/site-packages/airflow/example_dags/example_subdag_operator.py
[2026-08-24T14:17:32.465+0000] {processor.py:830} INFO - Processing file /home/airflow/.local/lib/python3.12/site-packages/airflow/example_dags/example_subdag_operator.py for tasks to queue
[2026-08-24T14:17:32.472+0000] {logging_mixin.py:188} INFO - [2026-08-24T14:17:32.469+0000] {dagbag.py:545} INFO - Filling up the DagBag from /home/airflow/.local/lib/python3.12/site-packages/airflow/example_dags/example_subdag_operator.py
[2026-08-24T14:17:32.519+0000] {processor.py:840} INFO - DAG(s) 'example_subdag_operator.section-1', 'example_subdag_operator.section-2', 'example_subdag_operator' retrieved from /home/airflow/.local/lib/python3.12/site-packages/airflow/example_dags/example_subdag_operator.py
[2026-08-24T14:17:32.553+0000] {logging_mixin.py:188} INFO - [2026-08-24T14:17:32.552+0000] {dag.py:3096} INFO - Sync 3 DAGs
[2026-08-24T14:17:32.583+0000] {logging_mixin.py:188} INFO - [2026-08-24T14:17:32.583+0000] {dag.py:3954} INFO - Setting next_dagrun for example_subdag_operator to 2022-01-01 00:00:00+00:00, run_after=2022-01-01 00:00:00+00:00
[2026-08-24T14:17:32.590+0000] {logging_mixin.py:188} INFO - [2026-08-24T14:17:32.590+0000] {dag.py:3954} INFO - Setting next_dagrun for example_subdag_operator.section-1 to None, run_after=None
[2026-08-24T14:17:32.593+0000] {logging_mixin.py:188} INFO - [2026-08-24T14:17:32.592+0000] {dag.py:3954} INFO - Setting next_dagrun for example_subdag_operator.section-2 to None, run_after=None
[2026-08-24T14:17:32.602+0000] {logging_mixin.py:188} INFO - [2026-08-24T14:17:32.602+0000] {dag.py:3096} INFO - Sync 2 DAGs
[2026-08-24T14:17:32.610+0000] {logging_mixin.py:188} INFO - [2026-08-24T14:17:32.610+0000] {dag.py:3954} INFO - Setting next_dagrun for example_subdag_operator.section-1 to None, run_after=None
[2026-08-24T14:17:32.611+0000] {logging_mixin.py:188} INFO - [2026-08-24T14:17:32.611+0000] {dag.py:3954} INFO - Setting next_dagrun for example_subdag_operator.section-2 to None, run_after=None
[2026-08-24T14:17:32.626+0000] {processor.py:183} INFO - Processing /home/airflow/.local/lib/python3.12/site-packages/airflow/example_dags/example_subdag_operator.py took 0.174 seconds
[2026-08-24T14:18:03.287+0000] {processor.py:161} INFO - Started process (PID=648) to work on /home/airflow/.local/lib/python3.12/site-packages/airflow/example_dags/example_subdag_operator.py
[2026-08-24T14:18:03.289+0000] {processor.py:830} INFO - Processing file /home/airflow/.local/lib/python3.12/site-packages/airflow/example_dags/example_subdag_operator.py for tasks to queue
[2026-08-24T14:18:03.292+0000] {logging_mixin.py:188} INFO - [2026-08-24T14:18:03.292+0000] {dagbag.py:545} INFO - Filling up the DagBag from /home/airflow/.local/lib/python3.12/site-packages/airflow/example_dags/example_subdag_operator.py
[2026-08-24T14:18:03.333+0000] {processor.py:840} INFO - DAG(s) 'example_subdag_operator.section-1', 'example_subdag_operator.section-2', 'example_subdag_operator' retrieved from /home/airflow/.local/lib/python3.12/site-packages/airflow/example_dags/example_subdag_operator.py
[2026-08-24T14:18:03.358+0000] {logging_mixin.py:188} INFO - [2026-08-24T14:18:03.358+0000] {dag.py:3096} INFO - Sync 3 DAGs
[2026-08-24T14:18:03.395+0000] {logging_mixin.py:188} INFO - [2026-08-24T14:18:03.395+0000] {dag.py:3954} INFO - Setting next_dagrun for example_subdag_operator to 2022-01-01 00:00:00+00:00, run_after=2022-01-01 00:00:00+00:00
[2026-08-24T14:18:03.405+0000] {logging_mixin.py:188} INFO - [2026-08-24T14:18:03.405+0000] {dag.py:3954} INFO - Setting next_dagrun for example_subdag_operator.section-1 to None, run_after=None
[2026-08-24T14:18:03.408+0000] {logging_mixin.py:188} INFO - [2026-08-24T14:18:03.407+0000] {dag.py:3954} INFO - Setting next_dagrun for example_subdag_operator.section-2 to None, run_after=None
[2026-08-24T14:18:03.421+0000] {logging_mixin.py:188} INFO - [2026-08-24T14:18:03.421+0000] {dag.py:3096} INFO - Sync 2 DAGs
[2026-08-24T14:18:03.431+0000] {logging_mixin.py:188} INFO - [2026-08-24T14:18:03.431+0000] {dag.py:3954} INFO - Setting next_dagrun for example_subdag_operator.section-1 to None, run_after=None
[2026-08-24T14:18:03.432+0000] {logging_mixin.py:188} INFO - [2026-08-24T14:18:03.432+0000] {dag.py:3954} INFO - Setting next_dagrun for example_subdag_operator.section-2 to None, run_after=None
[2026-08-24T14:18:03.449+0000] {processor.py:183} INFO - Processing /home/airflow/.local/lib/python3.12/site-packages/airflow/example_dags/example_subdag_operator.py took 0.171 seconds
[2026-08-24T14:18:33.540+0000] {processor.py:161} INFO - Started process (PID=708) to work on /home/airflow/.local/lib/python3.12/site-packages/airflow/example_dags/example_subdag_operator.py
[2026-08-24T14:18:33.541+0000] {processor.py:830} INFO - Processing file /home/airflow/.local/lib/python3.12/site-packages/airflow/example_dags/example_subdag_operator.py for tasks to queue
[2026-08-24T14:18:33.544+0000] {logging_mixin.py:188} INFO - [2026-08-24T14:18:33.543+0000] {dagbag.py:545} INFO - Filling up the DagBag from /home/airflow/.local/lib/python3.12/site-packages/airflow/example_dags/example_subdag_operator.py
[2026-08-24T14:18:33.577+0000] {processor.py:840} INFO - DAG(s) 'example_subdag_operator.section-1', 'example_subdag_operator.section-2', 'example_subdag_operator' retrieved from /home/airflow/.local/lib/python3.12/site-packages/airflow/example_dags/example_subdag_operator.py
[2026-08-24T14:18:33.596+0000] {logging_mixin.py:188} INFO - [2026-08-24T14:18:33.596+0000] {dag.py:3096} INFO - Sync 3 DAGs
[2026-08-24T14:18:33.625+0000] {logging_mixin.py:188} INFO - [2026-08-24T14:18:33.624+0000] {dag.py:3954} INFO - Setting next_dagrun for example_subdag_operator to 2022-01-01 00:00:00+00:00, run_after=2022-01-01 00:00:00+00:00
[2026-08-24T14:18:33.631+0000] {logging_mixin.py:188} INFO - [2026-08-24T14:18:33.631+0000] {dag.py:3954} INFO - Setting next_dagrun for example_subdag_operator.section-1 to None, run_after=None
[2026-08-24T14:18:33.633+0000] {logging_mixin.py:188} INFO - [2026-08-24T14:18:33.633+0000] {dag.py:3954} INFO - Setting next_dagrun for example_subdag_operator.section-2 to None, run_after=None
[2026-08-24T14:18:33.642+0000] {logging_mixin.py:188} INFO - [2026-08-24T14:18:33.642+0000] {dag.py:3096} INFO - Sync 2 DAGs
[2026-08-24T14:18:33.648+0000] {logging_mixin.py:188} INFO - [2026-08-24T14:18:33.648+0000] {dag.py:3954} INFO - Setting next_dagrun for example_subdag_operator.section-1 to None, run_after=None
[2026-08-24T14:18:33.649+0000] {logging_mixin.py:188} INFO - [2026-08-24T14:18:33.649+0000] {dag.py:3954} INFO - Setting next_dagrun for example_subdag_operator.section-2 to None, run_after=None
[2026-08-24T14:18:33.664+0000] {processor.py:183} INFO - Processing /home/airflow/.local/lib/python3.12/site-packages/airflow/example_dags/example_subdag_operator.py took 0.131 seconds
[2026-08-24T14:19:04.686+0000] {processor.py:161} INFO - Started process (PID=768) to work on /home/airflow/.local/lib/python3.12/site-packages/airflow/example_dags/example_subdag_operator.py
[2026-08-24T14:19:04.688+0000] {processor.py:830} INFO - Processing file /home/airflow/.local/lib/python3.12/site-packages/airflow/example_dags/example_subdag_operator.py for tasks to queue
[2026-08-24T14:19:04.690+0000] {logging_mixin.py:188} INFO - [2026-08-24T14:19:04.690+0000] {dagbag.py:545} INFO - Filling up the DagBag from /home/airflow/.local/lib/python3.12/site-packages/airflow/example_dags/example_subdag_operator.py
[2026-08-24T14:19:04.721+0000] {processor.py:840} INFO - DAG(s) 'example_subdag_operator.section-1', 'example_subdag_operator.section-2', 'example_subdag_operator' retrieved from /home/airflow/.local/lib/python3.12/site-packages/airflow/example_dags/example_subdag_operator.py
[2026-08-24T14:19:04.741+0000] {logging_mixin.py:188} INFO - [2026-08-24T14:19:04.741+0000] {dag.py:3096} INFO - Sync 3 DAGs
[2026-08-24T14:19:04.770+0000] {logging_mixin.py:188} INFO - [2026-08-24T14:19:04.769+0000] {dag.py:3954} INFO - Setting next_dagrun for example_subdag_operator to 2022-01-01 00:00:00+00:00, run_after=2022-01-01 00:00:00+00:00
[2026-08-24T14:19:04.775+0000] {logging_mixin.py:188} INFO - [2026-08-24T14:19:04.775+0000] {dag.py:3954} INFO - Setting next_dagrun for example_subdag_operator.section-1 to None, run_after=None
[2026-08-24T14:19:04.777+0000] {logging_mixin.py:188} INFO - [2026-08-24T14:19:04.777+0000] {dag.py:3954} INFO - Setting next_dagrun for example_subdag_operator.section-2 to None, run_after=None
[2026-08-24T14:19:04.788+0000] {logging_mixin.py:188} INFO - [2026-08-24T14:19:04.787+0000] {dag.py:3096} INFO - Sync 2 DAGs
[2026-08-24T14:19:04.798+0000] {logging_mixin.py:188} INFO - [2026-08-24T14:19:04.798+0000] {dag.py:3954} INFO - Setting next_dagrun for example_subdag_operator.section-1 to None, run_after=None
[2026-08-24T14:19:04.799+0000] {logging_mixin.py:188} INFO - [2026-08-24T14:19:04.799+0000] {dag.py:3954} INFO - Setting next_dagrun for example_subdag_operator.section-2 to None, run_after=None
[2026-08-24T14:19:04.819+0000] {processor.py:183} INFO - Processing /home/airflow/.local/lib/python3.12/site-packages/airflow/example_dags/example_subdag_operator.py took 0.140 seconds
[2026-08-24T14:19:36.023+0000] {processor.py:161} INFO - Started process (PID=828) to work on /home/airflow/.local/lib/python3.12/site-packages/airflow/example_dags/example_subdag_operator.py
[2026-08-24T14:19:36.025+0000] {processor.py:830} INFO - Processing file /home/airflow/.local/lib/python3.12/site-packages/airflow/example_dags/example_subdag_operator.py for tasks to queue
[2026-08-24T14:19:36.027+0000] {logging_mixin.py:188} INFO - [2026-08-24T14:19:36.027+0000] {dagbag.py:545} INFO - Filling up the DagBag from /home/airflow/.local/lib/python3.12/site-packages/airflow/example_dags/example_subdag_operator.py
[2026-08-24T14:19:36.057+0000] {processor.py:840} INFO - DAG(s) 'example_subdag_operator.section-1', 'example_subdag_operator.section-2', 'example_subdag_operator' retrieved from /home/airflow/.local/lib/python3.12/site-packages/airflow/example_dags/example_subdag_operator.py
[2026-08-24T14:19:36.077+0000] {logging_mixin.py:188} INFO - [2026-08-24T14:19:36.077+0000] {dag.py:3096} INFO - Sync 3 DAGs
[2026-08-24T14:19:36.108+0000] {logging_mixin.py:188} INFO - [2026-08-24T14:19:36.108+0000] {dag.py:3954} INFO - Setting next_dagrun for example_subdag_operator to 2022-01-01 00:00:00+00:00, run_after=2022-01-01 00:00:00+00:00
[2026-08-24T14:19:36.113+0000] {logging_mixin.py:188} INFO - [2026-08-24T14:19:36.113+0000] {dag.py:3954} INFO - Setting next_dagrun for example_subdag_operator.section-1 to None, run_after=None
[2026-08-24T14:19:36.115+0000] {logging_mixin.py:188} INFO - [2026-08-24T14:19:36.115+0000] {dag.py:3954} INFO - Setting next_dagrun for example_subdag_operator.section-2 to None, run_after=None
[2026-08-24T14:19:36.124+0000] {logging_mixin.py:188} INFO - [2026-08-24T14:19:36.124+0000] {dag.py:3096} INFO - Sync 2 DAGs
[2026-08-24T14:19:36.133+0000] {logging_mixin.py:188} INFO - [2026-08-24T14:19:36.133+0000] {dag.py:3954} INFO - Setting next_dagrun for example_subdag_operator.section-1 to None, run_after=None
[2026-08-24T14:19:36.134+0000] {logging_mixin.py:188} INFO - [2026-08-24T14:19:36.134+0000] {dag.py:3954} INFO - Setting next_dagrun for example_subdag_operator.section-2 to None, run_after=None
[2026-08-24T14:19:36.153+0000] {processor.py:183} INFO - Processing /home/airflow/.local/lib/python3.12/site-packages/airflow/example_dags/example_subdag_operator.py took 0.137 seconds
[2026-08-24T14:20:06.382+0000] {processor.py:161} INFO - Started process (PID=892) to work on /home/airflow/.local/lib/python3.12/site-packages/airflow/example_dags/example_subdag_operator.py
[2026-08-24T14:20:06.384+0000] {processor.py:830} INFO - Processing file /home/airflow/.local/lib/python3.12/site-packages/airflow/example_dags/example_subdag_operator.py for tasks to queue
[2026-08-24T14:20:06.386+0000] {logging_mixin.py:188} INFO - [2026-08-24T14:20:06.386+0000] {dagbag.py:545} INFO - Filling up the DagBag from /home/airflow/.local/lib/python3.12/site-packages/airflow/example_dags/example_subdag_operator.py
[2026-08-24T14:20:06.414+0000] {processor.py:840} INFO - DAG(s) 'example_subdag_operator.section-1', 'example_subdag_operator.section-2', 'example_subdag_operator' retrieved from /home/airflow/.local/lib/python3.12/site-packages/airflow/example_dags/example_subdag_operator.py
[2026-08-24T14:20:06.432+0000] {logging_mixin.py:188} INFO - [2026-08-24T14:20:06.431+0000] {dag.py:3096} INFO - Sync 3 DAGs
[2026-08-24T14:20:06.457+0000] {logging_mixin.py:188} INFO - [2026-08-24T14:20:06.457+0000] {dag.py:3954} INFO - Setting next_dagrun for example_subdag_operator to 2022-01-01 00:00:00+00:00, run_after=2022-01-01 00:00:00+00:00
[2026-08-24T14:20:06.462+0000] {logging_mixin.py:188} INFO - [2026-08-24T14:20:06.462+0000] {dag.py:3954} INFO - Setting next_dagrun for example_subdag_operator.section-1 to None, run_after=None
[2026-08-24T14:20:06.464+0000] {logging_mixin.py:188} INFO - [2026-08-24T14:20:06.464+0000] {dag.py:3954} INFO - Setting next_dagrun for example_subdag_operator.section-2 to None, run_after=None
[2026-08-24T14:20:06.472+0000] {logging_mixin.py:188} INFO - [2026-08-24T14:20:06.471+0000] {dag.py:3096} INFO - Sync 2 DAGs
[2026-08-24T14:20:06.478+0000] {logging_mixin.py:188} INFO - [2026-08-24T14:20:06.478+0000] {dag.py:3954} INFO - Setting next_dagrun for example_subdag_operator.section-1 to None, run_after=None
[2026-08-24T14:20:06.479+0000] {logging_mixin.py:188} INFO - [2026-08-24T14:20:06.479+0000] {dag.py:3954} INFO - Setting next_dagrun for example_subdag_operator.section-2 to None, run_after=None
[2026-08-24T14:20:06.492+0000] {processor.py:183} INFO - Processing /home/airflow/.local/lib/python3.12/site-packages/airflow/example_dags/example_subdag_operator.py took 0.117 seconds
[2026-08-24T14:22:18.495+0000] {processor.py:161} INFO - Started process (PID=117) to work on /home/airflow/.local/lib/python3.12/site-packages/airflow/example_dags/example_subdag_operator.py
[2026-08-24T14:22:18.497+0000] {processor.py:830} INFO - Processing file /home/airflow/.local/lib/python3.12/site-packages/airflow/example_dags/example_subdag_operator.py for tasks to queue
[2026-08-24T14:22:18.499+0000] {logging_mixin.py:188} INFO - [2026-08-24T14:22:18.499+0000] {dagbag.py:545} INFO - Filling up the DagBag from /home/airflow/.local/lib/python3.12/site-packages/airflow/example_dags/example_subdag_operator.py
[2026-08-24T14:22:18.529+0000] {processor.py:840} INFO - DAG(s) 'example_subdag_operator.section-1', 'example_subdag_operator.section-2', 'example_subdag_operator' retrieved from /home/airflow/.local/lib/python3.12/site-packages/airflow/example_dags/example_subdag_operator.py
[2026-08-24T14:22:18.654+0000] {logging_mixin.py:188} INFO - [2026-08-24T14:22:18.654+0000] {dag.py:3096} INFO - Sync 3 DAGs
[2026-08-24T14:22:18.682+0000] {logging_mixin.py:188} INFO - [2026-08-24T14:22:18.682+0000] {dag.py:3954} INFO - Setting next_dagrun for example_subdag_operator to 2022-01-01 00:00:00+00:00, run_after=2022-01-01 00:00:00+00:00
[2026-08-24T14:22:18.686+0000] {logging_mixin.py:188} INFO - [2026-08-24T14:22:18.686+0000] {dag.py:3954} INFO - Setting next_dagrun for example_subdag_operator.section-1 to None, run_after=None
[2026-08-24T14:22:18.688+0000] {logging_mixin.py:188} INFO - [2026-08-24T14:22:18.688+0000] {dag.py:3954} INFO - Setting next_dagrun for example_subdag_operator.section-2 to None, run_after=None
[2026-08-24T14:22:18.702+0000] {logging_mixin.py:188} INFO - [2026-08-24T14:22:18.702+0000] {dag.py:3096} INFO - Sync 2 DAGs
[2026-08-24T14:22:18.709+0000] {logging_mixin.py:188} INFO - [2026-08-24T14:22:18.708+0000] {dag.py:3954} INFO - Setting next_dagrun for example_subdag_operator.section-1 to None, run_after=None
[2026-08-24T14:22:18.710+0000] {logging_mixin.py:188} INFO - [2026-08-24T14:22:18.709+0000] {dag.py:3954} INFO - Setting next_dagrun for example_subdag_operator.section-2 to None, run_after=None
[2026-08-24T14:22:18.735+0000] {processor.py:183} INFO - Processing /home/airflow/.local/lib/python3.12/site-packages/airflow/example_dags/example_subdag_operator.py took 0.248 seconds
[2026-08-24T14:23:01.588+0000] {processor.py:161} INFO - Started process (PID=96) to work on /home/airflow/.local/lib/python3.12/site-packages/airflow/example_dags/example_subdag_operator.py
[2026-08-24T14:23:01.589+0000] {processor.py:830} INFO - Processing file /home/airflow/.local/lib/python3.12/site-packages/airflow/example_dags/example_subdag_operator.py for tasks to queue
[2026-08-24T14:23:01.592+0000] {logging_mixin.py:188} INFO - [2026-08-24T14:23:01.591+0000] {dagbag.py:545} INFO - Filling up the DagBag from /home/airflow/.local/lib/python3.12/site-packages/airflow/example_dags/example_subdag_operator.py
[2026-08-24T14:23:01.625+0000] {processor.py:840} INFO - DAG(s) 'example_subdag_operator.section-1', 'example_subdag_operator.section-2', 'example_subdag_operator' retrieved from /home/airflow/.local/lib/python3.12/site-packages/airflow/example_dags/example_subdag_operator.py
[2026-08-24T14:23:01.650+0000] {logging_mixin.py:188} INFO - [2026-08-24T14:23:01.650+0000] {dag.py:3096} INFO - Sync 3 DAGs
[2026-08-24T14:23:01.680+0000] {logging_mixin.py:188} INFO - [2026-08-24T14:23:01.680+0000] {dag.py:3954} INFO - Setting next_dagrun for example_subdag_operator to 2022-01-01 00:00:00+00:00, run_after=2022-01-01 00:00:00+00:00
[2026-08-24T14:23:01.686+0000] {logging_mixin.py:188} INFO - [2026-08-24T14:23:01.685+0000] {dag.py:3954} INFO - Setting next_dagrun for example_subdag_operator.section-1 to None, run_after=None
[2026-08-24T14:23:01.688+0000] {logging_mixin.py:188} INFO - [2026-08-24T14:23:01.687+0000] {dag.py:3954} INFO - Setting next_dagrun for example_subdag_operator.section-2 to None, run_after=None
[2026-08-24T14:23:01.697+0000] {logging_mixin.py:188} INFO - [2026-08-24T14:23:01.697+0000] {dag.py:3096} INFO - Sync 2 DAGs
[2026-08-24T14:23:01.705+0000] {logging_mixin.py:188} INFO - [2026-08-24T14:23:01.705+0000] {dag.py:3954} INFO - Setting next_dagrun for example_subdag_operator.section-1 to None, run_after=None
[2026-08-24T14:23:01.706+0000] {logging_mixin.py:188} INFO - [2026-08-24T14:23:01.706+0000] {dag.py:3954} INFO - Setting next_dagrun for example_subdag_operator.section-2 to None, run_after=None
[2026-08-24T14:23:01.723+0000] {processor.py:183} INFO - Processing /home/airflow/.local/lib/python3.12/site-packages/airflow/example_dags/example_subdag_operator.py took 0.142 seconds
[2026-08-24T14:23:32.137+0000] {processor.py:161} INFO - Started process (PID=156) to work on /home/airflow/.local/lib/python3.12/site-packages/airflow/example_dags/example_subdag_operator.py
[2026-08-24T14:23:32.138+0000] {processor.py:830} INFO - Processing file /home/airflow/.local/lib/python3.12/site-packages/airflow/example_dags/example_subdag_operator.py for tasks to queue
[2026-08-24T14:23:32.140+0000] {logging_mixin.py:188} INFO - [2026-08-24T14:23:32.140+0000] {dagbag.py:545} INFO - Filling up the DagBag from /home/airflow/.local/lib/python3.12/site-packages/airflow/example_dags/example_subdag_operator.py
[2026-08-24T14:23:32.212+0000] {processor.py:840} INFO - DAG(s) 'example_subdag_operator.section-1', 'example_subdag_operator.section-2', 'example_subdag_operator' retrieved from /home/airflow/.local/lib/python3.12/site-packages/airflow/example_dags/example_subdag_operator.py
[2026-08-24T14:23:32.269+0000] {logging_mixin.py:188} INFO - [2026-08-24T14:23:32.269+0000] {dag.py:3096} INFO - Sync 3 DAGs
[2026-08-24T14:23:32.308+0000] {logging_mixin.py:188} INFO - [2026-08-24T14:23:32.306+0000] {dag.py:3954} INFO - Setting next_dagrun for example_subdag_operator to 2022-01-01 00:00:00+00:00, run_after=2022-01-01 00:00:00+00:00
[2026-08-24T14:23:32.315+0000] {logging_mixin.py:188} INFO - [2026-08-24T14:23:32.315+0000] {dag.py:3954} INFO - Setting next_dagrun for example_subdag_operator.section-1 to None, run_after=None
[2026-08-24T14:23:32.318+0000] {logging_mixin.py:188} INFO - [2026-08-24T14:23:32.317+0000] {dag.py:3954} INFO - Setting next_dagrun for example_subdag_operator.section-2 to None, run_after=None
[2026-08-24T14:23:32.335+0000] {logging_mixin.py:188} INFO - [2026-08-24T14:23:32.334+0000] {dag.py:3096} INFO - Sync 2 DAGs
[2026-08-24T14:23:32.349+0000] {logging_mixin.py:188} INFO - [2026-08-24T14:23:32.349+0000] {dag.py:3954} INFO - Setting next_dagrun for example_subdag_operator.section-1 to None, run_after=None
[2026-08-24T14:23:32.350+0000] {logging_mixin.py:188} INFO - [2026-08-24T14:23:32.350+0000] {dag.py:3954} INFO - Setting next_dagrun for example_subdag_operator.section-2 to None, run_after=None
[2026-08-24T14:23:32.378+0000] {processor.py:183} INFO - Processing /home/airflow/.local/lib/python3.12/site-packages/airflow/example_dags/example_subdag_operator.py took 0.251 seconds
[2026-08-24T14:24:04.763+0000] {processor.py:161} INFO - Started process (PID=222) to work on /home/airflow/.local/lib/python3.12/site-packages/airflow/example_dags/example_subdag_operator.py
[2026-08-24T14:24:04.764+0000] {processor.py:830} INFO - Processing file /home/airflow/.local/lib/python3.12/site-packages/airflow/example_dags/example_subdag_operator.py for tasks to queue
[2026-08-24T14:24:04.768+0000] {logging_mixin.py:188} INFO - [2026-08-24T14:24:04.767+0000] {dagbag.py:545} INFO - Filling up the DagBag from /home/airflow/.local/lib/python3.12/site-packages/airflow/example_dags/example_subdag_operator.py
[2026-08-24T14:24:04.803+0000] {processor.py:840} INFO - DAG(s) 'example_subdag_operator.section-1', 'example_subdag_operator.section-2', 'example_subdag_operator' retrieved from /home/airflow/.local/lib/python3.12/site-packages/airflow/example_dags/example_subdag_operator.py
[2026-08-24T14:24:04.828+0000] {logging_mixin.py:188} INFO - [2026-08-24T14:24:04.828+0000] {dag.py:3096} INFO - Sync 3 DAGs
[2026-08-24T14:24:04.865+0000] {logging_mixin.py:188} INFO - [2026-08-24T14:24:04.865+0000] {dag.py:3954} INFO - Setting next_dagrun for example_subdag_operator to 2022-01-01 00:00:00+00:00, run_after=2022-01-01 00:00:00+00:00
[2026-08-24T14:24:04.871+0000] {logging_mixin.py:188} INFO - [2026-08-24T14:24:04.871+0000] {dag.py:3954} INFO - Setting next_dagrun for example_subdag_operator.section-1 to None, run_after=None
[2026-08-24T14:24:04.873+0000] {logging_mixin.py:188} INFO - [2026-08-24T14:24:04.873+0000] {dag.py:3954} INFO - Setting next_dagrun for example_subdag_operator.section-2 to None, run_after=None
[2026-08-24T14:24:04.885+0000] {logging_mixin.py:188} INFO - [2026-08-24T14:24:04.884+0000] {dag.py:3096} INFO - Sync 2 DAGs
[2026-08-24T14:24:04.892+0000] {logging_mixin.py:188} INFO - [2026-08-24T14:24:04.892+0000] {dag.py:3954} INFO - Setting next_dagrun for example_subdag_operator.section-1 to None, run_after=None
[2026-08-24T14:24:04.893+0000] {logging_mixin.py:188} INFO - [2026-08-24T14:24:04.893+0000] {dag.py:3954} INFO - Setting next_dagrun for example_subdag_operator.section-2 to None, run_after=None
[2026-08-24T14:24:04.909+0000] {processor.py:183} INFO - Processing /home/airflow/.local/lib/python3.12/site-packages/airflow/example_dags/example_subdag_operator.py took 0.156 seconds
[2026-08-24T14:24:35.850+0000] {processor.py:161} INFO - Started process (PID=282) to work on /home/airflow/.local/lib/python3.12/site-packages/airflow/example_dags/example_subdag_operator.py
[2026-08-24T14:24:35.852+0000] {processor.py:830} INFO - Processing file /home/airflow/.local/lib/python3.12/site-packages/airflow/example_dags/example_subdag_operator.py for tasks to queue
[2026-08-24T14:24:35.855+0000] {logging_mixin.py:188} INFO - [2026-08-24T14:24:35.854+0000] {dagbag.py:545} INFO - Filling up the DagBag from /home/airflow/.local/lib/python3.12/site-packages/airflow/example_dags/example_subdag_operator.py
[2026-08-24T14:24:35.885+0000] {processor.py:840} INFO - DAG(s) 'example_subdag_operator.section-1', 'example_subdag_operator.section-2', 'example_subdag_operator' retrieved from /home/airflow/.local/lib/python3.12/site-packages/airflow/example_dags/example_subdag_operator.py
[2026-08-24T14:24:35.906+0000] {logging_mixin.py:188} INFO - [2026-08-24T14:24:35.906+0000] {dag.py:3096} INFO - Sync 3 DAGs
[2026-08-24T14:24:35.933+0000] {logging_mixin.py:188} INFO - [2026-08-24T14:24:35.933+0000] {dag.py:3954} INFO - Setting next_dagrun for example_subdag_operator to 2022-01-01 00:00:00+00:00, run_after=2022-01-01 00:00:00+00:00
[2026-08-24T14:24:35.938+0000] {logging_mixin.py:188} INFO - [2026-08-24T14:24:35.938+0000] {dag.py:3954} INFO - Setting next_dagrun for example_subdag_operator.section-1 to None, run_after=None
[2026-08-24T14:24:35.940+0000] {logging_mixin.py:188} INFO - [2026-08-24T14:24:35.940+0000] {dag.py:3954} INFO - Setting next_dagrun for example_subdag_operator.section-2 to None, run_after=None
[2026-08-24T14:24:35.951+0000] {logging_mixin.py:188} INFO - [2026-08-24T14:24:35.951+0000] {dag.py:3096} INFO - Sync 2 DAGs
[2026-08-24T14:24:35.959+0000] {logging_mixin.py:188} INFO - [2026-08-24T14:24:35.959+0000] {dag.py:3954} INFO - Setting next_dagrun for example_subdag_operator.section-1 to None, run_after=None
[2026-08-24T14:24:35.960+0000] {logging_mixin.py:188} INFO - [2026-08-24T14:24:35.960+0000] {dag.py:3954} INFO - Setting next_dagrun for example_subdag_operator.section-2 to None, run_after=None
[2026-08-24T14:24:35.974+0000] {processor.py:183} INFO - Processing /home/airflow/.local/lib/python3.12/site-packages/airflow/example_dags/example_subdag_operator.py took 0.133 seconds
[2026-08-24T14:25:06.781+0000] {processor.py:161} INFO - Started process (PID=342) to work on /home/airflow/.local/lib/python3.12/site-packages/airflow/example_dags/example_subdag_operator.py
[2026-08-24T14:25:06.782+0000] {processor.py:830} INFO - Processing file /home/airflow/.local/lib/python3.12/site-packages/airflow/example_dags/example_subdag_operator.py for tasks to queue
[2026-08-24T14:25:06.785+0000] {logging_mixin.py:188} INFO - [2026-08-24T14:25:06.784+0000] {dagbag.py:545} INFO - Filling up the DagBag from /home/airflow/.local/lib/python3.12/site-packages/airflow/example_dags/example_subdag_operator.py
[2026-08-24T14:25:06.818+0000] {processor.py:840} INFO - DAG(s) 'example_subdag_operator.section-1', 'example_subdag_operator.section-2', 'example_subdag_operator' retrieved from /home/airflow/.local/lib/python3.12/site-packages/airflow/example_dags/example_subdag_operator.py
[2026-08-24T14:25:06.841+0000] {logging_mixin.py:188} INFO - [2026-08-24T14:25:06.841+0000] {dag.py:3096} INFO - Sync 3 DAGs
[2026-08-24T14:25:06.872+0000] {logging_mixin.py:188} INFO - [2026-08-24T14:25:06.872+0000] {dag.py:3954} INFO - Setting next_dagrun for example_subdag_operator to 2022-01-01 00:00:00+00:00, run_after=2022-01-01 00:00:00+00:00
[2026-08-24T14:25:06.878+0000] {logging_mixin.py:188} INFO - [2026-08-24T14:25:06.878+0000] {dag.py:3954} INFO - Setting next_dagrun for example_subdag_operator.section-1 to None, run_after=None
[2026-08-24T14:25:06.881+0000] {logging_mixin.py:188} INFO - [2026-08-24T14:25:06.880+0000] {dag.py:3954} INFO - Setting next_dagrun for example_subdag_operator.section-2 to None, run_after=None
[2026-08-24T14:25:06.892+0000] {logging_mixin.py:188} INFO - [2026-08-24T14:25:06.891+0000] {dag.py:3096} INFO - Sync 2 DAGs
[2026-08-24T14:25:06.899+0000] {logging_mixin.py:188} INFO - [2026-08-24T14:25:06.898+0000] {dag.py:3954} INFO - Setting next_dagrun for example_subdag_operator.section-1 to None, run_after=None
[2026-08-24T14:25:06.900+0000] {logging_mixin.py:188} INFO - [2026-08-24T14:25:06.900+0000] {dag.py:3954} INFO - Setting next_dagrun for example_subdag_operator.section-2 to None, run_after=None
[2026-08-24T14:25:06.916+0000] {processor.py:183} INFO - Processing /home/airflow/.local/lib/python3.12/site-packages/airflow/example_dags/example_subdag_operator.py took 0.143 seconds
[2026-08-24T14:25:37.783+0000] {processor.py:161} INFO - Started process (PID=402) to work on /home/airflow/.local/lib/python3.12/site-packages/airflow/example_dags/example_subdag_operator.py
[2026-08-24T14:25:37.785+0000] {processor.py:830} INFO - Processing file /home/airflow/.local/lib/python3.12/site-packages/airflow/example_dags/example_subdag_operator.py for tasks to queue
[2026-08-24T14:25:37.787+0000] {logging_mixin.py:188} INFO - [2026-08-24T14:25:37.787+0000] {dagbag.py:545} INFO - Filling up the DagBag from /home/airflow/.local/lib/python3.12/site-packages/airflow/example_dags/example_subdag_operator.py
[2026-08-24T14:25:37.817+0000] {processor.py:840} INFO - DAG(s) 'example_subdag_operator.section-1', 'example_subdag_operator.section-2', 'example_subdag_operator' retrieved from /home/airflow/.local/lib/python3.12/site-packages/airflow/example_dags/example_subdag_operator.py
[2026-08-24T14:25:37.839+0000] {logging_mixin.py:188} INFO - [2026-08-24T14:25:37.839+0000] {dag.py:3096} INFO - Sync 3 DAGs
[2026-08-24T14:25:37.869+0000] {logging_mixin.py:188} INFO - [2026-08-24T14:25:37.869+0000] {dag.py:3954} INFO - Setting next_dagrun for example_subdag_operator to 2022-01-01 00:00:00+00:00, run_after=2022-01-01 00:00:00+00:00
[2026-08-24T14:25:37.876+0000] {logging_mixin.py:188} INFO - [2026-08-24T14:25:37.875+0000] {dag.py:3954} INFO - Setting next_dagrun for example_subdag_operator.section-1 to None, run_after=None
[2026-08-24T14:25:37.877+0000] {logging_mixin.py:188} INFO - [2026-08-24T14:25:37.877+0000] {dag.py:3954} INFO - Setting next_dagrun for example_subdag_operator.section-2 to None, run_after=None
[2026-08-24T14:25:37.889+0000] {logging_mixin.py:188} INFO - [2026-08-24T14:25:37.888+0000] {dag.py:3096} INFO - Sync 2 DAGs
[2026-08-24T14:25:37.895+0000] {logging_mixin.py:188} INFO - [2026-08-24T14:25:37.895+0000] {dag.py:3954} INFO - Setting next_dagrun for example_subdag_operator.section-1 to None, run_after=None
[2026-08-24T14:25:37.896+0000] {logging_mixin.py:188} INFO - [2026-08-24T14:25:37.895+0000] {dag.py:3954} INFO - Setting next_dagrun for example_subdag_operator.section-2 to None, run_after=None
[2026-08-24T14:25:37.912+0000] {processor.py:183} INFO - Processing /home/airflow/.local/lib/python3.12/site-packages/airflow/example_dags/example_subdag_operator.py took 0.136 seconds
[2026-08-24T14:26:08.805+0000] {processor.py:161} INFO - Started process (PID=462) to work on /home/airflow/.local/lib/python3.12/site-packages/airflow/example_dags/example_subdag_operator.py
[2026-08-24T14:26:08.806+0000] {processor.py:830} INFO - Processing file /home/airflow/.local/lib/python3.12/site-packages/airflow/example_dags/example_subdag_operator.py for tasks to queue
[2026-08-24T14:26:08.809+0000] {logging_mixin.py:188} INFO - [2026-08-24T14:26:08.808+0000] {dagbag.py:545} INFO - Filling up the DagBag from /home/airflow/.local/lib/python3.12/site-packages/airflow/example_dags/example_subdag_operator.py
[2026-08-24T14:26:08.838+0000] {processor.py:840} INFO - DAG(s) 'example_subdag_operator.section-1', 'example_subdag_operator.section-2', 'example_subdag_operator' retrieved from /home/airflow/.local/lib/python3.12/site-packages/airflow/example_dags/example_subdag_operator.py
[2026-08-24T14:26:08.857+0000] {logging_mixin.py:188} INFO - [2026-08-24T14:26:08.857+0000] {dag.py:3096} INFO - Sync 3 DAGs
[2026-08-24T14:26:08.885+0000] {logging_mixin.py:188} INFO - [2026-08-24T14:26:08.885+0000] {dag.py:3954} INFO - Setting next_dagrun for example_subdag_operator to 2022-01-01 00:00:00+00:00, run_after=2022-01-01 00:00:00+00:00
[2026-08-24T14:26:08.890+0000] {logging_mixin.py:188} INFO - [2026-08-24T14:26:08.890+0000] {dag.py:3954} INFO - Setting next_dagrun for example_subdag_operator.section-1 to None, run_after=None
[2026-08-24T14:26:08.892+0000] {logging_mixin.py:188} INFO - [2026-08-24T14:26:08.892+0000] {dag.py:3954} INFO - Setting next_dagrun for example_subdag_operator.section-2 to None, run_after=None
[2026-08-24T14:26:08.901+0000] {logging_mixin.py:188} INFO - [2026-08-24T14:26:08.901+0000] {dag.py:3096} INFO - Sync 2 DAGs
[2026-08-24T14:26:08.907+0000] {logging_mixin.py:188} INFO - [2026-08-24T14:26:08.907+0000] {dag.py:3954} INFO - Setting next_dagrun for example_subdag_operator.section-1 to None, run_after=None
[2026-08-24T14:26:08.908+0000] {logging_mixin.py:188} INFO - [2026-08-24T14:26:08.908+0000] {dag.py:3954} INFO - Setting next_dagrun for example_subdag_operator.section-2 to None, run_after=None
[2026-08-24T14:26:08.923+0000] {processor.py:183} INFO - Processing /home/airflow/.local/lib/python3.12/site-packages/airflow/example_dags/example_subdag_operator.py took 0.125 seconds
[2026-08-24T14:26:39.539+0000] {processor.py:161} INFO - Started process (PID=522) to work on /home/airflow/.local/lib/python3.12/site-packages/airflow/example_dags/example_subdag_operator.py
[2026-08-24T14:26:39.540+0000] {processor.py:830} INFO - Processing file /home/airflow/.local/lib/python3.12/site-packages/airflow/example_dags/example_subdag_operator.py for tasks to queue
[2026-08-24T14:26:39.543+0000] {logging_mixin.py:188} INFO - [2026-08-24T14:26:39.542+0000] {dagbag.py:545} INFO - Filling up the DagBag from /home/airflow/.local/lib/python3.12/site-packages/airflow/example_dags/example_subdag_operator.py
[2026-08-24T14:26:39.571+0000] {processor.py:840} INFO - DAG(s) 'example_subdag_operator.section-1', 'example_subdag_operator.section-2', 'example_subdag_operator' retrieved from /home/airflow/.local/lib/python3.12/site-packages/airflow/example_dags/example_subdag_operator.py
[2026-08-24T14:26:39.591+0000] {logging_mixin.py:188} INFO - [2026-08-24T14:26:39.591+0000] {dag.py:3096} INFO - Sync 3 DAGs
[2026-08-24T14:26:39.617+0000] {logging_mixin.py:188} INFO - [2026-08-24T14:26:39.617+0000] {dag.py:3954} INFO - Setting next_dagrun for example_subdag_operator to 2022-01-01 00:00:00+00:00, run_after=2022-01-01 00:00:00+00:00
[2026-08-24T14:26:39.624+0000] {logging_mixin.py:188} INFO - [2026-08-24T14:26:39.623+0000] {dag.py:3954} INFO - Setting next_dagrun for example_subdag_operator.section-1 to None, run_after=None
[2026-08-24T14:26:39.626+0000] {logging_mixin.py:188} INFO - [2026-08-24T14:26:39.626+0000] {dag.py:3954} INFO - Setting next_dagrun for example_subdag_operator.section-2 to None, run_after=None
[2026-08-24T14:26:39.637+0000] {logging_mixin.py:188} INFO - [2026-08-24T14:26:39.636+0000] {dag.py:3096} INFO - Sync 2 DAGs
[2026-08-24T14:26:39.644+0000] {logging_mixin.py:188} INFO - [2026-08-24T14:26:39.643+0000] {dag.py:3954} INFO - Setting next_dagrun for example_subdag_operator.section-1 to None, run_after=None
[2026-08-24T14:26:39.644+0000] {logging_mixin.py:188} INFO - [2026-08-24T14:26:39.644+0000] {dag.py:3954} INFO - Setting next_dagrun for example_subdag_operator.section-2 to None, run_after=None
[2026-08-24T14:26:39.660+0000] {processor.py:183} INFO - Processing /home/airflow/.local/lib/python3.12/site-packages/airflow/example_dags/example_subdag_operator.py took 0.129 seconds
[2026-08-24T14:27:09.711+0000] {processor.py:161} INFO - Started process (PID=580) to work on /home/airflow/.local/lib/python3.12/site-packages/airflow/example_dags/example_subdag_operator.py
[2026-08-24T14:27:09.712+0000] {processor.py:830} INFO - Processing file /home/airflow/.local/lib/python3.12/site-packages/airflow/example_dags/example_subdag_operator.py for tasks to queue
[2026-08-24T14:27:09.714+0000] {logging_mixin.py:188} INFO - [2026-08-24T14:27:09.714+0000] {dagbag.py:545} INFO - Filling up the DagBag from /home/airflow/.local/lib/python3.12/site-packages/airflow/example_dags/example_subdag_operator.py
[2026-08-24T14:27:09.746+0000] {processor.py:840} INFO - DAG(s) 'example_subdag_operator.section-1', 'example_subdag_operator.section-2', 'example_subdag_operator' retrieved from /home/airflow/.local/lib/python3.12/site-packages/airflow/example_dags/example_subdag_operator.py
[2026-08-24T14:27:09.769+0000] {logging_mixin.py:188} INFO - [2026-08-24T14:27:09.768+0000] {dag.py:3096} INFO - Sync 3 DAGs
[2026-08-24T14:27:09.797+0000] {logging_mixin.py:188} INFO - [2026-08-24T14:27:09.797+0000] {dag.py:3954} INFO - Setting next_dagrun for example_subdag_operator to 2022-01-01 00:00:00+00:00, run_after=2022-01-01 00:00:00+00:00
[2026-08-24T14:27:09.802+0000] {logging_mixin.py:188} INFO - [2026-08-24T14:27:09.802+0000] {dag.py:3954} INFO - Setting next_dagrun for example_subdag_operator.section-1 to None, run_after=None
[2026-08-24T14:27:09.804+0000] {logging_mixin.py:188} INFO - [2026-08-24T14:27:09.804+0000] {dag.py:3954} INFO - Setting next_dagrun for example_subdag_operator.section-2 to None, run_after=None
[2026-08-24T14:27:09.815+0000] {logging_mixin.py:188} INFO - [2026-08-24T14:27:09.815+0000] {dag.py:3096} INFO - Sync 2 DAGs
[2026-08-24T14:27:09.822+0000] {logging_mixin.py:188} INFO - [2026-08-24T14:27:09.822+0000] {dag.py:3954} INFO - Setting next_dagrun for example_subdag_operator.section-1 to None, run_after=None
[2026-08-24T14:27:09.823+0000] {logging_mixin.py:188} INFO - [2026-08-24T14:27:09.823+0000] {dag.py:3954} INFO - Setting next_dagrun for example_subdag_operator.section-2 to None, run_after=None
[2026-08-24T14:27:09.837+0000] {processor.py:183} INFO - Processing /home/airflow/.local/lib/python3.12/site-packages/airflow/example_dags/example_subdag_operator.py took 0.134 seconds
[2026-08-24T14:27:40.132+0000] {processor.py:161} INFO - Started process (PID=640) to work on /home/airflow/.local/lib/python3.12/site-packages/airflow/example_dags/example_subdag_operator.py
[2026-08-24T14:27:40.133+0000] {processor.py:830} INFO - Processing file /home/airflow/.local/lib/python3.12/site-packages/airflow/example_dags/example_subdag_operator.py for tasks to queue
[2026-08-24T14:27:40.136+0000] {logging_mixin.py:188} INFO - [2026-08-24T14:27:40.136+0000] {dagbag.py:545} INFO - Filling up the DagBag from /home/airflow/.local/lib/python3.12/site-packages/airflow/example_dags/example_subdag_operator.py
[2026-08-24T14:27:40.171+0000] {processor.py:840} INFO - DAG(s) 'example_subdag_operator.section-1', 'example_subdag_operator.section-2', 'example_subdag_operator' retrieved from /home/airflow/.local/lib/python3.12/site-packages/airflow/example_dags/example_subdag_operator.py
[2026-08-24T14:27:40.191+0000] {logging_mixin.py:188} INFO - [2026-08-24T14:27:40.191+0000] {dag.py:3096} INFO - Sync 3 DAGs
[2026-08-24T14:27:40.218+0000] {logging_mixin.py:188} INFO - [2026-08-24T14:27:40.218+0000] {dag.py:3954} INFO - Setting next_dagrun for example_subdag_operator to 2022-01-01 00:00:00+00:00, run_after=2022-01-01 00:00:00+00:00
[2026-08-24T14:27:40.226+0000] {logging_mixin.py:188} INFO - [2026-08-24T14:27:40.225+0000] {dag.py:3954} INFO - Setting next_dagrun for example_subdag_operator.section-1 to None, run_after=None
[2026-08-24T14:27:40.228+0000] {logging_mixin.py:188} INFO - [2026-08-24T14:27:40.228+0000] {dag.py:3954} INFO - Setting next_dagrun for example_subdag_operator.section-2 to None, run_after=None
[2026-08-24T14:27:40.240+0000] {logging_mixin.py:188} INFO - [2026-08-24T14:27:40.240+0000] {dag.py:3096} INFO - Sync 2 DAGs
[2026-08-24T14:27:40.246+0000] {logging_mixin.py:188} INFO - [2026-08-24T14:27:40.246+0000] {dag.py:3954} INFO - Setting next_dagrun for example_subdag_operator.section-1 to None, run_after=None
[2026-08-24T14:27:40.248+0000] {logging_mixin.py:188} INFO - [2026-08-24T14:27:40.247+0000] {dag.py:3954} INFO - Setting next_dagrun for example_subdag_operator.section-2 to None, run_after=None
[2026-08-24T14:27:40.264+0000] {processor.py:183} INFO - Processing /home/airflow/.local/lib/python3.12/site-packages/airflow/example_dags/example_subdag_operator.py took 0.141 seconds
[2026-08-24T14:28:10.431+0000] {processor.py:161} INFO - Started process (PID=700) to work on /home/airflow/.local/lib/python3.12/site-packages/airflow/example_dags/example_subdag_operator.py
[2026-08-24T14:28:10.432+0000] {processor.py:830} INFO - Processing file /home/airflow/.local/lib/python3.12/site-packages/airflow/example_dags/example_subdag_operator.py for tasks to queue
[2026-08-24T14:28:10.435+0000] {logging_mixin.py:188} INFO - [2026-08-24T14:28:10.434+0000] {dagbag.py:545} INFO - Filling up the DagBag from /home/airflow/.local/lib/python3.12/site-packages/airflow/example_dags/example_subdag_operator.py
[2026-08-24T14:28:10.464+0000] {processor.py:840} INFO - DAG(s) 'example_subdag_operator.section-1', 'example_subdag_operator.section-2', 'example_subdag_operator' retrieved from /home/airflow/.local/lib/python3.12/site-packages/airflow/example_dags/example_subdag_operator.py
[2026-08-24T14:28:10.484+0000] {logging_mixin.py:188} INFO - [2026-08-24T14:28:10.484+0000] {dag.py:3096} INFO - Sync 3 DAGs
[2026-08-24T14:28:10.511+0000] {logging_mixin.py:188} INFO - [2026-08-24T14:28:10.511+0000] {dag.py:3954} INFO - Setting next_dagrun for example_subdag_operator to 2022-01-01 00:00:00+00:00, run_after=2022-01-01 00:00:00+00:00
[2026-08-24T14:28:10.517+0000] {logging_mixin.py:188} INFO - [2026-08-24T14:28:10.516+0000] {dag.py:3954} INFO - Setting next_dagrun for example_subdag_operator.section-1 to None, run_after=None
[2026-08-24T14:28:10.518+0000] {logging_mixin.py:188} INFO - [2026-08-24T14:28:10.518+0000] {dag.py:3954} INFO - Setting next_dagrun for example_subdag_operator.section-2 to None, run_after=None
[2026-08-24T14:28:10.528+0000] {logging_mixin.py:188} INFO - [2026-08-24T14:28:10.528+0000] {dag.py:3096} INFO - Sync 2 DAGs
[2026-08-24T14:28:10.535+0000] {logging_mixin.py:188} INFO - [2026-08-24T14:28:10.535+0000] {dag.py:3954} INFO - Setting next_dagrun for example_subdag_operator.section-1 to None, run_after=None
[2026-08-24T14:28:10.536+0000] {logging_mixin.py:188} INFO - [2026-08-24T14:28:10.536+0000] {dag.py:3954} INFO - Setting next_dagrun for example_subdag_operator.section-2 to None, run_after=None
[2026-08-24T14:28:10.553+0000] {processor.py:183} INFO - Processing /home/airflow/.local/lib/python3.12/site-packages/airflow/example_dags/example_subdag_operator.py took 0.130 seconds
[2026-08-24T14:28:41.001+0000] {processor.py:161} INFO - Started process (PID=760) to work on /home/airflow/.local/lib/python3.12/site-packages/airflow/example_dags/example_subdag_operator.py
[2026-08-24T14:28:41.002+0000] {processor.py:830} INFO - Processing file /home/airflow/.local/lib/python3.12/site-packages/airflow/example_dags/example_subdag_operator.py for tasks to queue
[2026-08-24T14:28:41.005+0000] {logging_mixin.py:188} INFO - [2026-08-24T14:28:41.005+0000] {dagbag.py:545} INFO - Filling up the DagBag from /home/airflow/.local/lib/python3.12/site-packages/airflow/example_dags/example_subdag_operator.py
[2026-08-24T14:28:41.035+0000] {processor.py:840} INFO - DAG(s) 'example_subdag_operator.section-1', 'example_subdag_operator.section-2', 'example_subdag_operator' retrieved from /home/airflow/.local/lib/python3.12/site-packages/airflow/example_dags/example_subdag_operator.py
[2026-08-24T14:28:41.055+0000] {logging_mixin.py:188} INFO - [2026-08-24T14:28:41.054+0000] {dag.py:3096} INFO - Sync 3 DAGs
[2026-08-24T14:28:41.081+0000] {logging_mixin.py:188} INFO - [2026-08-24T14:28:41.081+0000] {dag.py:3954} INFO - Setting next_dagrun for example_subdag_operator to 2022-01-01 00:00:00+00:00, run_after=2022-01-01 00:00:00+00:00
[2026-08-24T14:28:41.086+0000] {logging_mixin.py:188} INFO - [2026-08-24T14:28:41.086+0000] {dag.py:3954} INFO - Setting next_dagrun for example_subdag_operator.section-1 to None, run_after=None
[2026-08-24T14:28:41.088+0000] {logging_mixin.py:188} INFO - [2026-08-24T14:28:41.088+0000] {dag.py:3954} INFO - Setting next_dagrun for example_subdag_operator.section-2 to None, run_after=None
[2026-08-24T14:28:41.098+0000] {logging_mixin.py:188} INFO - [2026-08-24T14:28:41.098+0000] {dag.py:3096} INFO - Sync 2 DAGs
[2026-08-24T14:28:41.105+0000] {logging_mixin.py:188} INFO - [2026-08-24T14:28:41.104+0000] {dag.py:3954} INFO - Setting next_dagrun for example_subdag_operator.section-1 to None, run_after=None
[2026-08-24T14:28:41.105+0000] {logging_mixin.py:188} INFO - [2026-08-24T14:28:41.105+0000] {dag.py:3954} INFO - Setting next_dagrun for example_subdag_operator.section-2 to None, run_after=None
[2026-08-24T14:28:41.121+0000] {processor.py:183} INFO - Processing /home/airflow/.local/lib/python3.12/site-packages/airflow/example_dags/example_subdag_operator.py took 0.129 seconds
[2026-08-24T14:29:11.996+0000] {processor.py:161} INFO - Started process (PID=820) to work on /home/airflow/.local/lib/python3.12/site-packages/airflow/example_dags/example_subdag_operator.py
[2026-08-24T14:29:11.997+0000] {processor.py:830} INFO - Processing file /home/airflow/.local/lib/python3.12/site-packages/airflow/example_dags/example_subdag_operator.py for tasks to queue
[2026-08-24T14:29:12.000+0000] {logging_mixin.py:188} INFO - [2026-08-24T14:29:11.999+0000] {dagbag.py:545} INFO - Filling up the DagBag from /home/airflow/.local/lib/python3.12/site-packages/airflow/example_dags/example_subdag_operator.py
[2026-08-24T14:29:12.031+0000] {processor.py:840} INFO - DAG(s) 'example_subdag_operator.section-1', 'example_subdag_operator.section-2', 'example_subdag_operator' retrieved from /home/airflow/.local/lib/python3.12/site-packages/airflow/example_dags/example_subdag_operator.py
[2026-08-24T14:29:12.053+0000] {logging_mixin.py:188} INFO - [2026-08-24T14:29:12.052+0000] {dag.py:3096} INFO - Sync 3 DAGs
[2026-08-24T14:29:12.080+0000] {logging_mixin.py:188} INFO - [2026-08-24T14:29:12.080+0000] {dag.py:3954} INFO - Setting next_dagrun for example_subdag_operator to 2022-01-01 00:00:00+00:00, run_after=2022-01-01 00:00:00+00:00
[2026-08-24T14:29:12.086+0000] {logging_mixin.py:188} INFO - [2026-08-24T14:29:12.085+0000] {dag.py:3954} INFO - Setting next_dagrun for example_subdag_operator.section-1 to None, run_after=None
[2026-08-24T14:29:12.088+0000] {logging_mixin.py:188} INFO - [2026-08-24T14:29:12.087+0000] {dag.py:3954} INFO - Setting next_dagrun for example_subdag_operator.section-2 to None, run_after=None
[2026-08-24T14:29:12.097+0000] {logging_mixin.py:188} INFO - [2026-08-24T14:29:12.096+0000] {dag.py:3096} INFO - Sync 2 DAGs
[2026-08-24T14:29:12.103+0000] {logging_mixin.py:188} INFO - [2026-08-24T14:29:12.103+0000] {dag.py:3954} INFO - Setting next_dagrun for example_subdag_operator.section-1 to None, run_after=None
[2026-08-24T14:29:12.104+0000] {logging_mixin.py:188} INFO - [2026-08-24T14:29:12.104+0000] {dag.py:3954} INFO - Setting next_dagrun for example_subdag_operator.section-2 to None, run_after=None
[2026-08-24T14:29:12.119+0000] {processor.py:183} INFO - Processing /home/airflow/.local/lib/python3.12/site-packages/airflow/example_dags/example_subdag_operator.py took 0.130 seconds
[2026-08-24T14:29:42.248+0000] {processor.py:161} INFO - Started process (PID=881) to work on /home/airflow/.local/lib/python3.12/site-packages/airflow/example_dags/example_subdag_operator.py
[2026-08-24T14:29:42.250+0000] {processor.py:830} INFO - Processing file /home/airflow/.local/lib/python3.12/site-packages/airflow/example_dags/example_subdag_operator.py for tasks to queue
[2026-08-24T14:29:42.252+0000] {logging_mixin.py:188} INFO - [2026-08-24T14:29:42.252+0000] {dagbag.py:545} INFO - Filling up the DagBag from /home/airflow/.local/lib/python3.12/site-packages/airflow/example_dags/example_subdag_operator.py
[2026-08-24T14:29:42.287+0000] {processor.py:840} INFO - DAG(s) 'example_subdag_operator.section-1', 'example_subdag_operator.section-2', 'example_subdag_operator' retrieved from /home/airflow/.local/lib/python3.12/site-packages/airflow/example_dags/example_subdag_operator.py
[2026-08-24T14:29:42.307+0000] {logging_mixin.py:188} INFO - [2026-08-24T14:29:42.307+0000] {dag.py:3096} INFO - Sync 3 DAGs
[2026-08-24T14:29:42.336+0000] {logging_mixin.py:188} INFO - [2026-08-24T14:29:42.336+0000] {dag.py:3954} INFO - Setting next_dagrun for example_subdag_operator to 2022-01-01 00:00:00+00:00, run_after=2022-01-01 00:00:00+00:00
[2026-08-24T14:29:42.343+0000] {logging_mixin.py:188} INFO - [2026-08-24T14:29:42.342+0000] {dag.py:3954} INFO - Setting next_dagrun for example_subdag_operator.section-1 to None, run_after=None
[2026-08-24T14:29:42.346+0000] {logging_mixin.py:188} INFO - [2026-08-24T14:29:42.345+0000] {dag.py:3954} INFO - Setting next_dagrun for example_subdag_operator.section-2 to None, run_after=None
[2026-08-24T14:29:42.356+0000] {logging_mixin.py:188} INFO - [2026-08-24T14:29:42.355+0000] {dag.py:3096} INFO - Sync 2 DAGs
[2026-08-24T14:29:42.365+0000] {logging_mixin.py:188} INFO - [2026-08-24T14:29:42.365+0000] {dag.py:3954} INFO - Setting next_dagrun for example_subdag_operator.section-1 to None, run_after=None
[2026-08-24T14:29:42.366+0000] {logging_mixin.py:188} INFO - [2026-08-24T14:29:42.366+0000] {dag.py:3954} INFO - Setting next_dagrun for example_subdag_operator.section-2 to None, run_after=None
[2026-08-24T14:29:42.383+0000] {processor.py:183} INFO - Processing /home/airflow/.local/lib/python3.12/site-packages/airflow/example_dags/example_subdag_operator.py took 0.143 seconds
[2026-08-24T14:30:13.345+0000] {processor.py:161} INFO - Started process (PID=941) to work on /home/airflow/.local/lib/python3.12/site-packages/airflow/example_dags/example_subdag_operator.py
[2026-08-24T14:30:13.347+0000] {processor.py:830} INFO - Processing file /home/airflow/.local/lib/python3.12/site-packages/airflow/example_dags/example_subdag_operator.py for tasks to queue
[2026-08-24T14:30:13.350+0000] {logging_mixin.py:188} INFO - [2026-08-24T14:30:13.349+0000] {dagbag.py:545} INFO - Filling up the DagBag from /home/airflow/.local/lib/python3.12/site-packages/airflow/example_dags/example_subdag_operator.py
[2026-08-24T14:30:13.382+0000] {processor.py:840} INFO - DAG(s) 'example_subdag_operator.section-1', 'example_subdag_operator.section-2', 'example_subdag_operator' retrieved from /home/airflow/.local/lib/python3.12/site-packages/airflow/example_dags/example_subdag_operator.py
[2026-08-24T14:30:13.402+0000] {logging_mixin.py:188} INFO - [2026-08-24T14:30:13.402+0000] {dag.py:3096} INFO - Sync 3 DAGs
[2026-08-24T14:30:13.431+0000] {logging_mixin.py:188} INFO - [2026-08-24T14:30:13.431+0000] {dag.py:3954} INFO - Setting next_dagrun for example_subdag_operator to 2022-01-01 00:00:00+00:00, run_after=2022-01-01 00:00:00+00:00
[2026-08-24T14:30:13.436+0000] {logging_mixin.py:188} INFO - [2026-08-24T14:30:13.436+0000] {dag.py:3954} INFO - Setting next_dagrun for example_subdag_operator.section-1 to None, run_after=None
[2026-08-24T14:30:13.439+0000] {logging_mixin.py:188} INFO - [2026-08-24T14:30:13.439+0000] {dag.py:3954} INFO - Setting next_dagrun for example_subdag_operator.section-2 to None, run_after=None
[2026-08-24T14:30:13.448+0000] {logging_mixin.py:188} INFO - [2026-08-24T14:30:13.447+0000] {dag.py:3096} INFO - Sync 2 DAGs
[2026-08-24T14:30:13.455+0000] {logging_mixin.py:188} INFO - [2026-08-24T14:30:13.454+0000] {dag.py:3954} INFO - Setting next_dagrun for example_subdag_operator.section-1 to None, run_after=None
[2026-08-24T14:30:13.456+0000] {logging_mixin.py:188} INFO - [2026-08-24T14:30:13.455+0000] {dag.py:3954} INFO - Setting next_dagrun for example_subdag_operator.section-2 to None, run_after=None
[2026-08-24T14:30:13.472+0000] {processor.py:183} INFO - Processing /home/airflow/.local/lib/python3.12/site-packages/airflow/example_dags/example_subdag_operator.py took 0.135 seconds
[2026-08-24T14:30:44.188+0000] {processor.py:161} INFO - Started process (PID=1002) to work on /home/airflow/.local/lib/python3.12/site-packages/airflow/example_dags/example_subdag_operator.py
[2026-08-24T14:30:44.189+0000] {processor.py:830} INFO - Processing file /home/airflow/.local/lib/python3.12/site-packages/airflow/example_dags/example_subdag_operator.py for tasks to queue
[2026-08-24T14:30:44.192+0000] {logging_mixin.py:188} INFO - [2026-08-24T14:30:44.191+0000] {dagbag.py:545} INFO - Filling up the DagBag from /home/airflow/.local/lib/python3.12/site-packages/airflow/example_dags/example_subdag_operator.py
[2026-08-24T14:30:44.222+0000] {processor.py:840} INFO - DAG(s) 'example_subdag_operator.section-1', 'example_subdag_operator.section-2', 'example_subdag_operator' retrieved from /home/airflow/.local/lib/python3.12/site-packages/airflow/example_dags/example_subdag_operator.py
[2026-08-24T14:30:44.243+0000] {logging_mixin.py:188} INFO - [2026-08-24T14:30:44.243+0000] {dag.py:3096} INFO - Sync 3 DAGs
[2026-08-24T14:30:44.271+0000] {logging_mixin.py:188} INFO - [2026-08-24T14:30:44.271+0000] {dag.py:3954} INFO - Setting next_dagrun for example_subdag_operator to 2022-01-01 00:00:00+00:00, run_after=2022-01-01 00:00:00+00:00
[2026-08-24T14:30:44.276+0000] {logging_mixin.py:188} INFO - [2026-08-24T14:30:44.276+0000] {dag.py:3954} INFO - Setting next_dagrun for example_subdag_operator.section-1 to None, run_after=None
[2026-08-24T14:30:44.278+0000] {logging_mixin.py:188} INFO - [2026-08-24T14:30:44.278+0000] {dag.py:3954} INFO - Setting next_dagrun for example_subdag_operator.section-2 to None, run_after=None
[2026-08-24T14:30:44.287+0000] {logging_mixin.py:188} INFO - [2026-08-24T14:30:44.287+0000] {dag.py:3096} INFO - Sync 2 DAGs
[2026-08-24T14:30:44.292+0000] {logging_mixin.py:188} INFO - [2026-08-24T14:30:44.292+0000] {dag.py:3954} INFO - Setting next_dagrun for example_subdag_operator.section-1 to None, run_after=None
[2026-08-24T14:30:44.293+0000] {logging_mixin.py:188} INFO - [2026-08-24T14:30:44.293+0000] {dag.py:3954} INFO - Setting next_dagrun for example_subdag_operator.section-2 to None, run_after=None
[2026-08-24T14:30:44.309+0000] {processor.py:183} INFO - Processing /home/airflow/.local/lib/python3.12/site-packages/airflow/example_dags/example_subdag_operator.py took 0.129 seconds
[2026-08-24T14:35:25.832+0000] {processor.py:161} INFO - Started process (PID=119) to work on /home/airflow/.local/lib/python3.12/site-packages/airflow/example_dags/example_subdag_operator.py
[2026-08-24T14:35:25.834+0000] {processor.py:830} INFO - Processing file /home/airflow/.local/lib/python3.12/site-packages/airflow/example_dags/example_subdag_operator.py for tasks to queue
[2026-08-24T14:35:25.837+0000] {logging_mixin.py:188} INFO - [2026-08-24T14:35:25.836+0000] {dagbag.py:545} INFO - Filling up the DagBag from /home/airflow/.local/lib/python3.12/site-packages/airflow/example_dags/example_subdag_operator.py
[2026-08-24T14:35:25.869+0000] {processor.py:840} INFO - DAG(s) 'example_subdag_operator.section-1', 'example_subdag_operator.section-2', 'example_subdag_operator' retrieved from /home/airflow/.local/lib/python3.12/site-packages/airflow/example_dags/example_subdag_operator.py
[2026-08-24T14:35:26.039+0000] {logging_mixin.py:188} INFO - [2026-08-24T14:35:26.039+0000] {dag.py:3096} INFO - Sync 3 DAGs
[2026-08-24T14:35:26.077+0000] {logging_mixin.py:188} INFO - [2026-08-24T14:35:26.077+0000] {dag.py:3954} INFO - Setting next_dagrun for example_subdag_operator to 2022-01-01 00:00:00+00:00, run_after=2022-01-01 00:00:00+00:00
[2026-08-24T14:35:26.082+0000] {logging_mixin.py:188} INFO - [2026-08-24T14:35:26.082+0000] {dag.py:3954} INFO - Setting next_dagrun for example_subdag_operator.section-1 to None, run_after=None
[2026-08-24T14:35:26.085+0000] {logging_mixin.py:188} INFO - [2026-08-24T14:35:26.084+0000] {dag.py:3954} INFO - Setting next_dagrun for example_subdag_operator.section-2 to None, run_after=None
[2026-08-24T14:35:26.101+0000] {logging_mixin.py:188} INFO - [2026-08-24T14:35:26.100+0000] {dag.py:3096} INFO - Sync 2 DAGs
[2026-08-24T14:35:26.108+0000] {logging_mixin.py:188} INFO - [2026-08-24T14:35:26.108+0000] {dag.py:3954} INFO - Setting next_dagrun for example_subdag_operator.section-1 to None, run_after=None
[2026-08-24T14:35:26.114+0000] {logging_mixin.py:188} INFO - [2026-08-24T14:35:26.113+0000] {dag.py:3954} INFO - Setting next_dagrun for example_subdag_operator.section-2 to None, run_after=None
[2026-08-24T14:35:26.133+0000] {processor.py:183} INFO - Processing /home/airflow/.local/lib/python3.12/site-packages/airflow/example_dags/example_subdag_operator.py took 0.309 seconds
[2026-08-24T14:35:56.672+0000] {processor.py:161} INFO - Started process (PID=179) to work on /home/airflow/.local/lib/python3.12/site-packages/airflow/example_dags/example_subdag_operator.py
[2026-08-24T14:35:56.673+0000] {processor.py:830} INFO - Processing file /home/airflow/.local/lib/python3.12/site-packages/airflow/example_dags/example_subdag_operator.py for tasks to queue
[2026-08-24T14:35:56.675+0000] {logging_mixin.py:188} INFO - [2026-08-24T14:35:56.675+0000] {dagbag.py:545} INFO - Filling up the DagBag from /home/airflow/.local/lib/python3.12/site-packages/airflow/example_dags/example_subdag_operator.py
[2026-08-24T14:35:56.705+0000] {processor.py:840} INFO - DAG(s) 'example_subdag_operator.section-1', 'example_subdag_operator.section-2', 'example_subdag_operator' retrieved from /home/airflow/.local/lib/python3.12/site-packages/airflow/example_dags/example_subdag_operator.py
[2026-08-24T14:35:56.724+0000] {logging_mixin.py:188} INFO - [2026-08-24T14:35:56.724+0000] {dag.py:3096} INFO - Sync 3 DAGs
[2026-08-24T14:35:56.753+0000] {logging_mixin.py:188} INFO - [2026-08-24T14:35:56.753+0000] {dag.py:3954} INFO - Setting next_dagrun for example_subdag_operator to 2022-01-01 00:00:00+00:00, run_after=2022-01-01 00:00:00+00:00
[2026-08-24T14:35:56.758+0000] {logging_mixin.py:188} INFO - [2026-08-24T14:35:56.758+0000] {dag.py:3954} INFO - Setting next_dagrun for example_subdag_operator.section-1 to None, run_after=None
[2026-08-24T14:35:56.761+0000] {logging_mixin.py:188} INFO - [2026-08-24T14:35:56.761+0000] {dag.py:3954} INFO - Setting next_dagrun for example_subdag_operator.section-2 to None, run_after=None
[2026-08-24T14:35:56.773+0000] {logging_mixin.py:188} INFO - [2026-08-24T14:35:56.773+0000] {dag.py:3096} INFO - Sync 2 DAGs
[2026-08-24T14:35:56.779+0000] {logging_mixin.py:188} INFO - [2026-08-24T14:35:56.779+0000] {dag.py:3954} INFO - Setting next_dagrun for example_subdag_operator.section-1 to None, run_after=None
[2026-08-24T14:35:56.780+0000] {logging_mixin.py:188} INFO - [2026-08-24T14:35:56.780+0000] {dag.py:3954} INFO - Setting next_dagrun for example_subdag_operator.section-2 to None, run_after=None
[2026-08-24T14:35:56.796+0000] {processor.py:183} INFO - Processing /home/airflow/.local/lib/python3.12/site-packages/airflow/example_dags/example_subdag_operator.py took 0.132 seconds
[2026-08-24T14:36:26.978+0000] {processor.py:161} INFO - Started process (PID=239) to work on /home/airflow/.local/lib/python3.12/site-packages/airflow/example_dags/example_subdag_operator.py
[2026-08-24T14:36:26.979+0000] {processor.py:830} INFO - Processing file /home/airflow/.local/lib/python3.12/site-packages/airflow/example_dags/example_subdag_operator.py for tasks to queue
[2026-08-24T14:36:26.982+0000] {logging_mixin.py:188} INFO - [2026-08-24T14:36:26.981+0000] {dagbag.py:545} INFO - Filling up the DagBag from /home/airflow/.local/lib/python3.12/site-packages/airflow/example_dags/example_subdag_operator.py
[2026-08-24T14:36:27.011+0000] {processor.py:840} INFO - DAG(s) 'example_subdag_operator.section-1', 'example_subdag_operator.section-2', 'example_subdag_operator' retrieved from /home/airflow/.local/lib/python3.12/site-packages/airflow/example_dags/example_subdag_operator.py
[2026-08-24T14:36:27.032+0000] {logging_mixin.py:188} INFO - [2026-08-24T14:36:27.032+0000] {dag.py:3096} INFO - Sync 3 DAGs
[2026-08-24T14:36:27.065+0000] {logging_mixin.py:188} INFO - [2026-08-24T14:36:27.064+0000] {dag.py:3954} INFO - Setting next_dagrun for example_subdag_operator to 2022-01-01 00:00:00+00:00, run_after=2022-01-01 00:00:00+00:00
[2026-08-24T14:36:27.071+0000] {logging_mixin.py:188} INFO - [2026-08-24T14:36:27.071+0000] {dag.py:3954} INFO - Setting next_dagrun for example_subdag_operator.section-1 to None, run_after=None
[2026-08-24T14:36:27.073+0000] {logging_mixin.py:188} INFO - [2026-08-24T14:36:27.073+0000] {dag.py:3954} INFO - Setting next_dagrun for example_subdag_operator.section-2 to None, run_after=None
[2026-08-24T14:36:27.083+0000] {logging_mixin.py:188} INFO - [2026-08-24T14:36:27.083+0000] {dag.py:3096} INFO - Sync 2 DAGs
[2026-08-24T14:36:27.092+0000] {logging_mixin.py:188} INFO - [2026-08-24T14:36:27.091+0000] {dag.py:3954} INFO - Setting next_dagrun for example_subdag_operator.section-1 to None, run_after=None
[2026-08-24T14:36:27.093+0000] {logging_mixin.py:188} INFO - [2026-08-24T14:36:27.093+0000] {dag.py:3954} INFO - Setting next_dagrun for example_subdag_operator.section-2 to None, run_after=None
[2026-08-24T14:36:27.110+0000] {processor.py:183} INFO - Processing /home/airflow/.local/lib/python3.12/site-packages/airflow/example_dags/example_subdag_operator.py took 0.140 seconds
[2026-08-24T14:36:58.342+0000] {processor.py:161} INFO - Started process (PID=300) to work on /home/airflow/.local/lib/python3.12/site-packages/airflow/example_dags/example_subdag_operator.py
[2026-08-24T14:36:58.343+0000] {processor.py:830} INFO - Processing file /home/airflow/.local/lib/python3.12/site-packages/airflow/example_dags/example_subdag_operator.py for tasks to queue
[2026-08-24T14:36:58.346+0000] {logging_mixin.py:188} INFO - [2026-08-24T14:36:58.346+0000] {dagbag.py:545} INFO - Filling up the DagBag from /home/airflow/.local/lib/python3.12/site-packages/airflow/example_dags/example_subdag_operator.py
[2026-08-24T14:36:58.380+0000] {processor.py:840} INFO - DAG(s) 'example_subdag_operator.section-1', 'example_subdag_operator.section-2', 'example_subdag_operator' retrieved from /home/airflow/.local/lib/python3.12/site-packages/airflow/example_dags/example_subdag_operator.py
[2026-08-24T14:36:58.402+0000] {logging_mixin.py:188} INFO - [2026-08-24T14:36:58.402+0000] {dag.py:3096} INFO - Sync 3 DAGs
[2026-08-24T14:36:58.434+0000] {logging_mixin.py:188} INFO - [2026-08-24T14:36:58.433+0000] {dag.py:3954} INFO - Setting next_dagrun for example_subdag_operator to 2022-01-01 00:00:00+00:00, run_after=2022-01-01 00:00:00+00:00
[2026-08-24T14:36:58.441+0000] {logging_mixin.py:188} INFO - [2026-08-24T14:36:58.441+0000] {dag.py:3954} INFO - Setting next_dagrun for example_subdag_operator.section-1 to None, run_after=None
[2026-08-24T14:36:58.443+0000] {logging_mixin.py:188} INFO - [2026-08-24T14:36:58.443+0000] {dag.py:3954} INFO - Setting next_dagrun for example_subdag_operator.section-2 to None, run_after=None
[2026-08-24T14:36:58.457+0000] {logging_mixin.py:188} INFO - [2026-08-24T14:36:58.457+0000] {dag.py:3096} INFO - Sync 2 DAGs
[2026-08-24T14:36:58.469+0000] {logging_mixin.py:188} INFO - [2026-08-24T14:36:58.469+0000] {dag.py:3954} INFO - Setting next_dagrun for example_subdag_operator.section-1 to None, run_after=None
[2026-08-24T14:36:58.470+0000] {logging_mixin.py:188} INFO - [2026-08-24T14:36:58.470+0000] {dag.py:3954} INFO - Setting next_dagrun for example_subdag_operator.section-2 to None, run_after=None
[2026-08-24T14:36:58.488+0000] {processor.py:183} INFO - Processing /home/airflow/.local/lib/python3.12/site-packages/airflow/example_dags/example_subdag_operator.py took 0.154 seconds
[2026-08-24T14:37:29.792+0000] {processor.py:161} INFO - Started process (PID=366) to work on /home/airflow/.local/lib/python3.12/site-packages/airflow/example_dags/example_subdag_operator.py
[2026-08-24T14:37:29.793+0000] {processor.py:830} INFO - Processing file /home/airflow/.local/lib/python3.12/site-packages/airflow/example_dags/example_subdag_operator.py for tasks to queue
[2026-08-24T14:37:29.796+0000] {logging_mixin.py:188} INFO - [2026-08-24T14:37:29.796+0000] {dagbag.py:545} INFO - Filling up the DagBag from /home/airflow/.local/lib/python3.12/site-packages/airflow/example_dags/example_subdag_operator.py
[2026-08-24T14:37:29.829+0000] {processor.py:840} INFO - DAG(s) 'example_subdag_operator.section-1', 'example_subdag_operator.section-2', 'example_subdag_operator' retrieved from /home/airflow/.local/lib/python3.12/site-packages/airflow/example_dags/example_subdag_operator.py
[2026-08-24T14:37:29.849+0000] {logging_mixin.py:188} INFO - [2026-08-24T14:37:29.848+0000] {dag.py:3096} INFO - Sync 3 DAGs
[2026-08-24T14:37:29.879+0000] {logging_mixin.py:188} INFO - [2026-08-24T14:37:29.879+0000] {dag.py:3954} INFO - Setting next_dagrun for example_subdag_operator to 2022-01-01 00:00:00+00:00, run_after=2022-01-01 00:00:00+00:00
[2026-08-24T14:37:29.884+0000] {logging_mixin.py:188} INFO - [2026-08-24T14:37:29.884+0000] {dag.py:3954} INFO - Setting next_dagrun for example_subdag_operator.section-1 to None, run_after=None
[2026-08-24T14:37:29.887+0000] {logging_mixin.py:188} INFO - [2026-08-24T14:37:29.886+0000] {dag.py:3954} INFO - Setting next_dagrun for example_subdag_operator.section-2 to None, run_after=None
[2026-08-24T14:37:29.900+0000] {logging_mixin.py:188} INFO - [2026-08-24T14:37:29.900+0000] {dag.py:3096} INFO - Sync 2 DAGs
[2026-08-24T14:37:29.909+0000] {logging_mixin.py:188} INFO - [2026-08-24T14:37:29.908+0000] {dag.py:3954} INFO - Setting next_dagrun for example_subdag_operator.section-1 to None, run_after=None
[2026-08-24T14:37:29.910+0000] {logging_mixin.py:188} INFO - [2026-08-24T14:37:29.909+0000] {dag.py:3954} INFO - Setting next_dagrun for example_subdag_operator.section-2 to None, run_after=None
[2026-08-24T14:37:29.928+0000] {processor.py:183} INFO - Processing /home/airflow/.local/lib/python3.12/site-packages/airflow/example_dags/example_subdag_operator.py took 0.145 seconds
[2026-08-24T14:38:00.853+0000] {processor.py:161} INFO - Started process (PID=426) to work on /home/airflow/.local/lib/python3.12/site-packages/airflow/example_dags/example_subdag_operator.py
[2026-08-24T14:38:00.854+0000] {processor.py:830} INFO - Processing file /home/airflow/.local/lib/python3.12/site-packages/airflow/example_dags/example_subdag_operator.py for tasks to queue
[2026-08-24T14:38:00.858+0000] {logging_mixin.py:188} INFO - [2026-08-24T14:38:00.857+0000] {dagbag.py:545} INFO - Filling up the DagBag from /home/airflow/.local/lib/python3.12/site-packages/airflow/example_dags/example_subdag_operator.py
[2026-08-24T14:38:00.895+0000] {processor.py:840} INFO - DAG(s) 'example_subdag_operator.section-1', 'example_subdag_operator.section-2', 'example_subdag_operator' retrieved from /home/airflow/.local/lib/python3.12/site-packages/airflow/example_dags/example_subdag_operator.py
[2026-08-24T14:38:00.917+0000] {logging_mixin.py:188} INFO - [2026-08-24T14:38:00.916+0000] {dag.py:3096} INFO - Sync 3 DAGs
[2026-08-24T14:38:00.946+0000] {logging_mixin.py:188} INFO - [2026-08-24T14:38:00.946+0000] {dag.py:3954} INFO - Setting next_dagrun for example_subdag_operator to 2022-01-01 00:00:00+00:00, run_after=2022-01-01 00:00:00+00:00
[2026-08-24T14:38:00.952+0000] {logging_mixin.py:188} INFO - [2026-08-24T14:38:00.952+0000] {dag.py:3954} INFO - Setting next_dagrun for example_subdag_operator.section-1 to None, run_after=None
[2026-08-24T14:38:00.954+0000] {logging_mixin.py:188} INFO - [2026-08-24T14:38:00.954+0000] {dag.py:3954} INFO - Setting next_dagrun for example_subdag_operator.section-2 to None, run_after=None
[2026-08-24T14:38:00.963+0000] {logging_mixin.py:188} INFO - [2026-08-24T14:38:00.963+0000] {dag.py:3096} INFO - Sync 2 DAGs
[2026-08-24T14:38:00.969+0000] {logging_mixin.py:188} INFO - [2026-08-24T14:38:00.969+0000] {dag.py:3954} INFO - Setting next_dagrun for example_subdag_operator.section-1 to None, run_after=None
[2026-08-24T14:38:00.970+0000] {logging_mixin.py:188} INFO - [2026-08-24T14:38:00.970+0000] {dag.py:3954} INFO - Setting next_dagrun for example_subdag_operator.section-2 to None, run_after=None
[2026-08-24T14:38:00.986+0000] {processor.py:183} INFO - Processing /home/airflow/.local/lib/python3.12/site-packages/airflow/example_dags/example_subdag_operator.py took 0.141 seconds
[2026-08-24T14:38:31.355+0000] {processor.py:161} INFO - Started process (PID=485) to work on /home/airflow/.local/lib/python3.12/site-packages/airflow/example_dags/example_subdag_operator.py
[2026-08-24T14:38:31.357+0000] {processor.py:830} INFO - Processing file /home/airflow/.local/lib/python3.12/site-packages/airflow/example_dags/example_subdag_operator.py for tasks to queue
[2026-08-24T14:38:31.361+0000] {logging_mixin.py:188} INFO - [2026-08-24T14:38:31.359+0000] {dagbag.py:545} INFO - Filling up the DagBag from /home/airflow/.local/lib/python3.12/site-packages/airflow/example_dags/example_subdag_operator.py
[2026-08-24T14:38:31.401+0000] {processor.py:840} INFO - DAG(s) 'example_subdag_operator.section-1', 'example_subdag_operator.section-2', 'example_subdag_operator' retrieved from /home/airflow/.local/lib/python3.12/site-packages/airflow/example_dags/example_subdag_operator.py
[2026-08-24T14:38:31.429+0000] {logging_mixin.py:188} INFO - [2026-08-24T14:38:31.428+0000] {dag.py:3096} INFO - Sync 3 DAGs
[2026-08-24T14:38:31.464+0000] {logging_mixin.py:188} INFO - [2026-08-24T14:38:31.464+0000] {dag.py:3954} INFO - Setting next_dagrun for example_subdag_operator to 2022-01-01 00:00:00+00:00, run_after=2022-01-01 00:00:00+00:00
[2026-08-24T14:38:31.471+0000] {logging_mixin.py:188} INFO - [2026-08-24T14:38:31.471+0000] {dag.py:3954} INFO - Setting next_dagrun for example_subdag_operator.section-1 to None, run_after=None
[2026-08-24T14:38:31.474+0000] {logging_mixin.py:188} INFO - [2026-08-24T14:38:31.473+0000] {dag.py:3954} INFO - Setting next_dagrun for example_subdag_operator.section-2 to None, run_after=None
[2026-08-24T14:38:31.485+0000] {logging_mixin.py:188} INFO - [2026-08-24T14:38:31.484+0000] {dag.py:3096} INFO - Sync 2 DAGs
[2026-08-24T14:38:31.492+0000] {logging_mixin.py:188} INFO - [2026-08-24T14:38:31.491+0000] {dag.py:3954} INFO - Setting next_dagrun for example_subdag_operator.section-1 to None, run_after=None
[2026-08-24T14:38:31.493+0000] {logging_mixin.py:188} INFO - [2026-08-24T14:38:31.492+0000] {dag.py:3954} INFO - Setting next_dagrun for example_subdag_operator.section-2 to None, run_after=None
[2026-08-24T14:38:31.513+0000] {processor.py:183} INFO - Processing /home/airflow/.local/lib/python3.12/site-packages/airflow/example_dags/example_subdag_operator.py took 0.166 seconds
[2026-08-24T14:39:01.561+0000] {processor.py:161} INFO - Started process (PID=545) to work on /home/airflow/.local/lib/python3.12/site-packages/airflow/example_dags/example_subdag_operator.py
[2026-08-24T14:39:01.562+0000] {processor.py:830} INFO - Processing file /home/airflow/.local/lib/python3.12/site-packages/airflow/example_dags/example_subdag_operator.py for tasks to queue
[2026-08-24T14:39:01.565+0000] {logging_mixin.py:188} INFO - [2026-08-24T14:39:01.564+0000] {dagbag.py:545} INFO - Filling up the DagBag from /home/airflow/.local/lib/python3.12/site-packages/airflow/example_dags/example_subdag_operator.py
[2026-08-24T14:39:01.595+0000] {processor.py:840} INFO - DAG(s) 'example_subdag_operator.section-1', 'example_subdag_operator.section-2', 'example_subdag_operator' retrieved from /home/airflow/.local/lib/python3.12/site-packages/airflow/example_dags/example_subdag_operator.py
[2026-08-24T14:39:01.616+0000] {logging_mixin.py:188} INFO - [2026-08-24T14:39:01.616+0000] {dag.py:3096} INFO - Sync 3 DAGs
[2026-08-24T14:39:01.650+0000] {logging_mixin.py:188} INFO - [2026-08-24T14:39:01.649+0000] {dag.py:3954} INFO - Setting next_dagrun for example_subdag_operator to 2022-01-01 00:00:00+00:00, run_after=2022-01-01 00:00:00+00:00
[2026-08-24T14:39:01.655+0000] {logging_mixin.py:188} INFO - [2026-08-24T14:39:01.655+0000] {dag.py:3954} INFO - Setting next_dagrun for example_subdag_operator.section-1 to None, run_after=None
[2026-08-24T14:39:01.657+0000] {logging_mixin.py:188} INFO - [2026-08-24T14:39:01.657+0000] {dag.py:3954} INFO - Setting next_dagrun for example_subdag_operator.section-2 to None, run_after=None
[2026-08-24T14:39:01.666+0000] {logging_mixin.py:188} INFO - [2026-08-24T14:39:01.666+0000] {dag.py:3096} INFO - Sync 2 DAGs
[2026-08-24T14:39:01.672+0000] {logging_mixin.py:188} INFO - [2026-08-24T14:39:01.672+0000] {dag.py:3954} INFO - Setting next_dagrun for example_subdag_operator.section-1 to None, run_after=None
[2026-08-24T14:39:01.673+0000] {logging_mixin.py:188} INFO - [2026-08-24T14:39:01.673+0000] {dag.py:3954} INFO - Setting next_dagrun for example_subdag_operator.section-2 to None, run_after=None
[2026-08-24T14:39:01.689+0000] {processor.py:183} INFO - Processing /home/airflow/.local/lib/python3.12/site-packages/airflow/example_dags/example_subdag_operator.py took 0.136 seconds
[2026-08-24T14:41:18.992+0000] {processor.py:161} INFO - Started process (PID=124) to work on /home/airflow/.local/lib/python3.12/site-packages/airflow/example_dags/example_subdag_operator.py
[2026-08-24T14:41:18.993+0000] {processor.py:830} INFO - Processing file /home/airflow/.local/lib/python3.12/site-packages/airflow/example_dags/example_subdag_operator.py for tasks to queue
[2026-08-24T14:41:18.997+0000] {logging_mixin.py:188} INFO - [2026-08-24T14:41:18.996+0000] {dagbag.py:545} INFO - Filling up the DagBag from /home/airflow/.local/lib/python3.12/site-packages/airflow/example_dags/example_subdag_operator.py
[2026-08-24T14:41:19.036+0000] {processor.py:840} INFO - DAG(s) 'example_subdag_operator.section-1', 'example_subdag_operator.section-2', 'example_subdag_operator' retrieved from /home/airflow/.local/lib/python3.12/site-packages/airflow/example_dags/example_subdag_operator.py
[2026-08-24T14:41:19.226+0000] {logging_mixin.py:188} INFO - [2026-08-24T14:41:19.225+0000] {dag.py:3096} INFO - Sync 3 DAGs
[2026-08-24T14:41:19.263+0000] {logging_mixin.py:188} INFO - [2026-08-24T14:41:19.262+0000] {dag.py:3954} INFO - Setting next_dagrun for example_subdag_operator to 2022-01-01 00:00:00+00:00, run_after=2022-01-01 00:00:00+00:00
[2026-08-24T14:41:19.269+0000] {logging_mixin.py:188} INFO - [2026-08-24T14:41:19.268+0000] {dag.py:3954} INFO - Setting next_dagrun for example_subdag_operator.section-1 to None, run_after=None
[2026-08-24T14:41:19.271+0000] {logging_mixin.py:188} INFO - [2026-08-24T14:41:19.271+0000] {dag.py:3954} INFO - Setting next_dagrun for example_subdag_operator.section-2 to None, run_after=None
[2026-08-24T14:41:19.285+0000] {logging_mixin.py:188} INFO - [2026-08-24T14:41:19.285+0000] {dag.py:3096} INFO - Sync 2 DAGs
[2026-08-24T14:41:19.293+0000] {logging_mixin.py:188} INFO - [2026-08-24T14:41:19.293+0000] {dag.py:3954} INFO - Setting next_dagrun for example_subdag_operator.section-1 to None, run_after=None
[2026-08-24T14:41:19.294+0000] {logging_mixin.py:188} INFO - [2026-08-24T14:41:19.294+0000] {dag.py:3954} INFO - Setting next_dagrun for example_subdag_operator.section-2 to None, run_after=None
[2026-08-24T14:41:19.315+0000] {processor.py:183} INFO - Processing /home/airflow/.local/lib/python3.12/site-packages/airflow/example_dags/example_subdag_operator.py took 0.334 seconds
[2026-08-24T14:41:49.724+0000] {processor.py:161} INFO - Started process (PID=184) to work on /home/airflow/.local/lib/python3.12/site-packages/airflow/example_dags/example_subdag_operator.py
[2026-08-24T14:41:49.726+0000] {processor.py:830} INFO - Processing file /home/airflow/.local/lib/python3.12/site-packages/airflow/example_dags/example_subdag_operator.py for tasks to queue
[2026-08-24T14:41:49.729+0000] {logging_mixin.py:188} INFO - [2026-08-24T14:41:49.728+0000] {dagbag.py:545} INFO - Filling up the DagBag from /home/airflow/.local/lib/python3.12/site-packages/airflow/example_dags/example_subdag_operator.py
[2026-08-24T14:41:49.767+0000] {processor.py:840} INFO - DAG(s) 'example_subdag_operator.section-1', 'example_subdag_operator.section-2', 'example_subdag_operator' retrieved from /home/airflow/.local/lib/python3.12/site-packages/airflow/example_dags/example_subdag_operator.py
[2026-08-24T14:41:49.790+0000] {logging_mixin.py:188} INFO - [2026-08-24T14:41:49.789+0000] {dag.py:3096} INFO - Sync 3 DAGs
[2026-08-24T14:41:49.826+0000] {logging_mixin.py:188} INFO - [2026-08-24T14:41:49.825+0000] {dag.py:3954} INFO - Setting next_dagrun for example_subdag_operator to 2022-01-01 00:00:00+00:00, run_after=2022-01-01 00:00:00+00:00
[2026-08-24T14:41:49.832+0000] {logging_mixin.py:188} INFO - [2026-08-24T14:41:49.832+0000] {dag.py:3954} INFO - Setting next_dagrun for example_subdag_operator.section-1 to None, run_after=None
[2026-08-24T14:41:49.834+0000] {logging_mixin.py:188} INFO - [2026-08-24T14:41:49.834+0000] {dag.py:3954} INFO - Setting next_dagrun for example_subdag_operator.section-2 to None, run_after=None
[2026-08-24T14:41:49.846+0000] {logging_mixin.py:188} INFO - [2026-08-24T14:41:49.846+0000] {dag.py:3096} INFO - Sync 2 DAGs
[2026-08-24T14:41:49.854+0000] {logging_mixin.py:188} INFO - [2026-08-24T14:41:49.854+0000] {dag.py:3954} INFO - Setting next_dagrun for example_subdag_operator.section-1 to None, run_after=None
[2026-08-24T14:41:49.855+0000] {logging_mixin.py:188} INFO - [2026-08-24T14:41:49.855+0000] {dag.py:3954} INFO - Setting next_dagrun for example_subdag_operator.section-2 to None, run_after=None
[2026-08-24T14:41:49.874+0000] {processor.py:183} INFO - Processing /home/airflow/.local/lib/python3.12/site-packages/airflow/example_dags/example_subdag_operator.py took 0.158 seconds
[2026-08-24T14:42:20.263+0000] {processor.py:161} INFO - Started process (PID=244) to work on /home/airflow/.local/lib/python3.12/site-packages/airflow/example_dags/example_subdag_operator.py
[2026-08-24T14:42:20.264+0000] {processor.py:830} INFO - Processing file /home/airflow/.local/lib/python3.12/site-packages/airflow/example_dags/example_subdag_operator.py for tasks to queue
[2026-08-24T14:42:20.268+0000] {logging_mixin.py:188} INFO - [2026-08-24T14:42:20.267+0000] {dagbag.py:545} INFO - Filling up the DagBag from /home/airflow/.local/lib/python3.12/site-packages/airflow/example_dags/example_subdag_operator.py
[2026-08-24T14:42:20.303+0000] {processor.py:840} INFO - DAG(s) 'example_subdag_operator.section-1', 'example_subdag_operator.section-2', 'example_subdag_operator' retrieved from /home/airflow/.local/lib/python3.12/site-packages/airflow/example_dags/example_subdag_operator.py
[2026-08-24T14:42:20.326+0000] {logging_mixin.py:188} INFO - [2026-08-24T14:42:20.325+0000] {dag.py:3096} INFO - Sync 3 DAGs
[2026-08-24T14:42:20.358+0000] {logging_mixin.py:188} INFO - [2026-08-24T14:42:20.357+0000] {dag.py:3954} INFO - Setting next_dagrun for example_subdag_operator to 2022-01-01 00:00:00+00:00, run_after=2022-01-01 00:00:00+00:00
[2026-08-24T14:42:20.366+0000] {logging_mixin.py:188} INFO - [2026-08-24T14:42:20.365+0000] {dag.py:3954} INFO - Setting next_dagrun for example_subdag_operator.section-1 to None, run_after=None
[2026-08-24T14:42:20.367+0000] {logging_mixin.py:188} INFO - [2026-08-24T14:42:20.367+0000] {dag.py:3954} INFO - Setting next_dagrun for example_subdag_operator.section-2 to None, run_after=None
[2026-08-24T14:42:20.378+0000] {logging_mixin.py:188} INFO - [2026-08-24T14:42:20.377+0000] {dag.py:3096} INFO - Sync 2 DAGs
[2026-08-24T14:42:20.384+0000] {logging_mixin.py:188} INFO - [2026-08-24T14:42:20.384+0000] {dag.py:3954} INFO - Setting next_dagrun for example_subdag_operator.section-1 to None, run_after=None
[2026-08-24T14:42:20.385+0000] {logging_mixin.py:188} INFO - [2026-08-24T14:42:20.385+0000] {dag.py:3954} INFO - Setting next_dagrun for example_subdag_operator.section-2 to None, run_after=None
[2026-08-24T14:42:20.403+0000] {processor.py:183} INFO - Processing /home/airflow/.local/lib/python3.12/site-packages/airflow/example_dags/example_subdag_operator.py took 0.148 seconds
[2026-08-24T14:42:51.378+0000] {processor.py:161} INFO - Started process (PID=304) to work on /home/airflow/.local/lib/python3.12/site-packages/airflow/example_dags/example_subdag_operator.py
[2026-08-24T14:42:51.380+0000] {processor.py:830} INFO - Processing file /home/airflow/.local/lib/python3.12/site-packages/airflow/example_dags/example_subdag_operator.py for tasks to queue
[2026-08-24T14:42:51.382+0000] {logging_mixin.py:188} INFO - [2026-08-24T14:42:51.381+0000] {dagbag.py:545} INFO - Filling up the DagBag from /home/airflow/.local/lib/python3.12/site-packages/airflow/example_dags/example_subdag_operator.py
[2026-08-24T14:42:51.414+0000] {processor.py:840} INFO - DAG(s) 'example_subdag_operator.section-1', 'example_subdag_operator.section-2', 'example_subdag_operator' retrieved from /home/airflow/.local/lib/python3.12/site-packages/airflow/example_dags/example_subdag_operator.py
[2026-08-24T14:42:51.436+0000] {logging_mixin.py:188} INFO - [2026-08-24T14:42:51.435+0000] {dag.py:3096} INFO - Sync 3 DAGs
[2026-08-24T14:42:51.471+0000] {logging_mixin.py:188} INFO - [2026-08-24T14:42:51.471+0000] {dag.py:3954} INFO - Setting next_dagrun for example_subdag_operator to 2022-01-01 00:00:00+00:00, run_after=2022-01-01 00:00:00+00:00
[2026-08-24T14:42:51.476+0000] {logging_mixin.py:188} INFO - [2026-08-24T14:42:51.475+0000] {dag.py:3954} INFO - Setting next_dagrun for example_subdag_operator.section-1 to None, run_after=None
[2026-08-24T14:42:51.478+0000] {logging_mixin.py:188} INFO - [2026-08-24T14:42:51.478+0000] {dag.py:3954} INFO - Setting next_dagrun for example_subdag_operator.section-2 to None, run_after=None
[2026-08-24T14:42:51.488+0000] {logging_mixin.py:188} INFO - [2026-08-24T14:42:51.488+0000] {dag.py:3096} INFO - Sync 2 DAGs
[2026-08-24T14:42:51.495+0000] {logging_mixin.py:188} INFO - [2026-08-24T14:42:51.495+0000] {dag.py:3954} INFO - Setting next_dagrun for example_subdag_operator.section-1 to None, run_after=None
[2026-08-24T14:42:51.496+0000] {logging_mixin.py:188} INFO - [2026-08-24T14:42:51.496+0000] {dag.py:3954} INFO - Setting next_dagrun for example_subdag_operator.section-2 to None, run_after=None
[2026-08-24T14:42:51.511+0000] {processor.py:183} INFO - Processing /home/airflow/.local/lib/python3.12/site-packages/airflow/example_dags/example_subdag_operator.py took 0.140 seconds
[2026-08-24T14:43:22.510+0000] {processor.py:161} INFO - Started process (PID=363) to work on /home/airflow/.local/lib/python3.12/site-packages/airflow/example_dags/example_subdag_operator.py
[2026-08-24T14:43:22.512+0000] {processor.py:830} INFO - Processing file /home/airflow/.local/lib/python3.12/site-packages/airflow/example_dags/example_subdag_operator.py for tasks to queue
[2026-08-24T14:43:22.516+0000] {logging_mixin.py:188} INFO - [2026-08-24T14:43:22.515+0000] {dagbag.py:545} INFO - Filling up the DagBag from /home/airflow/.local/lib/python3.12/site-packages/airflow/example_dags/example_subdag_operator.py
[2026-08-24T14:43:22.550+0000] {processor.py:840} INFO - DAG(s) 'example_subdag_operator.section-1', 'example_subdag_operator.section-2', 'example_subdag_operator' retrieved from /home/airflow/.local/lib/python3.12/site-packages/airflow/example_dags/example_subdag_operator.py
[2026-08-24T14:43:22.577+0000] {logging_mixin.py:188} INFO - [2026-08-24T14:43:22.576+0000] {dag.py:3096} INFO - Sync 3 DAGs
[2026-08-24T14:43:22.611+0000] {logging_mixin.py:188} INFO - [2026-08-24T14:43:22.610+0000] {dag.py:3954} INFO - Setting next_dagrun for example_subdag_operator to 2022-01-01 00:00:00+00:00, run_after=2022-01-01 00:00:00+00:00
[2026-08-24T14:43:22.619+0000] {logging_mixin.py:188} INFO - [2026-08-24T14:43:22.619+0000] {dag.py:3954} INFO - Setting next_dagrun for example_subdag_operator.section-1 to None, run_after=None
[2026-08-24T14:43:22.622+0000] {logging_mixin.py:188} INFO - [2026-08-24T14:43:22.622+0000] {dag.py:3954} INFO - Setting next_dagrun for example_subdag_operator.section-2 to None, run_after=None
[2026-08-24T14:43:22.632+0000] {logging_mixin.py:188} INFO - [2026-08-24T14:43:22.632+0000] {dag.py:3096} INFO - Sync 2 DAGs
[2026-08-24T14:43:22.641+0000] {logging_mixin.py:188} INFO - [2026-08-24T14:43:22.640+0000] {dag.py:3954} INFO - Setting next_dagrun for example_subdag_operator.section-1 to None, run_after=None
[2026-08-24T14:43:22.642+0000] {logging_mixin.py:188} INFO - [2026-08-24T14:43:22.642+0000] {dag.py:3954} INFO - Setting next_dagrun for example_subdag_operator.section-2 to None, run_after=None
[2026-08-24T14:43:22.660+0000] {processor.py:183} INFO - Processing /home/airflow/.local/lib/python3.12/site-packages/airflow/example_dags/example_subdag_operator.py took 0.160 seconds
[2026-08-24T14:43:52.784+0000] {processor.py:161} INFO - Started process (PID=422) to work on /home/airflow/.local/lib/python3.12/site-packages/airflow/example_dags/example_subdag_operator.py
[2026-08-24T14:43:52.785+0000] {processor.py:830} INFO - Processing file /home/airflow/.local/lib/python3.12/site-packages/airflow/example_dags/example_subdag_operator.py for tasks to queue
[2026-08-24T14:43:52.787+0000] {logging_mixin.py:188} INFO - [2026-08-24T14:43:52.787+0000] {dagbag.py:545} INFO - Filling up the DagBag from /home/airflow/.local/lib/python3.12/site-packages/airflow/example_dags/example_subdag_operator.py
[2026-08-24T14:43:52.817+0000] {processor.py:840} INFO - DAG(s) 'example_subdag_operator.section-1', 'example_subdag_operator.section-2', 'example_subdag_operator' retrieved from /home/airflow/.local/lib/python3.12/site-packages/airflow/example_dags/example_subdag_operator.py
[2026-08-24T14:43:52.837+0000] {logging_mixin.py:188} INFO - [2026-08-24T14:43:52.837+0000] {dag.py:3096} INFO - Sync 3 DAGs
[2026-08-24T14:43:52.867+0000] {logging_mixin.py:188} INFO - [2026-08-24T14:43:52.867+0000] {dag.py:3954} INFO - Setting next_dagrun for example_subdag_operator to 2022-01-01 00:00:00+00:00, run_after=2022-01-01 00:00:00+00:00
[2026-08-24T14:43:52.873+0000] {logging_mixin.py:188} INFO - [2026-08-24T14:43:52.873+0000] {dag.py:3954} INFO - Setting next_dagrun for example_subdag_operator.section-1 to None, run_after=None
[2026-08-24T14:43:52.875+0000] {logging_mixin.py:188} INFO - [2026-08-24T14:43:52.875+0000] {dag.py:3954} INFO - Setting next_dagrun for example_subdag_operator.section-2 to None, run_after=None
[2026-08-24T14:43:52.884+0000] {logging_mixin.py:188} INFO - [2026-08-24T14:43:52.884+0000] {dag.py:3096} INFO - Sync 2 DAGs
[2026-08-24T14:43:52.891+0000] {logging_mixin.py:188} INFO - [2026-08-24T14:43:52.890+0000] {dag.py:3954} INFO - Setting next_dagrun for example_subdag_operator.section-1 to None, run_after=None
[2026-08-24T14:43:52.891+0000] {logging_mixin.py:188} INFO - [2026-08-24T14:43:52.891+0000] {dag.py:3954} INFO - Setting next_dagrun for example_subdag_operator.section-2 to None, run_after=None
[2026-08-24T14:43:52.905+0000] {processor.py:183} INFO - Processing /home/airflow/.local/lib/python3.12/site-packages/airflow/example_dags/example_subdag_operator.py took 0.130 seconds
[2026-08-24T14:44:23.191+0000] {processor.py:161} INFO - Started process (PID=482) to work on /home/airflow/.local/lib/python3.12/site-packages/airflow/example_dags/example_subdag_operator.py
[2026-08-24T14:44:23.192+0000] {processor.py:830} INFO - Processing file /home/airflow/.local/lib/python3.12/site-packages/airflow/example_dags/example_subdag_operator.py for tasks to queue
[2026-08-24T14:44:23.195+0000] {logging_mixin.py:188} INFO - [2026-08-24T14:44:23.195+0000] {dagbag.py:545} INFO - Filling up the DagBag from /home/airflow/.local/lib/python3.12/site-packages/airflow/example_dags/example_subdag_operator.py
[2026-08-24T14:44:23.226+0000] {processor.py:840} INFO - DAG(s) 'example_subdag_operator.section-1', 'example_subdag_operator.section-2', 'example_subdag_operator' retrieved from /home/airflow/.local/lib/python3.12/site-packages/airflow/example_dags/example_subdag_operator.py
[2026-08-24T14:44:23.249+0000] {logging_mixin.py:188} INFO - [2026-08-24T14:44:23.249+0000] {dag.py:3096} INFO - Sync 3 DAGs
[2026-08-24T14:44:23.284+0000] {logging_mixin.py:188} INFO - [2026-08-24T14:44:23.284+0000] {dag.py:3954} INFO - Setting next_dagrun for example_subdag_operator to 2022-01-01 00:00:00+00:00, run_after=2022-01-01 00:00:00+00:00
[2026-08-24T14:44:23.294+0000] {logging_mixin.py:188} INFO - [2026-08-24T14:44:23.294+0000] {dag.py:3954} INFO - Setting next_dagrun for example_subdag_operator.section-1 to None, run_after=None
[2026-08-24T14:44:23.296+0000] {logging_mixin.py:188} INFO - [2026-08-24T14:44:23.296+0000] {dag.py:3954} INFO - Setting next_dagrun for example_subdag_operator.section-2 to None, run_after=None
[2026-08-24T14:44:23.307+0000] {logging_mixin.py:188} INFO - [2026-08-24T14:44:23.306+0000] {dag.py:3096} INFO - Sync 2 DAGs
[2026-08-24T14:44:23.315+0000] {logging_mixin.py:188} INFO - [2026-08-24T14:44:23.315+0000] {dag.py:3954} INFO - Setting next_dagrun for example_subdag_operator.section-1 to None, run_after=None
[2026-08-24T14:44:23.316+0000] {logging_mixin.py:188} INFO - [2026-08-24T14:44:23.315+0000] {dag.py:3954} INFO - Setting next_dagrun for example_subdag_operator.section-2 to None, run_after=None
[2026-08-24T14:44:23.333+0000] {processor.py:183} INFO - Processing /home/airflow/.local/lib/python3.12/site-packages/airflow/example_dags/example_subdag_operator.py took 0.150 seconds
[2026-08-24T14:44:53.986+0000] {processor.py:161} INFO - Started process (PID=542) to work on /home/airflow/.local/lib/python3.12/site-packages/airflow/example_dags/example_subdag_operator.py
[2026-08-24T14:44:53.988+0000] {processor.py:830} INFO - Processing file /home/airflow/.local/lib/python3.12/site-packages/airflow/example_dags/example_subdag_operator.py for tasks to queue
[2026-08-24T14:44:53.990+0000] {logging_mixin.py:188} INFO - [2026-08-24T14:44:53.990+0000] {dagbag.py:545} INFO - Filling up the DagBag from /home/airflow/.local/lib/python3.12/site-packages/airflow/example_dags/example_subdag_operator.py
[2026-08-24T14:44:54.020+0000] {processor.py:840} INFO - DAG(s) 'example_subdag_operator.section-1', 'example_subdag_operator.section-2', 'example_subdag_operator' retrieved from /home/airflow/.local/lib/python3.12/site-packages/airflow/example_dags/example_subdag_operator.py
[2026-08-24T14:44:54.040+0000] {logging_mixin.py:188} INFO - [2026-08-24T14:44:54.040+0000] {dag.py:3096} INFO - Sync 3 DAGs
[2026-08-24T14:44:54.071+0000] {logging_mixin.py:188} INFO - [2026-08-24T14:44:54.070+0000] {dag.py:3954} INFO - Setting next_dagrun for example_subdag_operator to 2022-01-01 00:00:00+00:00, run_after=2022-01-01 00:00:00+00:00
[2026-08-24T14:44:54.076+0000] {logging_mixin.py:188} INFO - [2026-08-24T14:44:54.075+0000] {dag.py:3954} INFO - Setting next_dagrun for example_subdag_operator.section-1 to None, run_after=None
[2026-08-24T14:44:54.077+0000] {logging_mixin.py:188} INFO - [2026-08-24T14:44:54.077+0000] {dag.py:3954} INFO - Setting next_dagrun for example_subdag_operator.section-2 to None, run_after=None
[2026-08-24T14:44:54.087+0000] {logging_mixin.py:188} INFO - [2026-08-24T14:44:54.087+0000] {dag.py:3096} INFO - Sync 2 DAGs
[2026-08-24T14:44:54.093+0000] {logging_mixin.py:188} INFO - [2026-08-24T14:44:54.093+0000] {dag.py:3954} INFO - Setting next_dagrun for example_subdag_operator.section-1 to None, run_after=None
[2026-08-24T14:44:54.094+0000] {logging_mixin.py:188} INFO - [2026-08-24T14:44:54.093+0000] {dag.py:3954} INFO - Setting next_dagrun for example_subdag_operator.section-2 to None, run_after=None
[2026-08-24T14:44:54.108+0000] {processor.py:183} INFO - Processing /home/airflow/.local/lib/python3.12/site-packages/airflow/example_dags/example_subdag_operator.py took 0.129 seconds
[2026-08-24T14:49:21.739+0000] {processor.py:161} INFO - Started process (PID=123) to work on /home/airflow/.local/lib/python3.12/site-packages/airflow/example_dags/example_subdag_operator.py
[2026-08-24T14:49:21.740+0000] {processor.py:830} INFO - Processing file /home/airflow/.local/lib/python3.12/site-packages/airflow/example_dags/example_subdag_operator.py for tasks to queue
[2026-08-24T14:49:21.743+0000] {logging_mixin.py:188} INFO - [2026-08-24T14:49:21.743+0000] {dagbag.py:545} INFO - Filling up the DagBag from /home/airflow/.local/lib/python3.12/site-packages/airflow/example_dags/example_subdag_operator.py
[2026-08-24T14:49:21.781+0000] {processor.py:840} INFO - DAG(s) 'example_subdag_operator.section-1', 'example_subdag_operator.section-2', 'example_subdag_operator' retrieved from /home/airflow/.local/lib/python3.12/site-packages/airflow/example_dags/example_subdag_operator.py
[2026-08-24T14:49:21.951+0000] {logging_mixin.py:188} INFO - [2026-08-24T14:49:21.951+0000] {dag.py:3096} INFO - Sync 3 DAGs
[2026-08-24T14:49:21.984+0000] {logging_mixin.py:188} INFO - [2026-08-24T14:49:21.984+0000] {dag.py:3954} INFO - Setting next_dagrun for example_subdag_operator to 2022-01-01 00:00:00+00:00, run_after=2022-01-01 00:00:00+00:00
[2026-08-24T14:49:21.989+0000] {logging_mixin.py:188} INFO - [2026-08-24T14:49:21.989+0000] {dag.py:3954} INFO - Setting next_dagrun for example_subdag_operator.section-1 to None, run_after=None
[2026-08-24T14:49:21.991+0000] {logging_mixin.py:188} INFO - [2026-08-24T14:49:21.991+0000] {dag.py:3954} INFO - Setting next_dagrun for example_subdag_operator.section-2 to None, run_after=None
[2026-08-24T14:49:22.005+0000] {logging_mixin.py:188} INFO - [2026-08-24T14:49:22.005+0000] {dag.py:3096} INFO - Sync 2 DAGs
[2026-08-24T14:49:22.013+0000] {logging_mixin.py:188} INFO - [2026-08-24T14:49:22.013+0000] {dag.py:3954} INFO - Setting next_dagrun for example_subdag_operator.section-1 to None, run_after=None
[2026-08-24T14:49:22.014+0000] {logging_mixin.py:188} INFO - [2026-08-24T14:49:22.014+0000] {dag.py:3954} INFO - Setting next_dagrun for example_subdag_operator.section-2 to None, run_after=None
[2026-08-24T14:49:22.034+0000] {processor.py:183} INFO - Processing /home/airflow/.local/lib/python3.12/site-packages/airflow/example_dags/example_subdag_operator.py took 0.305 seconds
[2026-08-24T14:50:16.426+0000] {processor.py:161} INFO - Started process (PID=103) to work on /home/airflow/.local/lib/python3.12/site-packages/airflow/example_dags/example_subdag_operator.py
[2026-08-24T14:50:16.427+0000] {processor.py:830} INFO - Processing file /home/airflow/.local/lib/python3.12/site-packages/airflow/example_dags/example_subdag_operator.py for tasks to queue
[2026-08-24T14:50:16.430+0000] {logging_mixin.py:188} INFO - [2026-08-24T14:50:16.429+0000] {dagbag.py:545} INFO - Filling up the DagBag from /home/airflow/.local/lib/python3.12/site-packages/airflow/example_dags/example_subdag_operator.py
[2026-08-24T14:50:16.464+0000] {processor.py:840} INFO - DAG(s) 'example_subdag_operator.section-1', 'example_subdag_operator.section-2', 'example_subdag_operator' retrieved from /home/airflow/.local/lib/python3.12/site-packages/airflow/example_dags/example_subdag_operator.py
[2026-08-24T14:50:16.490+0000] {logging_mixin.py:188} INFO - [2026-08-24T14:50:16.489+0000] {dag.py:3096} INFO - Sync 3 DAGs
[2026-08-24T14:50:16.523+0000] {logging_mixin.py:188} INFO - [2026-08-24T14:50:16.523+0000] {dag.py:3954} INFO - Setting next_dagrun for example_subdag_operator to 2022-01-01 00:00:00+00:00, run_after=2022-01-01 00:00:00+00:00
[2026-08-24T14:50:16.531+0000] {logging_mixin.py:188} INFO - [2026-08-24T14:50:16.531+0000] {dag.py:3954} INFO - Setting next_dagrun for example_subdag_operator.section-1 to None, run_after=None
[2026-08-24T14:50:16.535+0000] {logging_mixin.py:188} INFO - [2026-08-24T14:50:16.535+0000] {dag.py:3954} INFO - Setting next_dagrun for example_subdag_operator.section-2 to None, run_after=None
[2026-08-24T14:50:16.548+0000] {logging_mixin.py:188} INFO - [2026-08-24T14:50:16.547+0000] {dag.py:3096} INFO - Sync 2 DAGs
[2026-08-24T14:50:16.556+0000] {logging_mixin.py:188} INFO - [2026-08-24T14:50:16.555+0000] {dag.py:3954} INFO - Setting next_dagrun for example_subdag_operator.section-1 to None, run_after=None
[2026-08-24T14:50:16.558+0000] {logging_mixin.py:188} INFO - [2026-08-24T14:50:16.557+0000] {dag.py:3954} INFO - Setting next_dagrun for example_subdag_operator.section-2 to None, run_after=None
[2026-08-24T14:50:16.579+0000] {processor.py:183} INFO - Processing /home/airflow/.local/lib/python3.12/site-packages/airflow/example_dags/example_subdag_operator.py took 0.162 seconds
[2026-08-24T14:50:47.481+0000] {processor.py:161} INFO - Started process (PID=163) to work on /home/airflow/.local/lib/python3.12/site-packages/airflow/example_dags/example_subdag_operator.py
[2026-08-24T14:50:47.483+0000] {processor.py:830} INFO - Processing file /home/airflow/.local/lib/python3.12/site-packages/airflow/example_dags/example_subdag_operator.py for tasks to queue
[2026-08-24T14:50:47.486+0000] {logging_mixin.py:188} INFO - [2026-08-24T14:50:47.485+0000] {dagbag.py:545} INFO - Filling up the DagBag from /home/airflow/.local/lib/python3.12/site-packages/airflow/example_dags/example_subdag_operator.py
[2026-08-24T14:50:47.541+0000] {processor.py:840} INFO - DAG(s) 'example_subdag_operator.section-1', 'example_subdag_operator.section-2', 'example_subdag_operator' retrieved from /home/airflow/.local/lib/python3.12/site-packages/airflow/example_dags/example_subdag_operator.py
[2026-08-24T14:50:47.594+0000] {logging_mixin.py:188} INFO - [2026-08-24T14:50:47.594+0000] {dag.py:3096} INFO - Sync 3 DAGs
[2026-08-24T14:50:47.644+0000] {logging_mixin.py:188} INFO - [2026-08-24T14:50:47.643+0000] {dag.py:3954} INFO - Setting next_dagrun for example_subdag_operator to 2022-01-01 00:00:00+00:00, run_after=2022-01-01 00:00:00+00:00
[2026-08-24T14:50:47.654+0000] {logging_mixin.py:188} INFO - [2026-08-24T14:50:47.653+0000] {dag.py:3954} INFO - Setting next_dagrun for example_subdag_operator.section-1 to None, run_after=None
[2026-08-24T14:50:47.657+0000] {logging_mixin.py:188} INFO - [2026-08-24T14:50:47.656+0000] {dag.py:3954} INFO - Setting next_dagrun for example_subdag_operator.section-2 to None, run_after=None
[2026-08-24T14:50:47.673+0000] {logging_mixin.py:188} INFO - [2026-08-24T14:50:47.673+0000] {dag.py:3096} INFO - Sync 2 DAGs
[2026-08-24T14:50:47.683+0000] {logging_mixin.py:188} INFO - [2026-08-24T14:50:47.683+0000] {dag.py:3954} INFO - Setting next_dagrun for example_subdag_operator.section-1 to None, run_after=None
[2026-08-24T14:50:47.684+0000] {logging_mixin.py:188} INFO - [2026-08-24T14:50:47.684+0000] {dag.py:3954} INFO - Setting next_dagrun for example_subdag_operator.section-2 to None, run_after=None
[2026-08-24T14:50:47.717+0000] {processor.py:183} INFO - Processing /home/airflow/.local/lib/python3.12/site-packages/airflow/example_dags/example_subdag_operator.py took 0.246 seconds
[2026-08-24T14:51:18.529+0000] {processor.py:161} INFO - Started process (PID=223) to work on /home/airflow/.local/lib/python3.12/site-packages/airflow/example_dags/example_subdag_operator.py
[2026-08-24T14:51:18.530+0000] {processor.py:830} INFO - Processing file /home/airflow/.local/lib/python3.12/site-packages/airflow/example_dags/example_subdag_operator.py for tasks to queue
[2026-08-24T14:51:18.533+0000] {logging_mixin.py:188} INFO - [2026-08-24T14:51:18.533+0000] {dagbag.py:545} INFO - Filling up the DagBag from /home/airflow/.local/lib/python3.12/site-packages/airflow/example_dags/example_subdag_operator.py
[2026-08-24T14:51:18.563+0000] {processor.py:840} INFO - DAG(s) 'example_subdag_operator.section-1', 'example_subdag_operator.section-2', 'example_subdag_operator' retrieved from /home/airflow/.local/lib/python3.12/site-packages/airflow/example_dags/example_subdag_operator.py
[2026-08-24T14:51:18.584+0000] {logging_mixin.py:188} INFO - [2026-08-24T14:51:18.584+0000] {dag.py:3096} INFO - Sync 3 DAGs
[2026-08-24T14:51:18.611+0000] {logging_mixin.py:188} INFO - [2026-08-24T14:51:18.611+0000] {dag.py:3954} INFO - Setting next_dagrun for example_subdag_operator to 2022-01-01 00:00:00+00:00, run_after=2022-01-01 00:00:00+00:00
[2026-08-24T14:51:18.616+0000] {logging_mixin.py:188} INFO - [2026-08-24T14:51:18.616+0000] {dag.py:3954} INFO - Setting next_dagrun for example_subdag_operator.section-1 to None, run_after=None
[2026-08-24T14:51:18.618+0000] {logging_mixin.py:188} INFO - [2026-08-24T14:51:18.618+0000] {dag.py:3954} INFO - Setting next_dagrun for example_subdag_operator.section-2 to None, run_after=None
[2026-08-24T14:51:18.627+0000] {logging_mixin.py:188} INFO - [2026-08-24T14:51:18.627+0000] {dag.py:3096} INFO - Sync 2 DAGs
[2026-08-24T14:51:18.634+0000] {logging_mixin.py:188} INFO - [2026-08-24T14:51:18.633+0000] {dag.py:3954} INFO - Setting next_dagrun for example_subdag_operator.section-1 to None, run_after=None
[2026-08-24T14:51:18.634+0000] {logging_mixin.py:188} INFO - [2026-08-24T14:51:18.634+0000] {dag.py:3954} INFO - Setting next_dagrun for example_subdag_operator.section-2 to None, run_after=None
[2026-08-24T14:51:18.648+0000] {processor.py:183} INFO - Processing /home/airflow/.local/lib/python3.12/site-packages/airflow/example_dags/example_subdag_operator.py took 0.127 seconds
[2026-08-24T14:51:49.720+0000] {processor.py:161} INFO - Started process (PID=283) to work on /home/airflow/.local/lib/python3.12/site-packages/airflow/example_dags/example_subdag_operator.py
[2026-08-24T14:51:49.722+0000] {processor.py:830} INFO - Processing file /home/airflow/.local/lib/python3.12/site-packages/airflow/example_dags/example_subdag_operator.py for tasks to queue
[2026-08-24T14:51:49.725+0000] {logging_mixin.py:188} INFO - [2026-08-24T14:51:49.725+0000] {dagbag.py:545} INFO - Filling up the DagBag from /home/airflow/.local/lib/python3.12/site-packages/airflow/example_dags/example_subdag_operator.py
[2026-08-24T14:51:49.760+0000] {processor.py:840} INFO - DAG(s) 'example_subdag_operator.section-1', 'example_subdag_operator.section-2', 'example_subdag_operator' retrieved from /home/airflow/.local/lib/python3.12/site-packages/airflow/example_dags/example_subdag_operator.py
[2026-08-24T14:51:49.791+0000] {logging_mixin.py:188} INFO - [2026-08-24T14:51:49.791+0000] {dag.py:3096} INFO - Sync 3 DAGs
[2026-08-24T14:51:49.844+0000] {logging_mixin.py:188} INFO - [2026-08-24T14:51:49.843+0000] {dag.py:3954} INFO - Setting next_dagrun for example_subdag_operator to 2022-01-01 00:00:00+00:00, run_after=2022-01-01 00:00:00+00:00
[2026-08-24T14:51:49.851+0000] {logging_mixin.py:188} INFO - [2026-08-24T14:51:49.851+0000] {dag.py:3954} INFO - Setting next_dagrun for example_subdag_operator.section-1 to None, run_after=None
[2026-08-24T14:51:49.853+0000] {logging_mixin.py:188} INFO - [2026-08-24T14:51:49.853+0000] {dag.py:3954} INFO - Setting next_dagrun for example_subdag_operator.section-2 to None, run_after=None
[2026-08-24T14:51:49.867+0000] {logging_mixin.py:188} INFO - [2026-08-24T14:51:49.867+0000] {dag.py:3096} INFO - Sync 2 DAGs
[2026-08-24T14:51:49.878+0000] {logging_mixin.py:188} INFO - [2026-08-24T14:51:49.878+0000] {dag.py:3954} INFO - Setting next_dagrun for example_subdag_operator.section-1 to None, run_after=None
[2026-08-24T14:51:49.879+0000] {logging_mixin.py:188} INFO - [2026-08-24T14:51:49.879+0000] {dag.py:3954} INFO - Setting next_dagrun for example_subdag_operator.section-2 to None, run_after=None
[2026-08-24T14:51:49.901+0000] {processor.py:183} INFO - Processing /home/airflow/.local/lib/python3.12/site-packages/airflow/example_dags/example_subdag_operator.py took 0.192 seconds
[2026-08-24T14:52:21.044+0000] {processor.py:161} INFO - Started process (PID=343) to work on /home/airflow/.local/lib/python3.12/site-packages/airflow/example_dags/example_subdag_operator.py
[2026-08-24T14:52:21.045+0000] {processor.py:830} INFO - Processing file /home/airflow/.local/lib/python3.12/site-packages/airflow/example_dags/example_subdag_operator.py for tasks to queue
[2026-08-24T14:52:21.049+0000] {logging_mixin.py:188} INFO - [2026-08-24T14:52:21.048+0000] {dagbag.py:545} INFO - Filling up the DagBag from /home/airflow/.local/lib/python3.12/site-packages/airflow/example_dags/example_subdag_operator.py
[2026-08-24T14:52:21.084+0000] {processor.py:840} INFO - DAG(s) 'example_subdag_operator.section-1', 'example_subdag_operator.section-2', 'example_subdag_operator' retrieved from /home/airflow/.local/lib/python3.12/site-packages/airflow/example_dags/example_subdag_operator.py
[2026-08-24T14:52:21.115+0000] {logging_mixin.py:188} INFO - [2026-08-24T14:52:21.114+0000] {dag.py:3096} INFO - Sync 3 DAGs
[2026-08-24T14:52:21.150+0000] {logging_mixin.py:188} INFO - [2026-08-24T14:52:21.149+0000] {dag.py:3954} INFO - Setting next_dagrun for example_subdag_operator to 2022-01-01 00:00:00+00:00, run_after=2022-01-01 00:00:00+00:00
[2026-08-24T14:52:21.158+0000] {logging_mixin.py:188} INFO - [2026-08-24T14:52:21.157+0000] {dag.py:3954} INFO - Setting next_dagrun for example_subdag_operator.section-1 to None, run_after=None
[2026-08-24T14:52:21.160+0000] {logging_mixin.py:188} INFO - [2026-08-24T14:52:21.159+0000] {dag.py:3954} INFO - Setting next_dagrun for example_subdag_operator.section-2 to None, run_after=None
[2026-08-24T14:52:21.168+0000] {logging_mixin.py:188} INFO - [2026-08-24T14:52:21.168+0000] {dag.py:3096} INFO - Sync 2 DAGs
[2026-08-24T14:52:21.175+0000] {logging_mixin.py:188} INFO - [2026-08-24T14:52:21.175+0000] {dag.py:3954} INFO - Setting next_dagrun for example_subdag_operator.section-1 to None, run_after=None
[2026-08-24T14:52:21.176+0000] {logging_mixin.py:188} INFO - [2026-08-24T14:52:21.176+0000] {dag.py:3954} INFO - Setting next_dagrun for example_subdag_operator.section-2 to None, run_after=None
[2026-08-24T14:52:21.230+0000] {processor.py:183} INFO - Processing /home/airflow/.local/lib/python3.12/site-packages/airflow/example_dags/example_subdag_operator.py took 0.194 seconds
[2026-08-24T14:52:51.886+0000] {processor.py:161} INFO - Started process (PID=403) to work on /home/airflow/.local/lib/python3.12/site-packages/airflow/example_dags/example_subdag_operator.py
[2026-08-24T14:52:51.888+0000] {processor.py:830} INFO - Processing file /home/airflow/.local/lib/python3.12/site-packages/airflow/example_dags/example_subdag_operator.py for tasks to queue
[2026-08-24T14:52:51.891+0000] {logging_mixin.py:188} INFO - [2026-08-24T14:52:51.890+0000] {dagbag.py:545} INFO - Filling up the DagBag from /home/airflow/.local/lib/python3.12/site-packages/airflow/example_dags/example_subdag_operator.py
[2026-08-24T14:52:51.919+0000] {processor.py:840} INFO - DAG(s) 'example_subdag_operator.section-1', 'example_subdag_operator.section-2', 'example_subdag_operator' retrieved from /home/airflow/.local/lib/python3.12/site-packages/airflow/example_dags/example_subdag_operator.py
[2026-08-24T14:52:51.942+0000] {logging_mixin.py:188} INFO - [2026-08-24T14:52:51.942+0000] {dag.py:3096} INFO - Sync 3 DAGs
[2026-08-24T14:52:51.970+0000] {logging_mixin.py:188} INFO - [2026-08-24T14:52:51.970+0000] {dag.py:3954} INFO - Setting next_dagrun for example_subdag_operator to 2022-01-01 00:00:00+00:00, run_after=2022-01-01 00:00:00+00:00
[2026-08-24T14:52:51.976+0000] {logging_mixin.py:188} INFO - [2026-08-24T14:52:51.975+0000] {dag.py:3954} INFO - Setting next_dagrun for example_subdag_operator.section-1 to None, run_after=None
[2026-08-24T14:52:51.977+0000] {logging_mixin.py:188} INFO - [2026-08-24T14:52:51.977+0000] {dag.py:3954} INFO - Setting next_dagrun for example_subdag_operator.section-2 to None, run_after=None
[2026-08-24T14:52:51.987+0000] {logging_mixin.py:188} INFO - [2026-08-24T14:52:51.987+0000] {dag.py:3096} INFO - Sync 2 DAGs
[2026-08-24T14:52:51.993+0000] {logging_mixin.py:188} INFO - [2026-08-24T14:52:51.993+0000] {dag.py:3954} INFO - Setting next_dagrun for example_subdag_operator.section-1 to None, run_after=None
[2026-08-24T14:52:51.994+0000] {logging_mixin.py:188} INFO - [2026-08-24T14:52:51.994+0000] {dag.py:3954} INFO - Setting next_dagrun for example_subdag_operator.section-2 to None, run_after=None
[2026-08-24T14:52:52.008+0000] {processor.py:183} INFO - Processing /home/airflow/.local/lib/python3.12/site-packages/airflow/example_dags/example_subdag_operator.py took 0.129 seconds
[2026-08-24T14:53:22.050+0000] {processor.py:161} INFO - Started process (PID=461) to work on /home/airflow/.local/lib/python3.12/site-packages/airflow/example_dags/example_subdag_operator.py
[2026-08-24T14:53:22.051+0000] {processor.py:830} INFO - Processing file /home/airflow/.local/lib/python3.12/site-packages/airflow/example_dags/example_subdag_operator.py for tasks to queue
[2026-08-24T14:53:22.053+0000] {logging_mixin.py:188} INFO - [2026-08-24T14:53:22.053+0000] {dagbag.py:545} INFO - Filling up the DagBag from /home/airflow/.local/lib/python3.12/site-packages/airflow/example_dags/example_subdag_operator.py
[2026-08-24T14:53:22.082+0000] {processor.py:840} INFO - DAG(s) 'example_subdag_operator.section-1', 'example_subdag_operator.section-2', 'example_subdag_operator' retrieved from /home/airflow/.local/lib/python3.12/site-packages/airflow/example_dags/example_subdag_operator.py
[2026-08-24T14:53:22.105+0000] {logging_mixin.py:188} INFO - [2026-08-24T14:53:22.105+0000] {dag.py:3096} INFO - Sync 3 DAGs
[2026-08-24T14:53:22.132+0000] {logging_mixin.py:188} INFO - [2026-08-24T14:53:22.131+0000] {dag.py:3954} INFO - Setting next_dagrun for example_subdag_operator to 2022-01-01 00:00:00+00:00, run_after=2022-01-01 00:00:00+00:00
[2026-08-24T14:53:22.137+0000] {logging_mixin.py:188} INFO - [2026-08-24T14:53:22.137+0000] {dag.py:3954} INFO - Setting next_dagrun for example_subdag_operator.section-1 to None, run_after=None
[2026-08-24T14:53:22.139+0000] {logging_mixin.py:188} INFO - [2026-08-24T14:53:22.138+0000] {dag.py:3954} INFO - Setting next_dagrun for example_subdag_operator.section-2 to None, run_after=None
[2026-08-24T14:53:22.147+0000] {logging_mixin.py:188} INFO - [2026-08-24T14:53:22.147+0000] {dag.py:3096} INFO - Sync 2 DAGs
[2026-08-24T14:53:22.153+0000] {logging_mixin.py:188} INFO - [2026-08-24T14:53:22.153+0000] {dag.py:3954} INFO - Setting next_dagrun for example_subdag_operator.section-1 to None, run_after=None
[2026-08-24T14:53:22.154+0000] {logging_mixin.py:188} INFO - [2026-08-24T14:53:22.154+0000] {dag.py:3954} INFO - Setting next_dagrun for example_subdag_operator.section-2 to None, run_after=None
[2026-08-24T14:53:22.170+0000] {processor.py:183} INFO - Processing /home/airflow/.local/lib/python3.12/site-packages/airflow/example_dags/example_subdag_operator.py took 0.129 seconds
[2026-08-24T14:53:52.327+0000] {processor.py:161} INFO - Started process (PID=521) to work on /home/airflow/.local/lib/python3.12/site-packages/airflow/example_dags/example_subdag_operator.py
[2026-08-24T14:53:52.328+0000] {processor.py:830} INFO - Processing file /home/airflow/.local/lib/python3.12/site-packages/airflow/example_dags/example_subdag_operator.py for tasks to queue
[2026-08-24T14:53:52.331+0000] {logging_mixin.py:188} INFO - [2026-08-24T14:53:52.330+0000] {dagbag.py:545} INFO - Filling up the DagBag from /home/airflow/.local/lib/python3.12/site-packages/airflow/example_dags/example_subdag_operator.py
[2026-08-24T14:53:52.358+0000] {processor.py:840} INFO - DAG(s) 'example_subdag_operator.section-1', 'example_subdag_operator.section-2', 'example_subdag_operator' retrieved from /home/airflow/.local/lib/python3.12/site-packages/airflow/example_dags/example_subdag_operator.py
[2026-08-24T14:53:52.376+0000] {logging_mixin.py:188} INFO - [2026-08-24T14:53:52.376+0000] {dag.py:3096} INFO - Sync 3 DAGs
[2026-08-24T14:53:52.403+0000] {logging_mixin.py:188} INFO - [2026-08-24T14:53:52.403+0000] {dag.py:3954} INFO - Setting next_dagrun for example_subdag_operator to 2022-01-01 00:00:00+00:00, run_after=2022-01-01 00:00:00+00:00
[2026-08-24T14:53:52.408+0000] {logging_mixin.py:188} INFO - [2026-08-24T14:53:52.407+0000] {dag.py:3954} INFO - Setting next_dagrun for example_subdag_operator.section-1 to None, run_after=None
[2026-08-24T14:53:52.409+0000] {logging_mixin.py:188} INFO - [2026-08-24T14:53:52.409+0000] {dag.py:3954} INFO - Setting next_dagrun for example_subdag_operator.section-2 to None, run_after=None
[2026-08-24T14:53:52.418+0000] {logging_mixin.py:188} INFO - [2026-08-24T14:53:52.417+0000] {dag.py:3096} INFO - Sync 2 DAGs
[2026-08-24T14:53:52.423+0000] {logging_mixin.py:188} INFO - [2026-08-24T14:53:52.423+0000] {dag.py:3954} INFO - Setting next_dagrun for example_subdag_operator.section-1 to None, run_after=None
[2026-08-24T14:53:52.424+0000] {logging_mixin.py:188} INFO - [2026-08-24T14:53:52.424+0000] {dag.py:3954} INFO - Setting next_dagrun for example_subdag_operator.section-2 to None, run_after=None
[2026-08-24T14:53:52.437+0000] {processor.py:183} INFO - Processing /home/airflow/.local/lib/python3.12/site-packages/airflow/example_dags/example_subdag_operator.py took 0.120 seconds
[2026-08-24T14:54:22.676+0000] {processor.py:161} INFO - Started process (PID=581) to work on /home/airflow/.local/lib/python3.12/site-packages/airflow/example_dags/example_subdag_operator.py
[2026-08-24T14:54:22.677+0000] {processor.py:830} INFO - Processing file /home/airflow/.local/lib/python3.12/site-packages/airflow/example_dags/example_subdag_operator.py for tasks to queue
[2026-08-24T14:54:22.680+0000] {logging_mixin.py:188} INFO - [2026-08-24T14:54:22.680+0000] {dagbag.py:545} INFO - Filling up the DagBag from /home/airflow/.local/lib/python3.12/site-packages/airflow/example_dags/example_subdag_operator.py
[2026-08-24T14:54:22.714+0000] {processor.py:840} INFO - DAG(s) 'example_subdag_operator.section-1', 'example_subdag_operator.section-2', 'example_subdag_operator' retrieved from /home/airflow/.local/lib/python3.12/site-packages/airflow/example_dags/example_subdag_operator.py
[2026-08-24T14:54:22.733+0000] {logging_mixin.py:188} INFO - [2026-08-24T14:54:22.733+0000] {dag.py:3096} INFO - Sync 3 DAGs
[2026-08-24T14:54:22.763+0000] {logging_mixin.py:188} INFO - [2026-08-24T14:54:22.763+0000] {dag.py:3954} INFO - Setting next_dagrun for example_subdag_operator to 2022-01-01 00:00:00+00:00, run_after=2022-01-01 00:00:00+00:00
[2026-08-24T14:54:22.769+0000] {logging_mixin.py:188} INFO - [2026-08-24T14:54:22.769+0000] {dag.py:3954} INFO - Setting next_dagrun for example_subdag_operator.section-1 to None, run_after=None
[2026-08-24T14:54:22.771+0000] {logging_mixin.py:188} INFO - [2026-08-24T14:54:22.770+0000] {dag.py:3954} INFO - Setting next_dagrun for example_subdag_operator.section-2 to None, run_after=None
[2026-08-24T14:54:22.780+0000] {logging_mixin.py:188} INFO - [2026-08-24T14:54:22.780+0000] {dag.py:3096} INFO - Sync 2 DAGs
[2026-08-24T14:54:22.786+0000] {logging_mixin.py:188} INFO - [2026-08-24T14:54:22.786+0000] {dag.py:3954} INFO - Setting next_dagrun for example_subdag_operator.section-1 to None, run_after=None
[2026-08-24T14:54:22.787+0000] {logging_mixin.py:188} INFO - [2026-08-24T14:54:22.787+0000] {dag.py:3954} INFO - Setting next_dagrun for example_subdag_operator.section-2 to None, run_after=None
[2026-08-24T14:54:22.802+0000] {processor.py:183} INFO - Processing /home/airflow/.local/lib/python3.12/site-packages/airflow/example_dags/example_subdag_operator.py took 0.133 seconds
[2026-08-24T14:54:52.850+0000] {processor.py:161} INFO - Started process (PID=640) to work on /home/airflow/.local/lib/python3.12/site-packages/airflow/example_dags/example_subdag_operator.py
[2026-08-24T14:54:52.851+0000] {processor.py:830} INFO - Processing file /home/airflow/.local/lib/python3.12/site-packages/airflow/example_dags/example_subdag_operator.py for tasks to queue
[2026-08-24T14:54:52.854+0000] {logging_mixin.py:188} INFO - [2026-08-24T14:54:52.853+0000] {dagbag.py:545} INFO - Filling up the DagBag from /home/airflow/.local/lib/python3.12/site-packages/airflow/example_dags/example_subdag_operator.py
[2026-08-24T14:54:52.881+0000] {processor.py:840} INFO - DAG(s) 'example_subdag_operator.section-1', 'example_subdag_operator.section-2', 'example_subdag_operator' retrieved from /home/airflow/.local/lib/python3.12/site-packages/airflow/example_dags/example_subdag_operator.py
[2026-08-24T14:54:52.900+0000] {logging_mixin.py:188} INFO - [2026-08-24T14:54:52.900+0000] {dag.py:3096} INFO - Sync 3 DAGs
[2026-08-24T14:54:52.927+0000] {logging_mixin.py:188} INFO - [2026-08-24T14:54:52.927+0000] {dag.py:3954} INFO - Setting next_dagrun for example_subdag_operator to 2022-01-01 00:00:00+00:00, run_after=2022-01-01 00:00:00+00:00
[2026-08-24T14:54:52.932+0000] {logging_mixin.py:188} INFO - [2026-08-24T14:54:52.932+0000] {dag.py:3954} INFO - Setting next_dagrun for example_subdag_operator.section-1 to None, run_after=None
[2026-08-24T14:54:52.934+0000] {logging_mixin.py:188} INFO - [2026-08-24T14:54:52.933+0000] {dag.py:3954} INFO - Setting next_dagrun for example_subdag_operator.section-2 to None, run_after=None
[2026-08-24T14:54:52.942+0000] {logging_mixin.py:188} INFO - [2026-08-24T14:54:52.942+0000] {dag.py:3096} INFO - Sync 2 DAGs
[2026-08-24T14:54:52.948+0000] {logging_mixin.py:188} INFO - [2026-08-24T14:54:52.948+0000] {dag.py:3954} INFO - Setting next_dagrun for example_subdag_operator.section-1 to None, run_after=None
[2026-08-24T14:54:52.948+0000] {logging_mixin.py:188} INFO - [2026-08-24T14:54:52.948+0000] {dag.py:3954} INFO - Setting next_dagrun for example_subdag_operator.section-2 to None, run_after=None
[2026-08-24T14:54:52.961+0000] {processor.py:183} INFO - Processing /home/airflow/.local/lib/python3.12/site-packages/airflow/example_dags/example_subdag_operator.py took 0.118 seconds
[2026-08-24T14:55:23.343+0000] {processor.py:161} INFO - Started process (PID=700) to work on /home/airflow/.local/lib/python3.12/site-packages/airflow/example_dags/example_subdag_operator.py
[2026-08-24T14:55:23.345+0000] {processor.py:830} INFO - Processing file /home/airflow/.local/lib/python3.12/site-packages/airflow/example_dags/example_subdag_operator.py for tasks to queue
[2026-08-24T14:55:23.348+0000] {logging_mixin.py:188} INFO - [2026-08-24T14:55:23.347+0000] {dagbag.py:545} INFO - Filling up the DagBag from /home/airflow/.local/lib/python3.12/site-packages/airflow/example_dags/example_subdag_operator.py
[2026-08-24T14:55:23.375+0000] {processor.py:840} INFO - DAG(s) 'example_subdag_operator.section-1', 'example_subdag_operator.section-2', 'example_subdag_operator' retrieved from /home/airflow/.local/lib/python3.12/site-packages/airflow/example_dags/example_subdag_operator.py
[2026-08-24T14:55:23.394+0000] {logging_mixin.py:188} INFO - [2026-08-24T14:55:23.393+0000] {dag.py:3096} INFO - Sync 3 DAGs
[2026-08-24T14:55:23.420+0000] {logging_mixin.py:188} INFO - [2026-08-24T14:55:23.420+0000] {dag.py:3954} INFO - Setting next_dagrun for example_subdag_operator to 2022-01-01 00:00:00+00:00, run_after=2022-01-01 00:00:00+00:00
[2026-08-24T14:55:23.425+0000] {logging_mixin.py:188} INFO - [2026-08-24T14:55:23.425+0000] {dag.py:3954} INFO - Setting next_dagrun for example_subdag_operator.section-1 to None, run_after=None
[2026-08-24T14:55:23.427+0000] {logging_mixin.py:188} INFO - [2026-08-24T14:55:23.427+0000] {dag.py:3954} INFO - Setting next_dagrun for example_subdag_operator.section-2 to None, run_after=None
[2026-08-24T14:55:23.435+0000] {logging_mixin.py:188} INFO - [2026-08-24T14:55:23.435+0000] {dag.py:3096} INFO - Sync 2 DAGs
[2026-08-24T14:55:23.441+0000] {logging_mixin.py:188} INFO - [2026-08-24T14:55:23.441+0000] {dag.py:3954} INFO - Setting next_dagrun for example_subdag_operator.section-1 to None, run_after=None
[2026-08-24T14:55:23.442+0000] {logging_mixin.py:188} INFO - [2026-08-24T14:55:23.442+0000] {dag.py:3954} INFO - Setting next_dagrun for example_subdag_operator.section-2 to None, run_after=None
[2026-08-24T14:55:23.454+0000] {processor.py:183} INFO - Processing /home/airflow/.local/lib/python3.12/site-packages/airflow/example_dags/example_subdag_operator.py took 0.119 seconds
[2026-08-24T14:55:54.100+0000] {processor.py:161} INFO - Started process (PID=761) to work on /home/airflow/.local/lib/python3.12/site-packages/airflow/example_dags/example_subdag_operator.py
[2026-08-24T14:55:54.101+0000] {processor.py:830} INFO - Processing file /home/airflow/.local/lib/python3.12/site-packages/airflow/example_dags/example_subdag_operator.py for tasks to queue
[2026-08-24T14:55:54.104+0000] {logging_mixin.py:188} INFO - [2026-08-24T14:55:54.103+0000] {dagbag.py:545} INFO - Filling up the DagBag from /home/airflow/.local/lib/python3.12/site-packages/airflow/example_dags/example_subdag_operator.py
[2026-08-24T14:55:54.131+0000] {processor.py:840} INFO - DAG(s) 'example_subdag_operator.section-1', 'example_subdag_operator.section-2', 'example_subdag_operator' retrieved from /home/airflow/.local/lib/python3.12/site-packages/airflow/example_dags/example_subdag_operator.py
[2026-08-24T14:55:54.150+0000] {logging_mixin.py:188} INFO - [2026-08-24T14:55:54.150+0000] {dag.py:3096} INFO - Sync 3 DAGs
[2026-08-24T14:55:54.178+0000] {logging_mixin.py:188} INFO - [2026-08-24T14:55:54.178+0000] {dag.py:3954} INFO - Setting next_dagrun for example_subdag_operator to 2022-01-01 00:00:00+00:00, run_after=2022-01-01 00:00:00+00:00
[2026-08-24T14:55:54.183+0000] {logging_mixin.py:188} INFO - [2026-08-24T14:55:54.183+0000] {dag.py:3954} INFO - Setting next_dagrun for example_subdag_operator.section-1 to None, run_after=None
[2026-08-24T14:55:54.185+0000] {logging_mixin.py:188} INFO - [2026-08-24T14:55:54.185+0000] {dag.py:3954} INFO - Setting next_dagrun for example_subdag_operator.section-2 to None, run_after=None
[2026-08-24T14:55:54.193+0000] {logging_mixin.py:188} INFO - [2026-08-24T14:55:54.193+0000] {dag.py:3096} INFO - Sync 2 DAGs
[2026-08-24T14:55:54.200+0000] {logging_mixin.py:188} INFO - [2026-08-24T14:55:54.199+0000] {dag.py:3954} INFO - Setting next_dagrun for example_subdag_operator.section-1 to None, run_after=None
[2026-08-24T14:55:54.200+0000] {logging_mixin.py:188} INFO - [2026-08-24T14:55:54.200+0000] {dag.py:3954} INFO - Setting next_dagrun for example_subdag_operator.section-2 to None, run_after=None
[2026-08-24T14:55:54.216+0000] {processor.py:183} INFO - Processing /home/airflow/.local/lib/python3.12/site-packages/airflow/example_dags/example_subdag_operator.py took 0.124 seconds
