[2026-08-24T13:51:00.276+0000] {processor.py:161} INFO - Started process (PID=93) to work on /home/airflow/.local/lib/python3.12/site-packages/airflow/example_dags/tutorial_dag.py
[2026-08-24T13:51:00.278+0000] {processor.py:830} INFO - Processing file /home/airflow/.local/lib/python3.12/site-packages/airflow/example_dags/tutorial_dag.py for tasks to queue
[2026-08-24T13:51:00.283+0000] {logging_mixin.py:188} INFO - [2026-08-24T13:51:00.282+0000] {dagbag.py:545} INFO - Filling up the DagBag from /home/airflow/.local/lib/python3.12/site-packages/airflow/example_dags/tutorial_dag.py
[2026-08-24T13:51:00.304+0000] {processor.py:840} INFO - DAG(s) 'tutorial_dag' retrieved from /home/airflow/.local/lib/python3.12/site-packages/airflow/example_dags/tutorial_dag.py
[2026-08-24T13:51:00.514+0000] {logging_mixin.py:188} INFO - [2026-08-24T13:51:00.514+0000] {dag.py:3096} INFO - Sync 1 DAGs
[2026-08-24T13:51:00.531+0000] {logging_mixin.py:188} INFO - [2026-08-24T13:51:00.531+0000] {dag.py:3954} INFO - Setting next_dagrun for tutorial_dag to None, run_after=None
[2026-08-24T13:51:00.565+0000] {processor.py:183} INFO - Processing /home/airflow/.local/lib/python3.12/site-packages/airflow/example_dags/tutorial_dag.py took 0.302 seconds
[2026-08-24T13:51:42.322+0000] {processor.py:161} INFO - Started process (PID=74) to work on /home/airflow/.local/lib/python3.12/site-packages/airflow/example_dags/tutorial_dag.py
[2026-08-24T13:51:42.323+0000] {processor.py:830} INFO - Processing file /home/airflow/.local/lib/python3.12/site-packages/airflow/example_dags/tutorial_dag.py for tasks to queue
[2026-08-24T13:51:42.326+0000] {logging_mixin.py:188} INFO - [2026-08-24T13:51:42.325+0000] {dagbag.py:545} INFO - Filling up the DagBag from /home/airflow/.local/lib/python3.12/site-packages/airflow/example_dags/tutorial_dag.py
[2026-08-24T13:51:42.336+0000] {processor.py:840} INFO - DAG(s) 'tutorial_dag' retrieved from /home/airflow/.local/lib/python3.12/site-packages/airflow/example_dags/tutorial_dag.py
[2026-08-24T13:51:42.368+0000] {logging_mixin.py:188} INFO - [2026-08-24T13:51:42.368+0000] {dag.py:3096} INFO - Sync 1 DAGs
[2026-08-24T13:51:42.385+0000] {logging_mixin.py:188} INFO - [2026-08-24T13:51:42.385+0000] {dag.py:3954} INFO - Setting next_dagrun for tutorial_dag to None, run_after=None
[2026-08-24T13:51:42.406+0000] {processor.py:183} INFO - Processing /home/airflow/.local/lib/python3.12/site-packages/airflow/example_dags/tutorial_dag.py took 0.092 seconds
[2026-08-24T13:52:12.832+0000] {processor.py:161} INFO - Started process (PID=133) to work on /home/airflow/.local/lib/python3.12/site-packages/airflow/example_dags/tutorial_dag.py
[2026-08-24T13:52:12.833+0000] {processor.py:830} INFO - Processing file /home/airflow/.local/lib/python3.12/site-packages/airflow/example_dags/tutorial_dag.py for tasks to queue
[2026-08-24T13:52:12.836+0000] {logging_mixin.py:188} INFO - [2026-08-24T13:52:12.835+0000] {dagbag.py:545} INFO - Filling up the DagBag from /home/airflow/.local/lib/python3.12/site-packages/airflow/example_dags/tutorial_dag.py
[2026-08-24T13:52:12.843+0000] {processor.py:840} INFO - DAG(s) 'tutorial_dag' retrieved from /home/airflow/.local/lib/python3.12/site-packages/airflow/example_dags/tutorial_dag.py
[2026-08-24T13:52:12.865+0000] {logging_mixin.py:188} INFO - [2026-08-24T13:52:12.865+0000] {dag.py:3096} INFO - Sync 1 DAGs
[2026-08-24T13:52:12.881+0000] {logging_mixin.py:188} INFO - [2026-08-24T13:52:12.881+0000] {dag.py:3954} INFO - Setting next_dagrun for tutorial_dag to None, run_after=None
[2026-08-24T13:52:12.904+0000] {processor.py:183} INFO - Processing /home/airflow/.local/lib/python3.12/site-packages/airflow/example_dags/tutorial_dag.py took 0.082 seconds
[2026-08-24T13:52:43.309+0000] {processor.py:161} INFO - Started process (PID=192) to work on /home/airflow/.local/lib/python3.12/site-packages/airflow/example_dags/tutorial_dag.py
[2026-08-24T13:52:43.311+0000] {processor.py:830} INFO - Processing file /home/airflow/.local/lib/python3.12/site-packages/airflow/example_dags/tutorial_dag.py for tasks to queue
[2026-08-24T13:52:43.314+0000] {logging_mixin.py:188} INFO - [2026-08-24T13:52:43.314+0000] {dagbag.py:545} INFO - Filling up the DagBag from /home/airflow/.local/lib/python3.12/site-packages/airflow/example_dags/tutorial_dag.py
[2026-08-24T13:52:43.323+0000] {processor.py:840} INFO - DAG(s) 'tutorial_dag' retrieved from /home/airflow/.local/lib/python3.12/site-packages/airflow/example_dags/tutorial_dag.py
[2026-08-24T13:52:43.351+0000] {logging_mixin.py:188} INFO - [2026-08-24T13:52:43.351+0000] {dag.py:3096} INFO - Sync 1 DAGs
[2026-08-24T13:52:43.375+0000] {logging_mixin.py:188} INFO - [2026-08-24T13:52:43.375+0000] {dag.py:3954} INFO - Setting next_dagrun for tutorial_dag to None, run_after=None
[2026-08-24T13:52:43.412+0000] {processor.py:183} INFO - Processing /home/airflow/.local/lib/python3.12/site-packages/airflow/example_dags/tutorial_dag.py took 0.112 seconds
[2026-08-24T13:53:13.521+0000] {processor.py:161} INFO - Started process (PID=251) to work on /home/airflow/.local/lib/python3.12/site-packages/airflow/example_dags/tutorial_dag.py
[2026-08-24T13:53:13.522+0000] {processor.py:830} INFO - Processing file /home/airflow/.local/lib/python3.12/site-packages/airflow/example_dags/tutorial_dag.py for tasks to queue
[2026-08-24T13:53:13.525+0000] {logging_mixin.py:188} INFO - [2026-08-24T13:53:13.524+0000] {dagbag.py:545} INFO - Filling up the DagBag from /home/airflow/.local/lib/python3.12/site-packages/airflow/example_dags/tutorial_dag.py
[2026-08-24T13:53:13.531+0000] {processor.py:840} INFO - DAG(s) 'tutorial_dag' retrieved from /home/airflow/.local/lib/python3.12/site-packages/airflow/example_dags/tutorial_dag.py
[2026-08-24T13:53:13.555+0000] {logging_mixin.py:188} INFO - [2026-08-24T13:53:13.555+0000] {dag.py:3096} INFO - Sync 1 DAGs
[2026-08-24T13:53:13.571+0000] {logging_mixin.py:188} INFO - [2026-08-24T13:53:13.571+0000] {dag.py:3954} INFO - Setting next_dagrun for tutorial_dag to None, run_after=None
[2026-08-24T13:53:13.594+0000] {processor.py:183} INFO - Processing /home/airflow/.local/lib/python3.12/site-packages/airflow/example_dags/tutorial_dag.py took 0.080 seconds
[2026-08-24T13:53:43.956+0000] {processor.py:161} INFO - Started process (PID=310) to work on /home/airflow/.local/lib/python3.12/site-packages/airflow/example_dags/tutorial_dag.py
[2026-08-24T13:53:43.957+0000] {processor.py:830} INFO - Processing file /home/airflow/.local/lib/python3.12/site-packages/airflow/example_dags/tutorial_dag.py for tasks to queue
[2026-08-24T13:53:43.960+0000] {logging_mixin.py:188} INFO - [2026-08-24T13:53:43.959+0000] {dagbag.py:545} INFO - Filling up the DagBag from /home/airflow/.local/lib/python3.12/site-packages/airflow/example_dags/tutorial_dag.py
[2026-08-24T13:53:43.966+0000] {processor.py:840} INFO - DAG(s) 'tutorial_dag' retrieved from /home/airflow/.local/lib/python3.12/site-packages/airflow/example_dags/tutorial_dag.py
[2026-08-24T13:53:43.990+0000] {logging_mixin.py:188} INFO - [2026-08-24T13:53:43.990+0000] {dag.py:3096} INFO - Sync 1 DAGs
[2026-08-24T13:53:44.006+0000] {logging_mixin.py:188} INFO - [2026-08-24T13:53:44.006+0000] {dag.py:3954} INFO - Setting next_dagrun for tutorial_dag to None, run_after=None
[2026-08-24T13:53:44.029+0000] {processor.py:183} INFO - Processing /home/airflow/.local/lib/python3.12/site-packages/airflow/example_dags/tutorial_dag.py took 0.081 seconds
[2026-08-24T13:54:14.314+0000] {processor.py:161} INFO - Started process (PID=369) to work on /home/airflow/.local/lib/python3.12/site-packages/airflow/example_dags/tutorial_dag.py
[2026-08-24T13:54:14.316+0000] {processor.py:830} INFO - Processing file /home/airflow/.local/lib/python3.12/site-packages/airflow/example_dags/tutorial_dag.py for tasks to queue
[2026-08-24T13:54:14.319+0000] {logging_mixin.py:188} INFO - [2026-08-24T13:54:14.319+0000] {dagbag.py:545} INFO - Filling up the DagBag from /home/airflow/.local/lib/python3.12/site-packages/airflow/example_dags/tutorial_dag.py
[2026-08-24T13:54:14.327+0000] {processor.py:840} INFO - DAG(s) 'tutorial_dag' retrieved from /home/airflow/.local/lib/python3.12/site-packages/airflow/example_dags/tutorial_dag.py
[2026-08-24T13:54:14.352+0000] {logging_mixin.py:188} INFO - [2026-08-24T13:54:14.352+0000] {dag.py:3096} INFO - Sync 1 DAGs
[2026-08-24T13:54:14.371+0000] {logging_mixin.py:188} INFO - [2026-08-24T13:54:14.370+0000] {dag.py:3954} INFO - Setting next_dagrun for tutorial_dag to None, run_after=None
[2026-08-24T13:54:14.393+0000] {processor.py:183} INFO - Processing /home/airflow/.local/lib/python3.12/site-packages/airflow/example_dags/tutorial_dag.py took 0.087 seconds
[2026-08-24T13:54:44.896+0000] {processor.py:161} INFO - Started process (PID=428) to work on /home/airflow/.local/lib/python3.12/site-packages/airflow/example_dags/tutorial_dag.py
[2026-08-24T13:54:44.899+0000] {processor.py:830} INFO - Processing file /home/airflow/.local/lib/python3.12/site-packages/airflow/example_dags/tutorial_dag.py for tasks to queue
[2026-08-24T13:54:44.902+0000] {logging_mixin.py:188} INFO - [2026-08-24T13:54:44.901+0000] {dagbag.py:545} INFO - Filling up the DagBag from /home/airflow/.local/lib/python3.12/site-packages/airflow/example_dags/tutorial_dag.py
[2026-08-24T13:54:44.912+0000] {processor.py:840} INFO - DAG(s) 'tutorial_dag' retrieved from /home/airflow/.local/lib/python3.12/site-packages/airflow/example_dags/tutorial_dag.py
[2026-08-24T13:54:44.941+0000] {logging_mixin.py:188} INFO - [2026-08-24T13:54:44.941+0000] {dag.py:3096} INFO - Sync 1 DAGs
[2026-08-24T13:54:44.970+0000] {logging_mixin.py:188} INFO - [2026-08-24T13:54:44.969+0000] {dag.py:3954} INFO - Setting next_dagrun for tutorial_dag to None, run_after=None
[2026-08-24T13:54:45.021+0000] {processor.py:183} INFO - Processing /home/airflow/.local/lib/python3.12/site-packages/airflow/example_dags/tutorial_dag.py took 0.135 seconds
[2026-08-24T13:55:17.071+0000] {processor.py:161} INFO - Started process (PID=493) to work on /home/airflow/.local/lib/python3.12/site-packages/airflow/example_dags/tutorial_dag.py
[2026-08-24T13:55:17.072+0000] {processor.py:830} INFO - Processing file /home/airflow/.local/lib/python3.12/site-packages/airflow/example_dags/tutorial_dag.py for tasks to queue
[2026-08-24T13:55:17.074+0000] {logging_mixin.py:188} INFO - [2026-08-24T13:55:17.074+0000] {dagbag.py:545} INFO - Filling up the DagBag from /home/airflow/.local/lib/python3.12/site-packages/airflow/example_dags/tutorial_dag.py
[2026-08-24T13:55:17.081+0000] {processor.py:840} INFO - DAG(s) 'tutorial_dag' retrieved from /home/airflow/.local/lib/python3.12/site-packages/airflow/example_dags/tutorial_dag.py
[2026-08-24T13:55:17.235+0000] {logging_mixin.py:188} INFO - [2026-08-24T13:55:17.235+0000] {dag.py:3096} INFO - Sync 1 DAGs
[2026-08-24T13:55:17.261+0000] {logging_mixin.py:188} INFO - [2026-08-24T13:55:17.260+0000] {dag.py:3954} INFO - Setting next_dagrun for tutorial_dag to None, run_after=None
[2026-08-24T13:55:17.319+0000] {processor.py:183} INFO - Processing /home/airflow/.local/lib/python3.12/site-packages/airflow/example_dags/tutorial_dag.py took 0.258 seconds
[2026-08-24T13:55:47.610+0000] {processor.py:161} INFO - Started process (PID=552) to work on /home/airflow/.local/lib/python3.12/site-packages/airflow/example_dags/tutorial_dag.py
[2026-08-24T13:55:47.611+0000] {processor.py:830} INFO - Processing file /home/airflow/.local/lib/python3.12/site-packages/airflow/example_dags/tutorial_dag.py for tasks to queue
[2026-08-24T13:55:47.614+0000] {logging_mixin.py:188} INFO - [2026-08-24T13:55:47.613+0000] {dagbag.py:545} INFO - Filling up the DagBag from /home/airflow/.local/lib/python3.12/site-packages/airflow/example_dags/tutorial_dag.py
[2026-08-24T13:55:47.620+0000] {processor.py:840} INFO - DAG(s) 'tutorial_dag' retrieved from /home/airflow/.local/lib/python3.12/site-packages/airflow/example_dags/tutorial_dag.py
[2026-08-24T13:55:47.643+0000] {logging_mixin.py:188} INFO - [2026-08-24T13:55:47.643+0000] {dag.py:3096} INFO - Sync 1 DAGs
[2026-08-24T13:55:47.661+0000] {logging_mixin.py:188} INFO - [2026-08-24T13:55:47.660+0000] {dag.py:3954} INFO - Setting next_dagrun for tutorial_dag to None, run_after=None
[2026-08-24T13:55:47.683+0000] {processor.py:183} INFO - Processing /home/airflow/.local/lib/python3.12/site-packages/airflow/example_dags/tutorial_dag.py took 0.081 seconds
[2026-08-24T13:56:18.072+0000] {processor.py:161} INFO - Started process (PID=611) to work on /home/airflow/.local/lib/python3.12/site-packages/airflow/example_dags/tutorial_dag.py
[2026-08-24T13:56:18.073+0000] {processor.py:830} INFO - Processing file /home/airflow/.local/lib/python3.12/site-packages/airflow/example_dags/tutorial_dag.py for tasks to queue
[2026-08-24T13:56:18.076+0000] {logging_mixin.py:188} INFO - [2026-08-24T13:56:18.076+0000] {dagbag.py:545} INFO - Filling up the DagBag from /home/airflow/.local/lib/python3.12/site-packages/airflow/example_dags/tutorial_dag.py
[2026-08-24T13:56:18.084+0000] {processor.py:840} INFO - DAG(s) 'tutorial_dag' retrieved from /home/airflow/.local/lib/python3.12/site-packages/airflow/example_dags/tutorial_dag.py
[2026-08-24T13:56:18.108+0000] {logging_mixin.py:188} INFO - [2026-08-24T13:56:18.108+0000] {dag.py:3096} INFO - Sync 1 DAGs
[2026-08-24T13:56:18.124+0000] {logging_mixin.py:188} INFO - [2026-08-24T13:56:18.124+0000] {dag.py:3954} INFO - Setting next_dagrun for tutorial_dag to None, run_after=None
[2026-08-24T13:56:18.148+0000] {processor.py:183} INFO - Processing /home/airflow/.local/lib/python3.12/site-packages/airflow/example_dags/tutorial_dag.py took 0.085 seconds
[2026-08-24T13:56:48.765+0000] {processor.py:161} INFO - Started process (PID=670) to work on /home/airflow/.local/lib/python3.12/site-packages/airflow/example_dags/tutorial_dag.py
[2026-08-24T13:56:48.767+0000] {processor.py:830} INFO - Processing file /home/airflow/.local/lib/python3.12/site-packages/airflow/example_dags/tutorial_dag.py for tasks to queue
[2026-08-24T13:56:48.770+0000] {logging_mixin.py:188} INFO - [2026-08-24T13:56:48.770+0000] {dagbag.py:545} INFO - Filling up the DagBag from /home/airflow/.local/lib/python3.12/site-packages/airflow/example_dags/tutorial_dag.py
[2026-08-24T13:56:48.777+0000] {processor.py:840} INFO - DAG(s) 'tutorial_dag' retrieved from /home/airflow/.local/lib/python3.12/site-packages/airflow/example_dags/tutorial_dag.py
[2026-08-24T13:56:48.817+0000] {logging_mixin.py:188} INFO - [2026-08-24T13:56:48.816+0000] {dag.py:3096} INFO - Sync 1 DAGs
[2026-08-24T13:56:48.844+0000] {logging_mixin.py:188} INFO - [2026-08-24T13:56:48.844+0000] {dag.py:3954} INFO - Setting next_dagrun for tutorial_dag to None, run_after=None
[2026-08-24T13:56:48.890+0000] {processor.py:183} INFO - Processing /home/airflow/.local/lib/python3.12/site-packages/airflow/example_dags/tutorial_dag.py took 0.133 seconds
[2026-08-24T13:57:19.845+0000] {processor.py:161} INFO - Started process (PID=730) to work on /home/airflow/.local/lib/python3.12/site-packages/airflow/example_dags/tutorial_dag.py
[2026-08-24T13:57:19.847+0000] {processor.py:830} INFO - Processing file /home/airflow/.local/lib/python3.12/site-packages/airflow/example_dags/tutorial_dag.py for tasks to queue
[2026-08-24T13:57:19.849+0000] {logging_mixin.py:188} INFO - [2026-08-24T13:57:19.849+0000] {dagbag.py:545} INFO - Filling up the DagBag from /home/airflow/.local/lib/python3.12/site-packages/airflow/example_dags/tutorial_dag.py
[2026-08-24T13:57:19.857+0000] {processor.py:840} INFO - DAG(s) 'tutorial_dag' retrieved from /home/airflow/.local/lib/python3.12/site-packages/airflow/example_dags/tutorial_dag.py
[2026-08-24T13:57:19.882+0000] {logging_mixin.py:188} INFO - [2026-08-24T13:57:19.882+0000] {dag.py:3096} INFO - Sync 1 DAGs
[2026-08-24T13:57:19.899+0000] {logging_mixin.py:188} INFO - [2026-08-24T13:57:19.898+0000] {dag.py:3954} INFO - Setting next_dagrun for tutorial_dag to None, run_after=None
[2026-08-24T13:57:19.922+0000] {processor.py:183} INFO - Processing /home/airflow/.local/lib/python3.12/site-packages/airflow/example_dags/tutorial_dag.py took 0.086 seconds
[2026-08-24T13:57:50.633+0000] {processor.py:161} INFO - Started process (PID=789) to work on /home/airflow/.local/lib/python3.12/site-packages/airflow/example_dags/tutorial_dag.py
[2026-08-24T13:57:50.634+0000] {processor.py:830} INFO - Processing file /home/airflow/.local/lib/python3.12/site-packages/airflow/example_dags/tutorial_dag.py for tasks to queue
[2026-08-24T13:57:50.637+0000] {logging_mixin.py:188} INFO - [2026-08-24T13:57:50.636+0000] {dagbag.py:545} INFO - Filling up the DagBag from /home/airflow/.local/lib/python3.12/site-packages/airflow/example_dags/tutorial_dag.py
[2026-08-24T13:57:50.643+0000] {processor.py:840} INFO - DAG(s) 'tutorial_dag' retrieved from /home/airflow/.local/lib/python3.12/site-packages/airflow/example_dags/tutorial_dag.py
[2026-08-24T13:57:50.669+0000] {logging_mixin.py:188} INFO - [2026-08-24T13:57:50.669+0000] {dag.py:3096} INFO - Sync 1 DAGs
[2026-08-24T13:57:50.686+0000] {logging_mixin.py:188} INFO - [2026-08-24T13:57:50.685+0000] {dag.py:3954} INFO - Setting next_dagrun for tutorial_dag to None, run_after=None
[2026-08-24T13:57:51.225+0000] {processor.py:183} INFO - Processing /home/airflow/.local/lib/python3.12/site-packages/airflow/example_dags/tutorial_dag.py took 0.600 seconds
[2026-08-24T13:58:21.777+0000] {processor.py:161} INFO - Started process (PID=849) to work on /home/airflow/.local/lib/python3.12/site-packages/airflow/example_dags/tutorial_dag.py
[2026-08-24T13:58:21.778+0000] {processor.py:830} INFO - Processing file /home/airflow/.local/lib/python3.12/site-packages/airflow/example_dags/tutorial_dag.py for tasks to queue
[2026-08-24T13:58:21.882+0000] {logging_mixin.py:188} INFO - [2026-08-24T13:58:21.882+0000] {dagbag.py:545} INFO - Filling up the DagBag from /home/airflow/.local/lib/python3.12/site-packages/airflow/example_dags/tutorial_dag.py
[2026-08-24T13:58:21.889+0000] {processor.py:840} INFO - DAG(s) 'tutorial_dag' retrieved from /home/airflow/.local/lib/python3.12/site-packages/airflow/example_dags/tutorial_dag.py
[2026-08-24T13:58:21.915+0000] {logging_mixin.py:188} INFO - [2026-08-24T13:58:21.914+0000] {dag.py:3096} INFO - Sync 1 DAGs
[2026-08-24T13:58:21.933+0000] {logging_mixin.py:188} INFO - [2026-08-24T13:58:21.933+0000] {dag.py:3954} INFO - Setting next_dagrun for tutorial_dag to None, run_after=None
[2026-08-24T13:58:22.014+0000] {processor.py:183} INFO - Processing /home/airflow/.local/lib/python3.12/site-packages/airflow/example_dags/tutorial_dag.py took 0.245 seconds
[2026-08-24T13:58:52.970+0000] {processor.py:161} INFO - Started process (PID=908) to work on /home/airflow/.local/lib/python3.12/site-packages/airflow/example_dags/tutorial_dag.py
[2026-08-24T13:58:52.973+0000] {processor.py:830} INFO - Processing file /home/airflow/.local/lib/python3.12/site-packages/airflow/example_dags/tutorial_dag.py for tasks to queue
[2026-08-24T13:58:52.978+0000] {logging_mixin.py:188} INFO - [2026-08-24T13:58:52.977+0000] {dagbag.py:545} INFO - Filling up the DagBag from /home/airflow/.local/lib/python3.12/site-packages/airflow/example_dags/tutorial_dag.py
[2026-08-24T13:58:52.992+0000] {processor.py:840} INFO - DAG(s) 'tutorial_dag' retrieved from /home/airflow/.local/lib/python3.12/site-packages/airflow/example_dags/tutorial_dag.py
[2026-08-24T13:58:53.039+0000] {logging_mixin.py:188} INFO - [2026-08-24T13:58:53.038+0000] {dag.py:3096} INFO - Sync 1 DAGs
[2026-08-24T13:58:53.071+0000] {logging_mixin.py:188} INFO - [2026-08-24T13:58:53.070+0000] {dag.py:3954} INFO - Setting next_dagrun for tutorial_dag to None, run_after=None
[2026-08-24T13:58:53.126+0000] {processor.py:183} INFO - Processing /home/airflow/.local/lib/python3.12/site-packages/airflow/example_dags/tutorial_dag.py took 0.170 seconds
[2026-08-24T14:00:34.082+0000] {processor.py:161} INFO - Started process (PID=92) to work on /home/airflow/.local/lib/python3.12/site-packages/airflow/example_dags/tutorial_dag.py
[2026-08-24T14:00:34.083+0000] {processor.py:830} INFO - Processing file /home/airflow/.local/lib/python3.12/site-packages/airflow/example_dags/tutorial_dag.py for tasks to queue
[2026-08-24T14:00:34.088+0000] {logging_mixin.py:188} INFO - [2026-08-24T14:00:34.087+0000] {dagbag.py:545} INFO - Filling up the DagBag from /home/airflow/.local/lib/python3.12/site-packages/airflow/example_dags/tutorial_dag.py
[2026-08-24T14:00:34.105+0000] {processor.py:840} INFO - DAG(s) 'tutorial_dag' retrieved from /home/airflow/.local/lib/python3.12/site-packages/airflow/example_dags/tutorial_dag.py
[2026-08-24T14:00:34.313+0000] {logging_mixin.py:188} INFO - [2026-08-24T14:00:34.312+0000] {dag.py:3096} INFO - Sync 1 DAGs
[2026-08-24T14:00:34.334+0000] {logging_mixin.py:188} INFO - [2026-08-24T14:00:34.333+0000] {dag.py:3954} INFO - Setting next_dagrun for tutorial_dag to None, run_after=None
[2026-08-24T14:00:34.371+0000] {processor.py:183} INFO - Processing /home/airflow/.local/lib/python3.12/site-packages/airflow/example_dags/tutorial_dag.py took 0.301 seconds
[2026-08-24T14:01:05.163+0000] {processor.py:161} INFO - Started process (PID=151) to work on /home/airflow/.local/lib/python3.12/site-packages/airflow/example_dags/tutorial_dag.py
[2026-08-24T14:01:05.165+0000] {processor.py:830} INFO - Processing file /home/airflow/.local/lib/python3.12/site-packages/airflow/example_dags/tutorial_dag.py for tasks to queue
[2026-08-24T14:01:05.167+0000] {logging_mixin.py:188} INFO - [2026-08-24T14:01:05.167+0000] {dagbag.py:545} INFO - Filling up the DagBag from /home/airflow/.local/lib/python3.12/site-packages/airflow/example_dags/tutorial_dag.py
[2026-08-24T14:01:05.174+0000] {processor.py:840} INFO - DAG(s) 'tutorial_dag' retrieved from /home/airflow/.local/lib/python3.12/site-packages/airflow/example_dags/tutorial_dag.py
[2026-08-24T14:01:05.205+0000] {logging_mixin.py:188} INFO - [2026-08-24T14:01:05.205+0000] {dag.py:3096} INFO - Sync 1 DAGs
[2026-08-24T14:01:05.228+0000] {logging_mixin.py:188} INFO - [2026-08-24T14:01:05.228+0000] {dag.py:3954} INFO - Setting next_dagrun for tutorial_dag to None, run_after=None
[2026-08-24T14:01:05.260+0000] {processor.py:183} INFO - Processing /home/airflow/.local/lib/python3.12/site-packages/airflow/example_dags/tutorial_dag.py took 0.105 seconds
[2026-08-24T14:01:35.411+0000] {processor.py:161} INFO - Started process (PID=210) to work on /home/airflow/.local/lib/python3.12/site-packages/airflow/example_dags/tutorial_dag.py
[2026-08-24T14:01:35.412+0000] {processor.py:830} INFO - Processing file /home/airflow/.local/lib/python3.12/site-packages/airflow/example_dags/tutorial_dag.py for tasks to queue
[2026-08-24T14:01:35.415+0000] {logging_mixin.py:188} INFO - [2026-08-24T14:01:35.414+0000] {dagbag.py:545} INFO - Filling up the DagBag from /home/airflow/.local/lib/python3.12/site-packages/airflow/example_dags/tutorial_dag.py
[2026-08-24T14:01:35.422+0000] {processor.py:840} INFO - DAG(s) 'tutorial_dag' retrieved from /home/airflow/.local/lib/python3.12/site-packages/airflow/example_dags/tutorial_dag.py
[2026-08-24T14:01:35.453+0000] {logging_mixin.py:188} INFO - [2026-08-24T14:01:35.453+0000] {dag.py:3096} INFO - Sync 1 DAGs
[2026-08-24T14:01:35.473+0000] {logging_mixin.py:188} INFO - [2026-08-24T14:01:35.473+0000] {dag.py:3954} INFO - Setting next_dagrun for tutorial_dag to None, run_after=None
[2026-08-24T14:01:35.500+0000] {processor.py:183} INFO - Processing /home/airflow/.local/lib/python3.12/site-packages/airflow/example_dags/tutorial_dag.py took 0.097 seconds
[2026-08-24T14:02:05.620+0000] {processor.py:161} INFO - Started process (PID=269) to work on /home/airflow/.local/lib/python3.12/site-packages/airflow/example_dags/tutorial_dag.py
[2026-08-24T14:02:05.622+0000] {processor.py:830} INFO - Processing file /home/airflow/.local/lib/python3.12/site-packages/airflow/example_dags/tutorial_dag.py for tasks to queue
[2026-08-24T14:02:05.625+0000] {logging_mixin.py:188} INFO - [2026-08-24T14:02:05.624+0000] {dagbag.py:545} INFO - Filling up the DagBag from /home/airflow/.local/lib/python3.12/site-packages/airflow/example_dags/tutorial_dag.py
[2026-08-24T14:02:05.631+0000] {processor.py:840} INFO - DAG(s) 'tutorial_dag' retrieved from /home/airflow/.local/lib/python3.12/site-packages/airflow/example_dags/tutorial_dag.py
[2026-08-24T14:02:05.656+0000] {logging_mixin.py:188} INFO - [2026-08-24T14:02:05.656+0000] {dag.py:3096} INFO - Sync 1 DAGs
[2026-08-24T14:02:05.672+0000] {logging_mixin.py:188} INFO - [2026-08-24T14:02:05.672+0000] {dag.py:3954} INFO - Setting next_dagrun for tutorial_dag to None, run_after=None
[2026-08-24T14:02:05.696+0000] {processor.py:183} INFO - Processing /home/airflow/.local/lib/python3.12/site-packages/airflow/example_dags/tutorial_dag.py took 0.082 seconds
[2026-08-24T14:02:35.911+0000] {processor.py:161} INFO - Started process (PID=329) to work on /home/airflow/.local/lib/python3.12/site-packages/airflow/example_dags/tutorial_dag.py
[2026-08-24T14:02:35.913+0000] {processor.py:830} INFO - Processing file /home/airflow/.local/lib/python3.12/site-packages/airflow/example_dags/tutorial_dag.py for tasks to queue
[2026-08-24T14:02:35.915+0000] {logging_mixin.py:188} INFO - [2026-08-24T14:02:35.915+0000] {dagbag.py:545} INFO - Filling up the DagBag from /home/airflow/.local/lib/python3.12/site-packages/airflow/example_dags/tutorial_dag.py
[2026-08-24T14:02:35.922+0000] {processor.py:840} INFO - DAG(s) 'tutorial_dag' retrieved from /home/airflow/.local/lib/python3.12/site-packages/airflow/example_dags/tutorial_dag.py
[2026-08-24T14:02:35.948+0000] {logging_mixin.py:188} INFO - [2026-08-24T14:02:35.948+0000] {dag.py:3096} INFO - Sync 1 DAGs
[2026-08-24T14:02:35.965+0000] {logging_mixin.py:188} INFO - [2026-08-24T14:02:35.964+0000] {dag.py:3954} INFO - Setting next_dagrun for tutorial_dag to None, run_after=None
[2026-08-24T14:02:35.988+0000] {processor.py:183} INFO - Processing /home/airflow/.local/lib/python3.12/site-packages/airflow/example_dags/tutorial_dag.py took 0.084 seconds
[2026-08-24T14:03:06.270+0000] {processor.py:161} INFO - Started process (PID=388) to work on /home/airflow/.local/lib/python3.12/site-packages/airflow/example_dags/tutorial_dag.py
[2026-08-24T14:03:06.271+0000] {processor.py:830} INFO - Processing file /home/airflow/.local/lib/python3.12/site-packages/airflow/example_dags/tutorial_dag.py for tasks to queue
[2026-08-24T14:03:06.274+0000] {logging_mixin.py:188} INFO - [2026-08-24T14:03:06.273+0000] {dagbag.py:545} INFO - Filling up the DagBag from /home/airflow/.local/lib/python3.12/site-packages/airflow/example_dags/tutorial_dag.py
[2026-08-24T14:03:06.280+0000] {processor.py:840} INFO - DAG(s) 'tutorial_dag' retrieved from /home/airflow/.local/lib/python3.12/site-packages/airflow/example_dags/tutorial_dag.py
[2026-08-24T14:03:06.305+0000] {logging_mixin.py:188} INFO - [2026-08-24T14:03:06.305+0000] {dag.py:3096} INFO - Sync 1 DAGs
[2026-08-24T14:03:06.322+0000] {logging_mixin.py:188} INFO - [2026-08-24T14:03:06.322+0000] {dag.py:3954} INFO - Setting next_dagrun for tutorial_dag to None, run_after=None
[2026-08-24T14:03:06.347+0000] {processor.py:183} INFO - Processing /home/airflow/.local/lib/python3.12/site-packages/airflow/example_dags/tutorial_dag.py took 0.085 seconds
[2026-08-24T14:07:37.510+0000] {processor.py:161} INFO - Started process (PID=98) to work on /home/airflow/.local/lib/python3.12/site-packages/airflow/example_dags/tutorial_dag.py
[2026-08-24T14:07:37.511+0000] {processor.py:830} INFO - Processing file /home/airflow/.local/lib/python3.12/site-packages/airflow/example_dags/tutorial_dag.py for tasks to queue
[2026-08-24T14:07:37.515+0000] {logging_mixin.py:188} INFO - [2026-08-24T14:07:37.514+0000] {dagbag.py:545} INFO - Filling up the DagBag from /home/airflow/.local/lib/python3.12/site-packages/airflow/example_dags/tutorial_dag.py
[2026-08-24T14:07:37.532+0000] {processor.py:840} INFO - DAG(s) 'tutorial_dag' retrieved from /home/airflow/.local/lib/python3.12/site-packages/airflow/example_dags/tutorial_dag.py
[2026-08-24T14:07:37.774+0000] {logging_mixin.py:188} INFO - [2026-08-24T14:07:37.773+0000] {dag.py:3096} INFO - Sync 1 DAGs
[2026-08-24T14:07:37.799+0000] {logging_mixin.py:188} INFO - [2026-08-24T14:07:37.799+0000] {dag.py:3954} INFO - Setting next_dagrun for tutorial_dag to None, run_after=None
[2026-08-24T14:07:37.901+0000] {processor.py:183} INFO - Processing /home/airflow/.local/lib/python3.12/site-packages/airflow/example_dags/tutorial_dag.py took 0.401 seconds
[2026-08-24T14:08:08.668+0000] {processor.py:161} INFO - Started process (PID=157) to work on /home/airflow/.local/lib/python3.12/site-packages/airflow/example_dags/tutorial_dag.py
[2026-08-24T14:08:08.676+0000] {processor.py:830} INFO - Processing file /home/airflow/.local/lib/python3.12/site-packages/airflow/example_dags/tutorial_dag.py for tasks to queue
[2026-08-24T14:08:08.680+0000] {logging_mixin.py:188} INFO - [2026-08-24T14:08:08.679+0000] {dagbag.py:545} INFO - Filling up the DagBag from /home/airflow/.local/lib/python3.12/site-packages/airflow/example_dags/tutorial_dag.py
[2026-08-24T14:08:08.689+0000] {processor.py:840} INFO - DAG(s) 'tutorial_dag' retrieved from /home/airflow/.local/lib/python3.12/site-packages/airflow/example_dags/tutorial_dag.py
[2026-08-24T14:08:08.723+0000] {logging_mixin.py:188} INFO - [2026-08-24T14:08:08.723+0000] {dag.py:3096} INFO - Sync 1 DAGs
[2026-08-24T14:08:08.741+0000] {logging_mixin.py:188} INFO - [2026-08-24T14:08:08.740+0000] {dag.py:3954} INFO - Setting next_dagrun for tutorial_dag to None, run_after=None
[2026-08-24T14:08:08.765+0000] {processor.py:183} INFO - Processing /home/airflow/.local/lib/python3.12/site-packages/airflow/example_dags/tutorial_dag.py took 0.109 seconds
[2026-08-24T14:08:39.360+0000] {processor.py:161} INFO - Started process (PID=216) to work on /home/airflow/.local/lib/python3.12/site-packages/airflow/example_dags/tutorial_dag.py
[2026-08-24T14:08:39.362+0000] {processor.py:830} INFO - Processing file /home/airflow/.local/lib/python3.12/site-packages/airflow/example_dags/tutorial_dag.py for tasks to queue
[2026-08-24T14:08:39.365+0000] {logging_mixin.py:188} INFO - [2026-08-24T14:08:39.364+0000] {dagbag.py:545} INFO - Filling up the DagBag from /home/airflow/.local/lib/python3.12/site-packages/airflow/example_dags/tutorial_dag.py
[2026-08-24T14:08:39.375+0000] {processor.py:840} INFO - DAG(s) 'tutorial_dag' retrieved from /home/airflow/.local/lib/python3.12/site-packages/airflow/example_dags/tutorial_dag.py
[2026-08-24T14:08:39.402+0000] {logging_mixin.py:188} INFO - [2026-08-24T14:08:39.402+0000] {dag.py:3096} INFO - Sync 1 DAGs
[2026-08-24T14:08:39.424+0000] {logging_mixin.py:188} INFO - [2026-08-24T14:08:39.424+0000] {dag.py:3954} INFO - Setting next_dagrun for tutorial_dag to None, run_after=None
[2026-08-24T14:08:39.454+0000] {processor.py:183} INFO - Processing /home/airflow/.local/lib/python3.12/site-packages/airflow/example_dags/tutorial_dag.py took 0.102 seconds
[2026-08-24T14:09:09.830+0000] {processor.py:161} INFO - Started process (PID=275) to work on /home/airflow/.local/lib/python3.12/site-packages/airflow/example_dags/tutorial_dag.py
[2026-08-24T14:09:09.832+0000] {processor.py:830} INFO - Processing file /home/airflow/.local/lib/python3.12/site-packages/airflow/example_dags/tutorial_dag.py for tasks to queue
[2026-08-24T14:09:09.835+0000] {logging_mixin.py:188} INFO - [2026-08-24T14:09:09.834+0000] {dagbag.py:545} INFO - Filling up the DagBag from /home/airflow/.local/lib/python3.12/site-packages/airflow/example_dags/tutorial_dag.py
[2026-08-24T14:09:09.844+0000] {processor.py:840} INFO - DAG(s) 'tutorial_dag' retrieved from /home/airflow/.local/lib/python3.12/site-packages/airflow/example_dags/tutorial_dag.py
[2026-08-24T14:09:09.879+0000] {logging_mixin.py:188} INFO - [2026-08-24T14:09:09.879+0000] {dag.py:3096} INFO - Sync 1 DAGs
[2026-08-24T14:09:09.899+0000] {logging_mixin.py:188} INFO - [2026-08-24T14:09:09.898+0000] {dag.py:3954} INFO - Setting next_dagrun for tutorial_dag to None, run_after=None
[2026-08-24T14:09:09.933+0000] {processor.py:183} INFO - Processing /home/airflow/.local/lib/python3.12/site-packages/airflow/example_dags/tutorial_dag.py took 0.112 seconds
[2026-08-24T14:09:40.355+0000] {processor.py:161} INFO - Started process (PID=334) to work on /home/airflow/.local/lib/python3.12/site-packages/airflow/example_dags/tutorial_dag.py
[2026-08-24T14:09:40.356+0000] {processor.py:830} INFO - Processing file /home/airflow/.local/lib/python3.12/site-packages/airflow/example_dags/tutorial_dag.py for tasks to queue
[2026-08-24T14:09:40.359+0000] {logging_mixin.py:188} INFO - [2026-08-24T14:09:40.359+0000] {dagbag.py:545} INFO - Filling up the DagBag from /home/airflow/.local/lib/python3.12/site-packages/airflow/example_dags/tutorial_dag.py
[2026-08-24T14:09:40.366+0000] {processor.py:840} INFO - DAG(s) 'tutorial_dag' retrieved from /home/airflow/.local/lib/python3.12/site-packages/airflow/example_dags/tutorial_dag.py
[2026-08-24T14:09:40.396+0000] {logging_mixin.py:188} INFO - [2026-08-24T14:09:40.396+0000] {dag.py:3096} INFO - Sync 1 DAGs
[2026-08-24T14:09:40.415+0000] {logging_mixin.py:188} INFO - [2026-08-24T14:09:40.415+0000] {dag.py:3954} INFO - Setting next_dagrun for tutorial_dag to None, run_after=None
[2026-08-24T14:09:40.447+0000] {processor.py:183} INFO - Processing /home/airflow/.local/lib/python3.12/site-packages/airflow/example_dags/tutorial_dag.py took 0.100 seconds
[2026-08-24T14:10:10.952+0000] {processor.py:161} INFO - Started process (PID=393) to work on /home/airflow/.local/lib/python3.12/site-packages/airflow/example_dags/tutorial_dag.py
[2026-08-24T14:10:10.954+0000] {processor.py:830} INFO - Processing file /home/airflow/.local/lib/python3.12/site-packages/airflow/example_dags/tutorial_dag.py for tasks to queue
[2026-08-24T14:10:10.957+0000] {logging_mixin.py:188} INFO - [2026-08-24T14:10:10.956+0000] {dagbag.py:545} INFO - Filling up the DagBag from /home/airflow/.local/lib/python3.12/site-packages/airflow/example_dags/tutorial_dag.py
[2026-08-24T14:10:10.964+0000] {processor.py:840} INFO - DAG(s) 'tutorial_dag' retrieved from /home/airflow/.local/lib/python3.12/site-packages/airflow/example_dags/tutorial_dag.py
[2026-08-24T14:10:10.994+0000] {logging_mixin.py:188} INFO - [2026-08-24T14:10:10.994+0000] {dag.py:3096} INFO - Sync 1 DAGs
[2026-08-24T14:10:11.016+0000] {logging_mixin.py:188} INFO - [2026-08-24T14:10:11.016+0000] {dag.py:3954} INFO - Setting next_dagrun for tutorial_dag to None, run_after=None
[2026-08-24T14:10:11.046+0000] {processor.py:183} INFO - Processing /home/airflow/.local/lib/python3.12/site-packages/airflow/example_dags/tutorial_dag.py took 0.105 seconds
[2026-08-24T14:10:41.488+0000] {processor.py:161} INFO - Started process (PID=452) to work on /home/airflow/.local/lib/python3.12/site-packages/airflow/example_dags/tutorial_dag.py
[2026-08-24T14:10:41.489+0000] {processor.py:830} INFO - Processing file /home/airflow/.local/lib/python3.12/site-packages/airflow/example_dags/tutorial_dag.py for tasks to queue
[2026-08-24T14:10:41.492+0000] {logging_mixin.py:188} INFO - [2026-08-24T14:10:41.492+0000] {dagbag.py:545} INFO - Filling up the DagBag from /home/airflow/.local/lib/python3.12/site-packages/airflow/example_dags/tutorial_dag.py
[2026-08-24T14:10:41.500+0000] {processor.py:840} INFO - DAG(s) 'tutorial_dag' retrieved from /home/airflow/.local/lib/python3.12/site-packages/airflow/example_dags/tutorial_dag.py
[2026-08-24T14:10:41.531+0000] {logging_mixin.py:188} INFO - [2026-08-24T14:10:41.531+0000] {dag.py:3096} INFO - Sync 1 DAGs
[2026-08-24T14:10:41.550+0000] {logging_mixin.py:188} INFO - [2026-08-24T14:10:41.550+0000] {dag.py:3954} INFO - Setting next_dagrun for tutorial_dag to None, run_after=None
[2026-08-24T14:10:41.578+0000] {processor.py:183} INFO - Processing /home/airflow/.local/lib/python3.12/site-packages/airflow/example_dags/tutorial_dag.py took 0.098 seconds
[2026-08-24T14:13:24.959+0000] {processor.py:161} INFO - Started process (PID=102) to work on /home/airflow/.local/lib/python3.12/site-packages/airflow/example_dags/tutorial_dag.py
[2026-08-24T14:13:24.961+0000] {processor.py:830} INFO - Processing file /home/airflow/.local/lib/python3.12/site-packages/airflow/example_dags/tutorial_dag.py for tasks to queue
[2026-08-24T14:13:24.964+0000] {logging_mixin.py:188} INFO - [2026-08-24T14:13:24.963+0000] {dagbag.py:545} INFO - Filling up the DagBag from /home/airflow/.local/lib/python3.12/site-packages/airflow/example_dags/tutorial_dag.py
[2026-08-24T14:13:24.977+0000] {processor.py:840} INFO - DAG(s) 'tutorial_dag' retrieved from /home/airflow/.local/lib/python3.12/site-packages/airflow/example_dags/tutorial_dag.py
[2026-08-24T14:13:25.163+0000] {logging_mixin.py:188} INFO - [2026-08-24T14:13:25.163+0000] {dag.py:3096} INFO - Sync 1 DAGs
[2026-08-24T14:13:25.178+0000] {logging_mixin.py:188} INFO - [2026-08-24T14:13:25.178+0000] {dag.py:3954} INFO - Setting next_dagrun for tutorial_dag to None, run_after=None
[2026-08-24T14:13:25.212+0000] {processor.py:183} INFO - Processing /home/airflow/.local/lib/python3.12/site-packages/airflow/example_dags/tutorial_dag.py took 0.262 seconds
[2026-08-24T14:13:56.033+0000] {processor.py:161} INFO - Started process (PID=161) to work on /home/airflow/.local/lib/python3.12/site-packages/airflow/example_dags/tutorial_dag.py
[2026-08-24T14:13:56.034+0000] {processor.py:830} INFO - Processing file /home/airflow/.local/lib/python3.12/site-packages/airflow/example_dags/tutorial_dag.py for tasks to queue
[2026-08-24T14:13:56.037+0000] {logging_mixin.py:188} INFO - [2026-08-24T14:13:56.036+0000] {dagbag.py:545} INFO - Filling up the DagBag from /home/airflow/.local/lib/python3.12/site-packages/airflow/example_dags/tutorial_dag.py
[2026-08-24T14:13:56.043+0000] {processor.py:840} INFO - DAG(s) 'tutorial_dag' retrieved from /home/airflow/.local/lib/python3.12/site-packages/airflow/example_dags/tutorial_dag.py
[2026-08-24T14:13:56.070+0000] {logging_mixin.py:188} INFO - [2026-08-24T14:13:56.069+0000] {dag.py:3096} INFO - Sync 1 DAGs
[2026-08-24T14:13:56.086+0000] {logging_mixin.py:188} INFO - [2026-08-24T14:13:56.086+0000] {dag.py:3954} INFO - Setting next_dagrun for tutorial_dag to None, run_after=None
[2026-08-24T14:13:56.113+0000] {processor.py:183} INFO - Processing /home/airflow/.local/lib/python3.12/site-packages/airflow/example_dags/tutorial_dag.py took 0.087 seconds
[2026-08-24T14:14:26.669+0000] {processor.py:161} INFO - Started process (PID=220) to work on /home/airflow/.local/lib/python3.12/site-packages/airflow/example_dags/tutorial_dag.py
[2026-08-24T14:14:26.670+0000] {processor.py:830} INFO - Processing file /home/airflow/.local/lib/python3.12/site-packages/airflow/example_dags/tutorial_dag.py for tasks to queue
[2026-08-24T14:14:26.673+0000] {logging_mixin.py:188} INFO - [2026-08-24T14:14:26.673+0000] {dagbag.py:545} INFO - Filling up the DagBag from /home/airflow/.local/lib/python3.12/site-packages/airflow/example_dags/tutorial_dag.py
[2026-08-24T14:14:26.680+0000] {processor.py:840} INFO - DAG(s) 'tutorial_dag' retrieved from /home/airflow/.local/lib/python3.12/site-packages/airflow/example_dags/tutorial_dag.py
[2026-08-24T14:14:26.707+0000] {logging_mixin.py:188} INFO - [2026-08-24T14:14:26.706+0000] {dag.py:3096} INFO - Sync 1 DAGs
[2026-08-24T14:14:26.724+0000] {logging_mixin.py:188} INFO - [2026-08-24T14:14:26.723+0000] {dag.py:3954} INFO - Setting next_dagrun for tutorial_dag to None, run_after=None
[2026-08-24T14:14:26.748+0000] {processor.py:183} INFO - Processing /home/airflow/.local/lib/python3.12/site-packages/airflow/example_dags/tutorial_dag.py took 0.087 seconds
[2026-08-24T14:14:57.286+0000] {processor.py:161} INFO - Started process (PID=279) to work on /home/airflow/.local/lib/python3.12/site-packages/airflow/example_dags/tutorial_dag.py
[2026-08-24T14:14:57.287+0000] {processor.py:830} INFO - Processing file /home/airflow/.local/lib/python3.12/site-packages/airflow/example_dags/tutorial_dag.py for tasks to queue
[2026-08-24T14:14:57.289+0000] {logging_mixin.py:188} INFO - [2026-08-24T14:14:57.289+0000] {dagbag.py:545} INFO - Filling up the DagBag from /home/airflow/.local/lib/python3.12/site-packages/airflow/example_dags/tutorial_dag.py
[2026-08-24T14:14:57.296+0000] {processor.py:840} INFO - DAG(s) 'tutorial_dag' retrieved from /home/airflow/.local/lib/python3.12/site-packages/airflow/example_dags/tutorial_dag.py
[2026-08-24T14:14:57.322+0000] {logging_mixin.py:188} INFO - [2026-08-24T14:14:57.321+0000] {dag.py:3096} INFO - Sync 1 DAGs
[2026-08-24T14:14:57.339+0000] {logging_mixin.py:188} INFO - [2026-08-24T14:14:57.339+0000] {dag.py:3954} INFO - Setting next_dagrun for tutorial_dag to None, run_after=None
[2026-08-24T14:14:57.363+0000] {processor.py:183} INFO - Processing /home/airflow/.local/lib/python3.12/site-packages/airflow/example_dags/tutorial_dag.py took 0.084 seconds
[2026-08-24T14:15:27.827+0000] {processor.py:161} INFO - Started process (PID=338) to work on /home/airflow/.local/lib/python3.12/site-packages/airflow/example_dags/tutorial_dag.py
[2026-08-24T14:15:27.829+0000] {processor.py:830} INFO - Processing file /home/airflow/.local/lib/python3.12/site-packages/airflow/example_dags/tutorial_dag.py for tasks to queue
[2026-08-24T14:15:27.831+0000] {logging_mixin.py:188} INFO - [2026-08-24T14:15:27.830+0000] {dagbag.py:545} INFO - Filling up the DagBag from /home/airflow/.local/lib/python3.12/site-packages/airflow/example_dags/tutorial_dag.py
[2026-08-24T14:15:27.840+0000] {processor.py:840} INFO - DAG(s) 'tutorial_dag' retrieved from /home/airflow/.local/lib/python3.12/site-packages/airflow/example_dags/tutorial_dag.py
[2026-08-24T14:15:27.865+0000] {logging_mixin.py:188} INFO - [2026-08-24T14:15:27.865+0000] {dag.py:3096} INFO - Sync 1 DAGs
[2026-08-24T14:15:27.882+0000] {logging_mixin.py:188} INFO - [2026-08-24T14:15:27.882+0000] {dag.py:3954} INFO - Setting next_dagrun for tutorial_dag to None, run_after=None
[2026-08-24T14:15:27.906+0000] {processor.py:183} INFO - Processing /home/airflow/.local/lib/python3.12/site-packages/airflow/example_dags/tutorial_dag.py took 0.087 seconds
[2026-08-24T14:15:58.274+0000] {processor.py:161} INFO - Started process (PID=397) to work on /home/airflow/.local/lib/python3.12/site-packages/airflow/example_dags/tutorial_dag.py
[2026-08-24T14:15:58.275+0000] {processor.py:830} INFO - Processing file /home/airflow/.local/lib/python3.12/site-packages/airflow/example_dags/tutorial_dag.py for tasks to queue
[2026-08-24T14:15:58.281+0000] {logging_mixin.py:188} INFO - [2026-08-24T14:15:58.280+0000] {dagbag.py:545} INFO - Filling up the DagBag from /home/airflow/.local/lib/python3.12/site-packages/airflow/example_dags/tutorial_dag.py
[2026-08-24T14:15:58.291+0000] {processor.py:840} INFO - DAG(s) 'tutorial_dag' retrieved from /home/airflow/.local/lib/python3.12/site-packages/airflow/example_dags/tutorial_dag.py
[2026-08-24T14:15:58.342+0000] {logging_mixin.py:188} INFO - [2026-08-24T14:15:58.341+0000] {dag.py:3096} INFO - Sync 1 DAGs
[2026-08-24T14:15:58.376+0000] {logging_mixin.py:188} INFO - [2026-08-24T14:15:58.375+0000] {dag.py:3954} INFO - Setting next_dagrun for tutorial_dag to None, run_after=None
[2026-08-24T14:15:58.425+0000] {processor.py:183} INFO - Processing /home/airflow/.local/lib/python3.12/site-packages/airflow/example_dags/tutorial_dag.py took 0.163 seconds
[2026-08-24T14:16:28.539+0000] {processor.py:161} INFO - Started process (PID=455) to work on /home/airflow/.local/lib/python3.12/site-packages/airflow/example_dags/tutorial_dag.py
[2026-08-24T14:16:28.541+0000] {processor.py:830} INFO - Processing file /home/airflow/.local/lib/python3.12/site-packages/airflow/example_dags/tutorial_dag.py for tasks to queue
[2026-08-24T14:16:28.544+0000] {logging_mixin.py:188} INFO - [2026-08-24T14:16:28.543+0000] {dagbag.py:545} INFO - Filling up the DagBag from /home/airflow/.local/lib/python3.12/site-packages/airflow/example_dags/tutorial_dag.py
[2026-08-24T14:16:28.551+0000] {processor.py:840} INFO - DAG(s) 'tutorial_dag' retrieved from /home/airflow/.local/lib/python3.12/site-packages/airflow/example_dags/tutorial_dag.py
[2026-08-24T14:16:28.578+0000] {logging_mixin.py:188} INFO - [2026-08-24T14:16:28.578+0000] {dag.py:3096} INFO - Sync 1 DAGs
[2026-08-24T14:16:28.597+0000] {logging_mixin.py:188} INFO - [2026-08-24T14:16:28.597+0000] {dag.py:3954} INFO - Setting next_dagrun for tutorial_dag to None, run_after=None
[2026-08-24T14:16:28.621+0000] {processor.py:183} INFO - Processing /home/airflow/.local/lib/python3.12/site-packages/airflow/example_dags/tutorial_dag.py took 0.090 seconds
[2026-08-24T14:16:58.750+0000] {processor.py:161} INFO - Started process (PID=514) to work on /home/airflow/.local/lib/python3.12/site-packages/airflow/example_dags/tutorial_dag.py
[2026-08-24T14:16:58.752+0000] {processor.py:830} INFO - Processing file /home/airflow/.local/lib/python3.12/site-packages/airflow/example_dags/tutorial_dag.py for tasks to queue
[2026-08-24T14:16:58.755+0000] {logging_mixin.py:188} INFO - [2026-08-24T14:16:58.754+0000] {dagbag.py:545} INFO - Filling up the DagBag from /home/airflow/.local/lib/python3.12/site-packages/airflow/example_dags/tutorial_dag.py
[2026-08-24T14:16:58.764+0000] {processor.py:840} INFO - DAG(s) 'tutorial_dag' retrieved from /home/airflow/.local/lib/python3.12/site-packages/airflow/example_dags/tutorial_dag.py
[2026-08-24T14:16:58.806+0000] {logging_mixin.py:188} INFO - [2026-08-24T14:16:58.805+0000] {dag.py:3096} INFO - Sync 1 DAGs
[2026-08-24T14:16:58.826+0000] {logging_mixin.py:188} INFO - [2026-08-24T14:16:58.826+0000] {dag.py:3954} INFO - Setting next_dagrun for tutorial_dag to None, run_after=None
[2026-08-24T14:16:58.856+0000] {processor.py:183} INFO - Processing /home/airflow/.local/lib/python3.12/site-packages/airflow/example_dags/tutorial_dag.py took 0.117 seconds
[2026-08-24T14:17:29.297+0000] {processor.py:161} INFO - Started process (PID=573) to work on /home/airflow/.local/lib/python3.12/site-packages/airflow/example_dags/tutorial_dag.py
[2026-08-24T14:17:29.298+0000] {processor.py:830} INFO - Processing file /home/airflow/.local/lib/python3.12/site-packages/airflow/example_dags/tutorial_dag.py for tasks to queue
[2026-08-24T14:17:29.301+0000] {logging_mixin.py:188} INFO - [2026-08-24T14:17:29.301+0000] {dagbag.py:545} INFO - Filling up the DagBag from /home/airflow/.local/lib/python3.12/site-packages/airflow/example_dags/tutorial_dag.py
[2026-08-24T14:17:29.308+0000] {processor.py:840} INFO - DAG(s) 'tutorial_dag' retrieved from /home/airflow/.local/lib/python3.12/site-packages/airflow/example_dags/tutorial_dag.py
[2026-08-24T14:17:29.346+0000] {logging_mixin.py:188} INFO - [2026-08-24T14:17:29.346+0000] {dag.py:3096} INFO - Sync 1 DAGs
[2026-08-24T14:17:29.371+0000] {logging_mixin.py:188} INFO - [2026-08-24T14:17:29.371+0000] {dag.py:3954} INFO - Setting next_dagrun for tutorial_dag to None, run_after=None
[2026-08-24T14:17:29.403+0000] {processor.py:183} INFO - Processing /home/airflow/.local/lib/python3.12/site-packages/airflow/example_dags/tutorial_dag.py took 0.113 seconds
[2026-08-24T14:17:59.472+0000] {processor.py:161} INFO - Started process (PID=632) to work on /home/airflow/.local/lib/python3.12/site-packages/airflow/example_dags/tutorial_dag.py
[2026-08-24T14:17:59.473+0000] {processor.py:830} INFO - Processing file /home/airflow/.local/lib/python3.12/site-packages/airflow/example_dags/tutorial_dag.py for tasks to queue
[2026-08-24T14:17:59.475+0000] {logging_mixin.py:188} INFO - [2026-08-24T14:17:59.475+0000] {dagbag.py:545} INFO - Filling up the DagBag from /home/airflow/.local/lib/python3.12/site-packages/airflow/example_dags/tutorial_dag.py
[2026-08-24T14:17:59.482+0000] {processor.py:840} INFO - DAG(s) 'tutorial_dag' retrieved from /home/airflow/.local/lib/python3.12/site-packages/airflow/example_dags/tutorial_dag.py
[2026-08-24T14:17:59.510+0000] {logging_mixin.py:188} INFO - [2026-08-24T14:17:59.509+0000] {dag.py:3096} INFO - Sync 1 DAGs
[2026-08-24T14:17:59.529+0000] {logging_mixin.py:188} INFO - [2026-08-24T14:17:59.529+0000] {dag.py:3954} INFO - Setting next_dagrun for tutorial_dag to None, run_after=None
[2026-08-24T14:17:59.561+0000] {processor.py:183} INFO - Processing /home/airflow/.local/lib/python3.12/site-packages/airflow/example_dags/tutorial_dag.py took 0.096 seconds
[2026-08-24T14:18:30.417+0000] {processor.py:161} INFO - Started process (PID=691) to work on /home/airflow/.local/lib/python3.12/site-packages/airflow/example_dags/tutorial_dag.py
[2026-08-24T14:18:30.418+0000] {processor.py:830} INFO - Processing file /home/airflow/.local/lib/python3.12/site-packages/airflow/example_dags/tutorial_dag.py for tasks to queue
[2026-08-24T14:18:30.427+0000] {logging_mixin.py:188} INFO - [2026-08-24T14:18:30.426+0000] {dagbag.py:545} INFO - Filling up the DagBag from /home/airflow/.local/lib/python3.12/site-packages/airflow/example_dags/tutorial_dag.py
[2026-08-24T14:18:30.437+0000] {processor.py:840} INFO - DAG(s) 'tutorial_dag' retrieved from /home/airflow/.local/lib/python3.12/site-packages/airflow/example_dags/tutorial_dag.py
[2026-08-24T14:18:30.469+0000] {logging_mixin.py:188} INFO - [2026-08-24T14:18:30.468+0000] {dag.py:3096} INFO - Sync 1 DAGs
[2026-08-24T14:18:30.489+0000] {logging_mixin.py:188} INFO - [2026-08-24T14:18:30.488+0000] {dag.py:3954} INFO - Setting next_dagrun for tutorial_dag to None, run_after=None
[2026-08-24T14:18:30.524+0000] {processor.py:183} INFO - Processing /home/airflow/.local/lib/python3.12/site-packages/airflow/example_dags/tutorial_dag.py took 0.116 seconds
[2026-08-24T14:19:01.018+0000] {processor.py:161} INFO - Started process (PID=751) to work on /home/airflow/.local/lib/python3.12/site-packages/airflow/example_dags/tutorial_dag.py
[2026-08-24T14:19:01.019+0000] {processor.py:830} INFO - Processing file /home/airflow/.local/lib/python3.12/site-packages/airflow/example_dags/tutorial_dag.py for tasks to queue
[2026-08-24T14:19:01.021+0000] {logging_mixin.py:188} INFO - [2026-08-24T14:19:01.021+0000] {dagbag.py:545} INFO - Filling up the DagBag from /home/airflow/.local/lib/python3.12/site-packages/airflow/example_dags/tutorial_dag.py
[2026-08-24T14:19:01.029+0000] {processor.py:840} INFO - DAG(s) 'tutorial_dag' retrieved from /home/airflow/.local/lib/python3.12/site-packages/airflow/example_dags/tutorial_dag.py
[2026-08-24T14:19:01.056+0000] {logging_mixin.py:188} INFO - [2026-08-24T14:19:01.056+0000] {dag.py:3096} INFO - Sync 1 DAGs
[2026-08-24T14:19:01.073+0000] {logging_mixin.py:188} INFO - [2026-08-24T14:19:01.073+0000] {dag.py:3954} INFO - Setting next_dagrun for tutorial_dag to None, run_after=None
[2026-08-24T14:19:01.097+0000] {processor.py:183} INFO - Processing /home/airflow/.local/lib/python3.12/site-packages/airflow/example_dags/tutorial_dag.py took 0.087 seconds
[2026-08-24T14:19:31.331+0000] {processor.py:161} INFO - Started process (PID=811) to work on /home/airflow/.local/lib/python3.12/site-packages/airflow/example_dags/tutorial_dag.py
[2026-08-24T14:19:31.332+0000] {processor.py:830} INFO - Processing file /home/airflow/.local/lib/python3.12/site-packages/airflow/example_dags/tutorial_dag.py for tasks to queue
[2026-08-24T14:19:31.336+0000] {logging_mixin.py:188} INFO - [2026-08-24T14:19:31.335+0000] {dagbag.py:545} INFO - Filling up the DagBag from /home/airflow/.local/lib/python3.12/site-packages/airflow/example_dags/tutorial_dag.py
[2026-08-24T14:19:31.347+0000] {processor.py:840} INFO - DAG(s) 'tutorial_dag' retrieved from /home/airflow/.local/lib/python3.12/site-packages/airflow/example_dags/tutorial_dag.py
[2026-08-24T14:19:31.384+0000] {logging_mixin.py:188} INFO - [2026-08-24T14:19:31.383+0000] {dag.py:3096} INFO - Sync 1 DAGs
[2026-08-24T14:19:31.411+0000] {logging_mixin.py:188} INFO - [2026-08-24T14:19:31.410+0000] {dag.py:3954} INFO - Setting next_dagrun for tutorial_dag to None, run_after=None
[2026-08-24T14:19:31.443+0000] {processor.py:183} INFO - Processing /home/airflow/.local/lib/python3.12/site-packages/airflow/example_dags/tutorial_dag.py took 0.123 seconds
[2026-08-24T14:20:02.051+0000] {processor.py:161} INFO - Started process (PID=871) to work on /home/airflow/.local/lib/python3.12/site-packages/airflow/example_dags/tutorial_dag.py
[2026-08-24T14:20:02.052+0000] {processor.py:830} INFO - Processing file /home/airflow/.local/lib/python3.12/site-packages/airflow/example_dags/tutorial_dag.py for tasks to queue
[2026-08-24T14:20:02.057+0000] {logging_mixin.py:188} INFO - [2026-08-24T14:20:02.057+0000] {dagbag.py:545} INFO - Filling up the DagBag from /home/airflow/.local/lib/python3.12/site-packages/airflow/example_dags/tutorial_dag.py
[2026-08-24T14:20:02.068+0000] {processor.py:840} INFO - DAG(s) 'tutorial_dag' retrieved from /home/airflow/.local/lib/python3.12/site-packages/airflow/example_dags/tutorial_dag.py
[2026-08-24T14:20:02.105+0000] {logging_mixin.py:188} INFO - [2026-08-24T14:20:02.105+0000] {dag.py:3096} INFO - Sync 1 DAGs
[2026-08-24T14:20:02.128+0000] {logging_mixin.py:188} INFO - [2026-08-24T14:20:02.127+0000] {dag.py:3954} INFO - Setting next_dagrun for tutorial_dag to None, run_after=None
[2026-08-24T14:20:02.157+0000] {processor.py:183} INFO - Processing /home/airflow/.local/lib/python3.12/site-packages/airflow/example_dags/tutorial_dag.py took 0.116 seconds
[2026-08-24T14:22:15.143+0000] {processor.py:161} INFO - Started process (PID=102) to work on /home/airflow/.local/lib/python3.12/site-packages/airflow/example_dags/tutorial_dag.py
[2026-08-24T14:22:15.145+0000] {processor.py:830} INFO - Processing file /home/airflow/.local/lib/python3.12/site-packages/airflow/example_dags/tutorial_dag.py for tasks to queue
[2026-08-24T14:22:15.147+0000] {logging_mixin.py:188} INFO - [2026-08-24T14:22:15.147+0000] {dagbag.py:545} INFO - Filling up the DagBag from /home/airflow/.local/lib/python3.12/site-packages/airflow/example_dags/tutorial_dag.py
[2026-08-24T14:22:15.160+0000] {processor.py:840} INFO - DAG(s) 'tutorial_dag' retrieved from /home/airflow/.local/lib/python3.12/site-packages/airflow/example_dags/tutorial_dag.py
[2026-08-24T14:22:15.309+0000] {logging_mixin.py:188} INFO - [2026-08-24T14:22:15.309+0000] {dag.py:3096} INFO - Sync 1 DAGs
[2026-08-24T14:22:15.323+0000] {logging_mixin.py:188} INFO - [2026-08-24T14:22:15.323+0000] {dag.py:3954} INFO - Setting next_dagrun for tutorial_dag to None, run_after=None
[2026-08-24T14:22:15.357+0000] {processor.py:183} INFO - Processing /home/airflow/.local/lib/python3.12/site-packages/airflow/example_dags/tutorial_dag.py took 0.221 seconds
[2026-08-24T14:23:00.104+0000] {processor.py:161} INFO - Started process (PID=81) to work on /home/airflow/.local/lib/python3.12/site-packages/airflow/example_dags/tutorial_dag.py
[2026-08-24T14:23:00.106+0000] {processor.py:830} INFO - Processing file /home/airflow/.local/lib/python3.12/site-packages/airflow/example_dags/tutorial_dag.py for tasks to queue
[2026-08-24T14:23:00.108+0000] {logging_mixin.py:188} INFO - [2026-08-24T14:23:00.108+0000] {dagbag.py:545} INFO - Filling up the DagBag from /home/airflow/.local/lib/python3.12/site-packages/airflow/example_dags/tutorial_dag.py
[2026-08-24T14:23:00.118+0000] {processor.py:840} INFO - DAG(s) 'tutorial_dag' retrieved from /home/airflow/.local/lib/python3.12/site-packages/airflow/example_dags/tutorial_dag.py
[2026-08-24T14:23:00.158+0000] {logging_mixin.py:188} INFO - [2026-08-24T14:23:00.157+0000] {dag.py:3096} INFO - Sync 1 DAGs
[2026-08-24T14:23:00.176+0000] {logging_mixin.py:188} INFO - [2026-08-24T14:23:00.175+0000] {dag.py:3954} INFO - Setting next_dagrun for tutorial_dag to None, run_after=None
[2026-08-24T14:23:00.210+0000] {processor.py:183} INFO - Processing /home/airflow/.local/lib/python3.12/site-packages/airflow/example_dags/tutorial_dag.py took 0.112 seconds
[2026-08-24T14:23:30.555+0000] {processor.py:161} INFO - Started process (PID=140) to work on /home/airflow/.local/lib/python3.12/site-packages/airflow/example_dags/tutorial_dag.py
[2026-08-24T14:23:30.557+0000] {processor.py:830} INFO - Processing file /home/airflow/.local/lib/python3.12/site-packages/airflow/example_dags/tutorial_dag.py for tasks to queue
[2026-08-24T14:23:30.560+0000] {logging_mixin.py:188} INFO - [2026-08-24T14:23:30.559+0000] {dagbag.py:545} INFO - Filling up the DagBag from /home/airflow/.local/lib/python3.12/site-packages/airflow/example_dags/tutorial_dag.py
[2026-08-24T14:23:30.567+0000] {processor.py:840} INFO - DAG(s) 'tutorial_dag' retrieved from /home/airflow/.local/lib/python3.12/site-packages/airflow/example_dags/tutorial_dag.py
[2026-08-24T14:23:30.600+0000] {logging_mixin.py:188} INFO - [2026-08-24T14:23:30.599+0000] {dag.py:3096} INFO - Sync 1 DAGs
[2026-08-24T14:23:30.623+0000] {logging_mixin.py:188} INFO - [2026-08-24T14:23:30.623+0000] {dag.py:3954} INFO - Setting next_dagrun for tutorial_dag to None, run_after=None
[2026-08-24T14:23:30.651+0000] {processor.py:183} INFO - Processing /home/airflow/.local/lib/python3.12/site-packages/airflow/example_dags/tutorial_dag.py took 0.102 seconds
[2026-08-24T14:24:03.360+0000] {processor.py:161} INFO - Started process (PID=207) to work on /home/airflow/.local/lib/python3.12/site-packages/airflow/example_dags/tutorial_dag.py
[2026-08-24T14:24:03.362+0000] {processor.py:830} INFO - Processing file /home/airflow/.local/lib/python3.12/site-packages/airflow/example_dags/tutorial_dag.py for tasks to queue
[2026-08-24T14:24:03.365+0000] {logging_mixin.py:188} INFO - [2026-08-24T14:24:03.365+0000] {dagbag.py:545} INFO - Filling up the DagBag from /home/airflow/.local/lib/python3.12/site-packages/airflow/example_dags/tutorial_dag.py
[2026-08-24T14:24:03.373+0000] {processor.py:840} INFO - DAG(s) 'tutorial_dag' retrieved from /home/airflow/.local/lib/python3.12/site-packages/airflow/example_dags/tutorial_dag.py
[2026-08-24T14:24:03.407+0000] {logging_mixin.py:188} INFO - [2026-08-24T14:24:03.407+0000] {dag.py:3096} INFO - Sync 1 DAGs
[2026-08-24T14:24:03.431+0000] {logging_mixin.py:188} INFO - [2026-08-24T14:24:03.431+0000] {dag.py:3954} INFO - Setting next_dagrun for tutorial_dag to None, run_after=None
[2026-08-24T14:24:03.502+0000] {processor.py:183} INFO - Processing /home/airflow/.local/lib/python3.12/site-packages/airflow/example_dags/tutorial_dag.py took 0.151 seconds
[2026-08-24T14:24:33.551+0000] {processor.py:161} INFO - Started process (PID=265) to work on /home/airflow/.local/lib/python3.12/site-packages/airflow/example_dags/tutorial_dag.py
[2026-08-24T14:24:33.553+0000] {processor.py:830} INFO - Processing file /home/airflow/.local/lib/python3.12/site-packages/airflow/example_dags/tutorial_dag.py for tasks to queue
[2026-08-24T14:24:33.556+0000] {logging_mixin.py:188} INFO - [2026-08-24T14:24:33.556+0000] {dagbag.py:545} INFO - Filling up the DagBag from /home/airflow/.local/lib/python3.12/site-packages/airflow/example_dags/tutorial_dag.py
[2026-08-24T14:24:33.564+0000] {processor.py:840} INFO - DAG(s) 'tutorial_dag' retrieved from /home/airflow/.local/lib/python3.12/site-packages/airflow/example_dags/tutorial_dag.py
[2026-08-24T14:24:33.591+0000] {logging_mixin.py:188} INFO - [2026-08-24T14:24:33.590+0000] {dag.py:3096} INFO - Sync 1 DAGs
[2026-08-24T14:24:33.609+0000] {logging_mixin.py:188} INFO - [2026-08-24T14:24:33.609+0000] {dag.py:3954} INFO - Setting next_dagrun for tutorial_dag to None, run_after=None
[2026-08-24T14:24:33.638+0000] {processor.py:183} INFO - Processing /home/airflow/.local/lib/python3.12/site-packages/airflow/example_dags/tutorial_dag.py took 0.094 seconds
[2026-08-24T14:25:03.748+0000] {processor.py:161} INFO - Started process (PID=325) to work on /home/airflow/.local/lib/python3.12/site-packages/airflow/example_dags/tutorial_dag.py
[2026-08-24T14:25:03.749+0000] {processor.py:830} INFO - Processing file /home/airflow/.local/lib/python3.12/site-packages/airflow/example_dags/tutorial_dag.py for tasks to queue
[2026-08-24T14:25:03.752+0000] {logging_mixin.py:188} INFO - [2026-08-24T14:25:03.751+0000] {dagbag.py:545} INFO - Filling up the DagBag from /home/airflow/.local/lib/python3.12/site-packages/airflow/example_dags/tutorial_dag.py
[2026-08-24T14:25:03.758+0000] {processor.py:840} INFO - DAG(s) 'tutorial_dag' retrieved from /home/airflow/.local/lib/python3.12/site-packages/airflow/example_dags/tutorial_dag.py
[2026-08-24T14:25:03.783+0000] {logging_mixin.py:188} INFO - [2026-08-24T14:25:03.783+0000] {dag.py:3096} INFO - Sync 1 DAGs
[2026-08-24T14:25:03.798+0000] {logging_mixin.py:188} INFO - [2026-08-24T14:25:03.798+0000] {dag.py:3954} INFO - Setting next_dagrun for tutorial_dag to None, run_after=None
[2026-08-24T14:25:03.821+0000] {processor.py:183} INFO - Processing /home/airflow/.local/lib/python3.12/site-packages/airflow/example_dags/tutorial_dag.py took 0.080 seconds
[2026-08-24T14:25:33.974+0000] {processor.py:161} INFO - Started process (PID=385) to work on /home/airflow/.local/lib/python3.12/site-packages/airflow/example_dags/tutorial_dag.py
[2026-08-24T14:25:33.984+0000] {processor.py:830} INFO - Processing file /home/airflow/.local/lib/python3.12/site-packages/airflow/example_dags/tutorial_dag.py for tasks to queue
[2026-08-24T14:25:33.987+0000] {logging_mixin.py:188} INFO - [2026-08-24T14:25:33.987+0000] {dagbag.py:545} INFO - Filling up the DagBag from /home/airflow/.local/lib/python3.12/site-packages/airflow/example_dags/tutorial_dag.py
[2026-08-24T14:25:33.994+0000] {processor.py:840} INFO - DAG(s) 'tutorial_dag' retrieved from /home/airflow/.local/lib/python3.12/site-packages/airflow/example_dags/tutorial_dag.py
[2026-08-24T14:25:34.018+0000] {logging_mixin.py:188} INFO - [2026-08-24T14:25:34.018+0000] {dag.py:3096} INFO - Sync 1 DAGs
[2026-08-24T14:25:34.034+0000] {logging_mixin.py:188} INFO - [2026-08-24T14:25:34.033+0000] {dag.py:3954} INFO - Setting next_dagrun for tutorial_dag to None, run_after=None
[2026-08-24T14:25:34.055+0000] {processor.py:183} INFO - Processing /home/airflow/.local/lib/python3.12/site-packages/airflow/example_dags/tutorial_dag.py took 0.088 seconds
[2026-08-24T14:26:04.545+0000] {processor.py:161} INFO - Started process (PID=445) to work on /home/airflow/.local/lib/python3.12/site-packages/airflow/example_dags/tutorial_dag.py
[2026-08-24T14:26:04.547+0000] {processor.py:830} INFO - Processing file /home/airflow/.local/lib/python3.12/site-packages/airflow/example_dags/tutorial_dag.py for tasks to queue
[2026-08-24T14:26:04.551+0000] {logging_mixin.py:188} INFO - [2026-08-24T14:26:04.550+0000] {dagbag.py:545} INFO - Filling up the DagBag from /home/airflow/.local/lib/python3.12/site-packages/airflow/example_dags/tutorial_dag.py
[2026-08-24T14:26:04.558+0000] {processor.py:840} INFO - DAG(s) 'tutorial_dag' retrieved from /home/airflow/.local/lib/python3.12/site-packages/airflow/example_dags/tutorial_dag.py
[2026-08-24T14:26:04.588+0000] {logging_mixin.py:188} INFO - [2026-08-24T14:26:04.587+0000] {dag.py:3096} INFO - Sync 1 DAGs
[2026-08-24T14:26:04.605+0000] {logging_mixin.py:188} INFO - [2026-08-24T14:26:04.605+0000] {dag.py:3954} INFO - Setting next_dagrun for tutorial_dag to None, run_after=None
[2026-08-24T14:26:04.631+0000] {processor.py:183} INFO - Processing /home/airflow/.local/lib/python3.12/site-packages/airflow/example_dags/tutorial_dag.py took 0.096 seconds
[2026-08-24T14:26:34.791+0000] {processor.py:161} INFO - Started process (PID=505) to work on /home/airflow/.local/lib/python3.12/site-packages/airflow/example_dags/tutorial_dag.py
[2026-08-24T14:26:34.793+0000] {processor.py:830} INFO - Processing file /home/airflow/.local/lib/python3.12/site-packages/airflow/example_dags/tutorial_dag.py for tasks to queue
[2026-08-24T14:26:34.796+0000] {logging_mixin.py:188} INFO - [2026-08-24T14:26:34.795+0000] {dagbag.py:545} INFO - Filling up the DagBag from /home/airflow/.local/lib/python3.12/site-packages/airflow/example_dags/tutorial_dag.py
[2026-08-24T14:26:34.802+0000] {processor.py:840} INFO - DAG(s) 'tutorial_dag' retrieved from /home/airflow/.local/lib/python3.12/site-packages/airflow/example_dags/tutorial_dag.py
[2026-08-24T14:26:34.826+0000] {logging_mixin.py:188} INFO - [2026-08-24T14:26:34.826+0000] {dag.py:3096} INFO - Sync 1 DAGs
[2026-08-24T14:26:34.842+0000] {logging_mixin.py:188} INFO - [2026-08-24T14:26:34.842+0000] {dag.py:3954} INFO - Setting next_dagrun for tutorial_dag to None, run_after=None
[2026-08-24T14:26:34.863+0000] {processor.py:183} INFO - Processing /home/airflow/.local/lib/python3.12/site-packages/airflow/example_dags/tutorial_dag.py took 0.079 seconds
[2026-08-24T14:27:05.413+0000] {processor.py:161} INFO - Started process (PID=565) to work on /home/airflow/.local/lib/python3.12/site-packages/airflow/example_dags/tutorial_dag.py
[2026-08-24T14:27:05.414+0000] {processor.py:830} INFO - Processing file /home/airflow/.local/lib/python3.12/site-packages/airflow/example_dags/tutorial_dag.py for tasks to queue
[2026-08-24T14:27:05.417+0000] {logging_mixin.py:188} INFO - [2026-08-24T14:27:05.417+0000] {dagbag.py:545} INFO - Filling up the DagBag from /home/airflow/.local/lib/python3.12/site-packages/airflow/example_dags/tutorial_dag.py
[2026-08-24T14:27:05.425+0000] {processor.py:840} INFO - DAG(s) 'tutorial_dag' retrieved from /home/airflow/.local/lib/python3.12/site-packages/airflow/example_dags/tutorial_dag.py
[2026-08-24T14:27:05.455+0000] {logging_mixin.py:188} INFO - [2026-08-24T14:27:05.455+0000] {dag.py:3096} INFO - Sync 1 DAGs
[2026-08-24T14:27:05.473+0000] {logging_mixin.py:188} INFO - [2026-08-24T14:27:05.472+0000] {dag.py:3954} INFO - Setting next_dagrun for tutorial_dag to None, run_after=None
[2026-08-24T14:27:05.501+0000] {processor.py:183} INFO - Processing /home/airflow/.local/lib/python3.12/site-packages/airflow/example_dags/tutorial_dag.py took 0.098 seconds
[2026-08-24T14:27:35.895+0000] {processor.py:161} INFO - Started process (PID=625) to work on /home/airflow/.local/lib/python3.12/site-packages/airflow/example_dags/tutorial_dag.py
[2026-08-24T14:27:35.896+0000] {processor.py:830} INFO - Processing file /home/airflow/.local/lib/python3.12/site-packages/airflow/example_dags/tutorial_dag.py for tasks to queue
[2026-08-24T14:27:35.899+0000] {logging_mixin.py:188} INFO - [2026-08-24T14:27:35.899+0000] {dagbag.py:545} INFO - Filling up the DagBag from /home/airflow/.local/lib/python3.12/site-packages/airflow/example_dags/tutorial_dag.py
[2026-08-24T14:27:35.906+0000] {processor.py:840} INFO - DAG(s) 'tutorial_dag' retrieved from /home/airflow/.local/lib/python3.12/site-packages/airflow/example_dags/tutorial_dag.py
[2026-08-24T14:27:35.935+0000] {logging_mixin.py:188} INFO - [2026-08-24T14:27:35.935+0000] {dag.py:3096} INFO - Sync 1 DAGs
[2026-08-24T14:27:35.955+0000] {logging_mixin.py:188} INFO - [2026-08-24T14:27:35.954+0000] {dag.py:3954} INFO - Setting next_dagrun for tutorial_dag to None, run_after=None
[2026-08-24T14:27:35.984+0000] {processor.py:183} INFO - Processing /home/airflow/.local/lib/python3.12/site-packages/airflow/example_dags/tutorial_dag.py took 0.097 seconds
[2026-08-24T14:28:06.125+0000] {processor.py:161} INFO - Started process (PID=685) to work on /home/airflow/.local/lib/python3.12/site-packages/airflow/example_dags/tutorial_dag.py
[2026-08-24T14:28:06.126+0000] {processor.py:830} INFO - Processing file /home/airflow/.local/lib/python3.12/site-packages/airflow/example_dags/tutorial_dag.py for tasks to queue
[2026-08-24T14:28:06.128+0000] {logging_mixin.py:188} INFO - [2026-08-24T14:28:06.128+0000] {dagbag.py:545} INFO - Filling up the DagBag from /home/airflow/.local/lib/python3.12/site-packages/airflow/example_dags/tutorial_dag.py
[2026-08-24T14:28:06.134+0000] {processor.py:840} INFO - DAG(s) 'tutorial_dag' retrieved from /home/airflow/.local/lib/python3.12/site-packages/airflow/example_dags/tutorial_dag.py
[2026-08-24T14:28:06.160+0000] {logging_mixin.py:188} INFO - [2026-08-24T14:28:06.159+0000] {dag.py:3096} INFO - Sync 1 DAGs
[2026-08-24T14:28:06.178+0000] {logging_mixin.py:188} INFO - [2026-08-24T14:28:06.178+0000] {dag.py:3954} INFO - Setting next_dagrun for tutorial_dag to None, run_after=None
[2026-08-24T14:28:06.208+0000] {processor.py:183} INFO - Processing /home/airflow/.local/lib/python3.12/site-packages/airflow/example_dags/tutorial_dag.py took 0.090 seconds
[2026-08-24T14:28:36.611+0000] {processor.py:161} INFO - Started process (PID=745) to work on /home/airflow/.local/lib/python3.12/site-packages/airflow/example_dags/tutorial_dag.py
[2026-08-24T14:28:36.612+0000] {processor.py:830} INFO - Processing file /home/airflow/.local/lib/python3.12/site-packages/airflow/example_dags/tutorial_dag.py for tasks to queue
[2026-08-24T14:28:36.616+0000] {logging_mixin.py:188} INFO - [2026-08-24T14:28:36.615+0000] {dagbag.py:545} INFO - Filling up the DagBag from /home/airflow/.local/lib/python3.12/site-packages/airflow/example_dags/tutorial_dag.py
[2026-08-24T14:28:36.625+0000] {processor.py:840} INFO - DAG(s) 'tutorial_dag' retrieved from /home/airflow/.local/lib/python3.12/site-packages/airflow/example_dags/tutorial_dag.py
[2026-08-24T14:28:36.655+0000] {logging_mixin.py:188} INFO - [2026-08-24T14:28:36.655+0000] {dag.py:3096} INFO - Sync 1 DAGs
[2026-08-24T14:28:36.673+0000] {logging_mixin.py:188} INFO - [2026-08-24T14:28:36.673+0000] {dag.py:3954} INFO - Setting next_dagrun for tutorial_dag to None, run_after=None
[2026-08-24T14:28:36.702+0000] {processor.py:183} INFO - Processing /home/airflow/.local/lib/python3.12/site-packages/airflow/example_dags/tutorial_dag.py took 0.099 seconds
[2026-08-24T14:29:07.225+0000] {processor.py:161} INFO - Started process (PID=805) to work on /home/airflow/.local/lib/python3.12/site-packages/airflow/example_dags/tutorial_dag.py
[2026-08-24T14:29:07.227+0000] {processor.py:830} INFO - Processing file /home/airflow/.local/lib/python3.12/site-packages/airflow/example_dags/tutorial_dag.py for tasks to queue
[2026-08-24T14:29:07.229+0000] {logging_mixin.py:188} INFO - [2026-08-24T14:29:07.229+0000] {dagbag.py:545} INFO - Filling up the DagBag from /home/airflow/.local/lib/python3.12/site-packages/airflow/example_dags/tutorial_dag.py
[2026-08-24T14:29:07.236+0000] {processor.py:840} INFO - DAG(s) 'tutorial_dag' retrieved from /home/airflow/.local/lib/python3.12/site-packages/airflow/example_dags/tutorial_dag.py
[2026-08-24T14:29:07.265+0000] {logging_mixin.py:188} INFO - [2026-08-24T14:29:07.264+0000] {dag.py:3096} INFO - Sync 1 DAGs
[2026-08-24T14:29:07.282+0000] {logging_mixin.py:188} INFO - [2026-08-24T14:29:07.281+0000] {dag.py:3954} INFO - Setting next_dagrun for tutorial_dag to None, run_after=None
[2026-08-24T14:29:07.305+0000] {processor.py:183} INFO - Processing /home/airflow/.local/lib/python3.12/site-packages/airflow/example_dags/tutorial_dag.py took 0.088 seconds
[2026-08-24T14:29:37.882+0000] {processor.py:161} INFO - Started process (PID=866) to work on /home/airflow/.local/lib/python3.12/site-packages/airflow/example_dags/tutorial_dag.py
[2026-08-24T14:29:37.884+0000] {processor.py:830} INFO - Processing file /home/airflow/.local/lib/python3.12/site-packages/airflow/example_dags/tutorial_dag.py for tasks to queue
[2026-08-24T14:29:37.886+0000] {logging_mixin.py:188} INFO - [2026-08-24T14:29:37.886+0000] {dagbag.py:545} INFO - Filling up the DagBag from /home/airflow/.local/lib/python3.12/site-packages/airflow/example_dags/tutorial_dag.py
[2026-08-24T14:29:37.893+0000] {processor.py:840} INFO - DAG(s) 'tutorial_dag' retrieved from /home/airflow/.local/lib/python3.12/site-packages/airflow/example_dags/tutorial_dag.py
[2026-08-24T14:29:37.917+0000] {logging_mixin.py:188} INFO - [2026-08-24T14:29:37.916+0000] {dag.py:3096} INFO - Sync 1 DAGs
[2026-08-24T14:29:37.933+0000] {logging_mixin.py:188} INFO - [2026-08-24T14:29:37.932+0000] {dag.py:3954} INFO - Setting next_dagrun for tutorial_dag to None, run_after=None
[2026-08-24T14:29:38.019+0000] {processor.py:183} INFO - Processing /home/airflow/.local/lib/python3.12/site-packages/airflow/example_dags/tutorial_dag.py took 0.144 seconds
[2026-08-24T14:30:08.061+0000] {processor.py:161} INFO - Started process (PID=926) to work on /home/airflow/.local/lib/python3.12/site-packages/airflow/example_dags/tutorial_dag.py
[2026-08-24T14:30:08.063+0000] {processor.py:830} INFO - Processing file /home/airflow/.local/lib/python3.12/site-packages/airflow/example_dags/tutorial_dag.py for tasks to queue
[2026-08-24T14:30:08.066+0000] {logging_mixin.py:188} INFO - [2026-08-24T14:30:08.066+0000] {dagbag.py:545} INFO - Filling up the DagBag from /home/airflow/.local/lib/python3.12/site-packages/airflow/example_dags/tutorial_dag.py
[2026-08-24T14:30:08.074+0000] {processor.py:840} INFO - DAG(s) 'tutorial_dag' retrieved from /home/airflow/.local/lib/python3.12/site-packages/airflow/example_dags/tutorial_dag.py
[2026-08-24T14:30:08.099+0000] {logging_mixin.py:188} INFO - [2026-08-24T14:30:08.099+0000] {dag.py:3096} INFO - Sync 1 DAGs
[2026-08-24T14:30:08.117+0000] {logging_mixin.py:188} INFO - [2026-08-24T14:30:08.117+0000] {dag.py:3954} INFO - Setting next_dagrun for tutorial_dag to None, run_after=None
[2026-08-24T14:30:08.207+0000] {processor.py:183} INFO - Processing /home/airflow/.local/lib/python3.12/site-packages/airflow/example_dags/tutorial_dag.py took 0.156 seconds
[2026-08-24T14:30:38.271+0000] {processor.py:161} INFO - Started process (PID=987) to work on /home/airflow/.local/lib/python3.12/site-packages/airflow/example_dags/tutorial_dag.py
[2026-08-24T14:30:38.272+0000] {processor.py:830} INFO - Processing file /home/airflow/.local/lib/python3.12/site-packages/airflow/example_dags/tutorial_dag.py for tasks to queue
[2026-08-24T14:30:38.275+0000] {logging_mixin.py:188} INFO - [2026-08-24T14:30:38.274+0000] {dagbag.py:545} INFO - Filling up the DagBag from /home/airflow/.local/lib/python3.12/site-packages/airflow/example_dags/tutorial_dag.py
[2026-08-24T14:30:38.282+0000] {processor.py:840} INFO - DAG(s) 'tutorial_dag' retrieved from /home/airflow/.local/lib/python3.12/site-packages/airflow/example_dags/tutorial_dag.py
[2026-08-24T14:30:38.304+0000] {logging_mixin.py:188} INFO - [2026-08-24T14:30:38.304+0000] {dag.py:3096} INFO - Sync 1 DAGs
[2026-08-24T14:30:38.319+0000] {logging_mixin.py:188} INFO - [2026-08-24T14:30:38.319+0000] {dag.py:3954} INFO - Setting next_dagrun for tutorial_dag to None, run_after=None
[2026-08-24T14:30:38.341+0000] {processor.py:183} INFO - Processing /home/airflow/.local/lib/python3.12/site-packages/airflow/example_dags/tutorial_dag.py took 0.077 seconds
[2026-08-24T14:31:08.984+0000] {processor.py:161} INFO - Started process (PID=1047) to work on /home/airflow/.local/lib/python3.12/site-packages/airflow/example_dags/tutorial_dag.py
[2026-08-24T14:31:08.986+0000] {processor.py:830} INFO - Processing file /home/airflow/.local/lib/python3.12/site-packages/airflow/example_dags/tutorial_dag.py for tasks to queue
[2026-08-24T14:31:08.989+0000] {logging_mixin.py:188} INFO - [2026-08-24T14:31:08.988+0000] {dagbag.py:545} INFO - Filling up the DagBag from /home/airflow/.local/lib/python3.12/site-packages/airflow/example_dags/tutorial_dag.py
[2026-08-24T14:31:08.995+0000] {processor.py:840} INFO - DAG(s) 'tutorial_dag' retrieved from /home/airflow/.local/lib/python3.12/site-packages/airflow/example_dags/tutorial_dag.py
[2026-08-24T14:31:09.022+0000] {logging_mixin.py:188} INFO - [2026-08-24T14:31:09.022+0000] {dag.py:3096} INFO - Sync 1 DAGs
[2026-08-24T14:31:09.041+0000] {logging_mixin.py:188} INFO - [2026-08-24T14:31:09.041+0000] {dag.py:3954} INFO - Setting next_dagrun for tutorial_dag to None, run_after=None
[2026-08-24T14:31:09.068+0000] {processor.py:183} INFO - Processing /home/airflow/.local/lib/python3.12/site-packages/airflow/example_dags/tutorial_dag.py took 0.093 seconds
[2026-08-24T14:35:23.200+0000] {processor.py:161} INFO - Started process (PID=104) to work on /home/airflow/.local/lib/python3.12/site-packages/airflow/example_dags/tutorial_dag.py
[2026-08-24T14:35:23.201+0000] {processor.py:830} INFO - Processing file /home/airflow/.local/lib/python3.12/site-packages/airflow/example_dags/tutorial_dag.py for tasks to queue
[2026-08-24T14:35:23.204+0000] {logging_mixin.py:188} INFO - [2026-08-24T14:35:23.204+0000] {dagbag.py:545} INFO - Filling up the DagBag from /home/airflow/.local/lib/python3.12/site-packages/airflow/example_dags/tutorial_dag.py
[2026-08-24T14:35:23.216+0000] {processor.py:840} INFO - DAG(s) 'tutorial_dag' retrieved from /home/airflow/.local/lib/python3.12/site-packages/airflow/example_dags/tutorial_dag.py
[2026-08-24T14:35:23.378+0000] {logging_mixin.py:188} INFO - [2026-08-24T14:35:23.378+0000] {dag.py:3096} INFO - Sync 1 DAGs
[2026-08-24T14:35:23.395+0000] {logging_mixin.py:188} INFO - [2026-08-24T14:35:23.395+0000] {dag.py:3954} INFO - Setting next_dagrun for tutorial_dag to None, run_after=None
[2026-08-24T14:35:23.424+0000] {processor.py:183} INFO - Processing /home/airflow/.local/lib/python3.12/site-packages/airflow/example_dags/tutorial_dag.py took 0.231 seconds
[2026-08-24T14:35:54.143+0000] {processor.py:161} INFO - Started process (PID=163) to work on /home/airflow/.local/lib/python3.12/site-packages/airflow/example_dags/tutorial_dag.py
[2026-08-24T14:35:54.145+0000] {processor.py:830} INFO - Processing file /home/airflow/.local/lib/python3.12/site-packages/airflow/example_dags/tutorial_dag.py for tasks to queue
[2026-08-24T14:35:54.148+0000] {logging_mixin.py:188} INFO - [2026-08-24T14:35:54.148+0000] {dagbag.py:545} INFO - Filling up the DagBag from /home/airflow/.local/lib/python3.12/site-packages/airflow/example_dags/tutorial_dag.py
[2026-08-24T14:35:54.155+0000] {processor.py:840} INFO - DAG(s) 'tutorial_dag' retrieved from /home/airflow/.local/lib/python3.12/site-packages/airflow/example_dags/tutorial_dag.py
[2026-08-24T14:35:54.182+0000] {logging_mixin.py:188} INFO - [2026-08-24T14:35:54.181+0000] {dag.py:3096} INFO - Sync 1 DAGs
[2026-08-24T14:35:54.199+0000] {logging_mixin.py:188} INFO - [2026-08-24T14:35:54.199+0000] {dag.py:3954} INFO - Setting next_dagrun for tutorial_dag to None, run_after=None
[2026-08-24T14:35:54.226+0000] {processor.py:183} INFO - Processing /home/airflow/.local/lib/python3.12/site-packages/airflow/example_dags/tutorial_dag.py took 0.090 seconds
[2026-08-24T14:36:24.279+0000] {processor.py:161} INFO - Started process (PID=222) to work on /home/airflow/.local/lib/python3.12/site-packages/airflow/example_dags/tutorial_dag.py
[2026-08-24T14:36:24.280+0000] {processor.py:830} INFO - Processing file /home/airflow/.local/lib/python3.12/site-packages/airflow/example_dags/tutorial_dag.py for tasks to queue
[2026-08-24T14:36:24.283+0000] {logging_mixin.py:188} INFO - [2026-08-24T14:36:24.282+0000] {dagbag.py:545} INFO - Filling up the DagBag from /home/airflow/.local/lib/python3.12/site-packages/airflow/example_dags/tutorial_dag.py
[2026-08-24T14:36:24.290+0000] {processor.py:840} INFO - DAG(s) 'tutorial_dag' retrieved from /home/airflow/.local/lib/python3.12/site-packages/airflow/example_dags/tutorial_dag.py
[2026-08-24T14:36:24.314+0000] {logging_mixin.py:188} INFO - [2026-08-24T14:36:24.314+0000] {dag.py:3096} INFO - Sync 1 DAGs
[2026-08-24T14:36:24.332+0000] {logging_mixin.py:188} INFO - [2026-08-24T14:36:24.332+0000] {dag.py:3954} INFO - Setting next_dagrun for tutorial_dag to None, run_after=None
[2026-08-24T14:36:24.356+0000] {processor.py:183} INFO - Processing /home/airflow/.local/lib/python3.12/site-packages/airflow/example_dags/tutorial_dag.py took 0.084 seconds
[2026-08-24T14:36:54.992+0000] {processor.py:161} INFO - Started process (PID=283) to work on /home/airflow/.local/lib/python3.12/site-packages/airflow/example_dags/tutorial_dag.py
[2026-08-24T14:36:54.994+0000] {processor.py:830} INFO - Processing file /home/airflow/.local/lib/python3.12/site-packages/airflow/example_dags/tutorial_dag.py for tasks to queue
[2026-08-24T14:36:54.997+0000] {logging_mixin.py:188} INFO - [2026-08-24T14:36:54.997+0000] {dagbag.py:545} INFO - Filling up the DagBag from /home/airflow/.local/lib/python3.12/site-packages/airflow/example_dags/tutorial_dag.py
[2026-08-24T14:36:55.007+0000] {processor.py:840} INFO - DAG(s) 'tutorial_dag' retrieved from /home/airflow/.local/lib/python3.12/site-packages/airflow/example_dags/tutorial_dag.py
[2026-08-24T14:36:55.039+0000] {logging_mixin.py:188} INFO - [2026-08-24T14:36:55.039+0000] {dag.py:3096} INFO - Sync 1 DAGs
[2026-08-24T14:36:55.060+0000] {logging_mixin.py:188} INFO - [2026-08-24T14:36:55.060+0000] {dag.py:3954} INFO - Setting next_dagrun for tutorial_dag to None, run_after=None
[2026-08-24T14:36:55.091+0000] {processor.py:183} INFO - Processing /home/airflow/.local/lib/python3.12/site-packages/airflow/example_dags/tutorial_dag.py took 0.108 seconds
[2026-08-24T14:37:25.507+0000] {processor.py:161} INFO - Started process (PID=343) to work on /home/airflow/.local/lib/python3.12/site-packages/airflow/example_dags/tutorial_dag.py
[2026-08-24T14:37:25.509+0000] {processor.py:830} INFO - Processing file /home/airflow/.local/lib/python3.12/site-packages/airflow/example_dags/tutorial_dag.py for tasks to queue
[2026-08-24T14:37:25.513+0000] {logging_mixin.py:188} INFO - [2026-08-24T14:37:25.512+0000] {dagbag.py:545} INFO - Filling up the DagBag from /home/airflow/.local/lib/python3.12/site-packages/airflow/example_dags/tutorial_dag.py
[2026-08-24T14:37:25.520+0000] {processor.py:840} INFO - DAG(s) 'tutorial_dag' retrieved from /home/airflow/.local/lib/python3.12/site-packages/airflow/example_dags/tutorial_dag.py
[2026-08-24T14:37:25.548+0000] {logging_mixin.py:188} INFO - [2026-08-24T14:37:25.547+0000] {dag.py:3096} INFO - Sync 1 DAGs
[2026-08-24T14:37:25.571+0000] {logging_mixin.py:188} INFO - [2026-08-24T14:37:25.571+0000] {dag.py:3954} INFO - Setting next_dagrun for tutorial_dag to None, run_after=None
[2026-08-24T14:37:25.597+0000] {processor.py:183} INFO - Processing /home/airflow/.local/lib/python3.12/site-packages/airflow/example_dags/tutorial_dag.py took 0.097 seconds
[2026-08-24T14:37:56.057+0000] {processor.py:161} INFO - Started process (PID=403) to work on /home/airflow/.local/lib/python3.12/site-packages/airflow/example_dags/tutorial_dag.py
[2026-08-24T14:37:56.059+0000] {processor.py:830} INFO - Processing file /home/airflow/.local/lib/python3.12/site-packages/airflow/example_dags/tutorial_dag.py for tasks to queue
[2026-08-24T14:37:56.061+0000] {logging_mixin.py:188} INFO - [2026-08-24T14:37:56.061+0000] {dagbag.py:545} INFO - Filling up the DagBag from /home/airflow/.local/lib/python3.12/site-packages/airflow/example_dags/tutorial_dag.py
[2026-08-24T14:37:56.070+0000] {processor.py:840} INFO - DAG(s) 'tutorial_dag' retrieved from /home/airflow/.local/lib/python3.12/site-packages/airflow/example_dags/tutorial_dag.py
[2026-08-24T14:37:56.101+0000] {logging_mixin.py:188} INFO - [2026-08-24T14:37:56.101+0000] {dag.py:3096} INFO - Sync 1 DAGs
[2026-08-24T14:37:56.121+0000] {logging_mixin.py:188} INFO - [2026-08-24T14:37:56.121+0000] {dag.py:3954} INFO - Setting next_dagrun for tutorial_dag to None, run_after=None
[2026-08-24T14:37:56.145+0000] {processor.py:183} INFO - Processing /home/airflow/.local/lib/python3.12/site-packages/airflow/example_dags/tutorial_dag.py took 0.097 seconds
[2026-08-24T14:38:26.629+0000] {processor.py:161} INFO - Started process (PID=464) to work on /home/airflow/.local/lib/python3.12/site-packages/airflow/example_dags/tutorial_dag.py
[2026-08-24T14:38:26.631+0000] {processor.py:830} INFO - Processing file /home/airflow/.local/lib/python3.12/site-packages/airflow/example_dags/tutorial_dag.py for tasks to queue
[2026-08-24T14:38:26.634+0000] {logging_mixin.py:188} INFO - [2026-08-24T14:38:26.633+0000] {dagbag.py:545} INFO - Filling up the DagBag from /home/airflow/.local/lib/python3.12/site-packages/airflow/example_dags/tutorial_dag.py
[2026-08-24T14:38:26.643+0000] {processor.py:840} INFO - DAG(s) 'tutorial_dag' retrieved from /home/airflow/.local/lib/python3.12/site-packages/airflow/example_dags/tutorial_dag.py
[2026-08-24T14:38:26.677+0000] {logging_mixin.py:188} INFO - [2026-08-24T14:38:26.677+0000] {dag.py:3096} INFO - Sync 1 DAGs
[2026-08-24T14:38:26.699+0000] {logging_mixin.py:188} INFO - [2026-08-24T14:38:26.699+0000] {dag.py:3954} INFO - Setting next_dagrun for tutorial_dag to None, run_after=None
[2026-08-24T14:38:26.729+0000] {processor.py:183} INFO - Processing /home/airflow/.local/lib/python3.12/site-packages/airflow/example_dags/tutorial_dag.py took 0.114 seconds
[2026-08-24T14:38:56.856+0000] {processor.py:161} INFO - Started process (PID=524) to work on /home/airflow/.local/lib/python3.12/site-packages/airflow/example_dags/tutorial_dag.py
[2026-08-24T14:38:56.858+0000] {processor.py:830} INFO - Processing file /home/airflow/.local/lib/python3.12/site-packages/airflow/example_dags/tutorial_dag.py for tasks to queue
[2026-08-24T14:38:56.862+0000] {logging_mixin.py:188} INFO - [2026-08-24T14:38:56.861+0000] {dagbag.py:545} INFO - Filling up the DagBag from /home/airflow/.local/lib/python3.12/site-packages/airflow/example_dags/tutorial_dag.py
[2026-08-24T14:38:56.872+0000] {processor.py:840} INFO - DAG(s) 'tutorial_dag' retrieved from /home/airflow/.local/lib/python3.12/site-packages/airflow/example_dags/tutorial_dag.py
[2026-08-24T14:38:56.904+0000] {logging_mixin.py:188} INFO - [2026-08-24T14:38:56.903+0000] {dag.py:3096} INFO - Sync 1 DAGs
[2026-08-24T14:38:56.923+0000] {logging_mixin.py:188} INFO - [2026-08-24T14:38:56.923+0000] {dag.py:3954} INFO - Setting next_dagrun for tutorial_dag to None, run_after=None
[2026-08-24T14:38:56.952+0000] {processor.py:183} INFO - Processing /home/airflow/.local/lib/python3.12/site-packages/airflow/example_dags/tutorial_dag.py took 0.105 seconds
[2026-08-24T14:41:15.055+0000] {processor.py:161} INFO - Started process (PID=103) to work on /home/airflow/.local/lib/python3.12/site-packages/airflow/example_dags/tutorial_dag.py
[2026-08-24T14:41:15.057+0000] {processor.py:830} INFO - Processing file /home/airflow/.local/lib/python3.12/site-packages/airflow/example_dags/tutorial_dag.py for tasks to queue
[2026-08-24T14:41:15.060+0000] {logging_mixin.py:188} INFO - [2026-08-24T14:41:15.059+0000] {dagbag.py:545} INFO - Filling up the DagBag from /home/airflow/.local/lib/python3.12/site-packages/airflow/example_dags/tutorial_dag.py
[2026-08-24T14:41:15.073+0000] {processor.py:840} INFO - DAG(s) 'tutorial_dag' retrieved from /home/airflow/.local/lib/python3.12/site-packages/airflow/example_dags/tutorial_dag.py
[2026-08-24T14:41:15.090+0000] {logging_mixin.py:188} INFO - [2026-08-24T14:41:15.089+0000] {dag.py:3096} INFO - Sync 1 DAGs
[2026-08-24T14:41:15.112+0000] {logging_mixin.py:188} INFO - [2026-08-24T14:41:15.112+0000] {dag.py:3954} INFO - Setting next_dagrun for tutorial_dag to None, run_after=None
[2026-08-24T14:41:15.137+0000] {processor.py:183} INFO - Processing /home/airflow/.local/lib/python3.12/site-packages/airflow/example_dags/tutorial_dag.py took 0.089 seconds
[2026-08-24T14:41:45.313+0000] {processor.py:161} INFO - Started process (PID=161) to work on /home/airflow/.local/lib/python3.12/site-packages/airflow/example_dags/tutorial_dag.py
[2026-08-24T14:41:45.314+0000] {processor.py:830} INFO - Processing file /home/airflow/.local/lib/python3.12/site-packages/airflow/example_dags/tutorial_dag.py for tasks to queue
[2026-08-24T14:41:45.317+0000] {logging_mixin.py:188} INFO - [2026-08-24T14:41:45.316+0000] {dagbag.py:545} INFO - Filling up the DagBag from /home/airflow/.local/lib/python3.12/site-packages/airflow/example_dags/tutorial_dag.py
[2026-08-24T14:41:45.324+0000] {processor.py:840} INFO - DAG(s) 'tutorial_dag' retrieved from /home/airflow/.local/lib/python3.12/site-packages/airflow/example_dags/tutorial_dag.py
[2026-08-24T14:41:45.450+0000] {logging_mixin.py:188} INFO - [2026-08-24T14:41:45.450+0000] {dag.py:3096} INFO - Sync 1 DAGs
[2026-08-24T14:41:45.463+0000] {logging_mixin.py:188} INFO - [2026-08-24T14:41:45.463+0000] {dag.py:3954} INFO - Setting next_dagrun for tutorial_dag to None, run_after=None
[2026-08-24T14:41:45.486+0000] {processor.py:183} INFO - Processing /home/airflow/.local/lib/python3.12/site-packages/airflow/example_dags/tutorial_dag.py took 0.180 seconds
[2026-08-24T14:42:15.553+0000] {processor.py:161} INFO - Started process (PID=221) to work on /home/airflow/.local/lib/python3.12/site-packages/airflow/example_dags/tutorial_dag.py
[2026-08-24T14:42:15.554+0000] {processor.py:830} INFO - Processing file /home/airflow/.local/lib/python3.12/site-packages/airflow/example_dags/tutorial_dag.py for tasks to queue
[2026-08-24T14:42:15.557+0000] {logging_mixin.py:188} INFO - [2026-08-24T14:42:15.556+0000] {dagbag.py:545} INFO - Filling up the DagBag from /home/airflow/.local/lib/python3.12/site-packages/airflow/example_dags/tutorial_dag.py
[2026-08-24T14:42:15.566+0000] {processor.py:840} INFO - DAG(s) 'tutorial_dag' retrieved from /home/airflow/.local/lib/python3.12/site-packages/airflow/example_dags/tutorial_dag.py
[2026-08-24T14:42:15.593+0000] {logging_mixin.py:188} INFO - [2026-08-24T14:42:15.592+0000] {dag.py:3096} INFO - Sync 1 DAGs
[2026-08-24T14:42:15.609+0000] {logging_mixin.py:188} INFO - [2026-08-24T14:42:15.609+0000] {dag.py:3954} INFO - Setting next_dagrun for tutorial_dag to None, run_after=None
[2026-08-24T14:42:15.634+0000] {processor.py:183} INFO - Processing /home/airflow/.local/lib/python3.12/site-packages/airflow/example_dags/tutorial_dag.py took 0.091 seconds
[2026-08-24T14:42:45.753+0000] {processor.py:161} INFO - Started process (PID=281) to work on /home/airflow/.local/lib/python3.12/site-packages/airflow/example_dags/tutorial_dag.py
[2026-08-24T14:42:45.755+0000] {processor.py:830} INFO - Processing file /home/airflow/.local/lib/python3.12/site-packages/airflow/example_dags/tutorial_dag.py for tasks to queue
[2026-08-24T14:42:45.758+0000] {logging_mixin.py:188} INFO - [2026-08-24T14:42:45.757+0000] {dagbag.py:545} INFO - Filling up the DagBag from /home/airflow/.local/lib/python3.12/site-packages/airflow/example_dags/tutorial_dag.py
[2026-08-24T14:42:45.764+0000] {processor.py:840} INFO - DAG(s) 'tutorial_dag' retrieved from /home/airflow/.local/lib/python3.12/site-packages/airflow/example_dags/tutorial_dag.py
[2026-08-24T14:42:45.793+0000] {logging_mixin.py:188} INFO - [2026-08-24T14:42:45.793+0000] {dag.py:3096} INFO - Sync 1 DAGs
[2026-08-24T14:42:45.810+0000] {logging_mixin.py:188} INFO - [2026-08-24T14:42:45.810+0000] {dag.py:3954} INFO - Setting next_dagrun for tutorial_dag to None, run_after=None
[2026-08-24T14:42:45.836+0000] {processor.py:183} INFO - Processing /home/airflow/.local/lib/python3.12/site-packages/airflow/example_dags/tutorial_dag.py took 0.091 seconds
[2026-08-24T14:43:16.152+0000] {processor.py:161} INFO - Started process (PID=341) to work on /home/airflow/.local/lib/python3.12/site-packages/airflow/example_dags/tutorial_dag.py
[2026-08-24T14:43:16.154+0000] {processor.py:830} INFO - Processing file /home/airflow/.local/lib/python3.12/site-packages/airflow/example_dags/tutorial_dag.py for tasks to queue
[2026-08-24T14:43:16.156+0000] {logging_mixin.py:188} INFO - [2026-08-24T14:43:16.156+0000] {dagbag.py:545} INFO - Filling up the DagBag from /home/airflow/.local/lib/python3.12/site-packages/airflow/example_dags/tutorial_dag.py
[2026-08-24T14:43:16.163+0000] {processor.py:840} INFO - DAG(s) 'tutorial_dag' retrieved from /home/airflow/.local/lib/python3.12/site-packages/airflow/example_dags/tutorial_dag.py
[2026-08-24T14:43:16.189+0000] {logging_mixin.py:188} INFO - [2026-08-24T14:43:16.189+0000] {dag.py:3096} INFO - Sync 1 DAGs
[2026-08-24T14:43:16.206+0000] {logging_mixin.py:188} INFO - [2026-08-24T14:43:16.206+0000] {dag.py:3954} INFO - Setting next_dagrun for tutorial_dag to None, run_after=None
[2026-08-24T14:43:16.229+0000] {processor.py:183} INFO - Processing /home/airflow/.local/lib/python3.12/site-packages/airflow/example_dags/tutorial_dag.py took 0.084 seconds
[2026-08-24T14:43:46.669+0000] {processor.py:161} INFO - Started process (PID=407) to work on /home/airflow/.local/lib/python3.12/site-packages/airflow/example_dags/tutorial_dag.py
[2026-08-24T14:43:46.670+0000] {processor.py:830} INFO - Processing file /home/airflow/.local/lib/python3.12/site-packages/airflow/example_dags/tutorial_dag.py for tasks to queue
[2026-08-24T14:43:46.673+0000] {logging_mixin.py:188} INFO - [2026-08-24T14:43:46.672+0000] {dagbag.py:545} INFO - Filling up the DagBag from /home/airflow/.local/lib/python3.12/site-packages/airflow/example_dags/tutorial_dag.py
[2026-08-24T14:43:46.679+0000] {processor.py:840} INFO - DAG(s) 'tutorial_dag' retrieved from /home/airflow/.local/lib/python3.12/site-packages/airflow/example_dags/tutorial_dag.py
[2026-08-24T14:43:46.704+0000] {logging_mixin.py:188} INFO - [2026-08-24T14:43:46.704+0000] {dag.py:3096} INFO - Sync 1 DAGs
[2026-08-24T14:43:46.722+0000] {logging_mixin.py:188} INFO - [2026-08-24T14:43:46.722+0000] {dag.py:3954} INFO - Setting next_dagrun for tutorial_dag to None, run_after=None
[2026-08-24T14:43:46.746+0000] {processor.py:183} INFO - Processing /home/airflow/.local/lib/python3.12/site-packages/airflow/example_dags/tutorial_dag.py took 0.085 seconds
[2026-08-24T14:44:17.113+0000] {processor.py:161} INFO - Started process (PID=467) to work on /home/airflow/.local/lib/python3.12/site-packages/airflow/example_dags/tutorial_dag.py
[2026-08-24T14:44:17.115+0000] {processor.py:830} INFO - Processing file /home/airflow/.local/lib/python3.12/site-packages/airflow/example_dags/tutorial_dag.py for tasks to queue
[2026-08-24T14:44:17.117+0000] {logging_mixin.py:188} INFO - [2026-08-24T14:44:17.117+0000] {dagbag.py:545} INFO - Filling up the DagBag from /home/airflow/.local/lib/python3.12/site-packages/airflow/example_dags/tutorial_dag.py
[2026-08-24T14:44:17.125+0000] {processor.py:840} INFO - DAG(s) 'tutorial_dag' retrieved from /home/airflow/.local/lib/python3.12/site-packages/airflow/example_dags/tutorial_dag.py
[2026-08-24T14:44:17.151+0000] {logging_mixin.py:188} INFO - [2026-08-24T14:44:17.151+0000] {dag.py:3096} INFO - Sync 1 DAGs
[2026-08-24T14:44:17.168+0000] {logging_mixin.py:188} INFO - [2026-08-24T14:44:17.167+0000] {dag.py:3954} INFO - Setting next_dagrun for tutorial_dag to None, run_after=None
[2026-08-24T14:44:17.190+0000] {processor.py:183} INFO - Processing /home/airflow/.local/lib/python3.12/site-packages/airflow/example_dags/tutorial_dag.py took 0.085 seconds
[2026-08-24T14:44:47.545+0000] {processor.py:161} INFO - Started process (PID=527) to work on /home/airflow/.local/lib/python3.12/site-packages/airflow/example_dags/tutorial_dag.py
[2026-08-24T14:44:47.547+0000] {processor.py:830} INFO - Processing file /home/airflow/.local/lib/python3.12/site-packages/airflow/example_dags/tutorial_dag.py for tasks to queue
[2026-08-24T14:44:47.549+0000] {logging_mixin.py:188} INFO - [2026-08-24T14:44:47.549+0000] {dagbag.py:545} INFO - Filling up the DagBag from /home/airflow/.local/lib/python3.12/site-packages/airflow/example_dags/tutorial_dag.py
[2026-08-24T14:44:47.556+0000] {processor.py:840} INFO - DAG(s) 'tutorial_dag' retrieved from /home/airflow/.local/lib/python3.12/site-packages/airflow/example_dags/tutorial_dag.py
[2026-08-24T14:44:47.583+0000] {logging_mixin.py:188} INFO - [2026-08-24T14:44:47.582+0000] {dag.py:3096} INFO - Sync 1 DAGs
[2026-08-24T14:44:47.599+0000] {logging_mixin.py:188} INFO - [2026-08-24T14:44:47.598+0000] {dag.py:3954} INFO - Setting next_dagrun for tutorial_dag to None, run_after=None
[2026-08-24T14:44:47.623+0000] {processor.py:183} INFO - Processing /home/airflow/.local/lib/python3.12/site-packages/airflow/example_dags/tutorial_dag.py took 0.086 seconds
[2026-08-24T14:49:18.120+0000] {processor.py:161} INFO - Started process (PID=104) to work on /home/airflow/.local/lib/python3.12/site-packages/airflow/example_dags/tutorial_dag.py
[2026-08-24T14:49:18.122+0000] {processor.py:830} INFO - Processing file /home/airflow/.local/lib/python3.12/site-packages/airflow/example_dags/tutorial_dag.py for tasks to queue
[2026-08-24T14:49:18.125+0000] {logging_mixin.py:188} INFO - [2026-08-24T14:49:18.125+0000] {dagbag.py:545} INFO - Filling up the DagBag from /home/airflow/.local/lib/python3.12/site-packages/airflow/example_dags/tutorial_dag.py
[2026-08-24T14:49:18.140+0000] {processor.py:840} INFO - DAG(s) 'tutorial_dag' retrieved from /home/airflow/.local/lib/python3.12/site-packages/airflow/example_dags/tutorial_dag.py
[2026-08-24T14:49:18.322+0000] {logging_mixin.py:188} INFO - [2026-08-24T14:49:18.322+0000] {dag.py:3096} INFO - Sync 1 DAGs
[2026-08-24T14:49:18.341+0000] {logging_mixin.py:188} INFO - [2026-08-24T14:49:18.341+0000] {dag.py:3954} INFO - Setting next_dagrun for tutorial_dag to None, run_after=None
[2026-08-24T14:49:18.371+0000] {processor.py:183} INFO - Processing /home/airflow/.local/lib/python3.12/site-packages/airflow/example_dags/tutorial_dag.py took 0.260 seconds
[2026-08-24T14:50:15.016+0000] {processor.py:161} INFO - Started process (PID=88) to work on /home/airflow/.local/lib/python3.12/site-packages/airflow/example_dags/tutorial_dag.py
[2026-08-24T14:50:15.017+0000] {processor.py:830} INFO - Processing file /home/airflow/.local/lib/python3.12/site-packages/airflow/example_dags/tutorial_dag.py for tasks to queue
[2026-08-24T14:50:15.020+0000] {logging_mixin.py:188} INFO - [2026-08-24T14:50:15.020+0000] {dagbag.py:545} INFO - Filling up the DagBag from /home/airflow/.local/lib/python3.12/site-packages/airflow/example_dags/tutorial_dag.py
[2026-08-24T14:50:15.031+0000] {processor.py:840} INFO - DAG(s) 'tutorial_dag' retrieved from /home/airflow/.local/lib/python3.12/site-packages/airflow/example_dags/tutorial_dag.py
[2026-08-24T14:50:15.070+0000] {logging_mixin.py:188} INFO - [2026-08-24T14:50:15.069+0000] {dag.py:3096} INFO - Sync 1 DAGs
[2026-08-24T14:50:15.087+0000] {logging_mixin.py:188} INFO - [2026-08-24T14:50:15.087+0000] {dag.py:3954} INFO - Setting next_dagrun for tutorial_dag to None, run_after=None
[2026-08-24T14:50:15.113+0000] {processor.py:183} INFO - Processing /home/airflow/.local/lib/python3.12/site-packages/airflow/example_dags/tutorial_dag.py took 0.107 seconds
[2026-08-24T14:50:46.077+0000] {processor.py:161} INFO - Started process (PID=148) to work on /home/airflow/.local/lib/python3.12/site-packages/airflow/example_dags/tutorial_dag.py
[2026-08-24T14:50:46.078+0000] {processor.py:830} INFO - Processing file /home/airflow/.local/lib/python3.12/site-packages/airflow/example_dags/tutorial_dag.py for tasks to queue
[2026-08-24T14:50:46.081+0000] {logging_mixin.py:188} INFO - [2026-08-24T14:50:46.080+0000] {dagbag.py:545} INFO - Filling up the DagBag from /home/airflow/.local/lib/python3.12/site-packages/airflow/example_dags/tutorial_dag.py
[2026-08-24T14:50:46.090+0000] {processor.py:840} INFO - DAG(s) 'tutorial_dag' retrieved from /home/airflow/.local/lib/python3.12/site-packages/airflow/example_dags/tutorial_dag.py
[2026-08-24T14:50:46.123+0000] {logging_mixin.py:188} INFO - [2026-08-24T14:50:46.123+0000] {dag.py:3096} INFO - Sync 1 DAGs
[2026-08-24T14:50:46.143+0000] {logging_mixin.py:188} INFO - [2026-08-24T14:50:46.143+0000] {dag.py:3954} INFO - Setting next_dagrun for tutorial_dag to None, run_after=None
[2026-08-24T14:50:46.173+0000] {processor.py:183} INFO - Processing /home/airflow/.local/lib/python3.12/site-packages/airflow/example_dags/tutorial_dag.py took 0.105 seconds
[2026-08-24T14:51:16.283+0000] {processor.py:161} INFO - Started process (PID=206) to work on /home/airflow/.local/lib/python3.12/site-packages/airflow/example_dags/tutorial_dag.py
[2026-08-24T14:51:16.284+0000] {processor.py:830} INFO - Processing file /home/airflow/.local/lib/python3.12/site-packages/airflow/example_dags/tutorial_dag.py for tasks to queue
[2026-08-24T14:51:16.287+0000] {logging_mixin.py:188} INFO - [2026-08-24T14:51:16.286+0000] {dagbag.py:545} INFO - Filling up the DagBag from /home/airflow/.local/lib/python3.12/site-packages/airflow/example_dags/tutorial_dag.py
[2026-08-24T14:51:16.293+0000] {processor.py:840} INFO - DAG(s) 'tutorial_dag' retrieved from /home/airflow/.local/lib/python3.12/site-packages/airflow/example_dags/tutorial_dag.py
[2026-08-24T14:51:16.316+0000] {logging_mixin.py:188} INFO - [2026-08-24T14:51:16.316+0000] {dag.py:3096} INFO - Sync 1 DAGs
[2026-08-24T14:51:16.332+0000] {logging_mixin.py:188} INFO - [2026-08-24T14:51:16.332+0000] {dag.py:3954} INFO - Setting next_dagrun for tutorial_dag to None, run_after=None
[2026-08-24T14:51:16.354+0000] {processor.py:183} INFO - Processing /home/airflow/.local/lib/python3.12/site-packages/airflow/example_dags/tutorial_dag.py took 0.078 seconds
[2026-08-24T14:51:46.412+0000] {processor.py:161} INFO - Started process (PID=266) to work on /home/airflow/.local/lib/python3.12/site-packages/airflow/example_dags/tutorial_dag.py
[2026-08-24T14:51:46.414+0000] {processor.py:830} INFO - Processing file /home/airflow/.local/lib/python3.12/site-packages/airflow/example_dags/tutorial_dag.py for tasks to queue
[2026-08-24T14:51:46.416+0000] {logging_mixin.py:188} INFO - [2026-08-24T14:51:46.416+0000] {dagbag.py:545} INFO - Filling up the DagBag from /home/airflow/.local/lib/python3.12/site-packages/airflow/example_dags/tutorial_dag.py
[2026-08-24T14:51:46.424+0000] {processor.py:840} INFO - DAG(s) 'tutorial_dag' retrieved from /home/airflow/.local/lib/python3.12/site-packages/airflow/example_dags/tutorial_dag.py
[2026-08-24T14:51:46.462+0000] {logging_mixin.py:188} INFO - [2026-08-24T14:51:46.462+0000] {dag.py:3096} INFO - Sync 1 DAGs
[2026-08-24T14:51:46.483+0000] {logging_mixin.py:188} INFO - [2026-08-24T14:51:46.483+0000] {dag.py:3954} INFO - Setting next_dagrun for tutorial_dag to None, run_after=None
[2026-08-24T14:51:46.510+0000] {processor.py:183} INFO - Processing /home/airflow/.local/lib/python3.12/site-packages/airflow/example_dags/tutorial_dag.py took 0.107 seconds
[2026-08-24T14:52:16.979+0000] {processor.py:161} INFO - Started process (PID=326) to work on /home/airflow/.local/lib/python3.12/site-packages/airflow/example_dags/tutorial_dag.py
[2026-08-24T14:52:16.980+0000] {processor.py:830} INFO - Processing file /home/airflow/.local/lib/python3.12/site-packages/airflow/example_dags/tutorial_dag.py for tasks to queue
[2026-08-24T14:52:16.983+0000] {logging_mixin.py:188} INFO - [2026-08-24T14:52:16.982+0000] {dagbag.py:545} INFO - Filling up the DagBag from /home/airflow/.local/lib/python3.12/site-packages/airflow/example_dags/tutorial_dag.py
[2026-08-24T14:52:16.989+0000] {processor.py:840} INFO - DAG(s) 'tutorial_dag' retrieved from /home/airflow/.local/lib/python3.12/site-packages/airflow/example_dags/tutorial_dag.py
[2026-08-24T14:52:17.014+0000] {logging_mixin.py:188} INFO - [2026-08-24T14:52:17.013+0000] {dag.py:3096} INFO - Sync 1 DAGs
[2026-08-24T14:52:17.029+0000] {logging_mixin.py:188} INFO - [2026-08-24T14:52:17.029+0000] {dag.py:3954} INFO - Setting next_dagrun for tutorial_dag to None, run_after=None
[2026-08-24T14:52:17.059+0000] {processor.py:183} INFO - Processing /home/airflow/.local/lib/python3.12/site-packages/airflow/example_dags/tutorial_dag.py took 0.088 seconds
[2026-08-24T14:52:47.221+0000] {processor.py:161} INFO - Started process (PID=386) to work on /home/airflow/.local/lib/python3.12/site-packages/airflow/example_dags/tutorial_dag.py
[2026-08-24T14:52:47.222+0000] {processor.py:830} INFO - Processing file /home/airflow/.local/lib/python3.12/site-packages/airflow/example_dags/tutorial_dag.py for tasks to queue
[2026-08-24T14:52:47.225+0000] {logging_mixin.py:188} INFO - [2026-08-24T14:52:47.224+0000] {dagbag.py:545} INFO - Filling up the DagBag from /home/airflow/.local/lib/python3.12/site-packages/airflow/example_dags/tutorial_dag.py
[2026-08-24T14:52:47.231+0000] {processor.py:840} INFO - DAG(s) 'tutorial_dag' retrieved from /home/airflow/.local/lib/python3.12/site-packages/airflow/example_dags/tutorial_dag.py
[2026-08-24T14:52:47.256+0000] {logging_mixin.py:188} INFO - [2026-08-24T14:52:47.256+0000] {dag.py:3096} INFO - Sync 1 DAGs
[2026-08-24T14:52:47.273+0000] {logging_mixin.py:188} INFO - [2026-08-24T14:52:47.273+0000] {dag.py:3954} INFO - Setting next_dagrun for tutorial_dag to None, run_after=None
[2026-08-24T14:52:47.297+0000] {processor.py:183} INFO - Processing /home/airflow/.local/lib/python3.12/site-packages/airflow/example_dags/tutorial_dag.py took 0.085 seconds
[2026-08-24T14:53:17.940+0000] {processor.py:161} INFO - Started process (PID=446) to work on /home/airflow/.local/lib/python3.12/site-packages/airflow/example_dags/tutorial_dag.py
[2026-08-24T14:53:17.942+0000] {processor.py:830} INFO - Processing file /home/airflow/.local/lib/python3.12/site-packages/airflow/example_dags/tutorial_dag.py for tasks to queue
[2026-08-24T14:53:17.944+0000] {logging_mixin.py:188} INFO - [2026-08-24T14:53:17.944+0000] {dagbag.py:545} INFO - Filling up the DagBag from /home/airflow/.local/lib/python3.12/site-packages/airflow/example_dags/tutorial_dag.py
[2026-08-24T14:53:17.951+0000] {processor.py:840} INFO - DAG(s) 'tutorial_dag' retrieved from /home/airflow/.local/lib/python3.12/site-packages/airflow/example_dags/tutorial_dag.py
[2026-08-24T14:53:17.977+0000] {logging_mixin.py:188} INFO - [2026-08-24T14:53:17.977+0000] {dag.py:3096} INFO - Sync 1 DAGs
[2026-08-24T14:53:17.995+0000] {logging_mixin.py:188} INFO - [2026-08-24T14:53:17.994+0000] {dag.py:3954} INFO - Setting next_dagrun for tutorial_dag to None, run_after=None
[2026-08-24T14:53:18.021+0000] {processor.py:183} INFO - Processing /home/airflow/.local/lib/python3.12/site-packages/airflow/example_dags/tutorial_dag.py took 0.089 seconds
[2026-08-24T14:53:48.220+0000] {processor.py:161} INFO - Started process (PID=506) to work on /home/airflow/.local/lib/python3.12/site-packages/airflow/example_dags/tutorial_dag.py
[2026-08-24T14:53:48.221+0000] {processor.py:830} INFO - Processing file /home/airflow/.local/lib/python3.12/site-packages/airflow/example_dags/tutorial_dag.py for tasks to queue
[2026-08-24T14:53:48.224+0000] {logging_mixin.py:188} INFO - [2026-08-24T14:53:48.223+0000] {dagbag.py:545} INFO - Filling up the DagBag from /home/airflow/.local/lib/python3.12/site-packages/airflow/example_dags/tutorial_dag.py
[2026-08-24T14:53:48.231+0000] {processor.py:840} INFO - DAG(s) 'tutorial_dag' retrieved from /home/airflow/.local/lib/python3.12/site-packages/airflow/example_dags/tutorial_dag.py
[2026-08-24T14:53:48.263+0000] {logging_mixin.py:188} INFO - [2026-08-24T14:53:48.263+0000] {dag.py:3096} INFO - Sync 1 DAGs
[2026-08-24T14:53:48.294+0000] {logging_mixin.py:188} INFO - [2026-08-24T14:53:48.293+0000] {dag.py:3954} INFO - Setting next_dagrun for tutorial_dag to None, run_after=None
[2026-08-24T14:53:48.331+0000] {processor.py:183} INFO - Processing /home/airflow/.local/lib/python3.12/site-packages/airflow/example_dags/tutorial_dag.py took 0.119 seconds
[2026-08-24T14:54:18.491+0000] {processor.py:161} INFO - Started process (PID=566) to work on /home/airflow/.local/lib/python3.12/site-packages/airflow/example_dags/tutorial_dag.py
[2026-08-24T14:54:18.492+0000] {processor.py:830} INFO - Processing file /home/airflow/.local/lib/python3.12/site-packages/airflow/example_dags/tutorial_dag.py for tasks to queue
[2026-08-24T14:54:18.496+0000] {logging_mixin.py:188} INFO - [2026-08-24T14:54:18.495+0000] {dagbag.py:545} INFO - Filling up the DagBag from /home/airflow/.local/lib/python3.12/site-packages/airflow/example_dags/tutorial_dag.py
[2026-08-24T14:54:18.506+0000] {processor.py:840} INFO - DAG(s) 'tutorial_dag' retrieved from /home/airflow/.local/lib/python3.12/site-packages/airflow/example_dags/tutorial_dag.py
[2026-08-24T14:54:18.536+0000] {logging_mixin.py:188} INFO - [2026-08-24T14:54:18.535+0000] {dag.py:3096} INFO - Sync 1 DAGs
[2026-08-24T14:54:18.553+0000] {logging_mixin.py:188} INFO - [2026-08-24T14:54:18.552+0000] {dag.py:3954} INFO - Setting next_dagrun for tutorial_dag to None, run_after=None
[2026-08-24T14:54:18.577+0000] {processor.py:183} INFO - Processing /home/airflow/.local/lib/python3.12/site-packages/airflow/example_dags/tutorial_dag.py took 0.095 seconds
[2026-08-24T14:54:48.846+0000] {processor.py:161} INFO - Started process (PID=626) to work on /home/airflow/.local/lib/python3.12/site-packages/airflow/example_dags/tutorial_dag.py
[2026-08-24T14:54:48.848+0000] {processor.py:830} INFO - Processing file /home/airflow/.local/lib/python3.12/site-packages/airflow/example_dags/tutorial_dag.py for tasks to queue
[2026-08-24T14:54:48.850+0000] {logging_mixin.py:188} INFO - [2026-08-24T14:54:48.850+0000] {dagbag.py:545} INFO - Filling up the DagBag from /home/airflow/.local/lib/python3.12/site-packages/airflow/example_dags/tutorial_dag.py
[2026-08-24T14:54:48.857+0000] {processor.py:840} INFO - DAG(s) 'tutorial_dag' retrieved from /home/airflow/.local/lib/python3.12/site-packages/airflow/example_dags/tutorial_dag.py
[2026-08-24T14:54:48.890+0000] {logging_mixin.py:188} INFO - [2026-08-24T14:54:48.890+0000] {dag.py:3096} INFO - Sync 1 DAGs
[2026-08-24T14:54:48.911+0000] {logging_mixin.py:188} INFO - [2026-08-24T14:54:48.911+0000] {dag.py:3954} INFO - Setting next_dagrun for tutorial_dag to None, run_after=None
[2026-08-24T14:54:48.937+0000] {processor.py:183} INFO - Processing /home/airflow/.local/lib/python3.12/site-packages/airflow/example_dags/tutorial_dag.py took 0.100 seconds
[2026-08-24T14:55:19.421+0000] {processor.py:161} INFO - Started process (PID=686) to work on /home/airflow/.local/lib/python3.12/site-packages/airflow/example_dags/tutorial_dag.py
[2026-08-24T14:55:19.423+0000] {processor.py:830} INFO - Processing file /home/airflow/.local/lib/python3.12/site-packages/airflow/example_dags/tutorial_dag.py for tasks to queue
[2026-08-24T14:55:19.426+0000] {logging_mixin.py:188} INFO - [2026-08-24T14:55:19.425+0000] {dagbag.py:545} INFO - Filling up the DagBag from /home/airflow/.local/lib/python3.12/site-packages/airflow/example_dags/tutorial_dag.py
[2026-08-24T14:55:19.432+0000] {processor.py:840} INFO - DAG(s) 'tutorial_dag' retrieved from /home/airflow/.local/lib/python3.12/site-packages/airflow/example_dags/tutorial_dag.py
[2026-08-24T14:55:19.456+0000] {logging_mixin.py:188} INFO - [2026-08-24T14:55:19.455+0000] {dag.py:3096} INFO - Sync 1 DAGs
[2026-08-24T14:55:19.471+0000] {logging_mixin.py:188} INFO - [2026-08-24T14:55:19.471+0000] {dag.py:3954} INFO - Setting next_dagrun for tutorial_dag to None, run_after=None
[2026-08-24T14:55:19.495+0000] {processor.py:183} INFO - Processing /home/airflow/.local/lib/python3.12/site-packages/airflow/example_dags/tutorial_dag.py took 0.082 seconds
[2026-08-24T14:55:50.484+0000] {processor.py:161} INFO - Started process (PID=746) to work on /home/airflow/.local/lib/python3.12/site-packages/airflow/example_dags/tutorial_dag.py
[2026-08-24T14:55:50.485+0000] {processor.py:830} INFO - Processing file /home/airflow/.local/lib/python3.12/site-packages/airflow/example_dags/tutorial_dag.py for tasks to queue
[2026-08-24T14:55:50.488+0000] {logging_mixin.py:188} INFO - [2026-08-24T14:55:50.487+0000] {dagbag.py:545} INFO - Filling up the DagBag from /home/airflow/.local/lib/python3.12/site-packages/airflow/example_dags/tutorial_dag.py
[2026-08-24T14:55:50.496+0000] {processor.py:840} INFO - DAG(s) 'tutorial_dag' retrieved from /home/airflow/.local/lib/python3.12/site-packages/airflow/example_dags/tutorial_dag.py
[2026-08-24T14:55:50.524+0000] {logging_mixin.py:188} INFO - [2026-08-24T14:55:50.524+0000] {dag.py:3096} INFO - Sync 1 DAGs
[2026-08-24T14:55:50.540+0000] {logging_mixin.py:188} INFO - [2026-08-24T14:55:50.539+0000] {dag.py:3954} INFO - Setting next_dagrun for tutorial_dag to None, run_after=None
[2026-08-24T14:55:50.575+0000] {processor.py:183} INFO - Processing /home/airflow/.local/lib/python3.12/site-packages/airflow/example_dags/tutorial_dag.py took 0.098 seconds
[2026-08-24T14:56:24.256+0000] {processor.py:161} INFO - Started process (PID=806) to work on /home/airflow/.local/lib/python3.12/site-packages/airflow/example_dags/tutorial_dag.py
[2026-08-24T14:56:24.290+0000] {processor.py:830} INFO - Processing file /home/airflow/.local/lib/python3.12/site-packages/airflow/example_dags/tutorial_dag.py for tasks to queue
[2026-08-24T14:56:24.402+0000] {logging_mixin.py:188} INFO - [2026-08-24T14:56:24.402+0000] {dagbag.py:545} INFO - Filling up the DagBag from /home/airflow/.local/lib/python3.12/site-packages/airflow/example_dags/tutorial_dag.py
[2026-08-24T14:56:24.448+0000] {processor.py:840} INFO - DAG(s) 'tutorial_dag' retrieved from /home/airflow/.local/lib/python3.12/site-packages/airflow/example_dags/tutorial_dag.py
[2026-08-24T14:56:24.493+0000] {logging_mixin.py:188} INFO - [2026-08-24T14:56:24.492+0000] {dag.py:3096} INFO - Sync 1 DAGs
[2026-08-24T14:56:24.544+0000] {logging_mixin.py:188} INFO - [2026-08-24T14:56:24.543+0000] {dag.py:3954} INFO - Setting next_dagrun for tutorial_dag to None, run_after=None
[2026-08-24T14:56:24.620+0000] {processor.py:183} INFO - Processing /home/airflow/.local/lib/python3.12/site-packages/airflow/example_dags/tutorial_dag.py took 0.381 seconds
